0.000000000000000000e+00,0.000000000000000000e+00
2.000000000000000042e-03,0.000000000000000000e+00
4.000000000000000083e-03,0.000000000000000000e+00
6.000000000000000125e-03,0.000000000000000000e+00
8.000000000000000167e-03,0.000000000000000000e+00
1.000000000000000021e-02,0.000000000000000000e+00
1.200000000000000025e-02,0.000000000000000000e+00
1.400000000000000029e-02,0.000000000000000000e+00
1.600000000000000033e-02,0.000000000000000000e+00
1.800000000000000211e-02,0.000000000000000000e+00
2.000000000000000042e-02,0.000000000000000000e+00
2.199999999999999872e-02,0.000000000000000000e+00
2.400000000000000050e-02,0.000000000000000000e+00
2.600000000000000228e-02,0.000000000000000000e+00
2.800000000000000058e-02,0.000000000000000000e+00
2.999999999999999889e-02,0.000000000000000000e+00
3.200000000000000067e-02,0.000000000000000000e+00
3.400000000000000244e-02,0.000000000000000000e+00
3.600000000000000422e-02,0.000000000000000000e+00
3.799999999999999906e-02,0.000000000000000000e+00
4.000000000000000083e-02,0.000000000000000000e+00
4.200000000000000261e-02,0.000000000000000000e+00
4.399999999999999745e-02,0.000000000000000000e+00
4.599999999999999922e-02,0.000000000000000000e+00
4.800000000000000100e-02,0.000000000000000000e+00
5.000000000000000278e-02,0.000000000000000000e+00
5.200000000000000455e-02,0.000000000000000000e+00
5.399999999999999939e-02,0.000000000000000000e+00
5.600000000000000117e-02,0.000000000000000000e+00
5.800000000000000294e-02,0.000000000000000000e+00
5.999999999999999778e-02,0.000000000000000000e+00
6.199999999999999956e-02,0.000000000000000000e+00
6.400000000000000133e-02,0.000000000000000000e+00
6.600000000000000311e-02,0.000000000000000000e+00
6.800000000000000488e-02,0.000000000000000000e+00
7.000000000000000666e-02,0.000000000000000000e+00
7.200000000000000844e-02,0.000000000000000000e+00
7.399999999999999634e-02,0.000000000000000000e+00
7.599999999999999811e-02,0.000000000000000000e+00
7.799999999999999989e-02,0.000000000000000000e+00
8.000000000000000167e-02,0.000000000000000000e+00
8.200000000000000344e-02,0.000000000000000000e+00
8.400000000000000522e-02,0.000000000000000000e+00
8.600000000000000699e-02,0.000000000000000000e+00
8.799999999999999489e-02,0.000000000000000000e+00
8.999999999999999667e-02,0.000000000000000000e+00
9.199999999999999845e-02,0.000000000000000000e+00
9.400000000000000022e-02,0.000000000000000000e+00
9.600000000000000200e-02,0.000000000000000000e+00
9.800000000000000377e-02,0.000000000000000000e+00
1.000000000000000056e-01,0.000000000000000000e+00
1.020000000000000073e-01,0.000000000000000000e+00
1.040000000000000091e-01,0.000000000000000000e+00
1.059999999999999970e-01,0.000000000000000000e+00
1.079999999999999988e-01,0.000000000000000000e+00
1.100000000000000006e-01,0.000000000000000000e+00
1.120000000000000023e-01,0.000000000000000000e+00
1.140000000000000041e-01,0.000000000000000000e+00
1.160000000000000059e-01,0.000000000000000000e+00
1.180000000000000077e-01,0.000000000000000000e+00
1.199999999999999956e-01,0.000000000000000000e+00
1.219999999999999973e-01,0.000000000000000000e+00
1.239999999999999991e-01,0.000000000000000000e+00
1.260000000000000009e-01,0.000000000000000000e+00
1.280000000000000027e-01,0.000000000000000000e+00
1.300000000000000044e-01,0.000000000000000000e+00
1.320000000000000062e-01,-3.303112992937862896e-02
1.340000000000000080e-01,-6.987308353956007967e-03
1.360000000000000098e-01,-6.379983499812988401e-03
1.380000000000000115e-01,-5.696586915672614132e-03
1.400000000000000133e-01,-5.005190838578238606e-03
1.420000000000000151e-01,-4.285994529340901409e-03
1.440000000000000169e-01,-3.541202634173792278e-03
1.459999999999999909e-01,-2.773815746262156458e-03
1.479999999999999927e-01,-1.986885848174022636e-03
1.499999999999999944e-01,-1.183504255960398212e-03
1.519999999999999962e-01,-3.667964428984269885e-04
1.539999999999999980e-01,4.600820288642385857e-04
1.559999999999999998e-01,1.293948243468342769e-03
1.580000000000000016e-01,2.131583446838606309e-03
1.600000000000000033e-01,2.969738586505748894e-03
1.620000000000000051e-01,3.805142743390119067e-03
1.640000000000000069e-01,4.634504582791125482e-03
1.660000000000000087e-01,5.454513299817812313e-03
1.680000000000000104e-01,6.261838873104648949e-03
1.700000000000000122e-01,7.053132036202093558e-03
1.720000000000000140e-01,7.825024002247675872e-03
1.740000000000000158e-01,8.250488577043864347e-03
1.759999999999999898e-01,8.591216843325861011e-03
1.779999999999999916e-01,8.923532143389924579e-03
1.799999999999999933e-01,9.232354894371741505e-03
1.819999999999999951e-01,8.458416416907189178e-03
1.839999999999999969e-01,-1.333737353145881925e-02
1.859999999999999987e-01,-1.339544953854273496e-02
1.880000000000000004e-01,-1.042387391479369235e-02
1.900000000000000022e-01,-8.403719454251626364e-03
1.920000000000000040e-01,-6.075050321097586262e-03
1.940000000000000058e-01,-3.540129569494589006e-03
1.960000000000000075e-01,-8.667750373243534277e-04
1.980000000000000093e-01,1.453832348865744407e-03
2.000000000000000111e-01,2.263492270685939570e-03
2.020000000000000129e-01,3.065914497968282373e-03
2.040000000000000147e-01,4.206528658431870835e-03
2.060000000000000164e-01,5.533193100171775874e-03
2.080000000000000182e-01,6.860837507151582720e-03
2.099999999999999922e-01,8.181771919443097188e-03
2.119999999999999940e-01,9.498894012026224548e-03
2.139999999999999958e-01,3.500228775940219389e-03
2.159999999999999976e-01,5.247867955093373990e-04
2.179999999999999993e-01,-8.382748735088009539e-04
2.200000000000000011e-01,-5.152580885143323575e-04
2.220000000000000029e-01,-8.265333009966529046e-06
2.240000000000000047e-01,-1.716079592937577435e-06
2.260000000000000064e-01,-1.166049612176165394e-06
2.280000000000000082e-01,-1.559720113557266238e-06
2.300000000000000100e-01,-1.630120336733858694e-06
2.320000000000000118e-01,-9.063234284896114440e-06
2.340000000000000135e-01,4.351246707758085245e-06
2.360000000000000153e-01,3.983469156642820487e-06
2.380000000000000171e-01,-2.948579788187185786e-06
2.399999999999999911e-01,3.884074349815472312e-06
2.419999999999999929e-01,-7.791592426830256106e-07
2.439999999999999947e-01,-8.807937523573352410e-07
2.459999999999999964e-01,-2.113671103698628708e-05
2.479999999999999982e-01,1.160268425157185104e-05
2.500000000000000000e-01,3.831178771423054014e-06
2.520000000000000018e-01,-2.199271901285151828e-08
2.540000000000000036e-01,5.298094127791047158e-06
2.560000000000000053e-01,-6.598477309545847016e-05
2.580000000000000071e-01,7.002584532819145966e-06
2.600000000000000089e-01,4.534058977153606121e-06
2.620000000000000107e-01,3.198272202373759328e-06
2.640000000000000124e-01,2.369555503371960321e-06
2.660000000000000142e-01,1.835158411554037299e-06
2.680000000000000160e-01,1.473593612987015388e-06
2.700000000000000178e-01,1.969751477097269694e-06
2.720000000000000195e-01,1.812276728811955475e-06
2.740000000000000213e-01,1.634072670278380255e-06
2.760000000000000231e-01,1.468236410449548891e-06
2.780000000000000249e-01,1.313315952632420888e-06
2.800000000000000266e-01,1.169191007133592186e-06
2.820000000000000284e-01,9.920083985503238298e-07
2.840000000000000302e-01,8.442648817034460280e-07
2.860000000000000320e-01,7.348005915693630155e-07
2.880000000000000338e-01,6.339674094416054211e-07
2.899999999999999800e-01,5.412767724376025557e-07
2.919999999999999818e-01,4.560029394696687851e-07
2.939999999999999836e-01,3.775511502925457828e-07
2.959999999999999853e-01,3.053758597061957855e-07
2.979999999999999871e-01,2.389749167167546946e-07
2.999999999999999889e-01,1.778863499707831945e-07
3.019999999999999907e-01,1.216851327128469636e-07
3.039999999999999925e-01,6.998026043186166602e-08
3.059999999999999942e-01,2.241198866442111276e-08
3.079999999999999960e-01,-2.135062486362972372e-08
3.099999999999999978e-01,-6.161204782701952525e-08
3.119999999999999996e-01,-9.865240230710139493e-08
3.140000000000000013e-01,-1.327293748663590134e-07
3.160000000000000031e-01,-1.640800587829802061e-07
3.180000000000000049e-01,-1.929225772909902684e-07
3.200000000000000067e-01,-2.194575763858335951e-07
3.220000000000000084e-01,-2.438696742981091244e-07
3.240000000000000102e-01,-2.129556654991710838e-06
3.260000000000000120e-01,-1.379787716164119644e-06
3.280000000000000138e-01,-1.477536265499090009e-06
3.300000000000000155e-01,-9.605004234794976262e-07
3.320000000000000173e-01,-9.718127362803930949e-07
3.340000000000000191e-01,-9.630474663928044923e-07
3.360000000000000209e-01,-9.487787731801326725e-07
3.380000000000000226e-01,-9.354185447115259996e-07
3.400000000000000244e-01,-9.231373185237529283e-07
3.420000000000000262e-01,-9.118387738626597923e-07
3.440000000000000280e-01,-9.014440489428842252e-07
3.460000000000000298e-01,-8.918809678843421846e-07
3.480000000000000315e-01,-8.830829824320828963e-07
3.500000000000000333e-01,-8.749888903521057982e-07
3.519999999999999796e-01,-8.675423769330138203e-07
3.539999999999999813e-01,-8.606916310603608385e-07
3.559999999999999831e-01,-8.543889886213196287e-07
3.579999999999999849e-01,-8.485905999978773452e-07
3.599999999999999867e-01,-8.432561166097866299e-07
3.619999999999999885e-01,-8.383484284811118566e-07
3.639999999999999902e-01,-8.338333914806551607e-07
3.659999999999999920e-01,-8.296795912410354548e-07
3.679999999999999938e-01,-8.258581200367354163e-07
3.699999999999999956e-01,-8.223423963126311786e-07
3.719999999999999973e-01,-8.191079563853802752e-07
3.739999999999999991e-01,-8.161322949749761619e-07
3.760000000000000009e-01,-8.133947084646215912e-07
3.780000000000000027e-01,-8.108761573213017801e-07
3.800000000000000044e-01,-8.085591026163449604e-07
3.820000000000000062e-01,-8.064274383785210506e-07
3.840000000000000080e-01,-8.044663227941954575e-07
3.860000000000000098e-01,-8.026621139094735203e-07
3.880000000000000115e-01,-8.010022599435522206e-07
3.900000000000000133e-01,-7.994752106617322060e-07
3.920000000000000151e-01,-7.980703384869919653e-07
3.940000000000000169e-01,-7.967778721552770493e-07
3.960000000000000187e-01,-7.955888190930823000e-07
3.980000000000000204e-01,-7.944949026364734838e-07
4.000000000000000222e-01,-7.934885145908319004e-07
4.020000000000000240e-01,-7.925626482058777848e-07
4.040000000000000258e-01,-7.917108619018988578e-07
4.060000000000000275e-01,-7.909272343336333879e-07
4.080000000000000293e-01,-7.902063065535652274e-07
4.100000000000000311e-01,-7.895430640484594549e-07
4.120000000000000329e-01,-7.889328909841318596e-07
4.140000000000000346e-01,-7.883715405919564256e-07
4.160000000000000364e-01,-7.878551133002032161e-07
4.179999999999999827e-01,-7.873800073098280019e-07
4.199999999999999845e-01,-7.869429198395771301e-07
4.219999999999999862e-01,-7.865408074157413629e-07
4.239999999999999880e-01,-7.861708779676216495e-07
4.259999999999999898e-01,-7.858305491754980494e-07
4.279999999999999916e-01,-7.855174544414838800e-07
4.299999999999999933e-01,-7.852294177521698104e-07
4.319999999999999951e-01,-7.849644287625551001e-07
4.339999999999999969e-01,-7.847206575774205099e-07
4.359999999999999987e-01,-7.844963904724637525e-07
4.380000000000000004e-01,-7.842900709729956731e-07
4.400000000000000022e-01,-7.841002693509360830e-07
4.420000000000000040e-01,-7.839256545654216141e-07
4.440000000000000058e-01,-7.837650233836758370e-07
4.460000000000000075e-01,-7.836172500527820130e-07
4.480000000000000093e-01,-7.834813062401066805e-07
4.500000000000000111e-01,-7.833562428967988539e-07
4.520000000000000129e-01,-7.832411938611757546e-07
4.540000000000000147e-01,-7.831353562738090105e-07
4.560000000000000164e-01,-7.830379969748770451e-07
4.580000000000000182e-01,-7.829484270616678809e-07
4.600000000000000200e-01,-7.828660397851088033e-07
4.620000000000000218e-01,-7.827902430857883621e-07
4.640000000000000235e-01,-7.827205229591003275e-07
4.660000000000000253e-01,-7.826563857336133406e-07
4.680000000000000271e-01,-7.825973886558027469e-07
4.700000000000000289e-01,-7.825431171453953716e-07
4.720000000000000306e-01,-7.824931966553322527e-07
4.740000000000000324e-01,-7.824472764550099928e-07
4.760000000000000342e-01,-7.824050318491876440e-07
4.780000000000000360e-01,-7.823661844807809417e-07
4.799999999999999822e-01,-7.823304488535503648e-07
4.819999999999999840e-01,-7.822975781988346442e-07
4.839999999999999858e-01,-7.822673422806617426e-07
4.859999999999999876e-01,-7.822395364707889122e-07
4.879999999999999893e-01,-7.822139639471565202e-07
4.899999999999999911e-01,-7.821904386128014892e-07
4.919999999999999929e-01,-7.821688055263067027e-07
4.939999999999999947e-01,-7.821489110021683707e-07
4.959999999999999964e-01,-7.821306117453030951e-07
4.979999999999999982e-01,-7.821137879099243293e-07
5.000000000000000000e-01,-7.820983160738161962e-07
5.020000000000000018e-01,-7.820840934252255714e-07
5.040000000000000036e-01,-7.820710084732016973e-07
5.060000000000000053e-01,-7.820589796253043437e-07
5.080000000000000071e-01,-7.820479233798817579e-07
5.100000000000000089e-01,-7.820377578834129559e-07
5.120000000000000107e-01,-7.820284134140616097e-07
5.140000000000000124e-01,-7.820198216524360180e-07
5.160000000000000142e-01,-7.820119294440487197e-07
5.180000000000000160e-01,-7.820046687373416316e-07
5.200000000000000178e-01,-7.819979994348056578e-07
5.220000000000000195e-01,-7.819918723265057282e-07
5.240000000000000213e-01,-7.819862444659148767e-07
5.260000000000000231e-01,-7.819810670943303777e-07
5.280000000000000249e-01,-7.819763147275932958e-07
5.300000000000000266e-01,-7.819719517672879618e-07
5.320000000000000284e-01,-7.819679409088558161e-07
5.340000000000000302e-01,-7.819642624012441104e-07
5.360000000000000320e-01,-7.819608823140340427e-07
5.380000000000000338e-01,-7.819577842927013972e-07
5.400000000000000355e-01,-7.819549395788508880e-07
5.420000000000000373e-01,-7.819523272384036249e-07
5.440000000000000391e-01,-7.819499319855739194e-07
5.460000000000000409e-01,-7.819477359900897446e-07
5.480000000000000426e-01,-7.819457245308941364e-07
5.500000000000000444e-01,-7.819438798504167529e-07
5.520000000000000462e-01,-7.819421898763209368e-07
5.540000000000000480e-01,-7.819406395873148723e-07
5.560000000000000497e-01,-7.819392265017836653e-07
5.580000000000000515e-01,-7.819379322660372084e-07
5.600000000000000533e-01,-7.819367453114259276e-07
5.620000000000000551e-01,-7.819356623682717799e-07
5.640000000000000568e-01,-7.819346745637986579e-07
5.660000000000000586e-01,-7.819337706344117743e-07
5.680000000000000604e-01,-7.819329492325637664e-07
5.700000000000000622e-01,-7.819321998601000160e-07
5.720000000000000639e-01,-7.819315159287171562e-07
5.740000000000000657e-01,-7.819308941991553675e-07
5.760000000000000675e-01,-7.819303292266562661e-07
5.779999999999999583e-01,-7.819298176391884650e-07
5.799999999999999600e-01,-7.819293537649034118e-07
5.819999999999999618e-01,-7.819289345936692053e-07
5.839999999999999636e-01,-7.819285596687748917e-07
5.859999999999999654e-01,-7.819282153882374964e-07
5.879999999999999671e-01,-7.819279091223093338e-07
5.899999999999999689e-01,-7.819276356231553217e-07
5.919999999999999707e-01,-7.819273892677254286e-07
5.939999999999999725e-01,-7.819271719480850062e-07
5.959999999999999742e-01,-7.819269790586736689e-07
5.979999999999999760e-01,-7.819268098758693698e-07
5.999999999999999778e-01,-7.819266586730225365e-07
6.019999999999999796e-01,-7.819265279990335018e-07
6.039999999999999813e-01,-7.819264098767388804e-07
6.059999999999999831e-01,-7.819263117208077002e-07
6.079999999999999849e-01,-7.819262342774386126e-07
6.099999999999999867e-01,-7.819261694332226648e-07
6.119999999999999885e-01,-7.819261135267210288e-07
6.139999999999999902e-01,-7.819260692100402377e-07
6.159999999999999920e-01,-7.819260314577913077e-07
6.179999999999999938e-01,-7.819260074883339582e-07
6.199999999999999956e-01,-7.819259958380295611e-07
6.219999999999999973e-01,-7.819259905004293152e-07
6.239999999999999991e-01,-7.819259936877401804e-07
6.260000000000000009e-01,-7.819260031538689025e-07
6.280000000000000027e-01,-7.819260158003419615e-07
6.300000000000000044e-01,-7.819260395601231870e-07
6.320000000000000062e-01,-7.819260615612427268e-07
6.340000000000000080e-01,-7.819260965315509608e-07
6.360000000000000098e-01,-7.819261332908408485e-07
6.380000000000000115e-01,-7.819261753897211919e-07
6.400000000000000133e-01,-7.819262204676178931e-07
6.420000000000000151e-01,-7.819262686238275657e-07
6.440000000000000169e-01,-7.819263193363192516e-07
6.460000000000000187e-01,-7.819263762199096028e-07
6.480000000000000204e-01,-7.819264361341841570e-07
6.500000000000000222e-01,-7.819264963422700883e-07
6.520000000000000240e-01,-7.819265591606529005e-07
6.540000000000000258e-01,-7.819266249188713967e-07
6.560000000000000275e-01,-7.819266910826783849e-07
6.580000000000000293e-01,-7.819267596588208073e-07
6.600000000000000311e-01,-7.819268314459480304e-07
6.620000000000000329e-01,-7.819268980555796931e-07
6.640000000000000346e-01,-7.819269749006842220e-07
6.660000000000000364e-01,-7.819270499187881292e-07
6.680000000000000382e-01,-7.819271275035527444e-07
6.700000000000000400e-01,-7.819272085027624389e-07
6.720000000000000417e-01,-7.819272862480243392e-07
6.740000000000000435e-01,-7.819273670011232110e-07
6.760000000000000453e-01,-7.819274422124954728e-07
6.780000000000000471e-01,-7.819275286063583761e-07
6.800000000000000488e-01,-7.819276066535624287e-07
6.820000000000000506e-01,-7.819276900833145306e-07
6.840000000000000524e-01,-7.819277740297760003e-07
6.860000000000000542e-01,-7.819278547076471232e-07
6.880000000000000560e-01,-7.819279412981132557e-07
6.900000000000000577e-01,-7.819280251751746690e-07
6.920000000000000595e-01,-7.819281089257320293e-07
6.940000000000000613e-01,-7.819281983419889064e-07
6.960000000000000631e-01,-7.819282825350549131e-07
6.980000000000000648e-01,-7.819283688937378911e-07
7.000000000000000666e-01,-7.819284557223851355e-07
7.020000000000000684e-01,-7.819285452456278854e-07
7.039999999999999591e-01,-7.819286319630595980e-07
7.059999999999999609e-01,-7.819287134025740650e-07
7.079999999999999627e-01,-7.819288051143276044e-07
7.099999999999999645e-01,-7.819288925663827336e-07
7.119999999999999662e-01,-7.819289817609369953e-07
7.139999999999999680e-01,-7.819290661515974715e-07
7.159999999999999698e-01,-7.819291581164360912e-07
7.179999999999999716e-01,-7.819292507233892123e-07
7.199999999999999734e-01,-7.819293378631256120e-07
7.219999999999999751e-01,-7.819294299521072862e-07
7.239999999999999769e-01,-7.819295171525141148e-07
7.259999999999999787e-01,-7.819296040859247235e-07
7.279999999999999805e-01,-7.819296934702123537e-07
7.299999999999999822e-01,-7.819297828744218812e-07
7.319999999999999840e-01,-7.819298729364121022e-07
7.339999999999999858e-01,-7.819299626893482704e-07
7.359999999999999876e-01,-7.819300495146692164e-07
7.379999999999999893e-01,-7.819301416832406475e-07
7.399999999999999911e-01,-7.819302289997521880e-07
7.419999999999999929e-01,-7.819303155277141711e-07
7.439999999999999947e-01,-7.819304079418429947e-07
7.459999999999999964e-01,-7.819305004669288992e-07
7.479999999999999982e-01,-7.819305930365000211e-07
7.500000000000000000e-01,-7.819306828613609333e-07
7.520000000000000018e-01,-7.819307700790094352e-07
7.540000000000000036e-01,-7.819308566445264239e-07
7.560000000000000053e-01,-7.819309488373884306e-07
7.580000000000000071e-01,-7.819310390050914338e-07
7.600000000000000089e-01,-7.819311313419510532e-07
7.620000000000000107e-01,-7.819312211039888022e-07
7.640000000000000124e-01,-7.819313136231664401e-07
7.660000000000000142e-01,-7.819314036618498084e-07
7.680000000000000160e-01,-7.819314931865552783e-07
7.700000000000000178e-01,-7.819315857004173610e-07
7.720000000000000195e-01,-7.819316728523439412e-07
7.740000000000000213e-01,-7.819317650003258013e-07
7.760000000000000231e-01,-7.819318549814671510e-07
7.780000000000000249e-01,-7.819319473340003739e-07
7.800000000000000266e-01,-7.819320344495244426e-07
7.820000000000000284e-01,-7.819321239656660919e-07
7.840000000000000302e-01,-7.819322137769359369e-07
7.860000000000000320e-01,-7.819323034657914156e-07
7.880000000000000338e-01,-7.819323955789375634e-07
7.900000000000000355e-01,-7.819324858900634676e-07
7.920000000000000373e-01,-7.819325753562552663e-07
7.940000000000000391e-01,-7.819326649887957596e-07
7.960000000000000409e-01,-7.819327576705344784e-07
7.980000000000000426e-01,-7.819328446157840666e-07
8.000000000000000444e-01,-7.819329394543408844e-07
8.020000000000000462e-01,-7.819330299597549708e-07
8.040000000000000480e-01,-7.819331192779481966e-07
8.060000000000000497e-01,-7.819332091702564365e-07
8.080000000000000515e-01,-7.819332986733416022e-07
8.100000000000000533e-01,-7.819333858647007425e-07
8.120000000000000551e-01,-7.819334779234560461e-07
8.140000000000000568e-01,-7.819335678783189397e-07
8.160000000000000586e-01,-7.819336602851176460e-07
8.180000000000000604e-01,-7.819337531418593010e-07
8.200000000000000622e-01,-7.819338428319907290e-07
8.220000000000000639e-01,-7.819339326651877159e-07
8.240000000000000657e-01,-7.819340192505094997e-07
8.260000000000000675e-01,-7.819341143610508203e-07
8.280000000000000693e-01,-7.819342047448669744e-07
8.300000000000000711e-01,-7.819342942820825916e-07
8.320000000000000728e-01,-7.819343838505384779e-07
8.339999999999999636e-01,-7.819344710410404209e-07
8.359999999999999654e-01,-7.819345659728218966e-07
8.379999999999999671e-01,-7.819346586204741038e-07
8.399999999999999689e-01,-7.819347485688107144e-07
8.419999999999999707e-01,-7.819348382856542794e-07
8.439999999999999725e-01,-7.819349280676588184e-07
8.459999999999999742e-01,-7.819350177324066808e-07
8.479999999999999760e-01,-7.819351073711023507e-07
8.499999999999999778e-01,-7.819351972149078959e-07
8.519999999999999796e-01,-7.819352893329934104e-07
8.539999999999999813e-01,-7.819353794331844997e-07
8.559999999999999831e-01,-7.819354690530286044e-07
8.579999999999999849e-01,-7.819355615916893765e-07
8.599999999999999867e-01,-7.819356541607623372e-07
8.619999999999999885e-01,-7.819357414570369901e-07
8.639999999999999902e-01,-7.819358334261557731e-07
8.659999999999999920e-01,-7.819359205706393690e-07
8.679999999999999938e-01,-7.819360103054377030e-07
8.699999999999999956e-01,-7.819361026126404755e-07
8.719999999999999973e-01,-7.819361896330693199e-07
8.739999999999999991e-01,-7.819362847601217479e-07
8.760000000000000009e-01,-7.819363774883844925e-07
8.780000000000000027e-01,-7.819364676055019470e-07
8.800000000000000044e-01,-7.819365571992123325e-07
8.820000000000000062e-01,-7.819366468194720127e-07
8.840000000000000080e-01,-7.819367393432571922e-07
8.860000000000000098e-01,-7.819368265566013903e-07
8.880000000000000115e-01,-7.819369185653807970e-07
8.900000000000000133e-01,-7.819370086751172064e-07
8.920000000000000151e-01,-7.819370982060604387e-07
8.940000000000000169e-01,-7.819371878802933760e-07
8.960000000000000187e-01,-7.819372778991218685e-07
8.980000000000000204e-01,-7.819373698279919752e-07
9.000000000000000222e-01,-7.819374573057025676e-07
9.020000000000000240e-01,-7.819375493942569137e-07
9.040000000000000258e-01,-7.819376420884404524e-07
9.060000000000000275e-01,-7.819377318962222157e-07
9.080000000000000293e-01,-7.819378190334321279e-07
9.100000000000000311e-01,-7.819379109376133418e-07
9.120000000000000329e-01,-7.819380064550689726e-07
9.140000000000000346e-01,-7.819380966882950566e-07
9.160000000000000364e-01,-7.819381862385797568e-07
9.180000000000000382e-01,-7.819382762114930284e-07
9.200000000000000400e-01,-7.819383628664195329e-07
9.220000000000000417e-01,-7.819384549038495114e-07
9.240000000000000435e-01,-7.819385451524903244e-07
9.260000000000000453e-01,-7.819386401319509671e-07
9.280000000000000471e-01,-7.819387276397444641e-07
9.300000000000000488e-01,-7.819388198973913622e-07
9.320000000000000506e-01,-7.819389041940122288e-07
9.340000000000000524e-01,-7.819389961460052762e-07
9.360000000000000542e-01,-7.819390889775550067e-07
9.380000000000000560e-01,-7.819391814042998566e-07
9.400000000000000577e-01,-7.819392713520224742e-07
9.420000000000000595e-01,-7.819393611263448480e-07
9.440000000000000613e-01,-7.819394508321986898e-07
9.460000000000000631e-01,-7.819395404493639469e-07
9.480000000000000648e-01,-7.819396273888241708e-07
9.500000000000000666e-01,-7.819397223728380391e-07
9.520000000000000684e-01,-7.819398126065146387e-07
9.540000000000000702e-01,-7.819399047628865718e-07
9.560000000000000719e-01,-7.819399977466464289e-07
9.580000000000000737e-01,-7.819400847083249622e-07
9.599999999999999645e-01,-7.819401739256755275e-07
9.619999999999999662e-01,-7.819402611405567728e-07
9.639999999999999680e-01,-7.819403586299209867e-07
9.659999999999999698e-01,-7.819404435646057374e-07
9.679999999999999716e-01,-7.819405384080993808e-07
9.699999999999999734e-01,-7.819406258182999651e-07
9.719999999999999751e-01,-7.819407153555668278e-07
9.739999999999999769e-01,-7.819408076495467806e-07
9.759999999999999787e-01,-7.819409004987486777e-07
9.779999999999999805e-01,-7.819409901917601236e-07
9.799999999999999822e-01,-7.819410772080341656e-07
9.819999999999999840e-01,-7.819411693095415513e-07
9.839999999999999858e-01,-7.819412591673852912e-07
9.859999999999999876e-01,-7.819413487238422146e-07
9.879999999999999893e-01,-7.819414414190931207e-07
9.899999999999999911e-01,-7.819415314093084167e-07
9.919999999999999929e-01,-7.819416237055403125e-07
9.939999999999999947e-01,-7.819417135181329054e-07
9.959999999999999964e-01,-7.819418031147669309e-07
9.979999999999999982e-01,-7.819418958408136255e-07
1.000000000000000000e+00,-7.819419827769483981e-07
1.002000000000000002e+00,-7.819420751082996563e-07
1.004000000000000004e+00,-7.819421649197010032e-07
1.006000000000000005e+00,-7.819422546460992057e-07
1.008000000000000007e+00,-7.819423443028653706e-07
1.010000000000000009e+00,-7.819424312859829432e-07
1.012000000000000011e+00,-7.819425288893038993e-07
1.014000000000000012e+00,-7.819426194006611924e-07
1.016000000000000014e+00,-7.819427090577824760e-07
1.018000000000000016e+00,-7.819427986460162640e-07
1.020000000000000018e+00,-7.819428881565096857e-07
1.022000000000000020e+00,-7.819429782074122454e-07
1.024000000000000021e+00,-7.819430648498290261e-07
1.026000000000000023e+00,-7.819431572545177733e-07
1.028000000000000025e+00,-7.819432498752879077e-07
1.030000000000000027e+00,-7.819433424183136524e-07
1.032000000000000028e+00,-7.819434324150674074e-07
1.034000000000000030e+00,-7.819435217807228539e-07
1.036000000000000032e+00,-7.819436118417573040e-07
1.038000000000000034e+00,-7.819437041149823027e-07
1.040000000000000036e+00,-7.819437940342073439e-07
1.042000000000000037e+00,-7.819438837131345377e-07
1.044000000000000039e+00,-7.819439734024685901e-07
1.046000000000000041e+00,-7.819440629054095485e-07
1.048000000000000043e+00,-7.819441528267885944e-07
1.050000000000000044e+00,-7.819442451596993462e-07
1.052000000000000046e+00,-7.819443378575523375e-07
1.054000000000000048e+00,-7.819444277028885771e-07
1.056000000000000050e+00,-7.819445172988306826e-07
1.058000000000000052e+00,-7.819446071363013742e-07
1.060000000000000053e+00,-7.819446965500830093e-07
1.062000000000000055e+00,-7.819447865278418387e-07
1.064000000000000057e+00,-7.819448815006173797e-07
1.066000000000000059e+00,-7.819449689352096541e-07
1.068000000000000060e+00,-7.819450585181594389e-07
1.070000000000000062e+00,-7.819451508290483928e-07
1.072000000000000064e+00,-7.819452434687360551e-07
1.074000000000000066e+00,-7.819453307782319394e-07
1.076000000000000068e+00,-7.819454228992308237e-07
1.078000000000000069e+00,-7.819455127615574855e-07
1.080000000000000071e+00,-7.819456022713760337e-07
1.082000000000000073e+00,-7.819456921160778456e-07
1.084000000000000075e+00,-7.819457818443598494e-07
1.086000000000000076e+00,-7.819458715646767788e-07
1.088000000000000078e+00,-7.819459637078378567e-07
1.090000000000000080e+00,-7.819460565799080552e-07
1.092000000000000082e+00,-7.819461463458420499e-07
1.094000000000000083e+00,-7.819462362364689294e-07
1.096000000000000085e+00,-7.819463256013989980e-07
1.098000000000000087e+00,-7.819464154972094015e-07
1.100000000000000089e+00,-7.819465048766090164e-07
1.102000000000000091e+00,-7.819466004278922844e-07
1.104000000000000092e+00,-7.819466877030456413e-07
1.106000000000000094e+00,-7.819467797134585510e-07
1.108000000000000096e+00,-7.819468669126282880e-07
1.110000000000000098e+00,-7.819469592473299851e-07
1.112000000000000099e+00,-7.819470491998985841e-07
1.114000000000000101e+00,-7.819471415927119294e-07
1.116000000000000103e+00,-7.819472314063283733e-07
1.118000000000000105e+00,-7.819473211259441712e-07
1.120000000000000107e+00,-7.819474107392695104e-07
1.122000000000000108e+00,-7.819475002527665109e-07
1.124000000000000110e+00,-7.819475902785186507e-07
1.126000000000000112e+00,-7.819476826097480421e-07
1.128000000000000114e+00,-7.819477724230586012e-07
1.130000000000000115e+00,-7.819478623171017764e-07
1.132000000000000117e+00,-7.819479543553296599e-07
1.134000000000000119e+00,-7.819480446083660446e-07
1.136000000000000121e+00,-7.819481341221641654e-07
1.138000000000000123e+00,-7.819482266564651530e-07
1.140000000000000124e+00,-7.819483166216229910e-07
1.142000000000000126e+00,-7.819484059194858379e-07
1.144000000000000128e+00,-7.819484987160986356e-07
1.146000000000000130e+00,-7.819485856889245461e-07
1.148000000000000131e+00,-7.819486777819548261e-07
1.150000000000000133e+00,-7.819487679805030635e-07
1.152000000000000135e+00,-7.819488574850179150e-07
1.153999999999999915e+00,-7.819489499182150383e-07
1.155999999999999917e+00,-7.819490398001542186e-07
1.157999999999999918e+00,-7.819491292578265598e-07
1.159999999999999920e+00,-7.819492191894962091e-07
1.161999999999999922e+00,-7.819493087873535619e-07
1.163999999999999924e+00,-7.819494039508704406e-07
1.165999999999999925e+00,-7.819494914459310207e-07
1.167999999999999927e+00,-7.819495863191147571e-07
1.169999999999999929e+00,-7.819496736028375464e-07
1.171999999999999931e+00,-7.819497630895652353e-07
1.173999999999999932e+00,-7.819498556794303138e-07
1.175999999999999934e+00,-7.819499454040314300e-07
1.177999999999999936e+00,-7.819500378754513386e-07
1.179999999999999938e+00,-7.819501249110470492e-07
1.181999999999999940e+00,-7.819502117318590271e-07
1.183999999999999941e+00,-7.819503040035450728e-07
1.185999999999999943e+00,-7.819503965776709026e-07
1.187999999999999945e+00,-7.819504892437124069e-07
1.189999999999999947e+00,-7.819505789771862991e-07
1.191999999999999948e+00,-7.819506688626962526e-07
1.193999999999999950e+00,-7.819507583527551104e-07
1.195999999999999952e+00,-7.819508480887474433e-07
1.197999999999999954e+00,-7.819509350018920476e-07
1.199999999999999956e+00,-7.819510272415825883e-07
1.201999999999999957e+00,-7.819511251673199655e-07
1.203999999999999959e+00,-7.819512076499077555e-07
1.205999999999999961e+00,-7.819513019640772753e-07
1.207999999999999963e+00,-7.819513920862431520e-07
1.209999999999999964e+00,-7.819514816248074574e-07
1.211999999999999966e+00,-7.819515714594819874e-07
1.213999999999999968e+00,-7.819516639448111300e-07
1.215999999999999970e+00,-7.819517539086409262e-07
1.217999999999999972e+00,-7.819518461514333016e-07
1.219999999999999973e+00,-7.819519331878817625e-07
1.221999999999999975e+00,-7.819520254187958773e-07
1.223999999999999977e+00,-7.819521126168680713e-07
1.225999999999999979e+00,-7.819522076361261335e-07
1.227999999999999980e+00,-7.819522949808724585e-07
1.229999999999999982e+00,-7.819523872677130883e-07
1.231999999999999984e+00,-7.819524770860970572e-07
1.233999999999999986e+00,-7.819525667997857420e-07
1.235999999999999988e+00,-7.819526562138352513e-07
1.237999999999999989e+00,-7.819527515683615536e-07
1.239999999999999991e+00,-7.819528390866073312e-07
1.241999999999999993e+00,-7.819529309175340653e-07
1.243999999999999995e+00,-7.819530183828445190e-07
1.245999999999999996e+00,-7.819531104771587950e-07
1.247999999999999998e+00,-7.819531975786444574e-07
1.250000000000000000e+00,-7.819532925222397133e-07
1.252000000000000002e+00,-7.819533824592859042e-07
1.254000000000000004e+00,-7.819534723516102377e-07
1.256000000000000005e+00,-7.819535621491971125e-07
1.258000000000000007e+00,-7.819536488038552134e-07
1.260000000000000009e+00,-7.819537436674902415e-07
1.262000000000000011e+00,-7.819538341543166134e-07
1.264000000000000012e+00,-7.819539264611377975e-07
1.266000000000000014e+00,-7.819540163208472333e-07
1.268000000000000016e+00,-7.819541057849830712e-07
1.270000000000000018e+00,-7.819541957674142403e-07
1.272000000000000020e+00,-7.819542825232509561e-07
1.274000000000000021e+00,-7.819543747739069737e-07
1.276000000000000023e+00,-7.819544673718673578e-07
1.278000000000000025e+00,-7.819545599965285497e-07
1.280000000000000027e+00,-7.819546526824259886e-07
1.282000000000000028e+00,-7.819547399240941214e-07
1.284000000000000030e+00,-7.819548292259046712e-07
1.286000000000000032e+00,-7.819549191851308433e-07
1.288000000000000034e+00,-7.819550084839161091e-07
1.290000000000000036e+00,-7.819551009740646573e-07
1.292000000000000037e+00,-7.819551908447371347e-07
1.294000000000000039e+00,-7.819552804698354906e-07
1.296000000000000041e+00,-7.819553703491305516e-07
1.298000000000000043e+00,-7.819554599779568055e-07
1.300000000000000044e+00,-7.819555552164725224e-07
1.302000000000000046e+00,-7.819556449921054679e-07
1.304000000000000048e+00,-7.819557323491805692e-07
1.306000000000000050e+00,-7.819558241006317900e-07
1.308000000000000052e+00,-7.819559114942411164e-07
1.310000000000000053e+00,-7.819560037101576658e-07
1.312000000000000055e+00,-7.819560963405125074e-07
1.314000000000000057e+00,-7.819561888742289364e-07
1.316000000000000059e+00,-7.819562759754473599e-07
1.318000000000000060e+00,-7.819563681667746487e-07
1.320000000000000062e+00,-7.819564553826183351e-07
1.322000000000000064e+00,-7.819565448573182621e-07
1.324000000000000066e+00,-7.819566374015794044e-07
1.326000000000000068e+00,-7.819567298449451583e-07
1.328000000000000069e+00,-7.819568169696758399e-07
1.330000000000000071e+00,-7.819569065641876244e-07
1.332000000000000073e+00,-7.819569989378000033e-07
1.334000000000000075e+00,-7.819570915566747956e-07
1.336000000000000076e+00,-7.819571815413057092e-07
1.338000000000000078e+00,-7.819572712420302372e-07
1.340000000000000080e+00,-7.819573633882612801e-07
1.342000000000000082e+00,-7.819574534785984116e-07
1.344000000000000083e+00,-7.819575431740146900e-07
1.346000000000000085e+00,-7.819576325784368227e-07
1.348000000000000087e+00,-7.819577223729722613e-07
1.350000000000000089e+00,-7.819578149535643407e-07
1.352000000000000091e+00,-7.819579073958573274e-07
1.354000000000000092e+00,-7.819579946051157562e-07
1.356000000000000094e+00,-7.819580867879087645e-07
1.358000000000000096e+00,-7.819581768893319691e-07
1.360000000000000098e+00,-7.819582663562560277e-07
1.362000000000000099e+00,-7.819583533650587097e-07
1.364000000000000101e+00,-7.819584508932910421e-07
1.366000000000000103e+00,-7.819585387845306368e-07
1.368000000000000105e+00,-7.819586279728365482e-07
1.370000000000000107e+00,-7.819587149631277487e-07
1.372000000000000108e+00,-7.819588070864248452e-07
1.374000000000000110e+00,-7.819588968387969954e-07
1.376000000000000112e+00,-7.819589923219169810e-07
1.378000000000000114e+00,-7.819590821862338525e-07
1.380000000000000115e+00,-7.819591720337215558e-07
1.382000000000000117e+00,-7.819592615603650371e-07
1.384000000000000119e+00,-7.819593513523957993e-07
1.386000000000000121e+00,-7.819594408201500561e-07
1.388000000000000123e+00,-7.819595333785219202e-07
1.390000000000000124e+00,-7.819596231737273618e-07
1.392000000000000126e+00,-7.819597129805561072e-07
1.394000000000000128e+00,-7.819598052787172264e-07
1.396000000000000130e+00,-7.819598927450632837e-07
1.398000000000000131e+00,-7.819599846862623785e-07
1.400000000000000133e+00,-7.819600771454934830e-07
1.402000000000000135e+00,-7.819601671536293492e-07
1.404000000000000137e+00,-7.819602568539179728e-07
1.406000000000000139e+00,-7.819603465174365786e-07
1.407999999999999918e+00,-7.819604359728019198e-07
1.409999999999999920e+00,-7.819605259688254266e-07
1.411999999999999922e+00,-7.819606182069082988e-07
1.413999999999999924e+00,-7.819607055160834752e-07
1.415999999999999925e+00,-7.819608003798955332e-07
1.417999999999999927e+00,-7.819608931405201245e-07
1.419999999999999929e+00,-7.819609802095746952e-07
1.421999999999999931e+00,-7.819610725632124491e-07
1.423999999999999932e+00,-7.819611623440731760e-07
1.425999999999999934e+00,-7.819612520419825900e-07
1.427999999999999936e+00,-7.819613389627964423e-07
1.429999999999999938e+00,-7.819614312817269153e-07
1.431999999999999940e+00,-7.819615209349890109e-07
1.433999999999999941e+00,-7.819616107594355122e-07
1.435999999999999943e+00,-7.819617031235557223e-07
1.437999999999999945e+00,-7.819617956807546575e-07
1.439999999999999947e+00,-7.819618857269962066e-07
1.441999999999999948e+00,-7.819619754047331075e-07
1.443999999999999950e+00,-7.819620677257353171e-07
1.445999999999999952e+00,-7.819621546990022141e-07
1.447999999999999954e+00,-7.819622443142169661e-07
1.449999999999999956e+00,-7.819623340617057596e-07
1.451999999999999957e+00,-7.819624264313714944e-07
1.453999999999999959e+00,-7.819625190002369321e-07
1.455999999999999961e+00,-7.819626088266985247e-07
1.457999999999999963e+00,-7.819626956828621639e-07
1.459999999999999964e+00,-7.819627852868625173e-07
1.461999999999999966e+00,-7.819628751506258527e-07
1.463999999999999968e+00,-7.819629700700700818e-07
1.465999999999999970e+00,-7.819630628523762814e-07
1.467999999999999972e+00,-7.819631528513544508e-07
1.469999999999999973e+00,-7.819632397324609868e-07
1.471999999999999975e+00,-7.819633317573916177e-07
1.473999999999999977e+00,-7.819634219599663322e-07
1.475999999999999979e+00,-7.819635170526098466e-07
1.477999999999999980e+00,-7.819636042082532074e-07
1.479999999999999982e+00,-7.819636910893897071e-07
1.481999999999999984e+00,-7.819637833442870304e-07
1.483999999999999986e+00,-7.819638729015508586e-07
1.485999999999999988e+00,-7.819639628721028142e-07
1.487999999999999989e+00,-7.819640579242102963e-07
1.489999999999999991e+00,-7.819641452642736938e-07
1.491999999999999993e+00,-7.819642374963349030e-07
1.493999999999999995e+00,-7.819643273874058395e-07
1.495999999999999996e+00,-7.819644170261275557e-07
1.497999999999999998e+00,-7.819645040286981928e-07
1.500000000000000000e+00,-7.819645959923494840e-07
1.502000000000000002e+00,-7.819646886919524454e-07
1.504000000000000004e+00,-7.819647789537279866e-07
1.506000000000000005e+00,-7.819648681194260592e-07
1.508000000000000007e+00,-7.819649578838101954e-07
1.510000000000000009e+00,-7.819650531540848833e-07
1.512000000000000011e+00,-7.819651404549756539e-07
1.514000000000000012e+00,-7.819652326599646313e-07
1.516000000000000014e+00,-7.819653223858139564e-07
1.518000000000000016e+00,-7.819654151059853130e-07
1.520000000000000018e+00,-7.819654992435962843e-07
1.522000000000000020e+00,-7.819655943456668520e-07
1.524000000000000021e+00,-7.819656840164508828e-07
1.526000000000000023e+00,-7.819657710990787330e-07
1.528000000000000025e+00,-7.819658630490214313e-07
1.530000000000000027e+00,-7.819659531302420530e-07
1.532000000000000028e+00,-7.819660484513034600e-07
1.534000000000000030e+00,-7.819661355958527009e-07
1.536000000000000032e+00,-7.819662252385025324e-07
1.538000000000000034e+00,-7.819663148144351786e-07
1.540000000000000036e+00,-7.819664069967348961e-07
1.542000000000000037e+00,-7.819664971031892646e-07
1.544000000000000039e+00,-7.819665868539942980e-07
1.546000000000000041e+00,-7.819666761622995788e-07
1.548000000000000043e+00,-7.819667660663616714e-07
1.550000000000000044e+00,-7.819668585493797904e-07
1.552000000000000046e+00,-7.819669509131220121e-07
1.554000000000000048e+00,-7.819670382444981338e-07
1.556000000000000050e+00,-7.819671303433237073e-07
1.558000000000000052e+00,-7.819672203147275662e-07
1.560000000000000053e+00,-7.819673097798350568e-07
1.562000000000000055e+00,-7.819673995653533003e-07
1.564000000000000057e+00,-7.819674921417517196e-07
1.566000000000000059e+00,-7.819675818934520667e-07
1.568000000000000060e+00,-7.819676769302175588e-07
1.570000000000000062e+00,-7.819677644369014426e-07
1.572000000000000064e+00,-7.819678510875128435e-07
1.574000000000000066e+00,-7.819679434165367729e-07
1.576000000000000068e+00,-7.819680355584191487e-07
1.578000000000000069e+00,-7.819681258973871317e-07
1.580000000000000071e+00,-7.819682154175238118e-07
1.582000000000000073e+00,-7.819683051745841834e-07
1.584000000000000075e+00,-7.819683947509875682e-07
1.586000000000000076e+00,-7.819684842986430782e-07
1.588000000000000078e+00,-7.819685797760149923e-07
1.590000000000000080e+00,-7.819686695758557159e-07
1.592000000000000082e+00,-7.819687620817515596e-07
1.594000000000000083e+00,-7.819688492193585184e-07
1.596000000000000085e+00,-7.819689386796934019e-07
1.598000000000000087e+00,-7.819690284746011115e-07
1.600000000000000089e+00,-7.819691207670969567e-07
1.602000000000000091e+00,-7.819692105842397047e-07
1.604000000000000092e+00,-7.819693001506547710e-07
1.606000000000000094e+00,-7.819693899911308414e-07
1.608000000000000096e+00,-7.819694822417402721e-07
1.610000000000000098e+00,-7.819695722654450274e-07
1.612000000000000099e+00,-7.819696616625447721e-07
1.614000000000000101e+00,-7.819697544035405395e-07
1.616000000000000103e+00,-7.819698440873183734e-07
1.618000000000000105e+00,-7.819699338761854675e-07
1.620000000000000107e+00,-7.819700233089126885e-07
1.622000000000000108e+00,-7.819701130134731110e-07
1.624000000000000110e+00,-7.819702000545099495e-07
1.626000000000000112e+00,-7.819702978742171187e-07
1.628000000000000114e+00,-7.819703906865380366e-07
1.630000000000000115e+00,-7.819704778801098387e-07
1.632000000000000117e+00,-7.819705674579432268e-07
1.634000000000000119e+00,-7.819706569242852679e-07
1.636000000000000121e+00,-7.819707467187875663e-07
1.638000000000000123e+00,-7.819708363704188058e-07
1.640000000000000124e+00,-7.819709314311413542e-07
1.642000000000000126e+00,-7.819710188639946700e-07
1.644000000000000128e+00,-7.819711055705370329e-07
1.646000000000000130e+00,-7.819712031375071466e-07
1.648000000000000131e+00,-7.819712908474853963e-07
1.650000000000000133e+00,-7.819713803508128135e-07
1.652000000000000135e+00,-7.819714725410160896e-07
1.654000000000000137e+00,-7.819715622865093793e-07
1.656000000000000139e+00,-7.819716521737447389e-07
1.658000000000000140e+00,-7.819717473020236706e-07
1.660000000000000142e+00,-7.819718347447785897e-07
1.662000000000000144e+00,-7.819719211819502876e-07
1.664000000000000146e+00,-7.819720135312511269e-07
1.665999999999999925e+00,-7.819721031331223571e-07
1.667999999999999927e+00,-7.819721959378861529e-07
1.669999999999999929e+00,-7.819722885636845925e-07
1.671999999999999931e+00,-7.819723755020059806e-07
1.673999999999999932e+00,-7.819724651481191181e-07
1.675999999999999934e+00,-7.819725573184500483e-07
1.677999999999999936e+00,-7.819726471767870790e-07
1.679999999999999938e+00,-7.819727395337060267e-07
1.681999999999999940e+00,-7.819728268639362187e-07
1.683999999999999941e+00,-7.819729163622657180e-07
1.685999999999999943e+00,-7.819730086073653052e-07
1.687999999999999945e+00,-7.819730985196574876e-07
1.689999999999999947e+00,-7.819731879800175703e-07
1.691999999999999948e+00,-7.819732807236251638e-07
1.693999999999999950e+00,-7.819733705002361147e-07
1.695999999999999952e+00,-7.819734600162291096e-07
1.697999999999999954e+00,-7.819735496731011537e-07
1.699999999999999956e+00,-7.819736394598931230e-07
1.701999999999999957e+00,-7.819737345632905677e-07
1.703999999999999959e+00,-7.819738248812866502e-07
1.705999999999999961e+00,-7.819739115358659770e-07
1.707999999999999963e+00,-7.819740037954119230e-07
1.709999999999999964e+00,-7.819740911256028338e-07
1.711999999999999966e+00,-7.819741801732241960e-07
1.713999999999999968e+00,-7.819742754355068104e-07
1.715999999999999970e+00,-7.819743655530559341e-07
1.717999999999999972e+00,-7.819744579704844804e-07
1.719999999999999973e+00,-7.819745505060198068e-07
1.721999999999999975e+00,-7.819746407123233720e-07
1.723999999999999977e+00,-7.819747274355392609e-07
1.725999999999999979e+00,-7.819748221950061771e-07
1.727999999999999980e+00,-7.819749096934213253e-07
1.729999999999999982e+00,-7.819749964530577250e-07
1.731999999999999984e+00,-7.819750885975527740e-07
1.733999999999999986e+00,-7.819751784657482093e-07
1.735999999999999988e+00,-7.819752679408175486e-07
1.737999999999999989e+00,-7.819753604599628934e-07
1.739999999999999991e+00,-7.819754531848674700e-07
1.741999999999999993e+00,-7.819755429420245093e-07
1.743999999999999995e+00,-7.819756325880044508e-07
1.745999999999999996e+00,-7.819757225247901791e-07
1.747999999999999998e+00,-7.819758115040963223e-07
1.750000000000000000e+00,-7.819759017579113420e-07
1.752000000000000002e+00,-7.819759939559217208e-07
1.754000000000000004e+00,-7.819760838797623504e-07
1.756000000000000005e+00,-7.819761734594576227e-07
1.758000000000000007e+00,-7.819762660052120841e-07
1.760000000000000009e+00,-7.819763502644282934e-07
1.762000000000000011e+00,-7.819764475922626890e-07
1.764000000000000012e+00,-7.819765381929563353e-07
1.766000000000000014e+00,-7.819766276146050006e-07
1.768000000000000016e+00,-7.819767145751748737e-07
1.770000000000000018e+00,-7.819768068613131014e-07
1.772000000000000020e+00,-7.819768939482502317e-07
1.774000000000000021e+00,-7.819769831508999050e-07
1.776000000000000023e+00,-7.819770811915335956e-07
1.778000000000000025e+00,-7.819771716815114595e-07
1.780000000000000027e+00,-7.819772638861362127e-07
1.782000000000000028e+00,-7.819773511257701959e-07
1.784000000000000030e+00,-7.819774404572265812e-07
1.786000000000000032e+00,-7.819775301721079943e-07
1.788000000000000034e+00,-7.819776253007156807e-07
1.790000000000000036e+00,-7.819777126692766546e-07
1.792000000000000037e+00,-7.819778020144285039e-07
1.794000000000000039e+00,-7.819778917001514431e-07
1.796000000000000041e+00,-7.819779788865885808e-07
1.798000000000000043e+00,-7.819780708850947484e-07
1.800000000000000044e+00,-7.819781635461644870e-07
1.802000000000000046e+00,-7.819782558381685237e-07
1.804000000000000048e+00,-7.819783487432259968e-07
1.806000000000000050e+00,-7.819784357091035901e-07
1.808000000000000052e+00,-7.819785253278198704e-07
1.810000000000000053e+00,-7.819786119661990568e-07
1.812000000000000055e+00,-7.819787044979183940e-07
1.814000000000000057e+00,-7.819787996370259007e-07
1.816000000000000059e+00,-7.819788896345754432e-07
1.818000000000000060e+00,-7.819789795686726889e-07
1.820000000000000062e+00,-7.819790688822935250e-07
1.822000000000000064e+00,-7.819791587531045981e-07
1.824000000000000066e+00,-7.819792484760290126e-07
1.826000000000000068e+00,-7.819793407778802308e-07
1.828000000000000069e+00,-7.819794305995698516e-07
1.830000000000000071e+00,-7.819795202768603661e-07
1.832000000000000073e+00,-7.819796101306884286e-07
1.834000000000000075e+00,-7.819796995996059793e-07
1.836000000000000076e+00,-7.819797946293995432e-07
1.838000000000000078e+00,-7.819798819768545737e-07
1.840000000000000080e+00,-7.819799745289028074e-07
1.842000000000000082e+00,-7.819800640025556958e-07
1.844000000000000083e+00,-7.819801537865729969e-07
1.846000000000000085e+00,-7.819802433001209253e-07
1.848000000000000087e+00,-7.819803333157314337e-07
1.850000000000000089e+00,-7.819804226110389940e-07
1.852000000000000091e+00,-7.819805152478714141e-07
1.854000000000000092e+00,-7.819806048775490419e-07
1.856000000000000094e+00,-7.819806976253848121e-07
1.858000000000000096e+00,-7.819807844709389401e-07
1.860000000000000098e+00,-7.819808768549836944e-07
1.862000000000000099e+00,-7.819809664484448404e-07
1.864000000000000101e+00,-7.819810589082004701e-07
1.866000000000000103e+00,-7.819811489179647571e-07
1.868000000000000105e+00,-7.819812383263822384e-07
1.870000000000000107e+00,-7.819813308697308085e-07
1.872000000000000108e+00,-7.819814179300675044e-07
1.874000000000000110e+00,-7.819815102617534465e-07
1.876000000000000112e+00,-7.819816000999322577e-07
1.878000000000000114e+00,-7.819816924934890862e-07
1.880000000000000115e+00,-7.819817851001178996e-07
1.882000000000000117e+00,-7.819818721041084815e-07
1.884000000000000119e+00,-7.819819617143199158e-07
1.886000000000000121e+00,-7.819820513809417326e-07
1.888000000000000123e+00,-7.819821436080095767e-07
1.890000000000000124e+00,-7.819822336277045838e-07
1.892000000000000126e+00,-7.819823232757136987e-07
1.894000000000000128e+00,-7.819824156018492457e-07
1.896000000000000130e+00,-7.819825055746953899e-07
1.898000000000000131e+00,-7.819825952100704790e-07
1.900000000000000133e+00,-7.819826846414604467e-07
1.902000000000000135e+00,-7.819827773323931788e-07
1.904000000000000137e+00,-7.819828669158793472e-07
1.906000000000000139e+00,-7.819829566574866615e-07
1.908000000000000140e+00,-7.819830464931083861e-07
1.910000000000000142e+00,-7.819831329841582615e-07
1.912000000000000144e+00,-7.819832281620402896e-07
1.914000000000000146e+00,-7.819833210711715677e-07
1.916000000000000147e+00,-7.819834109592609482e-07
1.918000000000000149e+00,-7.819835003807320543e-07
1.919999999999999929e+00,-7.819835902922812829e-07
1.921999999999999931e+00,-7.819836796548590351e-07
1.923999999999999932e+00,-7.819837694744900482e-07
1.925999999999999934e+00,-7.819838591321956786e-07
1.927999999999999936e+00,-7.819839513269962260e-07
1.929999999999999938e+00,-7.819840415395240011e-07
1.931999999999999940e+00,-7.819841337584137420e-07
1.933999999999999941e+00,-7.819842235839409515e-07
1.935999999999999943e+00,-7.819843133688023209e-07
1.937999999999999945e+00,-7.819844056336697514e-07
1.939999999999999947e+00,-7.819844955986754410e-07
1.941999999999999948e+00,-7.819845851061324614e-07
1.943999999999999950e+00,-7.819846775320351488e-07
1.945999999999999952e+00,-7.819847648912429732e-07
1.947999999999999954e+00,-7.819848569118064082e-07
1.949999999999999956e+00,-7.819849439371746194e-07
1.951999999999999957e+00,-7.819850388287224536e-07
1.953999999999999959e+00,-7.819851290674102060e-07
1.955999999999999961e+00,-7.819852186840609965e-07
1.957999999999999963e+00,-7.819853055548381774e-07
1.959999999999999964e+00,-7.819854007037180091e-07
1.961999999999999966e+00,-7.819854876044810034e-07
1.963999999999999968e+00,-7.819855799976640786e-07
1.965999999999999970e+00,-7.819856699198145598e-07
1.967999999999999972e+00,-7.819857594593448004e-07
1.969999999999999973e+00,-7.819858519628654578e-07
1.971999999999999975e+00,-7.819859418049176448e-07
1.973999999999999977e+00,-7.819860286117554849e-07
1.975999999999999979e+00,-7.819861289240906707e-07
1.977999999999999980e+00,-7.819862144300988268e-07
1.979999999999999982e+00,-7.819863032147724689e-07
1.981999999999999984e+00,-7.819863930625013648e-07
1.983999999999999986e+00,-7.819864826267456974e-07
1.985999999999999988e+00,-7.819865749444212911e-07
1.987999999999999989e+00,-7.819866623043684694e-07
1.989999999999999991e+00,-7.819867567644593196e-07
1.991999999999999993e+00,-7.819868471511078460e-07
1.993999999999999995e+00,-7.819869368205726231e-07
1.995999999999999996e+00,-7.819870266529202477e-07
1.997999999999999998e+00,-7.819871130777125590e-07
2.000000000000000000e+00,-7.819872056344077214e-07
2.002000000000000224e+00,-7.819872981146291494e-07
2.004000000000000004e+00,-7.819873879115385037e-07
2.006000000000000227e+00,-7.819874776094855048e-07
2.008000000000000007e+00,-7.819875701484443266e-07
2.010000000000000231e+00,-7.819876627779801932e-07
2.012000000000000011e+00,-7.819877524535985587e-07
2.014000000000000234e+00,-7.819878420660121727e-07
2.016000000000000014e+00,-7.819879318464566889e-07
2.018000000000000238e+00,-7.819880185118172628e-07
2.020000000000000018e+00,-7.819881108921289312e-07
2.022000000000000242e+00,-7.819881978594412924e-07
2.024000000000000021e+00,-7.819882903132961730e-07
2.026000000000000245e+00,-7.819883855336533035e-07
2.028000000000000025e+00,-7.819884756613287060e-07
2.030000000000000249e+00,-7.819885653536213387e-07
2.032000000000000028e+00,-7.819886574996083302e-07
2.034000000000000252e+00,-7.819887449124096233e-07
2.036000000000000032e+00,-7.819888341301247304e-07
2.038000000000000256e+00,-7.819889237253252585e-07
2.040000000000000036e+00,-7.819890162794804867e-07
2.042000000000000259e+00,-7.819891061179104432e-07
2.044000000000000039e+00,-7.819891956089029430e-07
2.046000000000000263e+00,-7.819892853500114608e-07
2.048000000000000043e+00,-7.819893807332999315e-07
2.049999999999999822e+00,-7.819894676288578025e-07
2.052000000000000046e+00,-7.819895600398573687e-07
2.053999999999999826e+00,-7.819896496744141180e-07
2.056000000000000050e+00,-7.819897394540719523e-07
2.057999999999999829e+00,-7.819898320594223812e-07
2.060000000000000053e+00,-7.819899161989880929e-07
2.061999999999999833e+00,-7.819900081450037346e-07
2.064000000000000057e+00,-7.819900981121564411e-07
2.065999999999999837e+00,-7.819901961516890948e-07
2.068000000000000060e+00,-7.819902834099261449e-07
2.069999999999999840e+00,-7.819903727699971032e-07
2.072000000000000064e+00,-7.819904682402062950e-07
2.073999999999999844e+00,-7.819905552154592725e-07
2.076000000000000068e+00,-7.819906448179766829e-07
2.077999999999999847e+00,-7.819907317407905918e-07
2.080000000000000071e+00,-7.819908211595065114e-07
2.081999999999999851e+00,-7.819909134996475364e-07
2.084000000000000075e+00,-7.819910006304698673e-07
2.085999999999999854e+00,-7.819910957247754721e-07
2.088000000000000078e+00,-7.819911857508164501e-07
2.089999999999999858e+00,-7.819912780261484432e-07
2.092000000000000082e+00,-7.819913677161340757e-07
2.093999999999999861e+00,-7.819914576722551309e-07
2.096000000000000085e+00,-7.819915470296077487e-07
2.097999999999999865e+00,-7.819916370346892140e-07
2.100000000000000089e+00,-7.819917265573011362e-07
2.101999999999999869e+00,-7.819918188101747919e-07
2.104000000000000092e+00,-7.819919114933087857e-07
2.105999999999999872e+00,-7.819920014284126242e-07
2.108000000000000096e+00,-7.819920936910099004e-07
2.109999999999999876e+00,-7.819921806035960982e-07
2.112000000000000099e+00,-7.819922704219906550e-07
2.113999999999999879e+00,-7.819923627659287170e-07
2.116000000000000103e+00,-7.819924496445768457e-07
2.117999999999999883e+00,-7.819925447239368718e-07
2.120000000000000107e+00,-7.819926319940583236e-07
2.121999999999999886e+00,-7.819927212651736699e-07
2.124000000000000110e+00,-7.819928137472466061e-07
2.125999999999999890e+00,-7.819929064422902008e-07
2.128000000000000114e+00,-7.819929990697020264e-07
2.129999999999999893e+00,-7.819930862578739935e-07
2.132000000000000117e+00,-7.819931755807905926e-07
2.133999999999999897e+00,-7.819932651568644815e-07
2.136000000000000121e+00,-7.819933548644744345e-07
2.137999999999999901e+00,-7.819934444113085343e-07
2.140000000000000124e+00,-7.819935369702763919e-07
2.141999999999999904e+00,-7.819936295416448119e-07
2.144000000000000128e+00,-7.819937190998316943e-07
2.145999999999999908e+00,-7.819938091398002233e-07
2.148000000000000131e+00,-7.819938986802509769e-07
2.149999999999999911e+00,-7.819939882149698586e-07
2.152000000000000135e+00,-7.819940779113719775e-07
2.153999999999999915e+00,-7.819941703190085052e-07
2.156000000000000139e+00,-7.819942628941167875e-07
2.157999999999999918e+00,-7.819943499906997172e-07
2.160000000000000142e+00,-7.819944393871963744e-07
2.161999999999999922e+00,-7.819945291475616569e-07
2.164000000000000146e+00,-7.819946212956856067e-07
2.165999999999999925e+00,-7.819947169735433374e-07
2.168000000000000149e+00,-7.819948039799325049e-07
2.169999999999999929e+00,-7.819948935812762453e-07
2.172000000000000153e+00,-7.819949833327179298e-07
2.173999999999999932e+00,-7.819950730114426828e-07
2.176000000000000156e+00,-7.819951651468969255e-07
2.177999999999999936e+00,-7.819952550344798863e-07
2.180000000000000160e+00,-7.819953446372761824e-07
2.181999999999999940e+00,-7.819954374495665012e-07
2.184000000000000163e+00,-7.819955270432316762e-07
2.185999999999999943e+00,-7.819956165359023601e-07
2.188000000000000167e+00,-7.819957089841060486e-07
2.189999999999999947e+00,-7.819958016628278478e-07
2.192000000000000171e+00,-7.819958886996870139e-07
2.193999999999999950e+00,-7.819959780765195895e-07
2.196000000000000174e+00,-7.819960677682891792e-07
2.197999999999999954e+00,-7.819961574168229251e-07
2.200000000000000178e+00,-7.819962469309891876e-07
2.201999999999999957e+00,-7.819963422738132004e-07
2.204000000000000181e+00,-7.819964321458156253e-07
2.205999999999999961e+00,-7.819965218430584244e-07
2.208000000000000185e+00,-7.819966116283278519e-07
2.209999999999999964e+00,-7.819967011652394901e-07
2.212000000000000188e+00,-7.819967908661309895e-07
2.213999999999999968e+00,-7.819968859302883624e-07
2.216000000000000192e+00,-7.819969733499802684e-07
2.217999999999999972e+00,-7.819970654256881952e-07
2.220000000000000195e+00,-7.819971578854474248e-07
2.221999999999999975e+00,-7.819972424148448039e-07
2.224000000000000199e+00,-7.819973344708891784e-07
2.225999999999999979e+00,-7.819974268934978606e-07
2.228000000000000203e+00,-7.819975167000832958e-07
2.229999999999999982e+00,-7.819976037906192573e-07
2.232000000000000206e+00,-7.819976930635971232e-07
2.233999999999999986e+00,-7.819977857710875495e-07
2.236000000000000210e+00,-7.819978779689575326e-07
2.237999999999999989e+00,-7.819979708053172455e-07
2.240000000000000213e+00,-7.819980606142933253e-07
2.241999999999999993e+00,-7.819981501994072792e-07
2.244000000000000217e+00,-7.819982397746372056e-07
2.245999999999999996e+00,-7.819983295298179053e-07
2.248000000000000220e+00,-7.819984191932728777e-07
2.250000000000000000e+00,-7.819985086546965162e-07
2.252000000000000224e+00,-7.819986011264817078e-07
2.254000000000000004e+00,-7.819986911094873770e-07
2.256000000000000227e+00,-7.819987832529679981e-07
2.258000000000000007e+00,-7.819988761219076686e-07
2.260000000000000231e+00,-7.819989658112958253e-07
2.262000000000000011e+00,-7.819990527144729693e-07
2.264000000000000234e+00,-7.819991421653443772e-07
2.266000000000000014e+00,-7.819992345212686965e-07
2.268000000000000238e+00,-7.819993244337309208e-07
2.270000000000000018e+00,-7.819994140290981026e-07
2.272000000000000242e+00,-7.819995035999698328e-07
2.274000000000000021e+00,-7.819995907943252463e-07
2.276000000000000245e+00,-7.819996883414764830e-07
2.278000000000000025e+00,-7.819997783308245232e-07
2.280000000000000249e+00,-7.819998684229894458e-07
2.282000000000000028e+00,-7.819999549571934265e-07
2.284000000000000252e+00,-7.820000473755357096e-07
2.286000000000000032e+00,-7.820001368680980791e-07
2.288000000000000256e+00,-7.820002295219478147e-07
2.290000000000000036e+00,-7.820003194535373134e-07
2.292000000000000259e+00,-7.820004088139811779e-07
2.294000000000000039e+00,-7.820004986115696408e-07
2.296000000000000263e+00,-7.820005910513920442e-07
2.298000000000000043e+00,-7.820006808066780936e-07
2.300000000000000266e+00,-7.820007705463215620e-07
2.302000000000000046e+00,-7.820008628299148792e-07
2.304000000000000270e+00,-7.820009528149008055e-07
2.306000000000000050e+00,-7.820010419828675501e-07
2.307999999999999829e+00,-7.820011321152848548e-07
2.310000000000000053e+00,-7.820012213354885447e-07
2.311999999999999833e+00,-7.820013142442671394e-07
2.314000000000000057e+00,-7.820014063351443675e-07
2.315999999999999837e+00,-7.820014965720246575e-07
2.318000000000000060e+00,-7.820015888642628988e-07
2.319999999999999840e+00,-7.820016760080664331e-07
2.322000000000000064e+00,-7.820017652141633187e-07
2.323999999999999844e+00,-7.820018548708089932e-07
2.326000000000000068e+00,-7.820019445508291772e-07
2.327999999999999847e+00,-7.820020397149512610e-07
2.330000000000000071e+00,-7.820021270701058210e-07
2.331999999999999851e+00,-7.820022165367855106e-07
2.334000000000000075e+00,-7.820023088978800132e-07
2.335999999999999854e+00,-7.820023960719116122e-07
2.338000000000000078e+00,-7.820024879659629473e-07
2.339999999999999858e+00,-7.820025806728336631e-07
2.342000000000000082e+00,-7.820026705326634835e-07
2.343999999999999861e+00,-7.820027601746732757e-07
2.346000000000000085e+00,-7.820028499332315193e-07
2.347999999999999865e+00,-7.820029395731045650e-07
2.350000000000000089e+00,-7.820030318397229185e-07
2.351999999999999869e+00,-7.820031244218781972e-07
2.354000000000000092e+00,-7.820032142750801965e-07
2.355999999999999872e+00,-7.820033038941981822e-07
2.358000000000000096e+00,-7.820033936653551938e-07
2.359999999999999876e+00,-7.820034805295946567e-07
2.362000000000000099e+00,-7.820035698458929640e-07
2.363999999999999879e+00,-7.820036652995437205e-07
2.366000000000000103e+00,-7.820037549914633409e-07
2.367999999999999883e+00,-7.820038418766556462e-07
2.370000000000000107e+00,-7.820039370028866640e-07
2.371999999999999886e+00,-7.820040267588448340e-07
2.374000000000000110e+00,-7.820041139492659912e-07
2.375999999999999890e+00,-7.820042085750959900e-07
2.378000000000000114e+00,-7.820042961119218588e-07
2.379999999999999893e+00,-7.820043907553807308e-07
2.382000000000000117e+00,-7.820044784460029014e-07
2.383999999999999897e+00,-7.820045649828079084e-07
2.386000000000000121e+00,-7.820046569283150128e-07
2.387999999999999901e+00,-7.820047524360874688e-07
2.390000000000000124e+00,-7.820048424501671769e-07
2.391999999999999904e+00,-7.820049349237510430e-07
2.394000000000000128e+00,-7.820050220695447871e-07
2.395999999999999908e+00,-7.820051114008641648e-07
2.398000000000000131e+00,-7.820052010580843395e-07
2.399999999999999911e+00,-7.820052933410430172e-07
2.402000000000000135e+00,-7.820053832923450902e-07
2.403999999999999915e+00,-7.820054730050663576e-07
2.406000000000000139e+00,-7.820055651921707637e-07
2.407999999999999918e+00,-7.820056523191178129e-07
2.410000000000000142e+00,-7.820057445585610200e-07
2.411999999999999922e+00,-7.820058315933944009e-07
2.414000000000000146e+00,-7.820059265334211071e-07
2.415999999999999925e+00,-7.820060167786043316e-07
2.418000000000000149e+00,-7.820061089684225254e-07
2.419999999999999929e+00,-7.820061961129173444e-07
2.422000000000000153e+00,-7.820062828118426576e-07
2.423999999999999932e+00,-7.820063749583897498e-07
2.426000000000000156e+00,-7.820064649153111452e-07
2.427999999999999936e+00,-7.820065625907953909e-07
2.430000000000000160e+00,-7.820066502260578173e-07
2.431999999999999940e+00,-7.820067395729019326e-07
2.434000000000000163e+00,-7.820068292138714625e-07
2.435999999999999943e+00,-7.820069187949247404e-07
2.438000000000000167e+00,-7.820070085549989612e-07
2.439999999999999947e+00,-7.820071009258292604e-07
2.442000000000000171e+00,-7.820071907091621589e-07
2.443999999999999950e+00,-7.820072776588941396e-07
2.446000000000000174e+00,-7.820073725480780107e-07
2.447999999999999954e+00,-7.820074626194306986e-07
2.450000000000000178e+00,-7.820075522565743925e-07
2.451999999999999957e+00,-7.820076445097280984e-07
2.454000000000000181e+00,-7.820077346258617242e-07
2.455999999999999961e+00,-7.820078240929493660e-07
2.458000000000000185e+00,-7.820079164792914855e-07
2.459999999999999964e+00,-7.820080036703363766e-07
2.462000000000000188e+00,-7.820080956175036655e-07
2.463999999999999968e+00,-7.820081881753852034e-07
2.466000000000000192e+00,-7.820082756857401280e-07
2.467999999999999972e+00,-7.820083675570007711e-07
2.470000000000000195e+00,-7.820084573304313250e-07
2.471999999999999975e+00,-7.820085470201754473e-07
2.474000000000000199e+00,-7.820086367589087788e-07
2.475999999999999979e+00,-7.820087289371819135e-07
2.478000000000000203e+00,-7.820088188973429982e-07
2.479999999999999982e+00,-7.820089084569090620e-07
2.482000000000000206e+00,-7.820089980902948942e-07
2.483999999999999986e+00,-7.820090878634936787e-07
2.486000000000000210e+00,-7.820091747295363690e-07
2.487999999999999989e+00,-7.820092721423396041e-07
2.490000000000000213e+00,-7.820093656224648975e-07
2.491999999999999993e+00,-7.820094523929803766e-07
2.494000000000000217e+00,-7.820095392677539649e-07
2.495999999999999996e+00,-7.820096310418065659e-07
2.498000000000000220e+00,-7.820097184995410509e-07
2.500000000000000000e+00,-7.820098104568303836e-07
2.502000000000000224e+00,-7.820099032536968677e-07
2.504000000000000004e+00,-7.820099956890995590e-07
2.506000000000000227e+00,-7.820100882288409334e-07
2.508000000000000007e+00,-7.820101753058570845e-07
2.510000000000000231e+00,-7.820102650077089074e-07
2.512000000000000011e+00,-7.820103544567473360e-07
2.514000000000000234e+00,-7.820104466859882430e-07
2.516000000000000014e+00,-7.820105365799361270e-07
2.518000000000000238e+00,-7.820106290465855461e-07
2.520000000000000018e+00,-7.820107163153774738e-07
2.522000000000000242e+00,-7.820108083601188290e-07
2.524000000000000021e+00,-7.820108951309073704e-07
2.526000000000000245e+00,-7.820109959694839034e-07
2.528000000000000025e+00,-7.820110751802927970e-07
2.530000000000000249e+00,-7.820111696295560251e-07
2.532000000000000028e+00,-7.820112595684102077e-07
2.534000000000000252e+00,-7.820113493193379550e-07
2.536000000000000032e+00,-7.820114416464339315e-07
2.538000000000000256e+00,-7.820115285433231264e-07
2.540000000000000036e+00,-7.820116210068641464e-07
2.542000000000000259e+00,-7.820117106859086543e-07
2.544000000000000039e+00,-7.820118003956475186e-07
2.546000000000000263e+00,-7.820118927085218119e-07
2.548000000000000043e+00,-7.820119825703964757e-07
2.550000000000000266e+00,-7.820120723275261982e-07
2.552000000000000046e+00,-7.820121645388649580e-07
2.554000000000000270e+00,-7.820122572638088158e-07
2.556000000000000050e+00,-7.820123441674002649e-07
2.558000000000000274e+00,-7.820124336297732155e-07
2.560000000000000053e+00,-7.820125233358065224e-07
2.561999999999999833e+00,-7.820126103991834313e-07
2.564000000000000057e+00,-7.820127050940246983e-07
2.565999999999999837e+00,-7.820128005202333873e-07
2.568000000000000060e+00,-7.820128881393862000e-07
2.569999999999999840e+00,-7.820129774306833768e-07
2.572000000000000064e+00,-7.820130641435929923e-07
2.573999999999999844e+00,-7.820131563530540918e-07
2.576000000000000068e+00,-7.820132491267405664e-07
2.577999999999999847e+00,-7.820133387464399344e-07
2.580000000000000071e+00,-7.820134311173072913e-07
2.581999999999999851e+00,-7.820135211365597238e-07
2.584000000000000075e+00,-7.820136105954964735e-07
2.585999999999999854e+00,-7.820137004257240805e-07
2.588000000000000078e+00,-7.820137898066519545e-07
2.589999999999999858e+00,-7.820138821687294388e-07
2.592000000000000082e+00,-7.820139695167056063e-07
2.593999999999999861e+00,-7.820140614114197447e-07
2.596000000000000085e+00,-7.820141514545913288e-07
2.597999999999999865e+00,-7.820142410284969192e-07
2.600000000000000089e+00,-7.820143332497217182e-07
2.601999999999999869e+00,-7.820144260331111670e-07
2.604000000000000092e+00,-7.820145131181062626e-07
2.605999999999999872e+00,-7.820146051637017446e-07
2.608000000000000096e+00,-7.820146980069982338e-07
2.609999999999999876e+00,-7.820147820922456284e-07
2.612000000000000099e+00,-7.820148739253455314e-07
2.613999999999999879e+00,-7.820149667653321336e-07
2.616000000000000103e+00,-7.820150563796217138e-07
2.617999999999999883e+00,-7.820151461413135557e-07
2.620000000000000107e+00,-7.820152387224778059e-07
2.621999999999999886e+00,-7.820153310475944781e-07
2.624000000000000110e+00,-7.820154182583931305e-07
2.625999999999999890e+00,-7.820155076058098400e-07
2.628000000000000114e+00,-7.820156000318280415e-07
2.629999999999999893e+00,-7.820156898588472995e-07
2.632000000000000117e+00,-7.820157793388476410e-07
2.633999999999999897e+00,-7.820158690524372230e-07
2.636000000000000121e+00,-7.820159614254853722e-07
2.637999999999999901e+00,-7.820160540574758343e-07
2.640000000000000124e+00,-7.820161438945989248e-07
2.641999999999999904e+00,-7.820162334954217400e-07
2.644000000000000128e+00,-7.820163233134840481e-07
2.645999999999999908e+00,-7.820164126234243143e-07
2.648000000000000131e+00,-7.820165024620642290e-07
2.649999999999999911e+00,-7.820165893442941424e-07
2.652000000000000135e+00,-7.820166840994585548e-07
2.653999999999999915e+00,-7.820167741567887181e-07
2.656000000000000139e+00,-7.820168667209710165e-07
2.657999999999999918e+00,-7.820169563555678940e-07
2.660000000000000142e+00,-7.820170434434348548e-07
2.661999999999999922e+00,-7.820171381638944215e-07
2.664000000000000146e+00,-7.820172283029127599e-07
2.665999999999999925e+00,-7.820173178009231395e-07
2.668000000000000149e+00,-7.820174102815366379e-07
2.669999999999999929e+00,-7.820174974654683580e-07
2.672000000000000153e+00,-7.820175867591764024e-07
2.673999999999999932e+00,-7.820176764689411013e-07
2.676000000000000156e+00,-7.820177686775895786e-07
2.677999999999999936e+00,-7.820178612560019246e-07
2.680000000000000160e+00,-7.820179510623605667e-07
2.681999999999999940e+00,-7.820180406615776191e-07
2.684000000000000163e+00,-7.820181275967412684e-07
2.685999999999999943e+00,-7.820182200015550589e-07
2.688000000000000167e+00,-7.820183125741222423e-07
2.689999999999999947e+00,-7.820184048620198633e-07
2.692000000000000171e+00,-7.820184921362347077e-07
2.693999999999999950e+00,-7.820185843444351046e-07
2.696000000000000174e+00,-7.820186714113089890e-07
2.697999999999999954e+00,-7.820187634049809278e-07
2.700000000000000178e+00,-7.820188532326050732e-07
2.701999999999999957e+00,-7.820189457488935876e-07
2.704000000000000181e+00,-7.820190355786988429e-07
2.705999999999999961e+00,-7.820191223954641209e-07
2.708000000000000185e+00,-7.820192144682668305e-07
2.709999999999999964e+00,-7.820193044694772494e-07
2.712000000000000188e+00,-7.820193911778814966e-07
2.713999999999999968e+00,-7.820194889648664067e-07
2.716000000000000192e+00,-7.820195791426921948e-07
2.717999999999999972e+00,-7.820196660823227782e-07
2.720000000000000195e+00,-7.820197582128682533e-07
2.721999999999999975e+00,-7.820198507654347653e-07
2.724000000000000199e+00,-7.820199379955020407e-07
2.725999999999999979e+00,-7.820200301184559830e-07
2.728000000000000203e+00,-7.820201199613859079e-07
2.729999999999999982e+00,-7.820202121553937383e-07
2.732000000000000206e+00,-7.820203021126742758e-07
2.733999999999999986e+00,-7.820203890731979856e-07
2.736000000000000210e+00,-7.820204811818902224e-07
2.737999999999999989e+00,-7.820205709213481906e-07
2.740000000000000213e+00,-7.820206631783497555e-07
2.741999999999999993e+00,-7.820207532650531156e-07
2.744000000000000217e+00,-7.820208400962755519e-07
2.745999999999999996e+00,-7.820209322657824250e-07
2.748000000000000220e+00,-7.820210218624092507e-07
2.750000000000000000e+00,-7.820211117326695407e-07
2.752000000000000224e+00,-7.820212067057283083e-07
2.754000000000000004e+00,-7.820212968739747891e-07
2.756000000000000227e+00,-7.820213836525288227e-07
2.758000000000000007e+00,-7.820214758297641302e-07
2.760000000000000231e+00,-7.820215656734709961e-07
2.762000000000000011e+00,-7.820216552370778305e-07
2.764000000000000234e+00,-7.820217502359796793e-07
2.766000000000000014e+00,-7.820218403364385368e-07
2.768000000000000238e+00,-7.820219329036189083e-07
2.770000000000000018e+00,-7.820220199875306487e-07
2.772000000000000242e+00,-7.820221092593814314e-07
2.774000000000000021e+00,-7.820221963767179389e-07
2.776000000000000245e+00,-7.820222881632382296e-07
2.778000000000000025e+00,-7.820223783194567367e-07
2.780000000000000249e+00,-7.820224704907613313e-07
2.782000000000000028e+00,-7.820225602627286358e-07
2.784000000000000252e+00,-7.820226499544532269e-07
2.786000000000000032e+00,-7.820227397547631009e-07
2.788000000000000256e+00,-7.820228291348807879e-07
2.790000000000000036e+00,-7.820229215492210520e-07
2.792000000000000259e+00,-7.820230142535115996e-07
2.794000000000000039e+00,-7.820231038936877773e-07
2.796000000000000263e+00,-7.820231937021134974e-07
2.798000000000000043e+00,-7.820232859674967709e-07
2.800000000000000266e+00,-7.820233731512203327e-07
2.802000000000000046e+00,-7.820234650948121897e-07
2.804000000000000270e+00,-7.820235523818459248e-07
2.806000000000000050e+00,-7.820236444258013393e-07
2.808000000000000274e+00,-7.820237344673583727e-07
2.810000000000000053e+00,-7.820238237148576993e-07
2.812000000000000277e+00,-7.820239190966923439e-07
2.814000000000000057e+00,-7.820240119303680212e-07
2.815999999999999837e+00,-7.820240989128698007e-07
2.818000000000000060e+00,-7.820241855999619578e-07
2.819999999999999840e+00,-7.820242804273222706e-07
2.822000000000000064e+00,-7.820243706170582949e-07
2.823999999999999844e+00,-7.820244602985963619e-07
2.826000000000000068e+00,-7.820245469177340302e-07
2.827999999999999847e+00,-7.820246364914938251e-07
2.830000000000000071e+00,-7.820247259925916398e-07
2.831999999999999851e+00,-7.820248210873100673e-07
2.834000000000000075e+00,-7.820249114418631389e-07
2.835999999999999854e+00,-7.820250006736077586e-07
2.838000000000000078e+00,-7.820250904667824387e-07
2.839999999999999858e+00,-7.820251827081143176e-07
2.842000000000000082e+00,-7.820252726143385677e-07
2.843999999999999861e+00,-7.820253622064709307e-07
2.846000000000000085e+00,-7.820254518197572005e-07
2.847999999999999865e+00,-7.820255416315580292e-07
2.850000000000000089e+00,-7.820256339717615229e-07
2.851999999999999869e+00,-7.820257264722429203e-07
2.854000000000000092e+00,-7.820258162186200889e-07
2.855999999999999872e+00,-7.820259057119844927e-07
2.858000000000000096e+00,-7.820259982089748437e-07
2.859999999999999876e+00,-7.820260827241826210e-07
2.862000000000000099e+00,-7.820261745300852490e-07
2.863999999999999879e+00,-7.820262671160413763e-07
2.866000000000000103e+00,-7.820263595925415768e-07
2.867999999999999883e+00,-7.820264494503060132e-07
2.870000000000000107e+00,-7.820265389899586500e-07
2.871999999999999886e+00,-7.820266259136086863e-07
2.874000000000000110e+00,-7.820267183290947743e-07
2.875999999999999890e+00,-7.820268080528735274e-07
2.878000000000000114e+00,-7.820269002308835524e-07
2.879999999999999893e+00,-7.820269900698906560e-07
2.882000000000000117e+00,-7.820270799884617877e-07
2.883999999999999897e+00,-7.820271694109691326e-07
2.886000000000000121e+00,-7.820272617312398235e-07
2.887999999999999901e+00,-7.820273544382926514e-07
2.890000000000000124e+00,-7.820274441442588310e-07
2.891999999999999904e+00,-7.820275308480108556e-07
2.894000000000000128e+00,-7.820276232584910847e-07
2.895999999999999908e+00,-7.820277128316313809e-07
2.898000000000000131e+00,-7.820278026743114311e-07
2.899999999999999911e+00,-7.820278925187468511e-07
2.902000000000000135e+00,-7.820279844323020727e-07
2.903999999999999915e+00,-7.820280772139934322e-07
2.906000000000000139e+00,-7.820281668020544255e-07
2.907999999999999918e+00,-7.820282567522040043e-07
2.910000000000000142e+00,-7.820283463119614975e-07
2.911999999999999922e+00,-7.820284386884544238e-07
2.914000000000000146e+00,-7.820285311788228830e-07
2.915999999999999925e+00,-7.820286182441668142e-07
2.918000000000000149e+00,-7.820287105323502029e-07
2.919999999999999929e+00,-7.820287974189356656e-07
2.922000000000000153e+00,-7.820288869469791865e-07
2.923999999999999932e+00,-7.820289766373744653e-07
2.926000000000000156e+00,-7.820290715586870373e-07
2.927999999999999936e+00,-7.820291642441976998e-07
2.930000000000000160e+00,-7.820292514935459862e-07
2.931999999999999940e+00,-7.820293436928125148e-07
2.934000000000000163e+00,-7.820294332754927313e-07
2.935999999999999943e+00,-7.820295205006380042e-07
2.938000000000000167e+00,-7.820296098432839065e-07
2.939999999999999947e+00,-7.820297021767802757e-07
2.942000000000000171e+00,-7.820297919704561876e-07
2.943999999999999950e+00,-7.820298788881282888e-07
2.946000000000000174e+00,-7.820299709155461261e-07
2.947999999999999954e+00,-7.820300636369666445e-07
2.950000000000000178e+00,-7.820301533572700214e-07
2.951999999999999957e+00,-7.820302483768120514e-07
2.954000000000000181e+00,-7.820303357868978627e-07
2.955999999999999961e+00,-7.820304278062318293e-07
2.958000000000000185e+00,-7.820305177775049275e-07
2.959999999999999964e+00,-7.820306047677372592e-07
2.962000000000000188e+00,-7.820306911796046947e-07
2.963999999999999968e+00,-7.820307861181195530e-07
2.966000000000000192e+00,-7.820308788047775216e-07
2.967999999999999972e+00,-7.820309660663691398e-07
2.970000000000000195e+00,-7.820310582025234553e-07
2.971999999999999975e+00,-7.820311480161933682e-07
2.974000000000000199e+00,-7.820312374253617442e-07
2.975999999999999979e+00,-7.820313299371620428e-07
2.978000000000000203e+00,-7.820314225229221878e-07
2.979999999999999982e+00,-7.820315097249197443e-07
2.982000000000000206e+00,-7.820315962443618465e-07
2.983999999999999986e+00,-7.820316911270326696e-07
2.986000000000000210e+00,-7.820317810815031752e-07
2.987999999999999989e+00,-7.820318709398582053e-07
2.990000000000000213e+00,-7.820319658311680233e-07
2.991999999999999993e+00,-7.820320531803193431e-07
2.994000000000000217e+00,-7.820321427672230776e-07
2.995999999999999996e+00,-7.820322321844667481e-07
2.998000000000000220e+00,-7.820323245789085143e-07
3.000000000000000000e+00,-7.820324117324050701e-07
3.002000000000000224e+00,-7.820325065937217690e-07
3.004000000000000004e+00,-7.820325966155401819e-07
3.006000000000000227e+00,-7.820326862272174067e-07
3.008000000000000007e+00,-7.820327729076879896e-07
3.010000000000000231e+00,-7.820328652941332353e-07
3.012000000000000011e+00,-7.820329495687476566e-07
3.014000000000000234e+00,-7.820330467372840599e-07
3.016000000000000014e+00,-7.820331373477159381e-07
3.018000000000000238e+00,-7.820332295233336244e-07
3.020000000000000018e+00,-7.820333193112762880e-07
3.022000000000000242e+00,-7.820334089511146054e-07
3.024000000000000021e+00,-7.820334957235032979e-07
3.026000000000000245e+00,-7.820335908711935777e-07
3.028000000000000025e+00,-7.820336808535492550e-07
3.030000000000000249e+00,-7.820337731430314629e-07
3.032000000000000028e+00,-7.820338602576340657e-07
3.034000000000000252e+00,-7.820339496418817795e-07
3.036000000000000032e+00,-7.820340393984191083e-07
3.038000000000000256e+00,-7.820341345658476910e-07
3.040000000000000036e+00,-7.820342243779294171e-07
3.042000000000000259e+00,-7.820343140522508693e-07
3.044000000000000039e+00,-7.820344034962148294e-07
3.046000000000000263e+00,-7.820344932795697507e-07
3.048000000000000043e+00,-7.820345828659455719e-07
3.050000000000000266e+00,-7.820346726107662116e-07
3.052000000000000046e+00,-7.820347646889950143e-07
3.054000000000000270e+00,-7.820348546377619177e-07
3.056000000000000050e+00,-7.820349443578804297e-07
3.058000000000000274e+00,-7.820350338261641880e-07
3.060000000000000053e+00,-7.820351263656944394e-07
3.062000000000000277e+00,-7.820352131822677586e-07
3.064000000000000057e+00,-7.820353084962727459e-07
3.066000000000000281e+00,-7.820353953823238366e-07
3.068000000000000060e+00,-7.820354875342919396e-07
3.070000000000000284e+00,-7.820355748720412431e-07
3.072000000000000064e+00,-7.820356668302604062e-07
3.073999999999999844e+00,-7.820357566347833161e-07
3.076000000000000068e+00,-7.820358491482443287e-07
3.077999999999999847e+00,-7.820359416390376808e-07
3.080000000000000071e+00,-7.820360314702669043e-07
3.081999999999999851e+00,-7.820361182620311578e-07
3.084000000000000075e+00,-7.820362105595127449e-07
3.085999999999999854e+00,-7.820362974700400173e-07
3.088000000000000078e+00,-7.820363924364152715e-07
3.089999999999999858e+00,-7.820364822965560588e-07
3.092000000000000082e+00,-7.820365748171040902e-07
3.093999999999999861e+00,-7.820366646950842384e-07
3.096000000000000085e+00,-7.820367541331134621e-07
3.097999999999999865e+00,-7.820368466630491596e-07
3.100000000000000089e+00,-7.820369336228973607e-07
3.101999999999999869e+00,-7.820370256950405493e-07
3.104000000000000092e+00,-7.820371157249946078e-07
3.105999999999999872e+00,-7.820372053121738398e-07
3.108000000000000096e+00,-7.820372945687658533e-07
3.109999999999999876e+00,-7.820373844551063226e-07
3.112000000000000099e+00,-7.820374769267796000e-07
3.113999999999999879e+00,-7.820375665019680218e-07
3.116000000000000103e+00,-7.820376591239133085e-07
3.117999999999999883e+00,-7.820377515921351384e-07
3.120000000000000107e+00,-7.820378385321009351e-07
3.121999999999999886e+00,-7.820379278999002219e-07
3.124000000000000110e+00,-7.820380177057553029e-07
3.125999999999999890e+00,-7.820381098989814278e-07
3.128000000000000114e+00,-7.820381998528382581e-07
3.129999999999999893e+00,-7.820382892783124418e-07
3.132000000000000117e+00,-7.820383789128850730e-07
3.133999999999999897e+00,-7.820384686666361928e-07
3.136000000000000121e+00,-7.820385610261086273e-07
3.137999999999999901e+00,-7.820386507846935524e-07
3.140000000000000124e+00,-7.820387432031563259e-07
3.141999999999999904e+00,-7.820388329542206572e-07
3.144000000000000128e+00,-7.820389227262268193e-07
3.145999999999999908e+00,-7.820390123378149998e-07
3.148000000000000131e+00,-7.820391016567258742e-07
3.149999999999999911e+00,-7.820391913740173079e-07
3.152000000000000135e+00,-7.820392836598412863e-07
3.153999999999999915e+00,-7.820393764350167390e-07
3.156000000000000139e+00,-7.820394659888008500e-07
3.157999999999999918e+00,-7.820395556810535662e-07
3.160000000000000142e+00,-7.820396455278212915e-07
3.161999999999999922e+00,-7.820397350057299910e-07
3.164000000000000146e+00,-7.820398272365892604e-07
3.165999999999999925e+00,-7.820399170045662986e-07
3.168000000000000149e+00,-7.820400069564582241e-07
3.169999999999999929e+00,-7.820400961150870657e-07
3.172000000000000153e+00,-7.820401889172857281e-07
3.173999999999999932e+00,-7.820402812823448742e-07
3.176000000000000156e+00,-7.820403710675760794e-07
3.177999999999999936e+00,-7.820404580145644145e-07
3.180000000000000160e+00,-7.820405500976988085e-07
3.181999999999999940e+00,-7.820406396493159975e-07
3.184000000000000163e+00,-7.820407298504887665e-07
3.185999999999999943e+00,-7.820408189878090120e-07
3.188000000000000167e+00,-7.820409085670421220e-07
3.189999999999999947e+00,-7.820410039418828155e-07
3.192000000000000171e+00,-7.820410911636023695e-07
3.193999999999999950e+00,-7.820411832315710621e-07
3.196000000000000174e+00,-7.820412730745128455e-07
3.197999999999999954e+00,-7.820413626710241571e-07
3.200000000000000178e+00,-7.820414495428144953e-07
3.201999999999999957e+00,-7.820415443337614969e-07
3.204000000000000181e+00,-7.820416346369697606e-07
3.205999999999999961e+00,-7.820417268182129104e-07
3.208000000000000185e+00,-7.820418139205290886e-07
3.209999999999999964e+00,-7.820419060846867368e-07
3.212000000000000188e+00,-7.820419929618097827e-07
3.213999999999999968e+00,-7.820420851311709661e-07
3.216000000000000192e+00,-7.820421779789136372e-07
3.217999999999999972e+00,-7.820422674267584905e-07
3.220000000000000195e+00,-7.820423574505269849e-07
3.221999999999999975e+00,-7.820424467500090412e-07
3.224000000000000199e+00,-7.820425363857276021e-07
3.225999999999999979e+00,-7.820426289299550748e-07
3.228000000000000203e+00,-7.820427184816113331e-07
3.229999999999999982e+00,-7.820428110050230770e-07
3.232000000000000206e+00,-7.820429006564303822e-07
3.233999999999999986e+00,-7.820429905020377782e-07
3.236000000000000210e+00,-7.820430797997395829e-07
3.237999999999999989e+00,-7.820431697068180657e-07
3.240000000000000213e+00,-7.820432620168081060e-07
3.241999999999999993e+00,-7.820433516470799274e-07
3.244000000000000217e+00,-7.820434414698278100e-07
3.245999999999999996e+00,-7.820435310554233021e-07
3.248000000000000220e+00,-7.820436233016893597e-07
3.250000000000000000e+00,-7.820437103601689358e-07
3.252000000000000224e+00,-7.820438054504136529e-07
3.254000000000000004e+00,-7.820438952655770966e-07
3.256000000000000227e+00,-7.820439848361473890e-07
3.258000000000000007e+00,-7.820440744901118866e-07
3.260000000000000231e+00,-7.820441642086423177e-07
3.262000000000000011e+00,-7.820442564861863373e-07
3.264000000000000234e+00,-7.820443487859386080e-07
3.266000000000000014e+00,-7.820444360774142898e-07
3.268000000000000238e+00,-7.820445254698462476e-07
3.270000000000000018e+00,-7.820446180216032079e-07
3.272000000000000242e+00,-7.820447077175084361e-07
3.274000000000000021e+00,-7.820447999930619283e-07
3.276000000000000245e+00,-7.820448899377289805e-07
3.278000000000000025e+00,-7.820449792872801071e-07
3.280000000000000249e+00,-7.820450691796957085e-07
3.282000000000000028e+00,-7.820451584906865073e-07
3.284000000000000252e+00,-7.820452482703445533e-07
3.286000000000000032e+00,-7.820453378857984862e-07
3.288000000000000256e+00,-7.820454301166502382e-07
3.290000000000000036e+00,-7.820455228313283743e-07
3.292000000000000259e+00,-7.820456126544787034e-07
3.294000000000000039e+00,-7.820457046975708854e-07
3.296000000000000263e+00,-7.820457920586328649e-07
3.298000000000000043e+00,-7.820458813231302370e-07
3.300000000000000266e+00,-7.820459710590817006e-07
3.302000000000000046e+00,-7.820460634200244783e-07
3.304000000000000270e+00,-7.820461558944414013e-07
3.306000000000000050e+00,-7.820462428462810117e-07
3.308000000000000274e+00,-7.820463295403276269e-07
3.310000000000000053e+00,-7.820464246438062809e-07
3.312000000000000277e+00,-7.820465144672601655e-07
3.314000000000000057e+00,-7.820466068258239453e-07
3.316000000000000281e+00,-7.820466966037924783e-07
3.318000000000000060e+00,-7.820467863180228407e-07
3.320000000000000284e+00,-7.820468758693428270e-07
3.322000000000000064e+00,-7.820469654893889490e-07
3.324000000000000288e+00,-7.820470578574216043e-07
3.326000000000000068e+00,-7.820471476733695064e-07
3.328000000000000291e+00,-7.820472400898856924e-07
3.330000000000000071e+00,-7.820473269482284296e-07
3.331999999999999851e+00,-7.820474165510899472e-07
3.334000000000000075e+00,-7.820475087981988025e-07
3.335999999999999854e+00,-7.820475984902760770e-07
3.338000000000000078e+00,-7.820476883875255895e-07
3.339999999999999858e+00,-7.820477805342731108e-07
3.342000000000000082e+00,-7.820478730616797797e-07
3.343999999999999861e+00,-7.820479628625123789e-07
3.346000000000000085e+00,-7.820480525567972330e-07
3.347999999999999865e+00,-7.820481421663741337e-07
3.350000000000000089e+00,-7.820482317383148194e-07
3.351999999999999869e+00,-7.820483240893295240e-07
3.354000000000000092e+00,-7.820484139562459396e-07
3.355999999999999872e+00,-7.820485034151411847e-07
3.358000000000000096e+00,-7.820485959345065463e-07
3.359999999999999876e+00,-7.820486830084316624e-07
3.362000000000000099e+00,-7.820487749536353172e-07
3.363999999999999879e+00,-7.820488677039561762e-07
3.366000000000000103e+00,-7.820489573825098285e-07
3.367999999999999883e+00,-7.820490468646696806e-07
3.370000000000000107e+00,-7.820491366968052293e-07
3.371999999999999886e+00,-7.820492235618740434e-07
3.374000000000000110e+00,-7.820493183267232188e-07
3.375999999999999890e+00,-7.820494083342325983e-07
3.378000000000000114e+00,-7.820495008274343827e-07
3.379999999999999893e+00,-7.820495876920359522e-07
3.382000000000000117e+00,-7.820496772396744157e-07
3.383999999999999897e+00,-7.820497697023865080e-07
3.386000000000000121e+00,-7.820498566035154205e-07
3.387999999999999901e+00,-7.820499485907940606e-07
3.390000000000000124e+00,-7.820500412928518293e-07
3.391999999999999904e+00,-7.820501311755513274e-07
3.394000000000000128e+00,-7.820502205806374281e-07
3.395999999999999908e+00,-7.820503103315636931e-07
3.398000000000000131e+00,-7.820503997872732472e-07
3.399999999999999911e+00,-7.820504894434820645e-07
3.402000000000000135e+00,-7.820505845726720860e-07
3.403999999999999915e+00,-7.820506719063232324e-07
3.406000000000000139e+00,-7.820507640251808174e-07
3.407999999999999918e+00,-7.820508565308961372e-07
3.410000000000000142e+00,-7.820509464385027451e-07
3.411999999999999922e+00,-7.820510330176088952e-07
3.414000000000000146e+00,-7.820511253850946848e-07
3.415999999999999925e+00,-7.820512151816820607e-07
3.418000000000000149e+00,-7.820513047125172963e-07
3.419999999999999929e+00,-7.820513971988298441e-07
3.422000000000000153e+00,-7.820514869103530893e-07
3.423999999999999932e+00,-7.820515736783287401e-07
3.426000000000000156e+00,-7.820516686894459686e-07
3.427999999999999936e+00,-7.820517584833853078e-07
3.430000000000000160e+00,-7.820518512536987913e-07
3.431999999999999940e+00,-7.820519379262823328e-07
3.434000000000000163e+00,-7.820520300523114282e-07
3.435999999999999943e+00,-7.820521172833553326e-07
3.438000000000000167e+00,-7.820522094291893289e-07
3.439999999999999947e+00,-7.820523019222007427e-07
3.442000000000000171e+00,-7.820523889430229280e-07
3.443999999999999950e+00,-7.820524811269622896e-07
3.446000000000000174e+00,-7.820525710317184198e-07
3.447999999999999954e+00,-7.820526604843108928e-07
3.450000000000000178e+00,-7.820527500635983188e-07
3.451999999999999957e+00,-7.820528425065962487e-07
3.454000000000000181e+00,-7.820529323296025822e-07
3.455999999999999961e+00,-7.820530220577154970e-07
3.458000000000000185e+00,-7.820531114762981148e-07
3.459999999999999964e+00,-7.820532065365483365e-07
3.462000000000000188e+00,-7.820532940076031558e-07
3.463999999999999968e+00,-7.820533859629399716e-07
3.466000000000000192e+00,-7.820534785414767256e-07
3.467999999999999972e+00,-7.820535683866192064e-07
3.470000000000000195e+00,-7.820536552485773979e-07
3.471999999999999975e+00,-7.820537472687049285e-07
3.474000000000000199e+00,-7.820538344478009375e-07
3.475999999999999979e+00,-7.820539238399508334e-07
3.478000000000000203e+00,-7.820540161690633836e-07
3.479999999999999982e+00,-7.820541060116086496e-07
3.482000000000000206e+00,-7.820541954406856880e-07
3.483999999999999986e+00,-7.820542879588541920e-07
3.486000000000000210e+00,-7.820543776528020329e-07
3.487999999999999989e+00,-7.820544647208755277e-07
3.490000000000000213e+00,-7.820545621428577413e-07
3.491999999999999993e+00,-7.820546497630290052e-07
3.494000000000000217e+00,-7.820547389767470697e-07
3.495999999999999996e+00,-7.820548286080747177e-07
3.498000000000000220e+00,-7.820549206535956608e-07
3.500000000000000000e+00,-7.820550081858064707e-07
3.502000000000000224e+00,-7.820551030528247602e-07
3.504000000000000004e+00,-7.820551929248257028e-07
3.506000000000000227e+00,-7.820552824629806795e-07
3.508000000000000007e+00,-7.820553693835736680e-07
3.510000000000000231e+00,-7.820554614929225671e-07
3.512000000000000011e+00,-7.820555486253699306e-07
3.514000000000000234e+00,-7.820556462321854271e-07
3.516000000000000014e+00,-7.820557335965232006e-07
3.518000000000000238e+00,-7.820558258487389235e-07
3.520000000000000018e+00,-7.820559183512932222e-07
3.522000000000000242e+00,-7.820560054764276209e-07
3.524000000000000021e+00,-7.820560949338982625e-07
3.526000000000000245e+00,-7.820561842937226282e-07
3.528000000000000025e+00,-7.820562740948793233e-07
3.530000000000000249e+00,-7.820563663075129848e-07
3.532000000000000028e+00,-7.820564589067529181e-07
3.534000000000000252e+00,-7.820565485892395561e-07
3.536000000000000032e+00,-7.820566382808994551e-07
3.538000000000000256e+00,-7.820567305880749107e-07
3.540000000000000036e+00,-7.820568205401928882e-07
3.542000000000000259e+00,-7.820569099772379655e-07
3.544000000000000039e+00,-7.820570024209864725e-07
3.546000000000000263e+00,-7.820570894483109063e-07
3.548000000000000043e+00,-7.820571787246226939e-07
3.550000000000000266e+00,-7.820572682934267108e-07
3.552000000000000046e+00,-7.820573607192060490e-07
3.554000000000000270e+00,-7.820574532977594260e-07
3.556000000000000050e+00,-7.820575429422836355e-07
3.558000000000000274e+00,-7.820576328494962672e-07
3.560000000000000053e+00,-7.820577220145057021e-07
3.562000000000000277e+00,-7.820578120281077895e-07
3.564000000000000057e+00,-7.820579067986686139e-07
3.566000000000000281e+00,-7.820579943457446402e-07
3.568000000000000060e+00,-7.820580835705411545e-07
3.570000000000000284e+00,-7.820581760174537531e-07
3.572000000000000064e+00,-7.820582629503563537e-07
3.574000000000000288e+00,-7.820583524378931709e-07
3.576000000000000068e+00,-7.820584475562121598e-07
3.578000000000000291e+00,-7.820585376228281336e-07
3.580000000000000071e+00,-7.820586270948228491e-07
3.582000000000000295e+00,-7.820587167059022803e-07
3.584000000000000075e+00,-7.820588061663282198e-07
3.585999999999999854e+00,-7.820588985736520866e-07
3.588000000000000078e+00,-7.820589857538115455e-07
3.589999999999999858e+00,-7.820590777260050581e-07
3.592000000000000082e+00,-7.820591676127224571e-07
3.593999999999999861e+00,-7.820592597775498966e-07
3.596000000000000085e+00,-7.820593496718249471e-07
3.597999999999999865e+00,-7.820594391896285808e-07
3.600000000000000089e+00,-7.820595289915259003e-07
3.601999999999999869e+00,-7.820596213532791828e-07
3.604000000000000092e+00,-7.820597111044762865e-07
3.605999999999999872e+00,-7.820598006934312172e-07
3.608000000000000096e+00,-7.820598901225802533e-07
3.609999999999999876e+00,-7.820599801282803704e-07
3.612000000000000099e+00,-7.820600721892885698e-07
3.613999999999999879e+00,-7.820601619047552827e-07
3.616000000000000103e+00,-7.820602515941296750e-07
3.617999999999999883e+00,-7.820603467853882592e-07
3.620000000000000107e+00,-7.820604340842140694e-07
3.621999999999999886e+00,-7.820605233449948726e-07
3.624000000000000110e+00,-7.820606101876715238e-07
3.625999999999999890e+00,-7.820607051498638116e-07
3.628000000000000114e+00,-7.820607949104953801e-07
3.629999999999999893e+00,-7.820608847559679920e-07
3.632000000000000117e+00,-7.820609768158907186e-07
3.633999999999999897e+00,-7.820610668307421797e-07
3.636000000000000121e+00,-7.820611564558837343e-07
3.637999999999999901e+00,-7.820612486411709370e-07
3.640000000000000124e+00,-7.820613385686345383e-07
3.641999999999999904e+00,-7.820614279645701420e-07
3.644000000000000128e+00,-7.820615177781818214e-07
3.645999999999999908e+00,-7.820616073420489067e-07
3.648000000000000131e+00,-7.820616994903888500e-07
3.649999999999999911e+00,-7.820617895698314437e-07
3.652000000000000135e+00,-7.820618817081858213e-07
3.653999999999999915e+00,-7.820619715596216511e-07
3.656000000000000139e+00,-7.820620609843728922e-07
3.657999999999999918e+00,-7.820621509170091119e-07
3.660000000000000142e+00,-7.820622376141876314e-07
3.661999999999999922e+00,-7.820623324937928305e-07
3.664000000000000146e+00,-7.820624223136622834e-07
3.665999999999999925e+00,-7.820625121438943373e-07
3.668000000000000149e+00,-7.820626043118981504e-07
3.669999999999999929e+00,-7.820626942383795111e-07
3.672000000000000153e+00,-7.820627837174289523e-07
3.673999999999999932e+00,-7.820628733688531981e-07
3.676000000000000156e+00,-7.820629684788962515e-07
3.677999999999999936e+00,-7.820630556500288803e-07
3.680000000000000160e+00,-7.820631423853302352e-07
3.681999999999999940e+00,-7.820632346792053678e-07
3.684000000000000163e+00,-7.820633242826469971e-07
3.685999999999999943e+00,-7.820634138526286015e-07
3.688000000000000167e+00,-7.820635089722321159e-07
3.689999999999999947e+00,-7.820635989406715712e-07
3.692000000000000171e+00,-7.820636859269962222e-07
3.693999999999999950e+00,-7.820637778016311269e-07
3.696000000000000174e+00,-7.820638679073186130e-07
3.697999999999999954e+00,-7.820639572638465383e-07
3.700000000000000178e+00,-7.820640442264277970e-07
3.701999999999999957e+00,-7.820641363281727754e-07
3.704000000000000181e+00,-7.820642288357570734e-07
3.705999999999999961e+00,-7.820643213183151477e-07
3.708000000000000185e+00,-7.820644113001521232e-07
3.709999999999999964e+00,-7.820645007332335098e-07
3.712000000000000188e+00,-7.820645902691298732e-07
3.713999999999999968e+00,-7.820646801065357668e-07
3.716000000000000192e+00,-7.820647723395150537e-07
3.717999999999999972e+00,-7.820648649176163269e-07
3.720000000000000195e+00,-7.820649519408575325e-07
3.721999999999999975e+00,-7.820650412567067005e-07
3.724000000000000199e+00,-7.820651361726105436e-07
3.725999999999999979e+00,-7.820652265672301794e-07
3.728000000000000203e+00,-7.820653131415413819e-07
3.729999999999999982e+00,-7.820654053403015966e-07
3.732000000000000206e+00,-7.820654950122366393e-07
3.733999999999999986e+00,-7.820655847328766060e-07
3.736000000000000210e+00,-7.820656743081770479e-07
3.737999999999999989e+00,-7.820657667851612219e-07
3.740000000000000213e+00,-7.820658536733553060e-07
3.741999999999999993e+00,-7.820659457253478985e-07
3.744000000000000217e+00,-7.820660384457530361e-07
3.745999999999999996e+00,-7.820661280718400912e-07
3.748000000000000220e+00,-7.820662178576985243e-07
3.750000000000000000e+00,-7.820663101133510833e-07
3.752000000000000224e+00,-7.820663998905620512e-07
3.754000000000000004e+00,-7.820664893289404642e-07
3.756000000000000227e+00,-7.820665790439777314e-07
3.758000000000000007e+00,-7.820666713562343259e-07
3.760000000000000231e+00,-7.820667586138442541e-07
3.762000000000000011e+00,-7.820668504158305193e-07
3.764000000000000234e+00,-7.820669431345655198e-07
3.766000000000000014e+00,-7.820670327373850034e-07
3.768000000000000238e+00,-7.820671225004435329e-07
3.770000000000000018e+00,-7.820672093155169685e-07
3.772000000000000242e+00,-7.820673013220193389e-07
3.774000000000000021e+00,-7.820673913367020286e-07
3.776000000000000245e+00,-7.820674834824171226e-07
3.778000000000000025e+00,-7.820675762431931211e-07
3.780000000000000249e+00,-7.820676631264998251e-07
3.782000000000000028e+00,-7.820677525621369219e-07
3.784000000000000252e+00,-7.820678421643758703e-07
3.786000000000000032e+00,-7.820679344154516985e-07
3.788000000000000256e+00,-7.820680270028361351e-07
3.790000000000000036e+00,-7.820681169403319946e-07
3.792000000000000259e+00,-7.820682062871638279e-07
3.794000000000000039e+00,-7.820682931950406284e-07
3.796000000000000263e+00,-7.820683853293273421e-07
3.798000000000000043e+00,-7.820684752173473718e-07
3.800000000000000266e+00,-7.820685645882581283e-07
3.802000000000000046e+00,-7.820686600548732535e-07
3.804000000000000270e+00,-7.820687497488541286e-07
3.806000000000000050e+00,-7.820688394599635982e-07
3.808000000000000274e+00,-7.820689316816986287e-07
3.810000000000000053e+00,-7.820690188010679094e-07
3.812000000000000277e+00,-7.820691081578972725e-07
3.814000000000000057e+00,-7.820692033403846187e-07
3.816000000000000281e+00,-7.820692904878673465e-07
3.818000000000000060e+00,-7.820693798299372664e-07
3.820000000000000284e+00,-7.820694694987530045e-07
3.822000000000000064e+00,-7.820695618034548062e-07
3.824000000000000288e+00,-7.820696515805610596e-07
3.826000000000000068e+00,-7.820697440348529033e-07
3.828000000000000291e+00,-7.820698336878613125e-07
3.830000000000000071e+00,-7.820699233650088901e-07
3.832000000000000295e+00,-7.820700101145497159e-07
3.834000000000000075e+00,-7.820701022780973946e-07
3.836000000000000298e+00,-7.820701920406842327e-07
3.838000000000000078e+00,-7.820702842788284089e-07
3.839999999999999858e+00,-7.820703768030909974e-07
3.842000000000000082e+00,-7.820704668806118851e-07
3.843999999999999861e+00,-7.820705563060018949e-07
3.846000000000000085e+00,-7.820706458411904564e-07
3.847999999999999865e+00,-7.820707356800494350e-07
3.850000000000000089e+00,-7.820708248660013360e-07
3.851999999999999869e+00,-7.820709173859569737e-07
3.854000000000000092e+00,-7.820710045227680392e-07
3.855999999999999872e+00,-7.820710965358624435e-07
3.858000000000000096e+00,-7.820711889558346297e-07
3.859999999999999876e+00,-7.820712816047708330e-07
3.862000000000000099e+00,-7.820713658931107880e-07
3.863999999999999879e+00,-7.820714607099307286e-07
3.866000000000000103e+00,-7.820715504528978485e-07
3.867999999999999883e+00,-7.820716404088959780e-07
3.870000000000000107e+00,-7.820717296349841117e-07
3.871999999999999886e+00,-7.820718165887778271e-07
3.874000000000000110e+00,-7.820719116154887204e-07
3.875999999999999890e+00,-7.820720014329137421e-07
3.878000000000000114e+00,-7.820720935867875633e-07
3.879999999999999893e+00,-7.820721835738679904e-07
3.882000000000000117e+00,-7.820722732263094169e-07
3.883999999999999897e+00,-7.820723627452572862e-07
3.886000000000000121e+00,-7.820724523587670668e-07
3.887999999999999901e+00,-7.820725417915133460e-07
3.890000000000000124e+00,-7.820726344347884046e-07
3.891999999999999904e+00,-7.820727239726803776e-07
3.894000000000000128e+00,-7.820728135403906632e-07
3.895999999999999908e+00,-7.820729060029382193e-07
3.898000000000000131e+00,-7.820729958698274240e-07
3.899999999999999911e+00,-7.820730853084421593e-07
3.902000000000000135e+00,-7.820731777377825299e-07
3.903999999999999915e+00,-7.820732674704120361e-07
3.906000000000000139e+00,-7.820733570548447638e-07
3.907999999999999918e+00,-7.820734438966920638e-07
3.910000000000000142e+00,-7.820735359306164906e-07
3.911999999999999922e+00,-7.820736285958430433e-07
3.914000000000000146e+00,-7.820737184332249023e-07
3.915999999999999925e+00,-7.820738104869713824e-07
3.918000000000000149e+00,-7.820739005048642211e-07
3.919999999999999929e+00,-7.820739873590263214e-07
3.922000000000000153e+00,-7.820740795847413479e-07
3.923999999999999932e+00,-7.820741692192647453e-07
3.926000000000000156e+00,-7.820742587061498765e-07
3.927999999999999936e+00,-7.820743565609602086e-07
3.930000000000000160e+00,-7.820744412609936455e-07
3.931999999999999940e+00,-7.820745304481028052e-07
3.934000000000000163e+00,-7.820746227212829111e-07
3.935999999999999943e+00,-7.820747125828278673e-07
3.938000000000000167e+00,-7.820748021835677792e-07
3.939999999999999947e+00,-7.820748944208992273e-07
3.942000000000000171e+00,-7.820749843982803860e-07
3.943999999999999950e+00,-7.820750740699222494e-07
3.946000000000000174e+00,-7.820751606520015911e-07
3.947999999999999954e+00,-7.820752526603218000e-07
3.950000000000000178e+00,-7.820753427170419937e-07
3.951999999999999957e+00,-7.820754374073083299e-07
3.954000000000000181e+00,-7.820755277687180274e-07
3.955999999999999961e+00,-7.820756174055032145e-07
3.958000000000000185e+00,-7.820757067768021239e-07
3.959999999999999964e+00,-7.820757936267498117e-07
3.962000000000000188e+00,-7.820758858348930339e-07
3.963999999999999968e+00,-7.820759810662436991e-07
3.966000000000000192e+00,-7.820760711282283085e-07
3.967999999999999972e+00,-7.820761607864442762e-07
3.970000000000000195e+00,-7.820762502537467468e-07
3.971999999999999975e+00,-7.820763369346012474e-07
3.974000000000000199e+00,-7.820764293141875380e-07
3.975999999999999979e+00,-7.820765217043744459e-07
3.978000000000000203e+00,-7.820766115237704074e-07
3.979999999999999982e+00,-7.820767011434965627e-07
3.982000000000000206e+00,-7.820767933268450129e-07
3.983999999999999986e+00,-7.820768806130975720e-07
3.986000000000000210e+00,-7.820769697221072235e-07
3.987999999999999989e+00,-7.820770621603145468e-07
3.990000000000000213e+00,-7.820771521151218538e-07
3.991999999999999993e+00,-7.820772414131650129e-07
3.994000000000000217e+00,-7.820773310911930812e-07
3.995999999999999996e+00,-7.820774262432046056e-07
3.998000000000000220e+00,-7.820775134191925331e-07
4.000000000000000000e+00,-7.820776027528847677e-07
4.001999999999999780e+00,-7.820776950904034846e-07
4.004000000000000448e+00,-7.820777848148268298e-07
4.006000000000000227e+00,-7.820778746469119801e-07
4.008000000000000007e+00,-7.820779613571140547e-07
4.009999999999999787e+00,-7.820780535271954279e-07
4.012000000000000455e+00,-7.820781431030856165e-07
4.014000000000000234e+00,-7.820782382706781001e-07
4.016000000000000014e+00,-7.820783255204422797e-07
4.017999999999999794e+00,-7.820784177563185252e-07
4.020000000000000462e+00,-7.820785101621241913e-07
4.022000000000000242e+00,-7.820785974477308877e-07
4.024000000000000021e+00,-7.820786838424579763e-07
4.025999999999999801e+00,-7.820787760479126100e-07
4.028000000000000469e+00,-7.820788686179132836e-07
4.030000000000000249e+00,-7.820789611161748193e-07
4.032000000000000028e+00,-7.820790508347464373e-07
4.033999999999999808e+00,-7.820791430105619059e-07
4.036000000000000476e+00,-7.820792303112277893e-07
4.038000000000000256e+00,-7.820793196008801341e-07
4.040000000000000036e+00,-7.820794119153128621e-07
4.041999999999999815e+00,-7.820795015218259388e-07
4.044000000000000483e+00,-7.820795913330255859e-07
4.046000000000000263e+00,-7.820796807874439443e-07
4.048000000000000043e+00,-7.820797677595688291e-07
4.049999999999999822e+00,-7.820798624960510828e-07
4.052000000000000490e+00,-7.820799580355747807e-07
4.054000000000000270e+00,-7.820800454395709545e-07
4.056000000000000050e+00,-7.820801372434703495e-07
4.057999999999999829e+00,-7.820802246028290517e-07
4.060000000000000497e+00,-7.820803136897122968e-07
4.062000000000000277e+00,-7.820804061956147049e-07
4.064000000000000057e+00,-7.820804932445119032e-07
4.065999999999999837e+00,-7.820805825109344753e-07
4.068000000000000504e+00,-7.820806747967658653e-07
4.070000000000000284e+00,-7.820807648445859662e-07
4.072000000000000064e+00,-7.820808567757173333e-07
4.073999999999999844e+00,-7.820809439651014045e-07
4.076000000000000512e+00,-7.820810360719841672e-07
4.078000000000000291e+00,-7.820811286186920699e-07
4.080000000000000071e+00,-7.820812212780890243e-07
4.081999999999999851e+00,-7.820813082747675943e-07
4.084000000000000519e+00,-7.820813975555134935e-07
4.086000000000000298e+00,-7.820814899636226656e-07
4.088000000000000078e+00,-7.820815825777795903e-07
4.089999999999999858e+00,-7.820816693754170644e-07
4.092000000000000526e+00,-7.820817614490647953e-07
4.094000000000000306e+00,-7.820818514593548780e-07
4.096000000000000085e+00,-7.820819408850551136e-07
4.097999999999999865e+00,-7.820820306468402351e-07
4.099999999999999645e+00,-7.820821254875817626e-07
4.102000000000000313e+00,-7.820822128056986423e-07
4.104000000000000092e+00,-7.820823022201198931e-07
4.105999999999999872e+00,-7.820823944982401069e-07
4.107999999999999652e+00,-7.820824816690354048e-07
4.110000000000000320e+00,-7.820825763794161265e-07
4.112000000000000099e+00,-7.820826664412707164e-07
4.113999999999999879e+00,-7.820827557512637103e-07
4.115999999999999659e+00,-7.820828455429609532e-07
4.118000000000000327e+00,-7.820829350492407037e-07
4.120000000000000107e+00,-7.820830218868864027e-07
4.121999999999999886e+00,-7.820831113067753570e-07
4.123999999999999666e+00,-7.820832038035838077e-07
4.126000000000000334e+00,-7.820833015230828500e-07
4.128000000000000114e+00,-7.820833891611167682e-07
4.129999999999999893e+00,-7.820834784164767724e-07
4.131999999999999673e+00,-7.820835654329553728e-07
4.134000000000000341e+00,-7.820836573691549615e-07
4.136000000000000121e+00,-7.820837444568987848e-07
4.137999999999999901e+00,-7.820838366574022992e-07
4.139999999999999680e+00,-7.820839342906272241e-07
4.142000000000000348e+00,-7.820840194638689577e-07
4.144000000000000128e+00,-7.820841111012534279e-07
4.145999999999999908e+00,-7.820842010450734471e-07
4.147999999999999687e+00,-7.820842906480108801e-07
4.150000000000000355e+00,-7.820843801933336613e-07
4.152000000000000135e+00,-7.820844725139528004e-07
4.153999999999999915e+00,-7.820845595762315310e-07
4.155999999999999694e+00,-7.820846515850307371e-07
4.158000000000000362e+00,-7.820847413058275107e-07
4.160000000000000142e+00,-7.820848310093737172e-07
4.161999999999999922e+00,-7.820849232753955477e-07
4.163999999999999702e+00,-7.820850159233780978e-07
4.166000000000000369e+00,-7.820851056454145041e-07
4.168000000000000149e+00,-7.820851926166635568e-07
4.169999999999999929e+00,-7.820852843501015633e-07
4.171999999999999709e+00,-7.820853744064557329e-07
4.174000000000000377e+00,-7.820854639739846475e-07
4.176000000000000156e+00,-7.820855559684098104e-07
4.177999999999999936e+00,-7.820856487542439022e-07
4.179999999999999716e+00,-7.820857359208318816e-07
4.182000000000000384e+00,-7.820858305337201698e-07
4.184000000000000163e+00,-7.820859179417120098e-07
4.185999999999999943e+00,-7.820860071495515598e-07
4.187999999999999723e+00,-7.820860997121810350e-07
4.190000000000000391e+00,-7.820861891620870370e-07
4.192000000000000171e+00,-7.820862789283526451e-07
4.193999999999999950e+00,-7.820863685516843021e-07
4.195999999999999730e+00,-7.820864577832084815e-07
4.198000000000000398e+00,-7.820865477517928853e-07
4.200000000000000178e+00,-7.820866371625808942e-07
4.201999999999999957e+00,-7.820867324334251059e-07
4.203999999999999737e+00,-7.820868222038670099e-07
4.206000000000000405e+00,-7.820869119791959764e-07
4.208000000000000185e+00,-7.820870013837929156e-07
4.209999999999999964e+00,-7.820870939117210391e-07
4.211999999999999744e+00,-7.820871807028023723e-07
4.214000000000000412e+00,-7.820872727706878440e-07
4.216000000000000192e+00,-7.820873626770371373e-07
4.217999999999999972e+00,-7.820874521854974682e-07
4.219999999999999751e+00,-7.820875390456287156e-07
4.222000000000000419e+00,-7.820876338900157670e-07
4.224000000000000199e+00,-7.820877265917052881e-07
4.225999999999999979e+00,-7.820878191824934208e-07
4.227999999999999758e+00,-7.820879062399383462e-07
4.230000000000000426e+00,-7.820879956830870370e-07
4.232000000000000206e+00,-7.820880877869468450e-07
4.233999999999999986e+00,-7.820881775603334590e-07
4.235999999999999766e+00,-7.820882645757697854e-07
4.238000000000000433e+00,-7.820883539289417662e-07
4.240000000000000213e+00,-7.820884460720602807e-07
4.241999999999999993e+00,-7.820885385354621755e-07
4.243999999999999773e+00,-7.820886285205550397e-07
4.246000000000000441e+00,-7.820887181352896299e-07
4.248000000000000220e+00,-7.820888074993836770e-07
4.250000000000000000e+00,-7.820888971923195252e-07
4.251999999999999780e+00,-7.820889895389777276e-07
4.254000000000000448e+00,-7.820890792954678344e-07
4.256000000000000227e+00,-7.820891661516636607e-07
4.258000000000000007e+00,-7.820892607345482421e-07
4.259999999999999787e+00,-7.820893510312951267e-07
4.262000000000000455e+00,-7.820894405142614599e-07
4.264000000000000234e+00,-7.820895327157045456e-07
4.266000000000000014e+00,-7.820896201093825876e-07
4.267999999999999794e+00,-7.820897119193727848e-07
4.270000000000000462e+00,-7.820898044358411878e-07
4.272000000000000242e+00,-7.820898918309635268e-07
4.274000000000000021e+00,-7.820899780814893972e-07
4.275999999999999801e+00,-7.820900754828407469e-07
4.278000000000000469e+00,-7.820901661107873606e-07
4.280000000000000249e+00,-7.820902554944796325e-07
4.282000000000000028e+00,-7.820903450501544269e-07
4.283999999999999808e+00,-7.820904346597525035e-07
4.286000000000000476e+00,-7.820905241940912791e-07
4.288000000000000256e+00,-7.820906138709849586e-07
4.290000000000000036e+00,-7.820907032703963621e-07
4.291999999999999815e+00,-7.820907956194818433e-07
4.294000000000000483e+00,-7.820908829154357883e-07
4.296000000000000263e+00,-7.820909774228168056e-07
4.298000000000000043e+00,-7.820910675022400234e-07
4.299999999999999822e+00,-7.820911570128472652e-07
4.302000000000000490e+00,-7.820912521995561178e-07
4.304000000000000270e+00,-7.820913394363904453e-07
4.306000000000000050e+00,-7.820914288895596418e-07
4.307999999999999829e+00,-7.820915212556742969e-07
4.310000000000000497e+00,-7.820916078786386483e-07
4.312000000000000277e+00,-7.820916947186156996e-07
4.314000000000000057e+00,-7.820917922849100927e-07
4.315999999999999837e+00,-7.820918825352005024e-07
4.318000000000000504e+00,-7.820919694269631363e-07
4.320000000000000284e+00,-7.820920614068599901e-07
4.322000000000000064e+00,-7.820921512892474625e-07
4.323999999999999844e+00,-7.820922379121015938e-07
4.326000000000000512e+00,-7.820923329955366954e-07
4.328000000000000291e+00,-7.820924228157192328e-07
4.330000000000000071e+00,-7.820925124119663760e-07
4.331999999999999851e+00,-7.820926049008101759e-07
4.334000000000000519e+00,-7.820926945284065379e-07
4.336000000000000298e+00,-7.820927840221012846e-07
4.338000000000000078e+00,-7.820928765484575268e-07
4.339999999999999858e+00,-7.820929661400133780e-07
4.342000000000000526e+00,-7.820930559354871173e-07
4.344000000000000306e+00,-7.820931453046907848e-07
4.346000000000000085e+00,-7.820932349745695492e-07
4.347999999999999865e+00,-7.820933243900156040e-07
4.350000000000000533e+00,-7.820934139230781128e-07
4.352000000000000313e+00,-7.820935064574670860e-07
4.354000000000000092e+00,-7.820935989447347693e-07
4.355999999999999872e+00,-7.820936886885951913e-07
4.357999999999999652e+00,-7.820937781591244339e-07
4.360000000000000320e+00,-7.820938677193310664e-07
4.362000000000000099e+00,-7.820939548421001256e-07
4.363999999999999879e+00,-7.820940519906656095e-07
4.365999999999999659e+00,-7.820941397149295993e-07
4.368000000000000327e+00,-7.820942289384776929e-07
4.370000000000000107e+00,-7.820943213379290237e-07
4.371999999999999886e+00,-7.820944110112598709e-07
4.373999999999999666e+00,-7.820945007831189669e-07
4.376000000000000334e+00,-7.820945903346431940e-07
4.378000000000000114e+00,-7.820946825043762249e-07
4.379999999999999893e+00,-7.820947695324096253e-07
4.381999999999999673e+00,-7.820948616178454078e-07
4.384000000000000341e+00,-7.820949515141567254e-07
4.386000000000000121e+00,-7.820950436987954186e-07
4.387999999999999901e+00,-7.820951363806792977e-07
4.389999999999999680e+00,-7.820952232075498906e-07
4.392000000000000348e+00,-7.820953126882356935e-07
4.394000000000000128e+00,-7.820954049749841026e-07
4.395999999999999908e+00,-7.820954947378796842e-07
4.397999999999999687e+00,-7.820955868853373367e-07
4.400000000000000355e+00,-7.820956742296373813e-07
4.402000000000000135e+00,-7.820957661406566921e-07
4.403999999999999915e+00,-7.820958587711115894e-07
4.405999999999999694e+00,-7.820959457995424600e-07
4.408000000000000362e+00,-7.820960377800446247e-07
4.410000000000000142e+00,-7.820961250199809986e-07
4.411999999999999922e+00,-7.820962140515429338e-07
4.413999999999999702e+00,-7.820963094062297488e-07
4.416000000000000369e+00,-7.820963992137083802e-07
4.418000000000000149e+00,-7.820964834368488211e-07
4.419999999999999929e+00,-7.820965777690555899e-07
4.421999999999999709e+00,-7.820966680822055852e-07
4.424000000000000377e+00,-7.820967575513536347e-07
4.426000000000000156e+00,-7.820968496986395513e-07
4.427999999999999936e+00,-7.820969424907428515e-07
4.429999999999999716e+00,-7.820970294214405196e-07
4.432000000000000384e+00,-7.820971242724446983e-07
4.434000000000000163e+00,-7.820972113766880881e-07
4.435999999999999943e+00,-7.820973006989470721e-07
4.437999999999999723e+00,-7.820973905282513073e-07
4.440000000000000391e+00,-7.820974826960889961e-07
4.442000000000000171e+00,-7.820975724418381956e-07
4.443999999999999950e+00,-7.820976620442858318e-07
4.445999999999999730e+00,-7.820977515550101759e-07
4.448000000000000398e+00,-7.820978440849813429e-07
4.450000000000000178e+00,-7.820979336319692851e-07
4.451999999999999957e+00,-7.820980260555149974e-07
4.453999999999999737e+00,-7.820981131965582631e-07
4.456000000000000405e+00,-7.820982050431887762e-07
4.458000000000000185e+00,-7.820982949499288694e-07
4.459999999999999964e+00,-7.820983898923219739e-07
4.461999999999999744e+00,-7.820984745563885918e-07
4.464000000000000412e+00,-7.820985662499153587e-07
4.466000000000000192e+00,-7.820986560331519072e-07
4.467999999999999972e+00,-7.820987484317479464e-07
4.469999999999999751e+00,-7.820988384086529667e-07
4.472000000000000419e+00,-7.820989304230698012e-07
4.474000000000000199e+00,-7.820990174115531156e-07
4.475999999999999979e+00,-7.820991096170614301e-07
4.477999999999999758e+00,-7.820991993379823999e-07
4.480000000000000426e+00,-7.820992890450387109e-07
4.482000000000000206e+00,-7.820993785098719746e-07
4.483999999999999986e+00,-7.820994680500833355e-07
4.485999999999999766e+00,-7.820995577533093635e-07
4.488000000000000433e+00,-7.820996554742430679e-07
4.490000000000000213e+00,-7.820997428413259693e-07
4.491999999999999993e+00,-7.820998323923577527e-07
4.493999999999999773e+00,-7.820999217650731129e-07
4.496000000000000441e+00,-7.821000113649619683e-07
4.498000000000000220e+00,-7.821001008520264588e-07
4.500000000000000000e+00,-7.821001931303265612e-07
4.501999999999999780e+00,-7.821002801988373368e-07
4.504000000000000448e+00,-7.821003723201969513e-07
4.506000000000000227e+00,-7.821004621047522242e-07
4.508000000000000007e+00,-7.821005545416887863e-07
4.509999999999999787e+00,-7.821006442152083101e-07
4.512000000000000455e+00,-7.821007337284258957e-07
4.514000000000000234e+00,-7.821008260669635932e-07
4.516000000000000014e+00,-7.821009186736686396e-07
4.517999999999999794e+00,-7.821010057156347790e-07
4.520000000000000462e+00,-7.821010947254820716e-07
4.522000000000000242e+00,-7.821011847277304235e-07
4.524000000000000021e+00,-7.821012740345309503e-07
4.525999999999999801e+00,-7.821013690171049685e-07
4.528000000000000469e+00,-7.821014593137227864e-07
4.530000000000000249e+00,-7.821015484999658550e-07
4.532000000000000028e+00,-7.821016383490497919e-07
4.533999999999999808e+00,-7.821017279475379725e-07
4.536000000000000476e+00,-7.821018174623739204e-07
4.538000000000000256e+00,-7.821019068958584947e-07
4.540000000000000036e+00,-7.821019992247828977e-07
4.541999999999999815e+00,-7.821020889987065306e-07
4.544000000000000483e+00,-7.821021786586996794e-07
4.546000000000000263e+00,-7.821022708079705118e-07
4.548000000000000043e+00,-7.821023607064914208e-07
4.549999999999999822e+00,-7.821024501114293966e-07
4.552000000000000490e+00,-7.821025426361451477e-07
4.554000000000000270e+00,-7.821026323449674165e-07
4.556000000000000050e+00,-7.821027217321965804e-07
4.557999999999999829e+00,-7.821028087980550841e-07
4.560000000000000497e+00,-7.821029006795839899e-07
4.562000000000000277e+00,-7.821029931785915499e-07
4.564000000000000057e+00,-7.821030857866769424e-07
4.565999999999999837e+00,-7.821031783804777594e-07
4.568000000000000504e+00,-7.821032652722673926e-07
4.570000000000000284e+00,-7.821033547684558043e-07
4.572000000000000064e+00,-7.821034442081190604e-07
4.573999999999999844e+00,-7.821035339252949799e-07
4.576000000000000512e+00,-7.821036259587001755e-07
4.578000000000000291e+00,-7.821037186148212299e-07
4.580000000000000071e+00,-7.821038083607814465e-07
4.581999999999999851e+00,-7.821038951724772323e-07
4.584000000000000519e+00,-7.821039873724830090e-07
4.586000000000000298e+00,-7.821040771135757508e-07
4.588000000000000078e+00,-7.821041665094249572e-07
4.589999999999999858e+00,-7.821042616860436357e-07
4.592000000000000526e+00,-7.821043489705849764e-07
4.594000000000000306e+00,-7.821044382368004489e-07
4.596000000000000085e+00,-7.821045276531199005e-07
4.597999999999999865e+00,-7.821046174072761138e-07
4.600000000000000533e+00,-7.821047070603347097e-07
4.602000000000000313e+00,-7.821048018883954129e-07
4.604000000000000092e+00,-7.821048918944383665e-07
4.605999999999999872e+00,-7.821049814615697051e-07
4.608000000000000540e+00,-7.821050736576484252e-07
4.610000000000000320e+00,-7.821051608649416317e-07
4.612000000000000099e+00,-7.821052528379349551e-07
4.613999999999999879e+00,-7.821053427342186383e-07
4.615999999999999659e+00,-7.821054322856697030e-07
4.618000000000000327e+00,-7.821055216988886964e-07
4.620000000000000107e+00,-7.821056113390374514e-07
4.621999999999999886e+00,-7.821057063082434897e-07
4.623999999999999666e+00,-7.821057937566381659e-07
4.626000000000000334e+00,-7.821058829750395815e-07
4.628000000000000114e+00,-7.821059752324837211e-07
4.629999999999999893e+00,-7.821060651417989003e-07
4.631999999999999673e+00,-7.821061546808987422e-07
4.634000000000000341e+00,-7.821062441370425067e-07
4.636000000000000121e+00,-7.821063310709887578e-07
4.637999999999999901e+00,-7.821064258640666826e-07
4.639999999999999680e+00,-7.821065185101420321e-07
4.642000000000000348e+00,-7.821066084343820377e-07
4.644000000000000128e+00,-7.821067006020183444e-07
4.645999999999999908e+00,-7.821067876298246341e-07
4.647999999999999687e+00,-7.821068769057528216e-07
4.650000000000000355e+00,-7.821069667359412534e-07
4.652000000000000135e+00,-7.821070587474578471e-07
4.653999999999999915e+00,-7.821071485462429558e-07
4.655999999999999694e+00,-7.821072382047546440e-07
4.658000000000000362e+00,-7.821073276192892913e-07
4.660000000000000142e+00,-7.821074201424991237e-07
4.661999999999999922e+00,-7.821075069861584389e-07
4.663999999999999702e+00,-7.821076018940868316e-07
4.666000000000000369e+00,-7.821076918243037134e-07
4.668000000000000149e+00,-7.821077811726246306e-07
4.669999999999999929e+00,-7.821078712581896843e-07
4.671999999999999709e+00,-7.821079632202932346e-07
4.674000000000000377e+00,-7.821080475109860353e-07
4.676000000000000156e+00,-7.821081451914389763e-07
4.677999999999999936e+00,-7.821082350312157151e-07
4.679999999999999716e+00,-7.821083272814517102e-07
4.682000000000000384e+00,-7.821084174297650705e-07
4.684000000000000163e+00,-7.821085038726740402e-07
4.685999999999999943e+00,-7.821085933756063164e-07
4.687999999999999723e+00,-7.821086829050435242e-07
4.690000000000000391e+00,-7.821087752291414275e-07
4.692000000000000171e+00,-7.821088677073643872e-07
4.693999999999999950e+00,-7.821089546408535582e-07
4.695999999999999730e+00,-7.821090440287796184e-07
4.698000000000000398e+00,-7.821091363824706295e-07
4.700000000000000178e+00,-7.821092260705505437e-07
4.701999999999999957e+00,-7.821093185904802410e-07
4.703999999999999737e+00,-7.821094053276685736e-07
4.706000000000000405e+00,-7.821094976199337082e-07
4.708000000000000185e+00,-7.821095843980872011e-07
4.709999999999999964e+00,-7.821096740773232443e-07
4.711999999999999744e+00,-7.821097659737671299e-07
4.714000000000000412e+00,-7.821098615302881320e-07
4.716000000000000192e+00,-7.821099514709221427e-07
4.717999999999999972e+00,-7.821100465298575574e-07
4.719999999999999751e+00,-7.821101309262417529e-07
4.722000000000000419e+00,-7.821102173542129789e-07
4.724000000000000199e+00,-7.821103120735687558e-07
4.725999999999999979e+00,-7.821103994743830503e-07
4.727999999999999758e+00,-7.821104915603293820e-07
4.730000000000000426e+00,-7.821105840779077158e-07
4.732000000000000206e+00,-7.821106709906829079e-07
4.733999999999999986e+00,-7.821107631069747243e-07
4.735999999999999766e+00,-7.821108500974819181e-07
4.738000000000000433e+00,-7.821109449661149700e-07
4.740000000000000213e+00,-7.821110349684873064e-07
4.741999999999999993e+00,-7.821111273524027823e-07
4.743999999999999773e+00,-7.821112141837328978e-07
4.746000000000000441e+00,-7.821113061673977776e-07
4.748000000000000220e+00,-7.821113932801451665e-07
4.750000000000000000e+00,-7.821114828396714197e-07
4.751999999999999780e+00,-7.821115748845481943e-07
4.754000000000000448e+00,-7.821116703752975115e-07
4.756000000000000227e+00,-7.821117574798186223e-07
4.758000000000000007e+00,-7.821118439366956947e-07
4.759999999999999787e+00,-7.821119362955468305e-07
4.762000000000000455e+00,-7.821120258035425638e-07
4.764000000000000234e+00,-7.821121208715566895e-07
4.766000000000000014e+00,-7.821122055502992120e-07
4.767999999999999794e+00,-7.821122973705441195e-07
4.770000000000000462e+00,-7.821123898390103184e-07
4.772000000000000242e+00,-7.821124768629796547e-07
4.774000000000000021e+00,-7.821125690754652971e-07
4.775999999999999801e+00,-7.821126642684220765e-07
4.778000000000000469e+00,-7.821127513483181395e-07
4.780000000000000249e+00,-7.821128407602421255e-07
4.782000000000000028e+00,-7.821129304898517475e-07
4.783999999999999808e+00,-7.821130199679163011e-07
4.786000000000000476e+00,-7.821131092973513482e-07
4.788000000000000256e+00,-7.821132015121363674e-07
4.790000000000000036e+00,-7.821132914654825427e-07
4.791999999999999815e+00,-7.821133839772972408e-07
4.794000000000000483e+00,-7.821134734056108908e-07
4.796000000000000263e+00,-7.821135604621342443e-07
4.798000000000000043e+00,-7.821136523648647025e-07
4.799999999999999822e+00,-7.821137421487016915e-07
4.802000000000000490e+00,-7.821138344086136615e-07
4.804000000000000270e+00,-7.821139244255180128e-07
4.806000000000000050e+00,-7.821140138051275859e-07
4.807999999999999829e+00,-7.821141060799252071e-07
4.810000000000000497e+00,-7.821141985796880028e-07
4.812000000000000277e+00,-7.821142858048687452e-07
4.814000000000000057e+00,-7.821143802892826759e-07
4.815999999999999837e+00,-7.821144651393741403e-07
4.818000000000000504e+00,-7.821145593683586154e-07
4.820000000000000284e+00,-7.821146466601590285e-07
4.822000000000000064e+00,-7.821147389996931544e-07
4.823999999999999844e+00,-7.821148258234821355e-07
4.826000000000000512e+00,-7.821149151948445723e-07
4.828000000000000291e+00,-7.821150103234419884e-07
4.830000000000000071e+00,-7.821150974253116743e-07
4.831999999999999851e+00,-7.821151895956063939e-07
4.834000000000000519e+00,-7.821152793717304067e-07
4.836000000000000298e+00,-7.821153688615264725e-07
4.838000000000000078e+00,-7.821154584811164673e-07
4.839999999999999858e+00,-7.821155506724659907e-07
4.842000000000000526e+00,-7.821156404102005645e-07
4.844000000000000306e+00,-7.821157302079446698e-07
4.846000000000000085e+00,-7.821158195333167116e-07
4.847999999999999865e+00,-7.821159062156486494e-07
4.850000000000000533e+00,-7.821160014144005105e-07
4.852000000000000313e+00,-7.821160937608078852e-07
4.854000000000000092e+00,-7.821161837641888261e-07
4.855999999999999872e+00,-7.821162704221798957e-07
4.858000000000000540e+00,-7.821163598800488545e-07
4.860000000000000320e+00,-7.821164549638582388e-07
4.862000000000000099e+00,-7.821165420475228573e-07
4.863999999999999879e+00,-7.821166368158348093e-07
4.865999999999999659e+00,-7.821167297124722455e-07
4.868000000000000327e+00,-7.821168165940620137e-07
4.870000000000000107e+00,-7.821169089207407206e-07
4.871999999999999886e+00,-7.821169956458503633e-07
4.873999999999999666e+00,-7.821170879515748515e-07
4.876000000000000334e+00,-7.821171775581628906e-07
4.878000000000000114e+00,-7.821172672468399631e-07
4.879999999999999893e+00,-7.821173567156364939e-07
4.881999999999999673e+00,-7.821174460724006355e-07
4.884000000000000341e+00,-7.821175359447677082e-07
4.886000000000000121e+00,-7.821176226175270090e-07
4.887999999999999901e+00,-7.821177201555365368e-07
4.889999999999999680e+00,-7.821178129498530282e-07
4.892000000000000348e+00,-7.821179002546777375e-07
4.894000000000000128e+00,-7.821179893099976763e-07
4.895999999999999908e+00,-7.821180788886032408e-07
4.897999999999999687e+00,-7.821181684353085916e-07
4.900000000000000355e+00,-7.821182582064520507e-07
4.902000000000000135e+00,-7.821183503298422149e-07
4.903999999999999915e+00,-7.821184429955118717e-07
4.905999999999999694e+00,-7.821185353939378691e-07
4.908000000000000362e+00,-7.821186223650563729e-07
4.910000000000000142e+00,-7.821187088896503413e-07
4.911999999999999922e+00,-7.821188037799263555e-07
4.913999999999999702e+00,-7.821188939709423525e-07
4.916000000000000369e+00,-7.821189833968717105e-07
4.918000000000000149e+00,-7.821190701273990819e-07
4.919999999999999929e+00,-7.821191651159553761e-07
4.921999999999999709e+00,-7.821192548574691992e-07
4.924000000000000377e+00,-7.821193418758935401e-07
4.926000000000000156e+00,-7.821194365939442511e-07
4.927999999999999936e+00,-7.821195265446844236e-07
4.929999999999999716e+00,-7.821196159718120156e-07
4.932000000000000384e+00,-7.821197029429497894e-07
4.934000000000000163e+00,-7.821197950425041289e-07
4.935999999999999943e+00,-7.821198845463903760e-07
4.937999999999999723e+00,-7.821199771145062954e-07
4.940000000000000391e+00,-7.821200667476970982e-07
4.942000000000000171e+00,-7.821201561742830127e-07
4.943999999999999950e+00,-7.821202487015906846e-07
4.945999999999999730e+00,-7.821203383442904911e-07
4.948000000000000398e+00,-7.821204278517456057e-07
4.950000000000000178e+00,-7.821205174644484815e-07
4.951999999999999957e+00,-7.821206097735830184e-07
4.953999999999999737e+00,-7.821206966572725813e-07
4.956000000000000405e+00,-7.821207888840589987e-07
4.958000000000000185e+00,-7.821208758040771694e-07
4.959999999999999964e+00,-7.821209707382037617e-07
4.961999999999999744e+00,-7.821210632937881463e-07
4.964000000000000412e+00,-7.821211533240707476e-07
4.966000000000000192e+00,-7.821212454148255795e-07
4.967999999999999972e+00,-7.821213297000277009e-07
4.969999999999999751e+00,-7.821214215695015280e-07
4.972000000000000419e+00,-7.821215112925976784e-07
4.974000000000000199e+00,-7.821215979854572828e-07
4.975999999999999979e+00,-7.821216928946034971e-07
4.977999999999999758e+00,-7.821217829935571771e-07
4.980000000000000426e+00,-7.821218779233270554e-07
4.982000000000000206e+00,-7.821219625317553613e-07
4.983999999999999986e+00,-7.821220543612986788e-07
4.985999999999999766e+00,-7.821221411924955983e-07
4.988000000000000433e+00,-7.821222362581091267e-07
4.990000000000000213e+00,-7.821223260501091839e-07
4.991999999999999993e+00,-7.821224156928008377e-07
4.993999999999999773e+00,-7.821225052509280043e-07
4.996000000000000441e+00,-7.821225948426254159e-07
4.998000000000000220e+00,-7.821226871795210342e-07
5.000000000000000000e+00,-7.821227794476201071e-07
5.001999999999999780e+00,-7.821228693071609833e-07
5.004000000000000448e+00,-7.821229587225945444e-07
5.006000000000000227e+00,-7.821230484025414600e-07
5.008000000000000007e+00,-7.821231351802468725e-07
5.009999999999999787e+00,-7.821232244373886104e-07
5.012000000000000455e+00,-7.821233195121481888e-07
5.014000000000000234e+00,-7.821234097518879561e-07
5.016000000000000014e+00,-7.821234961167261108e-07
5.017999999999999794e+00,-7.821235911445709695e-07
5.020000000000000462e+00,-7.821236810220566622e-07
5.022000000000000242e+00,-7.821237678334116231e-07
5.024000000000000021e+00,-7.821238598605808563e-07
5.025999999999999801e+00,-7.821239553764240540e-07
5.028000000000000469e+00,-7.821240397702696917e-07
5.030000000000000249e+00,-7.821241343168016307e-07
5.032000000000000028e+00,-7.821242212540058882e-07
5.033999999999999808e+00,-7.821243110193996876e-07
5.036000000000000476e+00,-7.821244032797452327e-07
5.038000000000000256e+00,-7.821244955514382664e-07
5.040000000000000036e+00,-7.821245854273907236e-07
5.041999999999999815e+00,-7.821246751101217307e-07
5.044000000000000483e+00,-7.821247642874840823e-07
5.046000000000000263e+00,-7.821248568774311112e-07
5.048000000000000043e+00,-7.821249437536990773e-07
5.049999999999999822e+00,-7.821250332012989263e-07
5.052000000000000490e+00,-7.821251252017461758e-07
5.054000000000000270e+00,-7.821252153975133923e-07
5.056000000000000050e+00,-7.821253072737764002e-07
5.057999999999999829e+00,-7.821253971979926889e-07
5.060000000000000497e+00,-7.821254923843068241e-07
5.062000000000000277e+00,-7.821255766240455109e-07
5.064000000000000057e+00,-7.821256686343934108e-07
5.065999999999999837e+00,-7.821257583803859206e-07
5.068000000000000504e+00,-7.821258478906693841e-07
5.070000000000000284e+00,-7.821259373902770560e-07
5.072000000000000064e+00,-7.821260268272325596e-07
5.073999999999999844e+00,-7.821261167440122166e-07
5.076000000000000512e+00,-7.821262114667816422e-07
5.078000000000000291e+00,-7.821262988345756279e-07
5.080000000000000071e+00,-7.821263909822478974e-07
5.081999999999999851e+00,-7.821264805472827235e-07
5.084000000000000519e+00,-7.821265702036014433e-07
5.086000000000000298e+00,-7.821266596738325304e-07
5.088000000000000078e+00,-7.821267517311095496e-07
5.089999999999999858e+00,-7.821268392309575599e-07
5.092000000000000526e+00,-7.821269309478190257e-07
5.094000000000000306e+00,-7.821270207849028351e-07
5.096000000000000085e+00,-7.821271158833451370e-07
5.097999999999999865e+00,-7.821272030846965133e-07
5.100000000000000533e+00,-7.821272924461576643e-07
5.102000000000000313e+00,-7.821273843882830955e-07
5.104000000000000092e+00,-7.821274745030308694e-07
5.105999999999999872e+00,-7.821275639919800082e-07
5.108000000000000540e+00,-7.821276534470830868e-07
5.110000000000000320e+00,-7.821277428365754168e-07
5.112000000000000099e+00,-7.821278326752974937e-07
5.113999999999999879e+00,-7.821279303429751662e-07
5.116000000000000547e+00,-7.821280177070346894e-07
5.118000000000000327e+00,-7.821281099280060138e-07
5.120000000000000107e+00,-7.821281968047482125e-07
5.121999999999999886e+00,-7.821282889607712740e-07
5.123999999999999666e+00,-7.821283730873952751e-07
5.126000000000000334e+00,-7.821284650256883057e-07
5.128000000000000114e+00,-7.821285576745906277e-07
5.129999999999999893e+00,-7.821286443888559194e-07
5.131999999999999673e+00,-7.821287393884401590e-07
5.134000000000000341e+00,-7.821288292707380577e-07
5.136000000000000121e+00,-7.821289190205793793e-07
5.137999999999999901e+00,-7.821290111637915968e-07
5.139999999999999680e+00,-7.821291007772526730e-07
5.142000000000000348e+00,-7.821291903456520199e-07
5.144000000000000128e+00,-7.821292799857242243e-07
5.145999999999999908e+00,-7.821293696589273812e-07
5.147999999999999687e+00,-7.821294588591261646e-07
5.150000000000000355e+00,-7.821295485875583050e-07
5.152000000000000135e+00,-7.821296435925338035e-07
5.153999999999999915e+00,-7.821297336381401838e-07
5.155999999999999694e+00,-7.821298258943995360e-07
5.158000000000000362e+00,-7.821299128443089701e-07
5.160000000000000142e+00,-7.821299993317950603e-07
5.161999999999999922e+00,-7.821300915007906431e-07
5.163999999999999702e+00,-7.821301840336532630e-07
5.166000000000000369e+00,-7.821302736859497410e-07
5.168000000000000149e+00,-7.821303579398790883e-07
5.169999999999999929e+00,-7.821304549898119265e-07
5.171999999999999709e+00,-7.821305481631945084e-07
5.174000000000000377e+00,-7.821306351890800449e-07
5.176000000000000156e+00,-7.821307269595529788e-07
5.177999999999999936e+00,-7.821308169155976952e-07
5.179999999999999716e+00,-7.821309063231487676e-07
5.182000000000000384e+00,-7.821309933394965014e-07
5.184000000000000163e+00,-7.821310852564744773e-07
5.185999999999999943e+00,-7.821311775737461422e-07
5.187999999999999723e+00,-7.821312704025437567e-07
5.190000000000000391e+00,-7.821313626910997341e-07
5.192000000000000171e+00,-7.821314497680092649e-07
5.193999999999999950e+00,-7.821315391776042278e-07
5.195999999999999730e+00,-7.821316287458267566e-07
5.198000000000000398e+00,-7.821317181878347058e-07
5.200000000000000178e+00,-7.821318077836399096e-07
5.201999999999999957e+00,-7.821318999521135083e-07
5.203999999999999737e+00,-7.821319899401975635e-07
5.206000000000000405e+00,-7.821320791165823332e-07
5.208000000000000185e+00,-7.821321688937037273e-07
5.209999999999999964e+00,-7.821322611559913072e-07
5.211999999999999744e+00,-7.821323508904276406e-07
5.214000000000000412e+00,-7.821324430454033458e-07
5.216000000000000192e+00,-7.821325356466489472e-07
5.217999999999999972e+00,-7.821326253812760748e-07
5.219999999999999751e+00,-7.821327094432319691e-07
5.222000000000000419e+00,-7.821328012449808534e-07
5.224000000000000199e+00,-7.821328911634565881e-07
5.225999999999999979e+00,-7.821329833890277249e-07
5.227999999999999758e+00,-7.821330756982073663e-07
5.230000000000000426e+00,-7.821331628708315143e-07
5.232000000000000206e+00,-7.821332547434975968e-07
5.233999999999999986e+00,-7.821333446232126803e-07
5.235999999999999766e+00,-7.821334313199122027e-07
5.238000000000000433e+00,-7.821335264264420811e-07
5.240000000000000213e+00,-7.821336160475157600e-07
5.241999999999999993e+00,-7.821337058924866107e-07
5.243999999999999773e+00,-7.821337952823769404e-07
5.246000000000000441e+00,-7.821338875317290566e-07
5.248000000000000220e+00,-7.821339743640577179e-07
5.250000000000000000e+00,-7.821340668291866070e-07
5.251999999999999780e+00,-7.821341590084636875e-07
5.254000000000000448e+00,-7.821342517766973875e-07
5.256000000000000227e+00,-7.821343386253391623e-07
5.258000000000000007e+00,-7.821344279230947536e-07
5.259999999999999787e+00,-7.821345147756825373e-07
5.262000000000000455e+00,-7.821346122457986686e-07
5.264000000000000234e+00,-7.821346995765754086e-07
5.266000000000000014e+00,-7.821347890911490940e-07
5.267999999999999794e+00,-7.821348787013204000e-07
5.270000000000000462e+00,-7.821349706409246376e-07
5.272000000000000242e+00,-7.821350633604255676e-07
5.274000000000000021e+00,-7.821351503464665685e-07
5.275999999999999801e+00,-7.821352423448981972e-07
5.278000000000000469e+00,-7.821353292694636643e-07
5.280000000000000249e+00,-7.821354215197481520e-07
5.282000000000000028e+00,-7.821355138940045937e-07
5.283999999999999808e+00,-7.821356037922231119e-07
5.286000000000000476e+00,-7.821356956651064583e-07
5.288000000000000256e+00,-7.821357859034881142e-07
5.290000000000000036e+00,-7.821358753562909689e-07
5.291999999999999815e+00,-7.821359647246766143e-07
5.294000000000000483e+00,-7.821360544533028311e-07
5.296000000000000263e+00,-7.821361437210147991e-07
5.298000000000000043e+00,-7.821362333298866507e-07
5.299999999999999822e+00,-7.821363259315907087e-07
5.302000000000000490e+00,-7.821364181302792432e-07
5.304000000000000270e+00,-7.821365051645924400e-07
5.306000000000000050e+00,-7.821365971329563049e-07
5.307999999999999829e+00,-7.821366870224396899e-07
5.310000000000000497e+00,-7.821367766056642310e-07
5.312000000000000277e+00,-7.821368660343667749e-07
5.314000000000000057e+00,-7.821369582955279068e-07
5.315999999999999837e+00,-7.821370480155914675e-07
5.318000000000000504e+00,-7.821371348294381876e-07
5.320000000000000284e+00,-7.821372298844339463e-07
5.322000000000000064e+00,-7.821373222286974807e-07
5.323999999999999844e+00,-7.821374093541566106e-07
5.326000000000000512e+00,-7.821375015049269032e-07
5.328000000000000291e+00,-7.821375884439257058e-07
5.330000000000000071e+00,-7.821376803576089353e-07
5.331999999999999851e+00,-7.821377701642514393e-07
5.334000000000000519e+00,-7.821378599314135259e-07
5.336000000000000298e+00,-7.821379491855161096e-07
5.338000000000000078e+00,-7.821380417070697809e-07
5.339999999999999858e+00,-7.821381341691518924e-07
5.342000000000000526e+00,-7.821382237520477847e-07
5.344000000000000306e+00,-7.821383133934467603e-07
5.346000000000000085e+00,-7.821384027294249251e-07
5.347999999999999865e+00,-7.821384925921270342e-07
5.350000000000000533e+00,-7.821385791046085373e-07
5.352000000000000313e+00,-7.821386739130533338e-07
5.354000000000000092e+00,-7.821387641390530620e-07
5.355999999999999872e+00,-7.821388535527224652e-07
5.358000000000000540e+00,-7.821389457059492592e-07
5.360000000000000320e+00,-7.821390327766391329e-07
5.362000000000000099e+00,-7.821391247388107634e-07
5.363999999999999879e+00,-7.821392174418240912e-07
5.366000000000000547e+00,-7.821393097977748803e-07
5.368000000000000327e+00,-7.821393968921044906e-07
5.370000000000000107e+00,-7.821394862934280710e-07
5.371999999999999886e+00,-7.821395755682018585e-07
5.374000000000000554e+00,-7.821396652923449417e-07
5.376000000000000334e+00,-7.821397573935039851e-07
5.378000000000000114e+00,-7.821398500201656571e-07
5.379999999999999893e+00,-7.821399397645843796e-07
5.381999999999999673e+00,-7.821400291628205249e-07
5.384000000000000341e+00,-7.821401187785355557e-07
5.386000000000000121e+00,-7.821402084112607022e-07
5.387999999999999901e+00,-7.821403003879461364e-07
5.389999999999999680e+00,-7.821403876775605692e-07
5.392000000000000348e+00,-7.821404794950063504e-07
5.394000000000000128e+00,-7.821405668033317410e-07
5.395999999999999908e+00,-7.821406613026821448e-07
5.397999999999999687e+00,-7.821407514654877095e-07
5.400000000000000355e+00,-7.821408436518151746e-07
5.402000000000000135e+00,-7.821409360640117042e-07
5.403999999999999915e+00,-7.821410233237556260e-07
5.405999999999999694e+00,-7.821411123563973164e-07
5.408000000000000362e+00,-7.821412019128881212e-07
5.410000000000000142e+00,-7.821412916886595565e-07
5.411999999999999922e+00,-7.821413837897327320e-07
5.413999999999999702e+00,-7.821414707861445925e-07
5.416000000000000369e+00,-7.821415656541397227e-07
5.418000000000000149e+00,-7.821416555748665533e-07
5.419999999999999929e+00,-7.821417423466019716e-07
5.421999999999999709e+00,-7.821418371695346314e-07
5.424000000000000377e+00,-7.821419243383562367e-07
5.426000000000000156e+00,-7.821420165752296517e-07
5.427999999999999936e+00,-7.821421063036383928e-07
5.429999999999999716e+00,-7.821421955791016652e-07
5.432000000000000384e+00,-7.821422853122667080e-07
5.434000000000000163e+00,-7.821423745810899832e-07
5.435999999999999943e+00,-7.821424671526607382e-07
5.437999999999999723e+00,-7.821425597050212094e-07
5.440000000000000391e+00,-7.821426492548977457e-07
5.442000000000000171e+00,-7.821427387431767755e-07
5.443999999999999950e+00,-7.821428284806119232e-07
5.445999999999999730e+00,-7.821429179257199071e-07
5.448000000000000398e+00,-7.821430073999153201e-07
5.450000000000000178e+00,-7.821430967552396116e-07
5.451999999999999957e+00,-7.821431892859269449e-07
5.453999999999999737e+00,-7.821432788473445169e-07
5.456000000000000405e+00,-7.821433685979189455e-07
5.458000000000000185e+00,-7.821434607899583772e-07
5.459999999999999964e+00,-7.821435529824560538e-07
5.461999999999999744e+00,-7.821436403907233913e-07
5.464000000000000412e+00,-7.821437322461457888e-07
5.466000000000000192e+00,-7.821438192117222619e-07
5.467999999999999972e+00,-7.821439114098099325e-07
5.469999999999999751e+00,-7.821440037387206770e-07
5.472000000000000419e+00,-7.821440935740511282e-07
5.474000000000000199e+00,-7.821441858247880374e-07
5.475999999999999979e+00,-7.821442782136323981e-07
5.477999999999999758e+00,-7.821443653282570237e-07
5.480000000000000426e+00,-7.821444546257790457e-07
5.482000000000000206e+00,-7.821445440456613297e-07
5.483999999999999986e+00,-7.821446336675689125e-07
5.485999999999999766e+00,-7.821447259847418980e-07
5.488000000000000433e+00,-7.821448129514896059e-07
5.490000000000000213e+00,-7.821449050347847245e-07
5.491999999999999993e+00,-7.821449947577459849e-07
5.493999999999999773e+00,-7.821450842582650643e-07
5.496000000000000441e+00,-7.821451765148605827e-07
5.498000000000000220e+00,-7.821452660995817251e-07
5.500000000000000000e+00,-7.821453558548432105e-07
5.501999999999999780e+00,-7.821454482301073038e-07
5.504000000000000448e+00,-7.821455350244618899e-07
5.506000000000000227e+00,-7.821456271068296133e-07
5.508000000000000007e+00,-7.821457170352484559e-07
5.509999999999999787e+00,-7.821458090002336123e-07
5.512000000000000455e+00,-7.821458987781298298e-07
5.514000000000000234e+00,-7.821459912267704814e-07
5.516000000000000014e+00,-7.821460810710248481e-07
5.517999999999999794e+00,-7.821461731937457505e-07
5.520000000000000462e+00,-7.821462600558171268e-07
5.522000000000000242e+00,-7.821463493532217288e-07
5.524000000000000021e+00,-7.821464390501203148e-07
5.525999999999999801e+00,-7.821465312249442255e-07
5.528000000000000469e+00,-7.821466237236913228e-07
5.530000000000000249e+00,-7.821467108878652583e-07
5.532000000000000028e+00,-7.821468000604809432e-07
5.533999999999999808e+00,-7.821468923693374416e-07
5.536000000000000476e+00,-7.821469791469653505e-07
5.538000000000000256e+00,-7.821470740216467470e-07
5.540000000000000036e+00,-7.821471639930910518e-07
5.541999999999999815e+00,-7.821472534740625166e-07
5.544000000000000483e+00,-7.821473430070446631e-07
5.546000000000000263e+00,-7.821474326374866322e-07
5.548000000000000043e+00,-7.821475221761819101e-07
5.549999999999999822e+00,-7.821476170871359044e-07
5.552000000000000490e+00,-7.821477071587371965e-07
5.554000000000000270e+00,-7.821477968511369788e-07
5.556000000000000050e+00,-7.821478861244702809e-07
5.557999999999999829e+00,-7.821479757566414678e-07
5.560000000000000497e+00,-7.821480624112155006e-07
5.562000000000000277e+00,-7.821481542589432391e-07
5.564000000000000057e+00,-7.821482498540901083e-07
5.565999999999999837e+00,-7.821483370679484554e-07
5.568000000000000504e+00,-7.821484234103721066e-07
5.570000000000000284e+00,-7.821485183665041913e-07
5.572000000000000064e+00,-7.821486082284279830e-07
5.573999999999999844e+00,-7.821486950378092513e-07
5.576000000000000512e+00,-7.821487927191526356e-07
5.578000000000000291e+00,-7.821488771487160646e-07
5.580000000000000071e+00,-7.821489719283299771e-07
5.581999999999999851e+00,-7.821490590690072187e-07
5.584000000000000519e+00,-7.821491483748657389e-07
5.586000000000000298e+00,-7.821492407024042901e-07
5.588000000000000078e+00,-7.821493330112233073e-07
5.589999999999999858e+00,-7.821494229398877895e-07
5.592000000000000526e+00,-7.821495124076964682e-07
5.594000000000000306e+00,-7.821496018070494264e-07
5.596000000000000085e+00,-7.821496913849334247e-07
5.597999999999999865e+00,-7.821497808352302266e-07
5.600000000000000533e+00,-7.821498733627735854e-07
5.602000000000000313e+00,-7.821499628301161842e-07
5.604000000000000092e+00,-7.821500526228208669e-07
5.605999999999999872e+00,-7.821501447024131810e-07
5.608000000000000540e+00,-7.821502314946819485e-07
5.610000000000000320e+00,-7.821503240467227707e-07
5.612000000000000099e+00,-7.821504162183445792e-07
5.613999999999999879e+00,-7.821505032323118328e-07
5.616000000000000547e+00,-7.821505925062104235e-07
5.618000000000000327e+00,-7.821506821896932782e-07
5.620000000000000107e+00,-7.821507743901058424e-07
5.621999999999999886e+00,-7.821508669005948281e-07
5.624000000000000554e+00,-7.821509567352897928e-07
5.626000000000000334e+00,-7.821510487288651699e-07
5.628000000000000114e+00,-7.821511359054377619e-07
5.629999999999999893e+00,-7.821512278471438059e-07
5.631999999999999673e+00,-7.821513176260907677e-07
5.634000000000000341e+00,-7.821514071736605157e-07
5.636000000000000121e+00,-7.821514965880359208e-07
5.637999999999999901e+00,-7.821515888883301866e-07
5.639999999999999680e+00,-7.821516787984606350e-07
5.642000000000000348e+00,-7.821517709762203619e-07
5.644000000000000128e+00,-7.821518607221276390e-07
5.645999999999999908e+00,-7.821519501312974973e-07
5.647999999999999687e+00,-7.821520396905361828e-07
5.650000000000000355e+00,-7.821521321025963402e-07
5.652000000000000135e+00,-7.821522217272236399e-07
5.653999999999999915e+00,-7.821523112550058511e-07
5.655999999999999694e+00,-7.821524007407428292e-07
5.658000000000000362e+00,-7.821524903559535578e-07
5.660000000000000142e+00,-7.821525798010366601e-07
5.661999999999999922e+00,-7.821526716139634147e-07
5.663999999999999702e+00,-7.821527648423402459e-07
5.666000000000000369e+00,-7.821528541457335827e-07
5.668000000000000149e+00,-7.821529465326901187e-07
5.669999999999999929e+00,-7.821530336114961562e-07
5.671999999999999709e+00,-7.821531255806453265e-07
5.674000000000000377e+00,-7.821532151402700474e-07
5.676000000000000156e+00,-7.821533076507433630e-07
5.677999999999999936e+00,-7.821533945250239780e-07
5.679999999999999716e+00,-7.821534838780052705e-07
5.682000000000000384e+00,-7.821535733109845897e-07
5.684000000000000163e+00,-7.821536629470814567e-07
5.685999999999999943e+00,-7.821537551457236161e-07
5.687999999999999723e+00,-7.821538477289859669e-07
5.690000000000000391e+00,-7.821539373741695916e-07
5.692000000000000171e+00,-7.821540269003454049e-07
5.693999999999999950e+00,-7.821541163477368837e-07
5.695999999999999730e+00,-7.821542059734418212e-07
5.698000000000000398e+00,-7.821542927531109736e-07
5.700000000000000178e+00,-7.821543874647765384e-07
5.701999999999999957e+00,-7.821544801627891954e-07
5.703999999999999737e+00,-7.821545700281072598e-07
5.706000000000000405e+00,-7.821546594254811256e-07
5.708000000000000185e+00,-7.821547518527356776e-07
5.709999999999999964e+00,-7.821548386945751425e-07
5.711999999999999744e+00,-7.821549307310512560e-07
5.714000000000000412e+00,-7.821550204898640330e-07
5.716000000000000192e+00,-7.821551099000593305e-07
5.717999999999999972e+00,-7.821551996101295965e-07
5.719999999999999751e+00,-7.821552862942622205e-07
5.722000000000000419e+00,-7.821553810941195852e-07
5.724000000000000199e+00,-7.821554738958421092e-07
5.725999999999999979e+00,-7.821555634677681837e-07
5.727999999999999758e+00,-7.821556502850610573e-07
5.730000000000000426e+00,-7.821557423311413598e-07
5.732000000000000206e+00,-7.821558293607199600e-07
5.733999999999999986e+00,-7.821559215383692549e-07
5.735999999999999766e+00,-7.821560111411316697e-07
5.738000000000000433e+00,-7.821561061993913639e-07
5.740000000000000213e+00,-7.821561989301525381e-07
5.741999999999999993e+00,-7.821562858979586137e-07
5.743999999999999773e+00,-7.821563751484082620e-07
5.746000000000000441e+00,-7.821564645147103122e-07
5.748000000000000220e+00,-7.821565541495286889e-07
5.750000000000000000e+00,-7.821566436339358252e-07
5.751999999999999780e+00,-7.821567358363550104e-07
5.754000000000000448e+00,-7.821568257709108185e-07
5.756000000000000227e+00,-7.821569151876372695e-07
5.758000000000000007e+00,-7.821570046306555173e-07
5.759999999999999787e+00,-7.821570941241261179e-07
5.762000000000000455e+00,-7.821571892010398070e-07
5.764000000000000234e+00,-7.821572818314850693e-07
5.766000000000000014e+00,-7.821573690152063017e-07
5.767999999999999794e+00,-7.821574610675648124e-07
5.770000000000000462e+00,-7.821575476899610165e-07
5.772000000000000242e+00,-7.821576373293758175e-07
5.774000000000000021e+00,-7.821577266880030080e-07
5.775999999999999801e+00,-7.821578191800419221e-07
5.778000000000000469e+00,-7.821579114210363642e-07
5.780000000000000249e+00,-7.821580039990133353e-07
5.782000000000000028e+00,-7.821580881939037450e-07
5.783999999999999808e+00,-7.821581802239115973e-07
5.786000000000000476e+00,-7.821582696687340253e-07
5.788000000000000256e+00,-7.821583646505881713e-07
5.790000000000000036e+00,-7.821584520584475565e-07
5.791999999999999815e+00,-7.821585413166954136e-07
5.794000000000000483e+00,-7.821586309456584632e-07
5.796000000000000263e+00,-7.821587173892116014e-07
5.798000000000000043e+00,-7.821588123466653752e-07
5.799999999999999822e+00,-7.821589051067701001e-07
5.802000000000000490e+00,-7.821589947749251524e-07
5.804000000000000270e+00,-7.821590869357307737e-07
5.806000000000000050e+00,-7.821591741442614953e-07
5.807999999999999829e+00,-7.821592605807526021e-07
5.810000000000000497e+00,-7.821593552911160655e-07
5.812000000000000277e+00,-7.821594400504739959e-07
5.814000000000000057e+00,-7.821595340927702919e-07
5.815999999999999837e+00,-7.821596272243319983e-07
5.818000000000000504e+00,-7.821597169657637651e-07
5.820000000000000284e+00,-7.821598063646461965e-07
5.822000000000000064e+00,-7.821598985381238541e-07
5.823999999999999844e+00,-7.821599855955314042e-07
5.826000000000000512e+00,-7.821600775318576243e-07
5.828000000000000291e+00,-7.821601673884587668e-07
5.830000000000000071e+00,-7.821602570837988122e-07
5.831999999999999851e+00,-7.821603464130104544e-07
5.834000000000000519e+00,-7.821604330337614028e-07
5.836000000000000298e+00,-7.821605278296781585e-07
5.838000000000000078e+00,-7.821606234869624118e-07
5.839999999999999858e+00,-7.821607105240292068e-07
5.842000000000000526e+00,-7.821607998703781254e-07
5.844000000000000306e+00,-7.821608893244058957e-07
5.846000000000000085e+00,-7.821609790740192595e-07
5.847999999999999865e+00,-7.821610684469148260e-07
5.850000000000000533e+00,-7.821611605858906082e-07
5.852000000000000313e+00,-7.821612530144162390e-07
5.854000000000000092e+00,-7.821613427650913587e-07
5.855999999999999872e+00,-7.821614324091168776e-07
5.858000000000000540e+00,-7.821615246241047612e-07
5.860000000000000320e+00,-7.821616089425068684e-07
5.862000000000000099e+00,-7.821617006563646495e-07
5.863999999999999879e+00,-7.821617933064931575e-07
5.866000000000000547e+00,-7.821618829366183364e-07
5.868000000000000327e+00,-7.821619696833365307e-07
5.870000000000000107e+00,-7.821620617762986246e-07
5.871999999999999886e+00,-7.821621514403013096e-07
5.874000000000000554e+00,-7.821622465736021938e-07
5.876000000000000334e+00,-7.821623390054191829e-07
5.878000000000000114e+00,-7.821624290026853929e-07
5.879999999999999893e+00,-7.821625155202522700e-07
5.882000000000000561e+00,-7.821626048168082509e-07
5.884000000000000341e+00,-7.821626944812913096e-07
5.886000000000000121e+00,-7.821627839785207248e-07
5.887999999999999901e+00,-7.821628763987883137e-07
5.889999999999999680e+00,-7.821629656809399700e-07
5.892000000000000348e+00,-7.821630582253058267e-07
5.894000000000000128e+00,-7.821631479801587246e-07
5.895999999999999908e+00,-7.821632375213927719e-07
5.897999999999999687e+00,-7.821633270056132434e-07
5.900000000000000355e+00,-7.821634192301411532e-07
5.902000000000000135e+00,-7.821635089168762968e-07
5.903999999999999915e+00,-7.821635985742617487e-07
5.905999999999999694e+00,-7.821636879473053342e-07
5.908000000000000362e+00,-7.821637774750126889e-07
5.910000000000000142e+00,-7.821638670895218625e-07
5.911999999999999922e+00,-7.821639620439262118e-07
5.913999999999999702e+00,-7.821640520456411447e-07
5.916000000000000369e+00,-7.821641413775635040e-07
5.918000000000000149e+00,-7.821642307393353044e-07
5.919999999999999929e+00,-7.821643205796909903e-07
5.921999999999999709e+00,-7.821644068963868627e-07
5.924000000000000377e+00,-7.821644965345594898e-07
5.926000000000000156e+00,-7.821645970733794273e-07
5.927999999999999936e+00,-7.821646816975275000e-07
5.929999999999999716e+00,-7.821647737038558051e-07
5.932000000000000384e+00,-7.821648637009976071e-07
5.934000000000000163e+00,-7.821649529348300572e-07
5.935999999999999943e+00,-7.821650424541154692e-07
5.937999999999999723e+00,-7.821651346756346121e-07
5.940000000000000391e+00,-7.821652219088956253e-07
5.942000000000000171e+00,-7.821653136591694703e-07
5.943999999999999950e+00,-7.821654034846314582e-07
5.945999999999999730e+00,-7.821654927822031376e-07
5.948000000000000398e+00,-7.821655852287294890e-07
5.950000000000000178e+00,-7.821656777187261008e-07
5.951999999999999957e+00,-7.821657646438336690e-07
5.953999999999999737e+00,-7.821658568648032993e-07
5.956000000000000405e+00,-7.821659438149647257e-07
5.958000000000000185e+00,-7.821660383830916637e-07
5.959999999999999964e+00,-7.821661255647002902e-07
5.961999999999999744e+00,-7.821662206475997493e-07
5.964000000000000412e+00,-7.821663049490933848e-07
5.966000000000000192e+00,-7.821664021899238383e-07
5.967999999999999972e+00,-7.821664897387430584e-07
5.969999999999999751e+00,-7.821665789581923596e-07
5.972000000000000419e+00,-7.821666685386814077e-07
5.974000000000000199e+00,-7.821667578769985482e-07
5.975999999999999979e+00,-7.821668530222118919e-07
5.977999999999999758e+00,-7.821669402180912236e-07
5.980000000000000426e+00,-7.821670292595256453e-07
5.982000000000000206e+00,-7.821671163677748658e-07
5.983999999999999986e+00,-7.821672081173696021e-07
5.985999999999999766e+00,-7.821673006064202898e-07
5.988000000000000433e+00,-7.821673931666743670e-07
5.990000000000000213e+00,-7.821674828655498221e-07
5.991999999999999993e+00,-7.821675724221248008e-07
5.993999999999999773e+00,-7.821676645609879276e-07
5.996000000000000441e+00,-7.821677519196208284e-07
5.998000000000000220e+00,-7.821678409877013185e-07
6.000000000000000000e+00,-7.821679304884668845e-07
6.001999999999999780e+00,-7.821680226165111772e-07
6.004000000000000448e+00,-7.821681152593565783e-07
6.006000000000000227e+00,-7.821682048884928462e-07
6.008000000000000007e+00,-7.821682943776494021e-07
6.009999999999999787e+00,-7.821683867992378331e-07
6.012000000000000455e+00,-7.821684765947765822e-07
6.014000000000000234e+00,-7.821685657371728844e-07
6.016000000000000014e+00,-7.821686554583028595e-07
6.017999999999999794e+00,-7.821687476158009230e-07
6.020000000000000462e+00,-7.821688347721020049e-07
6.022000000000000242e+00,-7.821689239457108359e-07
6.024000000000000021e+00,-7.821690133446719354e-07
6.025999999999999801e+00,-7.821691111823000984e-07
6.028000000000000469e+00,-7.821691985015931892e-07
6.030000000000000249e+00,-7.821692878142686306e-07
6.032000000000000028e+00,-7.821693774296346839e-07
6.033999999999999808e+00,-7.821694667068882662e-07
6.036000000000000476e+00,-7.821695564958161349e-07
6.038000000000000256e+00,-7.821696487107085156e-07
6.040000000000000036e+00,-7.821697383471273610e-07
6.041999999999999815e+00,-7.821698278012485167e-07
6.044000000000000483e+00,-7.821699200893050623e-07
6.046000000000000263e+00,-7.821700098827279231e-07
6.048000000000000043e+00,-7.821700992752220320e-07
6.049999999999999822e+00,-7.821701888559285558e-07
6.052000000000000490e+00,-7.821702812815614632e-07
6.054000000000000270e+00,-7.821703736482049845e-07
6.056000000000000050e+00,-7.821704605341044564e-07
6.057999999999999829e+00,-7.821705472454111678e-07
6.060000000000000497e+00,-7.821706389794231450e-07
6.062000000000000277e+00,-7.821707315426687308e-07
6.064000000000000057e+00,-7.821708268949012679e-07
6.065999999999999837e+00,-7.821709112851434157e-07
6.068000000000000504e+00,-7.821710057827506257e-07
6.070000000000000284e+00,-7.821710930221566511e-07
6.072000000000000064e+00,-7.821711824469613612e-07
6.073999999999999844e+00,-7.821712718053543472e-07
6.076000000000000512e+00,-7.821713641177998300e-07
6.078000000000000291e+00,-7.821714510025798420e-07
6.080000000000000071e+00,-7.821715457934367405e-07
6.081999999999999851e+00,-7.821716356510667104e-07
6.084000000000000519e+00,-7.821717253408063857e-07
6.086000000000000298e+00,-7.821718121728499146e-07
6.088000000000000078e+00,-7.821719067066045733e-07
6.089999999999999858e+00,-7.821719966772585963e-07
6.092000000000000526e+00,-7.821720890638799190e-07
6.094000000000000306e+00,-7.821721759369790290e-07
6.096000000000000085e+00,-7.821722653812741789e-07
6.097999999999999865e+00,-7.821723546812551376e-07
6.100000000000000533e+00,-7.821724497550780034e-07
6.102000000000000313e+00,-7.821725397198077721e-07
6.104000000000000092e+00,-7.821726290350049365e-07
6.105999999999999872e+00,-7.821727160826208916e-07
6.108000000000000540e+00,-7.821728106886521305e-07
6.110000000000000320e+00,-7.821728980558229117e-07
6.112000000000000099e+00,-7.821729872076259382e-07
6.113999999999999879e+00,-7.821730794131726868e-07
6.116000000000000547e+00,-7.821731691104564610e-07
6.118000000000000327e+00,-7.821732642302073591e-07
6.120000000000000107e+00,-7.821733515251041011e-07
6.121999999999999886e+00,-7.821734405897385435e-07
6.124000000000000554e+00,-7.821735273733010829e-07
6.126000000000000334e+00,-7.821736222959896599e-07
6.128000000000000114e+00,-7.821737092250736243e-07
6.129999999999999893e+00,-7.821737986842934948e-07
6.132000000000000561e+00,-7.821738910589337482e-07
6.134000000000000341e+00,-7.821739833666960918e-07
6.136000000000000121e+00,-7.821740732980301042e-07
6.137999999999999901e+00,-7.821741653102434884e-07
6.140000000000000568e+00,-7.821742550843301752e-07
6.142000000000000348e+00,-7.821743445822882505e-07
6.144000000000000128e+00,-7.821744341148341750e-07
6.145999999999999908e+00,-7.821745209053284085e-07
6.147999999999999687e+00,-7.821746127497576948e-07
6.150000000000000355e+00,-7.821747054650719527e-07
6.152000000000000135e+00,-7.821747951522072135e-07
6.153999999999999915e+00,-7.821748899928182979e-07
6.155999999999999694e+00,-7.821749743502588830e-07
6.158000000000000362e+00,-7.821750664364075497e-07
6.160000000000000142e+00,-7.821751589424754469e-07
6.161999999999999922e+00,-7.821752511975899283e-07
6.163999999999999702e+00,-7.821753383223558677e-07
6.166000000000000369e+00,-7.821754247454747595e-07
6.168000000000000149e+00,-7.821755167128385962e-07
6.169999999999999929e+00,-7.821756093720393565e-07
6.171999999999999709e+00,-7.821756962352136755e-07
6.174000000000000377e+00,-7.821757853538833143e-07
6.176000000000000156e+00,-7.821758777997935552e-07
6.177999999999999936e+00,-7.821759700713389934e-07
6.179999999999999716e+00,-7.821760600529118005e-07
6.182000000000000384e+00,-7.821761494889810958e-07
6.184000000000000163e+00,-7.821762388700426952e-07
6.185999999999999943e+00,-7.821763286106571810e-07
6.187999999999999723e+00,-7.821764205999467831e-07
6.190000000000000391e+00,-7.821765103279695948e-07
6.192000000000000171e+00,-7.821765999871021581e-07
6.193999999999999950e+00,-7.821766921230050107e-07
6.195999999999999730e+00,-7.821767846637324373e-07
6.198000000000000398e+00,-7.821768715907131130e-07
6.200000000000000178e+00,-7.821769636098361684e-07
6.201999999999999957e+00,-7.821770534562137292e-07
6.203999999999999737e+00,-7.821771427443900131e-07
6.206000000000000405e+00,-7.821772323993314574e-07
6.208000000000000185e+00,-7.821773218666467394e-07
6.209999999999999964e+00,-7.821774111850541586e-07
6.211999999999999744e+00,-7.821775037104571711e-07
6.214000000000000412e+00,-7.821775960356065600e-07
6.216000000000000192e+00,-7.821776884778556068e-07
6.217999999999999972e+00,-7.821777753097140590e-07
6.219999999999999751e+00,-7.821778646600429737e-07
6.222000000000000419e+00,-7.821779517428908407e-07
6.224000000000000199e+00,-7.821780463386390997e-07
6.225999999999999979e+00,-7.821781336377259019e-07
6.227999999999999758e+00,-7.821782254061049703e-07
6.230000000000000426e+00,-7.821783207444922245e-07
6.232000000000000206e+00,-7.821784051981918572e-07
6.233999999999999986e+00,-7.821784969178620843e-07
6.235999999999999766e+00,-7.821785867243995562e-07
6.238000000000000433e+00,-7.821786788659479893e-07
6.240000000000000213e+00,-7.821787687580670232e-07
6.241999999999999993e+00,-7.821788581000503340e-07
6.243999999999999773e+00,-7.821789478267808910e-07
6.246000000000000441e+00,-7.821790370950814410e-07
6.248000000000000220e+00,-7.821791266637885785e-07
6.250000000000000000e+00,-7.821792188052244621e-07
6.251999999999999780e+00,-7.821793114419426386e-07
6.254000000000000448e+00,-7.821794009292794501e-07
6.256000000000000227e+00,-7.821794878102801070e-07
6.258000000000000007e+00,-7.821795825473480840e-07
6.259999999999999787e+00,-7.821796699080015819e-07
6.262000000000000455e+00,-7.821797590455744549e-07
6.264000000000000234e+00,-7.821798512677508954e-07
6.266000000000000014e+00,-7.821799410101606676e-07
6.267999999999999794e+00,-7.821800279374189583e-07
6.270000000000000462e+00,-7.821801224047879392e-07
6.272000000000000242e+00,-7.821802124100491873e-07
6.274000000000000021e+00,-7.821803019919961909e-07
6.275999999999999801e+00,-7.821803942885514415e-07
6.278000000000000469e+00,-7.821804840303454207e-07
6.280000000000000249e+00,-7.821805706472307226e-07
6.282000000000000028e+00,-7.821806628890397986e-07
6.283999999999999808e+00,-7.821807526255893734e-07
6.286000000000000476e+00,-7.821808446348738235e-07
6.288000000000000256e+00,-7.821809371878924393e-07
6.290000000000000036e+00,-7.821810268460197863e-07
6.291999999999999815e+00,-7.821811164223580553e-07
6.294000000000000483e+00,-7.821812058021054830e-07
6.296000000000000263e+00,-7.821812953776209655e-07
6.298000000000000043e+00,-7.821813821511603522e-07
6.299999999999999822e+00,-7.821814767784741410e-07
6.302000000000000490e+00,-7.821815667838637146e-07
6.304000000000000270e+00,-7.821816563424044450e-07
6.306000000000000050e+00,-7.821817458188938350e-07
6.307999999999999829e+00,-7.821818380195893082e-07
6.310000000000000497e+00,-7.821819277091056844e-07
6.312000000000000277e+00,-7.821820200619021228e-07
6.314000000000000057e+00,-7.821821097574374093e-07
6.315999999999999837e+00,-7.821821992242952935e-07
6.318000000000000504e+00,-7.821822860142778133e-07
6.320000000000000284e+00,-7.821823781150255163e-07
6.322000000000000064e+00,-7.821824648714369439e-07
6.323999999999999844e+00,-7.821825625093147267e-07
6.326000000000000512e+00,-7.821826498326065542e-07
6.328000000000000291e+00,-7.821827445499760389e-07
6.330000000000000071e+00,-7.821828319135046842e-07
6.331999999999999851e+00,-7.821829238293130135e-07
6.334000000000000519e+00,-7.821830108270104583e-07
6.336000000000000298e+00,-7.821831001417882355e-07
6.338000000000000078e+00,-7.821831894336690180e-07
6.339999999999999858e+00,-7.821832817362602255e-07
6.342000000000000526e+00,-7.821833716453489292e-07
6.344000000000000306e+00,-7.821834637331138406e-07
6.346000000000000085e+00,-7.821835535664485763e-07
6.347999999999999865e+00,-7.821836431004355156e-07
6.350000000000000533e+00,-7.821837351880686075e-07
6.352000000000000313e+00,-7.821838248981644963e-07
6.354000000000000092e+00,-7.821839172804979264e-07
6.355999999999999872e+00,-7.821840041089771407e-07
6.358000000000000540e+00,-7.821840933904826167e-07
6.360000000000000320e+00,-7.821841830346108384e-07
6.362000000000000099e+00,-7.821842778466264081e-07
6.363999999999999879e+00,-7.821843651639342655e-07
6.366000000000000547e+00,-7.821844598378744651e-07
6.368000000000000327e+00,-7.821845471356534485e-07
6.370000000000000107e+00,-7.821846364669440271e-07
6.371999999999999886e+00,-7.821847202678442613e-07
6.374000000000000554e+00,-7.821848149683251795e-07
6.376000000000000334e+00,-7.821849075033662622e-07
6.378000000000000114e+00,-7.821849973912453669e-07
6.379999999999999893e+00,-7.821850867200313750e-07
6.382000000000000561e+00,-7.821851790125972063e-07
6.384000000000000341e+00,-7.821852687191231688e-07
6.386000000000000121e+00,-7.821853582846850612e-07
6.387999999999999901e+00,-7.821854503983249233e-07
6.390000000000000568e+00,-7.821855400818925872e-07
6.392000000000000348e+00,-7.821856297987211173e-07
6.394000000000000128e+00,-7.821857190864694379e-07
6.395999999999999908e+00,-7.821858059879659627e-07
6.398000000000000576e+00,-7.821858978188281105e-07
6.400000000000000355e+00,-7.821859959826829663e-07
6.402000000000000135e+00,-7.821860830867166096e-07
6.403999999999999915e+00,-7.821861753738559244e-07
6.405999999999999694e+00,-7.821862622149526473e-07
6.408000000000000362e+00,-7.821863513730139768e-07
6.410000000000000142e+00,-7.821864411293239831e-07
6.411999999999999922e+00,-7.821865279309297007e-07
6.413999999999999702e+00,-7.821866224036952343e-07
6.416000000000000369e+00,-7.821867097449148318e-07
6.418000000000000149e+00,-7.821868018296244954e-07
6.419999999999999929e+00,-7.821868943615415088e-07
6.421999999999999709e+00,-7.821869838171894414e-07
6.424000000000000377e+00,-7.821870708280554956e-07
6.426000000000000156e+00,-7.821871680388799128e-07
6.427999999999999936e+00,-7.821872528370279288e-07
6.429999999999999716e+00,-7.821873420196597782e-07
6.432000000000000384e+00,-7.821874339442320398e-07
6.434000000000000163e+00,-7.821875267740741518e-07
6.435999999999999943e+00,-7.821876134212085884e-07
6.437999999999999723e+00,-7.821877082601972871e-07
6.440000000000000391e+00,-7.821877982731784994e-07
6.442000000000000171e+00,-7.821878879409892328e-07
6.443999999999999950e+00,-7.821879770518944382e-07
6.445999999999999730e+00,-7.821880667582886871e-07
6.448000000000000398e+00,-7.821881561026617955e-07
6.450000000000000178e+00,-7.821882487983411943e-07
6.451999999999999957e+00,-7.821883380393322374e-07
6.453999999999999737e+00,-7.821884276521423688e-07
6.456000000000000405e+00,-7.821885197435511100e-07
6.458000000000000185e+00,-7.821886096309556645e-07
6.459999999999999964e+00,-7.821886964472566625e-07
6.461999999999999744e+00,-7.821887911508670499e-07
6.464000000000000412e+00,-7.821888809243082976e-07
6.466000000000000192e+00,-7.821889732290970261e-07
6.467999999999999972e+00,-7.821890573599757796e-07
6.469999999999999751e+00,-7.821891518347345935e-07
6.472000000000000419e+00,-7.821892365281730318e-07
6.474000000000000199e+00,-7.821893282604391682e-07
6.475999999999999979e+00,-7.821894233881965393e-07
6.477999999999999758e+00,-7.821895135543903416e-07
6.480000000000000426e+00,-7.821896027783925508e-07
6.482000000000000206e+00,-7.821896923596965505e-07
6.483999999999999986e+00,-7.821897818702248065e-07
6.485999999999999766e+00,-7.821898713364578980e-07
6.488000000000000433e+00,-7.821899635989374367e-07
6.490000000000000213e+00,-7.821900534370819431e-07
6.491999999999999993e+00,-7.821901427037453901e-07
6.493999999999999773e+00,-7.821902322652571945e-07
6.496000000000000441e+00,-7.821903243945805069e-07
6.498000000000000220e+00,-7.821904142497158589e-07
6.500000000000000000e+00,-7.821905065251896242e-07
6.501999999999999780e+00,-7.821905961749920136e-07
6.504000000000000448e+00,-7.821906856918461234e-07
6.506000000000000227e+00,-7.821907753856949673e-07
6.508000000000000007e+00,-7.821908646774072962e-07
6.509999999999999787e+00,-7.821909540721069730e-07
6.512000000000000455e+00,-7.821910491830322113e-07
6.514000000000000234e+00,-7.821911389840007593e-07
6.516000000000000014e+00,-7.821912259750099260e-07
6.517999999999999794e+00,-7.821913177802607621e-07
6.520000000000000462e+00,-7.821914074783391592e-07
6.522000000000000242e+00,-7.821914967886375085e-07
6.524000000000000021e+00,-7.821915865883918347e-07
6.525999999999999801e+00,-7.821916785229883077e-07
6.528000000000000469e+00,-7.821917712409393791e-07
6.530000000000000249e+00,-7.821918583240592495e-07
6.532000000000000028e+00,-7.821919473408797409e-07
6.533999999999999808e+00,-7.821920371327268028e-07
6.536000000000000476e+00,-7.821921290334187703e-07
6.538000000000000256e+00,-7.821922215533348092e-07
6.540000000000000036e+00,-7.821923113916664040e-07
6.541999999999999815e+00,-7.821924007653790396e-07
6.544000000000000483e+00,-7.821924930936917789e-07
6.546000000000000263e+00,-7.821925801169343609e-07
6.548000000000000043e+00,-7.821926663743875843e-07
6.549999999999999822e+00,-7.821927611989842403e-07
6.552000000000000490e+00,-7.821928511849223376e-07
6.554000000000000270e+00,-7.821929436564815832e-07
6.556000000000000050e+00,-7.821930331244659153e-07
6.557999999999999829e+00,-7.821931226576934896e-07
6.560000000000000497e+00,-7.821932120238985546e-07
6.562000000000000277e+00,-7.821933042995187506e-07
6.564000000000000057e+00,-7.821933940166009671e-07
6.565999999999999837e+00,-7.821934835832384855e-07
6.568000000000000504e+00,-7.821935730215328305e-07
6.570000000000000284e+00,-7.821936626229520628e-07
6.572000000000000064e+00,-7.821937548212041636e-07
6.573999999999999844e+00,-7.821938443360063360e-07
6.576000000000000512e+00,-7.821939340445010149e-07
6.578000000000000291e+00,-7.821940262252188984e-07
6.580000000000000071e+00,-7.821941157155925348e-07
6.581999999999999851e+00,-7.821942056007319114e-07
6.584000000000000519e+00,-7.821942946530637296e-07
6.586000000000000298e+00,-7.821943871318094145e-07
6.588000000000000078e+00,-7.821944768234455966e-07
6.589999999999999858e+00,-7.821945663962350094e-07
6.592000000000000526e+00,-7.821946586234086266e-07
6.594000000000000306e+00,-7.821947482152682450e-07
6.596000000000000085e+00,-7.821948376283171966e-07
6.597999999999999865e+00,-7.821949272795077672e-07
6.600000000000000533e+00,-7.821950195139173752e-07
6.602000000000000313e+00,-7.821951090117773005e-07
6.604000000000000092e+00,-7.821951987549626372e-07
6.605999999999999872e+00,-7.821952880972118105e-07
6.608000000000000540e+00,-7.821953776692161296e-07
6.610000000000000320e+00,-7.821954671901005280e-07
6.612000000000000099e+00,-7.821955621429309842e-07
6.613999999999999879e+00,-7.821956518786742895e-07
6.616000000000000547e+00,-7.821957416566467399e-07
6.618000000000000327e+00,-7.821958307852666865e-07
6.620000000000000107e+00,-7.821959205825958515e-07
6.621999999999999886e+00,-7.821960072637319905e-07
6.624000000000000554e+00,-7.821960990610727036e-07
6.626000000000000334e+00,-7.821961942492759340e-07
6.628000000000000114e+00,-7.821962843744714358e-07
6.629999999999999893e+00,-7.821963737256091611e-07
6.632000000000000561e+00,-7.821964633960416733e-07
6.634000000000000341e+00,-7.821965525937961314e-07
6.636000000000000121e+00,-7.821966450680010843e-07
6.637999999999999901e+00,-7.821967347100775804e-07
6.640000000000000568e+00,-7.821968241972478441e-07
6.642000000000000348e+00,-7.821969136930317976e-07
6.644000000000000128e+00,-7.821970030877257569e-07
6.645999999999999908e+00,-7.821970926067189425e-07
6.648000000000000576e+00,-7.821971876290787335e-07
6.650000000000000355e+00,-7.821972775119827901e-07
6.652000000000000135e+00,-7.821973670621480588e-07
6.653999999999999915e+00,-7.821974566455027252e-07
6.656000000000000583e+00,-7.821975461115707512e-07
6.658000000000000362e+00,-7.821976354691908196e-07
6.660000000000000142e+00,-7.821977221687774538e-07
6.661999999999999922e+00,-7.821978169331636198e-07
6.663999999999999702e+00,-7.821979070278245368e-07
6.666000000000000369e+00,-7.821980019193460071e-07
6.668000000000000149e+00,-7.821980891229526086e-07
6.669999999999999929e+00,-7.821981756268862787e-07
6.671999999999999709e+00,-7.821982702635714282e-07
6.674000000000000377e+00,-7.821983602403338293e-07
6.676000000000000156e+00,-7.821984499594344194e-07
6.677999999999999936e+00,-7.821985390392058700e-07
6.679999999999999716e+00,-7.821986285594874986e-07
6.682000000000000384e+00,-7.821987183035856192e-07
6.684000000000000163e+00,-7.821988049368661966e-07
6.685999999999999943e+00,-7.821988968751409102e-07
6.687999999999999723e+00,-7.821989920623596766e-07
6.690000000000000391e+00,-7.821990820622300894e-07
6.692000000000000171e+00,-7.821991715327123217e-07
6.693999999999999950e+00,-7.821992608551970399e-07
6.695999999999999730e+00,-7.821993506184202115e-07
6.698000000000000398e+00,-7.821994399711139363e-07
6.700000000000000178e+00,-7.821995321020387762e-07
6.701999999999999957e+00,-7.821996193585612200e-07
6.703999999999999737e+00,-7.821997138629687281e-07
6.706000000000000405e+00,-7.821998093087638893e-07
6.708000000000000185e+00,-7.821998910292116563e-07
6.709999999999999964e+00,-7.821999827603332394e-07
6.711999999999999744e+00,-7.822000722502999823e-07
6.714000000000000412e+00,-7.822001644382531154e-07
6.716000000000000192e+00,-7.822002540345726799e-07
6.717999999999999972e+00,-7.822003436063737111e-07
6.719999999999999751e+00,-7.822004332405254729e-07
6.722000000000000419e+00,-7.822005281022312776e-07
6.724000000000000199e+00,-7.822006153231876549e-07
6.725999999999999979e+00,-7.822007073795208677e-07
6.727999999999999758e+00,-7.822007942695460253e-07
6.730000000000000426e+00,-7.822008891463284870e-07
6.732000000000000206e+00,-7.822009761173414294e-07
6.733999999999999986e+00,-7.822010655139048963e-07
6.735999999999999766e+00,-7.822011549363259498e-07
6.738000000000000433e+00,-7.822012472121037999e-07
6.740000000000000213e+00,-7.822013368752391232e-07
6.741999999999999993e+00,-7.822014290737085939e-07
6.743999999999999773e+00,-7.822015189028858800e-07
6.746000000000000441e+00,-7.822016081121391280e-07
6.748000000000000220e+00,-7.822016978910000101e-07
6.750000000000000000e+00,-7.822017899977659881e-07
6.751999999999999780e+00,-7.822018795771561169e-07
6.754000000000000448e+00,-7.822019693261531584e-07
6.756000000000000227e+00,-7.822020587407122638e-07
6.758000000000000007e+00,-7.822021480464259415e-07
6.759999999999999787e+00,-7.822022376098316056e-07
6.762000000000000455e+00,-7.822023299930098453e-07
6.764000000000000234e+00,-7.822024223310466287e-07
6.766000000000000014e+00,-7.822025092838802322e-07
6.767999999999999794e+00,-7.822025984119519367e-07
6.770000000000000462e+00,-7.822026907742294267e-07
6.772000000000000242e+00,-7.822027805143479747e-07
6.774000000000000021e+00,-7.822028699022261776e-07
6.775999999999999801e+00,-7.822029623272810909e-07
6.778000000000000469e+00,-7.822030544554509562e-07
6.780000000000000249e+00,-7.822031471802203252e-07
6.782000000000000028e+00,-7.822032339476441340e-07
6.783999999999999808e+00,-7.822033232347375923e-07
6.786000000000000476e+00,-7.822034126183405022e-07
6.788000000000000256e+00,-7.822035048963824714e-07
6.790000000000000036e+00,-7.822035948214256760e-07
6.791999999999999815e+00,-7.822036840591485483e-07
6.794000000000000483e+00,-7.822037736260909985e-07
6.796000000000000263e+00,-7.822038631293133836e-07
6.798000000000000043e+00,-7.822039553574997346e-07
6.799999999999999822e+00,-7.822040478878459255e-07
6.802000000000000490e+00,-7.822041400296216810e-07
6.804000000000000270e+00,-7.822042271299919068e-07
6.806000000000000050e+00,-7.822043138181716542e-07
6.807999999999999829e+00,-7.822044031445199015e-07
6.810000000000000497e+00,-7.822044949879481007e-07
6.812000000000000277e+00,-7.822045904889436579e-07
6.814000000000000057e+00,-7.822046775243995021e-07
6.815999999999999837e+00,-7.822047667932062602e-07
6.818000000000000504e+00,-7.822048617311854760e-07
6.820000000000000284e+00,-7.822049463349724648e-07
6.822000000000000064e+00,-7.822050377871794391e-07
6.823999999999999844e+00,-7.822051304198854324e-07
6.826000000000000512e+00,-7.822052201755372941e-07
6.828000000000000291e+00,-7.822053095445154391e-07
6.830000000000000071e+00,-7.822054018412503666e-07
6.831999999999999851e+00,-7.822054887570042559e-07
6.834000000000000519e+00,-7.822055779466637259e-07
6.836000000000000298e+00,-7.822056701532995471e-07
6.838000000000000078e+00,-7.822057628943457130e-07
6.839999999999999858e+00,-7.822058523082753670e-07
6.842000000000000526e+00,-7.822059418967077843e-07
6.844000000000000306e+00,-7.822060315090919639e-07
6.846000000000000085e+00,-7.822061206367723391e-07
6.847999999999999865e+00,-7.822062129517734263e-07
6.850000000000000533e+00,-7.822063028845411479e-07
6.852000000000000313e+00,-7.822063921961458338e-07
6.854000000000000092e+00,-7.822064817500697052e-07
6.855999999999999872e+00,-7.822065711780668825e-07
6.858000000000000540e+00,-7.822066633512312438e-07
6.860000000000000320e+00,-7.822067531760088291e-07
6.862000000000000099e+00,-7.822068453229057458e-07
6.863999999999999879e+00,-7.822069351170318557e-07
6.866000000000000547e+00,-7.822070245917730756e-07
6.868000000000000327e+00,-7.822071165666705291e-07
6.870000000000000107e+00,-7.822072038298694983e-07
6.871999999999999886e+00,-7.822072927534612024e-07
6.874000000000000554e+00,-7.822073821400443978e-07
6.876000000000000334e+00,-7.822074802876180097e-07
6.878000000000000114e+00,-7.822075701276073538e-07
6.879999999999999893e+00,-7.822076570700632156e-07
6.882000000000000561e+00,-7.822077462395782305e-07
6.884000000000000341e+00,-7.822078357099778771e-07
6.886000000000000121e+00,-7.822079280022218359e-07
6.887999999999999901e+00,-7.822080149173743318e-07
6.890000000000000568e+00,-7.822081069259162516e-07
6.892000000000000348e+00,-7.822081966052234456e-07
6.894000000000000128e+00,-7.822082859631250466e-07
6.895999999999999908e+00,-7.822083785934501361e-07
6.898000000000000576e+00,-7.822084651696094586e-07
6.900000000000000355e+00,-7.822085597967030188e-07
6.902000000000000135e+00,-7.822086500396528292e-07
6.903999999999999915e+00,-7.822087393035112207e-07
6.906000000000000583e+00,-7.822088287524600756e-07
6.908000000000000362e+00,-7.822089182262951819e-07
6.910000000000000142e+00,-7.822090050988711432e-07
6.911999999999999922e+00,-7.822091026232899215e-07
6.913999999999999702e+00,-7.822091954530676590e-07
6.916000000000000369e+00,-7.822092850661650404e-07
6.918000000000000149e+00,-7.822093719411763273e-07
6.919999999999999929e+00,-7.822094612587467721e-07
6.921999999999999709e+00,-7.822095505011933354e-07
6.924000000000000377e+00,-7.822096401780985558e-07
6.926000000000000156e+00,-7.822097323654765535e-07
6.927999999999999936e+00,-7.822098219941679173e-07
6.929999999999999716e+00,-7.822099142147205957e-07
6.932000000000000384e+00,-7.822100010012520914e-07
6.934000000000000163e+00,-7.822100931030561504e-07
6.935999999999999943e+00,-7.822101828136516827e-07
6.937999999999999723e+00,-7.822102751581214696e-07
6.940000000000000391e+00,-7.822103646935463532e-07
6.942000000000000171e+00,-7.822104542763875060e-07
6.943999999999999950e+00,-7.822105436123503184e-07
6.945999999999999730e+00,-7.822106333432186313e-07
6.948000000000000398e+00,-7.822107225678741146e-07
6.950000000000000178e+00,-7.822108175441667482e-07
6.951999999999999957e+00,-7.822109076943389223e-07
6.953999999999999737e+00,-7.822109970241294056e-07
6.956000000000000405e+00,-7.822110863337038594e-07
6.958000000000000185e+00,-7.822111759993677879e-07
6.959999999999999964e+00,-7.822112626028500639e-07
6.961999999999999744e+00,-7.822113574337227046e-07
6.964000000000000412e+00,-7.822114500961191085e-07
6.966000000000000192e+00,-7.822115370791674361e-07
6.967999999999999972e+00,-7.822116261461989818e-07
6.969999999999999751e+00,-7.822117186355880591e-07
6.972000000000000419e+00,-7.822118053099127827e-07
6.974000000000000199e+00,-7.822119002469697914e-07
6.975999999999999979e+00,-7.822119900140941850e-07
6.977999999999999758e+00,-7.822120795916535579e-07
6.980000000000000426e+00,-7.822121662787174453e-07
6.982000000000000206e+00,-7.822122582796899611e-07
6.983999999999999986e+00,-7.822123452679608820e-07
6.985999999999999766e+00,-7.822124428324590359e-07
6.988000000000000433e+00,-7.822125300465732929e-07
6.990000000000000213e+00,-7.822126222927735995e-07
6.991999999999999993e+00,-7.822127117935725174e-07
6.993999999999999773e+00,-7.822128012731446838e-07
6.996000000000000441e+00,-7.822128879225505451e-07
6.998000000000000220e+00,-7.822129800498152498e-07
7.000000000000000000e+00,-7.822130724024140119e-07
7.001999999999999780e+00,-7.822131621675332667e-07
7.004000000000000448e+00,-7.822132543997949050e-07
7.006000000000000227e+00,-7.822133413191865890e-07
7.008000000000000007e+00,-7.822134306261010418e-07
7.009999999999999787e+00,-7.822135227113870054e-07
7.012000000000000455e+00,-7.822136177995444215e-07
7.014000000000000234e+00,-7.822137050752356444e-07
7.016000000000000014e+00,-7.822137917339921142e-07
7.017999999999999794e+00,-7.822138863953512276e-07
7.020000000000000462e+00,-7.822139707656023390e-07
7.022000000000000242e+00,-7.822140679647650184e-07
7.024000000000000021e+00,-7.822141582946431732e-07
7.025999999999999801e+00,-7.822142475973670363e-07
7.028000000000000469e+00,-7.822143372010739986e-07
7.030000000000000249e+00,-7.822144240231901955e-07
7.032000000000000028e+00,-7.822145158192526300e-07
7.033999999999999808e+00,-7.822146027967897377e-07
7.036000000000000476e+00,-7.822146976215214955e-07
7.038000000000000256e+00,-7.822147874149318626e-07
7.040000000000000036e+00,-7.822148768997686563e-07
7.041999999999999815e+00,-7.822149691322178066e-07
7.044000000000000483e+00,-7.822150588321499352e-07
7.046000000000000263e+00,-7.822151483714297717e-07
7.048000000000000043e+00,-7.822152377728214323e-07
7.049999999999999822e+00,-7.822153299645592144e-07
7.052000000000000490e+00,-7.822154223729011089e-07
7.054000000000000270e+00,-7.822155093182111541e-07
7.056000000000000050e+00,-7.822155986547295142e-07
7.057999999999999829e+00,-7.822156910306042123e-07
7.060000000000000497e+00,-7.822157747637217995e-07
7.062000000000000277e+00,-7.822158695126269560e-07
7.064000000000000057e+00,-7.822159596381261192e-07
7.065999999999999837e+00,-7.822160517864844854e-07
7.068000000000000504e+00,-7.822161413345415949e-07
7.070000000000000284e+00,-7.822162308666578620e-07
7.072000000000000064e+00,-7.822163202339481879e-07
7.073999999999999844e+00,-7.822164126963327961e-07
7.076000000000000512e+00,-7.822165049802436448e-07
7.078000000000000291e+00,-7.822165919331807981e-07
7.080000000000000071e+00,-7.822166783314200030e-07
7.081999999999999851e+00,-7.822167730582025648e-07
7.084000000000000519e+00,-7.822168657904328118e-07
7.086000000000000298e+00,-7.822169527895608952e-07
7.088000000000000078e+00,-7.822170445144612330e-07
7.089999999999999858e+00,-7.822171372874076126e-07
7.092000000000000526e+00,-7.822172240689025446e-07
7.094000000000000306e+00,-7.822173132859163084e-07
7.096000000000000085e+00,-7.822174028675652623e-07
7.097999999999999865e+00,-7.822174897090090570e-07
7.100000000000000533e+00,-7.822175870896475924e-07
7.102000000000000313e+00,-7.822176743172279791e-07
7.104000000000000092e+00,-7.822177665435122117e-07
7.105999999999999872e+00,-7.822178562355950978e-07
7.108000000000000540e+00,-7.822179454684686007e-07
7.110000000000000320e+00,-7.822180324056968927e-07
7.112000000000000099e+00,-7.822181269468417021e-07
7.113999999999999879e+00,-7.822182170188844042e-07
7.116000000000000547e+00,-7.822183038437297413e-07
7.118000000000000327e+00,-7.822183982806665224e-07
7.120000000000000107e+00,-7.822184857506223164e-07
7.121999999999999886e+00,-7.822185804046166901e-07
7.124000000000000554e+00,-7.822186675333597668e-07
7.126000000000000334e+00,-7.822187621808714797e-07
7.128000000000000114e+00,-7.822188493607581940e-07
7.129999999999999893e+00,-7.822189385945719034e-07
7.132000000000000561e+00,-7.822190282193307051e-07
7.134000000000000341e+00,-7.822191174165878489e-07
7.136000000000000121e+00,-7.822192098856717466e-07
7.137999999999999901e+00,-7.822193020548471121e-07
7.140000000000000568e+00,-7.822193946206405730e-07
7.142000000000000348e+00,-7.822194816174937377e-07
7.144000000000000128e+00,-7.822195707926374983e-07
7.145999999999999908e+00,-7.822196602923619549e-07
7.148000000000000576e+00,-7.822197498479400817e-07
7.150000000000000355e+00,-7.822198419815537219e-07
7.152000000000000135e+00,-7.822199317598410568e-07
7.153999999999999915e+00,-7.822200237736960967e-07
7.156000000000000583e+00,-7.822201164458728724e-07
7.158000000000000362e+00,-7.822202033900064946e-07
7.160000000000000142e+00,-7.822202897829825544e-07
7.161999999999999922e+00,-7.822203845154968823e-07
7.164000000000000590e+00,-7.822204716747661794e-07
7.166000000000000369e+00,-7.822205635501404380e-07
7.168000000000000149e+00,-7.822206533546676890e-07
7.169999999999999929e+00,-7.822207399287086879e-07
7.171999999999999709e+00,-7.822208322263926100e-07
7.174000000000000377e+00,-7.822209245334619747e-07
7.176000000000000156e+00,-7.822210141253924263e-07
7.177999999999999936e+00,-7.822211065396762569e-07
7.179999999999999716e+00,-7.822211959016699799e-07
7.182000000000000384e+00,-7.822212855387851923e-07
7.184000000000000163e+00,-7.822213750526603931e-07
7.185999999999999943e+00,-7.822214645782062256e-07
7.187999999999999723e+00,-7.822215566249212734e-07
7.190000000000000391e+00,-7.822216463707910692e-07
7.192000000000000171e+00,-7.822217359468852869e-07
7.193999999999999950e+00,-7.822218252508092898e-07
7.195999999999999730e+00,-7.822219174182866719e-07
7.198000000000000398e+00,-7.822220071496516639e-07
7.200000000000000178e+00,-7.822220994392787144e-07
7.201999999999999957e+00,-7.822221891286991642e-07
7.203999999999999737e+00,-7.822222783382876254e-07
7.206000000000000405e+00,-7.822223651729230752e-07
7.208000000000000185e+00,-7.822224573844919103e-07
7.209999999999999964e+00,-7.822225494164179746e-07
7.211999999999999744e+00,-7.822226449116557195e-07
7.214000000000000412e+00,-7.822227321122232726e-07
7.216000000000000192e+00,-7.822228213786355744e-07
7.217999999999999972e+00,-7.822229106238581823e-07
7.219999999999999751e+00,-7.822229973864587738e-07
7.222000000000000419e+00,-7.822230895011820970e-07
7.224000000000000199e+00,-7.822231818493119132e-07
7.225999999999999979e+00,-7.822232715550156185e-07
7.227999999999999758e+00,-7.822233638485283268e-07
7.230000000000000426e+00,-7.822234506940589496e-07
7.232000000000000206e+00,-7.822235400506018038e-07
7.233999999999999986e+00,-7.822236295117284514e-07
7.235999999999999766e+00,-7.822237216139443801e-07
7.238000000000000433e+00,-7.822238168869183503e-07
7.240000000000000213e+00,-7.822239039171117905e-07
7.241999999999999993e+00,-7.822239959728103639e-07
7.243999999999999773e+00,-7.822240829731447281e-07
7.246000000000000441e+00,-7.822241720838031293e-07
7.248000000000000220e+00,-7.822242616557678496e-07
7.250000000000000000e+00,-7.822243537545123197e-07
7.251999999999999780e+00,-7.822244435206831660e-07
7.254000000000000448e+00,-7.822245330930881316e-07
7.256000000000000227e+00,-7.822246251016498509e-07
7.258000000000000007e+00,-7.822247148973407483e-07
7.259999999999999787e+00,-7.822248043682045689e-07
7.262000000000000455e+00,-7.822248964110499467e-07
7.264000000000000234e+00,-7.822249861664918502e-07
7.266000000000000014e+00,-7.822250729638294746e-07
7.267999999999999794e+00,-7.822251649084500531e-07
7.270000000000000462e+00,-7.822252573628669400e-07
7.272000000000000242e+00,-7.822253499069814397e-07
7.274000000000000021e+00,-7.822254392898381136e-07
7.275999999999999801e+00,-7.822255288838650775e-07
7.278000000000000469e+00,-7.822256211779368276e-07
7.280000000000000249e+00,-7.822257080555678815e-07
7.282000000000000028e+00,-7.822257974172477788e-07
7.283999999999999808e+00,-7.822258867587278461e-07
7.286000000000000476e+00,-7.822259762309565545e-07
7.288000000000000256e+00,-7.822260682890220555e-07
7.290000000000000036e+00,-7.822261580349927542e-07
7.291999999999999815e+00,-7.822262502192786582e-07
7.294000000000000483e+00,-7.822263403374681387e-07
7.296000000000000263e+00,-7.822264320979087085e-07
7.298000000000000043e+00,-7.822265190173710139e-07
7.299999999999999822e+00,-7.822266111426046395e-07
7.302000000000000490e+00,-7.822267007514505507e-07
7.304000000000000270e+00,-7.822267902107048319e-07
7.306000000000000050e+00,-7.822268797478371222e-07
7.307999999999999829e+00,-7.822269720388654829e-07
7.310000000000000497e+00,-7.822270560189038680e-07
7.312000000000000277e+00,-7.822271563410887765e-07
7.314000000000000057e+00,-7.822272437623652694e-07
7.315999999999999837e+00,-7.822273330383001274e-07
7.318000000000000504e+00,-7.822274195486731537e-07
7.320000000000000284e+00,-7.822275144799369864e-07
7.322000000000000064e+00,-7.822275988855384885e-07
7.323999999999999844e+00,-7.822276933250736491e-07
7.326000000000000512e+00,-7.822277833542213322e-07
7.328000000000000291e+00,-7.822278754075181436e-07
7.330000000000000071e+00,-7.822279623462777653e-07
7.331999999999999851e+00,-7.822280543662122783e-07
7.334000000000000519e+00,-7.822281440014404072e-07
7.336000000000000298e+00,-7.822282335013795866e-07
7.338000000000000078e+00,-7.822283257721826005e-07
7.339999999999999858e+00,-7.822284156037160147e-07
7.342000000000000526e+00,-7.822285048395473566e-07
7.344000000000000306e+00,-7.822285943464364414e-07
7.346000000000000085e+00,-7.822286865703794750e-07
7.347999999999999865e+00,-7.822287761960124146e-07
7.350000000000000533e+00,-7.822288685162077195e-07
7.352000000000000313e+00,-7.822289554325798370e-07
7.354000000000000092e+00,-7.822290473929919683e-07
7.355999999999999872e+00,-7.822291368916513869e-07
7.358000000000000540e+00,-7.822292264598871505e-07
7.360000000000000320e+00,-7.822293188282599954e-07
7.362000000000000099e+00,-7.822294084720966260e-07
7.363999999999999879e+00,-7.822295004248365447e-07
7.366000000000000547e+00,-7.822295904612900987e-07
7.368000000000000327e+00,-7.822296797266423388e-07
7.370000000000000107e+00,-7.822297690396367940e-07
7.371999999999999886e+00,-7.822298585836649913e-07
7.374000000000000554e+00,-7.822299508220008087e-07
7.376000000000000334e+00,-7.822300407701268258e-07
7.378000000000000114e+00,-7.822301299862862510e-07
7.379999999999999893e+00,-7.822302194610402822e-07
7.382000000000000561e+00,-7.822303087254965732e-07
7.384000000000000341e+00,-7.822304010452538562e-07
7.386000000000000121e+00,-7.822304936710633072e-07
7.387999999999999901e+00,-7.822305831320676643e-07
7.390000000000000568e+00,-7.822306726801530436e-07
7.392000000000000348e+00,-7.822307621364022636e-07
7.394000000000000128e+00,-7.822308513670421406e-07
7.395999999999999908e+00,-7.822309411384523091e-07
7.398000000000000576e+00,-7.822310304583339892e-07
7.400000000000000355e+00,-7.822311200538363787e-07
7.402000000000000135e+00,-7.822312148082389909e-07
7.403999999999999915e+00,-7.822313047671256087e-07
7.406000000000000583e+00,-7.822313942362803286e-07
7.408000000000000362e+00,-7.822314810881378639e-07
7.410000000000000142e+00,-7.822315727774578417e-07
7.411999999999999922e+00,-7.822316627254655918e-07
7.414000000000000590e+00,-7.822317548836057062e-07
7.416000000000000369e+00,-7.822318471784860551e-07
7.418000000000000149e+00,-7.822319371755990580e-07
7.419999999999999929e+00,-7.822320235942748386e-07
7.422000000000000597e+00,-7.822321128782694267e-07
7.424000000000000377e+00,-7.822322079947026027e-07
7.426000000000000156e+00,-7.822322975760631418e-07
7.427999999999999936e+00,-7.822323870250760535e-07
7.429999999999999716e+00,-7.822324768474218072e-07
7.432000000000000384e+00,-7.822325661069455077e-07
7.434000000000000163e+00,-7.822326554921612742e-07
7.435999999999999943e+00,-7.822327478081437549e-07
7.437999999999999723e+00,-7.822328374749856944e-07
7.440000000000000391e+00,-7.822329270165408732e-07
7.442000000000000171e+00,-7.822330189097215643e-07
7.443999999999999950e+00,-7.822331087788207838e-07
7.445999999999999730e+00,-7.822331981518421347e-07
7.448000000000000398e+00,-7.822332904977094200e-07
7.450000000000000178e+00,-7.822333798543100843e-07
7.451999999999999957e+00,-7.822334695156868613e-07
7.453999999999999737e+00,-7.822335615967049436e-07
7.456000000000000405e+00,-7.822336488617886669e-07
7.458000000000000185e+00,-7.822337406814946497e-07
7.459999999999999964e+00,-7.822338273935811609e-07
7.461999999999999744e+00,-7.822339223878736681e-07
7.464000000000000412e+00,-7.822340124704191552e-07
7.466000000000000192e+00,-7.822341016250469308e-07
7.467999999999999972e+00,-7.822341882819887383e-07
7.469999999999999751e+00,-7.822342804713494284e-07
7.472000000000000419e+00,-7.822343674324267801e-07
7.474000000000000199e+00,-7.822344619179242777e-07
7.475999999999999979e+00,-7.822345521654283726e-07
7.477999999999999758e+00,-7.822346441660983917e-07
7.480000000000000426e+00,-7.822347337525271525e-07
7.482000000000000206e+00,-7.822348233672077444e-07
7.483999999999999986e+00,-7.822349127864966818e-07
7.485999999999999766e+00,-7.822350049596562785e-07
7.488000000000000433e+00,-7.822350945069472467e-07
7.490000000000000213e+00,-7.822351841878685679e-07
7.491999999999999993e+00,-7.822352735387284663e-07
7.493999999999999773e+00,-7.822353630864161636e-07
7.496000000000000441e+00,-7.822354523343293717e-07
7.498000000000000220e+00,-7.822355445931542809e-07
7.500000000000000000e+00,-7.822356370582267364e-07
7.501999999999999780e+00,-7.822357269497399300e-07
7.504000000000000448e+00,-7.822358187906180307e-07
7.506000000000000227e+00,-7.822359059912673225e-07
7.508000000000000007e+00,-7.822359978264083631e-07
7.509999999999999787e+00,-7.822360848386114589e-07
7.512000000000000455e+00,-7.822361765686074411e-07
7.514000000000000234e+00,-7.822362663811680584e-07
7.516000000000000014e+00,-7.822363587731034541e-07
7.517999999999999794e+00,-7.822364483202386741e-07
7.520000000000000462e+00,-7.822365402923745885e-07
7.522000000000000242e+00,-7.822366303349039098e-07
7.524000000000000021e+00,-7.822367223062868119e-07
7.525999999999999801e+00,-7.822368094581912634e-07
7.528000000000000469e+00,-7.822368984843941270e-07
7.530000000000000249e+00,-7.822369879817066573e-07
7.532000000000000028e+00,-7.822370774553188881e-07
7.533999999999999808e+00,-7.822371668246358462e-07
7.536000000000000476e+00,-7.822372563763254565e-07
7.538000000000000256e+00,-7.822373539877201189e-07
7.540000000000000036e+00,-7.822374416231946212e-07
7.541999999999999815e+00,-7.822375307143749703e-07
7.544000000000000483e+00,-7.822376199601278209e-07
7.546000000000000263e+00,-7.822377122929660455e-07
7.548000000000000043e+00,-7.822377990508986384e-07
7.549999999999999822e+00,-7.822378913319363514e-07
7.552000000000000490e+00,-7.822379807542049389e-07
7.554000000000000270e+00,-7.822380703339298575e-07
7.556000000000000050e+00,-7.822381570270787236e-07
7.557999999999999829e+00,-7.822382546040623549e-07
7.560000000000000497e+00,-7.822383391994736702e-07
7.562000000000000277e+00,-7.822384308433454599e-07
7.564000000000000057e+00,-7.822385207599633337e-07
7.565999999999999837e+00,-7.822386127124886354e-07
7.568000000000000504e+00,-7.822387023273878676e-07
7.570000000000000284e+00,-7.822387919586983632e-07
7.572000000000000064e+00,-7.822388870544386301e-07
7.573999999999999844e+00,-7.822389767147089703e-07
7.576000000000000512e+00,-7.822390689083293891e-07
7.578000000000000291e+00,-7.822391559581887110e-07
7.580000000000000071e+00,-7.822392449818824512e-07
7.581999999999999851e+00,-7.822393346053766326e-07
7.584000000000000519e+00,-7.822394240078264491e-07
7.586000000000000298e+00,-7.822395134987691858e-07
7.588000000000000078e+00,-7.822396054541731289e-07
7.589999999999999858e+00,-7.822396924611420905e-07
7.592000000000000526e+00,-7.822397900595884779e-07
7.594000000000000306e+00,-7.822398775777852335e-07
7.596000000000000085e+00,-7.822399664885917165e-07
7.597999999999999865e+00,-7.822400560463098720e-07
7.600000000000000533e+00,-7.822401483290981903e-07
7.602000000000000313e+00,-7.822402407449480789e-07
7.604000000000000092e+00,-7.822403275479511891e-07
7.605999999999999872e+00,-7.822404168342076729e-07
7.608000000000000540e+00,-7.822405062067004752e-07
7.610000000000000320e+00,-7.822405956925213095e-07
7.612000000000000099e+00,-7.822406880537153384e-07
7.613999999999999879e+00,-7.822407804183549915e-07
7.616000000000000547e+00,-7.822408700514927489e-07
7.618000000000000327e+00,-7.822409568903411287e-07
7.620000000000000107e+00,-7.822410457540273806e-07
7.621999999999999886e+00,-7.822411408970045574e-07
7.624000000000000554e+00,-7.822412307400063741e-07
7.626000000000000334e+00,-7.822413176278257521e-07
7.628000000000000114e+00,-7.822414121642830811e-07
7.629999999999999893e+00,-7.822414995123804803e-07
7.632000000000000561e+00,-7.822415914136976640e-07
7.634000000000000341e+00,-7.822416836427737173e-07
7.636000000000000121e+00,-7.822417760568192140e-07
7.637999999999999901e+00,-7.822418630024760132e-07
7.640000000000000568e+00,-7.822419524619579345e-07
7.642000000000000348e+00,-7.822420417296764670e-07
7.644000000000000128e+00,-7.822421283663054716e-07
7.645999999999999908e+00,-7.822422203736353932e-07
7.648000000000000576e+00,-7.822423185410816686e-07
7.650000000000000355e+00,-7.822424057340137491e-07
7.652000000000000135e+00,-7.822424950047255901e-07
7.653999999999999915e+00,-7.822425844211584383e-07
7.656000000000000583e+00,-7.822426738144043948e-07
7.658000000000000362e+00,-7.822427605269315748e-07
7.660000000000000142e+00,-7.822428525780958750e-07
7.661999999999999922e+00,-7.822429450118318172e-07
7.664000000000000590e+00,-7.822430346447411933e-07
7.666000000000000369e+00,-7.822431267568052565e-07
7.668000000000000149e+00,-7.822432164739722822e-07
7.669999999999999929e+00,-7.822433061446961737e-07
7.672000000000000597e+00,-7.822433952892222343e-07
7.674000000000000377e+00,-7.822434877310269066e-07
7.676000000000000156e+00,-7.822435745793967838e-07
7.677999999999999936e+00,-7.822436664799348031e-07
7.679999999999999716e+00,-7.822437559512984790e-07
7.682000000000000384e+00,-7.822438456845397548e-07
7.684000000000000163e+00,-7.822439350475898338e-07
7.685999999999999943e+00,-7.822440299214273738e-07
7.687999999999999723e+00,-7.822441201509529825e-07
7.690000000000000391e+00,-7.822442092348388957e-07
7.692000000000000171e+00,-7.822442987309290515e-07
7.693999999999999950e+00,-7.822443881084444416e-07
7.695999999999999730e+00,-7.822444777436689705e-07
7.698000000000000398e+00,-7.822445671855050779e-07
7.700000000000000178e+00,-7.822446566112343245e-07
7.701999999999999957e+00,-7.822447488017521674e-07
7.703999999999999737e+00,-7.822448410798029245e-07
7.706000000000000405e+00,-7.822449309630207010e-07
7.708000000000000185e+00,-7.822450175545198960e-07
7.709999999999999964e+00,-7.822451094808327044e-07
7.711999999999999744e+00,-7.822452020714065377e-07
7.714000000000000412e+00,-7.822452942062908331e-07
7.716000000000000192e+00,-7.822453813080369581e-07
7.717999999999999972e+00,-7.822454732008683540e-07
7.719999999999999751e+00,-7.822455601552001471e-07
7.722000000000000419e+00,-7.822456465542343983e-07
7.724000000000000199e+00,-7.822457468956231318e-07
7.725999999999999979e+00,-7.822458343996727432e-07
7.727999999999999758e+00,-7.822459237396444566e-07
7.730000000000000426e+00,-7.822460130446636731e-07
7.732000000000000206e+00,-7.822461026649708931e-07
7.733999999999999986e+00,-7.822461919620305409e-07
7.735999999999999766e+00,-7.822462843055630859e-07
7.738000000000000433e+00,-7.822463737830347164e-07
7.740000000000000213e+00,-7.822464634170345416e-07
7.741999999999999993e+00,-7.822465498094718884e-07
7.743999999999999773e+00,-7.822466447506826408e-07
7.746000000000000441e+00,-7.822467345381183551e-07
7.748000000000000220e+00,-7.822468267327340376e-07
7.750000000000000000e+00,-7.822469165027504134e-07
7.751999999999999780e+00,-7.822470057929705879e-07
7.754000000000000448e+00,-7.822470980958969027e-07
7.756000000000000227e+00,-7.822471851007187416e-07
7.758000000000000007e+00,-7.822472714252630096e-07
7.759999999999999787e+00,-7.822473662031775623e-07
7.762000000000000455e+00,-7.822474587458169541e-07
7.764000000000000234e+00,-7.822475513475696106e-07
7.766000000000000014e+00,-7.822476382277534100e-07
7.767999999999999794e+00,-7.822477299689767080e-07
7.770000000000000462e+00,-7.822478198058218658e-07
7.772000000000000242e+00,-7.822479065961754919e-07
7.774000000000000021e+00,-7.822479984033948326e-07
7.775999999999999801e+00,-7.822480880899805807e-07
7.778000000000000469e+00,-7.822481777062598413e-07
7.780000000000000249e+00,-7.822482669388053307e-07
7.782000000000000028e+00,-7.822483593255200388e-07
7.783999999999999808e+00,-7.822484488937585553e-07
7.786000000000000476e+00,-7.822485410295512936e-07
7.788000000000000256e+00,-7.822486310144852333e-07
7.790000000000000036e+00,-7.822487199354948634e-07
7.791999999999999815e+00,-7.822488096702220467e-07
7.794000000000000483e+00,-7.822488991947132173e-07
7.796000000000000263e+00,-7.822489859059730243e-07
7.798000000000000043e+00,-7.822490776657276032e-07
7.799999999999999822e+00,-7.822491730023261356e-07
7.802000000000000490e+00,-7.822492629094528993e-07
7.804000000000000270e+00,-7.822493522279847265e-07
7.806000000000000050e+00,-7.822494389780823706e-07
7.807999999999999829e+00,-7.822495309600038448e-07
7.810000000000000497e+00,-7.822496207491159432e-07
7.812000000000000277e+00,-7.822497127734397809e-07
7.814000000000000057e+00,-7.822498023778092290e-07
7.815999999999999837e+00,-7.822498918782521813e-07
7.818000000000000504e+00,-7.822499840622540115e-07
7.820000000000000284e+00,-7.822500708917009609e-07
7.822000000000000064e+00,-7.822501657676692123e-07
7.823999999999999844e+00,-7.822502583715340513e-07
7.826000000000000512e+00,-7.822503477785007769e-07
7.828000000000000291e+00,-7.822504347161829728e-07
7.830000000000000071e+00,-7.822505239335005038e-07
7.831999999999999851e+00,-7.822506132785882962e-07
7.834000000000000519e+00,-7.822507028351833919e-07
7.836000000000000298e+00,-7.822507922555275206e-07
7.838000000000000078e+00,-7.822508872275408379e-07
7.839999999999999858e+00,-7.822509770342422107e-07
7.842000000000000526e+00,-7.822510664073531352e-07
7.844000000000000306e+00,-7.822511558504442278e-07
7.846000000000000085e+00,-7.822512453685425232e-07
7.847999999999999865e+00,-7.822513348501530743e-07
7.850000000000000533e+00,-7.822514271111190710e-07
7.852000000000000313e+00,-7.822515139889636831e-07
7.854000000000000092e+00,-7.822516087385099377e-07
7.855999999999999872e+00,-7.822516982323243278e-07
7.858000000000000540e+00,-7.822517855604737834e-07
7.860000000000000320e+00,-7.822518770965773594e-07
7.862000000000000099e+00,-7.822519697506861812e-07
7.863999999999999879e+00,-7.822520591823494229e-07
7.866000000000000547e+00,-7.822521487079294544e-07
7.868000000000000327e+00,-7.822522410200120895e-07
7.870000000000000107e+00,-7.822523250196052890e-07
7.871999999999999886e+00,-7.822524194485552906e-07
7.874000000000000554e+00,-7.822525148989843572e-07
7.876000000000000334e+00,-7.822526022239458984e-07
7.878000000000000114e+00,-7.822526885836065642e-07
7.879999999999999893e+00,-7.822527831397485154e-07
7.882000000000000561e+00,-7.822528705086036216e-07
7.884000000000000341e+00,-7.822529596583302528e-07
7.886000000000000121e+00,-7.822530545181673969e-07
7.887999999999999901e+00,-7.822531415805378189e-07
7.890000000000000568e+00,-7.822532310493815718e-07
7.892000000000000348e+00,-7.822533202175807210e-07
7.894000000000000128e+00,-7.822534124296711167e-07
7.895999999999999908e+00,-7.822534994292263165e-07
7.898000000000000576e+00,-7.822535941941099026e-07
7.900000000000000355e+00,-7.822536839229865235e-07
7.902000000000000135e+00,-7.822537762429837286e-07
7.903999999999999915e+00,-7.822538630709946395e-07
7.906000000000000583e+00,-7.822539524222251149e-07
7.908000000000000362e+00,-7.822540418476513354e-07
7.910000000000000142e+00,-7.822541339178744062e-07
7.911999999999999922e+00,-7.822542236282127581e-07
7.914000000000000590e+00,-7.822543157829944928e-07
7.916000000000000369e+00,-7.822544085144829507e-07
7.918000000000000149e+00,-7.822544950376171636e-07
7.919999999999999929e+00,-7.822545843818980513e-07
7.922000000000000597e+00,-7.822546738123083195e-07
7.924000000000000377e+00,-7.822547660020303750e-07
7.926000000000000156e+00,-7.822548556606013554e-07
7.927999999999999936e+00,-7.822549477692066655e-07
7.930000000000000604e+00,-7.822550346146130920e-07
7.932000000000000384e+00,-7.822551240158220053e-07
7.934000000000000163e+00,-7.822552160742157316e-07
7.935999999999999943e+00,-7.822553087288748072e-07
7.937999999999999723e+00,-7.822553982057842196e-07
7.940000000000000391e+00,-7.822554903393862130e-07
7.942000000000000171e+00,-7.822555774165965464e-07
7.943999999999999950e+00,-7.822556664638220265e-07
7.945999999999999730e+00,-7.822557560618733499e-07
7.948000000000000398e+00,-7.822558455410140589e-07
7.950000000000000178e+00,-7.822559374493075119e-07
7.951999999999999957e+00,-7.822560301191452060e-07
7.953999999999999737e+00,-7.822561196974632029e-07
7.956000000000000405e+00,-7.822562118189169439e-07
7.958000000000000185e+00,-7.822562988711316526e-07
7.959999999999999964e+00,-7.822563878677896893e-07
7.961999999999999744e+00,-7.822564801166655613e-07
7.964000000000000412e+00,-7.822565698861821877e-07
7.966000000000000192e+00,-7.822566591153928024e-07
7.967999999999999972e+00,-7.822567432757561376e-07
7.969999999999999751e+00,-7.822568432131012615e-07
7.972000000000000419e+00,-7.822569308609028460e-07
7.974000000000000199e+00,-7.822570198991449065e-07
7.975999999999999979e+00,-7.822571095871637285e-07
7.977999999999999758e+00,-7.822571988513780856e-07
7.980000000000000426e+00,-7.822572911224671849e-07
7.982000000000000206e+00,-7.822573778992606604e-07
7.983999999999999986e+00,-7.822574727259768046e-07
7.985999999999999766e+00,-7.822575652376159552e-07
7.988000000000000433e+00,-7.822576548995952904e-07
7.990000000000000213e+00,-7.822577444282226287e-07
7.991999999999999993e+00,-7.822578337283826289e-07
7.993999999999999773e+00,-7.822579232783834673e-07
7.996000000000000441e+00,-7.822580128672149429e-07
7.998000000000000220e+00,-7.822581048623681306e-07
8.000000000000000000e+00,-7.822581943668325836e-07
8.002000000000000668e+00,-7.822582841965936873e-07
8.003999999999999559e+00,-7.822583733141478895e-07
8.006000000000000227e+00,-7.822584656280393635e-07
8.008000000000000895e+00,-7.822585579726013711e-07
8.009999999999999787e+00,-7.822586449703438145e-07
8.012000000000000455e+00,-7.822587368421183948e-07
8.013999999999999346e+00,-7.822588266074044093e-07
8.016000000000000014e+00,-7.822589159354099824e-07
8.018000000000000682e+00,-7.822590055851788082e-07
8.019999999999999574e+00,-7.822590948003317465e-07
8.022000000000000242e+00,-7.822591842597154120e-07
8.024000000000000909e+00,-7.822592765608159473e-07
8.025999999999999801e+00,-7.822593687908029845e-07
8.028000000000000469e+00,-7.822594585895476475e-07
8.029999999999999361e+00,-7.822595478969977426e-07
8.032000000000000028e+00,-7.822596374953725267e-07
8.034000000000000696e+00,-7.822597266411424552e-07
8.035999999999999588e+00,-7.822598191173885459e-07
8.038000000000000256e+00,-7.822599114720360689e-07
8.040000000000000924e+00,-7.822599983721481184e-07
8.041999999999999815e+00,-7.822600874528870924e-07
8.044000000000000483e+00,-7.822601796803857585e-07
8.045999999999999375e+00,-7.822602695482465100e-07
8.048000000000000043e+00,-7.822603613332640584e-07
8.050000000000000711e+00,-7.822604511683833866e-07
8.051999999999999602e+00,-7.822605406954176677e-07
8.054000000000000270e+00,-7.822606301775786844e-07
8.056000000000000938e+00,-7.822607195779517879e-07
8.057999999999999829e+00,-7.822608088932084563e-07
8.060000000000000497e+00,-7.822608984090364916e-07
8.061999999999999389e+00,-7.822609932805622669e-07
8.064000000000000057e+00,-7.822610804401054733e-07
8.066000000000000725e+00,-7.822611723173567569e-07
8.067999999999999616e+00,-7.822612623936705168e-07
8.070000000000000284e+00,-7.822613514417385829e-07
8.072000000000000952e+00,-7.822614435292605018e-07
8.073999999999999844e+00,-7.822615334703572042e-07
8.076000000000000512e+00,-7.822616255370711234e-07
8.077999999999999403e+00,-7.822617123445056982e-07
8.080000000000000071e+00,-7.822618015803401106e-07
8.082000000000000739e+00,-7.822618912999042395e-07
8.083999999999999631e+00,-7.822619830342264424e-07
8.086000000000000298e+00,-7.822620755724595688e-07
8.088000000000000966e+00,-7.822621627612546345e-07
8.089999999999999858e+00,-7.822622544573503464e-07
8.092000000000000526e+00,-7.822623470702689089e-07
8.093999999999999417e+00,-7.822624338336529000e-07
8.096000000000000085e+00,-7.822625228469233704e-07
8.098000000000000753e+00,-7.822626126981204427e-07
8.099999999999999645e+00,-7.822627073497778525e-07
8.102000000000000313e+00,-7.822627971178052891e-07
8.104000000000000981e+00,-7.822628868777084092e-07
8.105999999999999872e+00,-7.822629788746053201e-07
8.108000000000000540e+00,-7.822630658542558809e-07
8.109999999999999432e+00,-7.822631577122442589e-07
8.112000000000000099e+00,-7.822632500959421532e-07
8.114000000000000767e+00,-7.822633342017682133e-07
8.115999999999999659e+00,-7.822634232993166620e-07
8.118000000000000327e+00,-7.822635182291744200e-07
8.120000000000000995e+00,-7.822636054310802852e-07
8.121999999999999886e+00,-7.822637001004865292e-07
8.124000000000000554e+00,-7.822637899367989033e-07
8.125999999999999446e+00,-7.822638794099974644e-07
8.128000000000000114e+00,-7.822639660010920953e-07
8.130000000000000782e+00,-7.822640581616643589e-07
8.131999999999999673e+00,-7.822641477641678993e-07
8.134000000000000341e+00,-7.822642369527165915e-07
8.136000000000001009e+00,-7.822643293661039436e-07
8.137999999999999901e+00,-7.822644216695144436e-07
8.140000000000000568e+00,-7.822645112841044030e-07
8.141999999999999460e+00,-7.822646007426670817e-07
8.144000000000000128e+00,-7.822646902081955477e-07
8.146000000000000796e+00,-7.822647797496704701e-07
8.147999999999999687e+00,-7.822648745293144523e-07
8.150000000000000355e+00,-7.822649616380974094e-07
8.152000000000001023e+00,-7.822650508635725029e-07
8.153999999999999915e+00,-7.822651403878252338e-07
8.156000000000000583e+00,-7.822652296913054973e-07
8.157999999999999474e+00,-7.822653168066523244e-07
8.160000000000000142e+00,-7.822654138855050909e-07
8.162000000000000810e+00,-7.822655011651503694e-07
8.163999999999999702e+00,-7.822655932502596208e-07
8.166000000000000369e+00,-7.822656856057344832e-07
8.168000000000001037e+00,-7.822657724898033052e-07
8.169999999999999929e+00,-7.822658616541917590e-07
8.172000000000000597e+00,-7.822659512091511282e-07
8.173999999999999488e+00,-7.822660432108386457e-07
8.176000000000000156e+00,-7.822661358014726184e-07
8.178000000000000824e+00,-7.822662253516459338e-07
8.179999999999999716e+00,-7.822663175365281489e-07
8.182000000000000384e+00,-7.822664043371702607e-07
8.184000000000001052e+00,-7.822664936128024102e-07
8.185999999999999943e+00,-7.822665858807261473e-07
8.188000000000000611e+00,-7.822666754038475597e-07
8.189999999999999503e+00,-7.822667650684747199e-07
8.192000000000000171e+00,-7.822668541865731408e-07
8.194000000000000838e+00,-7.822669439933469349e-07
8.195999999999999730e+00,-7.822670358660670158e-07
8.198000000000000398e+00,-7.822671311258621062e-07
8.199999999999999289e+00,-7.822672181589161885e-07
8.201999999999999957e+00,-7.822673074086568702e-07
8.204000000000000625e+00,-7.822673970508418924e-07
8.205999999999999517e+00,-7.822674862015159299e-07
8.208000000000000185e+00,-7.822675758178147782e-07
8.210000000000000853e+00,-7.822676624202205812e-07
8.211999999999999744e+00,-7.822677570525947565e-07
8.214000000000000412e+00,-7.822678471804056843e-07
8.215999999999999304e+00,-7.822679391694666934e-07
8.217999999999999972e+00,-7.822680287950186355e-07
8.220000000000000639e+00,-7.822681210415575435e-07
8.221999999999999531e+00,-7.822682078753437369e-07
8.224000000000000199e+00,-7.822682998905964870e-07
8.226000000000000867e+00,-7.822683894839278252e-07
8.227999999999999758e+00,-7.822684787317940229e-07
8.230000000000000426e+00,-7.822685685806972241e-07
8.231999999999999318e+00,-7.822686604570033249e-07
8.233999999999999986e+00,-7.822687502781812319e-07
8.236000000000000654e+00,-7.822688422796367682e-07
8.237999999999999545e+00,-7.822689320038744014e-07
8.240000000000000213e+00,-7.822690215445325723e-07
8.242000000000000881e+00,-7.822691107967188498e-07
8.243999999999999773e+00,-7.822692029698654235e-07
8.246000000000000441e+00,-7.822692901124507126e-07
8.247999999999999332e+00,-7.822693817729075133e-07
8.250000000000000000e+00,-7.822694716884493375e-07
8.252000000000000668e+00,-7.822695636313606035e-07
8.253999999999999559e+00,-7.822696536021853037e-07
8.256000000000000227e+00,-7.822697427910756678e-07
8.258000000000000895e+00,-7.822698321207546604e-07
8.259999999999999787e+00,-7.822699217341064693e-07
8.262000000000000455e+00,-7.822700137999688027e-07
8.263999999999999346e+00,-7.822701007826402007e-07
8.266000000000000014e+00,-7.822701926917577108e-07
8.268000000000000682e+00,-7.822702824331472318e-07
8.269999999999999574e+00,-7.822703718341004470e-07
8.272000000000000242e+00,-7.822704638567512887e-07
8.274000000000000909e+00,-7.822705563839548815e-07
8.275999999999999801e+00,-7.822706432503126680e-07
8.278000000000000469e+00,-7.822707352008805824e-07
8.279999999999999361e+00,-7.822708247863631015e-07
8.282000000000000028e+00,-7.822709143610245630e-07
8.284000000000000696e+00,-7.822710038861326912e-07
8.285999999999999588e+00,-7.822710985707037896e-07
8.288000000000000256e+00,-7.822711884250017437e-07
8.290000000000000924e+00,-7.822712779467248106e-07
8.291999999999999815e+00,-7.822713674495556547e-07
8.294000000000000483e+00,-7.822714542038501352e-07
8.295999999999999375e+00,-7.822715459480967056e-07
8.298000000000000043e+00,-7.822716383780942679e-07
8.300000000000000711e+00,-7.822717279096154943e-07
8.301999999999999602e+00,-7.822718175366340740e-07
8.304000000000000270e+00,-7.822719042954495929e-07
8.306000000000000938e+00,-7.822720014760984614e-07
8.307999999999999829e+00,-7.822720860653627527e-07
8.310000000000000497e+00,-7.822721808827005481e-07
8.311999999999999389e+00,-7.822722704242718205e-07
8.314000000000000057e+00,-7.822723599202854257e-07
8.316000000000000725e+00,-7.822724494336028553e-07
8.317999999999999616e+00,-7.822725415686112411e-07
8.320000000000000284e+00,-7.822726285653961138e-07
8.322000000000000952e+00,-7.822727176121176093e-07
8.323999999999999844e+00,-7.822728072145744570e-07
8.326000000000000512e+00,-7.822729019541202171e-07
8.327999999999999403e+00,-7.822729946903896465e-07
8.330000000000000071e+00,-7.822730814627491164e-07
8.332000000000000739e+00,-7.822731706142696575e-07
8.333999999999999631e+00,-7.822732602117620450e-07
8.336000000000000298e+00,-7.822733522063399914e-07
8.338000000000000966e+00,-7.822734392369512307e-07
8.339999999999999858e+00,-7.822735312020741358e-07
8.342000000000000526e+00,-7.822736206787536847e-07
8.343999999999999417e+00,-7.822737129523948941e-07
8.346000000000000085e+00,-7.822738025512969562e-07
8.348000000000000753e+00,-7.822738947942571501e-07
8.349999999999999645e+00,-7.822739817634773472e-07
8.352000000000000313e+00,-7.822740735478897964e-07
8.354000000000000981e+00,-7.822741632172746347e-07
8.355999999999999872e+00,-7.822742526298558123e-07
8.358000000000000540e+00,-7.822743420477686388e-07
8.359999999999999432e+00,-7.822744345012674478e-07
8.362000000000000099e+00,-7.822745266931526137e-07
8.364000000000000767e+00,-7.822746163433005927e-07
8.365999999999999659e+00,-7.822747056085339305e-07
8.368000000000000327e+00,-7.822747951273427806e-07
8.370000000000000995e+00,-7.822748847289552422e-07
8.371999999999999886e+00,-7.822749740216687640e-07
8.374000000000000554e+00,-7.822750633486819322e-07
8.375999999999999446e+00,-7.822751584714592790e-07
8.378000000000000114e+00,-7.822752455798843646e-07
8.380000000000000782e+00,-7.822753347065746642e-07
8.381999999999999673e+00,-7.822754269873237507e-07
8.384000000000000341e+00,-7.822755163834137262e-07
8.386000000000001009e+00,-7.822756085882132858e-07
8.387999999999999901e+00,-7.822757011162646527e-07
8.390000000000000568e+00,-7.822757880505107535e-07
8.391999999999999460e+00,-7.822758771966463884e-07
8.394000000000000128e+00,-7.822759666442664603e-07
8.396000000000000796e+00,-7.822760586761175622e-07
8.397999999999999687e+00,-7.822761457592673965e-07
8.400000000000000355e+00,-7.822762375808328283e-07
8.402000000000001023e+00,-7.822763272609576209e-07
8.403999999999999915e+00,-7.822764194831396730e-07
8.406000000000000583e+00,-7.822765118282396524e-07
8.407999999999999474e+00,-7.822765959828664569e-07
8.410000000000000142e+00,-7.822766906208361319e-07
8.412000000000000810e+00,-7.822767803139756916e-07
8.413999999999999702e+00,-7.822768697856913098e-07
8.416000000000000369e+00,-7.822769592222518842e-07
8.418000000000001037e+00,-7.822770486226899975e-07
8.419999999999999929e+00,-7.822771377547914612e-07
8.422000000000000597e+00,-7.822772274657649820e-07
8.423999999999999488e+00,-7.822773224857770094e-07
8.426000000000000156e+00,-7.822774122159460966e-07
8.428000000000000824e+00,-7.822774989863218153e-07
8.429999999999999716e+00,-7.822775907957317950e-07
8.432000000000000384e+00,-7.822776804977077083e-07
8.434000000000001052e+00,-7.822777726674902906e-07
8.435999999999999943e+00,-7.822778623909029137e-07
8.438000000000000611e+00,-7.822779516296476254e-07
8.439999999999999503e+00,-7.822780440161535399e-07
8.442000000000000171e+00,-7.822781334887954944e-07
8.444000000000000838e+00,-7.822782227512178475e-07
8.445999999999999730e+00,-7.822783153494565878e-07
8.448000000000000398e+00,-7.822784073439478193e-07
8.449999999999999289e+00,-7.822784945512772364e-07
8.451999999999999957e+00,-7.822785805873514110e-07
8.454000000000000625e+00,-7.822786701595402774e-07
8.455999999999999517e+00,-7.822787622693947493e-07
8.458000000000000185e+00,-7.822788545810007167e-07
8.460000000000000853e+00,-7.822789469634291204e-07
8.461999999999999744e+00,-7.822790367387740747e-07
8.464000000000000412e+00,-7.822791260778456038e-07
8.465999999999999304e+00,-7.822792126879272194e-07
8.467999999999999972e+00,-7.822793047936903104e-07
8.470000000000000639e+00,-7.822793944183551972e-07
8.471999999999999531e+00,-7.822794890999577628e-07
8.474000000000000199e+00,-7.822795762285621378e-07
8.476000000000000867e+00,-7.822796682553937225e-07
8.477999999999999758e+00,-7.822797580060112439e-07
8.480000000000000426e+00,-7.822798474140666186e-07
8.481999999999999318e+00,-7.822799368997750093e-07
8.483999999999999986e+00,-7.822800232881245751e-07
8.486000000000000654e+00,-7.822801180551934003e-07
8.487999999999999545e+00,-7.822802081359979171e-07
8.490000000000000213e+00,-7.822802973449343747e-07
8.492000000000000881e+00,-7.822803868275605184e-07
8.493999999999999773e+00,-7.822804763492195284e-07
8.496000000000000441e+00,-7.822805685385004915e-07
8.497999999999999332e+00,-7.822806607951448203e-07
8.500000000000000000e+00,-7.822807503680683819e-07
8.502000000000000668e+00,-7.822808427561354840e-07
8.503999999999999559e+00,-7.822809295311641664e-07
8.506000000000000227e+00,-7.822810186533361805e-07
8.508000000000000895e+00,-7.822811108966347640e-07
8.509999999999999787e+00,-7.822812004162479777e-07
8.512000000000000455e+00,-7.822812900656974721e-07
8.513999999999999346e+00,-7.822813820580430632e-07
8.516000000000000014e+00,-7.822814659921569101e-07
8.518000000000000682e+00,-7.822815609210073342e-07
8.519999999999999574e+00,-7.822816532639833785e-07
8.522000000000000242e+00,-7.822817374429386633e-07
8.524000000000000909e+00,-7.822818320410950369e-07
8.525999999999999801e+00,-7.822819188075958975e-07
8.528000000000000469e+00,-7.822820111763206846e-07
8.529999999999999361e+00,-7.822821007069509383e-07
8.532000000000000028e+00,-7.822821927925036114e-07
8.534000000000000696e+00,-7.822822825025417960e-07
8.535999999999999588e+00,-7.822823773844700888e-07
8.538000000000000256e+00,-7.822824644352959811e-07
8.540000000000000924e+00,-7.822825535327204454e-07
8.541999999999999815e+00,-7.822826432518886923e-07
8.544000000000000483e+00,-7.822827323064892883e-07
8.545999999999999375e+00,-7.822828219479477680e-07
8.548000000000000043e+00,-7.822829141237564603e-07
8.550000000000000711e+00,-7.822830036823885644e-07
8.551999999999999602e+00,-7.822830958880236161e-07
8.554000000000000270e+00,-7.822831856531682820e-07
8.556000000000000938e+00,-7.822832749081574974e-07
8.557999999999999829e+00,-7.822833642091924827e-07
8.560000000000000497e+00,-7.822834566619582906e-07
8.561999999999999389e+00,-7.822835433867499784e-07
8.564000000000000057e+00,-7.822836353548658744e-07
8.566000000000000725e+00,-7.822837223659502514e-07
8.567999999999999616e+00,-7.822838143596647536e-07
8.570000000000000284e+00,-7.822839066304985782e-07
8.572000000000000952e+00,-7.822839990466971268e-07
8.573999999999999844e+00,-7.822840885714088436e-07
8.576000000000000512e+00,-7.822841807622988517e-07
8.577999999999999403e+00,-7.822842676717359927e-07
8.580000000000000071e+00,-7.822843568887039109e-07
8.582000000000000739e+00,-7.822844462540123915e-07
8.583999999999999631e+00,-7.822845357419216914e-07
8.586000000000000298e+00,-7.822846278725527168e-07
8.588000000000000966e+00,-7.822847173374788365e-07
8.589999999999999858e+00,-7.822848070131202837e-07
8.592000000000000526e+00,-7.822848990206209883e-07
8.593999999999999417e+00,-7.822849886769822715e-07
8.596000000000000085e+00,-7.822850781636922786e-07
8.598000000000000753e+00,-7.822851702492846564e-07
8.599999999999999645e+00,-7.822852600206387091e-07
8.602000000000000313e+00,-7.822853492011251299e-07
8.604000000000000981e+00,-7.822854361017592693e-07
8.605999999999999872e+00,-7.822855277869829957e-07
8.608000000000000540e+00,-7.822856203822428271e-07
8.609999999999999432e+00,-7.822857128124491830e-07
8.612000000000000099e+00,-7.822858021659042845e-07
8.614000000000000767e+00,-7.822858916999975265e-07
8.615999999999999659e+00,-7.822859812944749002e-07
8.618000000000000327e+00,-7.822860707862170242e-07
8.620000000000000995e+00,-7.822861599623741538e-07
8.621999999999999886e+00,-7.822862521520171176e-07
8.624000000000000554e+00,-7.822863419411387451e-07
8.625999999999999446e+00,-7.822864312748718492e-07
8.628000000000000114e+00,-7.822865262920156112e-07
8.630000000000000782e+00,-7.822866133582707381e-07
8.631999999999999673e+00,-7.822867024812601390e-07
8.634000000000000341e+00,-7.822867917890800699e-07
8.636000000000001009e+00,-7.822868839519293699e-07
8.637999999999999901e+00,-7.822869739208431637e-07
8.640000000000000568e+00,-7.822870629773234317e-07
8.641999999999999460e+00,-7.822871524630867736e-07
8.644000000000000128e+00,-7.822872418336859279e-07
8.646000000000000796e+00,-7.822873311639694902e-07
8.647999999999999687e+00,-7.822874262610513514e-07
8.650000000000000355e+00,-7.822875161524426782e-07
8.652000000000001023e+00,-7.822876053358182226e-07
8.653999999999999915e+00,-7.822876949803412674e-07
8.656000000000000583e+00,-7.822877843849544061e-07
8.657999999999999474e+00,-7.822878737754803281e-07
8.660000000000000142e+00,-7.822879657433731368e-07
8.662000000000000810e+00,-7.822880555849211274e-07
8.663999999999999702e+00,-7.822881449220901147e-07
8.666000000000000369e+00,-7.822882342519651954e-07
8.668000000000001037e+00,-7.822883265123026936e-07
8.669999999999999929e+00,-7.822884161808354168e-07
8.672000000000000597e+00,-7.822885083615275717e-07
8.673999999999999488e+00,-7.822886008551598606e-07
8.676000000000000156e+00,-7.822886902087773807e-07
8.678000000000000824e+00,-7.822887798004563693e-07
8.679999999999999716e+00,-7.822888664173299186e-07
8.682000000000000384e+00,-7.822889555531312222e-07
8.684000000000001052e+00,-7.822890449940851449e-07
8.685999999999999943e+00,-7.822891400540344581e-07
8.688000000000000611e+00,-7.822892268908817226e-07
8.689999999999999503e+00,-7.822893189065479307e-07
8.692000000000000171e+00,-7.822894085918277657e-07
8.694000000000000838e+00,-7.822894981671582774e-07
8.695999999999999730e+00,-7.822895873922476533e-07
8.698000000000000398e+00,-7.822896796865060682e-07
8.700000000000001066e+00,-7.822897691407675137e-07
8.701999999999999957e+00,-7.822898586943354196e-07
8.704000000000000625e+00,-7.822899510086492454e-07
8.705999999999999517e+00,-7.822900403845056155e-07
8.708000000000000185e+00,-7.822901299912755549e-07
8.710000000000000853e+00,-7.822902217769610946e-07
8.711999999999999744e+00,-7.822903115192756814e-07
8.714000000000000412e+00,-7.822904011367672580e-07
8.715999999999999304e+00,-7.822904902944489049e-07
8.717999999999999972e+00,-7.822905772532679610e-07
8.720000000000000639e+00,-7.822906745137954245e-07
8.721999999999999531e+00,-7.822907646129243344e-07
8.724000000000000199e+00,-7.822908569083130089e-07
8.726000000000000867e+00,-7.822909435525966503e-07
8.727999999999999758e+00,-7.822910328289731300e-07
8.730000000000000426e+00,-7.822911223181379445e-07
8.731999999999999318e+00,-7.822912117284226040e-07
8.733999999999999986e+00,-7.822913012916994133e-07
8.736000000000000654e+00,-7.822913931620738482e-07
8.737999999999999545e+00,-7.822914828388912947e-07
8.740000000000000213e+00,-7.822915723710380550e-07
8.742000000000000881e+00,-7.822916645578672812e-07
8.743999999999999773e+00,-7.822917540360101854e-07
8.746000000000000441e+00,-7.822918408990598847e-07
8.747999999999999332e+00,-7.822919353561117925e-07
8.750000000000000000e+00,-7.822920253159598985e-07
8.752000000000000668e+00,-7.822921146986419778e-07
8.753999999999999559e+00,-7.822922069509580740e-07
8.756000000000000227e+00,-7.822922910335472675e-07
8.758000000000000895e+00,-7.822923827424917280e-07
8.759999999999999787e+00,-7.822924775929651347e-07
8.762000000000000455e+00,-7.822925651396579845e-07
8.763999999999999346e+00,-7.822926568613439382e-07
8.766000000000000014e+00,-7.822927464813694138e-07
8.768000000000000682e+00,-7.822928359367444959e-07
8.769999999999999574e+00,-7.822929254193549694e-07
8.772000000000000242e+00,-7.822930173923821742e-07
8.774000000000000909e+00,-7.822931070380593015e-07
8.775999999999999801e+00,-7.822931966495104744e-07
8.778000000000000469e+00,-7.822932885800767645e-07
8.779999999999999361e+00,-7.822933784087162907e-07
8.782000000000000028e+00,-7.822934678193624215e-07
8.784000000000000696e+00,-7.822935572460958256e-07
8.785999999999999588e+00,-7.822936492643286494e-07
8.788000000000000256e+00,-7.822937390057034532e-07
8.790000000000000924e+00,-7.822938282141758427e-07
8.791999999999999815e+00,-7.822939176448967602e-07
8.794000000000000483e+00,-7.822940044852400473e-07
8.795999999999999375e+00,-7.822940991000319363e-07
8.798000000000000043e+00,-7.822941915641691615e-07
8.800000000000000711e+00,-7.822942814639527849e-07
8.801999999999999602e+00,-7.822943705993647710e-07
8.804000000000000270e+00,-7.822944602976180803e-07
8.806000000000000938e+00,-7.822945496453143107e-07
8.807999999999999829e+00,-7.822946416075027760e-07
8.810000000000000497e+00,-7.822947314926765633e-07
8.811999999999999389e+00,-7.822948205999352918e-07
8.814000000000000057e+00,-7.822949074235594191e-07
8.816000000000000725e+00,-7.822950018065654007e-07
8.817999999999999616e+00,-7.822950922055771142e-07
8.820000000000000284e+00,-7.822951813498523472e-07
8.822000000000000952e+00,-7.822952707231763005e-07
8.823999999999999844e+00,-7.822953628182430594e-07
8.826000000000000512e+00,-7.822954580752991629e-07
8.827999999999999403e+00,-7.822955424395415285e-07
8.830000000000000071e+00,-7.822956314378055397e-07
8.832000000000000739e+00,-7.822957206643153899e-07
8.833999999999999631e+00,-7.822958128441775584e-07
8.836000000000000298e+00,-7.822959081069712513e-07
8.838000000000000966e+00,-7.822959952628072063e-07
8.839999999999999858e+00,-7.822960842048092774e-07
8.842000000000000526e+00,-7.822961739749536611e-07
8.843999999999999417e+00,-7.822962630110706218e-07
8.846000000000000085e+00,-7.822963526554694704e-07
8.848000000000000753e+00,-7.822964448023906335e-07
8.849999999999999645e+00,-7.822965315855519969e-07
8.852000000000000313e+00,-7.822966236513196744e-07
8.854000000000000981e+00,-7.822967186458532684e-07
8.855999999999999872e+00,-7.822968030474319993e-07
8.858000000000000540e+00,-7.822968947335796269e-07
8.859999999999999432e+00,-7.822969871316977278e-07
8.862000000000000099e+00,-7.822970794042290065e-07
8.864000000000000767e+00,-7.822971664567288476e-07
8.865999999999999659e+00,-7.822972554277049513e-07
8.868000000000000327e+00,-7.822973477817203760e-07
8.870000000000000995e+00,-7.822974372634564998e-07
8.871999999999999886e+00,-7.822975240056115159e-07
8.874000000000000554e+00,-7.822976158846540624e-07
8.875999999999999446e+00,-7.822977056766966831e-07
8.878000000000000114e+00,-7.822977976831090562e-07
8.880000000000000782e+00,-7.822978874669593859e-07
8.881999999999999673e+00,-7.822979767300106610e-07
8.884000000000000341e+00,-7.822980660409511672e-07
8.886000000000001009e+00,-7.822981581715770045e-07
8.887999999999999901e+00,-7.822982478020453376e-07
8.890000000000000568e+00,-7.822983401237853129e-07
8.891999999999999460e+00,-7.822984297735529741e-07
8.894000000000000128e+00,-7.822985191706886118e-07
8.896000000000000796e+00,-7.822986084048904740e-07
8.897999999999999687e+00,-7.822987007061440047e-07
8.900000000000000355e+00,-7.822987903057192462e-07
8.902000000000001023e+00,-7.822988795612359515e-07
8.903999999999999915e+00,-7.822989692954172221e-07
8.906000000000000583e+00,-7.822990584222026011e-07
8.907999999999999474e+00,-7.822991479003441289e-07
8.910000000000000142e+00,-7.822992457708050887e-07
8.912000000000000810e+00,-7.822993300777760628e-07
8.913999999999999702e+00,-7.822994244171033081e-07
8.916000000000000369e+00,-7.822995144742784644e-07
8.918000000000001037e+00,-7.822996010573447053e-07
8.919999999999999929e+00,-7.822996903315886737e-07
8.922000000000000597e+00,-7.822997824817858426e-07
8.923999999999999488e+00,-7.822998746647987619e-07
8.926000000000000156e+00,-7.822999618013478825e-07
8.928000000000000824e+00,-7.823000506873121596e-07
8.929999999999999716e+00,-7.823001430733397122e-07
8.932000000000000384e+00,-7.823002328132211969e-07
8.934000000000001052e+00,-7.823003220040538076e-07
8.935999999999999943e+00,-7.823004142475667963e-07
8.938000000000000611e+00,-7.823005036168814251e-07
8.939999999999999503e+00,-7.823005933335563246e-07
8.942000000000000171e+00,-7.823006825901923839e-07
8.944000000000000838e+00,-7.823007721062247659e-07
8.945999999999999730e+00,-7.823008643534945574e-07
8.948000000000000398e+00,-7.823009565712829438e-07
8.950000000000001066e+00,-7.823010461595436251e-07
8.951999999999999957e+00,-7.823011356472020974e-07
8.954000000000000625e+00,-7.823012250648899307e-07
8.955999999999999517e+00,-7.823013142578584409e-07
8.958000000000000185e+00,-7.823014038726821813e-07
8.960000000000000853e+00,-7.823014960523053806e-07
8.961999999999999744e+00,-7.823015853953518236e-07
8.964000000000000412e+00,-7.823016722128261741e-07
8.965999999999999304e+00,-7.823017641867168231e-07
8.967999999999999972e+00,-7.823018565699211091e-07
8.970000000000000639e+00,-7.823019460907046047e-07
8.971999999999999531e+00,-7.823020383853458785e-07
8.974000000000000199e+00,-7.823021278740066025e-07
8.976000000000000867e+00,-7.823022174189354076e-07
8.977999999999999758e+00,-7.823023066278286666e-07
8.980000000000000426e+00,-7.823023962329088811e-07
8.981999999999999318e+00,-7.823024857082231187e-07
8.983999999999999986e+00,-7.823025748767656339e-07
8.986000000000000654e+00,-7.823026697917157179e-07
8.987999999999999545e+00,-7.823027625199679805e-07
8.990000000000000213e+00,-7.823028492104040119e-07
8.992000000000000881e+00,-7.823029386173534792e-07
8.993999999999999773e+00,-7.823030278026291303e-07
8.996000000000000441e+00,-7.823031172327103262e-07
8.997999999999999332e+00,-7.823032095418148994e-07
9.000000000000000000e+00,-7.823032991750642533e-07
9.002000000000000668e+00,-7.823033884711072499e-07
9.003999999999999559e+00,-7.823034776372059692e-07
9.006000000000000227e+00,-7.823035699571287413e-07
9.008000000000000895e+00,-7.823036596141984617e-07
9.009999999999999787e+00,-7.823037518555522575e-07
9.012000000000000455e+00,-7.823038414215926177e-07
9.013999999999999346e+00,-7.823039308018539826e-07
9.016000000000000014e+00,-7.823040203049244311e-07
9.018000000000000682e+00,-7.823041096779001481e-07
9.019999999999999574e+00,-7.823041990233092836e-07
9.022000000000000242e+00,-7.823042938040572674e-07
9.024000000000000909e+00,-7.823043838253534845e-07
9.025999999999999801e+00,-7.823044757653166523e-07
9.028000000000000469e+00,-7.823045627473597635e-07
9.029999999999999361e+00,-7.823046520998118722e-07
9.032000000000000028e+00,-7.823047414609169518e-07
9.034000000000000696e+00,-7.823048306952952086e-07
9.035999999999999588e+00,-7.823049229969631502e-07
9.038000000000000256e+00,-7.823050126506038694e-07
9.040000000000000924e+00,-7.823050992741591322e-07
9.041999999999999815e+00,-7.823051938197942750e-07
9.044000000000000483e+00,-7.823052835790076986e-07
9.045999999999999375e+00,-7.823053730589698177e-07
9.048000000000000043e+00,-7.823054652959553588e-07
9.050000000000000711e+00,-7.823055548412824811e-07
9.051999999999999602e+00,-7.823056444106008587e-07
9.054000000000000270e+00,-7.823057335975622112e-07
9.056000000000000938e+00,-7.823058203299524198e-07
9.057999999999999829e+00,-7.823059149066211557e-07
9.060000000000000497e+00,-7.823060078079167437e-07
9.061999999999999389e+00,-7.823060971291435121e-07
9.064000000000000057e+00,-7.823061837468391069e-07
9.066000000000000725e+00,-7.823062759608460205e-07
9.067999999999999616e+00,-7.823063654232069009e-07
9.070000000000000284e+00,-7.823064548406552357e-07
9.072000000000000952e+00,-7.823065469897242625e-07
9.073999999999999844e+00,-7.823066392951810883e-07
9.076000000000000512e+00,-7.823067262293303097e-07
9.077999999999999403e+00,-7.823068179119113992e-07
9.080000000000000071e+00,-7.823069105207625094e-07
9.082000000000000739e+00,-7.823069972679526070e-07
9.083999999999999631e+00,-7.823070866064538713e-07
9.086000000000000298e+00,-7.823071785788474954e-07
9.088000000000000966e+00,-7.823072683853802028e-07
9.089999999999999858e+00,-7.823073576475884683e-07
9.092000000000000526e+00,-7.823074469428143957e-07
9.093999999999999417e+00,-7.823075365895918188e-07
9.096000000000000085e+00,-7.823076258742057998e-07
9.098000000000000753e+00,-7.823077207917805213e-07
9.099999999999999645e+00,-7.823078107063206233e-07
9.102000000000000313e+00,-7.823079025858194029e-07
9.104000000000000981e+00,-7.823079895738682954e-07
9.105999999999999872e+00,-7.823080788201496945e-07
9.108000000000000540e+00,-7.823081682524942684e-07
9.109999999999999432e+00,-7.823082603355798521e-07
9.112000000000000099e+00,-7.823083501748466771e-07
9.114000000000000767e+00,-7.823084366635947406e-07
9.115999999999999659e+00,-7.823085340509654938e-07
9.118000000000000327e+00,-7.823086212800141063e-07
9.120000000000000995e+00,-7.823087051229651852e-07
9.121999999999999886e+00,-7.823088021036235397e-07
9.124000000000000554e+00,-7.823088896467676391e-07
9.125999999999999446e+00,-7.823089841818145524e-07
9.128000000000000114e+00,-7.823090714551096249e-07
9.130000000000000782e+00,-7.823091604434857970e-07
9.131999999999999673e+00,-7.823092499077422313e-07
9.134000000000000341e+00,-7.823093447822092226e-07
9.136000000000001009e+00,-7.823094345721414606e-07
9.137999999999999901e+00,-7.823095240094614001e-07
9.140000000000000568e+00,-7.823096133271627115e-07
9.141999999999999460e+00,-7.823097027406995541e-07
9.144000000000000128e+00,-7.823097921412340173e-07
9.146000000000000796e+00,-7.823098818259592576e-07
9.147999999999999687e+00,-7.823099738695084139e-07
9.150000000000000355e+00,-7.823100631986860688e-07
9.152000000000001023e+00,-7.823101529058433885e-07
9.153999999999999915e+00,-7.823102448372863578e-07
9.156000000000000583e+00,-7.823103347038783598e-07
9.157999999999999474e+00,-7.823104211590951417e-07
9.160000000000000142e+00,-7.823105159499931213e-07
9.162000000000000810e+00,-7.823106027674207791e-07
9.163999999999999702e+00,-7.823106976323018985e-07
9.166000000000000369e+00,-7.823107847018455249e-07
9.168000000000001037e+00,-7.823108740398227934e-07
9.169999999999999929e+00,-7.823109631667956844e-07
9.172000000000000597e+00,-7.823110583023238417e-07
9.173999999999999488e+00,-7.823111507916820023e-07
9.176000000000000156e+00,-7.823112402653090562e-07
9.178000000000000824e+00,-7.823113271827076717e-07
9.179999999999999716e+00,-7.823114161962675097e-07
9.182000000000000384e+00,-7.823115027620639134e-07
9.184000000000001052e+00,-7.823115973528939815e-07
9.185999999999999943e+00,-7.823116874495659664e-07
9.188000000000000611e+00,-7.823117741291759639e-07
9.189999999999999503e+00,-7.823118657616398079e-07
9.192000000000000171e+00,-7.823119582615380231e-07
9.194000000000000838e+00,-7.823120479524950965e-07
9.195999999999999730e+00,-7.823121373950380529e-07
9.198000000000000398e+00,-7.823122295246967904e-07
9.200000000000001066e+00,-7.823123163819986300e-07
9.201999999999999957e+00,-7.823124081691557836e-07
9.204000000000000625e+00,-7.823124977779141328e-07
9.205999999999999517e+00,-7.823125872473331270e-07
9.208000000000000185e+00,-7.823126821453615044e-07
9.210000000000000853e+00,-7.823127719312754182e-07
9.211999999999999744e+00,-7.823128614833184530e-07
9.214000000000000412e+00,-7.823129506387239106e-07
9.216000000000001080e+00,-7.823130372427654401e-07
9.217999999999999972e+00,-7.823131295178604758e-07
9.220000000000000639e+00,-7.823132216843521233e-07
9.221999999999999531e+00,-7.823133112097241023e-07
9.224000000000000199e+00,-7.823134008929320948e-07
9.226000000000000867e+00,-7.823134900286048612e-07
9.227999999999999758e+00,-7.823135793851108695e-07
9.230000000000000426e+00,-7.823136716589571669e-07
9.231999999999999318e+00,-7.823137640795765921e-07
9.233999999999999986e+00,-7.823138536594234834e-07
9.236000000000000654e+00,-7.823139429493824541e-07
9.237999999999999545e+00,-7.823140351647637846e-07
9.240000000000000213e+00,-7.823141219823937773e-07
9.242000000000000881e+00,-7.823142139113831039e-07
9.243999999999999773e+00,-7.823143007484148099e-07
9.246000000000000441e+00,-7.823143899413389567e-07
9.247999999999999332e+00,-7.823144820575248940e-07
9.250000000000000000e+00,-7.823145745674104746e-07
9.252000000000000668e+00,-7.823146640560474817e-07
9.253999999999999559e+00,-7.823147535312125356e-07
9.256000000000000227e+00,-7.823148456100068387e-07
9.258000000000000895e+00,-7.823149325596337873e-07
9.259999999999999787e+00,-7.823150272606769237e-07
9.262000000000000455e+00,-7.823151169287933301e-07
9.263999999999999346e+00,-7.823152035561902050e-07
9.266000000000000014e+00,-7.823152927269639108e-07
9.268000000000000682e+00,-7.823153823535787734e-07
9.269999999999999574e+00,-7.823154745237371207e-07
9.272000000000000242e+00,-7.823155668174787396e-07
9.274000000000000909e+00,-7.823156560697360621e-07
9.275999999999999801e+00,-7.823157458798978821e-07
9.278000000000000469e+00,-7.823158350962852651e-07
9.279999999999999361e+00,-7.823159218567583216e-07
9.282000000000000028e+00,-7.823160137837066164e-07
9.284000000000000696e+00,-7.823161031946020926e-07
9.285999999999999588e+00,-7.823161982189866099e-07
9.288000000000000256e+00,-7.823162907413332098e-07
9.290000000000000924e+00,-7.823163776797185489e-07
9.291999999999999815e+00,-7.823164668354730900e-07
9.294000000000000483e+00,-7.823165561157855201e-07
9.295999999999999375e+00,-7.823166455818418994e-07
9.298000000000000043e+00,-7.823167349964026989e-07
9.300000000000000711e+00,-7.823168271083603536e-07
9.301999999999999602e+00,-7.823169166422090148e-07
9.304000000000000270e+00,-7.823170034839156014e-07
9.306000000000000938e+00,-7.823171009634449158e-07
9.307999999999999829e+00,-7.823171880398378623e-07
9.310000000000000497e+00,-7.823172828175881965e-07
9.311999999999999389e+00,-7.823173698434338167e-07
9.314000000000000057e+00,-7.823174589167728991e-07
9.316000000000000725e+00,-7.823175455424408738e-07
9.317999999999999616e+00,-7.823176377997395355e-07
9.320000000000000284e+00,-7.823177242609188999e-07
9.322000000000000952e+00,-7.823178218451542979e-07
9.323999999999999844e+00,-7.823179091286203303e-07
9.326000000000000512e+00,-7.823180010098515041e-07
9.327999999999999403e+00,-7.823180907809585408e-07
9.330000000000000071e+00,-7.823181772607838532e-07
9.332000000000000739e+00,-7.823182693603915558e-07
9.333999999999999631e+00,-7.823183615254069308e-07
9.336000000000000298e+00,-7.823184513819060058e-07
9.338000000000000966e+00,-7.823185405283893478e-07
9.339999999999999858e+00,-7.823186328320023946e-07
9.342000000000000526e+00,-7.823187223926601780e-07
9.343999999999999417e+00,-7.823188116639380488e-07
9.346000000000000085e+00,-7.823189037980796023e-07
9.348000000000000753e+00,-7.823189935300554108e-07
9.349999999999999645e+00,-7.823190827818893227e-07
9.352000000000000313e+00,-7.823191721022833518e-07
9.354000000000000981e+00,-7.823192618769770436e-07
9.355999999999999872e+00,-7.823193510026887026e-07
9.358000000000000540e+00,-7.823194404634131153e-07
9.359999999999999432e+00,-7.823195352142564950e-07
9.362000000000000099e+00,-7.823196279924265268e-07
9.364000000000000767e+00,-7.823197147655427147e-07
9.365999999999999659e+00,-7.823198038591510838e-07
9.368000000000000327e+00,-7.823198906580662012e-07
9.370000000000000995e+00,-7.823199823927361112e-07
9.371999999999999886e+00,-7.823200747295323090e-07
9.374000000000000554e+00,-7.823201616205564361e-07
9.375999999999999446e+00,-7.823202537961215005e-07
9.378000000000000114e+00,-7.823203458721749109e-07
9.380000000000000782e+00,-7.823204355157976656e-07
9.381999999999999673e+00,-7.823205249110417729e-07
9.384000000000000341e+00,-7.823206171669447360e-07
9.386000000000001009e+00,-7.823207065570235305e-07
9.387999999999999901e+00,-7.823207959374862775e-07
9.390000000000000568e+00,-7.823208856684335763e-07
9.391999999999999460e+00,-7.823209749249210872e-07
9.394000000000000128e+00,-7.823210643466457737e-07
9.396000000000000796e+00,-7.823211562581429170e-07
9.397999999999999687e+00,-7.823212489342441022e-07
9.400000000000000355e+00,-7.823213384521778614e-07
9.402000000000001023e+00,-7.823214303947339029e-07
9.403999999999999915e+00,-7.823215146793585596e-07
9.406000000000000583e+00,-7.823216034407433485e-07
9.407999999999999474e+00,-7.823216930370184438e-07
9.410000000000000142e+00,-7.823217878399349739e-07
9.412000000000000810e+00,-7.823218777189883128e-07
9.413999999999999702e+00,-7.823219696277298462e-07
9.416000000000000369e+00,-7.823220595439593554e-07
9.418000000000001037e+00,-7.823221487709019335e-07
9.419999999999999929e+00,-7.823222383032399115e-07
9.422000000000000597e+00,-7.823223302586817594e-07
9.423999999999999488e+00,-7.823224199538379986e-07
9.426000000000000156e+00,-7.823225092692818613e-07
9.428000000000000824e+00,-7.823225987502886898e-07
9.429999999999999716e+00,-7.823226881380771071e-07
9.432000000000000384e+00,-7.823227747897855216e-07
9.434000000000001052e+00,-7.823228721978481251e-07
9.435999999999999943e+00,-7.823229620895684183e-07
9.438000000000000611e+00,-7.823230517034044124e-07
9.439999999999999503e+00,-7.823231437586012246e-07
9.442000000000000171e+00,-7.823232305316045454e-07
9.444000000000000838e+00,-7.823233197948212037e-07
9.445999999999999730e+00,-7.823234091150017805e-07
9.448000000000000398e+00,-7.823235013600648395e-07
9.450000000000001066e+00,-7.823235908381541688e-07
9.451999999999999957e+00,-7.823236804195863882e-07
9.454000000000000625e+00,-7.823237723904720819e-07
9.455999999999999517e+00,-7.823238620718903997e-07
9.458000000000000185e+00,-7.823239487025817033e-07
9.460000000000000853e+00,-7.823240431867219365e-07
9.461999999999999744e+00,-7.823241331338169027e-07
9.464000000000000412e+00,-7.823242222991039526e-07
9.466000000000001080e+00,-7.823243121140698259e-07
9.467999999999999972e+00,-7.823243985872683761e-07
9.470000000000000639e+00,-7.823244904609150051e-07
9.471999999999999531e+00,-7.823245825864117403e-07
9.474000000000000199e+00,-7.823246751495208479e-07
9.476000000000000867e+00,-7.823247650183151356e-07
9.477999999999999758e+00,-7.823248540794977070e-07
9.480000000000000426e+00,-7.823249436325502992e-07
9.481999999999999318e+00,-7.823250299843911568e-07
9.483999999999999986e+00,-7.823251250912743539e-07
9.486000000000000654e+00,-7.823252144357731408e-07
9.487999999999999545e+00,-7.823253041854104333e-07
9.490000000000000213e+00,-7.823253962364774305e-07
9.492000000000000881e+00,-7.823254859077274354e-07
9.493999999999999773e+00,-7.823255778471272204e-07
9.496000000000000441e+00,-7.823256676082395859e-07
9.497999999999999332e+00,-7.823257568500886734e-07
9.500000000000000000e+00,-7.823258462127274120e-07
9.502000000000000668e+00,-7.823259355594507192e-07
9.503999999999999559e+00,-7.823260250520586167e-07
9.506000000000000227e+00,-7.823261172332459683e-07
9.508000000000000895e+00,-7.823262040044811078e-07
9.509999999999999787e+00,-7.823263013929545921e-07
9.512000000000000455e+00,-7.823263889053665362e-07
9.513999999999999346e+00,-7.823264750991535869e-07
9.516000000000000014e+00,-7.823265698809014931e-07
9.518000000000000682e+00,-7.823266567363687653e-07
9.519999999999999574e+00,-7.823267460825203252e-07
9.522000000000000242e+00,-7.823268355463187264e-07
9.524000000000000909e+00,-7.823269277338030267e-07
9.525999999999999801e+00,-7.823270170089233566e-07
9.528000000000000469e+00,-7.823271064846673576e-07
9.529999999999999361e+00,-7.823271987481424776e-07
9.532000000000000028e+00,-7.823272881307737349e-07
9.534000000000000696e+00,-7.823273805285560931e-07
9.535999999999999588e+00,-7.823274698728772148e-07
9.538000000000000256e+00,-7.823275593974057608e-07
9.540000000000000924e+00,-7.823276487655688483e-07
9.541999999999999815e+00,-7.823277409930521620e-07
9.544000000000000483e+00,-7.823278276186829731e-07
9.545999999999999375e+00,-7.823279169480822330e-07
9.548000000000000043e+00,-7.823280118411421270e-07
9.550000000000000711e+00,-7.823281015300001469e-07
9.551999999999999602e+00,-7.823281911300628559e-07
9.554000000000000270e+00,-7.823282831372350175e-07
9.556000000000000938e+00,-7.823283754941310954e-07
9.557999999999999829e+00,-7.823284595032182637e-07
9.560000000000000497e+00,-7.823285540606576577e-07
9.561999999999999389e+00,-7.823286382877227198e-07
9.564000000000000057e+00,-7.823287302049867811e-07
9.566000000000000725e+00,-7.823288169513370455e-07
9.567999999999999616e+00,-7.823289117372543655e-07
9.570000000000000284e+00,-7.823290014756649775e-07
9.572000000000000952e+00,-7.823290961248720268e-07
9.573999999999999844e+00,-7.823291861024671672e-07
9.576000000000000512e+00,-7.823292756651043607e-07
9.577999999999999403e+00,-7.823293593955862990e-07
9.580000000000000071e+00,-7.823294510809403626e-07
9.582000000000000739e+00,-7.823295407336769801e-07
9.583999999999999631e+00,-7.823296327766190255e-07
9.586000000000000298e+00,-7.823297224342416467e-07
9.588000000000000966e+00,-7.823298118670170427e-07
9.589999999999999858e+00,-7.823299040093037708e-07
9.592000000000000526e+00,-7.823299908536334067e-07
9.593999999999999417e+00,-7.823300827010101560e-07
9.596000000000000085e+00,-7.823301724570080307e-07
9.598000000000000753e+00,-7.823302643170359581e-07
9.599999999999999645e+00,-7.823303540724891906e-07
9.602000000000000313e+00,-7.823304460780739067e-07
9.604000000000000981e+00,-7.823305358401224554e-07
9.605999999999999872e+00,-7.823306252115622898e-07
9.608000000000000540e+00,-7.823307117312240912e-07
9.609999999999999432e+00,-7.823308061310122307e-07
9.612000000000000099e+00,-7.823308936682178880e-07
9.614000000000000767e+00,-7.823309853869507672e-07
9.615999999999999659e+00,-7.823310750730963758e-07
9.618000000000000327e+00,-7.823311644503035517e-07
9.620000000000000995e+00,-7.823312509883043575e-07
9.621999999999999886e+00,-7.823313483752991340e-07
9.624000000000000554e+00,-7.823314411410260401e-07
9.625999999999999446e+00,-7.823315254395588719e-07
9.628000000000000114e+00,-7.823316168976449960e-07
9.630000000000000782e+00,-7.823317066159561514e-07
9.631999999999999673e+00,-7.823317960192260017e-07
9.634000000000000341e+00,-7.823318878926970832e-07
9.636000000000001009e+00,-7.823319778943402301e-07
9.637999999999999901e+00,-7.823320669581985786e-07
9.640000000000000568e+00,-7.823321563235678337e-07
9.641999999999999460e+00,-7.823322485597411761e-07
9.644000000000000128e+00,-7.823323382685528570e-07
9.646000000000000796e+00,-7.823324304392392234e-07
9.647999999999999687e+00,-7.823325170350392282e-07
9.650000000000000355e+00,-7.823326090590786747e-07
9.652000000000001023e+00,-7.823326987972093422e-07
9.653999999999999915e+00,-7.823327881115896492e-07
9.656000000000000583e+00,-7.823328773894348841e-07
9.657999999999999474e+00,-7.823329696390015114e-07
9.660000000000000142e+00,-7.823330620034043129e-07
9.662000000000000810e+00,-7.823331515379496587e-07
9.663999999999999702e+00,-7.823332408426716725e-07
9.666000000000000369e+00,-7.823333302910749322e-07
9.668000000000001037e+00,-7.823334224266535830e-07
9.669999999999999929e+00,-7.823335092622352744e-07
9.672000000000000597e+00,-7.823336010550311263e-07
9.673999999999999488e+00,-7.823336909167828644e-07
9.676000000000000156e+00,-7.823337774268389945e-07
9.678000000000000824e+00,-7.823338692859923604e-07
9.679999999999999716e+00,-7.823339642875850211e-07
9.682000000000000384e+00,-7.823340515995644060e-07
9.684000000000001052e+00,-7.823341432728664613e-07
9.685999999999999943e+00,-7.823342330386167557e-07
9.688000000000000611e+00,-7.823343221798675517e-07
9.689999999999999503e+00,-7.823344116503232083e-07
9.692000000000000171e+00,-7.823345011110828788e-07
9.694000000000000838e+00,-7.823345905258580835e-07
9.695999999999999730e+00,-7.823346852650274434e-07
9.698000000000000398e+00,-7.823347723786414529e-07
9.700000000000001066e+00,-7.823348643806511605e-07
9.701999999999999957e+00,-7.823349539726829384e-07
9.704000000000000625e+00,-7.823350432234376244e-07
9.705999999999999517e+00,-7.823351328203247010e-07
9.708000000000000185e+00,-7.823352193088836643e-07
9.710000000000000853e+00,-7.823353139448892816e-07
9.711999999999999744e+00,-7.823354039759820700e-07
9.714000000000000412e+00,-7.823354958836042494e-07
9.716000000000001080e+00,-7.823355828818279133e-07
9.717999999999999972e+00,-7.823356745196149360e-07
9.720000000000000639e+00,-7.823357642395446655e-07
9.721999999999999531e+00,-7.823358563326178265e-07
9.724000000000000199e+00,-7.823359434758596720e-07
9.726000000000000867e+00,-7.823360350440294802e-07
9.727999999999999758e+00,-7.823361249836711918e-07
9.730000000000000426e+00,-7.823362139557095806e-07
9.731999999999999318e+00,-7.823363062012857298e-07
9.733999999999999986e+00,-7.823363932512136613e-07
9.736000000000000654e+00,-7.823364878813757043e-07
9.737999999999999545e+00,-7.823365775738384846e-07
9.740000000000000213e+00,-7.823366668778492025e-07
9.742000000000000881e+00,-7.823367563967684845e-07
9.743999999999999773e+00,-7.823368456515600236e-07
9.746000000000000441e+00,-7.823369379407875923e-07
9.747999999999999332e+00,-7.823370273922984041e-07
9.750000000000000000e+00,-7.823371168828526703e-07
9.752000000000000668e+00,-7.823372059467036073e-07
9.753999999999999559e+00,-7.823372983203101629e-07
9.756000000000000227e+00,-7.823373879652441246e-07
9.758000000000000895e+00,-7.823374800669930206e-07
9.759999999999999787e+00,-7.823375668108057861e-07
9.762000000000000455e+00,-7.823376586243356281e-07
9.763999999999999346e+00,-7.823377485167222186e-07
9.766000000000000014e+00,-7.823378378188220301e-07
9.768000000000000682e+00,-7.823379271273878795e-07
9.769999999999999574e+00,-7.823380193889059299e-07
9.772000000000000242e+00,-7.823381088840461383e-07
9.774000000000000909e+00,-7.823382008078945043e-07
9.775999999999999801e+00,-7.823382878506031740e-07
9.778000000000000469e+00,-7.823383796078596411e-07
9.779999999999999361e+00,-7.823384693474995096e-07
9.782000000000000028e+00,-7.823385586885557428e-07
9.784000000000000696e+00,-7.823386507460947070e-07
9.785999999999999588e+00,-7.823387404940577331e-07
9.788000000000000256e+00,-7.823388323157924656e-07
9.790000000000000924e+00,-7.823389195798527614e-07
9.791999999999999815e+00,-7.823390112665572073e-07
9.794000000000000483e+00,-7.823391008258023515e-07
9.795999999999999375e+00,-7.823391928441627596e-07
9.798000000000000043e+00,-7.823392825692378967e-07
9.800000000000000711e+00,-7.823393719170772756e-07
9.801999999999999602e+00,-7.823394641497417840e-07
9.804000000000000270e+00,-7.823395479778769861e-07
9.806000000000000938e+00,-7.823396398226946370e-07
9.807999999999999829e+00,-7.823397322780921763e-07
9.810000000000000497e+00,-7.823398245978251071e-07
9.811999999999999389e+00,-7.823399141306939630e-07
9.814000000000000057e+00,-7.823400036148514363e-07
9.816000000000000725e+00,-7.823400929638922257e-07
9.817999999999999616e+00,-7.823401823127663612e-07
9.820000000000000284e+00,-7.823402688652470894e-07
9.822000000000000952e+00,-7.823403635309611168e-07
9.823999999999999844e+00,-7.823404560108370613e-07
9.826000000000000512e+00,-7.823405429583478039e-07
9.827999999999999403e+00,-7.823406319947198274e-07
9.830000000000000071e+00,-7.823407242005862250e-07
9.832000000000000739e+00,-7.823408139161240887e-07
9.833999999999999631e+00,-7.823409031088382772e-07
9.836000000000000298e+00,-7.823409953294977876e-07
9.838000000000000966e+00,-7.823410876453332022e-07
9.839999999999999858e+00,-7.823411744314117470e-07
9.842000000000000526e+00,-7.823412636222661688e-07
9.843999999999999417e+00,-7.823413530449665314e-07
9.846000000000000085e+00,-7.823414451101177807e-07
9.848000000000000753e+00,-7.823415373137299060e-07
9.849999999999999645e+00,-7.823416271067768960e-07
9.852000000000000313e+00,-7.823417167002466181e-07
9.854000000000000981e+00,-7.823418059257540048e-07
9.855999999999999872e+00,-7.823418922885490101e-07
9.858000000000000540e+00,-7.823419898128859439e-07
9.859999999999999432e+00,-7.823420771254235234e-07
9.862000000000000099e+00,-7.823421636204640887e-07
9.864000000000000767e+00,-7.823422581603375017e-07
9.865999999999999659e+00,-7.823423425094936811e-07
9.868000000000000327e+00,-7.823424396113910377e-07
9.870000000000000995e+00,-7.823425268982579074e-07
9.871999999999999886e+00,-7.823426189249229442e-07
9.874000000000000554e+00,-7.823427113487132373e-07
9.875999999999999446e+00,-7.823427979055090689e-07
9.878000000000000114e+00,-7.823428871307325937e-07
9.880000000000000782e+00,-7.823429765028398901e-07
9.881999999999999673e+00,-7.823430659683077933e-07
9.884000000000000341e+00,-7.823431582050821055e-07
9.886000000000001009e+00,-7.823432475200040900e-07
9.887999999999999901e+00,-7.823433397714725181e-07
9.890000000000000568e+00,-7.823434293265992822e-07
9.891999999999999460e+00,-7.823435187436004895e-07
9.894000000000000128e+00,-7.823436082717088084e-07
9.896000000000000796e+00,-7.823437000696770670e-07
9.897999999999999687e+00,-7.823437897895603156e-07
9.900000000000000355e+00,-7.823438792201238968e-07
9.902000000000001023e+00,-7.823439684955386765e-07
9.903999999999999915e+00,-7.823440550260739457e-07
9.906000000000000583e+00,-7.823441498057949020e-07
9.907999999999999474e+00,-7.823442450918085209e-07
9.910000000000000142e+00,-7.823443322166809747e-07
9.912000000000000810e+00,-7.823444212582618273e-07
9.913999999999999702e+00,-7.823445106383940197e-07
9.916000000000000369e+00,-7.823446001736702490e-07
9.918000000000001037e+00,-7.823446895339871645e-07
9.919999999999999929e+00,-7.823447788081556411e-07
9.922000000000000597e+00,-7.823448681813075409e-07
9.923999999999999488e+00,-7.823449630144457830e-07
9.926000000000000156e+00,-7.823450528607299583e-07
9.928000000000000824e+00,-7.823451424007947826e-07
9.929999999999999716e+00,-7.823452315217150938e-07
9.932000000000000384e+00,-7.823453211017548968e-07
9.934000000000001052e+00,-7.823454131106415591e-07
9.935999999999999943e+00,-7.823455026700752740e-07
9.938000000000000611e+00,-7.823455919699488712e-07
9.939999999999999503e+00,-7.823456814922911192e-07
9.942000000000000171e+00,-7.823457734705541523e-07
9.944000000000000838e+00,-7.823458632045233470e-07
9.945999999999999730e+00,-7.823459552018570092e-07
9.948000000000000398e+00,-7.823460447940149950e-07
9.950000000000001066e+00,-7.823461341132696590e-07
9.951999999999999957e+00,-7.823462234698080663e-07
9.954000000000000625e+00,-7.823463156696561889e-07
9.955999999999999517e+00,-7.823464025309798469e-07
9.958000000000000185e+00,-7.823464943848884907e-07
9.960000000000000853e+00,-7.823465814088522154e-07
9.961999999999999744e+00,-7.823466784403627223e-07
9.964000000000000412e+00,-7.823467631925661889e-07
9.966000000000001080e+00,-7.823468548184701863e-07
9.967999999999999972e+00,-7.823469445496748772e-07
9.970000000000000639e+00,-7.823470310552920253e-07
9.971999999999999531e+00,-7.823471284238394830e-07
9.974000000000000199e+00,-7.823472186091742182e-07
9.976000000000000867e+00,-7.823473022537139703e-07
9.977999999999999758e+00,-7.823473967637736234e-07
9.980000000000000426e+00,-7.823474839623818834e-07
9.982000000000001094e+00,-7.823475755974861409e-07
9.983999999999999986e+00,-7.823476682737030520e-07
9.986000000000000654e+00,-7.823477572931982617e-07
9.987999999999999545e+00,-7.823478470668352798e-07
9.990000000000000213e+00,-7.823479363947302093e-07
9.992000000000000881e+00,-7.823480257203315852e-07
9.993999999999999773e+00,-7.823481151624227554e-07
9.996000000000000441e+00,-7.823482100814760788e-07
9.997999999999999332e+00,-7.823482997998294800e-07
1.000000000000000000e+01,-7.823483891023722898e-07
1.000200000000000067e+01,-7.823484758202010491e-07
1.000399999999999956e+01,-7.823485676899943135e-07
1.000600000000000023e+01,-7.823486575458094094e-07
1.000800000000000090e+01,-7.823487492857965687e-07
1.000999999999999979e+01,-7.823488416579340516e-07
1.001200000000000045e+01,-7.823489286574287944e-07
1.001399999999999935e+01,-7.823490205145407050e-07
1.001600000000000001e+01,-7.823491073023489970e-07
1.001800000000000068e+01,-7.823491991899366237e-07
1.001999999999999957e+01,-7.823492887938906021e-07
1.002200000000000024e+01,-7.823493780242539228e-07
1.002400000000000091e+01,-7.823494703202163562e-07
1.002599999999999980e+01,-7.823495599455654339e-07
1.002800000000000047e+01,-7.823496492502575898e-07
1.002999999999999936e+01,-7.823497386821590596e-07
1.003200000000000003e+01,-7.823498278896876426e-07
1.003400000000000070e+01,-7.823499228573463634e-07
1.003599999999999959e+01,-7.823500127752678209e-07
1.003800000000000026e+01,-7.823501019091051728e-07
1.004000000000000092e+01,-7.823501941947672621e-07
1.004199999999999982e+01,-7.823502810157736340e-07
1.004400000000000048e+01,-7.823503699557053449e-07
1.004599999999999937e+01,-7.823504595555999178e-07
1.004800000000000004e+01,-7.823505514619798175e-07
1.005000000000000071e+01,-7.823506411866356732e-07
1.005199999999999960e+01,-7.823507303451106724e-07
1.005400000000000027e+01,-7.823508227339392571e-07
1.005600000000000094e+01,-7.823509151729695788e-07
1.005799999999999983e+01,-7.823510044165987060e-07
1.006000000000000050e+01,-7.823510938560676740e-07
1.006199999999999939e+01,-7.823511832323941474e-07
1.006400000000000006e+01,-7.823512699149570075e-07
1.006600000000000072e+01,-7.823513618624718976e-07
1.006799999999999962e+01,-7.823514484259448899e-07
1.007000000000000028e+01,-7.823515406687881932e-07
1.007200000000000095e+01,-7.823516354285770879e-07
1.007399999999999984e+01,-7.823517255389891120e-07
1.007600000000000051e+01,-7.823518147883022538e-07
1.007799999999999940e+01,-7.823519068979763076e-07
1.008000000000000007e+01,-7.823519937279153832e-07
1.008200000000000074e+01,-7.823520829182938783e-07
1.008399999999999963e+01,-7.823521749697734865e-07
1.008600000000000030e+01,-7.823522644608230552e-07
1.008800000000000097e+01,-7.823523539147466404e-07
1.008999999999999986e+01,-7.823524434527844089e-07
1.009200000000000053e+01,-7.823525295786047948e-07
1.009399999999999942e+01,-7.823526246734260309e-07
1.009600000000000009e+01,-7.823527171231353205e-07
1.009800000000000075e+01,-7.823528067511378348e-07
1.009999999999999964e+01,-7.823528958342461716e-07
1.010200000000000031e+01,-7.823529882532555991e-07
1.010400000000000098e+01,-7.823530748681037867e-07
1.010599999999999987e+01,-7.823531641545215244e-07
1.010800000000000054e+01,-7.823532561484518082e-07
1.010999999999999943e+01,-7.823533459345415872e-07
1.011200000000000010e+01,-7.823534380058610363e-07
1.011400000000000077e+01,-7.823535301834096401e-07
1.011599999999999966e+01,-7.823536169570880462e-07
1.011800000000000033e+01,-7.823537064648952088e-07
1.012000000000000099e+01,-7.823537955771676312e-07
1.012199999999999989e+01,-7.823538878254714383e-07
1.012400000000000055e+01,-7.823539773707346096e-07
1.012599999999999945e+01,-7.823540693321021941e-07
1.012800000000000011e+01,-7.823541562618079866e-07
1.013000000000000078e+01,-7.823542452998359595e-07
1.013199999999999967e+01,-7.823543348578910224e-07
1.013400000000000034e+01,-7.823544297404156264e-07
1.013600000000000101e+01,-7.823545193698224154e-07
1.013799999999999990e+01,-7.823546062132580081e-07
1.014000000000000057e+01,-7.823546977755489841e-07
1.014199999999999946e+01,-7.823547847804839019e-07
1.014400000000000013e+01,-7.823548766637848007e-07
1.014600000000000080e+01,-7.823549717337690191e-07
1.014799999999999969e+01,-7.823550614870536355e-07
1.015000000000000036e+01,-7.823551507602410362e-07
1.015200000000000102e+01,-7.823552430776919544e-07
1.015399999999999991e+01,-7.823553270960047938e-07
1.015600000000000058e+01,-7.823554187881341681e-07
1.015799999999999947e+01,-7.823555111074067365e-07
1.016000000000000014e+01,-7.823556007339953410e-07
1.016200000000000081e+01,-7.823556900961895991e-07
1.016399999999999970e+01,-7.823557821628537551e-07
1.016600000000000037e+01,-7.823558717080269292e-07
1.016800000000000104e+01,-7.823559638592872303e-07
1.016999999999999993e+01,-7.823560535107282050e-07
1.017200000000000060e+01,-7.823561427064348550e-07
1.017399999999999949e+01,-7.823562319830907498e-07
1.017600000000000016e+01,-7.823563216406403143e-07
1.017800000000000082e+01,-7.823564108469755338e-07
1.017999999999999972e+01,-7.823565002301762090e-07
1.018200000000000038e+01,-7.823565894936911287e-07
1.018400000000000105e+01,-7.823566816123185326e-07
1.018599999999999994e+01,-7.823567712830933519e-07
1.018800000000000061e+01,-7.823568635576582508e-07
1.018999999999999950e+01,-7.823569529401764292e-07
1.019200000000000017e+01,-7.823570424447410438e-07
1.019400000000000084e+01,-7.823571317515543820e-07
1.019599999999999973e+01,-7.823572236896695357e-07
1.019800000000000040e+01,-7.823573134910092958e-07
1.020000000000000107e+01,-7.823574027788950475e-07
1.020199999999999996e+01,-7.823574919818043363e-07
1.020400000000000063e+01,-7.823575816335198556e-07
1.020599999999999952e+01,-7.823576733537309132e-07
1.020800000000000018e+01,-7.823577660494626163e-07
1.021000000000000085e+01,-7.823578554077644403e-07
1.021199999999999974e+01,-7.823579421699729615e-07
1.021400000000000041e+01,-7.823580310206632927e-07
1.021600000000000108e+01,-7.823581178422976337e-07
1.021799999999999997e+01,-7.823582152790087973e-07
1.022000000000000064e+01,-7.823583081438703219e-07
1.022199999999999953e+01,-7.823583974609074536e-07
1.022400000000000020e+01,-7.823584896462196438e-07
1.022600000000000087e+01,-7.823585763845704232e-07
1.022799999999999976e+01,-7.823586656930548515e-07
1.023000000000000043e+01,-7.823587550382344411e-07
1.023200000000000109e+01,-7.823588443943592846e-07
1.023399999999999999e+01,-7.823589365036740906e-07
1.023600000000000065e+01,-7.823590232261412023e-07
1.023799999999999955e+01,-7.823591152869141383e-07
1.024000000000000021e+01,-7.823592074824645217e-07
1.024200000000000088e+01,-7.823592970774622913e-07
1.024399999999999977e+01,-7.823593865637171241e-07
1.024600000000000044e+01,-7.823594784058691623e-07
1.024799999999999933e+01,-7.823595681497670655e-07
1.025000000000000000e+01,-7.823596575552902352e-07
1.025200000000000067e+01,-7.823597440903186965e-07
1.025399999999999956e+01,-7.823598386033833049e-07
1.025600000000000023e+01,-7.823599258786494231e-07
1.025800000000000090e+01,-7.823600178854402082e-07
1.025999999999999979e+01,-7.823601097840232755e-07
1.026200000000000045e+01,-7.823602022980630233e-07
1.026399999999999935e+01,-7.823602892496956400e-07
1.026600000000000001e+01,-7.823603782845041465e-07
1.026800000000000068e+01,-7.823604705374244949e-07
1.026999999999999957e+01,-7.823605570435931673e-07
1.027200000000000024e+01,-7.823606464844455518e-07
1.027400000000000091e+01,-7.823607412109522986e-07
1.027599999999999980e+01,-7.823608284737534799e-07
1.027800000000000047e+01,-7.823609173916532285e-07
1.027999999999999936e+01,-7.823610067706855486e-07
1.028200000000000003e+01,-7.823610989767882684e-07
1.028400000000000070e+01,-7.823611912114991025e-07
1.028599999999999959e+01,-7.823612807265833370e-07
1.028800000000000026e+01,-7.823613701998599310e-07
1.029000000000000092e+01,-7.823614622587139138e-07
1.029199999999999982e+01,-7.823615490356793371e-07
1.029400000000000048e+01,-7.823616383783356155e-07
1.029599999999999937e+01,-7.823617274334853007e-07
1.029800000000000004e+01,-7.823618251925900154e-07
1.030000000000000071e+01,-7.823619126056646883e-07
1.030199999999999960e+01,-7.823619987481589178e-07
1.030400000000000027e+01,-7.823620877973142566e-07
1.030600000000000094e+01,-7.823621801201275286e-07
1.030799999999999983e+01,-7.823622723677687441e-07
1.031000000000000050e+01,-7.823623563416688933e-07
1.031199999999999939e+01,-7.823624537989282291e-07
1.031400000000000006e+01,-7.823625410058167656e-07
1.031600000000000072e+01,-7.823626325404700095e-07
1.031799999999999962e+01,-7.823627224076434996e-07
1.032000000000000028e+01,-7.823628147092523606e-07
1.032200000000000095e+01,-7.823629040289494934e-07
1.032399999999999984e+01,-7.823629932992386650e-07
1.032600000000000051e+01,-7.823630828604157854e-07
1.032799999999999940e+01,-7.823631747374308527e-07
1.033000000000000007e+01,-7.823632618374780414e-07
1.033200000000000074e+01,-7.823633507598761702e-07
1.033399999999999963e+01,-7.823634456192990094e-07
1.033600000000000030e+01,-7.823635357697718802e-07
1.033800000000000097e+01,-7.823636247684597255e-07
1.033999999999999986e+01,-7.823637142503316922e-07
1.034200000000000053e+01,-7.823638035115612111e-07
1.034399999999999942e+01,-7.823638955132407877e-07
1.034600000000000009e+01,-7.823639851919762345e-07
1.034800000000000075e+01,-7.823640743726679549e-07
1.034999999999999964e+01,-7.823641640969979147e-07
1.035200000000000031e+01,-7.823642530952216918e-07
1.035400000000000098e+01,-7.823643427805510784e-07
1.035599999999999987e+01,-7.823644347275639955e-07
1.035800000000000054e+01,-7.823645270810392250e-07
1.035999999999999943e+01,-7.823646166415807531e-07
1.036200000000000010e+01,-7.823647059903217986e-07
1.036400000000000077e+01,-7.823647954221083895e-07
1.036599999999999966e+01,-7.823648846387894811e-07
1.036800000000000033e+01,-7.823649739371059141e-07
1.037000000000000099e+01,-7.823650661118260632e-07
1.037199999999999989e+01,-7.823651558309683697e-07
1.037400000000000055e+01,-7.823652478776866998e-07
1.037599999999999945e+01,-7.823653374485425481e-07
1.037800000000000011e+01,-7.823654293629324148e-07
1.038000000000000078e+01,-7.823655162089080475e-07
1.038199999999999967e+01,-7.823656055793258308e-07
1.038400000000000034e+01,-7.823656975558510700e-07
1.038600000000000101e+01,-7.823657871528766364e-07
1.038799999999999990e+01,-7.823658764621220180e-07
1.039000000000000057e+01,-7.823659659452349938e-07
1.039199999999999946e+01,-7.823660578384580366e-07
1.039400000000000013e+01,-7.823661475457928097e-07
1.039600000000000080e+01,-7.823662396661394787e-07
1.039799999999999969e+01,-7.823663291950614786e-07
1.040000000000000036e+01,-7.823664185489723897e-07
1.040200000000000102e+01,-7.823665079731878825e-07
1.040399999999999991e+01,-7.823665945263723892e-07
1.040600000000000058e+01,-7.823666890998868803e-07
1.040799999999999947e+01,-7.823667789915843036e-07
1.041000000000000014e+01,-7.823668683598514702e-07
1.041200000000000081e+01,-7.823669630748419570e-07
1.041399999999999970e+01,-7.823670531446661739e-07
1.041600000000000037e+01,-7.823671367316993769e-07
1.041800000000000104e+01,-7.823672313178643050e-07
1.041999999999999993e+01,-7.823673209449351890e-07
1.042200000000000060e+01,-7.823674102590302576e-07
1.042399999999999949e+01,-7.823674997556588088e-07
1.042600000000000016e+01,-7.823675917073852526e-07
1.042800000000000082e+01,-7.823676785407219890e-07
1.042999999999999972e+01,-7.823677679522409873e-07
1.043200000000000038e+01,-7.823678597877027358e-07
1.043400000000000105e+01,-7.823679521576543443e-07
1.043599999999999994e+01,-7.823680416625622190e-07
1.043800000000000061e+01,-7.823681311719711209e-07
1.043999999999999950e+01,-7.823682205121026060e-07
1.044200000000000017e+01,-7.823683098306884315e-07
1.044400000000000084e+01,-7.823683992992405934e-07
1.044599999999999973e+01,-7.823684914329552422e-07
1.044800000000000040e+01,-7.823685807867020407e-07
1.045000000000000107e+01,-7.823686728564579729e-07
1.045199999999999996e+01,-7.823687598289707988e-07
1.045400000000000063e+01,-7.823688488097659201e-07
1.045599999999999952e+01,-7.823689381539360582e-07
1.045800000000000018e+01,-7.823690330976162292e-07
1.046000000000000085e+01,-7.823691228907842390e-07
1.046199999999999974e+01,-7.823692123642077932e-07
1.046400000000000041e+01,-7.823693043470745562e-07
1.046600000000000108e+01,-7.823693965790007695e-07
1.046799999999999997e+01,-7.823694861512678806e-07
1.047000000000000064e+01,-7.823695783903791567e-07
1.047199999999999953e+01,-7.823696651254390013e-07
1.047400000000000020e+01,-7.823697541652852363e-07
1.047600000000000087e+01,-7.823698436288520799e-07
1.047799999999999976e+01,-7.823699331607059785e-07
1.048000000000000043e+01,-7.823700224186601269e-07
1.048200000000000109e+01,-7.823701114973708805e-07
1.048399999999999999e+01,-7.823702038720161103e-07
1.048600000000000065e+01,-7.823702961695762596e-07
1.048799999999999955e+01,-7.823703856413760517e-07
1.049000000000000021e+01,-7.823704750432626972e-07
1.049200000000000088e+01,-7.823705617199618659e-07
1.049399999999999977e+01,-7.823706535717189401e-07
1.049600000000000044e+01,-7.823707458788207038e-07
1.049799999999999933e+01,-7.823708354480706836e-07
1.050000000000000000e+01,-7.823709246820111303e-07
1.050200000000000067e+01,-7.823710140408791959e-07
1.050399999999999956e+01,-7.823711034383575643e-07
1.050600000000000023e+01,-7.823711980672149647e-07
1.050800000000000090e+01,-7.823712909186970745e-07
1.050999999999999979e+01,-7.823713776112345946e-07
1.051200000000000045e+01,-7.823714668062088788e-07
1.051399999999999935e+01,-7.823715560486245254e-07
1.051600000000000001e+01,-7.823716428318789565e-07
1.051800000000000068e+01,-7.823717374202833340e-07
1.051999999999999957e+01,-7.823718243282454730e-07
1.052200000000000024e+01,-7.823719162119558064e-07
1.052400000000000091e+01,-7.823720085741320759e-07
1.052599999999999980e+01,-7.823720979450708903e-07
1.052800000000000047e+01,-7.823721876676187987e-07
1.052999999999999936e+01,-7.823722767191335478e-07
1.053200000000000003e+01,-7.823723688738522844e-07
1.053400000000000070e+01,-7.823724585477317972e-07
1.053599999999999959e+01,-7.823725504571869558e-07
1.053800000000000026e+01,-7.823726373362393310e-07
1.054000000000000092e+01,-7.823727267825222555e-07
1.054199999999999982e+01,-7.823728185528522526e-07
1.054400000000000048e+01,-7.823729082565569601e-07
1.054599999999999937e+01,-7.823730003520899048e-07
1.054800000000000004e+01,-7.823730927048304390e-07
1.055000000000000071e+01,-7.823731794089067713e-07
1.055199999999999960e+01,-7.823732683557636118e-07
1.055400000000000027e+01,-7.823733582187546650e-07
1.055600000000000094e+01,-7.823734472948996499e-07
1.055799999999999983e+01,-7.823735422492788000e-07
1.056000000000000050e+01,-7.823736291445290921e-07
1.056199999999999939e+01,-7.823737181182189834e-07
1.056400000000000006e+01,-7.823738103525120185e-07
1.056600000000000072e+01,-7.823738973049635043e-07
1.056799999999999962e+01,-7.823739890979836082e-07
1.057000000000000028e+01,-7.823740787177719146e-07
1.057200000000000095e+01,-7.823741650830365503e-07
1.057399999999999984e+01,-7.823742627904832667e-07
1.057600000000000051e+01,-7.823743497987993282e-07
1.057799999999999940e+01,-7.823744417384664580e-07
1.058000000000000007e+01,-7.823745288279930739e-07
1.058200000000000074e+01,-7.823746258583961911e-07
1.058399999999999963e+01,-7.823747130652483052e-07
1.058600000000000030e+01,-7.823748022076835709e-07
1.058800000000000097e+01,-7.823748917160743392e-07
1.058999999999999986e+01,-7.823749838260467604e-07
1.059200000000000053e+01,-7.823750706675989753e-07
1.059399999999999942e+01,-7.823751598380636200e-07
1.059600000000000009e+01,-7.823752517180591845e-07
1.059800000000000075e+01,-7.823753413018753781e-07
1.059999999999999964e+01,-7.823754333811770539e-07
1.060200000000000031e+01,-7.823755231463987998e-07
1.060400000000000098e+01,-7.823756121812193765e-07
1.060599999999999987e+01,-7.823757017803157268e-07
1.060800000000000054e+01,-7.823757938900787191e-07
1.060999999999999943e+01,-7.823758861420462613e-07
1.061200000000000010e+01,-7.823759730795825557e-07
1.061400000000000077e+01,-7.823760647786183190e-07
1.061599999999999966e+01,-7.823761516366843941e-07
1.061800000000000033e+01,-7.823762464295735364e-07
1.062000000000000099e+01,-7.823763359756223308e-07
1.062199999999999989e+01,-7.823764253901427904e-07
1.062400000000000055e+01,-7.823765149110628700e-07
1.062599999999999945e+01,-7.823766040598387067e-07
1.062800000000000011e+01,-7.823766935216731562e-07
1.063000000000000078e+01,-7.823767827868060147e-07
1.063199999999999967e+01,-7.823768748316648957e-07
1.063400000000000034e+01,-7.823769618725703381e-07
1.063600000000000101e+01,-7.823770563037316251e-07
1.063799999999999990e+01,-7.823771459570980115e-07
1.064000000000000057e+01,-7.823772356480448147e-07
1.064199999999999946e+01,-7.823773247003448692e-07
1.064400000000000013e+01,-7.823774115164901191e-07
1.064600000000000080e+01,-7.823775060452462246e-07
1.064799999999999969e+01,-7.823775958565200930e-07
1.065000000000000036e+01,-7.823776850990364307e-07
1.065200000000000102e+01,-7.823777773116337756e-07
1.065399999999999991e+01,-7.823778667497605140e-07
1.065600000000000058e+01,-7.823779562314540744e-07
1.065799999999999947e+01,-7.823780454596524848e-07
1.066000000000000014e+01,-7.823781348262792663e-07
1.066200000000000081e+01,-7.823782267185608319e-07
1.066399999999999970e+01,-7.823783164588992909e-07
1.066600000000000037e+01,-7.823784059688726344e-07
1.066800000000000104e+01,-7.823785008100584307e-07
1.066999999999999993e+01,-7.823785848572900337e-07
1.067200000000000060e+01,-7.823786821852400493e-07
1.067399999999999949e+01,-7.823787695542429627e-07
1.067600000000000016e+01,-7.823788585235981629e-07
1.067800000000000082e+01,-7.823789477393259189e-07
1.067999999999999972e+01,-7.823790370659143000e-07
1.068200000000000038e+01,-7.823791293804416840e-07
1.068400000000000105e+01,-7.823792186973522902e-07
1.068599999999999994e+01,-7.823793082932353151e-07
1.068800000000000061e+01,-7.823794000894120990e-07
1.068999999999999950e+01,-7.823794871891243920e-07
1.069200000000000017e+01,-7.823795789474839077e-07
1.069400000000000084e+01,-7.823796685524421495e-07
1.069599999999999973e+01,-7.823797606663172750e-07
1.069800000000000040e+01,-7.823798501426695515e-07
1.070000000000000107e+01,-7.823799395320309091e-07
1.070199999999999996e+01,-7.823800314770163470e-07
1.070400000000000063e+01,-7.823801184973939459e-07
1.070599999999999952e+01,-7.823802104327436429e-07
1.070800000000000018e+01,-7.823802972517439233e-07
1.071000000000000085e+01,-7.823803862513687987e-07
1.071199999999999974e+01,-7.823804809673897011e-07
1.071400000000000041e+01,-7.823805682393785429e-07
1.071600000000000108e+01,-7.823806599042697728e-07
1.071799999999999997e+01,-7.823807470203493893e-07
1.072000000000000064e+01,-7.823808441669277339e-07
1.072199999999999953e+01,-7.823809314188323658e-07
1.072400000000000020e+01,-7.823810203436697377e-07
1.072600000000000087e+01,-7.823811071578832231e-07
1.072799999999999976e+01,-7.823812019220276671e-07
1.073000000000000043e+01,-7.823812914421942051e-07
1.073200000000000109e+01,-7.823813837452367752e-07
1.073399999999999999e+01,-7.823814732406272819e-07
1.073600000000000065e+01,-7.823815625834783779e-07
1.073799999999999955e+01,-7.823816490985263908e-07
1.074000000000000021e+01,-7.823817410073248872e-07
1.074200000000000088e+01,-7.823818276825166549e-07
1.074399999999999977e+01,-7.823819252638386830e-07
1.074600000000000044e+01,-7.823820178430426872e-07
1.074800000000000111e+01,-7.823821046682725772e-07
1.075000000000000000e+01,-7.823821967477318012e-07
1.075200000000000067e+01,-7.823822835165473911e-07
1.075399999999999956e+01,-7.823823698434917269e-07
1.075600000000000023e+01,-7.823824588012532695e-07
1.075800000000000090e+01,-7.823825536416031501e-07
1.075999999999999979e+01,-7.823826462359120811e-07
1.076200000000000045e+01,-7.823827331681926419e-07
1.076399999999999935e+01,-7.823828222388788171e-07
1.076600000000000001e+01,-7.823829170480695320e-07
1.076800000000000068e+01,-7.823830069785304652e-07
1.076999999999999957e+01,-7.823830961436542496e-07
1.077200000000000024e+01,-7.823831854506976630e-07
1.077400000000000091e+01,-7.823832775699869173e-07
1.077599999999999980e+01,-7.823833645139143929e-07
1.077800000000000047e+01,-7.823834534058100183e-07
1.077999999999999936e+01,-7.823835428722990196e-07
1.078200000000000003e+01,-7.823836349837300316e-07
1.078400000000000070e+01,-7.823837244331254846e-07
1.078599999999999959e+01,-7.823838137507975733e-07
1.078800000000000026e+01,-7.823839059738319524e-07
1.079000000000000092e+01,-7.823839955034493664e-07
1.079199999999999982e+01,-7.823840849098171338e-07
1.079400000000000048e+01,-7.823841741549378860e-07
1.079599999999999937e+01,-7.823842663072044622e-07
1.079800000000000004e+01,-7.823843558544193033e-07
1.080000000000000071e+01,-7.823844451059264722e-07
1.080199999999999960e+01,-7.823845346368939509e-07
1.080400000000000027e+01,-7.823846293957504740e-07
1.080600000000000094e+01,-7.823847162398450583e-07
1.080799999999999983e+01,-7.823848055141198376e-07
1.081000000000000050e+01,-7.823848977054837606e-07
1.081199999999999939e+01,-7.823849898425469424e-07
1.081400000000000006e+01,-7.823850795986910362e-07
1.081600000000000072e+01,-7.823851660762377241e-07
1.081799999999999962e+01,-7.823852551237380665e-07
1.082000000000000028e+01,-7.823853472013483234e-07
1.082200000000000095e+01,-7.823854341720455342e-07
1.082399999999999984e+01,-7.823855287726396686e-07
1.082600000000000051e+01,-7.823856185406482587e-07
1.082799999999999940e+01,-7.823857076611712056e-07
1.083000000000000007e+01,-7.823857943260851814e-07
1.083200000000000074e+01,-7.823858918205350869e-07
1.083399999999999963e+01,-7.823859789082906629e-07
1.083600000000000030e+01,-7.823860681554954338e-07
1.083800000000000097e+01,-7.823861574335657677e-07
1.083999999999999986e+01,-7.823862439646849602e-07
1.084200000000000053e+01,-7.823863386735731040e-07
1.084399999999999942e+01,-7.823864338472667659e-07
1.084600000000000009e+01,-7.823865211226053054e-07
1.084800000000000075e+01,-7.823866100851467608e-07
1.084999999999999964e+01,-7.823866993269952130e-07
1.085200000000000031e+01,-7.823867915015939188e-07
1.085400000000000098e+01,-7.823868782144228543e-07
1.085599999999999987e+01,-7.823869676249134487e-07
1.085800000000000054e+01,-7.823870595871353718e-07
1.085999999999999943e+01,-7.823871516234268322e-07
1.086200000000000010e+01,-7.823872412731034373e-07
1.086400000000000077e+01,-7.823873309538033652e-07
1.086599999999999966e+01,-7.823874170528994381e-07
1.086800000000000033e+01,-7.823875092116451811e-07
1.087000000000000099e+01,-7.823876042656990391e-07
1.087199999999999989e+01,-7.823876912329282853e-07
1.087400000000000055e+01,-7.823877804424419959e-07
1.087599999999999945e+01,-7.823878697841466328e-07
1.087800000000000011e+01,-7.823879592239327087e-07
1.088000000000000078e+01,-7.823880511610983385e-07
1.088199999999999967e+01,-7.823881462379691465e-07
1.088400000000000034e+01,-7.823882331455114749e-07
1.088600000000000101e+01,-7.823883195529226701e-07
1.088799999999999990e+01,-7.823884113681643658e-07
1.089000000000000057e+01,-7.823885010011070938e-07
1.089199999999999946e+01,-7.823885902485531633e-07
1.089400000000000013e+01,-7.823886825049269709e-07
1.089600000000000080e+01,-7.823887721738718814e-07
1.089799999999999969e+01,-7.823888667458583251e-07
1.090000000000000036e+01,-7.823889537815220100e-07
1.090200000000000102e+01,-7.823890456938397165e-07
1.090399999999999991e+01,-7.823891354363202159e-07
1.090600000000000058e+01,-7.823892218189763439e-07
1.090799999999999947e+01,-7.823893106925564700e-07
1.091000000000000014e+01,-7.823894006354054718e-07
1.091200000000000081e+01,-7.823894925482448447e-07
1.091399999999999970e+01,-7.823895818630218808e-07
1.091600000000000037e+01,-7.823896796028174206e-07
1.091800000000000104e+01,-7.823897584882859355e-07
1.091999999999999993e+01,-7.823898552848594666e-07
1.092200000000000060e+01,-7.823899423683060800e-07
1.092399999999999949e+01,-7.823900343133996205e-07
1.092600000000000016e+01,-7.823901239079890144e-07
1.092800000000000082e+01,-7.823902159053940392e-07
1.092999999999999972e+01,-7.823903026935821196e-07
1.093200000000000038e+01,-7.823903946304281003e-07
1.093400000000000105e+01,-7.823904871666805460e-07
1.093599999999999994e+01,-7.823905764823174264e-07
1.093800000000000061e+01,-7.823906657436981407e-07
1.093999999999999950e+01,-7.823907549748431669e-07
1.094200000000000017e+01,-7.823908445959601504e-07
1.094400000000000084e+01,-7.823909367466965616e-07
1.094599999999999973e+01,-7.823910261392129051e-07
1.094800000000000040e+01,-7.823911155028362136e-07
1.095000000000000107e+01,-7.823912048172083679e-07
1.095199999999999996e+01,-7.823912939806297219e-07
1.095400000000000063e+01,-7.823913835392594966e-07
1.095599999999999952e+01,-7.823914810613281820e-07
1.095800000000000018e+01,-7.823915683521686950e-07
1.096000000000000085e+01,-7.823916573263794057e-07
1.096199999999999974e+01,-7.823917467021834715e-07
1.096400000000000041e+01,-7.823918360629979129e-07
1.096600000000000108e+01,-7.823919255182690217e-07
1.096799999999999997e+01,-7.823920147375390695e-07
1.097000000000000064e+01,-7.823921069014704541e-07
1.097199999999999953e+01,-7.823921962082564755e-07
1.097400000000000020e+01,-7.823922882631645553e-07
1.097600000000000087e+01,-7.823923781072080109e-07
1.097799999999999976e+01,-7.823924644346710485e-07
1.098000000000000043e+01,-7.823925565905805017e-07
1.098200000000000109e+01,-7.823926486608155368e-07
1.098399999999999999e+01,-7.823927383614734668e-07
1.098600000000000065e+01,-7.823928276510894950e-07
1.098799999999999955e+01,-7.823929170676479159e-07
1.099000000000000021e+01,-7.823930089654408073e-07
1.099200000000000088e+01,-7.823930986483281978e-07
1.099399999999999977e+01,-7.823931906823747032e-07
1.099600000000000044e+01,-7.823932803018595600e-07
1.099800000000000111e+01,-7.823933694858408389e-07
1.100000000000000000e+01,-7.823934588796087794e-07
1.100200000000000067e+01,-7.823935482269952075e-07
1.100399999999999956e+01,-7.823936405132599608e-07
1.100600000000000023e+01,-7.823937243379580091e-07
1.100800000000000090e+01,-7.823938214480143047e-07
1.100999999999999979e+01,-7.823939087749440328e-07
1.101200000000000045e+01,-7.823940007824075738e-07
1.101399999999999935e+01,-7.823940902073301274e-07
1.101600000000000001e+01,-7.823941821634789302e-07
1.101800000000000068e+01,-7.823942691770927593e-07
1.101999999999999957e+01,-7.823943636030235119e-07
1.102200000000000024e+01,-7.823944507663744490e-07
1.102400000000000091e+01,-7.823945372775020758e-07
1.102599999999999980e+01,-7.823946287479873858e-07
1.102800000000000047e+01,-7.823947213092216919e-07
1.102999999999999936e+01,-7.823948108361974219e-07
1.103200000000000003e+01,-7.823949027450058709e-07
1.103400000000000070e+01,-7.823949923725810571e-07
1.103599999999999959e+01,-7.823950818653775253e-07
1.103800000000000026e+01,-7.823951708419768689e-07
1.104000000000000092e+01,-7.823952605071224132e-07
1.104199999999999982e+01,-7.823953498223324949e-07
1.104400000000000048e+01,-7.823954418012882950e-07
1.104599999999999937e+01,-7.823955342931263564e-07
1.104800000000000004e+01,-7.823956236055737342e-07
1.105000000000000071e+01,-7.823957157932525345e-07
1.105199999999999960e+01,-7.823958025166685348e-07
1.105400000000000027e+01,-7.823958915229186903e-07
1.105600000000000094e+01,-7.823959835631740531e-07
1.105799999999999983e+01,-7.823960759718705367e-07
1.106000000000000050e+01,-7.823961628836220894e-07
1.106199999999999939e+01,-7.823962493549819428e-07
1.106400000000000006e+01,-7.823963437120199060e-07
1.106600000000000072e+01,-7.823964281378192263e-07
1.106799999999999962e+01,-7.823965224462549684e-07
1.107000000000000028e+01,-7.823966150649162024e-07
1.107200000000000095e+01,-7.823967015827402599e-07
1.107399999999999984e+01,-7.823967963242999468e-07
1.107600000000000051e+01,-7.823968808721041988e-07
1.107799999999999940e+01,-7.823969722396409127e-07
1.108000000000000007e+01,-7.823970619095247593e-07
1.108200000000000074e+01,-7.823971539651848985e-07
1.108399999999999963e+01,-7.823972489772636154e-07
1.108600000000000030e+01,-7.823973360797166952e-07
1.108800000000000097e+01,-7.823974251481793030e-07
1.108999999999999986e+01,-7.823975143790426908e-07
1.109200000000000053e+01,-7.823976037757804348e-07
1.109399999999999942e+01,-7.823976959142053280e-07
1.109600000000000009e+01,-7.823977853294300954e-07
1.109800000000000075e+01,-7.823978746576877667e-07
1.109999999999999964e+01,-7.823979669298770558e-07
1.110200000000000031e+01,-7.823980535663638647e-07
1.110400000000000098e+01,-7.823981456240699062e-07
1.110599999999999987e+01,-7.823982350593015918e-07
1.110800000000000054e+01,-7.823983299510478435e-07
1.110999999999999943e+01,-7.823984167921208496e-07
1.111200000000000010e+01,-7.823985059346079960e-07
1.111400000000000077e+01,-7.823985953988569128e-07
1.111599999999999966e+01,-7.823986846217167922e-07
1.111800000000000033e+01,-7.823987741530836469e-07
1.112000000000000099e+01,-7.823988659142547825e-07
1.112199999999999989e+01,-7.823989527288556796e-07
1.112400000000000055e+01,-7.823990476330989495e-07
1.112599999999999945e+01,-7.823991370819392783e-07
1.112800000000000011e+01,-7.823992266998161489e-07
1.113000000000000078e+01,-7.823993159055203288e-07
1.113199999999999967e+01,-7.823994105774129322e-07
1.113400000000000034e+01,-7.823994975155745487e-07
1.113600000000000101e+01,-7.823995841251048517e-07
1.113799999999999990e+01,-7.823996759626675596e-07
1.114000000000000057e+01,-7.823997681260819364e-07
1.114199999999999946e+01,-7.823998579452638103e-07
1.114400000000000013e+01,-7.823999525733954094e-07
1.114600000000000080e+01,-7.824000396032724828e-07
1.114799999999999969e+01,-7.824001286976706042e-07
1.115000000000000036e+01,-7.824002208416665390e-07
1.115200000000000102e+01,-7.824003076241837338e-07
1.115399999999999991e+01,-7.824003966670239127e-07
1.115600000000000058e+01,-7.824004860636186139e-07
1.115799999999999947e+01,-7.824005810079751408e-07
1.116000000000000014e+01,-7.824006733905941270e-07
1.116200000000000081e+01,-7.824007600777805164e-07
1.116399999999999970e+01,-7.824008520213071519e-07
1.116600000000000037e+01,-7.824009388160357031e-07
1.116800000000000104e+01,-7.824010279518933344e-07
1.116999999999999993e+01,-7.824011200743238103e-07
1.117200000000000060e+01,-7.824012094561888204e-07
1.117399999999999949e+01,-7.824012988640491658e-07
1.117600000000000016e+01,-7.824013880264723973e-07
1.117800000000000082e+01,-7.824014775784032002e-07
1.117999999999999972e+01,-7.824015697117643187e-07
1.118200000000000038e+01,-7.824016592744378287e-07
1.118400000000000105e+01,-7.824017511928855127e-07
1.118599999999999994e+01,-7.824018436511984335e-07
1.118800000000000061e+01,-7.824019302616129330e-07
1.118999999999999950e+01,-7.824020221688274778e-07
1.119200000000000017e+01,-7.824021088896873444e-07
1.119400000000000084e+01,-7.824022008120169804e-07
1.119599999999999973e+01,-7.824022904703657205e-07
1.119800000000000040e+01,-7.824023797576076213e-07
1.120000000000000107e+01,-7.824024687822238862e-07
1.120199999999999996e+01,-7.824025610861313829e-07
1.120400000000000063e+01,-7.824026508410333028e-07
1.120599999999999952e+01,-7.824027427385901897e-07
1.120800000000000018e+01,-7.824028324105122093e-07
1.121000000000000085e+01,-7.824029214351258273e-07
1.121199999999999974e+01,-7.824030108478507887e-07
1.121400000000000041e+01,-7.824031032304425640e-07
1.121600000000000108e+01,-7.824031924007534722e-07
1.121799999999999997e+01,-7.824032818962575871e-07
1.122000000000000064e+01,-7.824033738942144539e-07
1.122199999999999953e+01,-7.824034636089964465e-07
1.122400000000000020e+01,-7.824035553987900960e-07
1.122600000000000087e+01,-7.824036423730806323e-07
1.122799999999999976e+01,-7.824037312333853169e-07
1.123000000000000043e+01,-7.824038206264587963e-07
1.123200000000000109e+01,-7.824039131128096724e-07
1.123399999999999999e+01,-7.824040023739575585e-07
1.123600000000000065e+01,-7.824040944329935476e-07
1.123799999999999955e+01,-7.824041840073905230e-07
1.124000000000000021e+01,-7.824042732667556166e-07
1.124200000000000088e+01,-7.824043627748381708e-07
1.124399999999999977e+01,-7.824044546634803535e-07
1.124600000000000044e+01,-7.824045442523200877e-07
1.124800000000000111e+01,-7.824046335304131856e-07
1.125000000000000000e+01,-7.824047230130681284e-07
1.125200000000000067e+01,-7.824048094416227483e-07
1.125399999999999956e+01,-7.824049015008551431e-07
1.125600000000000023e+01,-7.824049964650996859e-07
1.125800000000000090e+01,-7.824050861022013458e-07
1.125999999999999979e+01,-7.824051754638576320e-07
1.126200000000000045e+01,-7.824052648923701230e-07
1.126399999999999935e+01,-7.824053538583779548e-07
1.126600000000000001e+01,-7.824054437337914874e-07
1.126800000000000068e+01,-7.824055354285289820e-07
1.126999999999999957e+01,-7.824056250265220718e-07
1.127200000000000024e+01,-7.824057170088678037e-07
1.127400000000000091e+01,-7.824058039235645959e-07
1.127599999999999980e+01,-7.824058958338207300e-07
1.127800000000000047e+01,-7.824059854061798501e-07
1.127999999999999936e+01,-7.824060745522191351e-07
1.128200000000000003e+01,-7.824061668095884181e-07
1.128400000000000070e+01,-7.824062562700400862e-07
1.128599999999999959e+01,-7.824063456953804388e-07
1.128800000000000026e+01,-7.824064375713240094e-07
1.129000000000000092e+01,-7.824065271286457535e-07
1.129199999999999982e+01,-7.824066166569788538e-07
1.129400000000000048e+01,-7.824067083357119785e-07
1.129599999999999937e+01,-7.824068007747289594e-07
1.129800000000000004e+01,-7.824068876850237213e-07
1.130000000000000071e+01,-7.824069739339191591e-07
1.130199999999999960e+01,-7.824070659093876188e-07
1.130400000000000027e+01,-7.824071554706500778e-07
1.130600000000000094e+01,-7.824072529249599390e-07
1.130799999999999983e+01,-7.824073402788997479e-07
1.131000000000000050e+01,-7.824074347052865219e-07
1.131199999999999939e+01,-7.824075190700377425e-07
1.131400000000000006e+01,-7.824076107378074022e-07
1.131600000000000072e+01,-7.824077001357732380e-07
1.131799999999999962e+01,-7.824077866949906310e-07
1.132000000000000028e+01,-7.824078787715934481e-07
1.132200000000000095e+01,-7.824079681674311137e-07
1.132399999999999984e+01,-7.824080548737065553e-07
1.132600000000000051e+01,-7.824081439926685263e-07
1.132799999999999940e+01,-7.824082359446499270e-07
1.133000000000000007e+01,-7.824083282908922362e-07
1.133200000000000074e+01,-7.824084206944920167e-07
1.133399999999999963e+01,-7.824085126005926073e-07
1.133600000000000030e+01,-7.824085996861907902e-07
1.133800000000000097e+01,-7.824086860231472673e-07
1.133999999999999986e+01,-7.824087778654946525e-07
1.134200000000000053e+01,-7.824088702584204414e-07
1.134399999999999942e+01,-7.824089595602033568e-07
1.134600000000000009e+01,-7.824090489710253528e-07
1.134800000000000075e+01,-7.824091412150059037e-07
1.134999999999999964e+01,-7.824092333928617688e-07
1.135200000000000031e+01,-7.824093199601556209e-07
1.135400000000000098e+01,-7.824094094259650901e-07
1.135599999999999987e+01,-7.824095040303154980e-07
1.135800000000000054e+01,-7.824095911363110814e-07
1.135999999999999943e+01,-7.824096800659882937e-07
1.136200000000000010e+01,-7.824097666975392299e-07
1.136400000000000077e+01,-7.824098558542887171e-07
1.136599999999999966e+01,-7.824099534920554327e-07
1.136800000000000033e+01,-7.824100433793109094e-07
1.137000000000000099e+01,-7.824101327467560306e-07
1.137199999999999989e+01,-7.824102192405991030e-07
1.137400000000000055e+01,-7.824103111380141118e-07
1.137599999999999945e+01,-7.824103979522496201e-07
1.137800000000000011e+01,-7.824104896873889981e-07
1.138000000000000078e+01,-7.824105792700286628e-07
1.138199999999999967e+01,-7.824106743000084681e-07
1.138400000000000034e+01,-7.824107638019100111e-07
1.138600000000000101e+01,-7.824108530549237340e-07
1.138799999999999990e+01,-7.824109425258368943e-07
1.139000000000000057e+01,-7.824110319034184588e-07
1.139199999999999946e+01,-7.824111210494422854e-07
1.139400000000000013e+01,-7.824112132759557464e-07
1.139600000000000080e+01,-7.824113025239153295e-07
1.139799999999999969e+01,-7.824113922690202547e-07
1.140000000000000036e+01,-7.824114784555519388e-07
1.140200000000000102e+01,-7.824115703895997462e-07
1.140399999999999991e+01,-7.824116628303291100e-07
1.140600000000000058e+01,-7.824117549848652052e-07
1.140799999999999947e+01,-7.824118473790430147e-07
1.141000000000000014e+01,-7.824119341444560732e-07
1.141200000000000081e+01,-7.824120232318271034e-07
1.141399999999999970e+01,-7.824121126187479473e-07
1.141600000000000037e+01,-7.824121991183415264e-07
1.141800000000000104e+01,-7.824122992584720554e-07
1.141999999999999993e+01,-7.824123894486667480e-07
1.142200000000000060e+01,-7.824124758628835354e-07
1.142399999999999949e+01,-7.824125650438673763e-07
1.142600000000000016e+01,-7.824126570253712634e-07
1.142800000000000082e+01,-7.824127441364346449e-07
1.142999999999999972e+01,-7.824128329700210515e-07
1.143200000000000038e+01,-7.824129251351662343e-07
1.143400000000000105e+01,-7.824130148529143246e-07
1.143599999999999994e+01,-7.824131038578721195e-07
1.143800000000000061e+01,-7.824131933359514962e-07
1.143999999999999950e+01,-7.824132824834845238e-07
1.144200000000000017e+01,-7.824133748373161423e-07
1.144400000000000084e+01,-7.824134667325684643e-07
1.144599999999999973e+01,-7.824135565401399517e-07
1.144800000000000040e+01,-7.824136456444526996e-07
1.145000000000000107e+01,-7.824137352341993944e-07
1.145199999999999996e+01,-7.824138242978609136e-07
1.145400000000000063e+01,-7.824139136208075824e-07
1.145599999999999952e+01,-7.824140031041313636e-07
1.145800000000000018e+01,-7.824140950162777577e-07
1.146000000000000085e+01,-7.824141876438170617e-07
1.146199999999999974e+01,-7.824142797434379991e-07
1.146400000000000041e+01,-7.824143663237812408e-07
1.146600000000000108e+01,-7.824144555070328008e-07
1.146799999999999997e+01,-7.824145478868020505e-07
1.147000000000000064e+01,-7.824146371420623165e-07
1.147199999999999953e+01,-7.824147293151389040e-07
1.147400000000000020e+01,-7.824148159483659066e-07
1.147600000000000087e+01,-7.824149052254989986e-07
1.147799999999999976e+01,-7.824149970303610466e-07
1.148000000000000043e+01,-7.824150867126100919e-07
1.148200000000000109e+01,-7.824151762685791244e-07
1.148399999999999999e+01,-7.824152680177203805e-07
1.148600000000000065e+01,-7.824153574388831666e-07
1.148799999999999955e+01,-7.824154469576115485e-07
1.149000000000000021e+01,-7.824155389258912395e-07
1.149200000000000088e+01,-7.824156259286089427e-07
1.149399999999999977e+01,-7.824157176053972797e-07
1.149600000000000044e+01,-7.824158100299333854e-07
1.149800000000000111e+01,-7.824158967812913086e-07
1.150000000000000000e+01,-7.824159884669528451e-07
1.150200000000000067e+01,-7.824160780169176846e-07
1.150399999999999956e+01,-7.824161702269713896e-07
1.150600000000000023e+01,-7.824162569413625715e-07
1.150800000000000090e+01,-7.824163487841813305e-07
1.150999999999999979e+01,-7.824164354708652177e-07
1.151200000000000045e+01,-7.824165330921410489e-07
1.151400000000000112e+01,-7.824166201474246638e-07
1.151600000000000001e+01,-7.824167089758775215e-07
1.151800000000000068e+01,-7.824168012286511214e-07
1.151999999999999957e+01,-7.824168908341163124e-07
1.152200000000000024e+01,-7.824169830795372428e-07
1.152400000000000091e+01,-7.824170722499303132e-07
1.152599999999999980e+01,-7.824171590546791583e-07
1.152800000000000047e+01,-7.824172479630297751e-07
1.152999999999999936e+01,-7.824173375428931835e-07
1.153200000000000003e+01,-7.824174295606769740e-07
1.153400000000000070e+01,-7.824175218811577290e-07
1.153599999999999959e+01,-7.824176137739649845e-07
1.153800000000000026e+01,-7.824177010080593722e-07
1.154000000000000092e+01,-7.824177897091129689e-07
1.154199999999999982e+01,-7.824178792602250086e-07
1.154400000000000048e+01,-7.824179714073400363e-07
1.154599999999999937e+01,-7.824180608030512822e-07
1.154800000000000004e+01,-7.824181502021017437e-07
1.155000000000000071e+01,-7.824182392888215115e-07
1.155199999999999960e+01,-7.824183259509471607e-07
1.155400000000000027e+01,-7.824184206100468137e-07
1.155600000000000094e+01,-7.824185131397871642e-07
1.155799999999999983e+01,-7.824186025561987307e-07
1.156000000000000050e+01,-7.824186946237021905e-07
1.156199999999999939e+01,-7.824187815313602447e-07
1.156400000000000006e+01,-7.824188705982346658e-07
1.156600000000000072e+01,-7.824189571451708222e-07
1.156799999999999962e+01,-7.824190489698005016e-07
1.157000000000000028e+01,-7.824191441782681483e-07
1.157200000000000095e+01,-7.824192335408722644e-07
1.157399999999999984e+01,-7.824193203459407586e-07
1.157600000000000051e+01,-7.824194122407924339e-07
1.157799999999999940e+01,-7.824194989160391529e-07
1.158000000000000007e+01,-7.824195936862892221e-07
1.158200000000000074e+01,-7.824196832371780686e-07
1.158399999999999963e+01,-7.824197726519441677e-07
1.158600000000000030e+01,-7.824198644424327019e-07
1.158800000000000097e+01,-7.824199541176409976e-07
1.158999999999999986e+01,-7.824200436286766263e-07
1.159200000000000053e+01,-7.824201329280200868e-07
1.159399999999999942e+01,-7.824202248254388013e-07
1.159600000000000009e+01,-7.824203143324673289e-07
1.159800000000000075e+01,-7.824204037228007627e-07
1.159999999999999964e+01,-7.824204932091051469e-07
1.160200000000000031e+01,-7.824205793793888333e-07
1.160400000000000098e+01,-7.824206715266943376e-07
1.160599999999999987e+01,-7.824207665848380942e-07
1.160800000000000054e+01,-7.824208534232419935e-07
1.160999999999999943e+01,-7.824209425920487829e-07
1.161200000000000010e+01,-7.824210345307270018e-07
1.161400000000000077e+01,-7.824211243233516399e-07
1.161599999999999966e+01,-7.824212106195549266e-07
1.161800000000000033e+01,-7.824213025834556690e-07
1.162000000000000099e+01,-7.824213978020148662e-07
1.162199999999999989e+01,-7.824214872766532774e-07
1.162400000000000055e+01,-7.824215738895520187e-07
1.162599999999999945e+01,-7.824216656587191454e-07
1.162800000000000011e+01,-7.824217552029363369e-07
1.163000000000000078e+01,-7.824218498965288656e-07
1.163199999999999967e+01,-7.824219371492073679e-07
1.163400000000000034e+01,-7.824220261492942999e-07
1.163600000000000101e+01,-7.824221155579886551e-07
1.163799999999999990e+01,-7.824222048283584007e-07
1.164000000000000057e+01,-7.824222940065400449e-07
1.164199999999999946e+01,-7.824223889220740523e-07
1.164400000000000013e+01,-7.824224785628837047e-07
1.164600000000000080e+01,-7.824225680000036386e-07
1.164799999999999969e+01,-7.824226571236194203e-07
1.165000000000000036e+01,-7.824227464970099717e-07
1.165200000000000102e+01,-7.824228333184524597e-07
1.165399999999999991e+01,-7.824229248169474553e-07
1.165600000000000058e+01,-7.824230143670099153e-07
1.165799999999999947e+01,-7.824231038858556113e-07
1.166000000000000014e+01,-7.824232014164794353e-07
1.166200000000000081e+01,-7.824232886381958129e-07
1.166399999999999970e+01,-7.824233776143904866e-07
1.166600000000000037e+01,-7.824234669703183949e-07
1.166800000000000104e+01,-7.824235592259518957e-07
1.166999999999999993e+01,-7.824236513157755206e-07
1.167200000000000060e+01,-7.824237354317798462e-07
1.167399999999999949e+01,-7.824238269120094233e-07
1.167600000000000016e+01,-7.824239166174459956e-07
1.167800000000000082e+01,-7.824240056738299136e-07
1.167999999999999972e+01,-7.824240981477079118e-07
1.168200000000000038e+01,-7.824241900068204084e-07
1.168400000000000105e+01,-7.824242798236961292e-07
1.168599999999999994e+01,-7.824243690452212964e-07
1.168800000000000061e+01,-7.824244583016553383e-07
1.168999999999999950e+01,-7.824245476157644889e-07
1.169200000000000017e+01,-7.824246368900097278e-07
1.169400000000000084e+01,-7.824247291414713796e-07
1.169599999999999973e+01,-7.824248185395378006e-07
1.169800000000000040e+01,-7.824249077840697591e-07
1.170000000000000107e+01,-7.824249971597839335e-07
1.170199999999999996e+01,-7.824250892203354763e-07
1.170400000000000063e+01,-7.824251786633203722e-07
1.170599999999999952e+01,-7.824252680119112811e-07
1.170800000000000018e+01,-7.824253602002483319e-07
1.171000000000000085e+01,-7.824254468814328576e-07
1.171199999999999974e+01,-7.824255386790150810e-07
1.171400000000000041e+01,-7.824256309880796318e-07
1.171600000000000108e+01,-7.824257178030805402e-07
1.171799999999999997e+01,-7.824258123981743603e-07
1.172000000000000064e+01,-7.824259020072119128e-07
1.172199999999999953e+01,-7.824259912152419393e-07
1.172400000000000020e+01,-7.824260808112201495e-07
1.172600000000000087e+01,-7.824261698528590239e-07
1.172799999999999976e+01,-7.824262594287048492e-07
1.173000000000000043e+01,-7.824263512912147949e-07
1.173200000000000109e+01,-7.824264411029388613e-07
1.173399999999999999e+01,-7.824265300922656161e-07
1.173600000000000065e+01,-7.824266195795524527e-07
1.173799999999999955e+01,-7.824267118184853225e-07
1.174000000000000021e+01,-7.824268010004924852e-07
1.174200000000000088e+01,-7.824268904618581019e-07
1.174399999999999977e+01,-7.824269852666709270e-07
1.174600000000000044e+01,-7.824270721735360525e-07
1.174800000000000111e+01,-7.824271612796248167e-07
1.175000000000000000e+01,-7.824272533200374100e-07
1.175200000000000067e+01,-7.824273427599431294e-07
1.175399999999999956e+01,-7.824274321791991383e-07
1.175600000000000023e+01,-7.824275241837243221e-07
1.175800000000000090e+01,-7.824276137879284928e-07
1.175999999999999979e+01,-7.824276946808612810e-07
1.176200000000000045e+01,-7.824277890226495806e-07
1.176400000000000112e+01,-7.824278812783969014e-07
1.176600000000000001e+01,-7.824279739510924848e-07
1.176800000000000068e+01,-7.824280659179729832e-07
1.176999999999999957e+01,-7.824281527727099012e-07
1.177200000000000024e+01,-7.824282390192353408e-07
1.177400000000000091e+01,-7.824283281253346930e-07
1.177599999999999980e+01,-7.824284232122690995e-07
1.177800000000000047e+01,-7.824285126875501970e-07
1.177999999999999936e+01,-7.824286046722684681e-07
1.178200000000000003e+01,-7.824286941858481603e-07
1.178400000000000070e+01,-7.824287837347323975e-07
1.178599999999999959e+01,-7.824288729685713061e-07
1.178800000000000026e+01,-7.824289622065943458e-07
1.179000000000000092e+01,-7.824290515625820758e-07
1.179199999999999982e+01,-7.824291435277330389e-07
1.179400000000000048e+01,-7.824292331061683498e-07
1.179599999999999937e+01,-7.824293250479617440e-07
1.179800000000000004e+01,-7.824294148230484591e-07
1.180000000000000071e+01,-7.824295012294398267e-07
1.180199999999999960e+01,-7.824295928864048399e-07
1.180400000000000027e+01,-7.824296825488095973e-07
1.180600000000000094e+01,-7.824297749113590907e-07
1.180799999999999983e+01,-7.824298667258056342e-07
1.181000000000000050e+01,-7.824299566022653583e-07
1.181199999999999939e+01,-7.824300427557144766e-07
1.181400000000000006e+01,-7.824301322690185654e-07
1.181600000000000072e+01,-7.824302268817376589e-07
1.181799999999999962e+01,-7.824303165963181635e-07
1.182000000000000028e+01,-7.824304058841983036e-07
1.182200000000000095e+01,-7.824304979703179594e-07
1.182399999999999984e+01,-7.824305849251856067e-07
1.182600000000000051e+01,-7.824306739141084327e-07
1.182799999999999940e+01,-7.824307631386514724e-07
1.183000000000000007e+01,-7.824308551807081566e-07
1.183200000000000074e+01,-7.824309476940920892e-07
1.183399999999999963e+01,-7.824310368841961456e-07
1.183600000000000030e+01,-7.824311263085688689e-07
1.183800000000000097e+01,-7.824312155924624484e-07
1.183999999999999986e+01,-7.824313022295898260e-07
1.184200000000000053e+01,-7.824313967119077737e-07
1.184399999999999942e+01,-7.824314864902951644e-07
1.184600000000000009e+01,-7.824315784810813679e-07
1.184800000000000075e+01,-7.824316653541161033e-07
1.184999999999999964e+01,-7.824317543062462533e-07
1.185200000000000031e+01,-7.824318465302784371e-07
1.185400000000000098e+01,-7.824319358826479600e-07
1.185599999999999987e+01,-7.824320281302562472e-07
1.185800000000000054e+01,-7.824321176194809892e-07
1.185999999999999943e+01,-7.824322068259065236e-07
1.186200000000000010e+01,-7.824322961061083100e-07
1.186400000000000077e+01,-7.824323827093451582e-07
1.186599999999999966e+01,-7.824324716266588659e-07
1.186800000000000033e+01,-7.824325693928602344e-07
1.187000000000000099e+01,-7.824326592911508563e-07
1.187199999999999989e+01,-7.824327486199778396e-07
1.187400000000000055e+01,-7.824328380126149912e-07
1.187599999999999945e+01,-7.824329273544771762e-07
1.187800000000000011e+01,-7.824330165316263932e-07
1.188000000000000078e+01,-7.824331085310795436e-07
1.188199999999999967e+01,-7.824331981244582098e-07
1.188400000000000034e+01,-7.824332876082210716e-07
1.188600000000000101e+01,-7.824333793480839289e-07
1.188799999999999990e+01,-7.824334691629014655e-07
1.189000000000000057e+01,-7.824335581128777165e-07
1.189199999999999946e+01,-7.824336501924087265e-07
1.189400000000000013e+01,-7.824337398977859006e-07
1.189600000000000080e+01,-7.824338292690003184e-07
1.189799999999999969e+01,-7.824339183669357553e-07
1.190000000000000036e+01,-7.824340075508580595e-07
1.190200000000000102e+01,-7.824340999383140273e-07
1.190399999999999991e+01,-7.824341866182713082e-07
1.190600000000000058e+01,-7.824342839128494962e-07
1.190799999999999947e+01,-7.824343710409539101e-07
1.191000000000000014e+01,-7.824344631815745244e-07
1.191200000000000081e+01,-7.824345493858721952e-07
1.191399999999999970e+01,-7.824346416729087014e-07
1.191600000000000037e+01,-7.824347311575842413e-07
1.191800000000000104e+01,-7.824348204148935858e-07
1.191999999999999993e+01,-7.824349095446140399e-07
1.192200000000000060e+01,-7.824349990262331673e-07
1.192399999999999949e+01,-7.824350882641901384e-07
1.192600000000000016e+01,-7.824351803064239584e-07
1.192800000000000082e+01,-7.824352670490030204e-07
1.192999999999999972e+01,-7.824353589570597276e-07
1.193200000000000038e+01,-7.824354512412551794e-07
1.193400000000000105e+01,-7.824355378072620708e-07
1.193599999999999994e+01,-7.824356298346191335e-07
1.193800000000000061e+01,-7.824357164834212721e-07
1.193999999999999950e+01,-7.824358084181061541e-07
1.194200000000000017e+01,-7.824359033184312614e-07
1.194400000000000084e+01,-7.824359931935131805e-07
1.194599999999999973e+01,-7.824360824321865297e-07
1.194800000000000040e+01,-7.824361717529382185e-07
1.195000000000000107e+01,-7.824362610104700151e-07
1.195199999999999996e+01,-7.824363502721967424e-07
1.195400000000000063e+01,-7.824364370081857822e-07
1.195599999999999952e+01,-7.824365314601007528e-07
1.195800000000000018e+01,-7.824366210993809814e-07
1.196000000000000085e+01,-7.824367076991551589e-07
1.196199999999999974e+01,-7.824368024100176306e-07
1.196400000000000041e+01,-7.824368920076266969e-07
1.196600000000000108e+01,-7.824369813927799948e-07
1.196799999999999997e+01,-7.824370734257188987e-07
1.197000000000000064e+01,-7.824371658235817251e-07
1.197199999999999953e+01,-7.824372496007280849e-07
1.197400000000000020e+01,-7.824373411746940337e-07
1.197600000000000087e+01,-7.824374281449362819e-07
1.197799999999999976e+01,-7.824375227807687869e-07
1.198000000000000043e+01,-7.824376123278523379e-07
1.198200000000000109e+01,-7.824377045120646558e-07
1.198399999999999999e+01,-7.824377939853305560e-07
1.198600000000000065e+01,-7.824378831741547457e-07
1.198799999999999955e+01,-7.824379727253304188e-07
1.199000000000000021e+01,-7.824380619560641046e-07
1.199200000000000088e+01,-7.824381539284801752e-07
1.199399999999999977e+01,-7.824382461137111561e-07
1.199600000000000044e+01,-7.824383328645779061e-07
1.199800000000000111e+01,-7.824384276993687095e-07
1.200000000000000000e+01,-7.824385146523860133e-07
1.200200000000000067e+01,-7.824386034096411989e-07
1.200399999999999956e+01,-7.824386900205964231e-07
1.200600000000000023e+01,-7.824387849231964491e-07
1.200800000000000090e+01,-7.824388743574023779e-07
1.200999999999999979e+01,-7.824389637526178978e-07
1.201200000000000045e+01,-7.824390502635402249e-07
1.201400000000000112e+01,-7.824391419463984001e-07
1.201600000000000001e+01,-7.824392317382883430e-07
1.201800000000000068e+01,-7.824393263917049343e-07
1.201999999999999957e+01,-7.824394159344315596e-07
1.202200000000000024e+01,-7.824395083550048216e-07
1.202400000000000091e+01,-7.824395948168008260e-07
1.202599999999999980e+01,-7.824396841230480285e-07
1.202800000000000047e+01,-7.824397733096270515e-07
1.203000000000000114e+01,-7.824398653997058452e-07
1.203200000000000003e+01,-7.824399550004818618e-07
1.203400000000000070e+01,-7.824400440903083347e-07
1.203599999999999959e+01,-7.824401364112594047e-07
1.203800000000000026e+01,-7.824402258436480243e-07
1.204000000000000092e+01,-7.824403149912723197e-07
1.204199999999999982e+01,-7.824404069234462784e-07
1.204400000000000048e+01,-7.824404965854789766e-07
1.204599999999999937e+01,-7.824405858908694053e-07
1.204800000000000004e+01,-7.824406725584301473e-07
1.205000000000000071e+01,-7.824407669839653355e-07
1.205199999999999960e+01,-7.824408540241957986e-07
1.205400000000000027e+01,-7.824409457785829415e-07
1.205600000000000094e+01,-7.824410381821275590e-07
1.205799999999999983e+01,-7.824411276552534870e-07
1.206000000000000050e+01,-7.824412168181703270e-07
1.206199999999999939e+01,-7.824413060779316202e-07
1.206400000000000006e+01,-7.824413984614524847e-07
1.206600000000000072e+01,-7.824414875745645285e-07
1.206799999999999962e+01,-7.824415770105453090e-07
1.207000000000000028e+01,-7.824416691003835453e-07
1.207200000000000095e+01,-7.824417561008232592e-07
1.207399999999999984e+01,-7.824418450639907778e-07
1.207600000000000051e+01,-7.824419370364467648e-07
1.207799999999999940e+01,-7.824420265005359101e-07
1.208000000000000007e+01,-7.824421184224400178e-07
1.208200000000000074e+01,-7.824422081227030187e-07
1.208399999999999963e+01,-7.824422975335994478e-07
1.208600000000000030e+01,-7.824423864492581590e-07
1.208800000000000097e+01,-7.824424760636150783e-07
1.208999999999999986e+01,-7.824425652800647182e-07
1.209200000000000053e+01,-7.824426570767528983e-07
1.209399999999999942e+01,-7.824427496871496319e-07
1.209600000000000009e+01,-7.824428391361497322e-07
1.209800000000000075e+01,-7.824429283885308274e-07
1.209999999999999964e+01,-7.824430176996700687e-07
1.210200000000000031e+01,-7.824431068294138162e-07
1.210400000000000098e+01,-7.824431962387820919e-07
1.210599999999999987e+01,-7.824432883877424868e-07
1.210800000000000054e+01,-7.824433804280478245e-07
1.210999999999999943e+01,-7.824434675171323951e-07
1.211200000000000010e+01,-7.824435536477935743e-07
1.211400000000000077e+01,-7.824436454844913556e-07
1.211599999999999966e+01,-7.824437404128262543e-07
1.211800000000000033e+01,-7.824438331893208549e-07
1.212000000000000099e+01,-7.824439193712920078e-07
1.212199999999999989e+01,-7.824440061436989115e-07
1.212400000000000055e+01,-7.824440979200457012e-07
1.212599999999999945e+01,-7.824441871303919393e-07
1.212800000000000011e+01,-7.824442796334702338e-07
1.213000000000000078e+01,-7.824443716158787520e-07
1.213199999999999967e+01,-7.824444611513551987e-07
1.213400000000000034e+01,-7.824445505181085058e-07
1.213600000000000101e+01,-7.824446397594854782e-07
1.213799999999999990e+01,-7.824447291581455635e-07
1.214000000000000057e+01,-7.824448155327550902e-07
1.214199999999999946e+01,-7.824449073279335399e-07
1.214400000000000013e+01,-7.824449998904378660e-07
1.214600000000000080e+01,-7.824450891371013829e-07
1.214799999999999969e+01,-7.824451811811948637e-07
1.215000000000000036e+01,-7.824452735185954195e-07
1.215200000000000102e+01,-7.824453629859468063e-07
1.215399999999999991e+01,-7.824454524192981847e-07
1.215600000000000058e+01,-7.824455390010446424e-07
1.215799999999999947e+01,-7.824456332674998433e-07
1.216000000000000014e+01,-7.824457204634321145e-07
1.216200000000000081e+01,-7.824458095262027668e-07
1.216399999999999970e+01,-7.824458986513365375e-07
1.216600000000000037e+01,-7.824459880692060595e-07
1.216800000000000104e+01,-7.824460828107939102e-07
1.216999999999999993e+01,-7.824461726621306370e-07
1.217200000000000060e+01,-7.824462647454557194e-07
1.217399999999999949e+01,-7.824463539777117352e-07
1.217600000000000016e+01,-7.824464407161593940e-07
1.217800000000000082e+01,-7.824465297192209998e-07
1.217999999999999972e+01,-7.824466192659569496e-07
1.218200000000000038e+01,-7.824467111089966784e-07
1.218400000000000105e+01,-7.824468034647458737e-07
1.218599999999999994e+01,-7.824468900606299465e-07
1.218800000000000061e+01,-7.824469819474469849e-07
1.218999999999999950e+01,-7.824470715900824169e-07
1.219200000000000017e+01,-7.824471634799856199e-07
1.219400000000000084e+01,-7.824472530087296371e-07
1.219599999999999973e+01,-7.824473421183203532e-07
1.219800000000000040e+01,-7.824474316958619384e-07
1.220000000000000107e+01,-7.824475208354287270e-07
1.220199999999999996e+01,-7.824476130034302108e-07
1.220400000000000063e+01,-7.824477024286645783e-07
1.220599999999999952e+01,-7.824477944196611636e-07
1.220800000000000018e+01,-7.824478837956760347e-07
1.221000000000000085e+01,-7.824479732741958685e-07
1.221199999999999974e+01,-7.824480625335249632e-07
1.221400000000000041e+01,-7.824481520608200246e-07
1.221600000000000108e+01,-7.824482409859611638e-07
1.221799999999999997e+01,-7.824483304745426902e-07
1.222000000000000064e+01,-7.824484224242656893e-07
1.222199999999999953e+01,-7.824485120585188832e-07
1.222400000000000020e+01,-7.824486040475429405e-07
1.222600000000000087e+01,-7.824486933200401152e-07
1.222799999999999976e+01,-7.824487829137986756e-07
1.223000000000000043e+01,-7.824488775058992930e-07
1.223200000000000109e+01,-7.824489646470097919e-07
1.223399999999999999e+01,-7.824490536674526197e-07
1.223600000000000065e+01,-7.824491429369534154e-07
1.223799999999999955e+01,-7.824492351395420072e-07
1.224000000000000021e+01,-7.824493217106560838e-07
1.224200000000000088e+01,-7.824494133787096053e-07
1.224399999999999977e+01,-7.824495059222794628e-07
1.224600000000000044e+01,-7.824495980567805818e-07
1.224800000000000111e+01,-7.824496849355712237e-07
1.225000000000000000e+01,-7.824497766443305017e-07
1.225200000000000067e+01,-7.824498608415931332e-07
1.225399999999999956e+01,-7.824499550707561205e-07
1.225600000000000023e+01,-7.824500476411160419e-07
1.225800000000000090e+01,-7.824501342027994654e-07
1.225999999999999979e+01,-7.824502205328573884e-07
1.226200000000000045e+01,-7.824503150456047830e-07
1.226400000000000112e+01,-7.824504020286928152e-07
1.226600000000000001e+01,-7.824504938555990016e-07
1.226800000000000068e+01,-7.824505890075518688e-07
1.226999999999999957e+01,-7.824506758125808701e-07
1.227200000000000024e+01,-7.824507648559077752e-07
1.227400000000000091e+01,-7.824508544045981477e-07
1.227599999999999980e+01,-7.824509435367428101e-07
1.227800000000000047e+01,-7.824510329359355732e-07
1.228000000000000114e+01,-7.824511277421101097e-07
1.228200000000000003e+01,-7.824512173827040863e-07
1.228400000000000070e+01,-7.824513092938118063e-07
1.228599999999999959e+01,-7.824513962917994657e-07
1.228800000000000026e+01,-7.824514852680989596e-07
1.229000000000000092e+01,-7.824515744730495979e-07
1.229199999999999982e+01,-7.824516664891420753e-07
1.229400000000000048e+01,-7.824517561644518032e-07
1.229599999999999937e+01,-7.824518452965534787e-07
1.229800000000000004e+01,-7.824519345877643641e-07
1.230000000000000071e+01,-7.824520266242947936e-07
1.230199999999999960e+01,-7.824521134000615594e-07
1.230400000000000027e+01,-7.824522079987824804e-07
1.230600000000000094e+01,-7.824522977388437479e-07
1.230799999999999983e+01,-7.824523870187316027e-07
1.231000000000000050e+01,-7.824524760704436046e-07
1.231199999999999939e+01,-7.824525655247770479e-07
1.231400000000000006e+01,-7.824526549870391431e-07
1.231600000000000072e+01,-7.824527497354809726e-07
1.231799999999999962e+01,-7.824528422184031652e-07
1.232000000000000028e+01,-7.824529287426053808e-07
1.232200000000000095e+01,-7.824530180775519654e-07
1.232399999999999984e+01,-7.824531072394543775e-07
1.232600000000000051e+01,-7.824531991117331542e-07
1.232799999999999940e+01,-7.824532859779610271e-07
1.233000000000000007e+01,-7.824533779730177589e-07
1.233200000000000074e+01,-7.824534673601968419e-07
1.233399999999999963e+01,-7.824535566512741079e-07
1.233600000000000030e+01,-7.824536487892013692e-07
1.233800000000000097e+01,-7.824537355200407663e-07
1.233999999999999986e+01,-7.824538272440443080e-07
1.234200000000000053e+01,-7.824539196723547924e-07
1.234399999999999942e+01,-7.824540089433067673e-07
1.234600000000000009e+01,-7.824540982090753241e-07
1.234800000000000075e+01,-7.824541875524122994e-07
1.234999999999999964e+01,-7.824542714964189617e-07
1.235200000000000031e+01,-7.824543683775908614e-07
1.235400000000000098e+01,-7.824544612898862310e-07
1.235599999999999987e+01,-7.824545479793125991e-07
1.235800000000000054e+01,-7.824546423808988837e-07
1.235999999999999943e+01,-7.824547321270413183e-07
1.236200000000000010e+01,-7.824548159660593056e-07
1.236400000000000077e+01,-7.824549102898088739e-07
1.236599999999999966e+01,-7.824549999341175136e-07
1.236800000000000033e+01,-7.824550894084296054e-07
1.237000000000000099e+01,-7.824551786293994366e-07
1.237199999999999989e+01,-7.824552679324915472e-07
1.237400000000000055e+01,-7.824553600179974217e-07
1.237599999999999945e+01,-7.824554493222336622e-07
1.237800000000000011e+01,-7.824555387808668564e-07
1.238000000000000078e+01,-7.824556306879617578e-07
1.238199999999999967e+01,-7.824557203966260550e-07
1.238400000000000034e+01,-7.824558094664837261e-07
1.238600000000000101e+01,-7.824558960737466278e-07
1.238799999999999990e+01,-7.824559878924261125e-07
1.239000000000000057e+01,-7.824560802946851457e-07
1.239199999999999946e+01,-7.824561724012957990e-07
1.239400000000000013e+01,-7.824562646034976145e-07
1.239600000000000080e+01,-7.824563514208137815e-07
1.239799999999999969e+01,-7.824564404701451973e-07
1.240000000000000036e+01,-7.824565325414846576e-07
1.240200000000000102e+01,-7.824566193310081913e-07
1.240399999999999991e+01,-7.824567109870608442e-07
1.240600000000000058e+01,-7.824568006601676512e-07
1.240799999999999947e+01,-7.824568927876052565e-07
1.241000000000000014e+01,-7.824569766343278555e-07
1.241200000000000081e+01,-7.824570735720495805e-07
1.241399999999999970e+01,-7.824571606810322256e-07
1.241600000000000037e+01,-7.824572472468712986e-07
1.241800000000000104e+01,-7.824573416572846194e-07
1.241999999999999993e+01,-7.824574286973527698e-07
1.242200000000000060e+01,-7.824575206648038508e-07
1.242399999999999949e+01,-7.824576129308829619e-07
1.242600000000000016e+01,-7.824576996737799789e-07
1.242800000000000082e+01,-7.824577912055270527e-07
1.242999999999999972e+01,-7.824578837417205238e-07
1.243200000000000038e+01,-7.824579731360263303e-07
1.243400000000000105e+01,-7.824580623173647604e-07
1.243599999999999994e+01,-7.824581544017535044e-07
1.243800000000000061e+01,-7.824582411703265252e-07
1.243999999999999950e+01,-7.824583302099010744e-07
1.244200000000000017e+01,-7.824584249578128731e-07
1.244400000000000084e+01,-7.824585121516682195e-07
1.244599999999999973e+01,-7.824586010496690466e-07
1.244800000000000040e+01,-7.824586931351037703e-07
1.245000000000000107e+01,-7.824587853157949723e-07
1.245199999999999996e+01,-7.824588694704810691e-07
1.245400000000000063e+01,-7.824589636896036455e-07
1.245599999999999952e+01,-7.824590561642393147e-07
1.245800000000000018e+01,-7.824591429911067312e-07
1.246000000000000085e+01,-7.824592318466419850e-07
1.246199999999999974e+01,-7.824593214097612461e-07
1.246400000000000041e+01,-7.824594106414064453e-07
1.246600000000000108e+01,-7.824595053649912460e-07
1.246799999999999997e+01,-7.824595922804443327e-07
1.247000000000000064e+01,-7.824596839739528883e-07
1.247199999999999953e+01,-7.824597736468920887e-07
1.247400000000000020e+01,-7.824598627487187949e-07
1.247600000000000087e+01,-7.824599522393981043e-07
1.247799999999999976e+01,-7.824600415363800369e-07
1.248000000000000043e+01,-7.824601334841119792e-07
1.248200000000000109e+01,-7.824602231735209940e-07
1.248399999999999999e+01,-7.824603148426046135e-07
1.248600000000000065e+01,-7.824604046447607016e-07
1.248799999999999955e+01,-7.824604937347402757e-07
1.249000000000000021e+01,-7.824605830125341592e-07
1.249200000000000088e+01,-7.824606751316580302e-07
1.249399999999999977e+01,-7.824607647465026288e-07
1.249600000000000044e+01,-7.824608539214143024e-07
1.249800000000000111e+01,-7.824609432362460779e-07
1.250000000000000000e+01,-7.824610324672614022e-07
1.250200000000000067e+01,-7.824611216374225974e-07
1.250399999999999956e+01,-7.824612165009559815e-07
1.250600000000000023e+01,-7.824613062235829816e-07
1.250800000000000090e+01,-7.824613927444965918e-07
1.250999999999999979e+01,-7.824614817262641069e-07
1.251200000000000045e+01,-7.824615738664252059e-07
1.251400000000000112e+01,-7.824616661210882187e-07
1.251600000000000001e+01,-7.824617583433951023e-07
1.251800000000000068e+01,-7.824618451147909663e-07
1.251999999999999957e+01,-7.824619368738221791e-07
1.252200000000000024e+01,-7.824620264537899843e-07
1.252400000000000091e+01,-7.824621184994840398e-07
1.252599999999999980e+01,-7.824622052178325596e-07
1.252800000000000047e+01,-7.824622942953207271e-07
1.253000000000000114e+01,-7.824623834288240303e-07
1.253200000000000003e+01,-7.824624755438851078e-07
1.253400000000000070e+01,-7.824625621957467294e-07
1.253599999999999959e+01,-7.824626541775015499e-07
1.253800000000000026e+01,-7.824627435564538255e-07
1.254000000000000092e+01,-7.824628383924901908e-07
1.254199999999999982e+01,-7.824629279450639976e-07
1.254400000000000048e+01,-7.824630175017911246e-07
1.254599999999999937e+01,-7.824631064736838238e-07
1.254800000000000004e+01,-7.824631960764027222e-07
1.255000000000000071e+01,-7.824632879995981317e-07
1.255199999999999960e+01,-7.824633747059643117e-07
1.255400000000000027e+01,-7.824634664756929154e-07
1.255600000000000094e+01,-7.824635561241582634e-07
1.255799999999999983e+01,-7.824636452611035909e-07
1.256000000000000050e+01,-7.824637372255084238e-07
1.256199999999999939e+01,-7.824638268899578129e-07
1.256400000000000006e+01,-7.824639216887041880e-07
1.256600000000000072e+01,-7.824640086054972808e-07
1.256799999999999962e+01,-7.824641003201926716e-07
1.257000000000000028e+01,-7.824641898607440104e-07
1.257200000000000095e+01,-7.824642763188251401e-07
1.257399999999999984e+01,-7.824643654334767722e-07
1.257600000000000051e+01,-7.824644547077031647e-07
1.257799999999999940e+01,-7.824645441280314115e-07
1.258000000000000007e+01,-7.824646387717736160e-07
1.258200000000000074e+01,-7.824647286005804312e-07
1.258399999999999963e+01,-7.824648178062170602e-07
1.258600000000000030e+01,-7.824649070672645729e-07
1.258800000000000097e+01,-7.824649991128472436e-07
1.258999999999999986e+01,-7.824650858071879910e-07
1.259200000000000053e+01,-7.824651777266267035e-07
1.259399999999999942e+01,-7.824652698596914663e-07
1.259600000000000009e+01,-7.824653565676746322e-07
1.259800000000000075e+01,-7.824654457597487814e-07
1.259999999999999964e+01,-7.824655404885000596e-07
1.260200000000000031e+01,-7.824656301799783759e-07
1.260400000000000098e+01,-7.824657167165323436e-07
1.260599999999999987e+01,-7.824658056733589736e-07
1.260800000000000054e+01,-7.824659003974400297e-07
1.260999999999999943e+01,-7.824659875553918729e-07
1.261200000000000010e+01,-7.824660739180333535e-07
1.261400000000000077e+01,-7.824661683292272152e-07
1.261599999999999966e+01,-7.824662607277968905e-07
1.261800000000000033e+01,-7.824663532412429741e-07
1.262000000000000099e+01,-7.824664370970971177e-07
1.262199999999999989e+01,-7.824665284384958771e-07
1.262400000000000055e+01,-7.824666182304864052e-07
1.262599999999999945e+01,-7.824667075755818209e-07
1.262800000000000011e+01,-7.824667966026725868e-07
1.263000000000000078e+01,-7.824668887053910178e-07
1.263199999999999967e+01,-7.824669781953937597e-07
1.263400000000000034e+01,-7.824670676576522550e-07
1.263600000000000101e+01,-7.824671594179349590e-07
1.263799999999999990e+01,-7.824672463929443086e-07
1.264000000000000057e+01,-7.824673380014844482e-07
1.264199999999999946e+01,-7.824674303685865320e-07
1.264400000000000013e+01,-7.824675198124671652e-07
1.264600000000000080e+01,-7.824676091666210689e-07
1.264799999999999969e+01,-7.824676984017265035e-07
1.265000000000000036e+01,-7.824677903329316683e-07
1.265200000000000102e+01,-7.824678799507976334e-07
1.265399999999999991e+01,-7.824679690975226975e-07
1.265600000000000058e+01,-7.824680641618607001e-07
1.265799999999999947e+01,-7.824681481025094062e-07
1.266000000000000014e+01,-7.824682424886886909e-07
1.266200000000000081e+01,-7.824683321971963929e-07
1.266399999999999970e+01,-7.824684187190952082e-07
1.266600000000000037e+01,-7.824685106087153964e-07
1.266800000000000104e+01,-7.824685971645528102e-07
1.266999999999999993e+01,-7.824686890889173369e-07
1.267200000000000060e+01,-7.824687813813275260e-07
1.267399999999999949e+01,-7.824688707850864319e-07
1.267600000000000016e+01,-7.824689598959487563e-07
1.267800000000000082e+01,-7.824690496151255793e-07
1.267999999999999972e+01,-7.824691412138494542e-07
1.268200000000000038e+01,-7.824692310555085120e-07
1.268400000000000105e+01,-7.824693201269126535e-07
1.268599999999999994e+01,-7.824694093617243795e-07
1.268800000000000061e+01,-7.824695016614008406e-07
1.268999999999999950e+01,-7.824695911056910143e-07
1.269200000000000017e+01,-7.824696828976530681e-07
1.269400000000000084e+01,-7.824697696674668864e-07
1.269599999999999973e+01,-7.824698615785963115e-07
1.269800000000000040e+01,-7.824699508901324936e-07
1.270000000000000107e+01,-7.824700431471370231e-07
1.270199999999999996e+01,-7.824701325120104464e-07
1.270400000000000063e+01,-7.824702189128540658e-07
1.270599999999999952e+01,-7.824703137676888451e-07
1.270800000000000018e+01,-7.824704030685608824e-07
1.271000000000000085e+01,-7.824704954681984546e-07
1.271199999999999974e+01,-7.824705848168472794e-07
1.271400000000000041e+01,-7.824706742340680800e-07
1.271600000000000108e+01,-7.824707633740679142e-07
1.271799999999999997e+01,-7.824708525654775660e-07
1.272000000000000064e+01,-7.824709418360691284e-07
1.272199999999999953e+01,-7.824710313726440710e-07
1.272400000000000020e+01,-7.824711232630209772e-07
1.272600000000000087e+01,-7.824712098751880938e-07
1.272799999999999976e+01,-7.824713018036505659e-07
1.273000000000000043e+01,-7.824713939584908517e-07
1.273200000000000109e+01,-7.824714834699116687e-07
1.273399999999999999e+01,-7.824715727644411232e-07
1.273600000000000065e+01,-7.824716620853952529e-07
1.273799999999999955e+01,-7.824717513164981393e-07
1.274000000000000021e+01,-7.824718406281580941e-07
1.274200000000000088e+01,-7.824719326293964724e-07
1.274399999999999977e+01,-7.824720222089189500e-07
1.274600000000000044e+01,-7.824721140769418097e-07
1.274800000000000111e+01,-7.824722035483592722e-07
1.275000000000000000e+01,-7.824722903555680069e-07
1.275200000000000067e+01,-7.824723816140310176e-07
1.275399999999999956e+01,-7.824724742508772020e-07
1.275600000000000023e+01,-7.824725582013553020e-07
1.275800000000000090e+01,-7.824726525742728035e-07
1.275999999999999979e+01,-7.824727394869403165e-07
1.276200000000000045e+01,-7.824728339319295222e-07
1.276400000000000112e+01,-7.824729236958617663e-07
1.276600000000000001e+01,-7.824730157476346595e-07
1.276800000000000068e+01,-7.824731052517171007e-07
1.276999999999999957e+01,-7.824731917109692534e-07
1.277200000000000024e+01,-7.824732835454471731e-07
1.277400000000000091e+01,-7.824733704515736859e-07
1.277599999999999980e+01,-7.824734621233671756e-07
1.277800000000000047e+01,-7.824735569565941444e-07
1.278000000000000114e+01,-7.824736467015252160e-07
1.278200000000000003e+01,-7.824737362018234316e-07
1.278400000000000070e+01,-7.824738253718071733e-07
1.278599999999999959e+01,-7.824739146306590708e-07
1.278800000000000026e+01,-7.824740037262173097e-07
1.279000000000000092e+01,-7.824740958988940977e-07
1.279199999999999982e+01,-7.824741825892856598e-07
1.279400000000000048e+01,-7.824742743635331843e-07
1.279600000000000115e+01,-7.824743613135735908e-07
1.279800000000000004e+01,-7.824744529827297375e-07
1.280000000000000071e+01,-7.824745452057477052e-07
1.280199999999999960e+01,-7.824746347714456523e-07
1.280400000000000027e+01,-7.824747268694334043e-07
1.280600000000000094e+01,-7.824748158399189700e-07
1.280799999999999983e+01,-7.824749054843089248e-07
1.281000000000000050e+01,-7.824749920343813266e-07
1.281199999999999939e+01,-7.824750865855429359e-07
1.281400000000000006e+01,-7.824751707333041148e-07
1.281600000000000072e+01,-7.824752706814410737e-07
1.281799999999999962e+01,-7.824753606379453054e-07
1.282000000000000028e+01,-7.824754471874713710e-07
1.282200000000000095e+01,-7.824755362719802768e-07
1.282399999999999984e+01,-7.824756256132900905e-07
1.282600000000000051e+01,-7.824757146726907164e-07
1.282799999999999940e+01,-7.824758069682942197e-07
1.283000000000000007e+01,-7.824758962985326775e-07
1.283200000000000074e+01,-7.824759854953488348e-07
1.283399999999999963e+01,-7.824760749966077975e-07
1.283600000000000030e+01,-7.824761641702522039e-07
1.283800000000000097e+01,-7.824762561954327095e-07
1.283999999999999986e+01,-7.824763484872104826e-07
1.284200000000000053e+01,-7.824764377542516005e-07
1.284399999999999942e+01,-7.824765271900543981e-07
1.284600000000000009e+01,-7.824766163657171781e-07
1.284800000000000075e+01,-7.824767059064992275e-07
1.284999999999999964e+01,-7.824767948747774253e-07
1.285200000000000031e+01,-7.824768840384894175e-07
1.285400000000000098e+01,-7.824769789208202627e-07
1.285599999999999987e+01,-7.824770689036339730e-07
1.285800000000000054e+01,-7.824771607229829314e-07
1.285999999999999943e+01,-7.824772501534543978e-07
1.286200000000000010e+01,-7.824773367664963935e-07
1.286400000000000077e+01,-7.824774285840212664e-07
1.286599999999999966e+01,-7.824775208536977265e-07
1.286800000000000033e+01,-7.824776074947597838e-07
1.287000000000000099e+01,-7.824776966002603896e-07
1.287199999999999989e+01,-7.824777857364020946e-07
1.287400000000000055e+01,-7.824778752655744987e-07
1.287599999999999945e+01,-7.824779644007936789e-07
1.287800000000000011e+01,-7.824780589071904439e-07
1.288000000000000078e+01,-7.824781489371890775e-07
1.288199999999999967e+01,-7.824782379672116361e-07
1.288400000000000034e+01,-7.824783247970290566e-07
1.288600000000000101e+01,-7.824784163320029024e-07
1.288799999999999990e+01,-7.824785059497195780e-07
1.289000000000000057e+01,-7.824785952733378381e-07
1.289199999999999946e+01,-7.824786871152160729e-07
1.289400000000000013e+01,-7.824787767500454610e-07
1.289600000000000080e+01,-7.824788687951570754e-07
1.289799999999999969e+01,-7.824789580772324987e-07
1.290000000000000036e+01,-7.824790503323582033e-07
1.290200000000000102e+01,-7.824791397959713160e-07
1.290399999999999991e+01,-7.824792287967074987e-07
1.290600000000000058e+01,-7.824793181848978332e-07
1.290799999999999947e+01,-7.824794074632921572e-07
1.291000000000000014e+01,-7.824794965400452059e-07
1.291200000000000081e+01,-7.824795833805437118e-07
1.291399999999999970e+01,-7.824796776866830416e-07
1.291600000000000037e+01,-7.824797731316435577e-07
1.291800000000000104e+01,-7.824798626530710101e-07
1.291999999999999993e+01,-7.824799464713109616e-07
1.292200000000000060e+01,-7.824800378761308895e-07
1.292399999999999949e+01,-7.824801274742028593e-07
1.292600000000000016e+01,-7.824802166897870432e-07
1.292800000000000082e+01,-7.824803089212533176e-07
1.292999999999999972e+01,-7.824803983655650906e-07
1.293200000000000038e+01,-7.824804903677172056e-07
1.293400000000000105e+01,-7.824805798721762588e-07
1.293599999999999994e+01,-7.824806690795838220e-07
1.293800000000000061e+01,-7.824807584013491975e-07
1.293999999999999950e+01,-7.824808530251778691e-07
1.294200000000000017e+01,-7.824809400970530596e-07
1.294400000000000084e+01,-7.824810319590786084e-07
1.294599999999999973e+01,-7.824811186199027914e-07
1.294800000000000040e+01,-7.824812077902560513e-07
1.295000000000000107e+01,-7.824812941446318667e-07
1.295199999999999996e+01,-7.824813860314737868e-07
1.295400000000000063e+01,-7.824814808340547860e-07
1.295599999999999952e+01,-7.824815734768492592e-07
1.295800000000000018e+01,-7.824816572930781428e-07
1.296000000000000085e+01,-7.824817489491991935e-07
1.296199999999999974e+01,-7.824818383483644280e-07
1.296400000000000041e+01,-7.824819277858155518e-07
1.296600000000000108e+01,-7.824820197028773839e-07
1.296799999999999997e+01,-7.824821120706566705e-07
1.297000000000000064e+01,-7.824821958117906834e-07
1.297199999999999953e+01,-7.824822873726411740e-07
1.297400000000000020e+01,-7.824823797868782060e-07
1.297600000000000087e+01,-7.824824666621324855e-07
1.297799999999999976e+01,-7.824825609472177526e-07
1.298000000000000043e+01,-7.824826505838549208e-07
1.298200000000000109e+01,-7.824827428318643839e-07
1.298399999999999999e+01,-7.824828349321575478e-07
1.298600000000000065e+01,-7.824829215834196818e-07
1.298799999999999955e+01,-7.824830108441170523e-07
1.299000000000000021e+01,-7.824831057168344971e-07
1.299200000000000088e+01,-7.824831923956943410e-07
1.299399999999999977e+01,-7.824832814906459984e-07
1.299600000000000044e+01,-7.824833706511430770e-07
1.299800000000000111e+01,-7.824834601006162453e-07
1.300000000000000000e+01,-7.824835492250933537e-07
1.300200000000000067e+01,-7.824836385447502524e-07
1.300399999999999956e+01,-7.824837305532153040e-07
1.300600000000000023e+01,-7.824838227479691587e-07
1.300800000000000090e+01,-7.824839093635968284e-07
1.300999999999999979e+01,-7.824840014099921213e-07
1.301200000000000045e+01,-7.824840906596603816e-07
1.301400000000000112e+01,-7.824841801589934032e-07
1.301600000000000001e+01,-7.824842690768501648e-07
1.301800000000000068e+01,-7.824843613194858392e-07
1.301999999999999957e+01,-7.824844509284178302e-07
1.302200000000000024e+01,-7.824845428128880580e-07
1.302400000000000091e+01,-7.824846322537691357e-07
1.302599999999999980e+01,-7.824847215331153130e-07
1.302800000000000047e+01,-7.824848164726613280e-07
1.303000000000000114e+01,-7.824849030571380905e-07
1.303200000000000003e+01,-7.824849922644606327e-07
1.303400000000000070e+01,-7.824850815171938818e-07
1.303599999999999959e+01,-7.824851708161297077e-07
1.303800000000000026e+01,-7.824852600533965586e-07
1.304000000000000092e+01,-7.824853520572807502e-07
1.304199999999999982e+01,-7.824854444542654152e-07
1.304400000000000048e+01,-7.824855336799260089e-07
1.304600000000000115e+01,-7.824856176640817153e-07
1.304800000000000004e+01,-7.824857118464680493e-07
1.305000000000000071e+01,-7.824858016350977624e-07
1.305199999999999960e+01,-7.824858935653999900e-07
1.305400000000000027e+01,-7.824859803604371789e-07
1.305600000000000094e+01,-7.824860719791912653e-07
1.305799999999999983e+01,-7.824861587751606139e-07
1.306000000000000050e+01,-7.824862533711589593e-07
1.306199999999999939e+01,-7.824863403302207961e-07
1.306400000000000006e+01,-7.824864320707518565e-07
1.306600000000000072e+01,-7.824865246601880186e-07
1.306799999999999962e+01,-7.824866137117133557e-07
1.307000000000000028e+01,-7.824867058053130535e-07
1.307200000000000095e+01,-7.824867925599429591e-07
1.307399999999999984e+01,-7.824868843159398882e-07
1.307600000000000051e+01,-7.824869711945666293e-07
1.307799999999999940e+01,-7.824870656871223466e-07
1.308000000000000007e+01,-7.824871550687979389e-07
1.308200000000000074e+01,-7.824872474839406609e-07
1.308399999999999963e+01,-7.824873341350993510e-07
1.308600000000000030e+01,-7.824874203328766681e-07
1.308800000000000097e+01,-7.824875122624779760e-07
1.308999999999999986e+01,-7.824876043238061421e-07
1.309200000000000053e+01,-7.824876937948411693e-07
1.309399999999999942e+01,-7.824877831142920272e-07
1.309600000000000009e+01,-7.824878696513289096e-07
1.309800000000000075e+01,-7.824879643333486389e-07
1.309999999999999964e+01,-7.824880538463772302e-07
1.310200000000000031e+01,-7.824881431535883562e-07
1.310400000000000098e+01,-7.824882351649540722e-07
1.310599999999999987e+01,-7.824883246533490396e-07
1.310800000000000054e+01,-7.824884138185745738e-07
1.310999999999999943e+01,-7.824885060003268963e-07
1.311200000000000010e+01,-7.824885952332384097e-07
1.311400000000000077e+01,-7.824886819941891928e-07
1.311599999999999966e+01,-7.824887789610964968e-07
1.311800000000000033e+01,-7.824888691531394154e-07
1.312000000000000099e+01,-7.824889583310058575e-07
1.312199999999999989e+01,-7.824890448207208090e-07
1.312400000000000055e+01,-7.824891338822869804e-07
1.312599999999999945e+01,-7.824892230713108582e-07
1.312800000000000011e+01,-7.824893151301626176e-07
1.313000000000000078e+01,-7.824894047752466100e-07
1.313199999999999967e+01,-7.824894940324992034e-07
1.313400000000000034e+01,-7.824895801615170328e-07
1.313600000000000101e+01,-7.824896723421138965e-07
1.313799999999999990e+01,-7.824897644041989924e-07
1.314000000000000057e+01,-7.824898566514931361e-07
1.314199999999999946e+01,-7.824899434153679829e-07
1.314400000000000013e+01,-7.824900351126783400e-07
1.314600000000000080e+01,-7.824901244485212972e-07
1.314799999999999969e+01,-7.824902139869042317e-07
1.315000000000000036e+01,-7.824903031529989275e-07
1.315200000000000102e+01,-7.824903950309871298e-07
1.315399999999999991e+01,-7.824904875545085644e-07
1.315600000000000058e+01,-7.824905739784538428e-07
1.315799999999999947e+01,-7.824906659879826619e-07
1.316000000000000014e+01,-7.824907527123878909e-07
1.316200000000000081e+01,-7.824908443435102465e-07
1.316399999999999970e+01,-7.824909339221563627e-07
1.316600000000000037e+01,-7.824910259398754611e-07
1.316800000000000104e+01,-7.824911152937550320e-07
1.316999999999999993e+01,-7.824912100236617689e-07
1.317200000000000060e+01,-7.824912972356485967e-07
1.317399999999999949e+01,-7.824913859548416157e-07
1.317600000000000016e+01,-7.824914751861716127e-07
1.317800000000000082e+01,-7.824915674511025707e-07
1.317999999999999972e+01,-7.824916570600355146e-07
1.318200000000000038e+01,-7.824917460308164830e-07
1.318400000000000105e+01,-7.824918352774761882e-07
1.318599999999999994e+01,-7.824919245665607032e-07
1.318800000000000061e+01,-7.824920113089361597e-07
1.318999999999999950e+01,-7.824921083484615041e-07
1.319200000000000017e+01,-7.824921983471960457e-07
1.319400000000000084e+01,-7.824922876183026041e-07
1.319599999999999973e+01,-7.824923769153590756e-07
1.319800000000000040e+01,-7.824924661639441926e-07
1.320000000000000107e+01,-7.824925552646151224e-07
1.320199999999999996e+01,-7.824926475133163996e-07
1.320400000000000063e+01,-7.824927368302818512e-07
1.320599999999999952e+01,-7.824928232813953937e-07
1.320800000000000018e+01,-7.824929151197185254e-07
1.321000000000000085e+01,-7.824930074200395787e-07
1.321199999999999974e+01,-7.824930968274782075e-07
1.321400000000000041e+01,-7.824931916117025204e-07
1.321600000000000108e+01,-7.824932784834464835e-07
1.321799999999999997e+01,-7.824933676056351207e-07
1.322000000000000064e+01,-7.824934569052539727e-07
1.322199999999999953e+01,-7.824935433093242583e-07
1.322400000000000020e+01,-7.824936351794489243e-07
1.322600000000000087e+01,-7.824937245381602888e-07
1.322799999999999976e+01,-7.824938193391904765e-07
1.323000000000000043e+01,-7.824939063601914917e-07
1.323200000000000109e+01,-7.824939981209664277e-07
1.323399999999999999e+01,-7.824940875877161035e-07
1.323600000000000065e+01,-7.824941766607554421e-07
1.323799999999999955e+01,-7.824942689597237837e-07
1.324000000000000021e+01,-7.824943608329764366e-07
1.324200000000000088e+01,-7.824944476421081478e-07
1.324399999999999977e+01,-7.824945366852204359e-07
1.324600000000000044e+01,-7.824946288597374030e-07
1.324800000000000111e+01,-7.824947183989101957e-07
1.325000000000000000e+01,-7.824948074381133209e-07
1.325200000000000067e+01,-7.824948994592990074e-07
1.325399999999999956e+01,-7.824949835894359719e-07
1.325600000000000023e+01,-7.824950805424148778e-07
1.325800000000000090e+01,-7.824951677447831171e-07
1.325999999999999979e+01,-7.824952596166796702e-07
1.326200000000000045e+01,-7.824953460924576475e-07
1.326400000000000112e+01,-7.824954380299196329e-07
1.326600000000000001e+01,-7.824955274378311179e-07
1.326800000000000068e+01,-7.824956195846053207e-07
1.326999999999999957e+01,-7.824957063946810501e-07
1.327200000000000024e+01,-7.824957978259378292e-07
1.327400000000000091e+01,-7.824958875059339786e-07
1.327599999999999980e+01,-7.824959765682347394e-07
1.327800000000000047e+01,-7.824960687775307734e-07
1.328000000000000114e+01,-7.824961583079360339e-07
1.328200000000000003e+01,-7.824962473791874977e-07
1.328400000000000070e+01,-7.824963423547094372e-07
1.328599999999999959e+01,-7.824964291393184858e-07
1.328800000000000026e+01,-7.824965181562851962e-07
1.329000000000000092e+01,-7.824966074655076020e-07
1.329199999999999982e+01,-7.824966995512889740e-07
1.329400000000000048e+01,-7.824967888624727904e-07
1.329600000000000115e+01,-7.824968779665852150e-07
1.329800000000000004e+01,-7.824969675107406790e-07
1.330000000000000071e+01,-7.824970538531040849e-07
1.330199999999999960e+01,-7.824971511971443384e-07
1.330400000000000027e+01,-7.824972412803086890e-07
1.330600000000000094e+01,-7.824973302440396963e-07
1.330799999999999983e+01,-7.824974194961014600e-07
1.331000000000000050e+01,-7.824975061063411531e-07
1.331200000000000117e+01,-7.824975979769730860e-07
1.331400000000000006e+01,-7.824976900405319134e-07
1.331600000000000072e+01,-7.824977824034250904e-07
1.331799999999999962e+01,-7.824978689887630736e-07
1.332000000000000028e+01,-7.824979580704143021e-07
1.332200000000000095e+01,-7.824980500728228564e-07
1.332399999999999984e+01,-7.824981396145559120e-07
1.332600000000000051e+01,-7.824982287908060035e-07
1.332799999999999940e+01,-7.824983208674861123e-07
1.333000000000000007e+01,-7.824984103085921832e-07
1.333200000000000074e+01,-7.824984996776728192e-07
1.333399999999999963e+01,-7.824985886697684188e-07
1.333600000000000030e+01,-7.824986807050410044e-07
1.333800000000000097e+01,-7.824987673900340021e-07
1.333999999999999986e+01,-7.824988621425721888e-07
1.334200000000000053e+01,-7.824989517799202294e-07
1.334399999999999942e+01,-7.824990410027937671e-07
1.334600000000000009e+01,-7.824991274283993360e-07
1.334800000000000075e+01,-7.824992219071037352e-07
1.334999999999999964e+01,-7.824993089701066791e-07
1.335200000000000031e+01,-7.824994008829719924e-07
1.335400000000000098e+01,-7.824994902845452357e-07
1.335599999999999987e+01,-7.824995822648195485e-07
1.335800000000000054e+01,-7.824996662064672241e-07
1.335999999999999943e+01,-7.824997603697311539e-07
1.336200000000000010e+01,-7.824998502831081737e-07
1.336400000000000077e+01,-7.824999420545558308e-07
1.336599999999999966e+01,-7.825000315229301157e-07
1.336800000000000033e+01,-7.825001209592978843e-07
1.337000000000000099e+01,-7.825002102219233135e-07
1.337199999999999989e+01,-7.825002993662503214e-07
1.337400000000000055e+01,-7.825003885997574049e-07
1.337599999999999945e+01,-7.825004777935211731e-07
1.337800000000000011e+01,-7.825005725201638686e-07
1.338000000000000078e+01,-7.825006624363917896e-07
1.338199999999999967e+01,-7.825007516845612252e-07
1.338400000000000034e+01,-7.825008409127466124e-07
1.338600000000000101e+01,-7.825009327974118695e-07
1.338799999999999990e+01,-7.825010194763444524e-07
1.339000000000000057e+01,-7.825011113195304002e-07
1.339199999999999946e+01,-7.825012008095447887e-07
1.339400000000000013e+01,-7.825012901183793593e-07
1.339600000000000080e+01,-7.825013819933127372e-07
1.339799999999999969e+01,-7.825014714018222275e-07
1.340000000000000036e+01,-7.825015637647750144e-07
1.340200000000000102e+01,-7.825016501430959219e-07
1.340399999999999991e+01,-7.825017447385535427e-07
1.340600000000000058e+01,-7.825018316749007087e-07
1.340799999999999947e+01,-7.825019206477972478e-07
1.341000000000000014e+01,-7.825020072711190471e-07
1.341200000000000081e+01,-7.825020963067732102e-07
1.341399999999999970e+01,-7.825021966177674370e-07
1.341600000000000037e+01,-7.825022837521908225e-07
1.341800000000000104e+01,-7.825023702323503953e-07
1.341999999999999993e+01,-7.825024617269760385e-07
1.342200000000000060e+01,-7.825025514726295233e-07
1.342399999999999949e+01,-7.825026433490095277e-07
1.342600000000000016e+01,-7.825027300386113375e-07
1.342800000000000082e+01,-7.825028218539619828e-07
1.342999999999999972e+01,-7.825029139630291375e-07
1.343200000000000038e+01,-7.825030009949652422e-07
1.343400000000000105e+01,-7.825030926935819359e-07
1.343599999999999994e+01,-7.825031819233861090e-07
1.343800000000000061e+01,-7.825032714732666687e-07
1.343999999999999950e+01,-7.825033632942520947e-07
1.344200000000000017e+01,-7.825034499190266614e-07
1.344400000000000084e+01,-7.825035417478546597e-07
1.344599999999999973e+01,-7.825036312731789930e-07
1.344800000000000040e+01,-7.825037178378018327e-07
1.345000000000000107e+01,-7.825038122790700226e-07
1.345199999999999996e+01,-7.825039047378529409e-07
1.345400000000000063e+01,-7.825039942513450710e-07
1.345599999999999952e+01,-7.825040834697757092e-07
1.345800000000000018e+01,-7.825041726240546130e-07
1.346000000000000085e+01,-7.825042619516639865e-07
1.346199999999999974e+01,-7.825043514086192085e-07
1.346400000000000041e+01,-7.825044430139629634e-07
1.346600000000000108e+01,-7.825045353769205149e-07
1.346799999999999997e+01,-7.825046247958448046e-07
1.347000000000000064e+01,-7.825047113325478501e-07
1.347199999999999953e+01,-7.825048031556856928e-07
1.347400000000000020e+01,-7.825048955636337169e-07
1.347600000000000087e+01,-7.825049819866375182e-07
1.347799999999999976e+01,-7.825050738735912466e-07
1.348000000000000043e+01,-7.825051633790693862e-07
1.348200000000000109e+01,-7.825052525598304576e-07
1.348399999999999999e+01,-7.825053417691593032e-07
1.348600000000000065e+01,-7.825054310077717719e-07
1.348799999999999955e+01,-7.825055203144430203e-07
1.349000000000000021e+01,-7.825056152624270716e-07
1.349200000000000088e+01,-7.825057046640031737e-07
1.349399999999999977e+01,-7.825057938254938219e-07
1.349600000000000044e+01,-7.825058804352564237e-07
1.349800000000000111e+01,-7.825059750594325907e-07
1.350000000000000000e+01,-7.825060618829355922e-07
1.350200000000000067e+01,-7.825061537568886355e-07
1.350399999999999956e+01,-7.825062431748866946e-07
1.350600000000000023e+01,-7.825063323203015046e-07
1.350800000000000090e+01,-7.825064244670436260e-07
1.350999999999999979e+01,-7.825065165956064088e-07
1.351200000000000045e+01,-7.825066006160395834e-07
1.351400000000000112e+01,-7.825066948639016700e-07
1.351600000000000001e+01,-7.825067846601285275e-07
1.351800000000000068e+01,-7.825068738529089963e-07
1.351999999999999957e+01,-7.825069629775605935e-07
1.352200000000000024e+01,-7.825070496710221207e-07
1.352400000000000091e+01,-7.825071412344156160e-07
1.352599999999999980e+01,-7.825072362994564443e-07
1.352800000000000047e+01,-7.825073260795098429e-07
1.353000000000000114e+01,-7.825074151468974601e-07
1.353200000000000003e+01,-7.825075043879872884e-07
1.353400000000000070e+01,-7.825075938771728552e-07
1.353599999999999959e+01,-7.825076829289116445e-07
1.353800000000000026e+01,-7.825077694029410282e-07
1.354000000000000092e+01,-7.825078638177365798e-07
1.354199999999999982e+01,-7.825079538386451734e-07
1.354400000000000048e+01,-7.825080457847770704e-07
1.354600000000000115e+01,-7.825081349908771324e-07
1.354800000000000004e+01,-7.825082215538404227e-07
1.355000000000000071e+01,-7.825083162492430608e-07
1.355199999999999960e+01,-7.825084058236277542e-07
1.355400000000000027e+01,-7.825084922996751939e-07
1.355600000000000094e+01,-7.825085840452982986e-07
1.355799999999999983e+01,-7.825086682642929368e-07
1.356000000000000050e+01,-7.825087650669408588e-07
1.356200000000000117e+01,-7.825088521709223037e-07
1.356400000000000006e+01,-7.825089467720749505e-07
1.356600000000000072e+01,-7.825090365466891271e-07
1.356799999999999962e+01,-7.825091256600288110e-07
1.357000000000000028e+01,-7.825092150686189811e-07
1.357200000000000095e+01,-7.825093040712363181e-07
1.357399999999999984e+01,-7.825093934788010490e-07
1.357600000000000051e+01,-7.825094855186995991e-07
1.357799999999999940e+01,-7.825095749174406819e-07
1.358000000000000007e+01,-7.825096696091580914e-07
1.358200000000000074e+01,-7.825097564727406804e-07
1.358399999999999963e+01,-7.825098484162557750e-07
1.358600000000000030e+01,-7.825099349901356259e-07
1.358800000000000097e+01,-7.825100214883830579e-07
1.358999999999999986e+01,-7.825101157131874254e-07
1.359200000000000053e+01,-7.825102055155070968e-07
1.359399999999999942e+01,-7.825102947840948968e-07
1.359600000000000009e+01,-7.825103867332903003e-07
1.359800000000000075e+01,-7.825104735162078240e-07
1.359999999999999964e+01,-7.825105624071743602e-07
1.360200000000000031e+01,-7.825106572221073232e-07
1.360400000000000098e+01,-7.825107497223870208e-07
1.360599999999999987e+01,-7.825108363955238865e-07
1.360800000000000054e+01,-7.825109253466742311e-07
1.360999999999999943e+01,-7.825110146981853920e-07
1.361200000000000010e+01,-7.825111038640795528e-07
1.361400000000000077e+01,-7.825111986026334373e-07
1.361599999999999966e+01,-7.825112855946037747e-07
1.361800000000000033e+01,-7.825113746093925517e-07
1.362000000000000099e+01,-7.825114664919373677e-07
1.362199999999999989e+01,-7.825115559491514642e-07
1.362400000000000055e+01,-7.825116451474678227e-07
1.362599999999999945e+01,-7.825117374251517087e-07
1.362800000000000011e+01,-7.825118266283677293e-07
1.363000000000000078e+01,-7.825119159889206493e-07
1.363199999999999967e+01,-7.825120053286531818e-07
1.363400000000000034e+01,-7.825120942299593432e-07
1.363600000000000101e+01,-7.825121838174314368e-07
1.363799999999999990e+01,-7.825122756513330565e-07
1.364000000000000057e+01,-7.825123678602530079e-07
1.364199999999999946e+01,-7.825124574227778637e-07
1.364400000000000013e+01,-7.825125464923392850e-07
1.364600000000000080e+01,-7.825126359186138090e-07
1.364799999999999969e+01,-7.825127249665852075e-07
1.365000000000000036e+01,-7.825128197693311664e-07
1.365200000000000102e+01,-7.825129039506009687e-07
1.365399999999999991e+01,-7.825129954109569294e-07
1.365600000000000058e+01,-7.825130822383399771e-07
1.365799999999999947e+01,-7.825131795049752894e-07
1.366000000000000014e+01,-7.825132666071880236e-07
1.366200000000000081e+01,-7.825133583759457158e-07
1.366399999999999970e+01,-7.825134479087794198e-07
1.366600000000000037e+01,-7.825135397846413576e-07
1.366800000000000104e+01,-7.825136263979501687e-07
1.366999999999999993e+01,-7.825137129519369215e-07
1.367200000000000060e+01,-7.825138045959567301e-07
1.367399999999999949e+01,-7.825138941650328564e-07
1.367600000000000016e+01,-7.825139887372230115e-07
1.367800000000000082e+01,-7.825140785311481628e-07
1.367999999999999972e+01,-7.825141676627341011e-07
1.368200000000000038e+01,-7.825142542733449005e-07
1.368400000000000105e+01,-7.825143459269130998e-07
1.368599999999999994e+01,-7.825144356554016738e-07
1.368800000000000061e+01,-7.825145245285069320e-07
1.368999999999999950e+01,-7.825146166812892454e-07
1.369200000000000017e+01,-7.825147090274002645e-07
1.369400000000000084e+01,-7.825147983270016465e-07
1.369599999999999973e+01,-7.825148875573495089e-07
1.369800000000000040e+01,-7.825149767522492541e-07
1.370000000000000107e+01,-7.825150660592723388e-07
1.370199999999999996e+01,-7.825151609135038189e-07
1.370400000000000063e+01,-7.825152504950389528e-07
1.370599999999999952e+01,-7.825153342855211052e-07
1.370800000000000018e+01,-7.825154283906694692e-07
1.371000000000000085e+01,-7.825155155652647687e-07
1.371199999999999974e+01,-7.825156044291842723e-07
1.371400000000000041e+01,-7.825156990614581801e-07
1.371600000000000108e+01,-7.825157891217992279e-07
1.371799999999999997e+01,-7.825158807264340162e-07
1.372000000000000064e+01,-7.825159702553555927e-07
1.372199999999999953e+01,-7.825160568964974829e-07
1.372400000000000020e+01,-7.825161484285621941e-07
1.372600000000000087e+01,-7.825162355649347083e-07
1.372799999999999976e+01,-7.825163270240812118e-07
1.373000000000000043e+01,-7.825164194176235349e-07
1.373200000000000109e+01,-7.825165058323429304e-07
1.373399999999999999e+01,-7.825165978942165857e-07
1.373600000000000065e+01,-7.825166900225671867e-07
1.373799999999999955e+01,-7.825167766406325113e-07
1.374000000000000021e+01,-7.825168683430057961e-07
1.374200000000000088e+01,-7.825169578112445558e-07
1.374399999999999977e+01,-7.825170471668781202e-07
1.374600000000000044e+01,-7.825171389466889570e-07
1.374800000000000111e+01,-7.825172258072891429e-07
1.375000000000000000e+01,-7.825173175165395942e-07
1.375200000000000067e+01,-7.825174126449070408e-07
1.375399999999999956e+01,-7.825174966535381877e-07
1.375600000000000023e+01,-7.825175882183144643e-07
1.375800000000000090e+01,-7.825176749439614436e-07
1.375999999999999979e+01,-7.825177666704668030e-07
1.376200000000000045e+01,-7.825178560677779882e-07
1.376400000000000112e+01,-7.825179483080904629e-07
1.376600000000000001e+01,-7.825180375985937582e-07
1.376800000000000068e+01,-7.825181294812788640e-07
1.376999999999999957e+01,-7.825182190652284653e-07
1.377200000000000024e+01,-7.825183082713101043e-07
1.377400000000000091e+01,-7.825184002635933326e-07
1.377599999999999980e+01,-7.825184870930122240e-07
1.377800000000000047e+01,-7.825185787162826901e-07
1.378000000000000114e+01,-7.825186654077517841e-07
1.378200000000000003e+01,-7.825187573015305863e-07
1.378400000000000070e+01,-7.825188466201511402e-07
1.378599999999999959e+01,-7.825189387118601547e-07
1.378800000000000026e+01,-7.825190309460344993e-07
1.379000000000000092e+01,-7.825191203180222581e-07
1.379199999999999982e+01,-7.825192096768984764e-07
1.379400000000000048e+01,-7.825192987004994665e-07
1.379600000000000115e+01,-7.825193883065401105e-07
1.379800000000000004e+01,-7.825194771635708010e-07
1.380000000000000071e+01,-7.825195691329901748e-07
1.380199999999999960e+01,-7.825196589629822008e-07
1.380400000000000027e+01,-7.825197478481566198e-07
1.380600000000000094e+01,-7.825198400926112973e-07
1.380799999999999983e+01,-7.825199293740907271e-07
1.381000000000000050e+01,-7.825200185998908695e-07
1.381200000000000117e+01,-7.825201050418186574e-07
1.381400000000000006e+01,-7.825201997162250428e-07
1.381600000000000072e+01,-7.825202866088762143e-07
1.381799999999999962e+01,-7.825203755367670342e-07
1.382000000000000028e+01,-7.825204677697086282e-07
1.382200000000000095e+01,-7.825205598355211984e-07
1.382399999999999984e+01,-7.825206490868640429e-07
1.382600000000000051e+01,-7.825207440198178123e-07
1.382799999999999940e+01,-7.825208309841995454e-07
1.383000000000000007e+01,-7.825209225373421421e-07
1.383200000000000074e+01,-7.825210094104033473e-07
1.383399999999999963e+01,-7.825211010932499817e-07
1.383600000000000030e+01,-7.825211878815667052e-07
1.383800000000000097e+01,-7.825212796570556623e-07
1.383999999999999986e+01,-7.825213689936733370e-07
1.384200000000000053e+01,-7.825214582508012048e-07
1.384399999999999942e+01,-7.825215503634165806e-07
1.384600000000000009e+01,-7.825216397146966074e-07
1.384800000000000075e+01,-7.825217260559088955e-07
1.384999999999999964e+01,-7.825218152156070103e-07
1.385200000000000031e+01,-7.825219096960387215e-07
1.385400000000000098e+01,-7.825219968612774833e-07
1.385599999999999987e+01,-7.825220886040900269e-07
1.385800000000000054e+01,-7.825221808550276829e-07
1.385999999999999943e+01,-7.825222674047546011e-07
1.386200000000000010e+01,-7.825223620166671074e-07
1.386400000000000077e+01,-7.825224518070683899e-07
1.386599999999999966e+01,-7.825225407063499308e-07
1.386800000000000033e+01,-7.825226301868970321e-07
1.387000000000000099e+01,-7.825227194322354718e-07
1.387199999999999989e+01,-7.825228085614862462e-07
1.387400000000000055e+01,-7.825228979271002939e-07
1.387599999999999945e+01,-7.825229925382264360e-07
1.387800000000000011e+01,-7.825230822466119534e-07
1.388000000000000078e+01,-7.825231712684083398e-07
1.388199999999999967e+01,-7.825232607496580550e-07
1.388400000000000034e+01,-7.825233528493228264e-07
1.388600000000000101e+01,-7.825234395018357104e-07
1.388799999999999990e+01,-7.825235310718854023e-07
1.389000000000000057e+01,-7.825236180118282232e-07
1.389199999999999946e+01,-7.825237095529653985e-07
1.389400000000000013e+01,-7.825238020247647779e-07
1.389600000000000080e+01,-7.825238855285277599e-07
1.389799999999999969e+01,-7.825239802101376312e-07
1.390000000000000036e+01,-7.825240696392597740e-07
1.390200000000000102e+01,-7.825241617346108184e-07
1.390399999999999991e+01,-7.825242510851275626e-07
1.390600000000000058e+01,-7.825243404014857974e-07
1.390799999999999947e+01,-7.825244297985522961e-07
1.391000000000000014e+01,-7.825245187625628243e-07
1.391200000000000081e+01,-7.825246080894552902e-07
1.391399999999999970e+01,-7.825247027441225257e-07
1.391600000000000037e+01,-7.825247898103886639e-07
1.391800000000000104e+01,-7.825248814567646006e-07
1.391999999999999993e+01,-7.825249709652716243e-07
1.392200000000000060e+01,-7.825250601881563852e-07
1.392399999999999949e+01,-7.825251495322746425e-07
1.392600000000000016e+01,-7.825252414073782741e-07
1.392800000000000082e+01,-7.825253280678542208e-07
1.392999999999999972e+01,-7.825254199189770791e-07
1.393200000000000038e+01,-7.825255093542425402e-07
1.393400000000000105e+01,-7.825256012345233430e-07
1.393599999999999994e+01,-7.825256906876837515e-07
1.393800000000000061e+01,-7.825257827712644261e-07
1.393999999999999950e+01,-7.825258722637925966e-07
1.394200000000000017e+01,-7.825259615759596065e-07
1.394400000000000084e+01,-7.825260504016335608e-07
1.394599999999999973e+01,-7.825261400235894245e-07
1.394800000000000040e+01,-7.825262291034180499e-07
1.395000000000000107e+01,-7.825263210696719557e-07
1.395199999999999996e+01,-7.825264103571995183e-07
1.395400000000000063e+01,-7.825265025131452880e-07
1.395599999999999952e+01,-7.825265950000093602e-07
1.395800000000000018e+01,-7.825266811390740591e-07
1.396000000000000085e+01,-7.825267730958381254e-07
1.396199999999999974e+01,-7.825268625864184379e-07
1.396400000000000041e+01,-7.825269518207237440e-07
1.396600000000000108e+01,-7.825270410272830037e-07
1.396799999999999997e+01,-7.825271303787537188e-07
1.397000000000000064e+01,-7.825272166810119146e-07
1.397199999999999953e+01,-7.825273139890782553e-07
1.397400000000000020e+01,-7.825274012797256447e-07
1.397600000000000087e+01,-7.825274928977682235e-07
1.397799999999999976e+01,-7.825275825455837913e-07
1.398000000000000043e+01,-7.825276715542983891e-07
1.398200000000000109e+01,-7.825277608348312595e-07
1.398399999999999999e+01,-7.825278500844682856e-07
1.398600000000000065e+01,-7.825279418998982343e-07
1.398799999999999955e+01,-7.825280289289257337e-07
1.399000000000000021e+01,-7.825281203766061639e-07
1.399200000000000088e+01,-7.825282126952866563e-07
1.399399999999999977e+01,-7.825283021312860715e-07
1.399600000000000044e+01,-7.825283914095685871e-07
1.399800000000000111e+01,-7.825284834015064377e-07
1.400000000000000000e+01,-7.825285672749841606e-07
1.400200000000000067e+01,-7.825286614929544545e-07
1.400399999999999956e+01,-7.825287540103105480e-07
1.400600000000000023e+01,-7.825288407026313336e-07
1.400800000000000090e+01,-7.825289295429590638e-07
1.400999999999999979e+01,-7.825290218185326730e-07
1.401200000000000045e+01,-7.825291112674904217e-07
1.401400000000000112e+01,-7.825292004434126056e-07
1.401600000000000001e+01,-7.825292924260924920e-07
1.401800000000000068e+01,-7.825293818742286187e-07
1.401999999999999957e+01,-7.825294709099831551e-07
1.402200000000000024e+01,-7.825295603254759026e-07
1.402400000000000091e+01,-7.825296492897431877e-07
1.402599999999999980e+01,-7.825297443341380114e-07
1.402800000000000047e+01,-7.825298337441755490e-07
1.403000000000000114e+01,-7.825299230733024879e-07
1.403200000000000003e+01,-7.825300150038060976e-07
1.403400000000000070e+01,-7.825301016672228368e-07
1.403599999999999959e+01,-7.825301936790661734e-07
1.403800000000000026e+01,-7.825302803495002629e-07
1.404000000000000092e+01,-7.825303719555678075e-07
1.404199999999999982e+01,-7.825304586390540394e-07
1.404400000000000048e+01,-7.825305477013676116e-07
1.404600000000000115e+01,-7.825306452206912750e-07
1.404800000000000004e+01,-7.825307323034511564e-07
1.405000000000000071e+01,-7.825308238833924992e-07
1.405199999999999960e+01,-7.825309106196600010e-07
1.405400000000000027e+01,-7.825310026476208923e-07
1.405600000000000094e+01,-7.825310891471547557e-07
1.405799999999999983e+01,-7.825311808332725253e-07
1.406000000000000050e+01,-7.825312731552190709e-07
1.406200000000000117e+01,-7.825313598584537701e-07
1.406400000000000006e+01,-7.825314540878754201e-07
1.406600000000000072e+01,-7.825315414208637631e-07
1.406799999999999962e+01,-7.825316328558743804e-07
1.407000000000000028e+01,-7.825317225762802483e-07
1.407200000000000095e+01,-7.825318117803872417e-07
1.407399999999999984e+01,-7.825319035335051058e-07
1.407600000000000051e+01,-7.825319931578970362e-07
1.407800000000000118e+01,-7.825320823623110791e-07
1.408000000000000007e+01,-7.825321687905434030e-07
1.408200000000000074e+01,-7.825322634035656283e-07
1.408399999999999963e+01,-7.825323529575907202e-07
1.408600000000000030e+01,-7.825324421828288563e-07
1.408800000000000097e+01,-7.825325341215563090e-07
1.408999999999999986e+01,-7.825326236663141193e-07
1.409200000000000053e+01,-7.825327101545707977e-07
1.409399999999999942e+01,-7.825328016628446827e-07
1.409600000000000009e+01,-7.825328913951446931e-07
1.409800000000000075e+01,-7.825329831742150114e-07
1.409999999999999964e+01,-7.825330755716905320e-07
1.410200000000000031e+01,-7.825331620803903506e-07
1.410400000000000098e+01,-7.825332566541025180e-07
1.410599999999999987e+01,-7.825333434821568394e-07
1.410800000000000054e+01,-7.825334325200908975e-07
1.410999999999999943e+01,-7.825335163884119896e-07
1.411200000000000010e+01,-7.825336133247189578e-07
1.411400000000000077e+01,-7.825337002940934208e-07
1.411599999999999966e+01,-7.825337950620556540e-07
1.411800000000000033e+01,-7.825338846179809584e-07
1.412000000000000099e+01,-7.825339739108096768e-07
1.412199999999999989e+01,-7.825340629556251364e-07
1.412400000000000055e+01,-7.825341495392794299e-07
1.412599999999999945e+01,-7.825342414161658541e-07
1.412800000000000011e+01,-7.825343334664209702e-07
1.413000000000000078e+01,-7.825344229911516394e-07
1.413199999999999967e+01,-7.825345121529050796e-07
1.413400000000000034e+01,-7.825346040833623143e-07
1.413600000000000101e+01,-7.825346937015784217e-07
1.413799999999999990e+01,-7.825347881805786472e-07
1.414000000000000057e+01,-7.825348752887678342e-07
1.414199999999999946e+01,-7.825349641615394673e-07
1.414400000000000013e+01,-7.825350535199930161e-07
1.414600000000000080e+01,-7.825351426191437335e-07
1.414799999999999969e+01,-7.825352320032947796e-07
1.415000000000000036e+01,-7.825353241305415908e-07
1.415200000000000102e+01,-7.825354159426593230e-07
1.415399999999999991e+01,-7.825354998235572662e-07
1.415600000000000058e+01,-7.825355916258351226e-07
1.415799999999999947e+01,-7.825356838645031887e-07
1.416000000000000014e+01,-7.825357731537592279e-07
1.416200000000000081e+01,-7.825358651090219284e-07
1.416399999999999970e+01,-7.825359518649273597e-07
1.416600000000000037e+01,-7.825360462755864260e-07
1.416800000000000104e+01,-7.825361332200368386e-07
1.416999999999999993e+01,-7.825362222671501927e-07
1.417200000000000060e+01,-7.825363113640458967e-07
1.417399999999999949e+01,-7.825364006054495507e-07
1.417600000000000016e+01,-7.825364954436464853e-07
1.417800000000000082e+01,-7.825365851973408539e-07
1.417999999999999972e+01,-7.825366770961424557e-07
1.418200000000000038e+01,-7.825367636182911458e-07
1.418400000000000105e+01,-7.825368525994699730e-07
1.418599999999999994e+01,-7.825369420285101655e-07
1.418800000000000061e+01,-7.825370338081572073e-07
1.418999999999999950e+01,-7.825371233351709479e-07
1.419200000000000017e+01,-7.825372126920295337e-07
1.419400000000000084e+01,-7.825372990411646504e-07
1.419599999999999973e+01,-7.825373936125233368e-07
1.419800000000000040e+01,-7.825374832202889634e-07
1.420000000000000107e+01,-7.825375778560793285e-07
1.420199999999999996e+01,-7.825376620073452122e-07
1.420400000000000063e+01,-7.825377537258367928e-07
1.420599999999999952e+01,-7.825378458937629966e-07
1.420800000000000018e+01,-7.825379296923207611e-07
1.421000000000000085e+01,-7.825380187562647658e-07
1.421199999999999974e+01,-7.825381131692765719e-07
1.421400000000000041e+01,-7.825382058218490876e-07
1.421600000000000108e+01,-7.825382951147135931e-07
1.421799999999999997e+01,-7.825383842473193591e-07
1.422000000000000064e+01,-7.825384736397174356e-07
1.422199999999999953e+01,-7.825385599226224109e-07
1.422400000000000020e+01,-7.825386573545915664e-07
1.422600000000000087e+01,-7.825387443316873700e-07
1.422799999999999976e+01,-7.825388334215373480e-07
1.423000000000000043e+01,-7.825389225327593437e-07
1.423200000000000109e+01,-7.825390144119012048e-07
1.423399999999999999e+01,-7.825391068336596777e-07
1.423600000000000065e+01,-7.825391935164355666e-07
1.423799999999999955e+01,-7.825392851784549313e-07
1.424000000000000021e+01,-7.825393746677049785e-07
1.424200000000000088e+01,-7.825394638525825241e-07
1.424399999999999977e+01,-7.825395531338051969e-07
1.424600000000000044e+01,-7.825396423699937750e-07
1.424800000000000111e+01,-7.825397341107563929e-07
1.425000000000000000e+01,-7.825398238003180855e-07
1.425200000000000067e+01,-7.825399156071714020e-07
1.425399999999999956e+01,-7.825400051669185191e-07
1.425600000000000023e+01,-7.825400944138593334e-07
1.425800000000000090e+01,-7.825401809117447647e-07
1.425999999999999979e+01,-7.825402725756787415e-07
1.426200000000000045e+01,-7.825403676497690580e-07
1.426400000000000112e+01,-7.825404541760119878e-07
1.426600000000000001e+01,-7.825405435683164672e-07
1.426800000000000068e+01,-7.825406325486532378e-07
1.426999999999999957e+01,-7.825407246248721372e-07
1.427200000000000024e+01,-7.825408140986797150e-07
1.427400000000000091e+01,-7.825409033208474625e-07
1.427599999999999980e+01,-7.825409951817520691e-07
1.427800000000000047e+01,-7.825410871693717457e-07
1.428000000000000114e+01,-7.825411744017208220e-07
1.428200000000000003e+01,-7.825412629393057420e-07
1.428400000000000070e+01,-7.825413524502998661e-07
1.428599999999999959e+01,-7.825414444263159325e-07
1.428800000000000026e+01,-7.825415365200060511e-07
1.429000000000000092e+01,-7.825416259628866560e-07
1.429199999999999982e+01,-7.825417150580110023e-07
1.429400000000000048e+01,-7.825418072634935881e-07
1.429600000000000115e+01,-7.825418936489193021e-07
1.429800000000000004e+01,-7.825419799787904544e-07
1.430000000000000071e+01,-7.825420772925847495e-07
1.430199999999999960e+01,-7.825421643951410614e-07
1.430400000000000027e+01,-7.825422535051322124e-07
1.430600000000000094e+01,-7.825423425385015041e-07
1.430799999999999983e+01,-7.825424374051268761e-07
1.431000000000000050e+01,-7.825425242280129201e-07
1.431200000000000117e+01,-7.825426159488862515e-07
1.431400000000000006e+01,-7.825427081686043907e-07
1.431600000000000072e+01,-7.825427922134841008e-07
1.431799999999999962e+01,-7.825428809933786772e-07
1.432000000000000028e+01,-7.825429728453410510e-07
1.432200000000000095e+01,-7.825430623868699717e-07
1.432399999999999984e+01,-7.825431570343272627e-07
1.432600000000000051e+01,-7.825432466567663587e-07
1.432800000000000118e+01,-7.825433386490564692e-07
1.433000000000000007e+01,-7.825434252749604485e-07
1.433200000000000074e+01,-7.825435142952527161e-07
1.433399999999999963e+01,-7.825436035071929643e-07
1.433600000000000030e+01,-7.825436926297329084e-07
1.433800000000000097e+01,-7.825437848758477705e-07
1.433999999999999986e+01,-7.825438739973998624e-07
1.434200000000000053e+01,-7.825439634736017906e-07
1.434399999999999942e+01,-7.825440527491834358e-07
1.434600000000000009e+01,-7.825441473686089126e-07
1.434800000000000075e+01,-7.825442340125561759e-07
1.434999999999999964e+01,-7.825443261484491818e-07
1.435200000000000031e+01,-7.825444126419027250e-07
1.435400000000000098e+01,-7.825445044504110380e-07
1.435599999999999987e+01,-7.825445937473481838e-07
1.435800000000000054e+01,-7.825446857583543342e-07
1.435999999999999943e+01,-7.825447697811972117e-07
1.436200000000000010e+01,-7.825448667958878677e-07
1.436400000000000077e+01,-7.825449593362941630e-07
1.436599999999999966e+01,-7.825450460185552677e-07
1.436800000000000033e+01,-7.825451351463374987e-07
1.437000000000000099e+01,-7.825452241258833523e-07
1.437199999999999989e+01,-7.825453134171027080e-07
1.437400000000000055e+01,-7.825454028954951692e-07
1.437599999999999945e+01,-7.825454946217456776e-07
1.437800000000000011e+01,-7.825455842618469987e-07
1.438000000000000078e+01,-7.825456732848671360e-07
1.438199999999999967e+01,-7.825457653876474004e-07
1.438400000000000034e+01,-7.825458546695760753e-07
1.438600000000000101e+01,-7.825459467386681453e-07
1.438799999999999990e+01,-7.825460334971520509e-07
1.439000000000000057e+01,-7.825461251339106696e-07
1.439199999999999946e+01,-7.825462144261372534e-07
1.439400000000000013e+01,-7.825463038561201935e-07
1.439600000000000080e+01,-7.825463902600686122e-07
1.439799999999999969e+01,-7.825464847096787003e-07
1.440000000000000036e+01,-7.825465772174401340e-07
1.440200000000000102e+01,-7.825466692487015951e-07
1.440399999999999991e+01,-7.825467531417351911e-07
1.440600000000000058e+01,-7.825468447321772012e-07
1.440799999999999947e+01,-7.825469370788565794e-07
1.441000000000000014e+01,-7.825470234732630661e-07
1.441200000000000081e+01,-7.825471154373744021e-07
1.441399999999999970e+01,-7.825472074476705272e-07
1.441600000000000037e+01,-7.825472941241224681e-07
1.441800000000000104e+01,-7.825473862962806602e-07
1.441999999999999993e+01,-7.825474779683927401e-07
1.442200000000000060e+01,-7.825475646239245554e-07
1.442399999999999949e+01,-7.825476539561521643e-07
1.442600000000000016e+01,-7.825477484480109852e-07
1.442800000000000082e+01,-7.825478353893281171e-07
1.442999999999999972e+01,-7.825479245375106072e-07
1.443200000000000038e+01,-7.825480137132377617e-07
1.443400000000000105e+01,-7.825481026449891459e-07
1.443599999999999994e+01,-7.825481920962137665e-07
1.443800000000000061e+01,-7.825482895592328206e-07
1.443999999999999950e+01,-7.825483767073559052e-07
1.444200000000000017e+01,-7.825484657373704170e-07
1.444400000000000084e+01,-7.825485575665055706e-07
1.444599999999999973e+01,-7.825486443958292767e-07
1.444800000000000040e+01,-7.825487331446366851e-07
1.445000000000000107e+01,-7.825488225423927744e-07
1.445199999999999996e+01,-7.825489173650241022e-07
1.445400000000000063e+01,-7.825490039973874489e-07
1.445599999999999952e+01,-7.825490932926386814e-07
1.445800000000000018e+01,-7.825491821674480641e-07
1.446000000000000085e+01,-7.825492743902927077e-07
1.446199999999999974e+01,-7.825493637320329200e-07
1.446400000000000041e+01,-7.825494556721144607e-07
1.446600000000000108e+01,-7.825495477776501234e-07
1.446799999999999997e+01,-7.825496345245184543e-07
1.447000000000000064e+01,-7.825497235500415739e-07
1.447199999999999953e+01,-7.825498154500940316e-07
1.447400000000000020e+01,-7.825499076911081672e-07
1.447600000000000087e+01,-7.825499942830863594e-07
1.447799999999999976e+01,-7.825500860900098738e-07
1.448000000000000043e+01,-7.825501755803524876e-07
1.448200000000000109e+01,-7.825502647922111031e-07
1.448399999999999999e+01,-7.825503567214739154e-07
1.448600000000000065e+01,-7.825504461137147615e-07
1.448799999999999955e+01,-7.825505353069947680e-07
1.449000000000000021e+01,-7.825506219649735556e-07
1.449200000000000088e+01,-7.825507161855306882e-07
1.449399999999999977e+01,-7.825508060165979166e-07
1.449600000000000044e+01,-7.825508979036195135e-07
1.449800000000000111e+01,-7.825509845816587942e-07
1.450000000000000000e+01,-7.825510764329692703e-07
1.450200000000000067e+01,-7.825511655412881665e-07
1.450399999999999956e+01,-7.825512551428777582e-07
1.450600000000000023e+01,-7.825513413196366939e-07
1.450800000000000090e+01,-7.825514359238197069e-07
1.450999999999999979e+01,-7.825515228430938651e-07
1.451200000000000045e+01,-7.825516202124053465e-07
1.451400000000000112e+01,-7.825517070799869898e-07
1.451600000000000001e+01,-7.825517935107648594e-07
1.451800000000000068e+01,-7.825518852960407528e-07
1.451999999999999957e+01,-7.825519745217754620e-07
1.452200000000000024e+01,-7.825520666395537153e-07
1.452400000000000091e+01,-7.825521557553843114e-07
1.452599999999999980e+01,-7.825522453155136521e-07
1.452800000000000047e+01,-7.825523372236725327e-07
1.453000000000000114e+01,-7.825524264685686095e-07
1.453200000000000003e+01,-7.825525157787101518e-07
1.453400000000000070e+01,-7.825526050956209697e-07
1.453599999999999959e+01,-7.825526969187345661e-07
1.453800000000000026e+01,-7.825527863492451018e-07
1.454000000000000092e+01,-7.825528755396068681e-07
1.454199999999999982e+01,-7.825529649243333672e-07
1.454400000000000048e+01,-7.825530512485584096e-07
1.454600000000000115e+01,-7.825531456581746724e-07
1.454800000000000004e+01,-7.825532354434041835e-07
1.455000000000000071e+01,-7.825533273127350738e-07
1.455199999999999960e+01,-7.825534140139877160e-07
1.455400000000000027e+01,-7.825535030604375257e-07
1.455600000000000094e+01,-7.825535923292874824e-07
1.455799999999999983e+01,-7.825536867117894794e-07
1.456000000000000050e+01,-7.825537738626566332e-07
1.456200000000000117e+01,-7.825538710769700850e-07
1.456400000000000006e+01,-7.825539609376843136e-07
1.456600000000000072e+01,-7.825540445941978293e-07
1.456799999999999962e+01,-7.825541361400454606e-07
1.457000000000000028e+01,-7.825542257063434246e-07
1.457200000000000095e+01,-7.825543176115042321e-07
1.457399999999999984e+01,-7.825544069928906686e-07
1.457600000000000051e+01,-7.825544961688496983e-07
1.457800000000000118e+01,-7.825545853947082861e-07
1.458000000000000007e+01,-7.825546746392680907e-07
1.458200000000000074e+01,-7.825547639380780263e-07
1.458399999999999963e+01,-7.825548529562620290e-07
1.458600000000000030e+01,-7.825549478177449581e-07
1.458800000000000097e+01,-7.825550374343628202e-07
1.458999999999999986e+01,-7.825551265137978929e-07
1.459200000000000053e+01,-7.825552157876570966e-07
1.459399999999999942e+01,-7.825553048176244922e-07
1.459600000000000009e+01,-7.825553915575777520e-07
1.459800000000000075e+01,-7.825554831583964452e-07
1.459999999999999964e+01,-7.825555752838975214e-07
1.460200000000000031e+01,-7.825556703179158739e-07
1.460400000000000098e+01,-7.825557571875442664e-07
1.460599999999999987e+01,-7.825558462321257332e-07
1.460800000000000054e+01,-7.825559353489205704e-07
1.460999999999999943e+01,-7.825560245784710571e-07
1.461200000000000010e+01,-7.825561165684261095e-07
1.461400000000000077e+01,-7.825562059178331346e-07
1.461599999999999966e+01,-7.825562980023307223e-07
1.461800000000000033e+01,-7.825563846538988470e-07
1.462000000000000099e+01,-7.825564736488032079e-07
1.462199999999999989e+01,-7.825565629706365578e-07
1.462400000000000055e+01,-7.825566574749268577e-07
1.462599999999999945e+01,-7.825567469081186763e-07
1.462800000000000011e+01,-7.825568365875126912e-07
1.463000000000000078e+01,-7.825569256486385114e-07
1.463199999999999967e+01,-7.825570148125077340e-07
1.463400000000000034e+01,-7.825571038940904587e-07
1.463600000000000101e+01,-7.825571961531316789e-07
1.463799999999999990e+01,-7.825572853317862852e-07
1.464000000000000057e+01,-7.825573772684820234e-07
1.464199999999999946e+01,-7.825574640543481748e-07
1.464400000000000013e+01,-7.825575555939830312e-07
1.464600000000000080e+01,-7.825576479979817642e-07
1.464799999999999969e+01,-7.825577372063333456e-07
1.465000000000000036e+01,-7.825578266102184595e-07
1.465200000000000102e+01,-7.825579185094486599e-07
1.465399999999999991e+01,-7.825580079293657781e-07
1.465600000000000058e+01,-7.825580971133004701e-07
1.465799999999999947e+01,-7.825581865118939574e-07
1.466000000000000014e+01,-7.825582698487975898e-07
1.466200000000000081e+01,-7.825583671294600853e-07
1.466399999999999970e+01,-7.825584622955747082e-07
1.466600000000000037e+01,-7.825585466836431577e-07
1.466800000000000104e+01,-7.825586352361884794e-07
1.466999999999999993e+01,-7.825587271748766509e-07
1.467200000000000060e+01,-7.825588139205047138e-07
1.467399999999999949e+01,-7.825589057821488860e-07
1.467600000000000016e+01,-7.825589948607360787e-07
1.467800000000000082e+01,-7.825590844064342014e-07
1.467999999999999972e+01,-7.825591762158594277e-07
1.468200000000000038e+01,-7.825592628445429455e-07
1.468400000000000105e+01,-7.825593549109058755e-07
1.468599999999999994e+01,-7.825594466614832760e-07
1.468800000000000061e+01,-7.825595362474296515e-07
1.468999999999999950e+01,-7.825596254500996535e-07
1.469200000000000017e+01,-7.825597147983995008e-07
1.469400000000000084e+01,-7.825598065816464326e-07
1.469599999999999973e+01,-7.825598934035862349e-07
1.469800000000000040e+01,-7.825599849555887252e-07
1.470000000000000107e+01,-7.825600772507248781e-07
1.470199999999999996e+01,-7.825601693411442849e-07
1.470400000000000063e+01,-7.825602588051902314e-07
1.470599999999999952e+01,-7.825603481617163568e-07
1.470800000000000018e+01,-7.825604316867472773e-07
1.471000000000000085e+01,-7.825605232457670121e-07
1.471199999999999974e+01,-7.825606154350996443e-07
1.471400000000000041e+01,-7.825607019383956044e-07
1.471600000000000108e+01,-7.825607964915263535e-07
1.471799999999999997e+01,-7.825608863416804106e-07
1.472000000000000064e+01,-7.825609755002990878e-07
1.472199999999999953e+01,-7.825610646729971466e-07
1.472400000000000020e+01,-7.825611565339988443e-07
1.472600000000000087e+01,-7.825612458671570247e-07
1.472799999999999976e+01,-7.825613349920148744e-07
1.473000000000000043e+01,-7.825614244188084178e-07
1.473200000000000109e+01,-7.825615137744997922e-07
1.473399999999999999e+01,-7.825616057091463460e-07
1.473600000000000065e+01,-7.825616974638461500e-07
1.473799999999999955e+01,-7.825617872278556858e-07
1.474000000000000021e+01,-7.825618763905255098e-07
1.474200000000000088e+01,-7.825619654013438198e-07
1.474399999999999977e+01,-7.825620573699859350e-07
1.474600000000000044e+01,-7.825621442842373996e-07
1.474800000000000111e+01,-7.825622357327523691e-07
1.475000000000000000e+01,-7.825623253944916762e-07
1.475200000000000067e+01,-7.825624172723768582e-07
1.475399999999999956e+01,-7.825625067564809684e-07
1.475600000000000023e+01,-7.825625958110883407e-07
1.475800000000000090e+01,-7.825626850048423680e-07
1.475999999999999979e+01,-7.825627743040836552e-07
1.476200000000000045e+01,-7.825628663505701100e-07
1.476400000000000112e+01,-7.825629584296392752e-07
1.476600000000000001e+01,-7.825630422746689730e-07
1.476800000000000068e+01,-7.825631338342963481e-07
1.476999999999999957e+01,-7.825632260099489746e-07
1.477200000000000024e+01,-7.825633155976140858e-07
1.477400000000000091e+01,-7.825634072341978982e-07
1.477599999999999980e+01,-7.825634940657993818e-07
1.477800000000000047e+01,-7.825635857232290984e-07
1.478000000000000114e+01,-7.825636752014575529e-07
1.478200000000000003e+01,-7.825637644458684915e-07
1.478400000000000070e+01,-7.825638509568184532e-07
1.478599999999999959e+01,-7.825639479938518266e-07
1.478800000000000026e+01,-7.825640406663488866e-07
1.479000000000000092e+01,-7.825641275192908359e-07
1.479199999999999982e+01,-7.825642134366386258e-07
1.479400000000000048e+01,-7.825643053064823946e-07
1.479600000000000115e+01,-7.825643947672148541e-07
1.479800000000000004e+01,-7.825644893545265590e-07
1.480000000000000071e+01,-7.825645792299592557e-07
1.480199999999999960e+01,-7.825646654648685913e-07
1.480400000000000027e+01,-7.825647544106920516e-07
1.480600000000000094e+01,-7.825648408914067487e-07
1.480799999999999983e+01,-7.825649356540538501e-07
1.481000000000000050e+01,-7.825650251009074631e-07
1.481200000000000117e+01,-7.825651197821999087e-07
1.481400000000000006e+01,-7.825652038957270864e-07
1.481600000000000072e+01,-7.825652954793661515e-07
1.481799999999999962e+01,-7.825653822134119918e-07
1.482000000000000028e+01,-7.825654736674568159e-07
1.482200000000000095e+01,-7.825655633290154933e-07
1.482399999999999984e+01,-7.825656581766617157e-07
1.482600000000000051e+01,-7.825657475890574990e-07
1.482800000000000118e+01,-7.825658368060796273e-07
1.483000000000000007e+01,-7.825659259613248898e-07
1.483200000000000074e+01,-7.825660154046242467e-07
1.483399999999999963e+01,-7.825661041757767018e-07
1.483600000000000030e+01,-7.825661964071400617e-07
1.483800000000000097e+01,-7.825662858951425352e-07
1.483999999999999986e+01,-7.825663747823627505e-07
1.484200000000000053e+01,-7.825664670605149398e-07
1.484400000000000119e+01,-7.825665561857468605e-07
1.484600000000000009e+01,-7.825666455543645929e-07
1.484800000000000075e+01,-7.825667374580395987e-07
1.484999999999999964e+01,-7.825668242347025253e-07
1.485200000000000031e+01,-7.825669158731956558e-07
1.485400000000000098e+01,-7.825670082385017121e-07
1.485599999999999987e+01,-7.825670946965790301e-07
1.485800000000000054e+01,-7.825671835515433837e-07
1.485999999999999943e+01,-7.825672785746356464e-07
1.486200000000000010e+01,-7.825673652957092830e-07
1.486400000000000077e+01,-7.825674567709333189e-07
1.486599999999999966e+01,-7.825675492488751694e-07
1.486800000000000033e+01,-7.825676359134859074e-07
1.487000000000000099e+01,-7.825677248262780474e-07
1.487199999999999989e+01,-7.825678167938291842e-07
1.487400000000000055e+01,-7.825679060629925431e-07
1.487599999999999945e+01,-7.825679954776558336e-07
1.487800000000000011e+01,-7.825680846184037037e-07
1.488000000000000078e+01,-7.825681735699423070e-07
1.488199999999999967e+01,-7.825682658657657212e-07
1.488400000000000034e+01,-7.825683524060929030e-07
1.488600000000000101e+01,-7.825684469164477472e-07
1.488799999999999990e+01,-7.825685365997961354e-07
1.489000000000000057e+01,-7.825686255725315264e-07
1.489199999999999946e+01,-7.825687150215180742e-07
1.489400000000000013e+01,-7.825688039929820689e-07
1.489600000000000080e+01,-7.825688932575526034e-07
1.489799999999999969e+01,-7.825689879511062744e-07
1.490000000000000036e+01,-7.825690749253943755e-07
1.490200000000000102e+01,-7.825691665704616463e-07
1.490399999999999991e+01,-7.825692560747105294e-07
1.490600000000000058e+01,-7.825693451721105356e-07
1.490799999999999947e+01,-7.825694343781101183e-07
1.491000000000000014e+01,-7.825695264273131136e-07
1.491200000000000081e+01,-7.825696157726139348e-07
1.491399999999999970e+01,-7.825697022232806675e-07
1.491600000000000037e+01,-7.825697966989019727e-07
1.491800000000000104e+01,-7.825698861776394939e-07
1.491999999999999993e+01,-7.825699756121989531e-07
1.492200000000000060e+01,-7.825700646202415361e-07
1.492399999999999949e+01,-7.825701594237001673e-07
1.492600000000000016e+01,-7.825702463288108758e-07
1.492800000000000082e+01,-7.825703353257003643e-07
1.492999999999999972e+01,-7.825704245766215981e-07
1.493200000000000038e+01,-7.825705135127199555e-07
1.493400000000000105e+01,-7.825706029092626701e-07
1.493599999999999994e+01,-7.825706975374968661e-07
1.493800000000000061e+01,-7.825707873211535429e-07
1.493999999999999950e+01,-7.825708790089272620e-07
1.494200000000000017e+01,-7.825709685841493534e-07
1.494400000000000084e+01,-7.825710549546732167e-07
1.494599999999999973e+01,-7.825711441580719847e-07
1.494800000000000040e+01,-7.825712357884063879e-07
1.495000000000000107e+01,-7.825713282833199200e-07
1.495199999999999996e+01,-7.825714145776265941e-07
1.495400000000000063e+01,-7.825715037667969026e-07
1.495599999999999952e+01,-7.825715954283447876e-07
1.495800000000000018e+01,-7.825716879578140876e-07
1.496000000000000085e+01,-7.825717771832283007e-07
1.496199999999999974e+01,-7.825718665195892185e-07
1.496400000000000041e+01,-7.825719583742779796e-07
1.496600000000000108e+01,-7.825720450361425309e-07
1.496799999999999997e+01,-7.825721340585983325e-07
1.497000000000000064e+01,-7.825722230223600448e-07
1.497199999999999953e+01,-7.825723125066694546e-07
1.497400000000000020e+01,-7.825724042160113854e-07
1.497600000000000087e+01,-7.825724937242379353e-07
1.497799999999999976e+01,-7.825725858025028428e-07
1.498000000000000043e+01,-7.825726750871594931e-07
1.498200000000000109e+01,-7.825727642636557535e-07
1.498399999999999999e+01,-7.825728536690558917e-07
1.498600000000000065e+01,-7.825729455115577545e-07
1.498799999999999955e+01,-7.825730320063309750e-07
1.499000000000000021e+01,-7.825731237476777281e-07
1.499200000000000088e+01,-7.825732160771407382e-07
1.499399999999999977e+01,-7.825733053389190286e-07
1.499600000000000044e+01,-7.825733947888522416e-07
1.499800000000000111e+01,-7.825734864168105056e-07
1.500000000000000000e+01,-7.825735760927418498e-07
1.500200000000000067e+01,-7.825736649478373877e-07
1.500399999999999956e+01,-7.825737543767456547e-07
1.500600000000000023e+01,-7.825738435147729609e-07
1.500800000000000090e+01,-7.825739300484085825e-07
1.500999999999999979e+01,-7.825740273039423633e-07
1.501200000000000045e+01,-7.825741170668910962e-07
1.501400000000000112e+01,-7.825742062803380043e-07
1.501600000000000001e+01,-7.825742926533249335e-07
1.501800000000000068e+01,-7.825743845438165068e-07
1.501999999999999957e+01,-7.825744739740223225e-07
1.502200000000000024e+01,-7.825745630386738114e-07
1.502400000000000091e+01,-7.825746550567317229e-07
1.502599999999999980e+01,-7.825747443740376817e-07
1.502800000000000047e+01,-7.825748391093337717e-07
1.503000000000000114e+01,-7.825749258012302996e-07
1.503200000000000003e+01,-7.825750149103510184e-07
1.503400000000000070e+01,-7.825751041063918229e-07
1.503599999999999959e+01,-7.825751959343196368e-07
1.503800000000000026e+01,-7.825752856145922367e-07
1.504000000000000092e+01,-7.825753745688929085e-07
1.504199999999999982e+01,-7.825754639236465116e-07
1.504400000000000048e+01,-7.825755559763763403e-07
1.504600000000000115e+01,-7.825756423540027867e-07
1.504800000000000004e+01,-7.825757396269848109e-07
1.505000000000000071e+01,-7.825758268587937978e-07
1.505199999999999960e+01,-7.825759158297144208e-07
1.505400000000000027e+01,-7.825760077567069731e-07
1.505600000000000094e+01,-7.825760969254321298e-07
1.505799999999999983e+01,-7.825761836043996527e-07
1.506000000000000050e+01,-7.825762725099140855e-07
1.506200000000000117e+01,-7.825763645209315651e-07
1.506400000000000006e+01,-7.825764539493588233e-07
1.506600000000000072e+01,-7.825765429434171041e-07
1.506799999999999962e+01,-7.825766294000103146e-07
1.507000000000000028e+01,-7.825767240765421174e-07
1.507200000000000095e+01,-7.825768135571392995e-07
1.507399999999999984e+01,-7.825769057047097133e-07
1.507600000000000051e+01,-7.825769949214942488e-07
1.507800000000000118e+01,-7.825770841333543466e-07
1.508000000000000007e+01,-7.825771733096779181e-07
1.508200000000000074e+01,-7.825772623661546921e-07
1.508399999999999963e+01,-7.825773544579021407e-07
1.508600000000000030e+01,-7.825774465990077873e-07
1.508800000000000097e+01,-7.825775360375242667e-07
1.508999999999999986e+01,-7.825776253538650315e-07
1.509200000000000053e+01,-7.825777142387752820e-07
1.509400000000000119e+01,-7.825778062875331615e-07
1.509600000000000009e+01,-7.825778930437744414e-07
1.509800000000000075e+01,-7.825779848465825404e-07
1.509999999999999964e+01,-7.825780741273323572e-07
1.510200000000000031e+01,-7.825781631838769997e-07
1.510400000000000098e+01,-7.825782580448369919e-07
1.510599999999999987e+01,-7.825783448900790940e-07
1.510800000000000054e+01,-7.825784336826503655e-07
1.510999999999999943e+01,-7.825785230571025667e-07
1.511200000000000010e+01,-7.825786125422972319e-07
1.511400000000000077e+01,-7.825787040422158781e-07
1.511599999999999966e+01,-7.825787935786162260e-07
1.511800000000000033e+01,-7.825788855437921766e-07
1.512000000000000099e+01,-7.825789722320689092e-07
1.512199999999999989e+01,-7.825790665002633865e-07
1.512400000000000055e+01,-7.825791563102141894e-07
1.512599999999999945e+01,-7.825792425672876245e-07
1.512800000000000011e+01,-7.825793344774097157e-07
1.513000000000000078e+01,-7.825794239561844005e-07
1.513199999999999967e+01,-7.825795129634174318e-07
1.513400000000000034e+01,-7.825796022249644822e-07
1.513600000000000101e+01,-7.825796942224671276e-07
1.513799999999999990e+01,-7.825797890710452980e-07
1.514000000000000057e+01,-7.825798758563099501e-07
1.514199999999999946e+01,-7.825799650961676631e-07
1.514400000000000013e+01,-7.825800540135528392e-07
1.514600000000000080e+01,-7.825801459581764882e-07
1.514799999999999969e+01,-7.825802325507111810e-07
1.515000000000000036e+01,-7.825803245323817218e-07
1.515200000000000102e+01,-7.825804110571717782e-07
1.515399999999999991e+01,-7.825804999476513763e-07
1.515600000000000058e+01,-7.825805946300080129e-07
1.515799999999999947e+01,-7.825806872578519312e-07
1.516000000000000014e+01,-7.825807736719345697e-07
1.516200000000000081e+01,-7.825808654577661167e-07
1.516399999999999970e+01,-7.825809523535891089e-07
1.516600000000000037e+01,-7.825810437933927681e-07
1.516800000000000104e+01,-7.825811332042358341e-07
1.516999999999999993e+01,-7.825812224952348553e-07
1.517200000000000060e+01,-7.825813144515139953e-07
1.517399999999999949e+01,-7.825814034916250340e-07
1.517600000000000016e+01,-7.825814958646186554e-07
1.517800000000000082e+01,-7.825815851297736426e-07
1.517999999999999972e+01,-7.825816743701172349e-07
1.518200000000000038e+01,-7.825817632731431908e-07
1.518400000000000105e+01,-7.825818527244505030e-07
1.518599999999999994e+01,-7.825819472060926243e-07
1.518800000000000061e+01,-7.825820343990803972e-07
1.518999999999999950e+01,-7.825821231625722864e-07
1.519200000000000017e+01,-7.825822125826472704e-07
1.519400000000000084e+01,-7.825823043753056912e-07
1.519599999999999973e+01,-7.825823937459449736e-07
1.519800000000000040e+01,-7.825824857236012135e-07
1.520000000000000107e+01,-7.825825723332384544e-07
1.520199999999999996e+01,-7.825826642358327521e-07
1.520400000000000063e+01,-7.825827479647774315e-07
1.520599999999999952e+01,-7.825828421514098357e-07
1.520800000000000018e+01,-7.825829317974879272e-07
1.521000000000000085e+01,-7.825830265070384507e-07
1.521199999999999974e+01,-7.825831190031197236e-07
1.521400000000000041e+01,-7.825832054152496335e-07
1.521600000000000108e+01,-7.825832945737131978e-07
1.521799999999999997e+01,-7.825833835866671955e-07
1.522000000000000064e+01,-7.825834730522367426e-07
1.522199999999999953e+01,-7.825835647218680747e-07
1.522400000000000020e+01,-7.825836541463158663e-07
1.522600000000000087e+01,-7.825837433162767382e-07
1.522799999999999976e+01,-7.825838326133577736e-07
1.523000000000000043e+01,-7.825839216132047835e-07
1.523200000000000109e+01,-7.825840138006151802e-07
1.523399999999999999e+01,-7.825841031075009397e-07
1.523600000000000065e+01,-7.825841978970402785e-07
1.523799999999999955e+01,-7.825842847975537157e-07
1.524000000000000021e+01,-7.825843735273856802e-07
1.524200000000000088e+01,-7.825844628453980645e-07
1.524399999999999977e+01,-7.825845521477669149e-07
1.524600000000000044e+01,-7.825846437938472371e-07
1.524800000000000111e+01,-7.825847334589259716e-07
1.525000000000000000e+01,-7.825848225190267761e-07
1.525200000000000067e+01,-7.825849173530808726e-07
1.525399999999999956e+01,-7.825850041438737911e-07
1.525600000000000023e+01,-7.825850929761210387e-07
1.525800000000000090e+01,-7.825851823069670309e-07
1.525999999999999979e+01,-7.825852741392100542e-07
1.526200000000000045e+01,-7.825853607715844123e-07
1.526400000000000112e+01,-7.825854523206358399e-07
1.526600000000000001e+01,-7.825855420738614816e-07
1.526800000000000068e+01,-7.825856310694358455e-07
1.526999999999999957e+01,-7.825857232369276272e-07
1.527200000000000024e+01,-7.825858151373583910e-07
1.527400000000000091e+01,-7.825859047165046801e-07
1.527599999999999980e+01,-7.825859937326900027e-07
1.527800000000000047e+01,-7.825860830797741459e-07
1.528000000000000114e+01,-7.825861722600628904e-07
1.528200000000000003e+01,-7.825862638969857277e-07
1.528400000000000070e+01,-7.825863509078528407e-07
1.528599999999999959e+01,-7.825864423768125386e-07
1.528800000000000026e+01,-7.825865319620497358e-07
1.529000000000000092e+01,-7.825866266584400143e-07
1.529199999999999982e+01,-7.825867109146233163e-07
1.529400000000000048e+01,-7.825868048813688261e-07
1.529600000000000115e+01,-7.825868917429374884e-07
1.529800000000000004e+01,-7.825869862172266225e-07
1.530000000000000071e+01,-7.825870730889532215e-07
1.530199999999999960e+01,-7.825871621454771117e-07
1.530400000000000027e+01,-7.825872511900902364e-07
1.530600000000000094e+01,-7.825873406135698693e-07
1.530799999999999983e+01,-7.825874324926576262e-07
1.531000000000000050e+01,-7.825875244736295765e-07
1.531200000000000117e+01,-7.825876138348822516e-07
1.531400000000000006e+01,-7.825877032528915340e-07
1.531600000000000072e+01,-7.825877922374613517e-07
1.531799999999999962e+01,-7.825878816393230098e-07
1.532000000000000028e+01,-7.825879707899818007e-07
1.532200000000000095e+01,-7.825880624271971819e-07
1.532399999999999984e+01,-7.825881522395469940e-07
1.532600000000000051e+01,-7.825882438881935084e-07
1.532800000000000118e+01,-7.825883332523125429e-07
1.533000000000000007e+01,-7.825884225975027205e-07
1.533200000000000074e+01,-7.825885117347255571e-07
1.533399999999999963e+01,-7.825886009316002656e-07
1.533600000000000030e+01,-7.825886927510219629e-07
1.533800000000000097e+01,-7.825887822374852717e-07
1.533999999999999986e+01,-7.825888713913844931e-07
1.534200000000000053e+01,-7.825889605410990540e-07
1.534400000000000119e+01,-7.825890524274133784e-07
1.534600000000000009e+01,-7.825891419730856667e-07
1.534800000000000075e+01,-7.825892366326564818e-07
1.534999999999999964e+01,-7.825893235421377744e-07
1.535200000000000031e+01,-7.825894122773817501e-07
1.535400000000000098e+01,-7.825895016085874137e-07
1.535599999999999987e+01,-7.825895909672843786e-07
1.535800000000000054e+01,-7.825896771732933736e-07
1.535999999999999943e+01,-7.825897742550998499e-07
1.536200000000000010e+01,-7.825898643344925745e-07
1.536400000000000077e+01,-7.825899533563690055e-07
1.536599999999999966e+01,-7.825900424945907058e-07
1.536800000000000033e+01,-7.825901318742529008e-07
1.537000000000000099e+01,-7.825902209909817753e-07
1.537199999999999989e+01,-7.825903156018828184e-07
1.537400000000000055e+01,-7.825904025556833101e-07
1.537599999999999945e+01,-7.825904914707348045e-07
1.537800000000000011e+01,-7.825905805682169729e-07
1.538000000000000078e+01,-7.825906698525089755e-07
1.538199999999999967e+01,-7.825907619291030047e-07
1.538400000000000034e+01,-7.825908539138129114e-07
1.538600000000000101e+01,-7.825909433592171451e-07
1.538799999999999990e+01,-7.825910325449621583e-07
1.539000000000000057e+01,-7.825911217889978613e-07
1.539199999999999946e+01,-7.825912106766164997e-07
1.539400000000000013e+01,-7.825913000662099443e-07
1.539600000000000080e+01,-7.825913894410621568e-07
1.539799999999999969e+01,-7.825914837732448910e-07
1.540000000000000036e+01,-7.825915734576146951e-07
1.540200000000000102e+01,-7.825916600956924437e-07
1.540399999999999991e+01,-7.825917544245615850e-07
1.540600000000000058e+01,-7.825918386423652948e-07
1.540799999999999947e+01,-7.825919298945291332e-07
1.541000000000000014e+01,-7.825920194121222793e-07
1.541200000000000081e+01,-7.825921086238291699e-07
1.541399999999999970e+01,-7.825922032756727152e-07
1.541600000000000037e+01,-7.825922930520280738e-07
1.541800000000000104e+01,-7.825923821112268941e-07
1.541999999999999993e+01,-7.825924713097573402e-07
1.542200000000000060e+01,-7.825925604297252687e-07
1.542399999999999949e+01,-7.825926525007841493e-07
1.542600000000000016e+01,-7.825927444987182521e-07
1.542800000000000082e+01,-7.825928312048319104e-07
1.542999999999999972e+01,-7.825929174250003317e-07
1.543200000000000038e+01,-7.825930089963924650e-07
1.543400000000000105e+01,-7.825931040989339829e-07
1.543599999999999994e+01,-7.825931935871635671e-07
1.543800000000000061e+01,-7.825932827843346313e-07
1.543999999999999950e+01,-7.825933718691631862e-07
1.544200000000000017e+01,-7.825934611231255860e-07
1.544400000000000084e+01,-7.825935505772978812e-07
1.544599999999999973e+01,-7.825936421636261700e-07
1.544800000000000040e+01,-7.825937317019742702e-07
1.545000000000000107e+01,-7.825938208007944330e-07
1.545199999999999996e+01,-7.825939099645233658e-07
1.545400000000000063e+01,-7.825940018171796714e-07
1.545599999999999952e+01,-7.825940913859332898e-07
1.545800000000000018e+01,-7.825941803998966332e-07
1.546000000000000085e+01,-7.825942725665951685e-07
1.546199999999999974e+01,-7.825943616447051640e-07
1.546400000000000041e+01,-7.825944510898071128e-07
1.546600000000000108e+01,-7.825945399846002261e-07
1.546799999999999997e+01,-7.825946294198085125e-07
1.547000000000000064e+01,-7.825947183817402101e-07
1.547199999999999953e+01,-7.825948159389426574e-07
1.547400000000000020e+01,-7.825949032143379481e-07
1.547600000000000087e+01,-7.825949920312997450e-07
1.547799999999999976e+01,-7.825950811351571069e-07
1.548000000000000043e+01,-7.825951703867002747e-07
1.548200000000000109e+01,-7.825952595155084743e-07
1.548399999999999999e+01,-7.825953515170170561e-07
1.548600000000000065e+01,-7.825954407523160378e-07
1.548799999999999955e+01,-7.825955301100078922e-07
1.549000000000000021e+01,-7.825956164004257321e-07
1.549200000000000088e+01,-7.825957110322240309e-07
1.549399999999999977e+01,-7.825958032467480582e-07
1.549600000000000044e+01,-7.825958900871440731e-07
1.549800000000000111e+01,-7.825959816395044349e-07
1.550000000000000000e+01,-7.825960709239967608e-07
1.550200000000000067e+01,-7.825961574138365438e-07
1.550399999999999956e+01,-7.825962490798894794e-07
1.550600000000000023e+01,-7.825963411974724916e-07
1.550800000000000090e+01,-7.825964252178850198e-07
1.550999999999999979e+01,-7.825965248747966990e-07
1.551200000000000045e+01,-7.825966123666716940e-07
1.551400000000000112e+01,-7.825967012127647539e-07
1.551600000000000001e+01,-7.825967902759404998e-07
1.551800000000000068e+01,-7.825968795182732430e-07
1.551999999999999957e+01,-7.825969688294867056e-07
1.552200000000000024e+01,-7.825970604820990283e-07
1.552400000000000091e+01,-7.825971498599397848e-07
1.552599999999999980e+01,-7.825972393157505594e-07
1.552800000000000047e+01,-7.825973311155616441e-07
1.553000000000000114e+01,-7.825974177757173064e-07
1.553200000000000003e+01,-7.825975096010822104e-07
1.553400000000000070e+01,-7.825976014964090713e-07
1.553599999999999959e+01,-7.825976937215153988e-07
1.553800000000000026e+01,-7.825977806111404392e-07
1.554000000000000092e+01,-7.825978691159711244e-07
1.554199999999999982e+01,-7.825979614765152673e-07
1.554400000000000048e+01,-7.825980478197961158e-07
1.554600000000000115e+01,-7.825981424507876158e-07
1.554800000000000004e+01,-7.825982319906822923e-07
1.555000000000000071e+01,-7.825983211934929017e-07
1.555199999999999960e+01,-7.825984104117232166e-07
1.555400000000000027e+01,-7.825984995096640534e-07
1.555600000000000094e+01,-7.825985885728156587e-07
1.555799999999999983e+01,-7.825986750830369603e-07
1.556000000000000050e+01,-7.825987694095446796e-07
1.556200000000000117e+01,-7.825988593674154931e-07
1.556400000000000006e+01,-7.825989512085822203e-07
1.556600000000000072e+01,-7.825990402953585275e-07
1.556799999999999962e+01,-7.825991325188284932e-07
1.557000000000000028e+01,-7.825992190917081041e-07
1.557200000000000095e+01,-7.825993106139905377e-07
1.557399999999999984e+01,-7.825994002138305829e-07
1.557600000000000051e+01,-7.825994893463537631e-07
1.557800000000000118e+01,-7.825995785028780454e-07
1.558000000000000007e+01,-7.825996677772378456e-07
1.558200000000000074e+01,-7.825997569574427339e-07
1.558399999999999963e+01,-7.825998515057859469e-07
1.558600000000000030e+01,-7.825999410804189269e-07
1.558800000000000097e+01,-7.826000303447637272e-07
1.558999999999999986e+01,-7.826001167898405718e-07
1.559200000000000053e+01,-7.826002085500878063e-07
1.559400000000000119e+01,-7.826002951894683974e-07
1.559600000000000009e+01,-7.826003894153472261e-07
1.559800000000000075e+01,-7.826004791206023216e-07
1.559999999999999964e+01,-7.826005711108493886e-07
1.560200000000000031e+01,-7.826006605776380278e-07
1.560400000000000098e+01,-7.826007495669010434e-07
1.560599999999999987e+01,-7.826008387796181267e-07
1.560800000000000054e+01,-7.826009280014802012e-07
1.561000000000000121e+01,-7.826010197942209960e-07
1.561200000000000010e+01,-7.826011094237455226e-07
1.561400000000000077e+01,-7.826012013618428886e-07
1.561599999999999966e+01,-7.826012904657133795e-07
1.561800000000000033e+01,-7.826013770541062929e-07
1.562000000000000099e+01,-7.826014629806764717e-07
1.562199999999999989e+01,-7.826015605586007331e-07
1.562400000000000055e+01,-7.826016502649768766e-07
1.562599999999999945e+01,-7.826017393289718092e-07
1.562800000000000011e+01,-7.826018285540499619e-07
1.563000000000000078e+01,-7.826019178525443778e-07
1.563199999999999967e+01,-7.826020096316410599e-07
1.563400000000000034e+01,-7.826020990406008541e-07
1.563600000000000101e+01,-7.826021883201059559e-07
1.563799999999999990e+01,-7.826022802180631717e-07
1.564000000000000057e+01,-7.826023695232275484e-07
1.564199999999999946e+01,-7.826024613096834646e-07
1.564400000000000013e+01,-7.826025482481573186e-07
1.564600000000000080e+01,-7.826026367222345669e-07
1.564799999999999969e+01,-7.826027290780516306e-07
1.565000000000000036e+01,-7.826028156455134071e-07
1.565200000000000102e+01,-7.826029101864906098e-07
1.565399999999999991e+01,-7.826029968532137421e-07
1.565600000000000058e+01,-7.826030914926845712e-07
1.565799999999999947e+01,-7.826031782587279281e-07
1.566000000000000014e+01,-7.826032699822990595e-07
1.566200000000000081e+01,-7.826033593651432397e-07
1.566399999999999970e+01,-7.826034513775744172e-07
1.566600000000000037e+01,-7.826035379048235162e-07
1.566800000000000104e+01,-7.826036269467151240e-07
1.566999999999999993e+01,-7.826037160098630236e-07
1.567200000000000060e+01,-7.826038053332005981e-07
1.567399999999999949e+01,-7.826038969481043904e-07
1.567600000000000016e+01,-7.826039864692356990e-07
1.567800000000000082e+01,-7.826040811493918499e-07
1.567999999999999972e+01,-7.826041680208404103e-07
1.568200000000000038e+01,-7.826042569669895547e-07
1.568400000000000105e+01,-7.826043488348437490e-07
1.568599999999999994e+01,-7.826044383327906011e-07
1.568800000000000061e+01,-7.826045302558888135e-07
1.568999999999999950e+01,-7.826046170194999153e-07
1.569200000000000017e+01,-7.826047029242045738e-07
1.569400000000000084e+01,-7.826047950259328234e-07
1.569599999999999973e+01,-7.826048866867293901e-07
1.569800000000000040e+01,-7.826049791478391079e-07
1.570000000000000107e+01,-7.826050684434561528e-07
1.570199999999999996e+01,-7.826051576802207132e-07
1.570400000000000063e+01,-7.826052439321120007e-07
1.570599999999999952e+01,-7.826053331376365037e-07
1.570800000000000018e+01,-7.826054303982933515e-07
1.571000000000000085e+01,-7.826055175442567139e-07
1.571199999999999974e+01,-7.826056088909377826e-07
1.571400000000000041e+01,-7.826057014019753280e-07
1.571600000000000108e+01,-7.826057851643977141e-07
1.571799999999999997e+01,-7.826058765648667513e-07
1.572000000000000064e+01,-7.826059659855510696e-07
1.572199999999999953e+01,-7.826060607494510387e-07
1.572400000000000020e+01,-7.826061474860546009e-07
1.572600000000000087e+01,-7.826062365251157422e-07
1.572799999999999976e+01,-7.826063256730697452e-07
1.573000000000000043e+01,-7.826064149451483797e-07
1.573200000000000109e+01,-7.826065067076804856e-07
1.573399999999999999e+01,-7.826065988616120110e-07
1.573600000000000065e+01,-7.826066884161457461e-07
1.573799999999999955e+01,-7.826067776024142257e-07
1.574000000000000021e+01,-7.826068638060610576e-07
1.574200000000000088e+01,-7.826069557285076899e-07
1.574399999999999977e+01,-7.826070476789822190e-07
1.574600000000000044e+01,-7.826071398638539521e-07
1.574800000000000111e+01,-7.826072238365449617e-07
1.575000000000000000e+01,-7.826073177295313718e-07
1.575200000000000067e+01,-7.826074048355141439e-07
1.575399999999999956e+01,-7.826074938163141356e-07
1.575600000000000023e+01,-7.826075857110982601e-07
1.575800000000000090e+01,-7.826076777483181744e-07
1.575999999999999979e+01,-7.826077643523285755e-07
1.576200000000000045e+01,-7.826078588513176139e-07
1.576400000000000112e+01,-7.826079458293466360e-07
1.576600000000000001e+01,-7.826080346793594467e-07
1.576800000000000068e+01,-7.826081266038139707e-07
1.576999999999999957e+01,-7.826082187225711824e-07
1.577200000000000024e+01,-7.826083083476077049e-07
1.577400000000000091e+01,-7.826083972966782660e-07
1.577599999999999980e+01,-7.826084864907878354e-07
1.577800000000000047e+01,-7.826085754157022873e-07
1.578000000000000114e+01,-7.826086649373601327e-07
1.578200000000000003e+01,-7.826087539188043989e-07
1.578400000000000070e+01,-7.826088459028182563e-07
1.578599999999999959e+01,-7.826089382095452080e-07
1.578800000000000026e+01,-7.826090273146898482e-07
1.579000000000000092e+01,-7.826091165792951110e-07
1.579199999999999982e+01,-7.826092057229840914e-07
1.579400000000000048e+01,-7.826092949627055379e-07
1.579600000000000115e+01,-7.826093870260696536e-07
1.579800000000000004e+01,-7.826094761812690705e-07
1.580000000000000071e+01,-7.826095626331148730e-07
1.580199999999999960e+01,-7.826096544455470663e-07
1.580400000000000027e+01,-7.826097437478217901e-07
1.580600000000000094e+01,-7.826098355723664486e-07
1.580799999999999983e+01,-7.826099278455157437e-07
1.581000000000000050e+01,-7.826100197597447800e-07
1.581200000000000117e+01,-7.826101066606672283e-07
1.581400000000000006e+01,-7.826101954766638311e-07
1.581600000000000072e+01,-7.826102845534836895e-07
1.581799999999999962e+01,-7.826103737830674223e-07
1.582000000000000028e+01,-7.826104655795428912e-07
1.582200000000000095e+01,-7.826105553015382164e-07
1.582399999999999984e+01,-7.826106469053297835e-07
1.582600000000000051e+01,-7.826107364681597829e-07
1.582800000000000118e+01,-7.826108255668146684e-07
1.583000000000000007e+01,-7.826109147399765836e-07
1.583200000000000074e+01,-7.826110038863756458e-07
1.583399999999999963e+01,-7.826110958690738493e-07
1.583600000000000030e+01,-7.826111852712756969e-07
1.583800000000000097e+01,-7.826112741804874286e-07
1.583999999999999986e+01,-7.826113637259877691e-07
1.584200000000000053e+01,-7.826114526420714791e-07
1.584400000000000119e+01,-7.826115472473458941e-07
1.584600000000000009e+01,-7.826116342009680853e-07
1.584800000000000075e+01,-7.826117258864712267e-07
1.584999999999999964e+01,-7.826118151727340633e-07
1.585200000000000031e+01,-7.826119074385580057e-07
1.585400000000000098e+01,-7.826119935277416755e-07
1.585599999999999987e+01,-7.826120829605278712e-07
1.585800000000000054e+01,-7.826121746917924970e-07
1.586000000000000121e+01,-7.826122639971607969e-07
1.586200000000000010e+01,-7.826123559752066719e-07
1.586400000000000077e+01,-7.826124453515822732e-07
1.586599999999999966e+01,-7.826125344693384928e-07
1.586800000000000033e+01,-7.826126263958780943e-07
1.587000000000000099e+01,-7.826127129146835453e-07
1.587199999999999989e+01,-7.826128048102320112e-07
1.587400000000000055e+01,-7.826128941483230997e-07
1.587599999999999945e+01,-7.826129832820778658e-07
1.587800000000000011e+01,-7.826130724782646777e-07
1.588000000000000078e+01,-7.826131643369152237e-07
1.588199999999999967e+01,-7.826132536725630456e-07
1.588400000000000034e+01,-7.826133456530431875e-07
1.588600000000000101e+01,-7.826134322956036461e-07
1.588799999999999990e+01,-7.826135240752859457e-07
1.589000000000000057e+01,-7.826136134404671596e-07
1.589199999999999946e+01,-7.826136997791864180e-07
1.589400000000000013e+01,-7.826137914184649598e-07
1.589600000000000080e+01,-7.826138890024531301e-07
1.589799999999999969e+01,-7.826139763418969230e-07
1.590000000000000036e+01,-7.826140650813852749e-07
1.590200000000000102e+01,-7.826141569707304949e-07
1.590399999999999991e+01,-7.826142437481823269e-07
1.590600000000000058e+01,-7.826143323854117792e-07
1.590799999999999947e+01,-7.826144272941080072e-07
1.591000000000000014e+01,-7.826145141794629427e-07
1.591200000000000081e+01,-7.826146030584085990e-07
1.591399999999999970e+01,-7.826146922244290736e-07
1.591600000000000037e+01,-7.826147815361877077e-07
1.591800000000000104e+01,-7.826148758636655974e-07
1.591999999999999993e+01,-7.826149631047885587e-07
1.592200000000000060e+01,-7.826150544646288136e-07
1.592399999999999949e+01,-7.826151412724480472e-07
1.592600000000000016e+01,-7.826152329612112067e-07
1.592800000000000082e+01,-7.826153223727254404e-07
1.592999999999999972e+01,-7.826154114585264950e-07
1.593200000000000038e+01,-7.826155005448491102e-07
1.593400000000000105e+01,-7.826155953796222318e-07
1.593599999999999994e+01,-7.826156848085774033e-07
1.593800000000000061e+01,-7.826157740226715505e-07
1.593999999999999950e+01,-7.826158604347925665e-07
1.594200000000000017e+01,-7.826159521395524726e-07
1.594400000000000084e+01,-7.826160417199858283e-07
1.594599999999999973e+01,-7.826161333192500043e-07
1.594800000000000040e+01,-7.826162227137070061e-07
1.595000000000000107e+01,-7.826163093519723725e-07
1.595199999999999996e+01,-7.826164036780900332e-07
1.595400000000000063e+01,-7.826164904469788914e-07
1.595599999999999952e+01,-7.826165792460291178e-07
1.595800000000000018e+01,-7.826166714024302736e-07
1.596000000000000085e+01,-7.826167635481092629e-07
1.596199999999999974e+01,-7.826168529242926936e-07
1.596400000000000041e+01,-7.826169420611134014e-07
1.596600000000000108e+01,-7.826170311168614094e-07
1.596799999999999997e+01,-7.826171231947560576e-07
1.597000000000000064e+01,-7.826172180001078074e-07
1.597199999999999953e+01,-7.826173048351220926e-07
1.597400000000000020e+01,-7.826173908634785266e-07
1.597600000000000087e+01,-7.826174826695378557e-07
1.597799999999999976e+01,-7.826175720640266213e-07
1.598000000000000043e+01,-7.826176613721578368e-07
1.598200000000000109e+01,-7.826177531819750276e-07
1.598399999999999999e+01,-7.826178423681333928e-07
1.598600000000000065e+01,-7.826179315592462656e-07
1.598799999999999955e+01,-7.826180210288952292e-07
1.599000000000000021e+01,-7.826181127181405622e-07
1.599200000000000088e+01,-7.826182046128986404e-07
1.599399999999999977e+01,-7.826182914872087957e-07
1.599600000000000044e+01,-7.826183803809663054e-07
1.599800000000000111e+01,-7.826184721816931386e-07
1.600000000000000000e+01,-7.826185591100930180e-07
1.600199999999999889e+01,-7.826186506869345377e-07
1.600400000000000134e+01,-7.826187398333997744e-07
1.600600000000000023e+01,-7.826188293777799139e-07
1.600799999999999912e+01,-7.826189237379851450e-07
1.601000000000000156e+01,-7.826190133957054926e-07
1.601200000000000045e+01,-7.826191025819781014e-07
1.601399999999999935e+01,-7.826191918332467246e-07
1.601600000000000179e+01,-7.826192809255835914e-07
1.601800000000000068e+01,-7.826193699683872419e-07
1.601999999999999957e+01,-7.826194619660278477e-07
1.602200000000000202e+01,-7.826195541756388721e-07
1.602400000000000091e+01,-7.826196407834360398e-07
1.602599999999999980e+01,-7.826197323162790684e-07
1.602799999999999869e+01,-7.826198192242768887e-07
1.603000000000000114e+01,-7.826199108155192392e-07
1.603200000000000003e+01,-7.826200028599210400e-07
1.603399999999999892e+01,-7.826200950861737207e-07
1.603600000000000136e+01,-7.826201815516597183e-07
1.603800000000000026e+01,-7.826202706563266318e-07
1.603999999999999915e+01,-7.826203597497341482e-07
1.604200000000000159e+01,-7.826204488909874853e-07
1.604400000000000048e+01,-7.826205352488075485e-07
1.604599999999999937e+01,-7.826206352650252040e-07
1.604800000000000182e+01,-7.826207198221872643e-07
1.605000000000000071e+01,-7.826208114367980891e-07
1.605199999999999960e+01,-7.826209032589987956e-07
1.605400000000000205e+01,-7.826209872742112827e-07
1.605600000000000094e+01,-7.826210759000641296e-07
1.605799999999999983e+01,-7.826211705112306116e-07
1.605999999999999872e+01,-7.826212602692984231e-07
1.606200000000000117e+01,-7.826213520667448035e-07
1.606400000000000006e+01,-7.826214415542202108e-07
1.606599999999999895e+01,-7.826215279255319207e-07
1.606800000000000139e+01,-7.826216194773888272e-07
1.607000000000000028e+01,-7.826217116964171639e-07
1.607199999999999918e+01,-7.826218011206678085e-07
1.607400000000000162e+01,-7.826218902423853895e-07
1.607600000000000051e+01,-7.826219820872355453e-07
1.607799999999999940e+01,-7.826220689710898561e-07
1.608000000000000185e+01,-7.826221602851733912e-07
1.608200000000000074e+01,-7.826222526658382724e-07
1.608399999999999963e+01,-7.826223390388148255e-07
1.608600000000000207e+01,-7.826224310481941432e-07
1.608800000000000097e+01,-7.826225200255253233e-07
1.608999999999999986e+01,-7.826226094480772434e-07
1.609199999999999875e+01,-7.826227012361321460e-07
1.609400000000000119e+01,-7.826227852773124398e-07
1.609600000000000009e+01,-7.826228795530583216e-07
1.609799999999999898e+01,-7.826229688159145674e-07
1.610000000000000142e+01,-7.826230610745454001e-07
1.610200000000000031e+01,-7.826231503604985402e-07
1.610399999999999920e+01,-7.826232420840949767e-07
1.610600000000000165e+01,-7.826233287815603228e-07
1.610800000000000054e+01,-7.826234232488927753e-07
1.610999999999999943e+01,-7.826235100353810724e-07
1.611200000000000188e+01,-7.826235991127389026e-07
1.611400000000000077e+01,-7.826236880285348331e-07
1.611599999999999966e+01,-7.826237772130569425e-07
1.611800000000000210e+01,-7.826238666261161643e-07
1.612000000000000099e+01,-7.826239611822783385e-07
1.612199999999999989e+01,-7.826240506539344526e-07
1.612399999999999878e+01,-7.826241399537708862e-07
1.612600000000000122e+01,-7.826242289810578461e-07
1.612800000000000011e+01,-7.826243183389979870e-07
1.612999999999999901e+01,-7.826244045561047018e-07
1.613200000000000145e+01,-7.826245018923532051e-07
1.613400000000000034e+01,-7.826245888828399643e-07
1.613599999999999923e+01,-7.826246750827181348e-07
1.613800000000000168e+01,-7.826247722299423420e-07
1.614000000000000057e+01,-7.826248565699490833e-07
1.614199999999999946e+01,-7.826249481431175506e-07
1.614400000000000190e+01,-7.826250399730352567e-07
1.614600000000000080e+01,-7.826251295409107137e-07
1.614799999999999969e+01,-7.826252186089321232e-07
1.614999999999999858e+01,-7.826253078462561489e-07
1.615200000000000102e+01,-7.826253969733275075e-07
1.615399999999999991e+01,-7.826254833535038406e-07
1.615599999999999881e+01,-7.826255776426699007e-07
1.615800000000000125e+01,-7.826256701479154349e-07
1.616000000000000014e+01,-7.826257622852780429e-07
1.616199999999999903e+01,-7.826258488553074938e-07
1.616400000000000148e+01,-7.826259377867078888e-07
1.616600000000000037e+01,-7.826260268752427422e-07
1.616799999999999926e+01,-7.826261162463896092e-07
1.617000000000000171e+01,-7.826262080373835044e-07
1.617200000000000060e+01,-7.826262972994918200e-07
1.617399999999999949e+01,-7.826263865261315839e-07
1.617600000000000193e+01,-7.826264809995365215e-07
1.617800000000000082e+01,-7.826265680441224280e-07
1.617999999999999972e+01,-7.826266542727648845e-07
1.618199999999999861e+01,-7.826267486151188962e-07
1.618400000000000105e+01,-7.826268381632213220e-07
1.618599999999999994e+01,-7.826269246884598824e-07
1.618799999999999883e+01,-7.826270134118019864e-07
1.619000000000000128e+01,-7.826271028728701886e-07
1.619200000000000017e+01,-7.826271973400879741e-07
1.619399999999999906e+01,-7.826272898379198523e-07
1.619600000000000151e+01,-7.826273788072598060e-07
1.619800000000000040e+01,-7.826274682738251462e-07
1.619999999999999929e+01,-7.826275573387028988e-07
1.620200000000000173e+01,-7.826276464722954581e-07
1.620400000000000063e+01,-7.826277357344041973e-07
1.620599999999999952e+01,-7.826278276151659031e-07
1.620800000000000196e+01,-7.826279197431017755e-07
1.621000000000000085e+01,-7.826280061963789578e-07
1.621199999999999974e+01,-7.826280980598858614e-07
1.621399999999999864e+01,-7.826281874839147951e-07
1.621600000000000108e+01,-7.826282764564672271e-07
1.621799999999999997e+01,-7.826283656703296048e-07
1.621999999999999886e+01,-7.826284575815582387e-07
1.622200000000000131e+01,-7.826285468812072663e-07
1.622400000000000020e+01,-7.826286389225573133e-07
1.622599999999999909e+01,-7.826287253615429322e-07
1.622800000000000153e+01,-7.826288145591632414e-07
1.623000000000000043e+01,-7.826289034193563294e-07
1.623199999999999932e+01,-7.826289981018725259e-07
1.623400000000000176e+01,-7.826290878121701143e-07
1.623600000000000065e+01,-7.826291768308407374e-07
1.623799999999999955e+01,-7.826292689216423678e-07
1.624000000000000199e+01,-7.826293553834299019e-07
1.624200000000000088e+01,-7.826294444072812961e-07
1.624399999999999977e+01,-7.826295388988349734e-07
1.624599999999999866e+01,-7.826296231519008766e-07
1.624800000000000111e+01,-7.826297118076311166e-07
1.625000000000000000e+01,-7.826298065340522071e-07
1.625199999999999889e+01,-7.826298960380115109e-07
1.625400000000000134e+01,-7.826299852632929515e-07
1.625600000000000023e+01,-7.826300742854158691e-07
1.625799999999999912e+01,-7.826301663259857988e-07
1.626000000000000156e+01,-7.826302527857299718e-07
1.626200000000000045e+01,-7.826303419406681849e-07
1.626399999999999935e+01,-7.826304393296890642e-07
1.626600000000000179e+01,-7.826305261398454735e-07
1.626800000000000068e+01,-7.826306181716568707e-07
1.626999999999999957e+01,-7.826307072852992631e-07
1.627200000000000202e+01,-7.826307961855594447e-07
1.627400000000000091e+01,-7.826308856664227010e-07
1.627599999999999980e+01,-7.826309748170325758e-07
1.627799999999999869e+01,-7.826310639079318159e-07
1.628000000000000114e+01,-7.826311529145116789e-07
1.628200000000000003e+01,-7.826312449720142207e-07
1.628399999999999892e+01,-7.826313371152381908e-07
1.628600000000000136e+01,-7.826314237851465905e-07
1.628800000000000026e+01,-7.826315153559827525e-07
1.628999999999999915e+01,-7.826316073845302141e-07
1.629200000000000159e+01,-7.826316914586200672e-07
1.629400000000000048e+01,-7.826317827399235331e-07
1.629599999999999937e+01,-7.826318776589615040e-07
1.629800000000000182e+01,-7.826319672830621610e-07
1.630000000000000071e+01,-7.826320537530486564e-07
1.630199999999999960e+01,-7.826321425265011237e-07
1.630400000000000205e+01,-7.826322316036460310e-07
1.630600000000000094e+01,-7.826323265757127113e-07
1.630799999999999983e+01,-7.826324158507830662e-07
1.630999999999999872e+01,-7.826325051785227769e-07
1.631200000000000117e+01,-7.826325943357551787e-07
1.631400000000000006e+01,-7.826326832903680881e-07
1.631599999999999895e+01,-7.826327726983521003e-07
1.631800000000000139e+01,-7.826328617541384366e-07
1.632000000000000028e+01,-7.826329535217125061e-07
1.632199999999999918e+01,-7.826330459013527950e-07
1.632400000000000162e+01,-7.826331349673797596e-07
1.632600000000000051e+01,-7.826332241612737591e-07
1.632799999999999940e+01,-7.826333161938526741e-07
1.633000000000000185e+01,-7.826334025868673797e-07
1.633200000000000074e+01,-7.826334945227416019e-07
1.633399999999999963e+01,-7.826335838263453204e-07
1.633600000000000207e+01,-7.826336729732663667e-07
1.633800000000000097e+01,-7.826337619813441016e-07
1.633999999999999986e+01,-7.826338540005502722e-07
1.634199999999999875e+01,-7.826339406539803870e-07
1.634400000000000119e+01,-7.826340323327812743e-07
1.634600000000000009e+01,-7.826341244997015205e-07
1.634799999999999898e+01,-7.826342136353409350e-07
1.635000000000000142e+01,-7.826343001309234955e-07
1.635200000000000031e+01,-7.826343917844455315e-07
1.635399999999999920e+01,-7.826344815307008333e-07
1.635600000000000165e+01,-7.826345729495314272e-07
1.635800000000000054e+01,-7.826346652638993572e-07
1.635999999999999943e+01,-7.826347545777838323e-07
1.636200000000000188e+01,-7.826348465681087205e-07
1.636400000000000077e+01,-7.826349331765542919e-07
1.636599999999999966e+01,-7.826350218302159716e-07
1.636800000000000210e+01,-7.826351112475054877e-07
1.637000000000000099e+01,-7.826352031600285997e-07
1.637199999999999989e+01,-7.826352924526294662e-07
1.637399999999999878e+01,-7.826353815432655966e-07
1.637600000000000122e+01,-7.826354733780938704e-07
1.637800000000000011e+01,-7.826355602204785069e-07
1.637999999999999901e+01,-7.826356516908019278e-07
1.638200000000000145e+01,-7.826357438362540181e-07
1.638400000000000034e+01,-7.826358303526155673e-07
1.638599999999999923e+01,-7.826359222692039080e-07
1.638800000000000168e+01,-7.826360115684193607e-07
1.639000000000000057e+01,-7.826361034598675518e-07
1.639199999999999946e+01,-7.826361899919262097e-07
1.639400000000000190e+01,-7.826362817935222045e-07
1.639600000000000080e+01,-7.826363737381008549e-07
1.639799999999999969e+01,-7.826364631878619085e-07
1.639999999999999858e+01,-7.826365495959181193e-07
1.640200000000000102e+01,-7.826366413534460604e-07
1.640399999999999991e+01,-7.826367332667831710e-07
1.640599999999999881e+01,-7.826368226945842602e-07
1.640800000000000125e+01,-7.826369119898601625e-07
1.641000000000000014e+01,-7.826370011592067237e-07
1.641199999999999903e+01,-7.826370901515481747e-07
1.641400000000000148e+01,-7.826371792278520841e-07
1.641600000000000037e+01,-7.826372713808370502e-07
1.641799999999999926e+01,-7.826373604406584397e-07
1.642000000000000171e+01,-7.826374525302554833e-07
1.642200000000000060e+01,-7.826375418518874511e-07
1.642399999999999949e+01,-7.826376309731500695e-07
1.642600000000000193e+01,-7.826377202027719187e-07
1.642800000000000082e+01,-7.826378091625102245e-07
1.642999999999999972e+01,-7.826378984961980123e-07
1.643199999999999861e+01,-7.826379901937190689e-07
1.643400000000000105e+01,-7.826380822866867743e-07
1.643599999999999994e+01,-7.826381718767556592e-07
1.643799999999999883e+01,-7.826382610219434643e-07
1.644000000000000128e+01,-7.826383500131119864e-07
1.644200000000000017e+01,-7.826384363542809700e-07
1.644399999999999906e+01,-7.826385310618028496e-07
1.644600000000000151e+01,-7.826386203731109681e-07
1.644800000000000040e+01,-7.826387095538654749e-07
1.644999999999999929e+01,-7.826388014425422801e-07
1.645200000000000173e+01,-7.826388908707699562e-07
1.645400000000000063e+01,-7.826389800288902603e-07
1.645599999999999952e+01,-7.826390745915248250e-07
1.645800000000000196e+01,-7.826391641519473450e-07
1.646000000000000085e+01,-7.826392502412129652e-07
1.646199999999999974e+01,-7.826393398272526203e-07
1.646399999999999864e+01,-7.826394285348165121e-07
1.646600000000000108e+01,-7.826395178421647516e-07
1.646799999999999997e+01,-7.826396068410855310e-07
1.646999999999999886e+01,-7.826396962032451666e-07
1.647200000000000131e+01,-7.826397907181891293e-07
1.647400000000000020e+01,-7.826398801447950549e-07
1.647599999999999909e+01,-7.826399694727337124e-07
1.647800000000000153e+01,-7.826400584929987691e-07
1.648000000000000043e+01,-7.826401478953529768e-07
1.648199999999999932e+01,-7.826402369349297495e-07
1.648400000000000176e+01,-7.826403287337564760e-07
1.648600000000000065e+01,-7.826404155880968767e-07
1.648799999999999955e+01,-7.826405097854912580e-07
1.649000000000000199e+01,-7.826405995370360687e-07
1.649200000000000088e+01,-7.826406884365940600e-07
1.649399999999999977e+01,-7.826407805735889498e-07
1.649599999999999866e+01,-7.826408697121957325e-07
1.649800000000000111e+01,-7.826409591099895148e-07
1.650000000000000000e+01,-7.826410479234038318e-07
1.650199999999999889e+01,-7.826411372554134355e-07
1.650400000000000134e+01,-7.826412263010468114e-07
1.650600000000000023e+01,-7.826413211097228479e-07
1.650799999999999912e+01,-7.826414105016915846e-07
1.651000000000000156e+01,-7.826414995650967705e-07
1.651200000000000045e+01,-7.826415889983390933e-07
1.651399999999999935e+01,-7.826416780722238767e-07
1.651600000000000179e+01,-7.826417668966310932e-07
1.651800000000000068e+01,-7.826418592317372485e-07
1.651999999999999957e+01,-7.826419483427973550e-07
1.652200000000000202e+01,-7.826420375655824837e-07
1.652400000000000091e+01,-7.826421293681376375e-07
1.652599999999999980e+01,-7.826422214308391616e-07
1.652799999999999869e+01,-7.826423082001427484e-07
1.653000000000000114e+01,-7.826423971464923220e-07
1.653200000000000003e+01,-7.826424862382096900e-07
1.653399999999999892e+01,-7.826425779615541342e-07
1.653600000000000136e+01,-7.826426700854041315e-07
1.653800000000000026e+01,-7.826427569049495834e-07
1.653999999999999915e+01,-7.826428429140943572e-07
1.654200000000000159e+01,-7.826429372914896984e-07
1.654400000000000048e+01,-7.826430297059165717e-07
1.654599999999999937e+01,-7.826431190741894558e-07
1.654800000000000182e+01,-7.826432082164367861e-07
1.655000000000000071e+01,-7.826432944288741259e-07
1.655199999999999960e+01,-7.826433863200220438e-07
1.655400000000000205e+01,-7.826434785138054105e-07
1.655600000000000094e+01,-7.826435650198792152e-07
1.655799999999999983e+01,-7.826436538662081738e-07
1.655999999999999872e+01,-7.826437487013166146e-07
1.656200000000000117e+01,-7.826438381960464355e-07
1.656400000000000006e+01,-7.826439270736031695e-07
1.656599999999999895e+01,-7.826440164771266003e-07
1.656800000000000139e+01,-7.826441082987626535e-07
1.657000000000000028e+01,-7.826442004181308936e-07
1.657199999999999918e+01,-7.826442872471417269e-07
1.657400000000000162e+01,-7.826443759447864395e-07
1.657600000000000051e+01,-7.826444650553096330e-07
1.657799999999999940e+01,-7.826445543312433263e-07
1.658000000000000185e+01,-7.826446432940783845e-07
1.658200000000000074e+01,-7.826447380473540193e-07
1.658399999999999963e+01,-7.826448275333358957e-07
1.658600000000000207e+01,-7.826449167663577352e-07
1.658800000000000097e+01,-7.826450029930316872e-07
1.658999999999999986e+01,-7.826450947915593052e-07
1.659199999999999875e+01,-7.826451812978987606e-07
1.659400000000000119e+01,-7.826452757693080886e-07
1.659600000000000009e+01,-7.826453653076345895e-07
1.659799999999999898e+01,-7.826454599991508287e-07
1.660000000000000142e+01,-7.826455467944643620e-07
1.660200000000000031e+01,-7.826456359677934604e-07
1.660399999999999920e+01,-7.826457275355630455e-07
1.660600000000000165e+01,-7.826458141508083857e-07
1.660800000000000054e+01,-7.826459059125681034e-07
1.660999999999999943e+01,-7.826459897830610939e-07
1.661200000000000188e+01,-7.826460811612043543e-07
1.661400000000000077e+01,-7.826461760396566357e-07
1.661599999999999966e+01,-7.826462656722091992e-07
1.661800000000000210e+01,-7.826463574940047063e-07
1.662000000000000099e+01,-7.826464496005141392e-07
1.662199999999999989e+01,-7.826465362197503810e-07
1.662399999999999878e+01,-7.826466251433694020e-07
1.662600000000000122e+01,-7.826467143085579843e-07
1.662800000000000011e+01,-7.826468004784356243e-07
1.662999999999999901e+01,-7.826468952560035288e-07
1.663200000000000145e+01,-7.826469846597687875e-07
1.663400000000000034e+01,-7.826470712135542640e-07
1.663599999999999923e+01,-7.826471654452344215e-07
1.663800000000000168e+01,-7.826472578260801442e-07
1.664000000000000057e+01,-7.826473415045272603e-07
1.664199999999999946e+01,-7.826474331670605623e-07
1.664400000000000190e+01,-7.826475306914404829e-07
1.664600000000000080e+01,-7.826476176073361443e-07
1.664799999999999969e+01,-7.826477040806072217e-07
1.664999999999999858e+01,-7.826477899870648149e-07
1.665200000000000102e+01,-7.826478790116739860e-07
1.665399999999999991e+01,-7.826479682684249241e-07
1.665599999999999881e+01,-7.826480683849195280e-07
1.665800000000000125e+01,-7.826481554210654923e-07
1.666000000000000014e+01,-7.826482418176879230e-07
1.666199999999999903e+01,-7.826483305372826474e-07
1.666400000000000148e+01,-7.826484225911981105e-07
1.666600000000000037e+01,-7.826485145161354432e-07
1.666799999999999926e+01,-7.826486067420372405e-07
1.667000000000000171e+01,-7.826486932656848613e-07
1.667200000000000060e+01,-7.826487850631292301e-07
1.667399999999999949e+01,-7.826488741614777014e-07
1.667600000000000193e+01,-7.826489635892543324e-07
1.667800000000000082e+01,-7.826490498365471839e-07
1.667999999999999972e+01,-7.826491443281522126e-07
1.668199999999999861e+01,-7.826492337665852592e-07
1.668400000000000105e+01,-7.826493229514615343e-07
1.668599999999999994e+01,-7.826494092252435412e-07
1.668799999999999883e+01,-7.826495010769446054e-07
1.669000000000000128e+01,-7.826495931268885428e-07
1.669200000000000017e+01,-7.826496851978596496e-07
1.669399999999999906e+01,-7.826497772843954103e-07
1.669600000000000151e+01,-7.826498611298205666e-07
1.669800000000000040e+01,-7.826499525845216294e-07
1.669999999999999929e+01,-7.826500420710668886e-07
1.670200000000000173e+01,-7.826501339875137749e-07
1.670400000000000063e+01,-7.826502233065556218e-07
1.670599999999999952e+01,-7.826503094762609965e-07
1.670800000000000196e+01,-7.826504012676351036e-07
1.671000000000000085e+01,-7.826504932927598110e-07
1.671199999999999974e+01,-7.826505799254112547e-07
1.671399999999999864e+01,-7.826506717749794899e-07
1.671600000000000108e+01,-7.826507609499175273e-07
1.671799999999999997e+01,-7.826508529825935334e-07
1.671999999999999886e+01,-7.826509424002719436e-07
1.672200000000000131e+01,-7.826510312860324034e-07
1.672400000000000020e+01,-7.826511203280717126e-07
1.672599999999999909e+01,-7.826512098305320856e-07
1.672800000000000153e+01,-7.826512986060628541e-07
1.673000000000000043e+01,-7.826513934913710201e-07
1.673199999999999932e+01,-7.826514829186629366e-07
1.673400000000000176e+01,-7.826515693100906201e-07
1.673600000000000065e+01,-7.826516637248968655e-07
1.673799999999999955e+01,-7.826517506116752400e-07
1.674000000000000199e+01,-7.826518422194793080e-07
1.674200000000000088e+01,-7.826519316092377122e-07
1.674399999999999977e+01,-7.826520207310137384e-07
1.674599999999999866e+01,-7.826521099926808558e-07
1.674800000000000111e+01,-7.826522017486970548e-07
1.675000000000000000e+01,-7.826522937280716069e-07
1.675199999999999889e+01,-7.826523778352997182e-07
1.675400000000000134e+01,-7.826524719049248969e-07
1.675600000000000023e+01,-7.826525616019712902e-07
1.675799999999999912e+01,-7.826526506351570933e-07
1.676000000000000156e+01,-7.826527424972910623e-07
1.676200000000000045e+01,-7.826528290350771453e-07
1.676399999999999935e+01,-7.826529151937055525e-07
1.676600000000000179e+01,-7.826530095958043978e-07
1.676800000000000068e+01,-7.826531020783250968e-07
1.676999999999999957e+01,-7.826531911449805598e-07
1.677200000000000202e+01,-7.826532806724221580e-07
1.677400000000000091e+01,-7.826533695964010620e-07
1.677599999999999980e+01,-7.826534615027447510e-07
1.677799999999999869e+01,-7.826535480914234322e-07
1.678000000000000114e+01,-7.826536395657479191e-07
1.678200000000000003e+01,-7.826537292214877978e-07
1.678399999999999892e+01,-7.826538210441613605e-07
1.678600000000000136e+01,-7.826539103712772314e-07
1.678800000000000026e+01,-7.826539994769415262e-07
1.678999999999999915e+01,-7.826540884372760373e-07
1.679200000000000159e+01,-7.826541778336078407e-07
1.679400000000000048e+01,-7.826542694658843847e-07
1.679599999999999937e+01,-7.826543562513423720e-07
1.679800000000000182e+01,-7.826544477862254795e-07
1.680000000000000071e+01,-7.826545343574627994e-07
1.680199999999999960e+01,-7.826546288585157394e-07
1.680400000000000205e+01,-7.826547184838718051e-07
1.680600000000000094e+01,-7.826548102120739833e-07
1.680799999999999983e+01,-7.826548968814270470e-07
1.680999999999999872e+01,-7.826549885268367308e-07
1.681200000000000117e+01,-7.826550779887038969e-07
1.681400000000000006e+01,-7.826551670757517841e-07
1.681599999999999895e+01,-7.826552562369359123e-07
1.681800000000000139e+01,-7.826553479207004127e-07
1.682000000000000028e+01,-7.826554402028129045e-07
1.682199999999999918e+01,-7.826555321484960858e-07
1.682400000000000162e+01,-7.826556188434966719e-07
1.682600000000000051e+01,-7.826557078074774481e-07
1.682799999999999940e+01,-7.826557969039527060e-07
1.683000000000000185e+01,-7.826558889154490768e-07
1.683200000000000074e+01,-7.826559808173985706e-07
1.683399999999999963e+01,-7.826560675286699184e-07
1.683600000000000207e+01,-7.826561562828320574e-07
1.683800000000000097e+01,-7.826562511111965277e-07
1.683999999999999986e+01,-7.826563378472501537e-07
1.684199999999999875e+01,-7.826564294655643124e-07
1.684400000000000119e+01,-7.826565188388658194e-07
1.684600000000000009e+01,-7.826566078068768842e-07
1.684799999999999898e+01,-7.826566970860663604e-07
1.685000000000000142e+01,-7.826567863414079415e-07
1.685200000000000031e+01,-7.826568781283536545e-07
1.685399999999999920e+01,-7.826569647086083813e-07
1.685600000000000165e+01,-7.826570565822679276e-07
1.685800000000000054e+01,-7.826571457314341406e-07
1.685999999999999943e+01,-7.826572375168829346e-07
1.686200000000000188e+01,-7.826573271288053754e-07
1.686400000000000077e+01,-7.826574187278015713e-07
1.686599999999999966e+01,-7.826575054246680651e-07
1.686800000000000210e+01,-7.826575969905615781e-07
1.687000000000000099e+01,-7.826576837681674642e-07
1.687199999999999989e+01,-7.826577751584522008e-07
1.687399999999999878e+01,-7.826578619979583017e-07
1.687600000000000122e+01,-7.826579561453852565e-07
1.687800000000000011e+01,-7.826580458604289824e-07
1.687999999999999901e+01,-7.826581378326065072e-07
1.688200000000000145e+01,-7.826582271264391714e-07
1.688400000000000034e+01,-7.826583163179227269e-07
1.688599999999999923e+01,-7.826584053324288066e-07
1.688800000000000168e+01,-7.826584945445267088e-07
1.689000000000000057e+01,-7.826585835614576321e-07
1.689199999999999946e+01,-7.826586728096710075e-07
1.689400000000000190e+01,-7.826587700963984706e-07
1.689600000000000080e+01,-7.826588544958586662e-07
1.689799999999999969e+01,-7.826589486370075188e-07
1.689999999999999858e+01,-7.826590353537812985e-07
1.690200000000000102e+01,-7.826591243172088563e-07
1.690399999999999991e+01,-7.826592134969321005e-07
1.690599999999999881e+01,-7.826593052731089542e-07
1.690800000000000125e+01,-7.826593947714506295e-07
1.691000000000000014e+01,-7.826594865003399632e-07
1.691199999999999903e+01,-7.826595759535471703e-07
1.691400000000000148e+01,-7.826596650195695821e-07
1.691600000000000037e+01,-7.826597540655996870e-07
1.691799999999999926e+01,-7.826598460626548871e-07
1.692000000000000171e+01,-7.826599353222759964e-07
1.692200000000000060e+01,-7.826600244122899811e-07
1.692399999999999949e+01,-7.826601139262688376e-07
1.692600000000000193e+01,-7.826602025706204606e-07
1.692800000000000082e+01,-7.826602947615460440e-07
1.692999999999999972e+01,-7.826603839261713494e-07
1.693199999999999861e+01,-7.826604758846419754e-07
1.693400000000000105e+01,-7.826605652887227539e-07
1.693599999999999994e+01,-7.826606514264086949e-07
1.693799999999999883e+01,-7.826607433938204948e-07
1.694000000000000128e+01,-7.826608325527385981e-07
1.694200000000000017e+01,-7.826609244542657401e-07
1.694399999999999906e+01,-7.826610136592171195e-07
1.694600000000000151e+01,-7.826611029662937790e-07
1.694800000000000040e+01,-7.826611921120664604e-07
1.694999999999999929e+01,-7.826612840170269446e-07
1.695200000000000173e+01,-7.826613732284003160e-07
1.695400000000000063e+01,-7.826614624058885579e-07
1.695599999999999952e+01,-7.826615514468349828e-07
1.695800000000000196e+01,-7.826616433312907052e-07
1.696000000000000085e+01,-7.826617328658148752e-07
1.696199999999999974e+01,-7.826618218848360640e-07
1.696399999999999864e+01,-7.826619108316817871e-07
1.696600000000000108e+01,-7.826620028637303536e-07
1.696799999999999997e+01,-7.826620949899595605e-07
1.696999999999999886e+01,-7.826621843378787723e-07
1.697200000000000131e+01,-7.826622732954119337e-07
1.697400000000000020e+01,-7.826623598895952703e-07
1.697599999999999909e+01,-7.826624513769841816e-07
1.697800000000000153e+01,-7.826625380716103791e-07
1.698000000000000043e+01,-7.826626295564110753e-07
1.698199999999999932e+01,-7.826627217842905887e-07
1.698400000000000176e+01,-7.826628139564975910e-07
1.698600000000000065e+01,-7.826629003978082095e-07
1.698799999999999955e+01,-7.826629921524532739e-07
1.699000000000000199e+01,-7.826630814563606538e-07
1.699200000000000088e+01,-7.826631704882170388e-07
1.699399999999999977e+01,-7.826632598159191623e-07
1.699599999999999866e+01,-7.826633515913656619e-07
1.699800000000000111e+01,-7.826634408847342578e-07
1.700000000000000000e+01,-7.826635327190807816e-07
1.700199999999999889e+01,-7.826636194147381358e-07
1.700400000000000134e+01,-7.826637138058902450e-07
1.700600000000000023e+01,-7.826638061930224345e-07
1.700799999999999912e+01,-7.826638927521698414e-07
1.701000000000000156e+01,-7.826639815836786880e-07
1.701200000000000045e+01,-7.826640679986500758e-07
1.701399999999999935e+01,-7.826641597073369325e-07
1.701600000000000179e+01,-7.826642515865751437e-07
1.701800000000000068e+01,-7.826643412817709817e-07
1.701999999999999957e+01,-7.826644300726503048e-07
1.702200000000000202e+01,-7.826645220865612489e-07
1.702400000000000091e+01,-7.826646114744578747e-07
1.702599999999999980e+01,-7.826647005458567223e-07
1.702799999999999869e+01,-7.826647895544495591e-07
1.703000000000000114e+01,-7.826648843019910985e-07
1.703200000000000003e+01,-7.826649710138644750e-07
1.703399999999999892e+01,-7.826650628687180899e-07
1.703600000000000136e+01,-7.826651494295212344e-07
1.703800000000000026e+01,-7.826652382112538723e-07
1.703999999999999915e+01,-7.826653299906573922e-07
1.704200000000000159e+01,-7.826654222892070878e-07
1.704400000000000048e+01,-7.826655089409638890e-07
1.704599999999999937e+01,-7.826656005247510789e-07
1.704800000000000182e+01,-7.826656924007318131e-07
1.705000000000000071e+01,-7.826657792541914055e-07
1.705199999999999960e+01,-7.826658652497425710e-07
1.705400000000000205e+01,-7.826659598842071178e-07
1.705600000000000094e+01,-7.826660490986851826e-07
1.705799999999999983e+01,-7.826661384705231225e-07
1.705999999999999872e+01,-7.826662300277615470e-07
1.706200000000000117e+01,-7.826663197157912746e-07
1.706400000000000006e+01,-7.826664087802610750e-07
1.706599999999999895e+01,-7.826664976563625005e-07
1.706800000000000139e+01,-7.826665897410248361e-07
1.707000000000000028e+01,-7.826666787985392255e-07
1.707199999999999918e+01,-7.826667682636619627e-07
1.707400000000000162e+01,-7.826668570323916918e-07
1.707600000000000051e+01,-7.826669466232848457e-07
1.707799999999999940e+01,-7.826670384716004250e-07
1.708000000000000185e+01,-7.826671302356911774e-07
1.708200000000000074e+01,-7.826672197273988907e-07
1.708399999999999963e+01,-7.826673086474665143e-07
1.708600000000000207e+01,-7.826673953490856040e-07
1.708800000000000097e+01,-7.826674896605031138e-07
1.708999999999999986e+01,-7.826675762588126654e-07
1.709199999999999875e+01,-7.826676682020628505e-07
1.709400000000000119e+01,-7.826677573399501845e-07
1.709600000000000009e+01,-7.826678465695407994e-07
1.709799999999999898e+01,-7.826679384638729259e-07
1.710000000000000142e+01,-7.826680276997559369e-07
1.710200000000000031e+01,-7.826681196044959807e-07
1.710399999999999920e+01,-7.826682115760067848e-07
1.710600000000000165e+01,-7.826682980916055809e-07
1.710800000000000054e+01,-7.826683846079365311e-07
1.710999999999999943e+01,-7.826684759880737071e-07
1.711200000000000188e+01,-7.826685655447763760e-07
1.711400000000000077e+01,-7.826686545466231248e-07
1.711599999999999966e+01,-7.826687491499609048e-07
1.711800000000000210e+01,-7.826688387931119681e-07
1.712000000000000099e+01,-7.826689277766613229e-07
1.712199999999999989e+01,-7.826690170224314317e-07
1.712399999999999878e+01,-7.826691060032579992e-07
1.712600000000000122e+01,-7.826691951797754354e-07
1.712800000000000011e+01,-7.826692843211916146e-07
1.712999999999999901e+01,-7.826693762265066879e-07
1.713200000000000145e+01,-7.826694653647193885e-07
1.713400000000000034e+01,-7.826695574269062342e-07
1.713599999999999923e+01,-7.826696467017569959e-07
1.713800000000000168e+01,-7.826697387228985308e-07
1.714000000000000057e+01,-7.826698250593168243e-07
1.714199999999999946e+01,-7.826699168531692439e-07
1.714400000000000190e+01,-7.826700060980599208e-07
1.714600000000000080e+01,-7.826700952722988384e-07
1.714799999999999969e+01,-7.826701843749050267e-07
1.715000000000000213e+01,-7.826702735574889130e-07
1.715200000000000102e+01,-7.826703627642542134e-07
1.715399999999999991e+01,-7.826704572823190691e-07
1.715599999999999881e+01,-7.826705466898632594e-07
1.715800000000000125e+01,-7.826706387175841227e-07
1.716000000000000014e+01,-7.826707252640571638e-07
1.716199999999999903e+01,-7.826708141708528399e-07
1.716400000000000148e+01,-7.826709060361412655e-07
1.716600000000000037e+01,-7.826709926580644016e-07
1.716799999999999926e+01,-7.826710841027004896e-07
1.717000000000000171e+01,-7.826711736928930413e-07
1.717200000000000060e+01,-7.826712655685296684e-07
1.717399999999999949e+01,-7.826713548829892788e-07
1.717600000000000193e+01,-7.826714438109159917e-07
1.717800000000000082e+01,-7.826715332332561535e-07
1.717999999999999972e+01,-7.826716249735126693e-07
1.718199999999999861e+01,-7.826717142918588905e-07
1.718400000000000105e+01,-7.826718033663801132e-07
1.718599999999999994e+01,-7.826718924656939903e-07
1.718799999999999883e+01,-7.826719816065400104e-07
1.719000000000000128e+01,-7.826720735637926030e-07
1.719200000000000017e+01,-7.826721654945322173e-07
1.719399999999999906e+01,-7.826722520015591459e-07
1.719600000000000151e+01,-7.826723409712787820e-07
1.719800000000000040e+01,-7.826724355522924793e-07
1.719999999999999929e+01,-7.826725227116708319e-07
1.720200000000000173e+01,-7.826726085509680297e-07
1.720400000000000063e+01,-7.826727027917970959e-07
1.720599999999999952e+01,-7.826727954330316521e-07
1.720800000000000196e+01,-7.826728848131338808e-07
1.721000000000000085e+01,-7.826729765719852049e-07
1.721199999999999974e+01,-7.826730629415505446e-07
1.721399999999999864e+01,-7.826731549412321822e-07
1.721600000000000108e+01,-7.826732439160753089e-07
1.721799999999999997e+01,-7.826733332834032219e-07
1.721999999999999886e+01,-7.826734249909218084e-07
1.722200000000000131e+01,-7.826735116407503391e-07
1.722400000000000020e+01,-7.826736006677906006e-07
1.722599999999999909e+01,-7.826736896236939647e-07
1.722800000000000153e+01,-7.826737815320336868e-07
1.723000000000000043e+01,-7.826738736038812610e-07
1.723199999999999932e+01,-7.826739657136914754e-07
1.723400000000000176e+01,-7.826740522241519578e-07
1.723600000000000065e+01,-7.826741411277293322e-07
1.723799999999999955e+01,-7.826742303913517192e-07
1.724000000000000199e+01,-7.826743167472575938e-07
1.724200000000000088e+01,-7.826744138062249914e-07
1.724399999999999977e+01,-7.826745038215265445e-07
1.724599999999999866e+01,-7.826745897335930840e-07
1.724800000000000111e+01,-7.826746817522565181e-07
1.725000000000000000e+01,-7.826747710088402731e-07
1.725199999999999889e+01,-7.826748570874806062e-07
1.725400000000000134e+01,-7.826749517892012631e-07
1.725600000000000023e+01,-7.826750411618839066e-07
1.725799999999999912e+01,-7.826751304101018348e-07
1.726000000000000156e+01,-7.826752193938988409e-07
1.726200000000000045e+01,-7.826753085576298913e-07
1.726399999999999935e+01,-7.826754003883539728e-07
1.726600000000000179e+01,-7.826754926291451270e-07
1.726800000000000068e+01,-7.826755818119913817e-07
1.726999999999999957e+01,-7.826756709032460579e-07
1.727200000000000202e+01,-7.826757600846358394e-07
1.727400000000000091e+01,-7.826758491826759908e-07
1.727599999999999980e+01,-7.826759384142977907e-07
1.727799999999999869e+01,-7.826760302510971101e-07
1.728000000000000114e+01,-7.826761195106752324e-07
1.728200000000000003e+01,-7.826762113587326785e-07
1.728399999999999892e+01,-7.826763006809211469e-07
1.728600000000000136e+01,-7.826763870843717220e-07
1.728800000000000026e+01,-7.826764813463047200e-07
1.728999999999999915e+01,-7.826765656689037695e-07
1.729200000000000159e+01,-7.826766596780155380e-07
1.729400000000000048e+01,-7.826767493027074240e-07
1.729599999999999937e+01,-7.826768384044483682e-07
1.729800000000000182e+01,-7.826769302268574449e-07
1.730000000000000071e+01,-7.826770195526141455e-07
1.730199999999999960e+01,-7.826771058115665113e-07
1.730400000000000205e+01,-7.826771976055322216e-07
1.730600000000000094e+01,-7.826772896429519299e-07
1.730799999999999983e+01,-7.826773788225632598e-07
1.730999999999999872e+01,-7.826774682561189849e-07
1.731200000000000117e+01,-7.826775570941227743e-07
1.731400000000000006e+01,-7.826776463323969592e-07
1.731599999999999895e+01,-7.826777408671538697e-07
1.731800000000000139e+01,-7.826778304741912597e-07
1.732000000000000028e+01,-7.826779169085689135e-07
1.732199999999999918e+01,-7.826780086378871634e-07
1.732400000000000162e+01,-7.826780976064851162e-07
1.732600000000000051e+01,-7.826781869217572430e-07
1.732799999999999940e+01,-7.826782788902811971e-07
1.733000000000000185e+01,-7.826783680465817569e-07
1.733200000000000074e+01,-7.826784573892809164e-07
1.733399999999999963e+01,-7.826785463074034347e-07
1.733600000000000207e+01,-7.826786380073774987e-07
1.733800000000000097e+01,-7.826787248189641231e-07
1.733999999999999986e+01,-7.826788192064303685e-07
1.734199999999999875e+01,-7.826789087971310341e-07
1.734400000000000119e+01,-7.826789979566488367e-07
1.734600000000000009e+01,-7.826790896676519050e-07
1.734799999999999898e+01,-7.826791763091671250e-07
1.735000000000000142e+01,-7.826792651002268661e-07
1.735200000000000031e+01,-7.826793516323360284e-07
1.735399999999999920e+01,-7.826794486399350070e-07
1.735600000000000165e+01,-7.826795414281603786e-07
1.735800000000000054e+01,-7.826796276596686652e-07
1.735999999999999943e+01,-7.826797166755694906e-07
1.736200000000000188e+01,-7.826798083866188280e-07
1.736400000000000077e+01,-7.826798951576251628e-07
1.736599999999999966e+01,-7.826799866471880900e-07
1.736800000000000210e+01,-7.826800760281661507e-07
1.737000000000000099e+01,-7.826801653003719461e-07
1.737199999999999989e+01,-7.826802514241339361e-07
1.737399999999999878e+01,-7.826803460095894741e-07
1.737600000000000122e+01,-7.826804353487403068e-07
1.737800000000000011e+01,-7.826805273101485489e-07
1.737999999999999901e+01,-7.826806168603576514e-07
1.738200000000000145e+01,-7.826807056145981409e-07
1.738400000000000034e+01,-7.826807921949988750e-07
1.738599999999999923e+01,-7.826808838260135516e-07
1.738800000000000168e+01,-7.826809705131329196e-07
1.739000000000000057e+01,-7.826810675860109274e-07
1.739199999999999946e+01,-7.826811571972931172e-07
1.739400000000000190e+01,-7.826812436041438943e-07
1.739600000000000080e+01,-7.826813325915790127e-07
1.739799999999999969e+01,-7.826814270280204913e-07
1.740000000000000213e+01,-7.826815139197602554e-07
1.740200000000000102e+01,-7.826816029085097572e-07
1.740399999999999991e+01,-7.826816946368201439e-07
1.740599999999999881e+01,-7.826817868245782476e-07
1.740800000000000125e+01,-7.826818759998144406e-07
1.741000000000000014e+01,-7.826819652837086554e-07
1.741199999999999903e+01,-7.826820542391023174e-07
1.741400000000000148e+01,-7.826821433592048183e-07
1.741600000000000037e+01,-7.826822354521291133e-07
1.741799999999999926e+01,-7.826823246738735561e-07
1.742000000000000171e+01,-7.826824136417676245e-07
1.742200000000000060e+01,-7.826825054875396698e-07
1.742399999999999949e+01,-7.826825922431581687e-07
1.742600000000000193e+01,-7.826826838663781305e-07
1.742800000000000082e+01,-7.826827756189637402e-07
1.742999999999999972e+01,-7.826828655433869167e-07
1.743199999999999861e+01,-7.826829542184702714e-07
1.743400000000000105e+01,-7.826830461853799925e-07
1.743599999999999994e+01,-7.826831328870934206e-07
1.743799999999999883e+01,-7.826832215103053246e-07
1.744000000000000128e+01,-7.826833108203464936e-07
1.744200000000000017e+01,-7.826834026740478261e-07
1.744399999999999906e+01,-7.826834918976293775e-07
1.744600000000000151e+01,-7.826835839189107787e-07
1.744800000000000040e+01,-7.826836729642652690e-07
1.744999999999999929e+01,-7.826837622056299595e-07
1.745200000000000173e+01,-7.826838513891032303e-07
1.745400000000000063e+01,-7.826839458910233203e-07
1.745599999999999952e+01,-7.826840326901131383e-07
1.745800000000000196e+01,-7.826841188155617826e-07
1.746000000000000085e+01,-7.826842106638020819e-07
1.746199999999999974e+01,-7.826842998829681565e-07
1.746399999999999864e+01,-7.826843888594865026e-07
1.746600000000000108e+01,-7.826844836764601797e-07
1.746799999999999997e+01,-7.826845731606906037e-07
1.746999999999999886e+01,-7.826846622032576144e-07
1.747200000000000131e+01,-7.826847512955354006e-07
1.747400000000000020e+01,-7.826848405179088713e-07
1.747599999999999909e+01,-7.826849322971577018e-07
1.747800000000000153e+01,-7.826850217168462270e-07
1.748000000000000043e+01,-7.826851107139531912e-07
1.748199999999999932e+01,-7.826851971672271971e-07
1.748400000000000176e+01,-7.826852887015994378e-07
1.748600000000000065e+01,-7.826853833690816465e-07
1.748799999999999955e+01,-7.826854704869202328e-07
1.749000000000000199e+01,-7.826855592009527035e-07
1.749200000000000088e+01,-7.826856511645775250e-07
1.749399999999999977e+01,-7.826857403741263874e-07
1.749599999999999866e+01,-7.826858267513129060e-07
1.749800000000000111e+01,-7.826859156046557209e-07
1.750000000000000000e+01,-7.826860074744968427e-07
1.750199999999999889e+01,-7.826861022854171989e-07
1.750400000000000134e+01,-7.826861920083199081e-07
1.750600000000000023e+01,-7.826862810039422353e-07
1.750799999999999912e+01,-7.826863727538395742e-07
1.751000000000000156e+01,-7.826864595595786008e-07
1.751200000000000045e+01,-7.826865483550986057e-07
1.751399999999999935e+01,-7.826866372602194859e-07
1.751600000000000179e+01,-7.826867322333106525e-07
1.751800000000000068e+01,-7.826868187058105064e-07
1.751999999999999957e+01,-7.826869075328344195e-07
1.752200000000000202e+01,-7.826869995571184467e-07
1.752400000000000091e+01,-7.826870889480988018e-07
1.752599999999999980e+01,-7.826871779857122580e-07
1.752799999999999869e+01,-7.826872725988877963e-07
1.753000000000000114e+01,-7.826873594389777147e-07
1.753200000000000003e+01,-7.826874482003244929e-07
1.753399999999999892e+01,-7.826875373489614162e-07
1.753600000000000136e+01,-7.826876265833895421e-07
1.753800000000000026e+01,-7.826877156268644663e-07
1.753999999999999915e+01,-7.826878101865425683e-07
1.754200000000000159e+01,-7.826879025362171609e-07
1.754400000000000048e+01,-7.826879888976193264e-07
1.754599999999999937e+01,-7.826880780343703657e-07
1.754800000000000182e+01,-7.826881642890500857e-07
1.755000000000000071e+01,-7.826882531556086262e-07
1.755199999999999960e+01,-7.826883424054024592e-07
1.755400000000000205e+01,-7.826884367637717464e-07
1.755600000000000094e+01,-7.826885264958303524e-07
1.755799999999999983e+01,-7.826886183170732765e-07
1.755999999999999872e+01,-7.826887104053037384e-07
1.756200000000000117e+01,-7.826887968759461549e-07
1.756400000000000006e+01,-7.826888858099994571e-07
1.756599999999999895e+01,-7.826889775771648332e-07
1.756800000000000139e+01,-7.826890670603434541e-07
1.757000000000000028e+01,-7.826891560227074561e-07
1.757199999999999918e+01,-7.826892452377750559e-07
1.757400000000000162e+01,-7.826893342188807206e-07
1.757600000000000051e+01,-7.826894289390339791e-07
1.757799999999999940e+01,-7.826895184453301408e-07
1.758000000000000185e+01,-7.826896076396428923e-07
1.758200000000000074e+01,-7.826896993665744151e-07
1.758399999999999963e+01,-7.826897829364620830e-07
1.758600000000000207e+01,-7.826898747330637598e-07
1.758800000000000097e+01,-7.826899668791223257e-07
1.758999999999999986e+01,-7.826900558643129127e-07
1.759199999999999875e+01,-7.826901478926513690e-07
1.759400000000000119e+01,-7.826902343924521536e-07
1.759600000000000009e+01,-7.826903259968805835e-07
1.759799999999999898e+01,-7.826904181839960010e-07
1.760000000000000142e+01,-7.826905046697352975e-07
1.760200000000000031e+01,-7.826905964198115721e-07
1.760399999999999920e+01,-7.826906858367008652e-07
1.760600000000000165e+01,-7.826907746754890071e-07
1.760800000000000054e+01,-7.826908639685596592e-07
1.760999999999999943e+01,-7.826909527988001798e-07
1.761200000000000188e+01,-7.826910421554581247e-07
1.761400000000000077e+01,-7.826911340517186276e-07
1.761599999999999966e+01,-7.826912261380001726e-07
1.761800000000000210e+01,-7.826913152050046132e-07
1.762000000000000099e+01,-7.826914044644775975e-07
1.762199999999999989e+01,-7.826914934803749289e-07
1.762399999999999878e+01,-7.826915826875908508e-07
1.762600000000000122e+01,-7.826916718072222955e-07
1.762800000000000011e+01,-7.826917635632026015e-07
1.762999999999999901e+01,-7.826918501882056554e-07
1.763200000000000145e+01,-7.826919473334609345e-07
1.763400000000000034e+01,-7.826920345762144342e-07
1.763599999999999923e+01,-7.826921231178889350e-07
1.763800000000000168e+01,-7.826922149942687276e-07
1.764000000000000057e+01,-7.826923070043185779e-07
1.764199999999999946e+01,-7.826923936601949239e-07
1.764400000000000190e+01,-7.826924825490511833e-07
1.764600000000000080e+01,-7.826925690043895144e-07
1.764799999999999969e+01,-7.826926603658938714e-07
1.765000000000000213e+01,-7.826927498725555278e-07
1.765200000000000102e+01,-7.826928472086807878e-07
1.765399999999999991e+01,-7.826929368578283149e-07
1.765599999999999881e+01,-7.826930232212525598e-07
1.765800000000000125e+01,-7.826931095448605387e-07
1.766000000000000014e+01,-7.826932010008180691e-07
1.766199999999999903e+01,-7.826932932283222409e-07
1.766400000000000148e+01,-7.826933796345527782e-07
1.766600000000000037e+01,-7.826934714500619244e-07
1.766799999999999926e+01,-7.826935579944836635e-07
1.767000000000000171e+01,-7.826936522504024099e-07
1.767200000000000060e+01,-7.826937419890073101e-07
1.767399999999999949e+01,-7.826938309024531477e-07
1.767600000000000193e+01,-7.826939200110677642e-07
1.767800000000000082e+01,-7.826940120599608513e-07
1.767999999999999972e+01,-7.826941010673268668e-07
1.768199999999999861e+01,-7.826941903677755994e-07
1.768400000000000105e+01,-7.826942796607719244e-07
1.768599999999999994e+01,-7.826943712484913589e-07
1.768799999999999883e+01,-7.826944578625626055e-07
1.769000000000000128e+01,-7.826945549475162327e-07
1.769200000000000017e+01,-7.826946391882168313e-07
1.769399999999999906e+01,-7.826947305248683945e-07
1.769600000000000151e+01,-7.826948200893286147e-07
1.769800000000000040e+01,-7.826949090184995131e-07
1.769999999999999929e+01,-7.826949981763072621e-07
1.770200000000000173e+01,-7.826950874478650773e-07
1.770400000000000063e+01,-7.826951818269071564e-07
1.770599999999999952e+01,-7.826952714122364685e-07
1.770800000000000196e+01,-7.826953602614558211e-07
1.771000000000000085e+01,-7.826954497269644877e-07
1.771199999999999974e+01,-7.826955386942835266e-07
1.771399999999999864e+01,-7.826956279341876147e-07
1.771600000000000108e+01,-7.826957195811051231e-07
1.771799999999999997e+01,-7.826958089731037177e-07
1.771999999999999886e+01,-7.826958979680417481e-07
1.772200000000000131e+01,-7.826959900663195031e-07
1.772400000000000020e+01,-7.826960793137505377e-07
1.772599999999999909e+01,-7.826961683703937537e-07
1.772800000000000153e+01,-7.826962599875698177e-07
1.773000000000000043e+01,-7.826963467963463045e-07
1.773199999999999932e+01,-7.826964383486128573e-07
1.773400000000000176e+01,-7.826965276692461733e-07
1.773600000000000065e+01,-7.826966168696081164e-07
1.773799999999999955e+01,-7.826967032187634560e-07
1.774000000000000199e+01,-7.826967975158937434e-07
1.774200000000000088e+01,-7.826968869202947004e-07
1.774399999999999977e+01,-7.826969762108818519e-07
1.774599999999999866e+01,-7.826970652948036580e-07
1.774800000000000111e+01,-7.826971599341459499e-07
1.775000000000000000e+01,-7.826972466436412814e-07
1.775199999999999889e+01,-7.826973383559366043e-07
1.775400000000000134e+01,-7.826974330259746290e-07
1.775600000000000023e+01,-7.826975199300561925e-07
1.775799999999999912e+01,-7.826976086249546125e-07
1.776000000000000156e+01,-7.826976978410334637e-07
1.776200000000000045e+01,-7.826977869163325804e-07
1.776399999999999935e+01,-7.826978785514443553e-07
1.776600000000000179e+01,-7.826979682156050120e-07
1.776800000000000068e+01,-7.826980571804513500e-07
1.776999999999999957e+01,-7.826981463176500462e-07
1.777200000000000202e+01,-7.826982326013521854e-07
1.777400000000000091e+01,-7.826983242835934029e-07
1.777599999999999980e+01,-7.826984189948821440e-07
1.777799999999999869e+01,-7.826985084142709254e-07
1.778000000000000114e+01,-7.826985978284753357e-07
1.778200000000000003e+01,-7.826986866808946730e-07
1.778399999999999892e+01,-7.826987760196337417e-07
1.778600000000000136e+01,-7.826988650527721110e-07
1.778800000000000026e+01,-7.826989512155790376e-07
1.778999999999999915e+01,-7.826990457924403676e-07
1.779200000000000159e+01,-7.826991351515387203e-07
1.779400000000000048e+01,-7.826992244419657825e-07
1.779599999999999937e+01,-7.826993161996272372e-07
1.779800000000000182e+01,-7.826994028553859515e-07
1.780000000000000071e+01,-7.826994971132388976e-07
1.780199999999999960e+01,-7.826995894712132484e-07
1.780400000000000205e+01,-7.826996732401376712e-07
1.780600000000000094e+01,-7.826997646606950477e-07
1.780799999999999983e+01,-7.826998537891991625e-07
1.780999999999999872e+01,-7.826999432411015153e-07
1.781200000000000117e+01,-7.827000321120326517e-07
1.781400000000000006e+01,-7.827001296671681269e-07
1.781599999999999895e+01,-7.827002165468665765e-07
1.781800000000000139e+01,-7.827003052918726069e-07
1.782000000000000028e+01,-7.827003943243699840e-07
1.782199999999999918e+01,-7.827004834624399595e-07
1.782400000000000162e+01,-7.827005726970802672e-07
1.782600000000000051e+01,-7.827006592138090053e-07
1.782799999999999940e+01,-7.827007505758448754e-07
1.783000000000000185e+01,-7.827008426933630896e-07
1.783200000000000074e+01,-7.827009347802998146e-07
1.783399999999999963e+01,-7.827010240284001111e-07
1.783600000000000207e+01,-7.827011129607191133e-07
1.783800000000000097e+01,-7.827012023763691972e-07
1.783999999999999986e+01,-7.827012941103328934e-07
1.784199999999999875e+01,-7.827013862075392576e-07
1.784400000000000119e+01,-7.827014727470150654e-07
1.784600000000000009e+01,-7.827015616595730007e-07
1.784799999999999898e+01,-7.827016507135344045e-07
1.785000000000000142e+01,-7.827017395772807957e-07
1.785200000000000031e+01,-7.827018317248290808e-07
1.785399999999999920e+01,-7.827019208597156947e-07
1.785600000000000165e+01,-7.827020154206376646e-07
1.785800000000000054e+01,-7.827021024130980106e-07
1.785999999999999943e+01,-7.827021913706663238e-07
1.786200000000000188e+01,-7.827022802470603992e-07
1.786400000000000077e+01,-7.827023721534668745e-07
1.786599999999999966e+01,-7.827024587960053103e-07
1.786800000000000210e+01,-7.827025503381625250e-07
1.787000000000000099e+01,-7.827026424741323990e-07
1.787199999999999989e+01,-7.827027315287571355e-07
1.787399999999999878e+01,-7.827028208260229300e-07
1.787600000000000122e+01,-7.827029125632694084e-07
1.787800000000000011e+01,-7.827030019845406146e-07
1.787999999999999901e+01,-7.827030908885427760e-07
1.788200000000000145e+01,-7.827031802741455307e-07
1.788400000000000034e+01,-7.827032719326875075e-07
1.788599999999999923e+01,-7.827033584237607823e-07
1.788800000000000168e+01,-7.827034529086068057e-07
1.789000000000000057e+01,-7.827035425137888759e-07
1.789199999999999946e+01,-7.827036315969880571e-07
1.789400000000000190e+01,-7.827037177951975727e-07
1.789600000000000080e+01,-7.827038095691940578e-07
1.789799999999999969e+01,-7.827039015868949449e-07
1.790000000000000213e+01,-7.827039881787349648e-07
1.790200000000000102e+01,-7.827040768029244508e-07
1.790399999999999991e+01,-7.827041660695063709e-07
1.790599999999999881e+01,-7.827042608742147992e-07
1.790800000000000125e+01,-7.827043502717084142e-07
1.791000000000000014e+01,-7.827044391899664577e-07
1.791199999999999903e+01,-7.827045284778623738e-07
1.791400000000000148e+01,-7.827046204140894911e-07
1.791600000000000037e+01,-7.827047066672570454e-07
1.791799999999999926e+01,-7.827047983016628184e-07
1.792000000000000171e+01,-7.827048850795314964e-07
1.792200000000000060e+01,-7.827049792581644156e-07
1.792399999999999949e+01,-7.827050689303321807e-07
1.792600000000000193e+01,-7.827051607729216055e-07
1.792800000000000082e+01,-7.827052498541408472e-07
1.792999999999999972e+01,-7.827053390764496257e-07
1.793199999999999861e+01,-7.827054253666876829e-07
1.793400000000000105e+01,-7.827055172079242903e-07
1.793599999999999994e+01,-7.827056037355847297e-07
1.793799999999999883e+01,-7.827056952001633613e-07
1.794000000000000128e+01,-7.827057899769408782e-07
1.794200000000000017e+01,-7.827058824700130666e-07
1.794399999999999906e+01,-7.827059688741481501e-07
1.794600000000000151e+01,-7.827060578105264519e-07
1.794800000000000040e+01,-7.827061497062143605e-07
1.794999999999999929e+01,-7.827062363036984786e-07
1.795200000000000173e+01,-7.827063278420620444e-07
1.795400000000000063e+01,-7.827064170609031759e-07
1.795599999999999952e+01,-7.827065062278895857e-07
1.795800000000000196e+01,-7.827065953255550308e-07
1.796000000000000085e+01,-7.827066843030524411e-07
1.796199999999999974e+01,-7.827067762807508209e-07
1.796399999999999864e+01,-7.827068683822916644e-07
1.796600000000000108e+01,-7.827069603267430480e-07
1.796799999999999997e+01,-7.827070468235088077e-07
1.796999999999999886e+01,-7.827071358592180279e-07
1.797200000000000131e+01,-7.827072248697156300e-07
1.797400000000000020e+01,-7.827073138024115619e-07
1.797599999999999909e+01,-7.827074031324458848e-07
1.797800000000000153e+01,-7.827074948427771501e-07
1.798000000000000043e+01,-7.827075871033686524e-07
1.798199999999999932e+01,-7.827076760704206641e-07
1.798400000000000176e+01,-7.827077653906910264e-07
1.798600000000000065e+01,-7.827078543200168260e-07
1.798799999999999955e+01,-7.827079436734062825e-07
1.799000000000000199e+01,-7.827080354428829997e-07
1.799200000000000088e+01,-7.827081246387776911e-07
1.799399999999999977e+01,-7.827082137763968333e-07
1.799599999999999866e+01,-7.827083029728973649e-07
1.799800000000000111e+01,-7.827083946507467166e-07
1.800000000000000000e+01,-7.827084839937858540e-07
1.800199999999999889e+01,-7.827085786732458497e-07
1.800400000000000134e+01,-7.827086651811481868e-07
1.800600000000000023e+01,-7.827087542831119006e-07
1.800799999999999912e+01,-7.827088461145526778e-07
1.801000000000000156e+01,-7.827089325337374193e-07
1.801200000000000045e+01,-7.827090215389095136e-07
1.801399999999999935e+01,-7.827091134621255695e-07
1.801600000000000179e+01,-7.827092024467999958e-07
1.801800000000000068e+01,-7.827092916741307268e-07
1.801999999999999957e+01,-7.827093810904479550e-07
1.802200000000000202e+01,-7.827094727170953297e-07
1.802400000000000091e+01,-7.827095646347380147e-07
1.802599999999999980e+01,-7.827096513737579501e-07
1.802799999999999869e+01,-7.827097429089230136e-07
1.803000000000000114e+01,-7.827098322499876113e-07
1.803200000000000003e+01,-7.827099184166209034e-07
1.803399999999999892e+01,-7.827100103170199034e-07
1.803600000000000136e+01,-7.827101022986975380e-07
1.803800000000000026e+01,-7.827101969678400372e-07
1.803999999999999915e+01,-7.827102839898256223e-07
1.804200000000000159e+01,-7.827103724245831776e-07
1.804400000000000048e+01,-7.827104618506699780e-07
1.804599999999999937e+01,-7.827105507584006725e-07
1.804800000000000182e+01,-7.827106398065576772e-07
1.805000000000000071e+01,-7.827107319511083126e-07
1.805199999999999960e+01,-7.827108237181409163e-07
1.805400000000000205e+01,-7.827109105381107317e-07
1.805600000000000094e+01,-7.827109992970304429e-07
1.805799999999999983e+01,-7.827110910093175073e-07
1.805999999999999872e+01,-7.827111804093425861e-07
1.806200000000000117e+01,-7.827112666160598065e-07
1.806400000000000006e+01,-7.827113610085291579e-07
1.806599999999999895e+01,-7.827114506324131862e-07
1.806800000000000139e+01,-7.827115397268741998e-07
1.807000000000000028e+01,-7.827116289690436775e-07
1.807199999999999918e+01,-7.827117205560676979e-07
1.807400000000000162e+01,-7.827118098112837065e-07
1.807600000000000051e+01,-7.827119017647194627e-07
1.807799999999999940e+01,-7.827119912962125253e-07
1.808000000000000185e+01,-7.827120801522403288e-07
1.808200000000000074e+01,-7.827121691470251521e-07
1.808399999999999963e+01,-7.827122584020557663e-07
1.808600000000000207e+01,-7.827123474152177106e-07
1.808800000000000097e+01,-7.827124418660916777e-07
1.808999999999999986e+01,-7.827125262498037309e-07
1.809199999999999875e+01,-7.827126203036625559e-07
1.809400000000000119e+01,-7.827127095297993940e-07
1.809600000000000009e+01,-7.827128017062775600e-07
1.809799999999999898e+01,-7.827128852346284262e-07
1.810000000000000142e+01,-7.827129765172973092e-07
1.810200000000000031e+01,-7.827130687425973955e-07
1.810399999999999920e+01,-7.827131581212740677e-07
1.810600000000000165e+01,-7.827132443872899472e-07
1.810800000000000054e+01,-7.827133387396469945e-07
1.810999999999999943e+01,-7.827134283134839753e-07
1.811200000000000188e+01,-7.827135174308333014e-07
1.811400000000000077e+01,-7.827136091451944318e-07
1.811599999999999966e+01,-7.827136985982729958e-07
1.811800000000000210e+01,-7.827137849184527147e-07
1.812000000000000099e+01,-7.827138763119923872e-07
1.812199999999999989e+01,-7.827139657815703059e-07
1.812399999999999878e+01,-7.827140576607994115e-07
1.812600000000000122e+01,-7.827141493836096955e-07
1.812800000000000011e+01,-7.827142389866727011e-07
1.812999999999999901e+01,-7.827143308428548872e-07
1.813200000000000145e+01,-7.827144172630819027e-07
1.813400000000000034e+01,-7.827145091347257223e-07
1.813599999999999923e+01,-7.827145926631504922e-07
1.813800000000000168e+01,-7.827146869819003426e-07
1.814000000000000057e+01,-7.827147764649385678e-07
1.814199999999999946e+01,-7.827148655001219923e-07
1.814400000000000190e+01,-7.827149544773020829e-07
1.814600000000000080e+01,-7.827150463510423091e-07
1.814799999999999969e+01,-7.827151385196169165e-07
1.815000000000000213e+01,-7.827152250622707920e-07
1.815200000000000102e+01,-7.827153195200849235e-07
1.815399999999999991e+01,-7.827154034462255434e-07
1.815599999999999881e+01,-7.827154922434636488e-07
1.815800000000000125e+01,-7.827155839194451869e-07
1.816000000000000014e+01,-7.827156705252898378e-07
1.816199999999999903e+01,-7.827157677333464690e-07
1.816400000000000148e+01,-7.827158572621917066e-07
1.816600000000000037e+01,-7.827159464258346656e-07
1.816799999999999926e+01,-7.827160382648756577e-07
1.817000000000000171e+01,-7.827161247483217183e-07
1.817200000000000060e+01,-7.827162109228504162e-07
1.817399999999999949e+01,-7.827163026059034090e-07
1.817600000000000193e+01,-7.827163945840967736e-07
1.817800000000000082e+01,-7.827164812068933066e-07
1.817999999999999972e+01,-7.827165726948642354e-07
1.818199999999999861e+01,-7.827166647323889757e-07
1.818400000000000105e+01,-7.827167542225292546e-07
1.818599999999999994e+01,-7.827168430404388813e-07
1.818799999999999883e+01,-7.827169351187176590e-07
1.819000000000000128e+01,-7.827170243970117155e-07
1.819200000000000017e+01,-7.827171160852135038e-07
1.819399999999999906e+01,-7.827172056515109385e-07
1.819600000000000151e+01,-7.827172918379990004e-07
1.819800000000000040e+01,-7.827173805592228867e-07
1.819999999999999929e+01,-7.827174668651993455e-07
1.820200000000000173e+01,-7.827175644330989719e-07
1.820400000000000063e+01,-7.827176536037287880e-07
1.820599999999999952e+01,-7.827177458956385924e-07
1.820800000000000196e+01,-7.827178320067652860e-07
1.821000000000000085e+01,-7.827179240245298064e-07
1.821199999999999974e+01,-7.827180102857929841e-07
1.821399999999999864e+01,-7.827181019268002142e-07
1.821600000000000108e+01,-7.827181913479715764e-07
1.821799999999999997e+01,-7.827182803211858587e-07
1.821999999999999886e+01,-7.827183721094625781e-07
1.822200000000000131e+01,-7.827184615635123713e-07
1.822400000000000020e+01,-7.827185505634015210e-07
1.822599999999999909e+01,-7.827186424227358344e-07
1.822800000000000153e+01,-7.827187317787208115e-07
1.823000000000000043e+01,-7.827188208117000445e-07
1.823199999999999932e+01,-7.827189071839816071e-07
1.823400000000000176e+01,-7.827190014584170231e-07
1.823600000000000065e+01,-7.827190881198121064e-07
1.823799999999999955e+01,-7.827191799151618685e-07
1.824000000000000199e+01,-7.827192719745578466e-07
1.824200000000000088e+01,-7.827193611913358176e-07
1.824399999999999977e+01,-7.827194474487209608e-07
1.824599999999999866e+01,-7.827195391896394328e-07
1.824800000000000111e+01,-7.827196284409688306e-07
1.825000000000000000e+01,-7.827197205668975526e-07
1.825199999999999889e+01,-7.827198094501744060e-07
1.825400000000000134e+01,-7.827198987306920298e-07
1.825600000000000023e+01,-7.827199904536377333e-07
1.825799999999999912e+01,-7.827200797632427862e-07
1.826000000000000156e+01,-7.827201689607475813e-07
1.826200000000000045e+01,-7.827202580119092235e-07
1.826399999999999935e+01,-7.827203496611595665e-07
1.826600000000000179e+01,-7.827204363479709322e-07
1.826800000000000068e+01,-7.827205279689448802e-07
1.826999999999999957e+01,-7.827206145358837196e-07
1.827200000000000202e+01,-7.827207087243554559e-07
1.827400000000000091e+01,-7.827207983966196768e-07
1.827599999999999980e+01,-7.827208901207751551e-07
1.827799999999999869e+01,-7.827209794636349332e-07
1.828000000000000114e+01,-7.827210685321621273e-07
1.828200000000000003e+01,-7.827211576323298137e-07
1.828399999999999892e+01,-7.827212467903378860e-07
1.828600000000000136e+01,-7.827213357325098931e-07
1.828800000000000026e+01,-7.827214275303137214e-07
1.828999999999999915e+01,-7.827215224882073171e-07
1.829200000000000159e+01,-7.827216092977245341e-07
1.829400000000000048e+01,-7.827216952790352759e-07
1.829599999999999937e+01,-7.827217898308293011e-07
1.829800000000000182e+01,-7.827218762971465556e-07
1.830000000000000071e+01,-7.827219680855604944e-07
1.830199999999999960e+01,-7.827220574432692895e-07
1.830400000000000205e+01,-7.827221465677967963e-07
1.830600000000000094e+01,-7.827222381418558129e-07
1.830799999999999983e+01,-7.827223248580671627e-07
1.830999999999999872e+01,-7.827224138341824270e-07
1.831200000000000117e+01,-7.827225055298641516e-07
1.831400000000000006e+01,-7.827225974166845782e-07
1.831599999999999895e+01,-7.827226867453997531e-07
1.831800000000000139e+01,-7.827227759648082908e-07
1.832000000000000028e+01,-7.827228648508928467e-07
1.832199999999999918e+01,-7.827229539891410167e-07
1.832400000000000162e+01,-7.827230431662034128e-07
1.832600000000000051e+01,-7.827231350638369561e-07
1.832799999999999940e+01,-7.827232242035972918e-07
1.833000000000000185e+01,-7.827233160037853061e-07
1.833200000000000074e+01,-7.827234025807879557e-07
1.833399999999999963e+01,-7.827234944515034273e-07
1.833600000000000207e+01,-7.827235834376654552e-07
1.833800000000000097e+01,-7.827236755142742015e-07
1.833999999999999986e+01,-7.827237645373849713e-07
1.834199999999999875e+01,-7.827238537590889683e-07
1.834400000000000119e+01,-7.827239402289671494e-07
1.834600000000000009e+01,-7.827240371083802910e-07
1.834799999999999898e+01,-7.827241268694774099e-07
1.835000000000000142e+01,-7.827242161534837507e-07
1.835200000000000031e+01,-7.827243078583811937e-07
1.835399999999999920e+01,-7.827243943912136163e-07
1.835600000000000165e+01,-7.827244859291683828e-07
1.835800000000000054e+01,-7.827245723690582094e-07
1.835999999999999943e+01,-7.827246613262390051e-07
1.836200000000000188e+01,-7.827247504113749271e-07
1.836400000000000077e+01,-7.827248422307023920e-07
1.836599999999999966e+01,-7.827249314835777309e-07
1.836800000000000210e+01,-7.827250235131119859e-07
1.837000000000000099e+01,-7.827251100373041430e-07
1.837199999999999989e+01,-7.827252016814408422e-07
1.837399999999999878e+01,-7.827252932904785078e-07
1.837600000000000122e+01,-7.827253828606227426e-07
1.837800000000000011e+01,-7.827254720421488964e-07
1.837999999999999901e+01,-7.827255636749736824e-07
1.838200000000000145e+01,-7.827256476171121077e-07
1.838400000000000034e+01,-7.827257390570166696e-07
1.838599999999999923e+01,-7.827258309309992531e-07
1.838800000000000168e+01,-7.827259203483830016e-07
1.839000000000000057e+01,-7.827260121745009179e-07
1.839199999999999946e+01,-7.827261013209814012e-07
1.839400000000000190e+01,-7.827261905425735899e-07
1.839600000000000080e+01,-7.827262823716743327e-07
1.839799999999999969e+01,-7.827263689216346085e-07
1.840000000000000213e+01,-7.827264604860404140e-07
1.840200000000000102e+01,-7.827265550073946162e-07
1.840399999999999991e+01,-7.827266450642093600e-07
1.840599999999999881e+01,-7.827267310052121331e-07
1.840800000000000125e+01,-7.827268199674174223e-07
1.841000000000000014e+01,-7.827269090027925939e-07
1.841199999999999903e+01,-7.827269982107541166e-07
1.841400000000000148e+01,-7.827270898646233303e-07
1.841600000000000037e+01,-7.827271791630583480e-07
1.841799999999999926e+01,-7.827272683694412130e-07
1.842000000000000171e+01,-7.827273573425974736e-07
1.842200000000000060e+01,-7.827274465748666184e-07
1.842399999999999949e+01,-7.827275410524712513e-07
1.842600000000000193e+01,-7.827276306053869418e-07
1.842800000000000082e+01,-7.827277194782349137e-07
1.842999999999999972e+01,-7.827278061070801090e-07
1.843200000000000216e+01,-7.827278973133877013e-07
1.843400000000000105e+01,-7.827279869373532566e-07
1.843599999999999994e+01,-7.827280756481101450e-07
1.843799999999999883e+01,-7.827281677801146343e-07
1.844000000000000128e+01,-7.827282597334014187e-07
1.844200000000000017e+01,-7.827283462843375823e-07
1.844399999999999906e+01,-7.827284380657986510e-07
1.844600000000000151e+01,-7.827285272177724606e-07
1.844800000000000040e+01,-7.827286136111311675e-07
1.844999999999999929e+01,-7.827287050161648653e-07
1.845200000000000173e+01,-7.827287944812131695e-07
1.845400000000000063e+01,-7.827288891104020774e-07
1.845599999999999952e+01,-7.827289783702505091e-07
1.845800000000000196e+01,-7.827290704454141114e-07
1.846000000000000085e+01,-7.827291569577901589e-07
1.846199999999999974e+01,-7.827292484063673853e-07
1.846399999999999864e+01,-7.827293377448968133e-07
1.846600000000000108e+01,-7.827294268567410606e-07
1.846799999999999997e+01,-7.827295160326797616e-07
1.846999999999999886e+01,-7.827296048288814162e-07
1.847200000000000131e+01,-7.827296941218359189e-07
1.847400000000000020e+01,-7.827297859849405877e-07
1.847599999999999909e+01,-7.827298751405017935e-07
1.847800000000000153e+01,-7.827299670752408857e-07
1.848000000000000043e+01,-7.827300561435603449e-07
1.848199999999999932e+01,-7.827301454084084945e-07
1.848400000000000176e+01,-7.827302372102342470e-07
1.848600000000000065e+01,-7.827303210582015610e-07
1.848799999999999955e+01,-7.827304151968338786e-07
1.849000000000000199e+01,-7.827305046799689832e-07
1.849200000000000088e+01,-7.827305937316997257e-07
1.849399999999999977e+01,-7.827306856408935747e-07
1.849599999999999866e+01,-7.827307745642675914e-07
1.849800000000000111e+01,-7.827308639316289622e-07
1.850000000000000000e+01,-7.827309557403865147e-07
1.850199999999999889e+01,-7.827310450139636564e-07
1.850400000000000134e+01,-7.827311312589381787e-07
1.850600000000000023e+01,-7.827312228675399400e-07
1.850799999999999912e+01,-7.827313123413938928e-07
1.851000000000000156e+01,-7.827314039986974016e-07
1.851200000000000045e+01,-7.827314959940935818e-07
1.851399999999999935e+01,-7.827315854546672227e-07
1.851600000000000179e+01,-7.827316744364255264e-07
1.851800000000000068e+01,-7.827317634075535666e-07
1.851999999999999957e+01,-7.827318526654682221e-07
1.852200000000000202e+01,-7.827319416490598227e-07
1.852400000000000091e+01,-7.827320362548389634e-07
1.852599999999999980e+01,-7.827321229189687984e-07
1.852799999999999869e+01,-7.827322117947871032e-07
1.853000000000000114e+01,-7.827323007954751109e-07
1.853200000000000003e+01,-7.827323899420692025e-07
1.853399999999999892e+01,-7.827324818015475114e-07
1.853600000000000136e+01,-7.827325710645344120e-07
1.853800000000000026e+01,-7.827326682527041918e-07
1.853999999999999915e+01,-7.827327526878211923e-07
1.854200000000000159e+01,-7.827328411550920014e-07
1.854400000000000048e+01,-7.827329304866109613e-07
1.854599999999999937e+01,-7.827330194402766761e-07
1.854800000000000182e+01,-7.827331082521141354e-07
1.855000000000000071e+01,-7.827332032452656893e-07
1.855199999999999960e+01,-7.827332924821909742e-07
1.855400000000000205e+01,-7.827333843693200384e-07
1.855600000000000094e+01,-7.827334681075397286e-07
1.855799999999999983e+01,-7.827335596184111461e-07
1.855999999999999872e+01,-7.827336461044923262e-07
1.856200000000000117e+01,-7.827337402552204861e-07
1.856400000000000006e+01,-7.827338299202111293e-07
1.856599999999999895e+01,-7.827339188336694606e-07
1.856800000000000139e+01,-7.827340107327805470e-07
1.857000000000000028e+01,-7.827341001953252336e-07
1.857199999999999918e+01,-7.827341891728835244e-07
1.857400000000000162e+01,-7.827342809102690220e-07
1.857600000000000051e+01,-7.827343703461458291e-07
1.857799999999999940e+01,-7.827344592329073760e-07
1.858000000000000185e+01,-7.827345485704662102e-07
1.858200000000000074e+01,-7.827346375540669164e-07
1.858399999999999963e+01,-7.827347236555528928e-07
1.858600000000000207e+01,-7.827348210449682777e-07
1.858800000000000097e+01,-7.827349078696685603e-07
1.858999999999999986e+01,-7.827349994585521358e-07
1.859199999999999875e+01,-7.827350887371763233e-07
1.859400000000000119e+01,-7.827351806785684357e-07
1.859600000000000009e+01,-7.827352669576545630e-07
1.859799999999999898e+01,-7.827353559493597863e-07
1.860000000000000142e+01,-7.827354477907576476e-07
1.860200000000000031e+01,-7.827355372289878298e-07
1.860399999999999920e+01,-7.827356258213758873e-07
1.860600000000000165e+01,-7.827357181872576083e-07
1.860800000000000054e+01,-7.827358071631912899e-07
1.860999999999999943e+01,-7.827358963640252422e-07
1.861200000000000188e+01,-7.827359854464426119e-07
1.861400000000000077e+01,-7.827360771585366586e-07
1.861599999999999966e+01,-7.827361664344380588e-07
1.861800000000000210e+01,-7.827362555368163952e-07
1.862000000000000099e+01,-7.827363447827462757e-07
1.862199999999999989e+01,-7.827364337522566947e-07
1.862399999999999878e+01,-7.827365282281899198e-07
1.862600000000000122e+01,-7.827366179765414163e-07
1.862800000000000011e+01,-7.827367092813422114e-07
1.862999999999999901e+01,-7.827367960314771249e-07
1.863200000000000145e+01,-7.827368850916212340e-07
1.863400000000000034e+01,-7.827369740600417333e-07
1.863599999999999923e+01,-7.827370658829364775e-07
1.863800000000000168e+01,-7.827371550700674483e-07
1.864000000000000057e+01,-7.827372415638178766e-07
1.864199999999999946e+01,-7.827373383945268355e-07
1.864400000000000190e+01,-7.827374254918240258e-07
1.864600000000000080e+01,-7.827375116511637288e-07
1.864799999999999969e+01,-7.827376031299613967e-07
1.865000000000000213e+01,-7.827376953474678270e-07
1.865200000000000102e+01,-7.827377816700915536e-07
1.865399999999999991e+01,-7.827378733029194101e-07
1.865599999999999881e+01,-7.827379627325557020e-07
1.865800000000000125e+01,-7.827380544606383426e-07
1.866000000000000014e+01,-7.827381438283525026e-07
1.866199999999999903e+01,-7.827382356357424146e-07
1.866400000000000148e+01,-7.827383246336185906e-07
1.866600000000000037e+01,-7.827384139779154660e-07
1.866799999999999926e+01,-7.827385029792406542e-07
1.867000000000000171e+01,-7.827385919808547866e-07
1.867200000000000060e+01,-7.827386812193770463e-07
1.867399999999999949e+01,-7.827387729222196933e-07
1.867600000000000193e+01,-7.827388649799658629e-07
1.867800000000000082e+01,-7.827389515134598182e-07
1.867999999999999972e+01,-7.827390457342169564e-07
1.868200000000000216e+01,-7.827391324838422737e-07
1.868400000000000105e+01,-7.827392241100081102e-07
1.868599999999999994e+01,-7.827393137163821675e-07
1.868799999999999883e+01,-7.827393997433726550e-07
1.869000000000000128e+01,-7.827394913478803884e-07
1.869200000000000017e+01,-7.827395836134083986e-07
1.869399999999999906e+01,-7.827396725459742051e-07
1.869600000000000151e+01,-7.827397562708799138e-07
1.869800000000000040e+01,-7.827398477001160957e-07
1.869999999999999929e+01,-7.827399424849870124e-07
1.870200000000000173e+01,-7.827400346611169419e-07
1.870400000000000063e+01,-7.827401212001518691e-07
1.870599999999999952e+01,-7.827402099918562023e-07
1.870800000000000196e+01,-7.827402990294738936e-07
1.871000000000000085e+01,-7.827403881361562162e-07
1.871199999999999974e+01,-7.827404800744737049e-07
1.871399999999999864e+01,-7.827405720995499197e-07
1.871600000000000108e+01,-7.827406639980502953e-07
1.871799999999999997e+01,-7.827407505237960167e-07
1.871999999999999886e+01,-7.827408394763876937e-07
1.872200000000000131e+01,-7.827409286071958440e-07
1.872400000000000020e+01,-7.827410201789823770e-07
1.872599999999999909e+01,-7.827411095449929421e-07
1.872800000000000153e+01,-7.827411986437016141e-07
1.873000000000000043e+01,-7.827412903559424093e-07
1.873199999999999932e+01,-7.827413771864116216e-07
1.873400000000000176e+01,-7.827414686138519878e-07
1.873600000000000065e+01,-7.827415633233818649e-07
1.873799999999999955e+01,-7.827416502024665332e-07
1.874000000000000199e+01,-7.827417390007619475e-07
1.874200000000000088e+01,-7.827418308281038264e-07
1.874399999999999977e+01,-7.827419199488733657e-07
1.874599999999999866e+01,-7.827420063556053464e-07
1.874800000000000111e+01,-7.827420952924704803e-07
1.875000000000000000e+01,-7.827421845075440093e-07
1.875199999999999889e+01,-7.827422759775687452e-07
1.875400000000000134e+01,-7.827423682352434895e-07
1.875600000000000023e+01,-7.827424573365388943e-07
1.875799999999999912e+01,-7.827425467417330976e-07
1.876000000000000156e+01,-7.827426355315913225e-07
1.876200000000000045e+01,-7.827427272823104951e-07
1.876399999999999935e+01,-7.827428166138403606e-07
1.876600000000000179e+01,-7.827429058012404761e-07
1.876800000000000068e+01,-7.827429946645254461e-07
1.876999999999999957e+01,-7.827430838339126649e-07
1.877200000000000202e+01,-7.827431756388054178e-07
1.877400000000000091e+01,-7.827432677151063736e-07
1.877599999999999980e+01,-7.827433567685558518e-07
1.877799999999999869e+01,-7.827434460029217209e-07
1.878000000000000114e+01,-7.827435351762258317e-07
1.878200000000000003e+01,-7.827436213835102466e-07
1.878399999999999892e+01,-7.827437130998395639e-07
1.878600000000000136e+01,-7.827438076060257354e-07
1.878800000000000026e+01,-7.827439001166515169e-07
1.878999999999999915e+01,-7.827439892005445240e-07
1.879200000000000159e+01,-7.827440756329684963e-07
1.879400000000000048e+01,-7.827441644103320323e-07
1.879599999999999937e+01,-7.827442561259628651e-07
1.879800000000000182e+01,-7.827443400399664558e-07
1.880000000000000071e+01,-7.827444315701755295e-07
1.880199999999999960e+01,-7.827445262598904473e-07
1.880400000000000205e+01,-7.827446101764147021e-07
1.880600000000000094e+01,-7.827447014474838924e-07
1.880799999999999983e+01,-7.827447910034253964e-07
1.880999999999999872e+01,-7.827448825776331731e-07
1.881200000000000117e+01,-7.827449745070968381e-07
1.881400000000000006e+01,-7.827450639721384719e-07
1.881599999999999895e+01,-7.827451531147551085e-07
1.881800000000000139e+01,-7.827452420466569470e-07
1.882000000000000028e+01,-7.827453310864848649e-07
1.882199999999999918e+01,-7.827454202743852593e-07
1.882400000000000162e+01,-7.827455147621714399e-07
1.882600000000000051e+01,-7.827456043352239623e-07
1.882799999999999940e+01,-7.827456930400003746e-07
1.883000000000000185e+01,-7.827457825731875031e-07
1.883200000000000074e+01,-7.827458714349451668e-07
1.883399999999999963e+01,-7.827459605358666066e-07
1.883600000000000207e+01,-7.827460551126837851e-07
1.883800000000000097e+01,-7.827461417956274924e-07
1.883999999999999986e+01,-7.827462305946766600e-07
1.884199999999999875e+01,-7.827463198175241515e-07
1.884400000000000119e+01,-7.827464114136662699e-07
1.884600000000000009e+01,-7.827465007528023853e-07
1.884799999999999898e+01,-7.827465925753997151e-07
1.885000000000000142e+01,-7.827466818676220637e-07
1.885200000000000031e+01,-7.827467709989312340e-07
1.885399999999999920e+01,-7.827468626308595414e-07
1.885600000000000165e+01,-7.827469520148311225e-07
1.885800000000000054e+01,-7.827470383904116666e-07
1.885999999999999943e+01,-7.827471271482257881e-07
1.886200000000000188e+01,-7.827472162521508067e-07
1.886400000000000077e+01,-7.827473108832519974e-07
1.886599999999999966e+01,-7.827474001758434406e-07
1.886800000000000210e+01,-7.827474921742851278e-07
1.887000000000000099e+01,-7.827475786968147710e-07
1.887199999999999989e+01,-7.827476702482151268e-07
1.887399999999999878e+01,-7.827477595413267541e-07
1.887600000000000122e+01,-7.827478484694183208e-07
1.887800000000000011e+01,-7.827479376875872258e-07
1.887999999999999901e+01,-7.827480293733573943e-07
1.888200000000000145e+01,-7.827481186611581251e-07
1.888400000000000034e+01,-7.827482077237208308e-07
1.888599999999999923e+01,-7.827482995888036391e-07
1.888800000000000168e+01,-7.827483888455601888e-07
1.889000000000000057e+01,-7.827484777589297935e-07
1.889199999999999946e+01,-7.827485670432045378e-07
1.889400000000000190e+01,-7.827486559483748635e-07
1.889600000000000080e+01,-7.827487422623011500e-07
1.889799999999999969e+01,-7.827488367177899643e-07
1.890000000000000213e+01,-7.827489288378672768e-07
1.890200000000000102e+01,-7.827490183664650749e-07
1.890399999999999991e+01,-7.827491071280057178e-07
1.890599999999999881e+01,-7.827491961766316611e-07
1.890800000000000125e+01,-7.827492855600897284e-07
1.891000000000000014e+01,-7.827493743241535766e-07
1.891199999999999903e+01,-7.827494688773322889e-07
1.891400000000000148e+01,-7.827495556894750964e-07
1.891600000000000037e+01,-7.827496444295506539e-07
1.891799999999999926e+01,-7.827497364713822391e-07
1.892000000000000171e+01,-7.827498257623192152e-07
1.892200000000000060e+01,-7.827499143110852877e-07
1.892399999999999949e+01,-7.827500065761483827e-07
1.892600000000000193e+01,-7.827500957602980094e-07
1.892800000000000082e+01,-7.827501875599786509e-07
1.892999999999999972e+01,-7.827502714445875514e-07
1.893200000000000216e+01,-7.827503600486191355e-07
1.893400000000000105e+01,-7.827504544335289295e-07
1.893599999999999994e+01,-7.827505468885313280e-07
1.893799999999999883e+01,-7.827506359423244898e-07
1.894000000000000128e+01,-7.827507251852015577e-07
1.894200000000000017e+01,-7.827508169721772344e-07
1.894399999999999906e+01,-7.827509034587254474e-07
1.894600000000000151e+01,-7.827509921993837636e-07
1.894800000000000040e+01,-7.827510841829378938e-07
1.894999999999999929e+01,-7.827511734203445053e-07
1.895200000000000173e+01,-7.827512622361631253e-07
1.895400000000000063e+01,-7.827513542485444338e-07
1.895599999999999952e+01,-7.827514433942405645e-07
1.895800000000000196e+01,-7.827515326341631814e-07
1.896000000000000085e+01,-7.827516242365202982e-07
1.896199999999999974e+01,-7.827517138756661662e-07
1.896399999999999864e+01,-7.827518025538725314e-07
1.896600000000000108e+01,-7.827518916550135644e-07
1.896799999999999997e+01,-7.827519808870496693e-07
1.896999999999999886e+01,-7.827520697436178798e-07
1.897200000000000131e+01,-7.827521589889107915e-07
1.897400000000000020e+01,-7.827522562763296453e-07
1.897599999999999909e+01,-7.827523432817247137e-07
1.897800000000000153e+01,-7.827524318322115336e-07
1.898000000000000043e+01,-7.827525208760495172e-07
1.898199999999999932e+01,-7.827526100555023462e-07
1.898400000000000176e+01,-7.827527020726122160e-07
1.898600000000000065e+01,-7.827527910421456108e-07
1.898799999999999955e+01,-7.827528802866074773e-07
1.899000000000000199e+01,-7.827529748744265549e-07
1.899200000000000088e+01,-7.827530615217594090e-07
1.899399999999999977e+01,-7.827531502643110555e-07
1.899599999999999866e+01,-7.827532368864585495e-07
1.899800000000000111e+01,-7.827533283733923924e-07
1.900000000000000000e+01,-7.827534202926026177e-07
1.900199999999999889e+01,-7.827535068334822768e-07
1.900400000000000134e+01,-7.827535984709508150e-07
1.900600000000000023e+01,-7.827536876634735741e-07
1.900799999999999912e+01,-7.827537793947529171e-07
1.901000000000000156e+01,-7.827538715911158168e-07
1.901200000000000045e+01,-7.827539634370031644e-07
1.901399999999999935e+01,-7.827540501408947377e-07
1.901600000000000179e+01,-7.827541388646119714e-07
1.901800000000000068e+01,-7.827542280163576115e-07
1.901999999999999957e+01,-7.827543197421140879e-07
1.902200000000000202e+01,-7.827544062843229534e-07
1.902400000000000091e+01,-7.827544978529486771e-07
1.902599999999999980e+01,-7.827545843757014075e-07
1.902799999999999869e+01,-7.827546787673829123e-07
1.903000000000000114e+01,-7.827547680865468379e-07
1.903200000000000003e+01,-7.827548571488780919e-07
1.903399999999999892e+01,-7.827549463453865645e-07
1.903600000000000136e+01,-7.827550352038174004e-07
1.903800000000000026e+01,-7.827551243073732185e-07
1.903999999999999915e+01,-7.827552189242544201e-07
1.904200000000000159e+01,-7.827553056989587948e-07
1.904400000000000048e+01,-7.827553973634416490e-07
1.904599999999999937e+01,-7.827554864740436165e-07
1.904800000000000182e+01,-7.827555811012064217e-07
1.905000000000000071e+01,-7.827556677949812452e-07
1.905199999999999960e+01,-7.827557594670057630e-07
1.905400000000000205e+01,-7.827558458543914054e-07
1.905600000000000094e+01,-7.827559348584023233e-07
1.905799999999999983e+01,-7.827560209837461473e-07
1.905999999999999872e+01,-7.827561153184387460e-07
1.906200000000000117e+01,-7.827562049220049951e-07
1.906400000000000006e+01,-7.827562966535340010e-07
1.906599999999999895e+01,-7.827563859530422094e-07
1.906800000000000139e+01,-7.827564751102328949e-07
1.907000000000000028e+01,-7.827565640458493964e-07
1.907199999999999918e+01,-7.827566559360268263e-07
1.907400000000000162e+01,-7.827567451574051391e-07
1.907600000000000051e+01,-7.827568313726723101e-07
1.907799999999999940e+01,-7.827569230846516898e-07
1.908000000000000185e+01,-7.827570150896088603e-07
1.908200000000000074e+01,-7.827571068772909626e-07
1.908399999999999963e+01,-7.827571936043824506e-07
1.908600000000000207e+01,-7.827572849802503688e-07
1.908800000000000097e+01,-7.827573773634304084e-07
1.908999999999999986e+01,-7.827574635459928962e-07
1.909199999999999875e+01,-7.827575554797436067e-07
1.909400000000000119e+01,-7.827576418509034859e-07
1.909600000000000009e+01,-7.827577308024162547e-07
1.909799999999999898e+01,-7.827578251049211779e-07
1.910000000000000142e+01,-7.827579090652643530e-07
1.910200000000000031e+01,-7.827580033758085718e-07
1.910399999999999920e+01,-7.827580900919175365e-07
1.910600000000000165e+01,-7.827581815219845519e-07
1.910800000000000054e+01,-7.827582682400215754e-07
1.910999999999999943e+01,-7.827583622811714122e-07
1.911200000000000188e+01,-7.827584520534713889e-07
1.911400000000000077e+01,-7.827585410813612244e-07
1.911599999999999966e+01,-7.827586301389387178e-07
1.911800000000000210e+01,-7.827587216636161370e-07
1.912000000000000099e+01,-7.827588084966770583e-07
1.912199999999999989e+01,-7.827589028456069045e-07
1.912399999999999878e+01,-7.827589922305988426e-07
1.912600000000000122e+01,-7.827590810559531478e-07
1.912800000000000011e+01,-7.827591732201186311e-07
1.912999999999999901e+01,-7.827592593777107993e-07
1.913200000000000145e+01,-7.827593512081984527e-07
1.913400000000000034e+01,-7.827594377289893490e-07
1.913599999999999923e+01,-7.827595346732584270e-07
1.913800000000000168e+01,-7.827596217153351042e-07
1.914000000000000057e+01,-7.827597102581802046e-07
1.914199999999999946e+01,-7.827598025416490080e-07
1.914400000000000190e+01,-7.827598915268152428e-07
1.914600000000000080e+01,-7.827599777440607651e-07
1.914799999999999969e+01,-7.827600722328979019e-07
1.915000000000000213e+01,-7.827601590807324543e-07
1.915200000000000102e+01,-7.827602449671364366e-07
1.915399999999999991e+01,-7.827603367003660729e-07
1.915599999999999881e+01,-7.827604258267451938e-07
1.915800000000000125e+01,-7.827605148692709116e-07
1.916000000000000014e+01,-7.827606095939237150e-07
1.916199999999999903e+01,-7.827606990265030228e-07
1.916400000000000148e+01,-7.827607878486584022e-07
1.916600000000000037e+01,-7.827608770803662819e-07
1.916799999999999926e+01,-7.827609687948801958e-07
1.917000000000000171e+01,-7.827610554974851261e-07
1.917200000000000060e+01,-7.827611468861842170e-07
1.917399999999999949e+01,-7.827612389769204141e-07
1.917600000000000193e+01,-7.827613282612120991e-07
1.917800000000000082e+01,-7.827614172725848980e-07
1.917999999999999972e+01,-7.827615066082347317e-07
1.918200000000000216e+01,-7.827615952328231702e-07
1.918400000000000105e+01,-7.827616844486359472e-07
1.918599999999999994e+01,-7.827617761380119350e-07
1.918799999999999883e+01,-7.827618656487562903e-07
1.919000000000000128e+01,-7.827619545241541490e-07
1.919200000000000017e+01,-7.827620436454433431e-07
1.919399999999999906e+01,-7.827621326547403819e-07
1.919600000000000151e+01,-7.827622272300270777e-07
1.919800000000000040e+01,-7.827623194808037974e-07
1.919999999999999929e+01,-7.827624059963511363e-07
1.920200000000000173e+01,-7.827624975328259245e-07
1.920400000000000063e+01,-7.827625838700026301e-07
1.920599999999999952e+01,-7.827626727944299322e-07
1.920800000000000196e+01,-7.827627617928964901e-07
1.921000000000000085e+01,-7.827628566118784824e-07
1.921199999999999974e+01,-7.827629460484046461e-07
1.921399999999999864e+01,-7.827630350030310022e-07
1.921600000000000108e+01,-7.827631241549851182e-07
1.921799999999999997e+01,-7.827632129294206731e-07
1.921999999999999886e+01,-7.827633023109679400e-07
1.922200000000000131e+01,-7.827633939407417133e-07
1.922400000000000020e+01,-7.827634859548998851e-07
1.922599999999999909e+01,-7.827635724034434238e-07
1.922800000000000153e+01,-7.827636614252197990e-07
1.923000000000000043e+01,-7.827637503172729725e-07
1.923199999999999932e+01,-7.827638420167967327e-07
1.923400000000000176e+01,-7.827639287691964005e-07
1.923600000000000065e+01,-7.827640202627056543e-07
1.923799999999999955e+01,-7.827641148169481341e-07
1.924000000000000199e+01,-7.827642017252651800e-07
1.924200000000000088e+01,-7.827642905051719324e-07
1.924399999999999977e+01,-7.827643822317552189e-07
1.924599999999999866e+01,-7.827644718107329485e-07
1.924800000000000111e+01,-7.827645632563423832e-07
1.925000000000000000e+01,-7.827646525157625338e-07
1.925199999999999889e+01,-7.827647418689858660e-07
1.925400000000000134e+01,-7.827648306385758630e-07
1.925600000000000023e+01,-7.827649225674165353e-07
1.925799999999999912e+01,-7.827650092119749329e-07
1.926000000000000156e+01,-7.827651006756504157e-07
1.926200000000000045e+01,-7.827651898729323353e-07
1.926399999999999935e+01,-7.827652787523367658e-07
1.926600000000000179e+01,-7.827653708137280358e-07
1.926800000000000068e+01,-7.827654600157587397e-07
1.926999999999999957e+01,-7.827655490722372078e-07
1.927200000000000202e+01,-7.827656407612123372e-07
1.927400000000000091e+01,-7.827657302211856435e-07
1.927599999999999980e+01,-7.827658189218016418e-07
1.927799999999999869e+01,-7.827659082321478485e-07
1.928000000000000114e+01,-7.827659972499009231e-07
1.928200000000000003e+01,-7.827660864146181316e-07
1.928399999999999892e+01,-7.827661753706665501e-07
1.928600000000000136e+01,-7.827662699047275171e-07
1.928800000000000026e+01,-7.827663620433516748e-07
1.928999999999999915e+01,-7.827664515518346638e-07
1.929200000000000159e+01,-7.827665375227162065e-07
1.929400000000000048e+01,-7.827666264593557120e-07
1.929599999999999937e+01,-7.827667156618632955e-07
1.929800000000000182e+01,-7.827668099770304083e-07
1.930000000000000071e+01,-7.827668994980892956e-07
1.930199999999999960e+01,-7.827669829492363909e-07
1.930400000000000205e+01,-7.827670773531140055e-07
1.930600000000000094e+01,-7.827671666768394152e-07
1.930799999999999983e+01,-7.827672557486260980e-07
1.930999999999999872e+01,-7.827673476083624343e-07
1.931200000000000117e+01,-7.827674367598102364e-07
1.931400000000000006e+01,-7.827675259197471086e-07
1.931599999999999895e+01,-7.827676148470484994e-07
1.931800000000000139e+01,-7.827677039074406832e-07
1.932000000000000028e+01,-7.827677957307115100e-07
1.932199999999999918e+01,-7.827678879699281359e-07
1.932400000000000162e+01,-7.827679768556884898e-07
1.932600000000000051e+01,-7.827680659269156015e-07
1.932799999999999940e+01,-7.827681576718132225e-07
1.933000000000000185e+01,-7.827682445194080646e-07
1.933200000000000074e+01,-7.827683331898795367e-07
1.933399999999999963e+01,-7.827684250350722114e-07
1.933600000000000207e+01,-7.827685169490778428e-07
1.933800000000000097e+01,-7.827686061998168587e-07
1.933999999999999986e+01,-7.827686924546127280e-07
1.934199999999999875e+01,-7.827687840432103240e-07
1.934400000000000119e+01,-7.827688759960141936e-07
1.934600000000000009e+01,-7.827689600166249275e-07
1.934799999999999898e+01,-7.827690565981276877e-07
1.935000000000000142e+01,-7.827691437390860383e-07
1.935200000000000031e+01,-7.827692354061309554e-07
1.935399999999999920e+01,-7.827693215932210460e-07
1.935600000000000165e+01,-7.827694107253123453e-07
1.935800000000000054e+01,-7.827695024499141041e-07
1.935999999999999943e+01,-7.827695943676834205e-07
1.936200000000000188e+01,-7.827696836742132143e-07
1.936400000000000077e+01,-7.827697725569470137e-07
1.936599999999999966e+01,-7.827698645303075260e-07
1.936800000000000210e+01,-7.827699509928461665e-07
1.937000000000000099e+01,-7.827700397077531988e-07
1.937199999999999989e+01,-7.827701288256069331e-07
1.937399999999999878e+01,-7.827702206983944589e-07
1.937600000000000122e+01,-7.827703125859352871e-07
1.937800000000000011e+01,-7.827704047139191227e-07
1.937999999999999901e+01,-7.827704911052873022e-07
1.938200000000000145e+01,-7.827705828498884617e-07
1.938400000000000034e+01,-7.827706692766431367e-07
1.938599999999999923e+01,-7.827707608119059266e-07
1.938800000000000168e+01,-7.827708500026592339e-07
1.939000000000000057e+01,-7.827709392607524016e-07
1.939199999999999946e+01,-7.827710253360867651e-07
1.939400000000000190e+01,-7.827711199508555724e-07
1.939600000000000080e+01,-7.827712090683647760e-07
1.939799999999999969e+01,-7.827713010699534024e-07
1.940000000000000213e+01,-7.827713875510669461e-07
1.940200000000000102e+01,-7.827714791225482296e-07
1.940399999999999991e+01,-7.827715683582126001e-07
1.940599999999999881e+01,-7.827716572666144624e-07
1.940800000000000125e+01,-7.827717464455548364e-07
1.941000000000000014e+01,-7.827718409323637528e-07
1.941199999999999903e+01,-7.827719303233039797e-07
1.941400000000000148e+01,-7.827720195880431797e-07
1.941600000000000037e+01,-7.827721086283588827e-07
1.941799999999999926e+01,-7.827721974091986419e-07
1.942000000000000171e+01,-7.827722866810541892e-07
1.942200000000000060e+01,-7.827723810130628581e-07
1.942399999999999949e+01,-7.827724680060586348e-07
1.942600000000000193e+01,-7.827725564751363769e-07
1.942800000000000082e+01,-7.827726457407214452e-07
1.942999999999999972e+01,-7.827727375475361159e-07
1.943200000000000216e+01,-7.827728238019609848e-07
1.943400000000000105e+01,-7.827729211463020408e-07
1.943599999999999994e+01,-7.827730079587548623e-07
1.943799999999999883e+01,-7.827730968165054249e-07
1.944000000000000128e+01,-7.827731831971064392e-07
1.944200000000000017e+01,-7.827732747102064003e-07
1.944399999999999906e+01,-7.827733666915924439e-07
1.944600000000000151e+01,-7.827734532958676486e-07
1.944800000000000040e+01,-7.827735474558549374e-07
1.944999999999999929e+01,-7.827736368596538657e-07
1.945200000000000173e+01,-7.827737262361200995e-07
1.945400000000000063e+01,-7.827738151307317360e-07
1.945599999999999952e+01,-7.827739040604775580e-07
1.945800000000000196e+01,-7.827739959407683135e-07
1.946000000000000085e+01,-7.827740851557337399e-07
1.946199999999999974e+01,-7.827741743300913480e-07
1.946399999999999864e+01,-7.827742660112543985e-07
1.946600000000000108e+01,-7.827743523147595327e-07
1.946799999999999997e+01,-7.827744439986988395e-07
1.946999999999999886e+01,-7.827745359629159488e-07
1.947200000000000131e+01,-7.827746226500456929e-07
1.947400000000000020e+01,-7.827747138776763867e-07
1.947599999999999909e+01,-7.827748034214589444e-07
1.947800000000000153e+01,-7.827748925142514090e-07
1.948000000000000043e+01,-7.827749814496586934e-07
1.948199999999999932e+01,-7.827750732586276865e-07
1.948400000000000176e+01,-7.827751681665390326e-07
1.948600000000000065e+01,-7.827752519919049664e-07
1.948799999999999955e+01,-7.827753432062630774e-07
1.949000000000000199e+01,-7.827754354461085194e-07
1.949200000000000088e+01,-7.827755218028199223e-07
1.949399999999999977e+01,-7.827756107452253928e-07
1.949599999999999866e+01,-7.827756997975810339e-07
1.949800000000000111e+01,-7.827757915027587390e-07
1.950000000000000000e+01,-7.827758808709762483e-07
1.950199999999999889e+01,-7.827759696711528168e-07
1.950400000000000134e+01,-7.827760588203073831e-07
1.950600000000000023e+01,-7.827761506128296434e-07
1.950799999999999912e+01,-7.827762426114765244e-07
1.951000000000000156e+01,-7.827763319821484176e-07
1.951200000000000045e+01,-7.827764209263265163e-07
1.951399999999999935e+01,-7.827765100108601979e-07
1.951600000000000179e+01,-7.827765989811702160e-07
1.951800000000000068e+01,-7.827766878754296986e-07
1.951999999999999957e+01,-7.827767771222321289e-07
1.952200000000000202e+01,-7.827768688578331398e-07
1.952400000000000091e+01,-7.827769607686935261e-07
1.952599999999999980e+01,-7.827770474890349027e-07
1.952799999999999869e+01,-7.827771414642686356e-07
1.953000000000000114e+01,-7.827772284771312524e-07
1.953200000000000003e+01,-7.827773171680049953e-07
1.953399999999999892e+01,-7.827774064537375892e-07
1.953600000000000136e+01,-7.827775006076992974e-07
1.953800000000000026e+01,-7.827775902854118460e-07
1.953999999999999915e+01,-7.827776793059829993e-07
1.954200000000000159e+01,-7.827777683743684212e-07
1.954400000000000048e+01,-7.827778573874278745e-07
1.954599999999999937e+01,-7.827779463007622214e-07
1.954800000000000182e+01,-7.827780409999413559e-07
1.955000000000000071e+01,-7.827781304922040876e-07
1.955199999999999960e+01,-7.827782166571061501e-07
1.955400000000000205e+01,-7.827783054575875446e-07
1.955600000000000094e+01,-7.827783972159269433e-07
1.955799999999999983e+01,-7.827784864581436430e-07
1.955999999999999872e+01,-7.827785812172938749e-07
1.956200000000000117e+01,-7.827786677580643726e-07
1.956400000000000006e+01,-7.827787565853810414e-07
1.956599999999999895e+01,-7.827788455922986588e-07
1.956800000000000139e+01,-7.827789346714001063e-07
1.957000000000000028e+01,-7.827790238494335198e-07
1.957199999999999918e+01,-7.827791153723176644e-07
1.957400000000000162e+01,-7.827792048184954509e-07
1.957600000000000051e+01,-7.827792936871129168e-07
1.957799999999999940e+01,-7.827793828555778226e-07
1.958000000000000185e+01,-7.827794746200663628e-07
1.958200000000000074e+01,-7.827795665939291656e-07
1.958399999999999963e+01,-7.827796559609335121e-07
1.958600000000000207e+01,-7.827797448045214720e-07
1.958800000000000097e+01,-7.827798366185494753e-07
1.958999999999999986e+01,-7.827799230762053945e-07
1.959199999999999875e+01,-7.827800093170727599e-07
1.959400000000000119e+01,-7.827801008341952805e-07
1.959600000000000009e+01,-7.827801955053825172e-07
1.959799999999999898e+01,-7.827802849641725184e-07
1.960000000000000142e+01,-7.827803740268920311e-07
1.960200000000000031e+01,-7.827804629894849438e-07
1.960399999999999920e+01,-7.827805520566432268e-07
1.960600000000000165e+01,-7.827806411987424321e-07
1.960800000000000054e+01,-7.827807328796791130e-07
1.960999999999999943e+01,-7.827808222095296298e-07
1.961200000000000188e+01,-7.827809139614087081e-07
1.961400000000000077e+01,-7.827810032864714770e-07
1.961599999999999966e+01,-7.827810923275322514e-07
1.961800000000000210e+01,-7.827811811452759656e-07
1.962000000000000099e+01,-7.827812703921349353e-07
1.962199999999999989e+01,-7.827813622570391255e-07
1.962399999999999878e+01,-7.827814511968358405e-07
1.962600000000000122e+01,-7.827815405500681723e-07
1.962800000000000011e+01,-7.827816293389666030e-07
1.962999999999999901e+01,-7.827817158260288591e-07
1.963200000000000145e+01,-7.827818099570052695e-07
1.963400000000000034e+01,-7.827819022605258838e-07
1.963599999999999923e+01,-7.827819915374835340e-07
1.963800000000000168e+01,-7.827820777474872423e-07
1.964000000000000057e+01,-7.827821692794059462e-07
1.964199999999999946e+01,-7.827822614202452009e-07
1.964400000000000190e+01,-7.827823476952027837e-07
1.964600000000000080e+01,-7.827824396593260840e-07
1.964799999999999969e+01,-7.827825285631118285e-07
1.965000000000000213e+01,-7.827826204995186226e-07
1.965200000000000102e+01,-7.827827095056190650e-07
1.965399999999999991e+01,-7.827827989832884778e-07
1.965599999999999881e+01,-7.827828876371386223e-07
1.965800000000000125e+01,-7.827829795970301460e-07
1.966000000000000014e+01,-7.827830688691702964e-07
1.966199999999999903e+01,-7.827831550165470355e-07
1.966400000000000148e+01,-7.827832465881500800e-07
1.966600000000000037e+01,-7.827833386344145063e-07
1.966799999999999926e+01,-7.827834251434035866e-07
1.967000000000000171e+01,-7.827835165838256857e-07
1.967200000000000060e+01,-7.827836087844404790e-07
1.967399999999999949e+01,-7.827836978542467988e-07
1.967600000000000193e+01,-7.827837897280750105e-07
1.967800000000000082e+01,-7.827838763424446245e-07
1.967999999999999972e+01,-7.827839651211052856e-07
1.968200000000000216e+01,-7.827840593211645384e-07
1.968400000000000105e+01,-7.827841464557875061e-07
1.968599999999999994e+01,-7.827842378424715056e-07
1.968799999999999883e+01,-7.827843270389644140e-07
1.969000000000000128e+01,-7.827844189100904847e-07
1.969200000000000017e+01,-7.827845053720562134e-07
1.969399999999999906e+01,-7.827845941364180054e-07
1.969600000000000151e+01,-7.827846860521206673e-07
1.969800000000000040e+01,-7.827847724435584094e-07
1.969999999999999929e+01,-7.827848640608546462e-07
1.970200000000000173e+01,-7.827849531825121937e-07
1.970400000000000063e+01,-7.827850451751241767e-07
1.970599999999999952e+01,-7.827851315284971051e-07
1.970800000000000196e+01,-7.827852258532468076e-07
1.971000000000000085e+01,-7.827853153446300014e-07
1.971199999999999974e+01,-7.827854043402937273e-07
1.971399999999999864e+01,-7.827854931689536845e-07
1.971600000000000108e+01,-7.827855824586302755e-07
1.971799999999999997e+01,-7.827856714592682024e-07
1.971999999999999886e+01,-7.827857659515716098e-07
1.972200000000000131e+01,-7.827858556008628149e-07
1.972400000000000020e+01,-7.827859443776973788e-07
1.972599999999999909e+01,-7.827860335521079265e-07
1.972800000000000153e+01,-7.827861226478766531e-07
1.973000000000000043e+01,-7.827862114383814818e-07
1.973199999999999932e+01,-7.827863005595992074e-07
1.973400000000000176e+01,-7.827863924956015433e-07
1.973600000000000065e+01,-7.827864789288888539e-07
1.973799999999999955e+01,-7.827865704741937489e-07
1.974000000000000199e+01,-7.827866624479719543e-07
1.974200000000000088e+01,-7.827867543174730982e-07
1.974399999999999977e+01,-7.827868407437947275e-07
1.974599999999999866e+01,-7.827869354029779191e-07
1.974800000000000111e+01,-7.827870246510324759e-07
1.975000000000000000e+01,-7.827871108367528083e-07
1.975199999999999889e+01,-7.827871998723342324e-07
1.975400000000000134e+01,-7.827872860142695260e-07
1.975600000000000023e+01,-7.827873778324881189e-07
1.975799999999999912e+01,-7.827874695095647648e-07
1.976000000000000156e+01,-7.827875614950395423e-07
1.976200000000000045e+01,-7.827876509473603294e-07
1.976399999999999935e+01,-7.827877398012021526e-07
1.976600000000000179e+01,-7.827878288180084562e-07
1.976800000000000068e+01,-7.827879180806587670e-07
1.976999999999999957e+01,-7.827880096015228439e-07
1.977200000000000202e+01,-7.827880990439128050e-07
1.977400000000000091e+01,-7.827881880776180511e-07
1.977599999999999980e+01,-7.827882770523842037e-07
1.977799999999999869e+01,-7.827883688967379982e-07
1.978000000000000114e+01,-7.827884523536420588e-07
1.978200000000000003e+01,-7.827885493720682360e-07
1.978399999999999892e+01,-7.827886391943424154e-07
1.978600000000000136e+01,-7.827887278970999247e-07
1.978800000000000026e+01,-7.827888198122609090e-07
1.978999999999999915e+01,-7.827889092875131015e-07
1.979200000000000159e+01,-7.827889952860529169e-07
1.979400000000000048e+01,-7.827890842383567086e-07
1.979599999999999937e+01,-7.827891785868737321e-07
1.979800000000000182e+01,-7.827892682597460168e-07
1.980000000000000071e+01,-7.827893599577976337e-07
1.980199999999999960e+01,-7.827894464981356152e-07
1.980400000000000205e+01,-7.827895351774829337e-07
1.980600000000000094e+01,-7.827896244392795412e-07
1.980799999999999983e+01,-7.827897161312749784e-07
1.980999999999999872e+01,-7.827898078743268088e-07
1.981200000000000117e+01,-7.827898946887242062e-07
1.981400000000000006e+01,-7.827899832937516893e-07
1.981599999999999895e+01,-7.827900752612701095e-07
1.981800000000000139e+01,-7.827901644692103505e-07
1.982000000000000028e+01,-7.827902561508642565e-07
1.982199999999999918e+01,-7.827903481687368796e-07
1.982400000000000162e+01,-7.827904345572349938e-07
1.982600000000000051e+01,-7.827905234879747031e-07
1.982799999999999940e+01,-7.827906123966243225e-07
1.983000000000000185e+01,-7.827907015078266247e-07
1.983200000000000074e+01,-7.827907904638241153e-07
1.983399999999999963e+01,-7.827908822674489658e-07
1.983600000000000207e+01,-7.827909770434528240e-07
1.983800000000000097e+01,-7.827910636645197157e-07
1.983999999999999986e+01,-7.827911525251020153e-07
1.984199999999999875e+01,-7.827912443830170191e-07
1.984400000000000119e+01,-7.827913307079624630e-07
1.984600000000000009e+01,-7.827914169134219454e-07
1.984799999999999898e+01,-7.827915084051808056e-07
1.985000000000000142e+01,-7.827916060424902293e-07
1.985200000000000031e+01,-7.827916927121561658e-07
1.985399999999999920e+01,-7.827917817214304406e-07
1.985600000000000165e+01,-7.827918707904674426e-07
1.985800000000000054e+01,-7.827919623494831540e-07
1.985999999999999943e+01,-7.827920516869995307e-07
1.986200000000000188e+01,-7.827921407124609228e-07
1.986400000000000077e+01,-7.827922324362834112e-07
1.986599999999999966e+01,-7.827923189550259701e-07
1.986800000000000210e+01,-7.827924078359486012e-07
1.987000000000000099e+01,-7.827925022763810873e-07
1.987199999999999989e+01,-7.827925917386913575e-07
1.987399999999999878e+01,-7.827926806887132425e-07
1.987600000000000122e+01,-7.827927698008446339e-07
1.987800000000000011e+01,-7.827928589812442339e-07
1.987999999999999901e+01,-7.827929478785796107e-07
1.988200000000000145e+01,-7.827930425047222706e-07
1.988400000000000034e+01,-7.827931317941606336e-07
1.988599999999999923e+01,-7.827932181120997387e-07
1.988800000000000168e+01,-7.827933097342561447e-07
1.989000000000000057e+01,-7.827933960940003491e-07
1.989199999999999946e+01,-7.827934877098840526e-07
1.989400000000000190e+01,-7.827935741850534367e-07
1.989600000000000080e+01,-7.827936712989500738e-07
1.989799999999999969e+01,-7.827937554141091664e-07
1.990000000000000213e+01,-7.827938440600984217e-07
1.990200000000000102e+01,-7.827939329160430042e-07
1.990399999999999991e+01,-7.827940303557002542e-07
1.990599999999999881e+01,-7.827941173456818641e-07
1.990800000000000125e+01,-7.827942088203840218e-07
1.991000000000000014e+01,-7.827942980844065260e-07
1.991199999999999903e+01,-7.827943870724325559e-07
1.991400000000000148e+01,-7.827944761242121086e-07
1.991600000000000037e+01,-7.827945651513712724e-07
1.991799999999999926e+01,-7.827946542214006794e-07
1.992000000000000171e+01,-7.827947458309243302e-07
1.992200000000000060e+01,-7.827948352540751026e-07
1.992399999999999949e+01,-7.827949269926114003e-07
1.992600000000000193e+01,-7.827950161060809979e-07
1.992800000000000082e+01,-7.827951023332338411e-07
1.992999999999999972e+01,-7.827951939473958443e-07
1.993200000000000216e+01,-7.827952862003160868e-07
1.993400000000000105e+01,-7.827953778344672205e-07
1.993599999999999994e+01,-7.827954644076580101e-07
1.993799999999999883e+01,-7.827955532016635201e-07
1.994000000000000128e+01,-7.827956424256970695e-07
1.994200000000000017e+01,-7.827957340409619095e-07
1.994399999999999906e+01,-7.827958231114542201e-07
1.994600000000000151e+01,-7.827959149747292483e-07
1.994800000000000040e+01,-7.827960044358869184e-07
1.994999999999999929e+01,-7.827960986540721469e-07
1.995200000000000173e+01,-7.827961828519514183e-07
1.995400000000000063e+01,-7.827962713801071675e-07
1.995599999999999952e+01,-7.827963575035775663e-07
1.995800000000000196e+01,-7.827964548012140727e-07
1.996000000000000085e+01,-7.827965416255615661e-07
1.996199999999999974e+01,-7.827966330421043241e-07
1.996400000000000219e+01,-7.827967197347360766e-07
1.996600000000000108e+01,-7.827968112509201906e-07
1.996799999999999997e+01,-7.827969004753783152e-07
1.996999999999999886e+01,-7.827969921915218147e-07
1.997200000000000131e+01,-7.827970815532782626e-07
1.997400000000000020e+01,-7.827971703913764962e-07
1.997599999999999909e+01,-7.827972621332573035e-07
1.997800000000000153e+01,-7.827973488625342425e-07
1.998000000000000043e+01,-7.827974401773792602e-07
1.998199999999999932e+01,-7.827975293842499103e-07
1.998400000000000176e+01,-7.827976187230636238e-07
1.998600000000000065e+01,-7.827977102392019980e-07
1.998799999999999955e+01,-7.827977941472937223e-07
1.999000000000000199e+01,-7.827978881325433021e-07
1.999200000000000088e+01,-7.827979802931361063e-07
1.999399999999999977e+01,-7.827980724495634143e-07
1.999599999999999866e+01,-7.827981642933354030e-07
1.999800000000000111e+01,-7.827982508843979525e-07
