0.000000000000000000e+00,-1.960000000000000284e-02
2.000000000000000042e-03,-3.919840126723574125e-02
4.000000000000000083e-03,-5.879514247403425098e-02
6.000000000000000125e-03,-7.839016231324535955e-02
8.000000000000000167e-03,-9.798339949900766732e-02
1.000000000000000021e-02,-1.175747927675139387e-01
1.200000000000000025e-02,-1.371642808777759626e-01
1.400000000000000029e-02,-1.567518026123887465e-01
1.600000000000000033e-02,-1.763372967782942113e-01
1.800000000000000211e-02,-1.959207022075440674e-01
2.000000000000000042e-02,-2.155019577580621626e-01
2.199999999999999872e-02,-2.350810023144060956e-01
2.400000000000000050e-02,-2.546577747885281906e-01
2.600000000000000228e-02,-2.742322141205356112e-01
2.800000000000000058e-02,-2.938042592794498642e-01
2.999999999999999889e-02,-3.133738492639655537e-01
3.200000000000000067e-02,-3.329409231032082195e-01
3.400000000000000244e-02,-3.525054198574913977e-01
3.600000000000000422e-02,-3.720672786190730164e-01
3.799999999999999906e-02,-3.916264385129108461e-01
4.000000000000000083e-02,-4.111828386974169525e-01
4.200000000000000261e-02,-4.307364183652115930e-01
4.399999999999999745e-02,-4.502871167438758926e-01
4.599999999999999922e-02,-4.698348730967036868e-01
4.800000000000000100e-02,-4.893796267234525876e-01
5.000000000000000278e-02,-5.089213169610938836e-01
5.200000000000000455e-02,-5.284598831845616074e-01
5.399999999999999939e-02,-5.479952648075003818e-01
5.600000000000000117e-02,-5.675274012830124892e-01
5.800000000000000294e-02,-5.870562321044040521e-01
5.999999999999999778e-02,-6.065816968059294378e-01
6.199999999999999956e-02,-6.261037349635355520e-01
6.400000000000000133e-02,-6.456222861956041337e-01
6.600000000000000311e-02,-6.651372901636937174e-01
6.800000000000000488e-02,-6.846486865732798188e-01
7.000000000000000666e-02,-7.041564151744942324e-01
7.200000000000000844e-02,-7.236604157628635514e-01
7.399999999999999634e-02,-7.431606281800455793e-01
7.599999999999999811e-02,-7.626569923145654073e-01
7.799999999999999989e-02,-7.821494481025499379e-01
8.000000000000000167e-02,-8.016379355284608543e-01
8.200000000000000344e-02,-8.211223946258268125e-01
8.400000000000000522e-02,-8.406027654779741898e-01
8.600000000000000699e-02,-8.600789882187562796e-01
8.799999999999999489e-02,-8.795510030332814866e-01
8.999999999999999667e-02,-8.990187501586399677e-01
9.199999999999999845e-02,-9.184821698846291627e-01
9.400000000000000022e-02,-9.379412025544775489e-01
9.600000000000000200e-02,-9.573957885655675071e-01
9.800000000000000377e-02,-9.768458683701561895e-01
1.000000000000000056e-01,-9.962913824760954995e-01
1.020000000000000073e-01,-1.015732271447550072e+00
1.040000000000000091e-01,-1.035168475905714480e+00
1.059999999999999970e-01,-1.054599936529528437e+00
1.079999999999999988e-01,-1.074026594056390227e+00
1.100000000000000006e-01,-1.093448389282869693e+00
1.120000000000000023e-01,-1.112865263065418331e+00
1.140000000000000041e-01,-1.132277156321078504e+00
1.160000000000000059e-01,-1.151684010028191762e+00
1.180000000000000077e-01,-1.171085765227104281e+00
1.199999999999999956e-01,-1.190482363020871182e+00
1.219999999999999973e-01,-1.209873744575959309e+00
1.239999999999999991e-01,-1.229259851122948888e+00
1.260000000000000009e-01,-1.248640623957232521e+00
1.280000000000000027e-01,-1.268016004439712852e+00
1.300000000000000044e-01,-1.287385933997498899e+00
1.320000000000000062e-01,-1.919897001533086289e-01
1.340000000000000080e-01,1.256585307324310785e-01
1.360000000000000098e-01,1.144589606541853988e-01
1.380000000000000115e-01,1.034700561638703803e-01
1.400000000000000133e-01,9.260757173799337438e-02
1.420000000000000151e-01,8.188450745277014997e-02
1.440000000000000169e-01,7.128988975121333671e-02
1.459999999999999909e-01,6.081280425401998369e-02
1.479999999999999927e-01,5.044289029031971683e-02
1.499999999999999944e-01,4.017030907746524382e-02
1.519999999999999962e-01,2.998571066994222892e-02
1.539999999999999980e-01,1.988020484538716159e-02
1.559999999999999998e-01,9.845336528129324666e-03
1.580000000000000016e-01,-1.268627582041124968e-04
1.600000000000000033e-01,-1.004385125243192553e-02
1.620000000000000051e-01,-1.991269246685633057e-02
1.640000000000000069e-01,-2.974007637508575136e-02
1.660000000000000087e-01,-3.953233718679310948e-02
1.680000000000000104e-01,-4.929546248461764285e-02
1.700000000000000122e-01,-5.903510014309953230e-02
1.720000000000000140e-01,-6.875656332560042827e-02
1.740000000000000158e-01,-7.731451681344078675e-02
1.759999999999999898e-01,-8.701985546753014666e-02
1.779999999999999916e-01,-9.671948526473926611e-02
1.799999999999999933e-01,-1.064194082518354068e-01
1.819999999999999951e-01,-1.077888386658441833e-01
1.839999999999999969e-01,-2.264860264763524089e-03
1.859999999999999987e-01,2.939442118019284719e-02
1.880000000000000004e-01,3.593990180037295173e-02
1.900000000000000022e-01,3.009324996269994307e-02
1.920000000000000040e-01,2.390994075966265675e-02
1.940000000000000058e-01,1.741848727772070393e-02
1.960000000000000075e-01,1.073233705117134645e-02
1.980000000000000093e-01,5.405836016145923809e-03
2.000000000000000111e-01,5.703939456304431624e-03
2.020000000000000129e-01,-3.155647707604351121e-03
2.040000000000000147e-01,-6.336940004280242067e-03
2.060000000000000164e-01,-8.710360693135923982e-03
2.080000000000000182e-01,-1.105981296818149204e-02
2.099999999999999922e-01,-1.342601594518188016e-02
2.119999999999999940e-01,-1.578077974154196844e-02
2.139999999999999958e-01,4.383347533001055729e-03
2.159999999999999976e-01,1.865708024850368935e-03
2.179999999999999993e-01,-2.598445396446996333e-03
2.200000000000000011e-01,-1.049374869686554163e-03
2.220000000000000029e-01,-2.272072575705552655e-05
2.240000000000000047e-01,-6.037762950713426724e-06
2.260000000000000064e-01,-3.920360429499752941e-06
2.280000000000000082e-01,-3.751153544322843869e-06
2.300000000000000100e-01,-2.356831743197118634e-06
2.320000000000000118e-01,-2.082390829261787646e-05
2.340000000000000135e-01,1.410112670762950215e-05
2.360000000000000153e-01,1.327327457461072169e-05
2.380000000000000171e-01,8.418587022808454723e-07
2.399999999999999911e-01,1.210559572871819367e-05
2.419999999999999929e-01,1.455694532664919549e-05
2.439999999999999947e-01,1.305912715430374016e-05
2.459999999999999964e-01,-2.937547793781594696e-05
2.479999999999999982e-01,2.429057274222490292e-05
2.500000000000000000e-01,-1.044188244990473802e-05
2.520000000000000018e-01,-1.464181367579267534e-05
2.540000000000000036e-01,3.376790932722861793e-05
2.560000000000000053e-01,4.183503195927251728e-06
2.580000000000000071e-01,-1.728800682194997496e-05
2.600000000000000089e-01,-6.772910073518656482e-06
2.620000000000000107e-01,-7.557401633558058496e-07
2.640000000000000124e-01,2.426841778549460038e-06
2.660000000000000142e-01,4.013800603362011055e-06
2.680000000000000160e-01,4.708786540651155317e-06
2.700000000000000178e-01,2.629062929141584570e-06
2.720000000000000195e-01,2.585635968020694175e-06
2.740000000000000213e-01,2.551289617670066123e-06
2.760000000000000231e-01,2.454899894505091495e-06
2.780000000000000249e-01,2.327901894080136591e-06
2.800000000000000266e-01,2.186552846922262816e-06
2.820000000000000284e-01,1.372413949079359652e-06
2.840000000000000302e-01,8.520087666739895038e-07
2.860000000000000320e-01,7.836545891648505346e-07
2.880000000000000338e-01,7.213833545030579053e-07
2.899999999999999800e-01,6.636742956381280756e-07
2.919999999999999818e-01,6.105763542055275828e-07
2.939999999999999836e-01,5.617280220901466059e-07
2.959999999999999853e-01,5.167877727002556654e-07
2.979999999999999871e-01,4.754429058471953962e-07
2.999999999999999889e-01,4.374057827084831818e-07
3.019999999999999907e-01,4.024117713045949341e-07
3.039999999999999925e-01,3.702174096627264266e-07
3.059999999999999942e-01,3.405987132193422084e-07
3.079999999999999960e-01,3.133496196336404971e-07
3.099999999999999978e-01,2.882805538555188729e-07
3.119999999999999996e-01,2.652171009545623015e-07
3.140000000000000013e-01,2.439988103369872263e-07
3.160000000000000031e-01,2.244780572951965425e-07
3.180000000000000049e-01,2.065190269073813312e-07
3.200000000000000067e-01,1.899967913658595631e-07
3.220000000000000084e-01,1.747963920481487854e-07
3.240000000000000102e-01,-2.025642674505223617e-05
3.260000000000000120e-01,2.072036927728074240e-05
3.280000000000000138e-01,5.050390675460231238e-06
3.300000000000000155e-01,-2.215271393025963764e-07
3.320000000000000173e-01,-2.863588717885723334e-07
3.340000000000000191e-01,-2.447831950677659130e-07
3.360000000000000209e-01,-2.248154627702836361e-07
3.380000000000000226e-01,-2.069303923386833777e-07
3.400000000000000244e-01,-1.903790895797785598e-07
3.420000000000000262e-01,-1.751473811019421678e-07
3.440000000000000280e-01,-1.611346156435433663e-07
3.460000000000000298e-01,-1.482429846516586380e-07
3.480000000000000315e-01,-1.363827411837714720e-07
3.500000000000000333e-01,-1.254713822042285987e-07
3.519999999999999796e-01,-1.154329898056527526e-07
3.539999999999999813e-01,-1.061977257070523262e-07
3.559999999999999831e-01,-9.770133155631577360e-08
3.579999999999999849e-01,-8.988469726162184870e-08
3.599999999999999867e-01,-8.269342963163062166e-08
3.619999999999999885e-01,-7.607750384525102660e-08
3.639999999999999902e-01,-6.999089223122534342e-08
3.659999999999999920e-01,-6.439124212997970886e-08
3.679999999999999938e-01,-5.923959299838910120e-08
3.699999999999999956e-01,-5.450010243449043834e-08
3.719999999999999973e-01,-5.013979793161427168e-08
3.739999999999999991e-01,-4.612834130640619534e-08
3.760000000000000009e-01,-4.243781825952197551e-08
3.780000000000000027e-01,-3.904256727638166780e-08
3.800000000000000044e-01,-3.591894350701840821e-08
3.820000000000000062e-01,-3.304523579425455715e-08
3.840000000000000080e-01,-3.040143239929626873e-08
3.860000000000000098e-01,-2.796915105074404551e-08
3.880000000000000115e-01,-2.573146550000071642e-08
3.900000000000000133e-01,-2.367280603141064255e-08
3.920000000000000151e-01,-2.177884804790974904e-08
3.940000000000000169e-01,-2.003642033537866851e-08
3.960000000000000187e-01,-1.843339592078052647e-08
3.980000000000000204e-01,-1.695862008460613524e-08
4.000000000000000222e-01,-1.560184046539569991e-08
4.020000000000000240e-01,-1.435360536330976267e-08
4.040000000000000258e-01,-1.320523599149248106e-08
4.060000000000000275e-01,-1.214874255708875417e-08
4.080000000000000293e-01,-1.117677532469496526e-08
4.100000000000000311e-01,-1.028257044094482708e-08
4.120000000000000329e-01,-9.459905820491387729e-09
4.140000000000000346e-01,-8.703056567083145012e-09
4.160000000000000364e-01,-8.006766756551986219e-09
4.179999999999999827e-01,-7.366176585366090990e-09
4.199999999999999845e-01,-6.776840061339939325e-09
4.219999999999999862e-01,-6.234651361153309423e-09
4.239999999999999880e-01,-5.735846624055351839e-09
4.259999999999999898e-01,-5.276944752691248297e-09
4.279999999999999916e-01,-4.854755347727390813e-09
4.299999999999999933e-01,-4.466347208742504904e-09
4.319999999999999951e-01,-4.109005791869124735e-09
4.339999999999999969e-01,-3.780269302450234292e-09
4.359999999999999987e-01,-3.477822797109952901e-09
4.380000000000000004e-01,-3.199574376278047083e-09
4.400000000000000022e-01,-2.943587918552426075e-09
4.420000000000000040e-01,-2.708077942448205988e-09
4.440000000000000058e-01,-2.491418373690157395e-09
4.460000000000000075e-01,-2.292088904093381174e-09
4.480000000000000093e-01,-2.108707597425762970e-09
4.500000000000000111e-01,-1.939995709215880382e-09
4.520000000000000129e-01,-1.784782776431681484e-09
4.540000000000000147e-01,-1.641985571815274270e-09
4.560000000000000164e-01,-1.510618564265486796e-09
4.580000000000000182e-01,-1.389751275865380720e-09
4.600000000000000200e-01,-1.278568348417330469e-09
4.620000000000000218e-01,-1.176268586006168348e-09
4.640000000000000235e-01,-1.082158290061085992e-09
4.660000000000000253e-01,-9.955783419890451569e-10
4.680000000000000271e-01,-9.159234412581263030e-10
4.700000000000000289e-01,-8.426423239726865688e-10
4.720000000000000306e-01,-7.752255816451114612e-10
4.740000000000000324e-01,-7.132000059972831707e-10
4.760000000000000342e-01,-6.561304000118894919e-10
4.780000000000000360e-01,-6.036414389176680828e-10
4.799999999999999822e-01,-5.553438056637993725e-10
4.819999999999999840e-01,-5.109125726654450972e-10
4.839999999999999858e-01,-4.700290850978561252e-10
4.859999999999999876e-01,-4.324255155341294454e-10
4.879999999999999893e-01,-3.978273994953429593e-10
4.899999999999999911e-01,-3.659942904299384736e-10
4.919999999999999929e-01,-3.367106350682380622e-10
4.939999999999999947e-01,-3.097687106823343584e-10
4.959999999999999964e-01,-2.849789224046439529e-10
4.979999999999999982e-01,-2.621782582701293052e-10
5.000000000000000000e-01,-2.411984327543859052e-10
5.020000000000000018e-01,-2.219033221062538530e-10
5.040000000000000036e-01,-2.041432196897563500e-10
5.060000000000000053e-01,-1.878048758174877264e-10
5.080000000000000071e-01,-1.727800680306756931e-10
5.100000000000000089e-01,-1.589530104761927021e-10
5.120000000000000107e-01,-1.462340144808838005e-10
5.140000000000000124e-01,-1.345322742096755064e-10
5.160000000000000142e-01,-1.237690817890158002e-10
5.180000000000000160e-01,-1.138598521022160526e-10
5.200000000000000178e-01,-1.047476515247947049e-10
5.220000000000000195e-01,-9.636441644644833104e-11
5.240000000000000213e-01,-8.865763678755911315e-11
5.260000000000000231e-01,-8.155592867709060556e-11
5.280000000000000249e-01,-7.502623175503764230e-11
5.300000000000000266e-01,-6.902413710041521711e-11
5.320000000000000284e-01,-6.349473377631476012e-11
5.340000000000000302e-01,-5.841464117972705594e-11
5.360000000000000320e-01,-5.373597747326819274e-11
5.380000000000000338e-01,-4.943728412754033741e-11
5.400000000000000355e-01,-4.548130622117341204e-11
5.420000000000000373e-01,-4.183774160448905377e-11
5.440000000000000391e-01,-3.848594359867618664e-11
5.460000000000000409e-01,-3.540377713218134659e-11
5.480000000000000426e-01,-3.256998837297686578e-11
5.500000000000000444e-01,-2.996121059584133661e-11
5.520000000000000462e-01,-2.756139066972806972e-11
5.540000000000000480e-01,-2.535087417765424789e-11
5.560000000000000497e-01,-2.332123730242052773e-11
5.580000000000000515e-01,-2.145561853184041468e-11
5.600000000000000533e-01,-1.973452998238478528e-11
5.620000000000000551e-01,-1.815252115289212043e-11
5.640000000000000568e-01,-1.669907961909800065e-11
5.660000000000000586e-01,-1.535752774950438493e-11
5.680000000000000604e-01,-1.412905209496884140e-11
5.700000000000000622e-01,-1.299667318210850908e-11
5.720000000000000639e-01,-1.195254312191806889e-11
5.740000000000000657e-01,-1.099300858675711368e-11
5.760000000000000675e-01,-1.010933003975367228e-11
5.779999999999999583e-01,-9.297590475298989077e-12
5.799999999999999600e-01,-8.550694874376318921e-12
5.819999999999999618e-01,-7.863223960846710270e-12
5.839999999999999636e-01,-7.235934074145689010e-12
5.859999999999999654e-01,-6.649923667279011852e-12
5.879999999999999671e-01,-6.114560247016953554e-12
5.899999999999999689e-01,-5.623952692435096878e-12
5.919999999999999707e-01,-5.169746575273137523e-12
5.939999999999999725e-01,-4.756171151365506944e-12
5.959999999999999742e-01,-4.373550133163206510e-12
5.979999999999999760e-01,-4.022688432359089461e-12
5.999999999999999778e-01,-3.697316758310975615e-12
6.019999999999999796e-01,-3.399312081819871878e-12
6.039999999999999813e-01,-3.117898300653010324e-12
6.059999999999999831e-01,-2.864077031095035863e-12
6.079999999999999849e-01,-2.637473572875137506e-12
6.099999999999999867e-01,-2.427488765555096961e-12
6.119999999999999885e-01,-2.230444995365843397e-12
6.139999999999999902e-01,-2.048958225309149839e-12
6.159999999999999920e-01,-1.875364447068150753e-12
6.179999999999999938e-01,-1.722656739477912424e-12
6.199999999999999956e-01,-1.584461728487696064e-12
6.219999999999999973e-01,-1.454725229166342615e-12
6.239999999999999991e-01,-1.337718130711706976e-12
6.260000000000000009e-01,-1.228253609930618495e-12
6.280000000000000027e-01,-1.122907322681498954e-12
6.300000000000000044e-01,-1.033447633025375012e-12
6.320000000000000062e-01,-9.403831879861712650e-13
6.340000000000000080e-01,-8.679480745232837080e-13
6.360000000000000098e-01,-7.933723122910407710e-13
6.380000000000000115e-01,-7.275569036124807099e-13
6.400000000000000133e-01,-6.666611707117908736e-13
6.420000000000000151e-01,-6.096928517607125286e-13
6.440000000000000169e-01,-5.575817585423692435e-13
6.460000000000000187e-01,-5.112923973094041230e-13
6.480000000000000204e-01,-4.701794509287537949e-13
6.500000000000000222e-01,-4.290699739950554203e-13
6.520000000000000240e-01,-3.918462776475450937e-13
6.540000000000000258e-01,-3.589316344143611559e-13
6.560000000000000275e-01,-3.254757574566724543e-13
6.580000000000000293e-01,-2.970401702384606324e-13
6.600000000000000311e-01,-2.714252433921870988e-13
6.620000000000000329e-01,-2.387534614456399140e-13
6.640000000000000346e-01,-2.214443906023433328e-13
6.660000000000000364e-01,-2.007456700869880706e-13
6.680000000000000382e-01,-1.834227214558836749e-13
6.700000000000000400e-01,-1.687157358265523044e-13
6.720000000000000417e-01,-1.532385329738872315e-13
6.740000000000000435e-01,-1.390693116221086711e-13
6.760000000000000453e-01,-1.193177501246367456e-13
6.780000000000000471e-01,-1.116190473382516757e-13
6.800000000000000488e-01,-9.702655345833477440e-14
6.820000000000000506e-01,-8.733985756848028359e-14
6.840000000000000524e-01,-7.749356711883592652e-14
6.860000000000000542e-01,-6.610684222252416475e-14
6.880000000000000560e-01,-5.954264858942792671e-14
6.900000000000000577e-01,-5.107025913275720086e-14
6.920000000000000595e-01,-4.212602489062078348e-14
6.940000000000000613e-01,-3.986394547794702703e-14
6.960000000000000631e-01,-3.153033389935444575e-14
6.980000000000000648e-01,-2.711719737646944850e-14
7.000000000000000666e-01,-2.159036838200734110e-14
7.020000000000000684e-01,-2.009156729876337977e-14
7.039999999999999591e-01,-1.597680321374639334e-14
7.059999999999999609e-01,-3.053113317719180486e-15
7.079999999999999627e-01,-5.186823193170653212e-15
7.099999999999999645e-01,5.759281940242999553e-16
7.119999999999999662e-01,3.122502256758252770e-16
7.139999999999999680e-01,9.960782199058826336e-15
7.159999999999999698e-01,7.178285743592027757e-15
7.179999999999999716e-01,4.815592369311616494e-15
7.199999999999999734e-01,8.659739592076221015e-15
7.219999999999999751e-01,5.943162628696541105e-15
7.239999999999999769e-01,1.108141356453984372e-14
7.259999999999999787e-01,1.653885361996287884e-14
7.279999999999999805e-01,1.708008734446764265e-14
7.299999999999999822e-01,1.762825996287631369e-14
7.319999999999999840e-01,2.007422006400361170e-14
7.339999999999999858e-01,2.119138198253267547e-14
7.359999999999999876e-01,2.539288224134850225e-14
7.379999999999999893e-01,2.263814136149733258e-14
7.399999999999999911e-01,2.798802856140980566e-14
7.419999999999999929e-01,3.198830089701232282e-14
7.439999999999999947e-01,3.026051631493942295e-14
7.459999999999999964e-01,2.706862511914209790e-14
7.479999999999999982e-01,2.407102295265417524e-14
7.500000000000000000e-01,2.478572902475661976e-14
7.520000000000000018e-01,3.012520788381323200e-14
7.540000000000000036e-01,3.418793026455091422e-14
7.560000000000000053e-01,3.205075094214748788e-14
7.580000000000000071e-01,3.404915238647276965e-14
7.600000000000000089e-01,3.058664432842306269e-14
7.620000000000000107e-01,3.098910017484968193e-14
7.640000000000000124e-01,2.882416527683062668e-14
7.660000000000000142e-01,2.985459102156085009e-14
7.680000000000000160e-01,3.042358032168124282e-14
7.700000000000000178e-01,2.797068132665003759e-14
7.720000000000000195e-01,3.254688185627685471e-14
7.740000000000000213e-01,2.960132139406823626e-14
7.760000000000000231e-01,3.063521658575041329e-14
7.780000000000000249e-01,2.804007026568910987e-14
7.800000000000000266e-01,3.276198756729797879e-14
7.820000000000000284e-01,3.379935220593210943e-14
7.840000000000000302e-01,3.505182255558736415e-14
7.860000000000000320e-01,3.603367604299023697e-14
7.880000000000000338e-01,3.237687895563112761e-14
7.900000000000000355e-01,3.501712808606782801e-14
7.920000000000000373e-01,3.512121149462643643e-14
7.940000000000000391e-01,3.611000387593321648e-14
7.960000000000000409e-01,3.400751902304932628e-14
7.980000000000000426e-01,3.787248292752565249e-14
8.000000000000000444e-01,3.125624759015011023e-14
8.020000000000000462e-01,3.359465483576684619e-14
8.040000000000000480e-01,3.283484595328900468e-14
8.060000000000000497e-01,3.463201947440097683e-14
8.080000000000000515e-01,3.508651702510690029e-14
8.100000000000000533e-01,4.092559624524483297e-14
8.120000000000000551e-01,3.779962454153462659e-14
8.140000000000000568e-01,3.880576415760117470e-14
8.160000000000000586e-01,3.586020369539255626e-14
8.180000000000000604e-01,3.366057432785396486e-14
8.200000000000000622e-01,3.361894096443052149e-14
8.220000000000000639e-01,3.521141711537723040e-14
8.240000000000000657e-01,3.865657793866716929e-14
8.260000000000000675e-01,3.320607677714804140e-14
8.280000000000000693e-01,3.491651412446117320e-14
8.300000000000000711e-01,3.529468384222411714e-14
8.320000000000000728e-01,3.587755093015232433e-14
8.339999999999999636e-01,4.163683287039532388e-14
8.359999999999999654e-01,3.488181965494163705e-14
8.379999999999999671e-01,3.137073933956457950e-14
8.399999999999999689e-01,3.260239300750811253e-14
8.419999999999999707e-01,3.365363543395005763e-14
8.439999999999999725e-01,3.486794186713382260e-14
8.459999999999999742e-01,3.576652862768980867e-14
8.479999999999999760e-01,3.657144032054304716e-14
8.499999999999999778e-01,3.839636941727064823e-14
8.519999999999999796e-01,3.445854712680329612e-14
8.539999999999999813e-01,3.622449562534768575e-14
8.559999999999999831e-01,3.692532390964231581e-14
8.579999999999999849e-01,3.412201077246379555e-14
8.599999999999999867e-01,3.124583924929424938e-14
8.619999999999999885e-01,3.632857903390629417e-14
8.639999999999999902e-01,3.289729599842416974e-14
8.659999999999999920e-01,3.754288546709005914e-14
8.679999999999999938e-01,3.985006769013921257e-14
8.699999999999999956e-01,3.638409018513755200e-14
8.719999999999999973e-01,4.068967385251198721e-14
8.739999999999999991e-01,3.522876435013699847e-14
8.760000000000000009e-01,3.165523398962477586e-14
8.780000000000000027e-01,3.335179354913009320e-14
8.800000000000000044e-01,3.378547441812429497e-14
8.820000000000000062e-01,3.460773334573730153e-14
8.840000000000000080e-01,3.235606227391940592e-14
8.860000000000000098e-01,3.696695727306575918e-14
8.880000000000000115e-01,3.331016018570664983e-14
8.900000000000000133e-01,3.537101167516709666e-14
8.920000000000000151e-01,3.565897577217924663e-14
8.940000000000000169e-01,3.680042381937198570e-14
8.960000000000000187e-01,3.913189217108481444e-14
8.980000000000000204e-01,3.467712228477637382e-14
9.000000000000000222e-01,4.040517920245179084e-14
9.020000000000000240e-01,3.693920169745013027e-14
9.040000000000000258e-01,3.451752772498650756e-14
9.060000000000000275e-01,3.498590306350024548e-14
9.080000000000000293e-01,4.065150993604049745e-14
9.100000000000000311e-01,3.692879335659426943e-14
9.120000000000000329e-01,3.098216128094577471e-14
9.140000000000000346e-01,3.215136490375414269e-14
9.160000000000000364e-01,3.229708167573619448e-14
9.180000000000000382e-01,3.434405537738882686e-14
9.200000000000000400e-01,3.798697467694012175e-14
9.220000000000000417e-01,3.515937541109792619e-14
9.240000000000000435e-01,3.732777975606893506e-14
9.260000000000000453e-01,3.019112737590035067e-14
9.280000000000000471e-01,3.491998357141312681e-14
9.300000000000000488e-01,3.251912628066122579e-14
9.320000000000000506e-01,4.073130721593543058e-14
9.340000000000000524e-01,3.808758863854677656e-14
9.360000000000000542e-01,3.603714548994219058e-14
9.380000000000000560e-01,3.215136490375414269e-14
9.400000000000000577e-01,3.307770723992575768e-14
9.420000000000000595e-01,3.459038611097753346e-14
9.440000000000000613e-01,3.557917849228431351e-14
9.460000000000000631e-01,3.659919589615867608e-14
9.480000000000000648e-01,4.114764085016986428e-14
9.500000000000000666e-01,3.515243651719401896e-14
9.520000000000000684e-01,3.618286226192424238e-14
9.540000000000000702e-01,3.239075674343894207e-14
9.560000000000000719e-01,3.093705847057037772e-14
9.580000000000000737e-01,3.442732210423571360e-14
9.599999999999999645e-01,3.467712228477637382e-14
9.619999999999999662e-01,4.081804338973427093e-14
9.639999999999999680e-01,3.037847751130584584e-14
9.659999999999999698e-01,3.893413369482345843e-14
9.679999999999999716e-01,3.284872374109681914e-14
9.699999999999999734e-01,3.723410468836618747e-14
9.719999999999999751e-01,3.852473895449293195e-14
9.739999999999999769e-01,3.531203107698388521e-14
9.759999999999999787e-01,3.306729889906989683e-14
9.779999999999999805e-01,3.327546571618711369e-14
9.799999999999999822e-01,3.827840822090422535e-14
9.819999999999999840e-01,3.529121439527216353e-14
9.839999999999999858e-01,3.642225410160904175e-14
9.859999999999999876e-01,3.703287676515287785e-14
9.879999999999999893e-01,3.536407278126318943e-14
9.899999999999999911e-01,3.636327350342583031e-14
9.919999999999999929e-01,3.295974604355933479e-14
9.939999999999999947e-01,3.349404087416019138e-14
9.959999999999999964e-01,3.419486915845482145e-14
9.979999999999999982e-01,3.301872664174254624e-14
1.000000000000000000e+00,3.670674875166923812e-14
1.002000000000000002e+00,3.445507767985134251e-14
1.004000000000000004e+00,3.516978375195378703e-14
1.006000000000000005e+00,3.596775655090311830e-14
1.008000000000000007e+00,3.709185736333608929e-14
1.010000000000000009e+00,4.229255834431455696e-14
1.012000000000000011e+00,3.164482564876891502e-14
1.014000000000000012e+00,3.326852682228320646e-14
1.016000000000000014e+00,3.374384105470085160e-14
1.018000000000000016e+00,3.443426099813962082e-14
1.020000000000000018e+00,3.493386135922094127e-14
1.022000000000000020e+00,3.733471864997284229e-14
1.024000000000000021e+00,4.115457974407377151e-14
1.026000000000000023e+00,3.926026170830709816e-14
1.028000000000000025e+00,3.635980405647387670e-14
1.030000000000000027e+00,3.306382945211794322e-14
1.032000000000000028e+00,3.439262763471617745e-14
1.034000000000000030e+00,3.418793026455091422e-14
1.036000000000000032e+00,3.676572934985244956e-14
1.038000000000000034e+00,3.346281585159260885e-14
1.040000000000000036e+00,3.429548312006147626e-14
1.042000000000000037e+00,3.502753642692368885e-14
1.044000000000000039e+00,3.624184286010745382e-14
1.046000000000000041e+00,3.669980985776533089e-14
1.048000000000000043e+00,3.896535871739104095e-14
1.050000000000000044e+00,3.584285646063278818e-14
1.052000000000000046e+00,3.302219608869449985e-14
1.054000000000000048e+00,3.369526879737350100e-14
1.056000000000000050e+00,3.440997486947594552e-14
1.058000000000000052e+00,3.603714548994219058e-14
1.060000000000000053e+00,3.591918429357576770e-14
1.062000000000000055e+00,3.813963034282608078e-14
1.064000000000000057e+00,3.111400026512001205e-14
1.066000000000000059e+00,3.585673424844060264e-14
1.068000000000000060e+00,3.728961583959744530e-14
1.070000000000000062e+00,3.420874694626263590e-14
1.072000000000000064e+00,3.148523108897904876e-14
1.074000000000000066e+00,3.663389036567821222e-14
1.076000000000000068e+00,3.337607967779376850e-14
1.078000000000000069e+00,3.433364703653296601e-14
1.080000000000000071e+00,3.506916979034713222e-14
1.082000000000000073e+00,3.667552372910165559e-14
1.084000000000000075e+00,3.774758283725532237e-14
1.086000000000000076e+00,3.866698627952303013e-14
1.088000000000000078e+00,3.510386425986666836e-14
1.090000000000000080e+00,3.324077124666757754e-14
1.092000000000000082e+00,3.365710488090201125e-14
1.094000000000000083e+00,3.518366153976160149e-14
1.096000000000000085e+00,3.506570034339517861e-14
1.098000000000000087e+00,3.711614349199976459e-14
1.100000000000000089e+00,3.715430740847125435e-14
1.102000000000000091e+00,3.217218158546586437e-14
1.104000000000000092e+00,3.614469834545275262e-14
1.106000000000000094e+00,3.261280134836397337e-14
1.108000000000000096e+00,3.766778555736038925e-14
1.110000000000000098e+00,3.565550632522729302e-14
1.112000000000000099e+00,3.659225700225476885e-14
1.114000000000000101e+00,3.366751322175787209e-14
1.116000000000000103e+00,3.447936380851501781e-14
1.118000000000000105e+00,3.524264213794481293e-14
1.120000000000000107e+00,3.603367604299023697e-14
1.122000000000000108e+00,3.675185156204463510e-14
1.124000000000000110e+00,3.907291157290160299e-14
1.126000000000000112e+00,3.600592046737460805e-14
1.128000000000000114e+00,3.646735691198443874e-14
1.130000000000000115e+00,3.822636651662492113e-14
1.132000000000000117e+00,3.408037740904035218e-14
1.134000000000000119e+00,3.653674585102351102e-14
1.136000000000000121e+00,3.677960713766026402e-14
1.138000000000000123e+00,3.474651122381544610e-14
1.140000000000000124e+00,3.545080895506202978e-14
1.142000000000000126e+00,3.506916979034713222e-14
1.144000000000000128e+00,3.410466353770402748e-14
1.146000000000000130e+00,3.785513569276588441e-14
1.148000000000000131e+00,3.511774204767448282e-14
1.150000000000000133e+00,3.722369634751032663e-14
1.152000000000000135e+00,3.719247132494274410e-14
1.153999999999999915e+00,3.459385555792948708e-14
1.155999999999999917e+00,3.555489236362063821e-14
1.157999999999999918e+00,3.564856743132338579e-14
1.159999999999999920e+00,3.802513859341161151e-14
1.161999999999999922e+00,3.844494167459799883e-14
1.163999999999999924e+00,3.241157342515066375e-14
1.165999999999999925e+00,3.722369634751032663e-14
1.167999999999999927e+00,3.027786354969919103e-14
1.169999999999999929e+00,3.460773334573730153e-14
1.171999999999999931e+00,3.584632590758474180e-14
1.173999999999999932e+00,3.383057722849969196e-14
1.175999999999999934e+00,3.407343851513644495e-14
1.177999999999999936e+00,3.128400316576573914e-14
1.179999999999999938e+00,3.590183705881599963e-14
1.181999999999999940e+00,4.108866025198665284e-14
1.183999999999999941e+00,3.859412789353200424e-14
1.185999999999999943e+00,3.605102327775000504e-14
1.187999999999999945e+00,3.292852102099175227e-14
1.189999999999999947e+00,3.326852682228320646e-14
1.191999999999999948e+00,3.483324739761428646e-14
1.193999999999999950e+00,3.530162273612802437e-14
1.195999999999999952e+00,3.662695147177430499e-14
1.197999999999999954e+00,4.141131881851833896e-14
1.199999999999999956e+00,3.882311139236094277e-14
1.201999999999999957e+00,2.807823418216059963e-14
1.203999999999999959e+00,4.143213550023006064e-14
1.205999999999999961e+00,3.393119119010634677e-14
1.207999999999999963e+00,3.504141421473150331e-14
1.209999999999999964e+00,3.556877015142845266e-14
1.211999999999999966e+00,3.741798537681972903e-14
1.213999999999999968e+00,3.479855292809475031e-14
1.215999999999999970e+00,3.571795637036245807e-14
1.217999999999999972e+00,3.224503997145689027e-14
1.219999999999999973e+00,3.692185446269036220e-14
1.221999999999999975e+00,3.437181095300445577e-14
1.223999999999999977e+00,3.927413949611491262e-14
1.225999999999999979e+00,3.310199336858943298e-14
1.227999999999999980e+00,3.754982436099396637e-14
1.229999999999999982e+00,3.493733080617289488e-14
1.231999999999999984e+00,3.594000097528748938e-14
1.233999999999999986e+00,3.700859063648920255e-14
1.235999999999999988e+00,3.694961003830599111e-14
1.237999999999999989e+00,3.142971993774779094e-14
1.239999999999999991e+00,3.644307078332076344e-14
1.241999999999999993e+00,3.233177614525573063e-14
1.243999999999999995e+00,3.815697757758584885e-14
1.245999999999999996e+00,3.530856163003193160e-14
1.247999999999999998e+00,3.959679806264659874e-14
1.250000000000000000e+00,3.344199916988088717e-14
1.252000000000000002e+00,3.356689926015121728e-14
1.254000000000000004e+00,3.561387296180384965e-14
1.256000000000000005e+00,3.683164884193956823e-14
1.258000000000000007e+00,4.078681836716668840e-14
1.260000000000000009e+00,3.437181095300445577e-14
1.262000000000000011e+00,3.634245682171410863e-14
1.264000000000000012e+00,3.289382655147221612e-14
1.266000000000000014e+00,3.377506607726843413e-14
1.268000000000000016e+00,3.391384395534657870e-14
1.270000000000000018e+00,3.621061783753987129e-14
1.272000000000000020e+00,4.011374565848768725e-14
1.274000000000000021e+00,3.811534421416240548e-14
1.276000000000000023e+00,3.520100877452136956e-14
1.278000000000000025e+00,3.218952882022563244e-14
1.280000000000000027e+00,2.967071033310730854e-14
1.282000000000000028e+00,3.425384975663803289e-14
1.284000000000000030e+00,3.478120569333498224e-14
1.286000000000000032e+00,3.703287676515287785e-14
1.288000000000000034e+00,3.664776815348602668e-14
1.290000000000000036e+00,3.428854422615756903e-14
1.292000000000000037e+00,3.515243651719401896e-14
1.294000000000000039e+00,3.601632880823046889e-14
1.296000000000000041e+00,3.770594947383187900e-14
1.298000000000000043e+00,3.853861674230074641e-14
1.300000000000000044e+00,3.267178194654718482e-14
1.302000000000000046e+00,3.210279264642679209e-14
1.304000000000000048e+00,3.823330541052882836e-14
1.306000000000000050e+00,3.392772174315439315e-14
1.308000000000000052e+00,4.004782616640056858e-14
1.310000000000000053e+00,3.714736851456734712e-14
1.312000000000000055e+00,3.453834440669822925e-14
1.314000000000000057e+00,3.088848621324302712e-14
1.316000000000000059e+00,3.577693696854566952e-14
1.318000000000000060e+00,3.296668493746324202e-14
1.320000000000000062e+00,3.815697757758584885e-14
1.322000000000000064e+00,3.927760894306686623e-14
1.324000000000000066e+00,3.703287676515287785e-14
1.326000000000000068e+00,3.345587695768870162e-14
1.328000000000000069e+00,3.760533551222522419e-14
1.330000000000000071e+00,3.966618700168567102e-14
1.332000000000000073e+00,3.685246552365128991e-14
1.334000000000000075e+00,3.409772464380012025e-14
1.336000000000000076e+00,3.512815038853034366e-14
1.338000000000000078e+00,3.618633170887619599e-14
1.340000000000000080e+00,3.233871503915963785e-14
1.342000000000000082e+00,3.424691086273412566e-14
1.344000000000000083e+00,3.522876435013699847e-14
1.346000000000000085e+00,3.523570324404090570e-14
1.348000000000000087e+00,3.668246262300556282e-14
1.350000000000000089e+00,3.487835020798968344e-14
1.352000000000000091e+00,3.119726699196689879e-14
1.354000000000000092e+00,3.632857903390629417e-14
1.356000000000000094e+00,3.322342401190780947e-14
1.358000000000000096e+00,3.504141421473150331e-14
1.360000000000000098e+00,3.524958103184872016e-14
1.362000000000000099e+00,4.009986787067987279e-14
1.364000000000000101e+00,2.983377433984912841e-14
1.366000000000000103e+00,3.529468384222411714e-14
1.368000000000000105e+00,3.499631140435610632e-14
1.370000000000000107e+00,4.035660694512444024e-14
1.372000000000000108e+00,3.744574095243535794e-14
1.374000000000000110e+00,3.828187766785617896e-14
1.376000000000000112e+00,3.290076544537612335e-14
1.378000000000000114e+00,3.274117088558625710e-14
1.380000000000000115e+00,3.423303307492631120e-14
1.382000000000000117e+00,3.480549182199865754e-14
1.384000000000000119e+00,3.609959553507735563e-14
1.386000000000000121e+00,3.646388746503248512e-14
1.388000000000000123e+00,3.455222219450604371e-14
1.390000000000000124e+00,3.507263923729908583e-14
1.392000000000000126e+00,3.688369054621887244e-14
1.394000000000000128e+00,3.328934350399492814e-14
1.396000000000000130e+00,3.886127530883243253e-14
1.398000000000000131e+00,3.528080605441630269e-14
1.400000000000000133e+00,3.209238430557093125e-14
1.402000000000000135e+00,3.347322419244846969e-14
1.404000000000000137e+00,3.452446661889041479e-14
1.406000000000000139e+00,3.549938121238938038e-14
1.407999999999999918e+00,3.579081475635348397e-14
1.409999999999999920e+00,3.834779715994329763e-14
1.411999999999999922e+00,3.482630850371037923e-14
1.413999999999999924e+00,4.023864574875801736e-14
1.415999999999999925e+00,3.368486045651764016e-14
1.417999999999999927e+00,3.026398576189137657e-14
1.419999999999999929e+00,3.461814168659316238e-14
1.421999999999999931e+00,3.252606517456513302e-14
1.423999999999999932e+00,3.300484885393473178e-14
1.425999999999999934e+00,3.411160243160793470e-14
1.427999999999999936e+00,3.903127820947815962e-14
1.429999999999999938e+00,3.686981275841105798e-14
1.431999999999999940e+00,3.673797377423682065e-14
1.433999999999999941e+00,3.861494457524372592e-14
1.435999999999999943e+00,3.557917849228431351e-14
1.437999999999999945e+00,3.266484305264327759e-14
1.439999999999999947e+00,3.407343851513644495e-14
1.441999999999999948e+00,3.485406407932600814e-14
1.443999999999999950e+00,3.181829799636659573e-14
1.445999999999999952e+00,3.590877595271990685e-14
1.447999999999999954e+00,3.802166914645965790e-14
1.449999999999999956e+00,3.911107548937309275e-14
1.451999999999999957e+00,3.615510668630861346e-14
1.453999999999999959e+00,3.343506027597697994e-14
1.455999999999999961e+00,3.380629109983601666e-14
1.457999999999999963e+00,3.832004158432766872e-14
1.459999999999999964e+00,4.032538192255685772e-14
1.461999999999999966e+00,4.197336922473482446e-14
1.463999999999999968e+00,3.469100007258418827e-14
1.465999999999999970e+00,3.179401186770292043e-14
1.467999999999999972e+00,3.267525139349913843e-14
1.469999999999999973e+00,3.727920749874158446e-14
1.471999999999999975e+00,3.398323289438565098e-14
1.473999999999999977e+00,3.633898737476215501e-14
1.475999999999999979e+00,2.937927678914320495e-14
1.477999999999999980e+00,3.318179064848436610e-14
1.479999999999999982e+00,3.839289997031869461e-14
1.481999999999999984e+00,3.639449852599341284e-14
1.483999999999999986e+00,3.621061783753987129e-14
1.485999999999999988e+00,3.815350813063389523e-14
1.487999999999999989e+00,3.139849491518020841e-14
1.489999999999999991e+00,3.609265664117344841e-14
1.491999999999999993e+00,3.318179064848436610e-14
1.493999999999999995e+00,3.446548602070720335e-14
1.495999999999999996e+00,3.512815038853034366e-14
1.497999999999999998e+00,4.026293187742169266e-14
1.500000000000000000e+00,3.701552953039310978e-14
1.502000000000000002e+00,3.486447242018186898e-14
1.504000000000000004e+00,3.660960423701453692e-14
1.506000000000000005e+00,3.567632300693901470e-14
1.508000000000000007e+00,3.746308818719512601e-14
1.510000000000000009e+00,3.170033680000017284e-14
1.512000000000000011e+00,3.556877015142845266e-14
1.514000000000000012e+00,3.280015148376946854e-14
1.516000000000000014e+00,3.336567133693790765e-14
1.518000000000000016e+00,3.179401186770292043e-14
1.520000000000000018e+00,3.934352843515398490e-14
1.522000000000000020e+00,3.420180805235872867e-14
1.524000000000000021e+00,3.361894096443052149e-14
1.526000000000000023e+00,3.893066424787150481e-14
1.528000000000000025e+00,3.546121729591789062e-14
1.530000000000000027e+00,3.740757703596386818e-14
1.532000000000000028e+00,3.158237560363374996e-14
1.534000000000000030e+00,3.508304757815494668e-14
1.536000000000000032e+00,3.685940441755519714e-14
1.538000000000000034e+00,3.773023560249555430e-14
1.540000000000000036e+00,3.401098847000127989e-14
1.542000000000000037e+00,3.592265374052772131e-14
1.544000000000000039e+00,3.713002127980757905e-14
1.546000000000000041e+00,3.702246842429701701e-14
1.548000000000000043e+00,3.903474765643011324e-14
1.550000000000000044e+00,3.636674295037778393e-14
1.552000000000000046e+00,3.265443471178741675e-14
1.554000000000000048e+00,3.766778555736038925e-14
1.556000000000000050e+00,3.511774204767448282e-14
1.558000000000000052e+00,3.636327350342583031e-14
1.560000000000000053e+00,3.672756543338095980e-14
1.562000000000000055e+00,3.846575835630972051e-14
1.564000000000000057e+00,3.609959553507735563e-14
1.566000000000000059e+00,3.637368184428169116e-14
1.568000000000000060e+00,2.934805176657562242e-14
1.570000000000000062e+00,3.462508058049706960e-14
1.572000000000000064e+00,3.886821420273633976e-14
1.574000000000000066e+00,3.687675165231496521e-14
1.576000000000000068e+00,3.252259572761317941e-14
1.578000000000000069e+00,3.556877015142845266e-14
1.580000000000000071e+00,3.561734240875580326e-14
1.582000000000000073e+00,3.698430450782552725e-14
1.584000000000000075e+00,3.739716869510800734e-14
1.586000000000000076e+00,3.827146932700031812e-14
1.588000000000000078e+00,3.313668783810896912e-14
1.590000000000000080e+00,3.290076544537612335e-14
1.592000000000000082e+00,3.022235239846793320e-14
1.594000000000000083e+00,3.501365863911587439e-14
1.596000000000000085e+00,3.597122599785507191e-14
1.598000000000000087e+00,3.771288836773578623e-14
1.600000000000000089e+00,3.459732500488144069e-14
1.602000000000000091e+00,3.544040061420616894e-14
1.604000000000000092e+00,3.590183705881599963e-14
1.606000000000000094e+00,3.779962454153462659e-14
1.608000000000000096e+00,3.446548602070720335e-14
1.610000000000000098e+00,3.562775074961166411e-14
1.612000000000000099e+00,3.590877595271990685e-14
1.614000000000000101e+00,3.444119989204352805e-14
1.616000000000000103e+00,3.472569454210372442e-14
1.618000000000000105e+00,3.604755383079805142e-14
1.620000000000000107e+00,3.607183995946172672e-14
1.622000000000000108e+00,3.758104938356154889e-14
1.624000000000000110e+00,4.277134202368415572e-14
1.626000000000000112e+00,3.325811848142734561e-14
1.628000000000000114e+00,2.951111577331744229e-14
1.630000000000000115e+00,3.393813008401025400e-14
1.632000000000000117e+00,3.536407278126318943e-14
1.634000000000000119e+00,3.596081765699921107e-14
1.636000000000000121e+00,3.745614929329121878e-14
1.638000000000000123e+00,3.865310849171521568e-14
1.640000000000000124e+00,3.151298666459467768e-14
1.642000000000000126e+00,3.657837921444695439e-14
1.644000000000000128e+00,4.117886587273744681e-14
1.646000000000000130e+00,3.106195856084070783e-14
1.648000000000000131e+00,3.599204267956679359e-14
1.650000000000000133e+00,3.686287386450715076e-14
1.652000000000000135e+00,3.348363253330433054e-14
1.654000000000000137e+00,3.430936090786929071e-14
1.656000000000000139e+00,3.590530650576795324e-14
1.658000000000000140e+00,2.959091305321237542e-14
1.660000000000000142e+00,3.428160533225366180e-14
1.662000000000000144e+00,3.791064684399714224e-14
1.664000000000000146e+00,3.619674004973205683e-14
1.665999999999999925e+00,3.639449852599341284e-14
1.667999999999999927e+00,3.494773914702875572e-14
1.669999999999999929e+00,3.222422328974516859e-14
1.671999999999999931e+00,3.573183415817027253e-14
1.673999999999999932e+00,3.773717449639946153e-14
1.675999999999999934e+00,3.427466643834975457e-14
1.677999999999999936e+00,3.514896707024206535e-14
1.679999999999999938e+00,3.202993426043576619e-14
1.681999999999999940e+00,3.758451883051350251e-14
1.683999999999999941e+00,3.882311139236094277e-14
1.685999999999999943e+00,3.557223959838040628e-14
1.687999999999999945e+00,3.688022109926691883e-14
1.689999999999999947e+00,3.718553243103883688e-14
1.691999999999999948e+00,3.554101457581282375e-14
1.693999999999999950e+00,3.602673714908632974e-14
1.695999999999999952e+00,3.629041511743480442e-14
1.697999999999999954e+00,3.749431320976270854e-14
1.699999999999999956e+00,3.945455073761650056e-14
1.701999999999999957e+00,3.300137940698277816e-14
1.703999999999999959e+00,3.417405247674309976e-14
1.705999999999999961e+00,3.773023560249555430e-14
1.707999999999999963e+00,3.573530360512222614e-14
1.709999999999999964e+00,4.095335182086046188e-14
1.711999999999999966e+00,4.046762924758695590e-14
1.713999999999999968e+00,3.493039191226898765e-14
1.715999999999999970e+00,3.599898157347070082e-14
1.717999999999999972e+00,3.301525719479059262e-14
1.719999999999999973e+00,2.983724378680108202e-14
1.721999999999999975e+00,3.158931449753765719e-14
1.723999999999999977e+00,3.560346462094798881e-14
1.725999999999999979e+00,2.883110417073453391e-14
1.727999999999999980e+00,3.414282745417551723e-14
1.729999999999999982e+00,3.895495037653518011e-14
1.731999999999999984e+00,3.616204558021252069e-14
1.733999999999999986e+00,3.715777685542320796e-14
1.735999999999999988e+00,3.754982436099396637e-14
1.737999999999999989e+00,3.550978955324524122e-14
1.739999999999999991e+00,3.308811558078161852e-14
1.741999999999999993e+00,3.326852682228320646e-14
1.743999999999999995e+00,3.421568584016654313e-14
1.745999999999999996e+00,3.624531230705940743e-14
1.747999999999999998e+00,3.507957813120299306e-14
1.750000000000000000e+00,3.867045572647498375e-14
1.752000000000000002e+00,3.472222509515177080e-14
1.754000000000000004e+00,3.585673424844060264e-14
1.756000000000000005e+00,3.664082925958211945e-14
1.758000000000000007e+00,3.464936670916074490e-14
1.760000000000000009e+00,4.220582217051571661e-14
1.762000000000000011e+00,3.172462292866384814e-14
1.764000000000000012e+00,3.382363833459578473e-14
1.766000000000000014e+00,3.353220479063168113e-14
1.768000000000000016e+00,3.859412789353200424e-14
1.770000000000000018e+00,3.645694857112857790e-14
1.772000000000000020e+00,4.125866315263237993e-14
1.774000000000000021e+00,4.134539932643122029e-14
1.776000000000000023e+00,3.190503417016543608e-14
1.778000000000000025e+00,3.326158792837929923e-14
1.780000000000000027e+00,2.962907696968386517e-14
1.782000000000000028e+00,3.446548602070720335e-14
1.784000000000000030e+00,3.511774204767448282e-14
1.786000000000000032e+00,3.666164594129384113e-14
1.788000000000000034e+00,3.040970253387342837e-14
1.790000000000000036e+00,3.478467514028693586e-14
1.792000000000000037e+00,3.567285355998706109e-14
1.794000000000000039e+00,3.675185156204463510e-14
1.796000000000000041e+00,4.255970575961498525e-14
1.798000000000000043e+00,3.889943922530392229e-14
1.800000000000000044e+00,3.638409018513755200e-14
1.802000000000000046e+00,3.253300406846904025e-14
1.804000000000000048e+00,3.090236400105084158e-14
1.806000000000000050e+00,3.450364993717869311e-14
1.808000000000000052e+00,3.614122889850079900e-14
1.810000000000000053e+00,4.023864574875801736e-14
1.812000000000000055e+00,3.905209489118988131e-14
1.814000000000000057e+00,3.194319808663692584e-14
1.816000000000000059e+00,3.223116218364907581e-14
1.818000000000000060e+00,3.427119699139780096e-14
1.820000000000000062e+00,3.379588275898015581e-14
1.822000000000000064e+00,3.590877595271990685e-14
1.824000000000000066e+00,3.702593787124897062e-14
1.826000000000000068e+00,3.390343561449071785e-14
1.828000000000000069e+00,3.482977795066233284e-14
1.830000000000000071e+00,3.581857033196911289e-14
1.832000000000000073e+00,3.752900767928224468e-14
1.834000000000000075e+00,3.792105518485300308e-14
1.836000000000000076e+00,3.107236690169656868e-14
1.838000000000000078e+00,3.589836761186404601e-14
1.840000000000000080e+00,3.434405537738882686e-14
1.842000000000000082e+00,3.351832700282386668e-14
1.844000000000000083e+00,3.531550052393583883e-14
1.846000000000000085e+00,3.563468964351557133e-14
1.848000000000000087e+00,3.810146642635459102e-14
1.850000000000000089e+00,3.771635781468773985e-14
1.852000000000000091e+00,3.630082345829066526e-14
1.854000000000000092e+00,3.609959553507735563e-14
1.856000000000000094e+00,3.470487786039200273e-14
1.858000000000000096e+00,3.792105518485300308e-14
1.860000000000000098e+00,3.614122889850079900e-14
1.862000000000000099e+00,3.612041221678907732e-14
1.864000000000000101e+00,3.374384105470085160e-14
1.866000000000000103e+00,3.538142001602295750e-14
1.868000000000000105e+00,3.537448112211905027e-14
1.870000000000000107e+00,3.321301567105194863e-14
1.872000000000000108e+00,3.779962454153462659e-14
1.874000000000000110e+00,3.554795346971673098e-14
1.876000000000000112e+00,3.623490396620354659e-14
1.878000000000000114e+00,3.339689635950549018e-14
1.880000000000000115e+00,3.045827479120077896e-14
1.882000000000000117e+00,3.493039191226898765e-14
1.884000000000000119e+00,3.685593497060324353e-14
1.886000000000000121e+00,3.776146062506313683e-14
1.888000000000000123e+00,3.427466643834975457e-14
1.890000000000000124e+00,3.585326480148864903e-14
1.892000000000000126e+00,3.655756253273523271e-14
1.894000000000000128e+00,3.383404667545164557e-14
1.896000000000000130e+00,3.512815038853034366e-14
1.898000000000000131e+00,3.603367604299023697e-14
1.900000000000000133e+00,3.631123179914652610e-14
1.902000000000000135e+00,3.463548892135293045e-14
1.904000000000000137e+00,3.455569164145799732e-14
1.906000000000000139e+00,3.599204267956679359e-14
1.908000000000000140e+00,3.774411339030336876e-14
1.910000000000000142e+00,4.093947403305264743e-14
1.912000000000000144e+00,3.591918429357576770e-14
1.914000000000000146e+00,3.324424069361953116e-14
1.916000000000000147e+00,3.379935220593210943e-14
1.918000000000000149e+00,3.391037450839462508e-14
1.919999999999999929e+00,3.609959553507735563e-14
1.921999999999999931e+00,3.578387586244957674e-14
1.923999999999999932e+00,3.784819679886197719e-14
1.925999999999999934e+00,3.873984466551405603e-14
1.927999999999999936e+00,3.512815038853034366e-14
1.929999999999999938e+00,3.748043542195489408e-14
1.931999999999999940e+00,3.377506607726843413e-14
1.933999999999999941e+00,3.483324739761428646e-14
1.935999999999999943e+00,3.625919009486722189e-14
1.937999999999999945e+00,3.302566553564645346e-14
1.939999999999999947e+00,3.429548312006147626e-14
1.941999999999999948e+00,3.442385265728375998e-14
1.943999999999999950e+00,3.220340660803344690e-14
1.945999999999999952e+00,3.763656053479280672e-14
1.947999999999999954e+00,3.435793316519664131e-14
1.949999999999999956e+00,3.878494747588945302e-14
1.951999999999999957e+00,3.237687895563112761e-14
1.953999999999999959e+00,3.410466353770402748e-14
1.955999999999999961e+00,3.481590016285451838e-14
1.957999999999999963e+00,3.936781456381766020e-14
1.959999999999999964e+00,3.382016888764383111e-14
1.961999999999999966e+00,3.663042091872625861e-14
1.963999999999999968e+00,3.519753932756941595e-14
1.965999999999999970e+00,3.600938991432656167e-14
1.967999999999999972e+00,3.636327350342583031e-14
1.969999999999999973e+00,3.417405247674309976e-14
1.971999999999999975e+00,3.536407278126318943e-14
1.973999999999999977e+00,3.946495907847236140e-14
1.975999999999999979e+00,2.550737399076297152e-14
1.977999999999999980e+00,3.546121729591789062e-14
1.979999999999999982e+00,3.421915528711849674e-14
1.981999999999999984e+00,3.642919299551294898e-14
1.983999999999999986e+00,3.738676035425214650e-14
1.985999999999999988e+00,3.439262763471617745e-14
1.987999999999999989e+00,3.968700368339739271e-14
1.989999999999999991e+00,3.181482854941464211e-14
1.991999999999999993e+00,3.398670234133760459e-14
1.993999999999999995e+00,3.480549182199865754e-14
1.995999999999999996e+00,3.620714839058791767e-14
1.997999999999999998e+00,3.928454783697077346e-14
2.000000000000000000e+00,3.844147222764604521e-14
2.002000000000000224e+00,3.531203107698388521e-14
2.004000000000000004e+00,3.585326480148864903e-14
2.006000000000000227e+00,3.694267114440208388e-14
2.008000000000000007e+00,3.474304177686349249e-14
2.010000000000000231e+00,3.160666173229742526e-14
2.012000000000000011e+00,3.190850361711738969e-14
2.014000000000000234e+00,3.304995166431012876e-14
2.016000000000000014e+00,3.442038321033180637e-14
2.018000000000000238e+00,3.840677775812650907e-14
2.020000000000000018e+00,3.665470704738993390e-14
2.022000000000000242e+00,4.108519080503469922e-14
2.024000000000000021e+00,3.941985626809696441e-14
2.026000000000000245e+00,3.228667333488033364e-14
2.028000000000000025e+00,3.323383235276367031e-14
2.030000000000000249e+00,3.418446081759896060e-14
2.032000000000000028e+00,3.075317778211683617e-14
2.034000000000000252e+00,3.635633460952192308e-14
2.036000000000000032e+00,3.661654313091844415e-14
2.038000000000000256e+00,3.765737721650452841e-14
2.040000000000000036e+00,3.557223959838040628e-14
2.042000000000000259e+00,3.640837631380122730e-14
2.044000000000000039e+00,3.671021819862119173e-14
2.046000000000000263e+00,3.836514439470306570e-14
2.048000000000000043e+00,3.268912918130695289e-14
2.049999999999999822e+00,3.529121439527216353e-14
2.052000000000000046e+00,3.339689635950549018e-14
2.053999999999999826e+00,3.377853552422038774e-14
2.056000000000000050e+00,3.539876725078272557e-14
2.057999999999999829e+00,3.323036290581171670e-14
2.060000000000000053e+00,4.076253223850301310e-14
2.061999999999999833e+00,3.831657213737571510e-14
2.064000000000000057e+00,3.995068165174586738e-14
2.065999999999999837e+00,3.011826898990932477e-14
2.068000000000000060e+00,3.340036580645744380e-14
2.069999999999999840e+00,3.413241911331965639e-14
2.072000000000000064e+00,2.914682384336231280e-14
2.073999999999999844e+00,3.227279554707251918e-14
2.076000000000000068e+00,3.400751902304932628e-14
2.077999999999999847e+00,3.897229761129494818e-14
2.080000000000000071e+00,3.999925390907321798e-14
2.081999999999999851e+00,3.723410468836618747e-14
2.084000000000000075e+00,4.197683867168677807e-14
2.085999999999999854e+00,3.646041801808053151e-14
2.088000000000000078e+00,3.679348492546807847e-14
2.089999999999999858e+00,3.343852972292893355e-14
2.092000000000000082e+00,3.402486625780909435e-14
2.093999999999999861e+00,3.609959553507735563e-14
2.096000000000000085e+00,3.597469544480702552e-14
2.097999999999999865e+00,3.838249162946283377e-14
2.100000000000000089e+00,3.868780296123475182e-14
2.101999999999999869e+00,3.568326190084292193e-14
2.104000000000000092e+00,3.324424069361953116e-14
2.105999999999999872e+00,3.443079155118766721e-14
2.108000000000000096e+00,3.089542510714693435e-14
2.109999999999999876e+00,3.504835310863541054e-14
2.112000000000000099e+00,3.754982436099396637e-14
2.113999999999999879e+00,3.484365573847014730e-14
2.116000000000000103e+00,3.861147512829177231e-14
2.117999999999999883e+00,3.277586535510579324e-14
2.120000000000000107e+00,3.686634331145910437e-14
2.121999999999999886e+00,3.779962454153462659e-14
2.124000000000000110e+00,3.520447822147332317e-14
2.125999999999999890e+00,3.293545991489565949e-14
2.128000000000000114e+00,2.989622438498429347e-14
2.129999999999999893e+00,3.487835020798968344e-14
2.132000000000000117e+00,3.550632010629328761e-14
2.133999999999999897e+00,3.649858193455202127e-14
2.136000000000000121e+00,3.783778845800611634e-14
2.137999999999999901e+00,3.846575835630972051e-14
2.140000000000000124e+00,3.658184866139890801e-14
2.141999999999999904e+00,3.346281585159260885e-14
2.144000000000000128e+00,3.318872954238827333e-14
2.145999999999999908e+00,3.578040641549762313e-14
2.148000000000000131e+00,3.619327060278010322e-14
2.149999999999999911e+00,3.705022399991264592e-14
2.152000000000000135e+00,3.781697177629439466e-14
2.153999999999999915e+00,3.555489236362063821e-14
2.156000000000000139e+00,3.245667623552606074e-14
2.157999999999999918e+00,3.722369634751032663e-14
2.160000000000000142e+00,3.828187766785617896e-14
2.161999999999999922e+00,3.965577866082981018e-14
2.164000000000000146e+00,3.642919299551294898e-14
2.165999999999999925e+00,3.103073353827312530e-14
2.168000000000000149e+00,3.399711068219346544e-14
2.169999999999999929e+00,3.573877305207417976e-14
2.172000000000000153e+00,3.739369924815605373e-14
2.173999999999999932e+00,3.818126370624952415e-14
2.176000000000000156e+00,3.437181095300445577e-14
2.177999999999999936e+00,3.570754802950659723e-14
2.180000000000000160e+00,3.682817939498761461e-14
2.181999999999999940e+00,3.567285355998706109e-14
2.184000000000000163e+00,3.515590596414597258e-14
2.185999999999999943e+00,3.567632300693901470e-14
2.188000000000000167e+00,3.331709907961055706e-14
2.189999999999999947e+00,3.107236690169656868e-14
2.192000000000000171e+00,3.497202527569243102e-14
2.193999999999999950e+00,3.627653732962698996e-14
2.196000000000000174e+00,3.749084376281075492e-14
2.197999999999999954e+00,3.869474185513865905e-14
2.200000000000000178e+00,3.924638392049928370e-14
2.201999999999999957e+00,3.369526879737350100e-14
2.204000000000000181e+00,3.369179935042154739e-14
2.205999999999999961e+00,3.487488076103772983e-14
2.208000000000000185e+00,3.641184576075318091e-14
2.209999999999999964e+00,3.680389326632393932e-14
2.212000000000000188e+00,3.816738591844170969e-14
2.213999999999999968e+00,3.162747841400914695e-14
2.216000000000000192e+00,3.631123179914652610e-14
2.217999999999999972e+00,3.314362673201287635e-14
2.220000000000000195e+00,3.038194695825779945e-14
2.221999999999999975e+00,3.905903378509378854e-14
2.224000000000000199e+00,3.691144612183450135e-14
2.225999999999999979e+00,3.339689635950549018e-14
2.228000000000000203e+00,3.399711068219346544e-14
2.229999999999999982e+00,3.948924520713603670e-14
2.232000000000000206e+00,4.012068455239159448e-14
2.233999999999999986e+00,3.864616959781130845e-14
2.236000000000000210e+00,3.421568584016654313e-14
2.237999999999999989e+00,3.237687895563112761e-14
2.240000000000000213e+00,3.283137650633705107e-14
2.241999999999999993e+00,3.369526879737350100e-14
2.244000000000000217e+00,3.470140841344004912e-14
2.245999999999999996e+00,3.622796507229963936e-14
2.248000000000000220e+00,3.694961003830599111e-14
2.250000000000000000e+00,3.736941311949237843e-14
2.252000000000000224e+00,3.534672554650342136e-14
2.254000000000000004e+00,3.666511538824579475e-14
2.256000000000000227e+00,3.317138230762850526e-14
2.258000000000000007e+00,3.126318648405401746e-14
2.260000000000000231e+00,3.132910597614113613e-14
2.262000000000000011e+00,3.617245392106838153e-14
2.264000000000000234e+00,3.754982436099396637e-14
2.266000000000000014e+00,3.466671394392051297e-14
2.268000000000000238e+00,3.583938701368083457e-14
2.270000000000000018e+00,3.672062653947705257e-14
2.272000000000000242e+00,3.768166334516820370e-14
2.274000000000000021e+00,4.352074256530613638e-14
2.276000000000000245e+00,3.258504577274834446e-14
2.278000000000000025e+00,3.236300116782331315e-14
2.280000000000000249e+00,3.490610578360531235e-14
2.282000000000000028e+00,3.834432771299134401e-14
2.284000000000000252e+00,3.666511538824579475e-14
2.286000000000000032e+00,3.665817649434188752e-14
2.288000000000000256e+00,3.481936960980647200e-14
2.290000000000000036e+00,3.603714548994219058e-14
2.292000000000000259e+00,3.569367024169878277e-14
2.294000000000000039e+00,3.733471864997284229e-14
2.296000000000000263e+00,3.486100297322991537e-14
2.298000000000000043e+00,3.537101167516709666e-14
2.300000000000000266e+00,3.681777105413175377e-14
2.302000000000000046e+00,3.379935220593210943e-14
2.304000000000000270e+00,3.513161983548229728e-14
2.306000000000000050e+00,3.453834440669822925e-14
2.307999999999999829e+00,3.738329090730019288e-14
2.310000000000000053e+00,3.685593497060324353e-14
2.311999999999999833e+00,3.647776525284029958e-14
2.314000000000000057e+00,3.163441730791305417e-14
2.315999999999999837e+00,3.402486625780909435e-14
2.318000000000000060e+00,3.050684704852812956e-14
2.319999999999999840e+00,3.534325609955146774e-14
2.322000000000000064e+00,3.549244231848547315e-14
2.323999999999999844e+00,3.698083506087357364e-14
2.326000000000000068e+00,3.820554983491319945e-14
2.327999999999999847e+00,3.199870923786818366e-14
2.330000000000000071e+00,3.638755963208950561e-14
2.331999999999999851e+00,3.745267984633926517e-14
2.334000000000000075e+00,3.478814458723888947e-14
2.335999999999999854e+00,3.968353423644543909e-14
2.338000000000000078e+00,3.600592046737460805e-14
2.339999999999999858e+00,3.384792446325946003e-14
2.342000000000000082e+00,3.484018629151819368e-14
2.343999999999999861e+00,3.590530650576795324e-14
2.346000000000000085e+00,3.735900477863651759e-14
2.347999999999999865e+00,3.826453043309641089e-14
2.350000000000000089e+00,3.513161983548229728e-14
2.351999999999999869e+00,3.212013988118656016e-14
2.354000000000000092e+00,3.314362673201287635e-14
2.355999999999999872e+00,3.414976634807942446e-14
2.358000000000000096e+00,3.568326190084292193e-14
2.359999999999999876e+00,4.029415689998927519e-14
2.362000000000000099e+00,4.106784357027493115e-14
2.363999999999999879e+00,3.579775365025739120e-14
2.366000000000000103e+00,3.526692826660848823e-14
2.367999999999999883e+00,3.970782036510911439e-14
2.370000000000000107e+00,3.436834150605250215e-14
2.371999999999999886e+00,3.404915238647276965e-14
2.374000000000000110e+00,4.008599008287205834e-14
2.375999999999999890e+00,3.268565973435499927e-14
2.378000000000000114e+00,3.804942472207528681e-14
2.379999999999999893e+00,3.072542220650120726e-14
2.382000000000000117e+00,3.656797087359109355e-14
2.383999999999999897e+00,4.059599878480923962e-14
2.386000000000000121e+00,3.782391067019830189e-14
2.387999999999999901e+00,3.174890905732752344e-14
2.390000000000000124e+00,3.218952882022563244e-14
2.391999999999999904e+00,2.974356871909833444e-14
2.394000000000000128e+00,3.444119989204352805e-14
2.395999999999999908e+00,3.514202817633815812e-14
2.398000000000000131e+00,3.614122889850079900e-14
2.399999999999999911e+00,3.329975184485078898e-14
2.402000000000000135e+00,3.464936670916074490e-14
2.403999999999999915e+00,3.601285936127851528e-14
2.406000000000000139e+00,3.225891775926470473e-14
2.407999999999999918e+00,3.732431030911698144e-14
2.410000000000000142e+00,3.515590596414597258e-14
2.411999999999999922e+00,3.938863124552938189e-14
2.414000000000000146e+00,3.314362673201287635e-14
2.415999999999999925e+00,3.495814748788461657e-14
2.418000000000000149e+00,3.114522528768759457e-14
2.419999999999999929e+00,3.585673424844060264e-14
2.422000000000000153e+00,4.098457684342804441e-14
2.423999999999999932e+00,3.833738881908743679e-14
2.426000000000000156e+00,3.968700368339739271e-14
2.427999999999999936e+00,2.865416237618489959e-14
2.430000000000000160e+00,3.361547151747856788e-14
2.431999999999999940e+00,3.412201077246379555e-14
2.434000000000000163e+00,3.556877015142845266e-14
2.435999999999999943e+00,3.615163723935665985e-14
2.438000000000000167e+00,3.792105518485300308e-14
2.439999999999999947e+00,3.502753642692368885e-14
2.442000000000000171e+00,3.563815909046752495e-14
2.443999999999999950e+00,4.067232661775221914e-14
2.446000000000000174e+00,3.426425809749389373e-14
2.447999999999999954e+00,3.499284195740415271e-14
2.450000000000000178e+00,3.577693696854566952e-14
2.451999999999999957e+00,3.288688765756830890e-14
2.454000000000000181e+00,3.487141131408577621e-14
2.455999999999999961e+00,3.496855582874047741e-14
2.458000000000000185e+00,3.247402347028582881e-14
2.459999999999999964e+00,3.746308818719512601e-14
2.462000000000000188e+00,3.427119699139780096e-14
2.463999999999999968e+00,3.120767533282275963e-14
2.466000000000000192e+00,3.707797957552827484e-14
2.467999999999999972e+00,3.323036290581171670e-14
2.470000000000000195e+00,3.433017758958101240e-14
2.471999999999999975e+00,3.541264503859054003e-14
2.474000000000000199e+00,3.663735981263016583e-14
2.475999999999999979e+00,3.355302147234340282e-14
2.478000000000000203e+00,3.513508928243425089e-14
2.479999999999999982e+00,3.539182835687881834e-14
2.482000000000000206e+00,3.656103197968718632e-14
2.483999999999999986e+00,3.838596107641478739e-14
2.486000000000000210e+00,4.285807819748299607e-14
2.487999999999999989e+00,3.215483435070609630e-14
2.490000000000000213e+00,3.102726409132117169e-14
2.491999999999999993e+00,3.361547151747856788e-14
2.494000000000000217e+00,3.886127530883243253e-14
2.495999999999999996e+00,3.540917559163858641e-14
2.498000000000000220e+00,4.153274946183671545e-14
2.500000000000000000e+00,3.804595527512333319e-14
2.502000000000000224e+00,3.606837051250977311e-14
2.504000000000000004e+00,3.262320968921983422e-14
2.506000000000000227e+00,2.959091305321237542e-14
2.508000000000000007e+00,3.408037740904035218e-14
2.510000000000000231e+00,3.633551792781020140e-14
2.512000000000000011e+00,3.645000967722467067e-14
2.514000000000000234e+00,3.354261313148754198e-14
2.516000000000000014e+00,3.469793896648809550e-14
2.518000000000000238e+00,3.244626789467019989e-14
2.520000000000000018e+00,3.741451592986777541e-14
2.522000000000000242e+00,3.452446661889041479e-14
2.524000000000000021e+00,3.802166914645965790e-14
2.526000000000000245e+00,2.581268532253488956e-14
2.528000000000000025e+00,4.004435671944861497e-14
2.530000000000000249e+00,3.462855002744902322e-14
2.532000000000000028e+00,3.527733660746434907e-14
2.534000000000000252e+00,3.659572644920672246e-14
2.536000000000000032e+00,3.362934930528638233e-14
2.538000000000000256e+00,3.758798827746545612e-14
2.540000000000000036e+00,3.631817069305043333e-14
2.542000000000000259e+00,3.681777105413175377e-14
2.544000000000000039e+00,3.791411629094909586e-14
2.546000000000000263e+00,3.470487786039200273e-14
2.548000000000000043e+00,3.596081765699921107e-14
2.550000000000000266e+00,3.726532971093377000e-14
2.552000000000000046e+00,3.402139681085714074e-14
2.554000000000000270e+00,3.189809527626152885e-14
2.556000000000000050e+00,3.537795056907100388e-14
2.558000000000000274e+00,3.669634041081337728e-14
2.560000000000000053e+00,3.832351103127962233e-14
2.561999999999999833e+00,4.362829542081669842e-14
2.564000000000000057e+00,3.644307078332076344e-14
2.565999999999999837e+00,2.987887715022452539e-14
2.568000000000000060e+00,3.505876144949127138e-14
2.569999999999999840e+00,3.564856743132338579e-14
2.572000000000000064e+00,3.986394547794702703e-14
2.573999999999999844e+00,3.759145772441740974e-14
2.576000000000000068e+00,3.550632010629328761e-14
2.577999999999999847e+00,3.542999227335030810e-14
2.580000000000000071e+00,3.286607097585658721e-14
2.581999999999999851e+00,3.436140261214859493e-14
2.584000000000000075e+00,3.441691376337985275e-14
2.585999999999999854e+00,3.638755963208950561e-14
2.588000000000000078e+00,3.637368184428169116e-14
2.589999999999999858e+00,3.380976054678797027e-14
2.592000000000000082e+00,3.946495907847236140e-14
2.593999999999999861e+00,3.612041221678907732e-14
2.596000000000000085e+00,3.758104938356154889e-14
2.597999999999999865e+00,3.838249162946283377e-14
2.600000000000000089e+00,3.538142001602295750e-14
2.601999999999999869e+00,3.314709617896482996e-14
2.604000000000000092e+00,3.759492717136936335e-14
2.605999999999999872e+00,3.449671104327478588e-14
2.608000000000000096e+00,3.273770143863430349e-14
2.609999999999999876e+00,3.963843142607004211e-14
2.612000000000000099e+00,3.696695727306575918e-14
2.613999999999999879e+00,3.533978665259951413e-14
2.616000000000000103e+00,3.522876435013699847e-14
2.617999999999999883e+00,3.675185156204463510e-14
2.620000000000000107e+00,3.505876144949127138e-14
2.621999999999999886e+00,3.109318358340829036e-14
2.624000000000000110e+00,3.598510378566288637e-14
2.625999999999999890e+00,3.697736561392162002e-14
2.628000000000000114e+00,3.449324159632283227e-14
2.629999999999999893e+00,3.521488656232918402e-14
2.632000000000000117e+00,3.579081475635348397e-14
2.633999999999999897e+00,3.723757413531814109e-14
2.636000000000000121e+00,3.486447242018186898e-14
2.637999999999999901e+00,3.204381204824358065e-14
2.640000000000000124e+00,3.282096816548119023e-14
2.641999999999999904e+00,3.328587405704297453e-14
2.644000000000000128e+00,3.530162273612802437e-14
2.645999999999999908e+00,3.512121149462643643e-14
2.648000000000000131e+00,3.709532681028804291e-14
2.649999999999999911e+00,4.153274946183671545e-14
2.652000000000000135e+00,3.498937251045219909e-14
2.653999999999999915e+00,3.594000097528748938e-14
2.656000000000000139e+00,3.372996326689303714e-14
2.657999999999999918e+00,3.392772174315439315e-14
2.660000000000000142e+00,3.942679516200087164e-14
2.661999999999999922e+00,3.260239300750811253e-14
2.664000000000000146e+00,3.358424649491098535e-14
2.665999999999999925e+00,3.377853552422038774e-14
2.668000000000000149e+00,3.159278394448961080e-14
2.669999999999999929e+00,3.663389036567821222e-14
2.672000000000000153e+00,3.720634911275055856e-14
2.673999999999999932e+00,3.881617249845703554e-14
2.676000000000000156e+00,3.533284775869560690e-14
2.677999999999999936e+00,3.271688475692258180e-14
2.680000000000000160e+00,3.348016308635237692e-14
2.681999999999999940e+00,3.440650542252399191e-14
2.684000000000000163e+00,3.945802018456845417e-14
2.685999999999999943e+00,3.773023560249555430e-14
2.688000000000000167e+00,3.469100007258418827e-14
2.689999999999999947e+00,3.087807787238716628e-14
2.692000000000000171e+00,3.590183705881599963e-14
2.693999999999999950e+00,3.381669944069187750e-14
2.696000000000000174e+00,3.817085536539366331e-14
2.697999999999999954e+00,3.487488076103772983e-14
2.700000000000000178e+00,3.606837051250977311e-14
2.701999999999999957e+00,3.390690506144267147e-14
2.704000000000000181e+00,3.463895836830488406e-14
2.705999999999999961e+00,3.898617539910276264e-14
2.708000000000000185e+00,3.630082345829066526e-14
2.709999999999999964e+00,3.796615799522840007e-14
2.712000000000000188e+00,4.182765245275277266e-14
2.713999999999999968e+00,3.261627079531592699e-14
2.716000000000000192e+00,3.293545991489565949e-14
2.717999999999999972e+00,3.759492717136936335e-14
2.720000000000000195e+00,3.497549472264438464e-14
2.721999999999999975e+00,3.238381784953503484e-14
2.724000000000000199e+00,3.751859933842638384e-14
2.725999999999999979e+00,3.434752482434078047e-14
2.728000000000000203e+00,3.532243941783974606e-14
2.729999999999999982e+00,3.183564523112636380e-14
2.732000000000000206e+00,3.324077124666757754e-14
2.733999999999999986e+00,3.840330831117455546e-14
2.736000000000000210e+00,3.567285355998706109e-14
2.737999999999999989e+00,3.610306498202930925e-14
2.740000000000000213e+00,3.329281295094688176e-14
2.741999999999999993e+00,3.524611158489676654e-14
2.744000000000000217e+00,3.928107839001881985e-14
2.745999999999999996e+00,3.699124340172943448e-14
2.748000000000000220e+00,3.696695727306575918e-14
2.750000000000000000e+00,3.878494747588945302e-14
2.752000000000000224e+00,3.205075094214748788e-14
2.754000000000000004e+00,3.321648511800390224e-14
2.756000000000000227e+00,3.743533261157949710e-14
2.758000000000000007e+00,3.519753932756941595e-14
2.760000000000000231e+00,3.611000387593321648e-14
2.762000000000000011e+00,3.687675165231496521e-14
2.764000000000000234e+00,3.004194115696634526e-14
2.766000000000000014e+00,3.108624468950438313e-14
2.768000000000000238e+00,2.892477923843728149e-14
2.770000000000000018e+00,3.333791576132227874e-14
2.772000000000000242e+00,3.438221929386031661e-14
2.774000000000000021e+00,3.969741202425325355e-14
2.776000000000000245e+00,3.581510088501715927e-14
2.778000000000000025e+00,3.818473315320147776e-14
2.780000000000000249e+00,3.473263343600763164e-14
2.782000000000000028e+00,3.537448112211905027e-14
2.784000000000000252e+00,3.675185156204463510e-14
2.786000000000000032e+00,3.837208328860697293e-14
2.788000000000000256e+00,3.864270015085935484e-14
2.790000000000000036e+00,3.611347332288517009e-14
2.792000000000000259e+00,3.349751032111214499e-14
2.794000000000000039e+00,3.367445211566177932e-14
2.796000000000000263e+00,3.520447822147332317e-14
2.798000000000000043e+00,3.218605937327367883e-14
2.800000000000000266e+00,3.714042962066343989e-14
2.802000000000000046e+00,3.402833570476104796e-14
2.804000000000000270e+00,3.951353133579971200e-14
2.806000000000000050e+00,3.631470124609847971e-14
2.808000000000000274e+00,3.783431901105416273e-14
2.810000000000000053e+00,3.741798537681972903e-14
2.812000000000000277e+00,3.236647061477526677e-14
2.814000000000000057e+00,2.937927678914320495e-14
2.815999999999999837e+00,3.343506027597697994e-14
2.818000000000000060e+00,3.816391647148975608e-14
2.819999999999999840e+00,3.217912047936977160e-14
2.822000000000000064e+00,3.334138520827423235e-14
2.823999999999999844e+00,3.453834440669822925e-14
2.826000000000000068e+00,3.802513859341161151e-14
2.827999999999999847e+00,4.006864284811229027e-14
2.830000000000000071e+00,4.083886007144599262e-14
2.831999999999999851e+00,3.442038321033180637e-14
2.834000000000000075e+00,3.623837341315550020e-14
2.835999999999999854e+00,3.546468674286984424e-14
2.838000000000000078e+00,3.730696307435721337e-14
2.839999999999999858e+00,3.441344431642789914e-14
2.842000000000000082e+00,3.538488946297491111e-14
2.843999999999999861e+00,3.652633751016765018e-14
2.846000000000000085e+00,3.760533551222522419e-14
2.847999999999999865e+00,3.907291157290160299e-14
2.850000000000000089e+00,3.634592626866606224e-14
2.851999999999999869e+00,3.287994876366440167e-14
2.854000000000000092e+00,3.349751032111214499e-14
2.855999999999999872e+00,3.436487205910054854e-14
2.858000000000000096e+00,3.218952882022563244e-14
2.859999999999999876e+00,4.112335472150618898e-14
2.862000000000000099e+00,3.790370795009323501e-14
2.863999999999999879e+00,3.528427550136825630e-14
2.866000000000000103e+00,3.204728149519553426e-14
2.867999999999999883e+00,3.341424359426525825e-14
2.870000000000000107e+00,3.395547731877002207e-14
2.871999999999999886e+00,3.905903378509378854e-14
2.874000000000000110e+00,3.735900477863651759e-14
2.875999999999999890e+00,3.775799117811118322e-14
2.878000000000000114e+00,3.416711358283919253e-14
2.879999999999999893e+00,3.546815618982179785e-14
2.882000000000000117e+00,3.721328800665446579e-14
2.883999999999999897e+00,3.759492717136936335e-14
2.886000000000000121e+00,3.489569744274945151e-14
2.887999999999999901e+00,3.257810687884443723e-14
2.890000000000000124e+00,3.276545701424993240e-14
2.891999999999999904e+00,3.697736561392162002e-14
2.894000000000000128e+00,3.539182835687881834e-14
2.895999999999999908e+00,3.558264793923626712e-14
2.898000000000000131e+00,3.748043542195489408e-14
2.899999999999999911e+00,3.890637811920782951e-14
2.902000000000000135e+00,3.465283615611269852e-14
2.903999999999999915e+00,3.274117088558625710e-14
2.906000000000000139e+00,3.285913208195267998e-14
2.907999999999999918e+00,3.496508638178852379e-14
2.910000000000000142e+00,3.578387586244957674e-14
2.911999999999999922e+00,3.279668203681751493e-14
2.914000000000000146e+00,2.986152991546475732e-14
2.915999999999999925e+00,3.441691376337985275e-14
2.918000000000000149e+00,3.228320388792838003e-14
2.919999999999999929e+00,3.624878175401136104e-14
2.922000000000000153e+00,3.790717739704518863e-14
2.923999999999999932e+00,3.902780876252620601e-14
2.926000000000000156e+00,3.197789255615646198e-14
2.927999999999999936e+00,2.910172103298691582e-14
2.930000000000000160e+00,3.409425519684816663e-14
2.931999999999999940e+00,3.148523108897904876e-14
2.934000000000000163e+00,3.189462582930957524e-14
2.935999999999999943e+00,3.758451883051350251e-14
2.938000000000000167e+00,3.847616669716558135e-14
2.939999999999999947e+00,3.561387296180384965e-14
2.942000000000000171e+00,3.646388746503248512e-14
2.943999999999999950e+00,4.146336052279764317e-14
2.946000000000000174e+00,3.828881656176008619e-14
2.947999999999999954e+00,3.627653732962698996e-14
2.950000000000000178e+00,3.646388746503248512e-14
2.951999999999999957e+00,3.000724668744680912e-14
2.954000000000000181e+00,3.487835020798968344e-14
2.955999999999999961e+00,3.173850071647166260e-14
2.958000000000000185e+00,3.316444341372459803e-14
2.959999999999999964e+00,3.800085246474793621e-14
2.962000000000000188e+00,4.213643323147664432e-14
2.963999999999999968e+00,3.632164014000238694e-14
2.966000000000000192e+00,3.301525719479059262e-14
2.967999999999999972e+00,3.826106098614445727e-14
2.970000000000000195e+00,3.541611448554249364e-14
2.971999999999999975e+00,3.657490976749500078e-14
2.974000000000000199e+00,3.692532390964231581e-14
2.975999999999999979e+00,3.459385555792948708e-14
2.978000000000000203e+00,3.190156472321348247e-14
2.979999999999999982e+00,3.674491266814072787e-14
2.982000000000000206e+00,4.121009089530502933e-14
2.983999999999999986e+00,3.480896126895061116e-14
2.986000000000000210e+00,3.553407568190891652e-14
2.987999999999999989e+00,3.737982146034823927e-14
2.990000000000000213e+00,3.034378304178630970e-14
2.991999999999999993e+00,3.472916398905567803e-14
2.994000000000000217e+00,3.643266244246490260e-14
2.995999999999999996e+00,3.657490976749500078e-14
2.998000000000000220e+00,3.416017468893528530e-14
3.000000000000000000e+00,3.932965064734617044e-14
3.002000000000000224e+00,3.293545991489565949e-14
3.004000000000000004e+00,3.363628819919028956e-14
3.006000000000000227e+00,3.433017758958101240e-14
3.008000000000000007e+00,3.829922490261594703e-14
3.010000000000000231e+00,3.707451012857632122e-14
3.012000000000000011e+00,4.498831862598251519e-14
3.014000000000000234e+00,3.443426099813962082e-14
3.016000000000000014e+00,3.658184866139890801e-14
3.018000000000000238e+00,3.281402927157728300e-14
3.020000000000000018e+00,3.354261313148754198e-14
3.022000000000000242e+00,3.455916108840995093e-14
3.024000000000000021e+00,3.924291447354733009e-14
3.026000000000000245e+00,3.409078574989621302e-14
3.028000000000000025e+00,3.446201657375524974e-14
3.030000000000000249e+00,3.126665593100597107e-14
3.032000000000000028e+00,3.593653152833553577e-14
3.034000000000000252e+00,3.702940731820092424e-14
3.036000000000000032e+00,3.855596397706051448e-14
3.038000000000000256e+00,3.244279844771824628e-14
3.040000000000000036e+00,3.218952882022563244e-14
3.042000000000000259e+00,3.359812428271879980e-14
3.044000000000000039e+00,3.387914948582704255e-14
3.046000000000000263e+00,3.578734530940153036e-14
3.048000000000000043e+00,3.667552372910165559e-14
3.050000000000000266e+00,3.803207748731551874e-14
3.052000000000000046e+00,3.437874984690836300e-14
3.054000000000000270e+00,3.593306208138358215e-14
3.056000000000000050e+00,3.722022690055837302e-14
3.058000000000000274e+00,3.769207168602406455e-14
3.060000000000000053e+00,3.565897577217924663e-14
3.062000000000000277e+00,3.933312009429812406e-14
3.064000000000000057e+00,3.442385265728375998e-14
3.066000000000000281e+00,3.754635491404201275e-14
3.068000000000000060e+00,3.503794476777954969e-14
3.070000000000000284e+00,4.065150993604049745e-14
3.072000000000000064e+00,3.745614929329121878e-14
3.073999999999999844e+00,3.830963324347180787e-14
3.076000000000000068e+00,3.592959263443162854e-14
3.077999999999999847e+00,3.298403217222301009e-14
3.080000000000000071e+00,3.382710778154773834e-14
3.081999999999999851e+00,3.828881656176008619e-14
3.084000000000000075e+00,3.609612608812540202e-14
3.085999999999999854e+00,4.005476506030447581e-14
3.088000000000000078e+00,3.436834150605250215e-14
3.089999999999999858e+00,3.443426099813962082e-14
3.092000000000000082e+00,3.235953172087135954e-14
3.093999999999999861e+00,3.333444631437032513e-14
3.096000000000000085e+00,3.363281875223833595e-14
3.097999999999999865e+00,3.186687025369394632e-14
3.100000000000000089e+00,3.577693696854566952e-14
3.101999999999999869e+00,3.306382945211794322e-14
3.104000000000000092e+00,3.486447242018186898e-14
3.105999999999999872e+00,3.536060333431123581e-14
3.108000000000000096e+00,3.550978955324524122e-14
3.109999999999999876e+00,3.770594947383187900e-14
3.112000000000000099e+00,3.526692826660848823e-14
3.113999999999999879e+00,3.525305047880067377e-14
3.116000000000000103e+00,3.318526009543631972e-14
3.117999999999999883e+00,2.998643000573508743e-14
3.120000000000000107e+00,3.395894676572197568e-14
3.121999999999999886e+00,3.532243941783974606e-14
3.124000000000000110e+00,3.730349362740525976e-14
3.125999999999999890e+00,3.378547441812429497e-14
3.128000000000000114e+00,3.544040061420616894e-14
3.129999999999999893e+00,3.559305628009212796e-14
3.132000000000000117e+00,3.686287386450715076e-14
3.133999999999999897e+00,3.840330831117455546e-14
3.136000000000000121e+00,3.562428130265971049e-14
3.137999999999999901e+00,3.635633460952192308e-14
3.140000000000000124e+00,3.350791866196800584e-14
3.141999999999999904e+00,3.411160243160793470e-14
3.144000000000000128e+00,3.599204267956679359e-14
3.145999999999999908e+00,3.673797377423682065e-14
3.148000000000000131e+00,3.716124630237516158e-14
3.149999999999999911e+00,3.875372245332187049e-14
3.152000000000000135e+00,3.547509508372570508e-14
3.153999999999999915e+00,3.359118538881489258e-14
3.156000000000000139e+00,3.337261023084181488e-14
3.157999999999999918e+00,3.481936960980647200e-14
3.160000000000000142e+00,3.672756543338095980e-14
3.161999999999999922e+00,3.701206008344115617e-14
3.164000000000000146e+00,3.389649672058681062e-14
3.165999999999999925e+00,3.499978085130805994e-14
3.168000000000000149e+00,3.713696017371148628e-14
3.169999999999999929e+00,3.633551792781020140e-14
3.172000000000000153e+00,3.524958103184872016e-14
3.173999999999999932e+00,3.169686735304821923e-14
3.176000000000000156e+00,3.213748711594632823e-14
3.177999999999999936e+00,3.716471574932711519e-14
3.180000000000000160e+00,3.435793316519664131e-14
3.181999999999999940e+00,3.466671394392051297e-14
3.184000000000000163e+00,3.770594947383187900e-14
3.185999999999999943e+00,3.691491556878645497e-14
3.188000000000000167e+00,3.839636941727064823e-14
3.189999999999999947e+00,3.284872374109681914e-14
3.192000000000000171e+00,3.696001837916185195e-14
3.193999999999999950e+00,3.375424939555671244e-14
3.196000000000000174e+00,3.504488366168345692e-14
3.197999999999999954e+00,3.620714839058791767e-14
3.200000000000000178e+00,4.082845173059013177e-14
3.201999999999999957e+00,3.421915528711849674e-14
3.204000000000000181e+00,3.598857323261483998e-14
3.205999999999999961e+00,3.275851812034602517e-14
3.208000000000000185e+00,3.733471864997284229e-14
3.209999999999999964e+00,3.456609998231385816e-14
3.212000000000000188e+00,3.875719190027382410e-14
3.213999999999999968e+00,3.618980115582814960e-14
3.216000000000000192e+00,3.467365283782442020e-14
3.217999999999999972e+00,3.392772174315439315e-14
3.220000000000000195e+00,3.654715419187937187e-14
3.221999999999999975e+00,3.634592626866606224e-14
3.224000000000000199e+00,3.761574385308108504e-14
3.225999999999999979e+00,3.559999517399603519e-14
3.228000000000000203e+00,3.558611738618822073e-14
3.229999999999999982e+00,3.351832700282386668e-14
3.232000000000000206e+00,3.385139391021141364e-14
3.233999999999999986e+00,3.545427840201398340e-14
3.236000000000000210e+00,3.559305628009212796e-14
3.237999999999999989e+00,3.782044122324634827e-14
3.240000000000000213e+00,3.441344431642789914e-14
3.241999999999999993e+00,3.484365573847014730e-14
3.244000000000000217e+00,3.669634041081337728e-14
3.245999999999999996e+00,3.752206878537833745e-14
3.248000000000000220e+00,3.472569454210372442e-14
3.250000000000000000e+00,3.939210069248133550e-14
3.252000000000000224e+00,3.382363833459578473e-14
3.254000000000000004e+00,3.353567423758363475e-14
3.256000000000000227e+00,3.446895546765915697e-14
3.258000000000000007e+00,3.579428420330543759e-14
3.260000000000000231e+00,3.703981565905678508e-14
3.262000000000000011e+00,3.427119699139780096e-14
3.264000000000000234e+00,3.035072193569021692e-14
3.266000000000000014e+00,3.596428710395116468e-14
3.268000000000000238e+00,3.714736851456734712e-14
3.270000000000000018e+00,3.509345591901080752e-14
3.272000000000000242e+00,3.555489236362063821e-14
3.274000000000000021e+00,3.232136780439986978e-14
3.276000000000000245e+00,3.373343271384499076e-14
3.278000000000000025e+00,3.403874404561690881e-14
3.280000000000000249e+00,3.623143451925159297e-14
3.282000000000000028e+00,3.591918429357576770e-14
3.284000000000000252e+00,3.780656343543853382e-14
3.286000000000000032e+00,3.873984466551405603e-14
3.288000000000000256e+00,3.558611738618822073e-14
3.290000000000000036e+00,3.324771014057148477e-14
3.292000000000000259e+00,3.427119699139780096e-14
3.294000000000000039e+00,3.023276073932379404e-14
3.296000000000000263e+00,3.602673714908632974e-14
3.298000000000000043e+00,3.660613479006258331e-14
3.300000000000000266e+00,3.835820550079915847e-14
3.302000000000000046e+00,3.561387296180384965e-14
3.304000000000000270e+00,3.261974024226788060e-14
3.306000000000000050e+00,3.652980695711960379e-14
3.308000000000000274e+00,4.178254964237737568e-14
3.310000000000000053e+00,3.646041801808053151e-14
3.312000000000000277e+00,3.638409018513755200e-14
3.314000000000000057e+00,3.360853262357466065e-14
3.316000000000000281e+00,3.428160533225366180e-14
3.318000000000000060e+00,3.579081475635348397e-14
3.320000000000000284e+00,3.661654313091844415e-14
3.322000000000000064e+00,3.760880495917717781e-14
3.324000000000000288e+00,3.531550052393583883e-14
3.326000000000000068e+00,3.599204267956679359e-14
3.328000000000000291e+00,3.350097976806409861e-14
3.330000000000000071e+00,3.732084086216502783e-14
3.331999999999999851e+00,3.911107548937309275e-14
3.334000000000000075e+00,3.639796797294536645e-14
3.335999999999999854e+00,3.682124050108370739e-14
3.338000000000000078e+00,3.879188636979336025e-14
3.339999999999999858e+00,3.537101167516709666e-14
3.342000000000000082e+00,3.256422909103662278e-14
3.343999999999999861e+00,3.327893516313906730e-14
3.346000000000000085e+00,3.455569164145799732e-14
3.347999999999999865e+00,3.552019789410110207e-14
3.350000000000000089e+00,3.642919299551294898e-14
3.351999999999999869e+00,3.391731340229853231e-14
3.354000000000000092e+00,3.501018919216392078e-14
3.355999999999999872e+00,3.559999517399603519e-14
3.358000000000000096e+00,3.329628239789883537e-14
3.359999999999999876e+00,3.806677195683505488e-14
3.362000000000000099e+00,3.465283615611269852e-14
3.363999999999999879e+00,3.273770143863430349e-14
3.366000000000000103e+00,3.286954042280854082e-14
3.367999999999999883e+00,3.357730760100707812e-14
3.370000000000000107e+00,3.541611448554249364e-14
3.371999999999999886e+00,4.013456234019940894e-14
3.374000000000000110e+00,3.341077414731330464e-14
3.375999999999999890e+00,3.416364413588723892e-14
3.378000000000000114e+00,3.211320098728265293e-14
3.379999999999999893e+00,3.581163143806520566e-14
3.382000000000000117e+00,3.768166334516820370e-14
3.383999999999999897e+00,3.567632300693901470e-14
3.386000000000000121e+00,3.940944792724110357e-14
3.387999999999999901e+00,3.636327350342583031e-14
3.390000000000000124e+00,3.449324159632283227e-14
3.391999999999999904e+00,3.520794766842527679e-14
3.394000000000000128e+00,3.536060333431123581e-14
3.395999999999999908e+00,3.693226280354622304e-14
3.398000000000000131e+00,3.750819099757052300e-14
3.399999999999999911e+00,3.901740042167034517e-14
3.402000000000000135e+00,3.281402927157728300e-14
3.403999999999999915e+00,3.717859353713492965e-14
3.406000000000000139e+00,3.439956652862008468e-14
3.407999999999999918e+00,3.146441440726732708e-14
3.410000000000000142e+00,3.258157632579639085e-14
3.411999999999999922e+00,3.650552082845592849e-14
3.414000000000000146e+00,3.461467223964120876e-14
3.415999999999999925e+00,3.582897867282497373e-14
3.418000000000000149e+00,3.656797087359109355e-14
3.419999999999999929e+00,3.439956652862008468e-14
3.422000000000000153e+00,3.460773334573730153e-14
3.423999999999999932e+00,3.909025880766137107e-14
3.426000000000000156e+00,3.357730760100707812e-14
3.427999999999999936e+00,3.326852682228320646e-14
3.430000000000000160e+00,3.220340660803344690e-14
3.431999999999999940e+00,3.541264503859054003e-14
3.434000000000000163e+00,3.311240170944529382e-14
3.435999999999999943e+00,3.828534711480813257e-14
3.438000000000000167e+00,3.572489526426636530e-14
3.439999999999999947e+00,3.275504867339407156e-14
3.442000000000000171e+00,3.688715999317082606e-14
3.443999999999999950e+00,3.448977214937087865e-14
3.446000000000000174e+00,3.569367024169878277e-14
3.447999999999999954e+00,3.603367604299023697e-14
3.450000000000000178e+00,3.710920459809585736e-14
3.451999999999999957e+00,3.483324739761428646e-14
3.454000000000000181e+00,3.587061203624841710e-14
3.455999999999999961e+00,3.714736851456734712e-14
3.458000000000000185e+00,3.757757993660959528e-14
3.459999999999999964e+00,3.132216708223722890e-14
3.462000000000000188e+00,3.653674585102351102e-14
3.463999999999999968e+00,3.304301277040622153e-14
3.466000000000000192e+00,3.041317198082538198e-14
3.467999999999999972e+00,3.135339210480481142e-14
3.470000000000000195e+00,3.611000387593321648e-14
3.471999999999999975e+00,3.302913498259840708e-14
3.474000000000000199e+00,3.808758863854677656e-14
3.475999999999999979e+00,3.939903958638524273e-14
3.478000000000000203e+00,3.654715419187937187e-14
3.479999999999999982e+00,3.761227440612913142e-14
3.482000000000000206e+00,3.826453043309641089e-14
3.483999999999999986e+00,3.646041801808053151e-14
3.486000000000000210e+00,3.657490976749500078e-14
3.487999999999999989e+00,4.202194148206217506e-14
3.490000000000000213e+00,3.118338920415908433e-14
3.491999999999999993e+00,3.630429290524261887e-14
3.494000000000000217e+00,3.652980695711960379e-14
3.495999999999999996e+00,3.781003288239048743e-14
3.498000000000000220e+00,3.418793026455091422e-14
3.500000000000000000e+00,4.086661564706162153e-14
3.502000000000000224e+00,3.399711068219346544e-14
3.504000000000000004e+00,3.435793316519664131e-14
3.506000000000000227e+00,3.495467804093266295e-14
3.508000000000000007e+00,4.004782616640056858e-14
3.510000000000000231e+00,3.759145772441740974e-14
3.512000000000000011e+00,4.243133622239270153e-14
3.514000000000000234e+00,3.230749001659205533e-14
3.516000000000000014e+00,3.645000967722467067e-14
3.518000000000000238e+00,3.403527459866495519e-14
3.520000000000000018e+00,3.116604196939931626e-14
3.522000000000000242e+00,3.586367314234450987e-14
3.524000000000000021e+00,3.702940731820092424e-14
3.526000000000000245e+00,3.726186026398181639e-14
3.528000000000000025e+00,3.898964484605471625e-14
3.530000000000000249e+00,3.600938991432656167e-14
3.532000000000000028e+00,3.313668783810896912e-14
3.534000000000000252e+00,3.386874114497118171e-14
3.536000000000000032e+00,3.515937541109792619e-14
3.538000000000000256e+00,3.247055402333387519e-14
3.540000000000000036e+00,3.365363543395005763e-14
3.542000000000000259e+00,3.396588565962588291e-14
3.544000000000000039e+00,3.181482854941464211e-14
3.546000000000000263e+00,3.618286226192424238e-14
3.548000000000000043e+00,3.703287676515287785e-14
3.550000000000000266e+00,3.814656923672998801e-14
3.552000000000000046e+00,3.599898157347070082e-14
3.554000000000000270e+00,3.284525429414486553e-14
3.556000000000000050e+00,3.344199916988088717e-14
3.558000000000000274e+00,3.525998937270458100e-14
3.560000000000000053e+00,3.477426679943107501e-14
3.562000000000000277e+00,3.740410758901191457e-14
3.564000000000000057e+00,3.002459392220657719e-14
3.566000000000000281e+00,3.531896997088779244e-14
3.568000000000000060e+00,3.582897867282497373e-14
3.570000000000000284e+00,3.360853262357466065e-14
3.572000000000000064e+00,3.771635781468773985e-14
3.574000000000000288e+00,3.942332571504891803e-14
3.576000000000000068e+00,3.317485175458045887e-14
3.578000000000000291e+00,3.414976634807942446e-14
3.580000000000000071e+00,3.456263053536190455e-14
3.582000000000000295e+00,3.557917849228431351e-14
3.584000000000000075e+00,3.610306498202930925e-14
3.585999999999999854e+00,3.376812718336452690e-14
3.588000000000000078e+00,3.878494747588945302e-14
3.589999999999999858e+00,3.553060623495696291e-14
3.592000000000000082e+00,3.694614059135403750e-14
3.593999999999999861e+00,3.367445211566177932e-14
3.596000000000000085e+00,3.489916688970140513e-14
3.597999999999999865e+00,3.569020079474682916e-14
3.600000000000000089e+00,3.766431611040843563e-14
3.601999999999999869e+00,3.473263343600763164e-14
3.604000000000000092e+00,3.552713678800500929e-14
3.605999999999999872e+00,3.644654023027271705e-14
3.608000000000000096e+00,3.675879045594854233e-14
3.609999999999999876e+00,3.944761184371259333e-14
3.612000000000000099e+00,3.541958393249444725e-14
3.613999999999999879e+00,3.639102907904145923e-14
3.616000000000000103e+00,3.760186606527327058e-14
3.617999999999999883e+00,3.160319228534547165e-14
3.620000000000000107e+00,3.595040931614335022e-14
3.621999999999999886e+00,3.681083216022784654e-14
3.624000000000000110e+00,4.143907439413396787e-14
3.625999999999999890e+00,3.553060623495696291e-14
3.628000000000000114e+00,3.557570904533235989e-14
3.629999999999999893e+00,3.723757413531814109e-14
3.632000000000000117e+00,3.364322709309419679e-14
3.633999999999999897e+00,3.546815618982179785e-14
3.636000000000000121e+00,3.625572064791526827e-14
3.637999999999999901e+00,3.312627949725310827e-14
3.640000000000000124e+00,3.469100007258418827e-14
3.641999999999999904e+00,3.487488076103772983e-14
3.644000000000000128e+00,3.672062653947705257e-14
3.645999999999999908e+00,3.777186896591899767e-14
3.648000000000000131e+00,3.418446081759896060e-14
3.649999999999999911e+00,3.622449562534768575e-14
3.652000000000000135e+00,3.287647931671244805e-14
3.653999999999999915e+00,3.378894386507624858e-14
3.656000000000000139e+00,3.410119409075207386e-14
3.657999999999999918e+00,3.651245972235983572e-14
3.660000000000000142e+00,4.070008219336784805e-14
3.661999999999999922e+00,3.440303597557203830e-14
3.664000000000000146e+00,3.461120279268925515e-14
3.665999999999999925e+00,3.642225410160904175e-14
3.668000000000000149e+00,3.294239880879956672e-14
3.669999999999999929e+00,3.435099427129273408e-14
3.672000000000000153e+00,3.501018919216392078e-14
3.673999999999999932e+00,3.638755963208950561e-14
3.676000000000000156e+00,2.997602166487922659e-14
3.677999999999999936e+00,3.401792736390518712e-14
3.680000000000000160e+00,3.925679226135514455e-14
3.681999999999999940e+00,3.732084086216502783e-14
3.684000000000000163e+00,3.744227150548340433e-14
3.685999999999999943e+00,3.849698337887730304e-14
3.688000000000000167e+00,3.241504287210261737e-14
3.689999999999999947e+00,3.303607387650231431e-14
3.692000000000000171e+00,3.818473315320147776e-14
3.693999999999999950e+00,3.463201947440097683e-14
3.696000000000000174e+00,3.671021819862119173e-14
3.697999999999999954e+00,3.673450432728486703e-14
3.700000000000000178e+00,4.196643033083091723e-14
3.701999999999999957e+00,3.946842852542431501e-14
3.704000000000000181e+00,3.648123469979225320e-14
3.705999999999999961e+00,3.332403797351446428e-14
3.708000000000000185e+00,3.513855872938620450e-14
3.709999999999999964e+00,3.510039481291471475e-14
3.712000000000000188e+00,3.596428710395116468e-14
3.713999999999999968e+00,3.830963324347180787e-14
3.716000000000000192e+00,3.498937251045219909e-14
3.717999999999999972e+00,3.230055112268814810e-14
3.720000000000000195e+00,3.652286806321569657e-14
3.721999999999999975e+00,3.773023560249555430e-14
3.724000000000000199e+00,3.075317778211683617e-14
3.725999999999999979e+00,3.288341821061635528e-14
3.728000000000000203e+00,3.640143741989732007e-14
3.729999999999999982e+00,3.430242201396538348e-14
3.732000000000000206e+00,3.469793896648809550e-14
3.733999999999999986e+00,3.622796507229963936e-14
3.736000000000000210e+00,3.684205718279542907e-14
3.737999999999999989e+00,3.473957232991153887e-14
3.740000000000000213e+00,3.898270595215080903e-14
3.741999999999999993e+00,3.616204558021252069e-14
3.744000000000000217e+00,3.412201077246379555e-14
3.745999999999999996e+00,3.419486915845482145e-14
3.748000000000000220e+00,3.617939281497228876e-14
3.750000000000000000e+00,3.292852102099175227e-14
3.752000000000000224e+00,3.365363543395005763e-14
3.754000000000000004e+00,3.397282455352979014e-14
3.756000000000000227e+00,3.582897867282497373e-14
3.758000000000000007e+00,3.327199626923516007e-14
3.760000000000000231e+00,3.847616669716558135e-14
3.762000000000000011e+00,3.461814168659316238e-14
3.764000000000000234e+00,3.279321258986556131e-14
3.766000000000000014e+00,3.259545411360420530e-14
3.768000000000000238e+00,3.430242201396538348e-14
3.770000000000000018e+00,3.888556143749610783e-14
3.772000000000000242e+00,3.575265083988199422e-14
3.774000000000000021e+00,3.776493007201509045e-14
3.776000000000000245e+00,3.439956652862008468e-14
3.778000000000000025e+00,3.208544541166702402e-14
3.780000000000000249e+00,3.584979535453669541e-14
3.782000000000000028e+00,3.748737431585880131e-14
3.784000000000000252e+00,3.887862254359220060e-14
3.786000000000000032e+00,3.558611738618822073e-14
3.788000000000000256e+00,3.320260733019608779e-14
3.790000000000000036e+00,3.434405537738882686e-14
3.792000000000000259e+00,3.441691376337985275e-14
3.794000000000000039e+00,3.928801728392272707e-14
3.796000000000000263e+00,3.718900187799079049e-14
3.798000000000000043e+00,3.835126660689525124e-14
3.800000000000000266e+00,3.843453333374213798e-14
3.802000000000000046e+00,3.369873824432545462e-14
3.804000000000000270e+00,3.310199336858943298e-14
3.806000000000000050e+00,3.447589436156306419e-14
3.808000000000000274e+00,3.120420588587080601e-14
3.810000000000000053e+00,3.637368184428169116e-14
3.812000000000000277e+00,3.728614639264549169e-14
3.814000000000000057e+00,3.123890035539034216e-14
3.816000000000000281e+00,3.522529490318504486e-14
3.818000000000000060e+00,3.610306498202930925e-14
3.820000000000000284e+00,3.769207168602406455e-14
3.822000000000000064e+00,3.485406407932600814e-14
3.824000000000000288e+00,3.579428420330543759e-14
3.826000000000000068e+00,3.362241041138247510e-14
3.828000000000000291e+00,3.397629400048174375e-14
3.830000000000000071e+00,3.519753932756941595e-14
3.832000000000000295e+00,3.938516179857742827e-14
3.834000000000000075e+00,3.714042962066343989e-14
3.836000000000000298e+00,3.817779425929757053e-14
3.838000000000000078e+00,3.516284485804987980e-14
3.839999999999999858e+00,3.231789835744791617e-14
3.842000000000000082e+00,3.413588856027161000e-14
3.843999999999999861e+00,3.449324159632283227e-14
3.846000000000000085e+00,3.529815328917607076e-14
3.847999999999999865e+00,3.715777685542320796e-14
3.850000000000000089e+00,3.650899027540788211e-14
3.851999999999999869e+00,3.497549472264438464e-14
3.854000000000000092e+00,3.991945662917828486e-14
3.855999999999999872e+00,3.701206008344115617e-14
3.858000000000000096e+00,3.363628819919028956e-14
3.859999999999999876e+00,3.143318938469974455e-14
3.862000000000000099e+00,3.938863124552938189e-14
3.863999999999999879e+00,3.375771884250866606e-14
3.866000000000000103e+00,3.382016888764383111e-14
3.867999999999999883e+00,3.606837051250977311e-14
3.870000000000000107e+00,3.553754512886087014e-14
3.871999999999999886e+00,4.096722960866827634e-14
3.874000000000000110e+00,3.510733370681862198e-14
3.875999999999999890e+00,3.530509218307997799e-14
3.878000000000000114e+00,3.208197596471507040e-14
3.879999999999999893e+00,3.387914948582704255e-14
3.882000000000000117e+00,3.505876144949127138e-14
3.883999999999999897e+00,3.563468964351557133e-14
3.886000000000000121e+00,3.686634331145910437e-14
3.887999999999999901e+00,3.737982146034823927e-14
3.890000000000000124e+00,3.570407858255464362e-14
3.891999999999999904e+00,3.568326190084292193e-14
3.894000000000000128e+00,3.664082925958211945e-14
3.895999999999999908e+00,3.466324449696855936e-14
3.898000000000000131e+00,3.561387296180384965e-14
3.899999999999999911e+00,3.592612318747967493e-14
3.902000000000000135e+00,3.368139100956568655e-14
3.903999999999999915e+00,3.427813588530170819e-14
3.906000000000000139e+00,3.499284195740415271e-14
3.907999999999999918e+00,3.994374275784196016e-14
3.910000000000000142e+00,3.730696307435721337e-14
3.911999999999999922e+00,3.510733370681862198e-14
3.914000000000000146e+00,3.599551212651874721e-14
3.915999999999999925e+00,3.225197886536079750e-14
3.918000000000000149e+00,3.412548021941574916e-14
3.919999999999999929e+00,3.859412789353200424e-14
3.922000000000000153e+00,3.655062363883132548e-14
3.923999999999999932e+00,3.683511828889152184e-14
3.926000000000000156e+00,3.778574675372681213e-14
3.927999999999999936e+00,2.760291994974295449e-14
3.930000000000000160e+00,3.563122019656361772e-14
3.931999999999999940e+00,3.688022109926691883e-14
3.934000000000000163e+00,3.393466063705830038e-14
3.935999999999999943e+00,3.538488946297491111e-14
3.938000000000000167e+00,3.635633460952192308e-14
3.939999999999999947e+00,3.333444631437032513e-14
3.942000000000000171e+00,3.510039481291471475e-14
3.943999999999999950e+00,3.610306498202930925e-14
3.946000000000000174e+00,3.978761764500404752e-14
3.947999999999999954e+00,3.707797957552827484e-14
3.950000000000000178e+00,3.875719190027382410e-14
3.951999999999999957e+00,3.139502546822825479e-14
3.954000000000000181e+00,3.344199916988088717e-14
3.955999999999999961e+00,3.410466353770402748e-14
3.958000000000000185e+00,3.452099717193846118e-14
3.959999999999999964e+00,3.924638392049928370e-14
3.962000000000000188e+00,3.737635201339628566e-14
3.963999999999999968e+00,3.073236110040511448e-14
3.966000000000000192e+00,3.148870053593100238e-14
3.967999999999999972e+00,3.278280424900970047e-14
3.970000000000000195e+00,3.322342401190780947e-14
3.971999999999999975e+00,3.753247712623419829e-14
3.974000000000000199e+00,3.614816779240470623e-14
3.975999999999999979e+00,3.271341530997062819e-14
3.978000000000000203e+00,3.332056852656251067e-14
3.979999999999999982e+00,3.474651122381544610e-14
3.982000000000000206e+00,3.158237560363374996e-14
3.983999999999999986e+00,3.701206008344115617e-14
3.986000000000000210e+00,3.717859353713492965e-14
3.987999999999999989e+00,3.493733080617289488e-14
3.990000000000000213e+00,3.640143741989732007e-14
3.991999999999999993e+00,3.651592916931178934e-14
3.994000000000000217e+00,3.771982726163969346e-14
3.995999999999999996e+00,3.199870923786818366e-14
3.998000000000000220e+00,3.620714839058791767e-14
4.000000000000000000e+00,3.658878755530281524e-14
4.001999999999999780e+00,3.433017758958101240e-14
4.004000000000000448e+00,3.509692536596276113e-14
4.006000000000000227e+00,3.701206008344115617e-14
4.008000000000000007e+00,4.106090467637102392e-14
4.009999999999999787e+00,3.880229471064922109e-14
4.012000000000000455e+00,3.886821420273633976e-14
4.014000000000000234e+00,3.303954332345426792e-14
4.016000000000000014e+00,3.756717159575373444e-14
4.017999999999999794e+00,3.509692536596276113e-14
4.020000000000000462e+00,3.223463163060102943e-14
4.022000000000000242e+00,3.741451592986777541e-14
4.024000000000000021e+00,4.114764085016986428e-14
4.025999999999999801e+00,3.925332281440319093e-14
4.028000000000000469e+00,3.672409598642900619e-14
4.030000000000000249e+00,3.341424359426525825e-14
4.032000000000000028e+00,3.393466063705830038e-14
4.033999999999999808e+00,3.107930579560047590e-14
4.036000000000000476e+00,3.630082345829066526e-14
4.038000000000000256e+00,3.727920749874158446e-14
4.040000000000000036e+00,3.442385265728375998e-14
4.041999999999999815e+00,3.489916688970140513e-14
4.044000000000000483e+00,3.676572934985244956e-14
4.046000000000000263e+00,3.739369924815605373e-14
4.048000000000000043e+00,4.257705299437475333e-14
4.049999999999999822e+00,3.589142871796013878e-14
4.052000000000000490e+00,2.981642710508936034e-14
4.054000000000000270e+00,3.431629980177319794e-14
4.056000000000000050e+00,3.049643870767226872e-14
4.057999999999999829e+00,3.637021239732973754e-14
4.060000000000000497e+00,3.629041511743480442e-14
4.062000000000000277e+00,3.424344141578217204e-14
4.064000000000000057e+00,3.921862834488365479e-14
4.065999999999999837e+00,3.981884266757163005e-14
4.068000000000000504e+00,3.731390196826112060e-14
4.070000000000000284e+00,3.894107258872736566e-14
4.072000000000000064e+00,3.477079735247912140e-14
4.073999999999999844e+00,4.014150123410331616e-14
4.076000000000000512e+00,3.750472155061856938e-14
4.078000000000000291e+00,3.498937251045219909e-14
4.080000000000000071e+00,3.261974024226788060e-14
4.081999999999999851e+00,3.651939861626374295e-14
4.084000000000000519e+00,3.744574095243535794e-14
4.086000000000000298e+00,3.505876144949127138e-14
4.088000000000000078e+00,3.263708747702764867e-14
4.089999999999999858e+00,3.621061783753987129e-14
4.092000000000000526e+00,3.350791866196800584e-14
4.094000000000000306e+00,3.539529780383077195e-14
4.096000000000000085e+00,3.569367024169878277e-14
4.097999999999999865e+00,3.738329090730019288e-14
4.099999999999999645e+00,3.027786354969919103e-14
4.102000000000000313e+00,3.520794766842527679e-14
4.104000000000000092e+00,3.606490106555781949e-14
4.105999999999999872e+00,3.317138230762850526e-14
4.107999999999999652e+00,3.849004448497339581e-14
4.110000000000000320e+00,3.182870633722245657e-14
4.112000000000000099e+00,3.278280424900970047e-14
4.113999999999999879e+00,3.283484595328900468e-14
4.115999999999999659e+00,3.470140841344004912e-14
4.118000000000000327e+00,3.546815618982179785e-14
4.120000000000000107e+00,4.060640712566510047e-14
4.121999999999999886e+00,4.180683577104105098e-14
4.123999999999999666e+00,3.961414529740636681e-14
4.126000000000000334e+00,2.831762602184539901e-14
4.128000000000000114e+00,3.318179064848436610e-14
4.129999999999999893e+00,3.364669654004615040e-14
4.131999999999999673e+00,3.909025880766137107e-14
4.134000000000000341e+00,3.601979825518242251e-14
4.136000000000000121e+00,4.100539352513976610e-14
4.137999999999999901e+00,3.862882236305154038e-14
4.139999999999999680e+00,2.731842529968275812e-14
4.142000000000000348e+00,3.692532390964231581e-14
4.144000000000000128e+00,3.317485175458045887e-14
4.145999999999999908e+00,3.512815038853034366e-14
4.147999999999999687e+00,3.613429000459689178e-14
4.150000000000000355e+00,3.673797377423682065e-14
4.152000000000000135e+00,3.400404957609737266e-14
4.153999999999999915e+00,3.875025300636991687e-14
4.155999999999999694e+00,3.563815909046752495e-14
4.158000000000000362e+00,3.685246552365128991e-14
4.160000000000000142e+00,3.819514149405733860e-14
4.161999999999999922e+00,3.522182545623309124e-14
4.163999999999999702e+00,3.275851812034602517e-14
4.166000000000000369e+00,3.312974894420506189e-14
4.168000000000000149e+00,3.830269434956790064e-14
4.169999999999999929e+00,3.465630560306465213e-14
4.171999999999999709e+00,3.658531810835086162e-14
4.174000000000000377e+00,3.777186896591899767e-14
4.176000000000000156e+00,3.383404667545164557e-14
4.177999999999999936e+00,3.206462872995530233e-14
4.179999999999999716e+00,3.692185446269036220e-14
4.182000000000000384e+00,2.949029909160572061e-14
4.184000000000000163e+00,3.474304177686349249e-14
4.185999999999999943e+00,3.532243941783974606e-14
4.187999999999999723e+00,3.366057432785396486e-14
4.190000000000000391e+00,3.304301277040622153e-14
4.192000000000000171e+00,3.506570034339517861e-14
4.193999999999999950e+00,3.618286226192424238e-14
4.195999999999999730e+00,3.617592336802033515e-14
4.198000000000000398e+00,3.890637811920782951e-14
4.200000000000000178e+00,3.884739752102461807e-14
4.201999999999999957e+00,3.336914078388986127e-14
4.203999999999999737e+00,3.329975184485078898e-14
4.206000000000000405e+00,3.488181965494163705e-14
4.208000000000000185e+00,3.537448112211905027e-14
4.209999999999999964e+00,3.314709617896482996e-14
4.211999999999999744e+00,3.696001837916185195e-14
4.214000000000000412e+00,3.436487205910054854e-14
4.216000000000000192e+00,3.569020079474682916e-14
4.217999999999999972e+00,3.661654313091844415e-14
4.219999999999999751e+00,4.164377176429923111e-14
4.222000000000000419e+00,3.522876435013699847e-14
4.224000000000000199e+00,3.218952882022563244e-14
4.225999999999999979e+00,2.943825738732641639e-14
4.227999999999999758e+00,3.405609128037667688e-14
4.230000000000000426e+00,3.524958103184872016e-14
4.232000000000000206e+00,3.188421748845371440e-14
4.233999999999999986e+00,3.293892936184761311e-14
4.235999999999999766e+00,3.844494167459799883e-14
4.238000000000000433e+00,3.951700078275166561e-14
4.240000000000000213e+00,3.615510668630861346e-14
4.241999999999999993e+00,3.325811848142734561e-14
4.243999999999999773e+00,3.507263923729908583e-14
4.246000000000000441e+00,3.616898447411642792e-14
4.248000000000000220e+00,3.625225120096331466e-14
4.250000000000000000e+00,3.756023270184982721e-14
4.251999999999999780e+00,3.530856163003193160e-14
4.254000000000000448e+00,3.592612318747967493e-14
4.256000000000000227e+00,4.073824610983933781e-14
4.258000000000000007e+00,3.360853262357466065e-14
4.259999999999999787e+00,3.566938411303510748e-14
4.262000000000000455e+00,3.617939281497228876e-14
4.264000000000000234e+00,3.304301277040622153e-14
4.266000000000000014e+00,3.879188636979336025e-14
4.267999999999999794e+00,3.487835020798968344e-14
4.270000000000000462e+00,3.242545121295847821e-14
4.272000000000000242e+00,3.829228600871203980e-14
4.274000000000000021e+00,4.150846333317304016e-14
4.275999999999999801e+00,3.132563652918918251e-14
4.278000000000000469e+00,3.358771594186293896e-14
4.280000000000000249e+00,3.355302147234340282e-14
4.282000000000000028e+00,3.450364993717869311e-14
4.283999999999999808e+00,3.565203687827533940e-14
4.286000000000000476e+00,3.667899317605360920e-14
4.288000000000000256e+00,3.817779425929757053e-14
4.290000000000000036e+00,3.861147512829177231e-14
4.291999999999999815e+00,3.581510088501715927e-14
4.294000000000000483e+00,4.149111609841327208e-14
4.296000000000000263e+00,3.396241621267392929e-14
4.298000000000000043e+00,3.543346172030226171e-14
4.299999999999999822e+00,3.599551212651874721e-14
4.302000000000000490e+00,2.984071323375303564e-14
4.304000000000000270e+00,3.459732500488144069e-14
4.306000000000000050e+00,3.565203687827533940e-14
4.307999999999999829e+00,3.299790996003082455e-14
4.310000000000000497e+00,3.636327350342583031e-14
4.312000000000000277e+00,4.212602489062078348e-14
4.314000000000000057e+00,3.215136490375414269e-14
4.315999999999999837e+00,3.309505447468552575e-14
4.318000000000000504e+00,3.776146062506313683e-14
4.320000000000000284e+00,3.488528910189359067e-14
4.322000000000000064e+00,3.612041221678907732e-14
4.323999999999999844e+00,4.023170685485411013e-14
4.326000000000000512e+00,3.502406697997173524e-14
4.328000000000000291e+00,3.506916979034713222e-14
4.330000000000000071e+00,3.615510668630861346e-14
4.331999999999999851e+00,3.405609128037667688e-14
4.334000000000000519e+00,3.444466933899548167e-14
4.336000000000000298e+00,3.493733080617289488e-14
4.338000000000000078e+00,3.323730179971562393e-14
4.339999999999999858e+00,3.332750742046641790e-14
4.342000000000000526e+00,3.517672264585769426e-14
4.344000000000000306e+00,3.533631720564756051e-14
4.346000000000000085e+00,3.656797087359109355e-14
4.347999999999999865e+00,3.729308528654939892e-14
4.350000000000000533e+00,3.838249162946283377e-14
4.352000000000000313e+00,3.664776815348602668e-14
4.354000000000000092e+00,3.355649091929535643e-14
4.355999999999999872e+00,3.397282455352979014e-14
4.357999999999999652e+00,3.471181675429590996e-14
4.360000000000000320e+00,3.586020369539255626e-14
4.362000000000000099e+00,4.161254674173164858e-14
4.363999999999999879e+00,3.004541060391829888e-14
4.365999999999999659e+00,3.563468964351557133e-14
4.368000000000000327e+00,3.621061783753987129e-14
4.370000000000000107e+00,3.367445211566177932e-14
4.371999999999999886e+00,3.412201077246379555e-14
4.373999999999999666e+00,3.595387876309530384e-14
4.376000000000000334e+00,3.686634331145910437e-14
4.378000000000000114e+00,3.368139100956568655e-14
4.379999999999999893e+00,3.812922200197021994e-14
4.381999999999999673e+00,3.574918139293004060e-14
4.384000000000000341e+00,3.720287966579860495e-14
4.386000000000000121e+00,3.366057432785396486e-14
4.387999999999999901e+00,3.161013117924937887e-14
4.389999999999999680e+00,3.558958683314017435e-14
4.392000000000000348e+00,3.706410178772046038e-14
4.394000000000000128e+00,3.426078865054194011e-14
4.395999999999999908e+00,3.518019209280964787e-14
4.397999999999999687e+00,3.173503126951970899e-14
4.400000000000000355e+00,3.735553533168456397e-14
4.402000000000000135e+00,3.421915528711849674e-14
4.403999999999999915e+00,3.185299246588613187e-14
4.405999999999999694e+00,3.635286516256996947e-14
4.408000000000000362e+00,3.345934640464065524e-14
4.410000000000000142e+00,3.875372245332187049e-14
4.411999999999999922e+00,3.850045282582925665e-14
4.413999999999999702e+00,3.374037160774889799e-14
4.416000000000000369e+00,3.376465773641257329e-14
4.418000000000000149e+00,4.237582507116144370e-14
4.419999999999999929e+00,3.534672554650342136e-14
4.421999999999999709e+00,3.749084376281075492e-14
4.424000000000000377e+00,3.810146642635459102e-14
4.426000000000000156e+00,3.484712518542210091e-14
4.427999999999999936e+00,3.309158502773357213e-14
4.429999999999999716e+00,3.709879625723999652e-14
4.432000000000000384e+00,3.084685284981958375e-14
4.434000000000000163e+00,3.454181385365018286e-14
4.435999999999999943e+00,3.590530650576795324e-14
4.437999999999999723e+00,3.809105808549873018e-14
4.440000000000000391e+00,3.460079445183339431e-14
4.442000000000000171e+00,3.550632010629328761e-14
4.443999999999999950e+00,3.657144032054304716e-14
4.445999999999999730e+00,3.758798827746545612e-14
4.448000000000000398e+00,3.566244521913120025e-14
4.450000000000000178e+00,3.570407858255464362e-14
4.451999999999999957e+00,3.331362963265860344e-14
4.453999999999999737e+00,3.835473605384720486e-14
4.456000000000000405e+00,3.482283905675842561e-14
4.458000000000000185e+00,3.643613188941685621e-14
4.459999999999999964e+00,2.937927678914320495e-14
4.461999999999999744e+00,3.833738881908743679e-14
4.464000000000000412e+00,3.480896126895061116e-14
4.466000000000000192e+00,3.622796507229963936e-14
4.467999999999999972e+00,3.371261603213326907e-14
4.469999999999999751e+00,3.527733660746434907e-14
4.472000000000000419e+00,3.100297796265749639e-14
4.474000000000000199e+00,3.587061203624841710e-14
4.475999999999999979e+00,3.387914948582704255e-14
4.477999999999999758e+00,3.476385845857521417e-14
4.480000000000000426e+00,3.607183995946172672e-14
4.482000000000000206e+00,3.656103197968718632e-14
4.483999999999999986e+00,3.765043832260062118e-14
4.485999999999999766e+00,3.946148963152040778e-14
4.488000000000000433e+00,2.898375983662049293e-14
4.490000000000000213e+00,3.304995166431012876e-14
4.491999999999999993e+00,3.446201657375524974e-14
4.493999999999999773e+00,3.485059463237405453e-14
4.496000000000000441e+00,3.615857613326056708e-14
4.498000000000000220e+00,3.694267114440208388e-14
4.500000000000000000e+00,3.427466643834975457e-14
4.501999999999999780e+00,3.905903378509378854e-14
4.504000000000000448e+00,3.652980695711960379e-14
4.506000000000000227e+00,3.755676325489787359e-14
4.508000000000000007e+00,3.555836181057259182e-14
4.509999999999999787e+00,3.576652862768980867e-14
4.512000000000000455e+00,3.634245682171410863e-14
4.514000000000000234e+00,3.412201077246379555e-14
4.516000000000000014e+00,3.138461712737239395e-14
4.517999999999999794e+00,3.600592046737460805e-14
4.520000000000000462e+00,3.598163433871093275e-14
4.522000000000000242e+00,3.889250033140001506e-14
4.524000000000000021e+00,3.881270305150508193e-14
4.525999999999999801e+00,3.229014278183228726e-14
4.528000000000000469e+00,3.397629400048174375e-14
4.530000000000000249e+00,3.368486045651764016e-14
4.532000000000000028e+00,3.573877305207417976e-14
4.533999999999999808e+00,3.679001547851612486e-14
4.536000000000000476e+00,3.755676325489787359e-14
4.538000000000000256e+00,3.840330831117455546e-14
4.540000000000000036e+00,3.588102037710427794e-14
4.541999999999999815e+00,3.665123760043798029e-14
4.544000000000000483e+00,3.829575545566399342e-14
4.546000000000000263e+00,3.482283905675842561e-14
4.548000000000000043e+00,3.617939281497228876e-14
4.549999999999999822e+00,3.663389036567821222e-14
4.552000000000000490e+00,3.473610288295958526e-14
4.554000000000000270e+00,3.508304757815494668e-14
4.556000000000000050e+00,3.571795637036245807e-14
4.557999999999999829e+00,4.137315490204684920e-14
4.560000000000000497e+00,3.788983016228542056e-14
4.562000000000000277e+00,3.531550052393583883e-14
4.564000000000000057e+00,3.248443181114168965e-14
4.565999999999999837e+00,3.004194115696634526e-14
4.568000000000000504e+00,3.404221349256886242e-14
4.570000000000000284e+00,3.564856743132338579e-14
4.572000000000000064e+00,3.625919009486722189e-14
4.573999999999999844e+00,3.787942182142955971e-14
4.576000000000000512e+00,3.410813298465598109e-14
4.578000000000000291e+00,3.224503997145689027e-14
4.580000000000000071e+00,3.295280714965542757e-14
4.581999999999999851e+00,3.745614929329121878e-14
4.584000000000000519e+00,3.544040061420616894e-14
4.586000000000000298e+00,3.626612898877112912e-14
4.588000000000000078e+00,3.652980695711960379e-14
4.589999999999999858e+00,3.065950271441408859e-14
4.592000000000000526e+00,3.532937831174365328e-14
4.594000000000000306e+00,3.608224830031758756e-14
4.596000000000000085e+00,3.659572644920672246e-14
4.597999999999999865e+00,3.858718899962809701e-14
4.600000000000000533e+00,3.995415109869782100e-14
4.602000000000000313e+00,3.278627369596165408e-14
4.604000000000000092e+00,3.363975764614224317e-14
4.605999999999999872e+00,3.441691376337985275e-14
4.608000000000000540e+00,3.138808657432434757e-14
4.610000000000000320e+00,3.686634331145910437e-14
4.612000000000000099e+00,3.353567423758363475e-14
4.613999999999999879e+00,3.508998647205885391e-14
4.615999999999999659e+00,3.607877885336563395e-14
4.618000000000000327e+00,3.655756253273523271e-14
4.620000000000000107e+00,3.800779135865184344e-14
4.621999999999999886e+00,3.124583924929424938e-14
4.623999999999999666e+00,3.663042091872625861e-14
4.626000000000000334e+00,3.694267114440208388e-14
4.628000000000000114e+00,3.425731920358998650e-14
4.629999999999999893e+00,3.568326190084292193e-14
4.631999999999999673e+00,3.653674585102351102e-14
4.634000000000000341e+00,3.718553243103883688e-14
4.636000000000000121e+00,4.240011119982511900e-14
4.637999999999999901e+00,3.586367314234450987e-14
4.639999999999999680e+00,3.297015438441519564e-14
4.642000000000000348e+00,3.414976634807942446e-14
4.644000000000000128e+00,3.085032229677153737e-14
4.645999999999999908e+00,3.564162853741947856e-14
4.647999999999999687e+00,3.659919589615867608e-14
4.650000000000000355e+00,3.855249453010856087e-14
4.652000000000000135e+00,3.487835020798968344e-14
4.653999999999999915e+00,3.605102327775000504e-14
4.655999999999999694e+00,3.744921039938731155e-14
4.658000000000000362e+00,3.796268854827644645e-14
4.660000000000000142e+00,3.575265083988199422e-14
4.661999999999999922e+00,3.989517050051460956e-14
4.663999999999999702e+00,3.381669944069187750e-14
4.666000000000000369e+00,3.445160823289938890e-14
4.668000000000000149e+00,3.487488076103772983e-14
4.669999999999999929e+00,3.774758283725532237e-14
4.671999999999999709e+00,3.327893516313906730e-14
4.674000000000000377e+00,4.203928871682194313e-14
4.676000000000000156e+00,3.322689345885976309e-14
4.677999999999999936e+00,3.265443471178741675e-14
4.679999999999999716e+00,2.977479374166591697e-14
4.682000000000000384e+00,3.195360642749278668e-14
4.684000000000000163e+00,3.511080315377057559e-14
4.685999999999999943e+00,3.707104068162436761e-14
4.687999999999999723e+00,3.815697757758584885e-14
4.690000000000000391e+00,3.536407278126318943e-14
4.692000000000000171e+00,3.255729019713271555e-14
4.693999999999999950e+00,3.652286806321569657e-14
4.695999999999999730e+00,3.811881366111435909e-14
4.698000000000000398e+00,3.563468964351557133e-14
4.700000000000000178e+00,3.639449852599341284e-14
4.701999999999999957e+00,3.422262473407045036e-14
4.703999999999999737e+00,3.793840241961277115e-14
4.706000000000000405e+00,3.613775945154884539e-14
4.708000000000000185e+00,3.984312879623530534e-14
4.709999999999999964e+00,4.208439152719734011e-14
4.711999999999999744e+00,3.809452753245068379e-14
4.714000000000000412e+00,3.289729599842416974e-14
4.716000000000000192e+00,3.310546281554138659e-14
4.717999999999999972e+00,2.669739429528306118e-14
4.719999999999999751e+00,3.440303597557203830e-14
4.722000000000000419e+00,3.960720640350245958e-14
4.724000000000000199e+00,3.320607677714804140e-14
4.725999999999999979e+00,3.838596107641478739e-14
4.727999999999999758e+00,3.559305628009212796e-14
4.730000000000000426e+00,3.289729599842416974e-14
4.732000000000000206e+00,3.704675455296069231e-14
4.733999999999999986e+00,3.429895256701342987e-14
4.735999999999999766e+00,3.916311719365239696e-14
4.738000000000000433e+00,3.297362383136714925e-14
4.740000000000000213e+00,3.382710778154773834e-14
4.741999999999999993e+00,3.133604487004504335e-14
4.743999999999999773e+00,3.539529780383077195e-14
4.746000000000000441e+00,3.254688185627685471e-14
4.748000000000000220e+00,3.751166044452247661e-14
4.750000000000000000e+00,3.929495617782663430e-14
4.751999999999999780e+00,3.599551212651874721e-14
4.754000000000000448e+00,3.014949401247690730e-14
4.756000000000000227e+00,3.384792446325946003e-14
4.758000000000000007e+00,3.847963614411753497e-14
4.759999999999999787e+00,3.708838791638413568e-14
4.762000000000000455e+00,3.701206008344115617e-14
4.764000000000000234e+00,3.057970543451915546e-14
4.766000000000000014e+00,3.967312589558957825e-14
4.767999999999999794e+00,3.661654313091844415e-14
4.770000000000000462e+00,3.370220769127740823e-14
4.772000000000000242e+00,3.845188056850190605e-14
4.774000000000000021e+00,3.630082345829066526e-14
4.775999999999999801e+00,2.959438250016432903e-14
4.778000000000000469e+00,3.328934350399492814e-14
4.780000000000000249e+00,3.502059753301978162e-14
4.782000000000000028e+00,3.667899317605360920e-14
4.783999999999999808e+00,3.717859353713492965e-14
4.786000000000000476e+00,3.749084376281075492e-14
4.788000000000000256e+00,3.494080025312484850e-14
4.790000000000000036e+00,3.691491556878645497e-14
4.791999999999999815e+00,3.425731920358998650e-14
4.794000000000000483e+00,3.407690796208839856e-14
4.796000000000000263e+00,3.963149253216613488e-14
4.798000000000000043e+00,3.606143161860586588e-14
4.799999999999999822e+00,3.760186606527327058e-14
4.802000000000000490e+00,3.463548892135293045e-14
4.804000000000000270e+00,3.637021239732973754e-14
4.806000000000000050e+00,3.655062363883132548e-14
4.807999999999999829e+00,3.401792736390518712e-14
4.810000000000000497e+00,3.125624759015011023e-14
4.812000000000000277e+00,3.637021239732973754e-14
4.814000000000000057e+00,2.868191795180052850e-14
4.815999999999999837e+00,3.819514149405733860e-14
4.818000000000000504e+00,3.088154731933911989e-14
4.820000000000000284e+00,3.580469254416129843e-14
4.822000000000000064e+00,3.400404957609737266e-14
4.823999999999999844e+00,3.793146352570886393e-14
4.826000000000000512e+00,3.917699498146021142e-14
4.828000000000000291e+00,3.303607387650231431e-14
4.830000000000000071e+00,3.720981855970251218e-14
4.831999999999999851e+00,3.487835020798968344e-14
4.834000000000000519e+00,3.567632300693901470e-14
4.836000000000000298e+00,3.649511248760006765e-14
4.838000000000000078e+00,3.810146642635459102e-14
4.839999999999999858e+00,3.476038901162326056e-14
4.842000000000000526e+00,3.588795927100818517e-14
4.844000000000000306e+00,3.752900767928224468e-14
4.846000000000000085e+00,3.786901348057369887e-14
4.847999999999999865e+00,4.210173876195710818e-14
4.850000000000000533e+00,3.715777685542320796e-14
4.852000000000000313e+00,3.287647931671244805e-14
4.854000000000000092e+00,3.436487205910054854e-14
4.855999999999999872e+00,3.868780296123475182e-14
4.858000000000000540e+00,4.031844302865295049e-14
4.860000000000000320e+00,3.405956072732863049e-14
4.862000000000000099e+00,3.802860804036356512e-14
4.863999999999999879e+00,3.179748131465487404e-14
4.865999999999999659e+00,2.934458231962366881e-14
4.868000000000000327e+00,3.310546281554138659e-14
4.870000000000000107e+00,3.146441440726732708e-14
4.871999999999999886e+00,3.505182255558736415e-14
4.873999999999999666e+00,3.356689926015121728e-14
4.876000000000000334e+00,3.368139100956568655e-14
4.878000000000000114e+00,3.511080315377057559e-14
4.879999999999999893e+00,3.606490106555781949e-14
4.881999999999999673e+00,3.649511248760006765e-14
4.884000000000000341e+00,3.855249453010856087e-14
4.886000000000000121e+00,4.303155054508067678e-14
4.887999999999999901e+00,3.281402927157728300e-14
4.889999999999999680e+00,2.926825448668068930e-14
4.892000000000000348e+00,3.460079445183339431e-14
4.894000000000000128e+00,3.463201947440097683e-14
4.895999999999999908e+00,3.637368184428169116e-14
4.897999999999999687e+00,3.733471864997284229e-14
4.900000000000000355e+00,3.932965064734617044e-14
4.902000000000000135e+00,3.581857033196911289e-14
4.903999999999999915e+00,3.372302437298912992e-14
4.905999999999999694e+00,3.005928839172611333e-14
4.908000000000000362e+00,3.467712228477637382e-14
4.910000000000000142e+00,3.914576995889262889e-14
4.911999999999999922e+00,3.328934350399492814e-14
4.913999999999999702e+00,3.487835020798968344e-14
4.916000000000000369e+00,3.532937831174365328e-14
4.918000000000000149e+00,3.978761764500404752e-14
4.919999999999999929e+00,3.383404667545164557e-14
4.921999999999999709e+00,3.404915238647276965e-14
4.924000000000000377e+00,3.956557304007901621e-14
4.926000000000000156e+00,3.248790125809364326e-14
4.927999999999999936e+00,3.365710488090201125e-14
4.929999999999999716e+00,3.408384685599230579e-14
4.932000000000000384e+00,3.952740912360752645e-14
4.934000000000000163e+00,3.696001837916185195e-14
4.935999999999999943e+00,3.693226280354622304e-14
4.937999999999999723e+00,3.532590886479169967e-14
4.940000000000000391e+00,3.556530070447649905e-14
4.942000000000000171e+00,3.639102907904145923e-14
4.943999999999999950e+00,3.453487495974627564e-14
4.945999999999999730e+00,3.493733080617289488e-14
4.948000000000000398e+00,3.606490106555781949e-14
4.950000000000000178e+00,3.716818519627906880e-14
4.951999999999999957e+00,3.441344431642789914e-14
4.953999999999999737e+00,3.869821130209061266e-14
4.956000000000000405e+00,3.654021529797546464e-14
4.958000000000000185e+00,4.073130721593543058e-14
4.959999999999999964e+00,3.513855872938620450e-14
4.961999999999999744e+00,3.148523108897904876e-14
4.964000000000000412e+00,3.330322129180274260e-14
4.966000000000000192e+00,2.983377433984912841e-14
4.967999999999999972e+00,3.844841112154995244e-14
4.969999999999999751e+00,3.602673714908632974e-14
4.972000000000000419e+00,3.689409888707473328e-14
4.974000000000000199e+00,4.097763794952413718e-14
4.975999999999999979e+00,3.536060333431123581e-14
4.977999999999999758e+00,3.667552372910165559e-14
4.980000000000000426e+00,2.966377143920340131e-14
4.982000000000000206e+00,3.808758863854677656e-14
4.983999999999999986e+00,3.535366444040732858e-14
4.985999999999999766e+00,3.930883396563444876e-14
4.988000000000000433e+00,3.418793026455091422e-14
4.990000000000000213e+00,3.469100007258418827e-14
4.991999999999999993e+00,3.569020079474682916e-14
4.993999999999999773e+00,3.661654313091844415e-14
4.996000000000000441e+00,3.768860223907211093e-14
4.998000000000000220e+00,3.530856163003193160e-14
5.000000000000000000e+00,3.169339790609626561e-14
5.001999999999999780e+00,3.276198756729797879e-14
5.004000000000000448e+00,3.320954622409999502e-14
5.006000000000000227e+00,3.505182255558736415e-14
5.008000000000000007e+00,3.991945662917828486e-14
5.009999999999999787e+00,4.079028781411864202e-14
5.012000000000000455e+00,3.460079445183339431e-14
5.014000000000000234e+00,3.603714548994219058e-14
5.016000000000000014e+00,3.904862544423792770e-14
5.017999999999999794e+00,3.377159663031648051e-14
5.020000000000000462e+00,3.432323869567710517e-14
5.022000000000000242e+00,3.880923360455312832e-14
5.024000000000000021e+00,3.627653732962698996e-14
5.025999999999999801e+00,3.074276944126097533e-14
5.028000000000000469e+00,3.835126660689525124e-14
5.030000000000000249e+00,3.182870633722245657e-14
5.032000000000000028e+00,3.562081185570775688e-14
5.033999999999999808e+00,3.846575835630972051e-14
5.036000000000000476e+00,3.531550052393583883e-14
5.038000000000000256e+00,3.191544251102129692e-14
5.040000000000000036e+00,3.283831540024095830e-14
5.041999999999999815e+00,3.419139971150286783e-14
5.044000000000000483e+00,3.429201367310952264e-14
5.046000000000000263e+00,3.276545701424993240e-14
5.048000000000000043e+00,3.670327930471728450e-14
5.049999999999999822e+00,3.841024720507846268e-14
5.052000000000000490e+00,3.506916979034713222e-14
5.054000000000000270e+00,3.748390486890684770e-14
5.056000000000000050e+00,3.311587115639724743e-14
5.057999999999999829e+00,3.503100587387564246e-14
5.060000000000000497e+00,2.883804306463844114e-14
5.062000000000000277e+00,3.601632880823046889e-14
5.064000000000000057e+00,3.385139391021141364e-14
5.065999999999999837e+00,3.477773624638302863e-14
5.068000000000000504e+00,3.567979245389096832e-14
5.070000000000000284e+00,3.674491266814072787e-14
5.072000000000000064e+00,3.768166334516820370e-14
5.073999999999999844e+00,4.005476506030447581e-14
5.076000000000000512e+00,3.223116218364907581e-14
5.078000000000000291e+00,3.730349362740525976e-14
5.080000000000000071e+00,3.472916398905567803e-14
5.081999999999999851e+00,3.497549472264438464e-14
5.084000000000000519e+00,3.649858193455202127e-14
5.086000000000000298e+00,3.726532971093377000e-14
5.088000000000000078e+00,3.408731630294425941e-14
5.089999999999999858e+00,4.031844302865295049e-14
5.092000000000000526e+00,3.633204848085824779e-14
5.094000000000000306e+00,3.768513279212015732e-14
5.096000000000000085e+00,3.163094786096110056e-14
5.097999999999999865e+00,3.586714258929646348e-14
5.100000000000000533e+00,3.688715999317082606e-14
5.102000000000000313e+00,3.316444341372459803e-14
5.104000000000000092e+00,3.566244521913120025e-14
5.105999999999999872e+00,3.621408728449182490e-14
5.108000000000000540e+00,3.694267114440208388e-14
5.110000000000000320e+00,3.739716869510800734e-14
5.112000000000000099e+00,3.943026460895282526e-14
5.113999999999999879e+00,2.912947660860254473e-14
5.116000000000000547e+00,3.323730179971562393e-14
5.118000000000000327e+00,3.076358612297269701e-14
5.120000000000000107e+00,3.542652282639835448e-14
5.121999999999999886e+00,3.263708747702764867e-14
5.123999999999999666e+00,4.070355164031980166e-14
5.126000000000000334e+00,3.852820840144488557e-14
5.128000000000000114e+00,3.658878755530281524e-14
5.129999999999999893e+00,3.998884556821735714e-14
5.131999999999999673e+00,3.459732500488144069e-14
5.134000000000000341e+00,3.491304467750921958e-14
5.136000000000000121e+00,3.649164304064811404e-14
5.137999999999999901e+00,3.303607387650231431e-14
5.139999999999999680e+00,3.369179935042154739e-14
5.142000000000000348e+00,3.496855582874047741e-14
5.144000000000000128e+00,3.629735401133871164e-14
5.145999999999999908e+00,3.781003288239048743e-14
5.147999999999999687e+00,3.750472155061856938e-14
5.150000000000000355e+00,3.920822000402779395e-14
5.152000000000000135e+00,3.310199336858943298e-14
5.153999999999999915e+00,3.408384685599230579e-14
5.155999999999999694e+00,3.081562782725200123e-14
5.158000000000000362e+00,3.544733950811007617e-14
5.160000000000000142e+00,3.978067875110014029e-14
5.161999999999999922e+00,3.772676615554360069e-14
5.163999999999999702e+00,3.529468384222411714e-14
5.166000000000000369e+00,3.573877305207417976e-14
5.168000000000000149e+00,4.490505189913562845e-14
5.169999999999999929e+00,3.393119119010634677e-14
5.171999999999999709e+00,3.193278974578106499e-14
5.174000000000000377e+00,3.622449562534768575e-14
5.176000000000000156e+00,3.239075674343894207e-14
5.177999999999999936e+00,3.446895546765915697e-14
5.179999999999999716e+00,3.513508928243425089e-14
5.182000000000000384e+00,4.038436252074006916e-14
5.184000000000000163e+00,3.710573515114390375e-14
5.185999999999999943e+00,3.407690796208839856e-14
5.187999999999999723e+00,3.252606517456513302e-14
5.190000000000000391e+00,2.853620117981847670e-14
5.192000000000000171e+00,3.334832410217813958e-14
5.193999999999999950e+00,3.505529200253931776e-14
5.195999999999999730e+00,3.611694276983712371e-14
5.198000000000000398e+00,3.650552082845592849e-14
5.200000000000000178e+00,3.809105808549873018e-14
5.201999999999999957e+00,3.477426679943107501e-14
5.203999999999999737e+00,3.661307368396649053e-14
5.206000000000000405e+00,3.633898737476215501e-14
5.208000000000000185e+00,3.841718609898236991e-14
5.209999999999999964e+00,3.550978955324524122e-14
5.211999999999999744e+00,3.642919299551294898e-14
5.214000000000000412e+00,3.310199336858943298e-14
5.216000000000000192e+00,3.093705847057037772e-14
5.217999999999999972e+00,3.149910887678686322e-14
5.219999999999999751e+00,4.005476506030447581e-14
5.222000000000000419e+00,3.766778555736038925e-14
5.224000000000000199e+00,3.927760894306686623e-14
5.225999999999999979e+00,3.611694276983712371e-14
5.227999999999999758e+00,3.278280424900970047e-14
5.230000000000000426e+00,3.779615509458267297e-14
5.232000000000000206e+00,3.443773044509157444e-14
5.233999999999999986e+00,3.601979825518242251e-14
5.235999999999999766e+00,4.011027621153573364e-14
5.238000000000000433e+00,3.508651702510690029e-14
5.240000000000000213e+00,3.492692246531703404e-14
5.241999999999999993e+00,3.699818229563334171e-14
5.243999999999999773e+00,3.703634621210483147e-14
5.246000000000000441e+00,3.436487205910054854e-14
5.248000000000000220e+00,3.839636941727064823e-14
5.250000000000000000e+00,3.737982146034823927e-14
5.251999999999999780e+00,3.325117958752343839e-14
5.254000000000000448e+00,3.155462002801812105e-14
5.256000000000000227e+00,3.541264503859054003e-14
5.258000000000000007e+00,3.651592916931178934e-14
5.259999999999999787e+00,4.157785227221211244e-14
5.262000000000000455e+00,3.129094205966964637e-14
5.264000000000000234e+00,3.557223959838040628e-14
5.266000000000000014e+00,3.727573805178963084e-14
5.267999999999999794e+00,3.815350813063389523e-14
5.270000000000000462e+00,3.461467223964120876e-14
5.272000000000000242e+00,3.256422909103662278e-14
5.274000000000000021e+00,3.703287676515287785e-14
5.275999999999999801e+00,3.426425809749389373e-14
5.278000000000000469e+00,3.843106388679018437e-14
5.280000000000000249e+00,3.689756833402668690e-14
5.282000000000000028e+00,3.351485755587191306e-14
5.283999999999999808e+00,3.448977214937087865e-14
5.286000000000000476e+00,3.059705266927892353e-14
5.288000000000000256e+00,3.382016888764383111e-14
5.290000000000000036e+00,3.383404667545164557e-14
5.291999999999999815e+00,3.438568874081227023e-14
5.294000000000000483e+00,3.605449272470195865e-14
5.296000000000000263e+00,3.609959553507735563e-14
5.298000000000000043e+00,3.741451592986777541e-14
5.299999999999999822e+00,3.600245102042265444e-14
5.302000000000000490e+00,3.174197016342361621e-14
5.304000000000000270e+00,3.657837921444695439e-14
5.306000000000000050e+00,3.374037160774889799e-14
5.307999999999999829e+00,3.566244521913120025e-14
5.310000000000000497e+00,3.646388746503248512e-14
5.312000000000000277e+00,3.711961293895171821e-14
5.314000000000000057e+00,3.433364703653296601e-14
5.315999999999999837e+00,3.547162563677375147e-14
5.318000000000000504e+00,3.996108999260172823e-14
5.320000000000000284e+00,3.474304177686349249e-14
5.322000000000000064e+00,3.038194695825779945e-14
5.323999999999999844e+00,3.576652862768980867e-14
5.326000000000000512e+00,3.324424069361953116e-14
5.328000000000000291e+00,3.776493007201509045e-14
5.330000000000000071e+00,3.458344721707362623e-14
5.331999999999999851e+00,3.588102037710427794e-14
5.334000000000000519e+00,3.778574675372681213e-14
5.336000000000000298e+00,3.741451592986777541e-14
5.338000000000000078e+00,3.576305918073785506e-14
5.339999999999999858e+00,3.289382655147221612e-14
5.342000000000000526e+00,3.307423779297380406e-14
5.344000000000000306e+00,3.436834150605250215e-14
5.346000000000000085e+00,3.481936960980647200e-14
5.347999999999999865e+00,3.718553243103883688e-14
5.350000000000000533e+00,4.082151283668622455e-14
5.352000000000000313e+00,3.468753062563223466e-14
5.354000000000000092e+00,3.665817649434188752e-14
5.355999999999999872e+00,3.652286806321569657e-14
5.358000000000000540e+00,3.388608837973094978e-14
5.360000000000000320e+00,3.866004738561912291e-14
5.362000000000000099e+00,3.595734821004725745e-14
5.363999999999999879e+00,3.382363833459578473e-14
5.366000000000000547e+00,3.045827479120077896e-14
5.368000000000000327e+00,3.503100587387564246e-14
5.370000000000000107e+00,3.651592916931178934e-14
5.371999999999999886e+00,3.672062653947705257e-14
5.374000000000000554e+00,3.868086406733084459e-14
5.376000000000000334e+00,3.508304757815494668e-14
5.378000000000000114e+00,3.297015438441519564e-14
5.379999999999999893e+00,3.382016888764383111e-14
5.381999999999999673e+00,3.438915818776422384e-14
5.384000000000000341e+00,3.564162853741947856e-14
5.386000000000000121e+00,3.689062944012277967e-14
5.387999999999999901e+00,3.324771014057148477e-14
5.389999999999999680e+00,3.905556433814183492e-14
5.392000000000000348e+00,3.552713678800500929e-14
5.394000000000000128e+00,4.128988817519996246e-14
5.395999999999999908e+00,3.381669944069187750e-14
5.397999999999999687e+00,3.535366444040732858e-14
5.400000000000000355e+00,3.217912047936977160e-14
5.402000000000000135e+00,2.927866282753655014e-14
5.403999999999999915e+00,3.461814168659316238e-14
5.405999999999999694e+00,3.453140551279432202e-14
5.408000000000000362e+00,3.583244811977692734e-14
5.410000000000000142e+00,3.813269144892217355e-14
5.411999999999999922e+00,3.462508058049706960e-14
5.413999999999999702e+00,3.901740042167034517e-14
5.416000000000000369e+00,3.320954622409999502e-14
5.418000000000000149e+00,3.388608837973094978e-14
5.419999999999999929e+00,3.832698047823157594e-14
5.421999999999999709e+00,3.229014278183228726e-14
5.424000000000000377e+00,3.677613769070831040e-14
5.426000000000000156e+00,3.491304467750921958e-14
5.427999999999999936e+00,3.533631720564756051e-14
5.429999999999999716e+00,3.538142001602295750e-14
5.432000000000000384e+00,3.736247422558847120e-14
5.434000000000000163e+00,3.732777975606893506e-14
5.435999999999999943e+00,3.580469254416129843e-14
5.437999999999999723e+00,3.326505737533125284e-14
5.440000000000000391e+00,3.331016018570664983e-14
5.442000000000000171e+00,3.422262473407045036e-14
5.443999999999999950e+00,3.623837341315550020e-14
5.445999999999999730e+00,3.668593206995751643e-14
5.448000000000000398e+00,3.723757413531814109e-14
5.450000000000000178e+00,3.817779425929757053e-14
5.451999999999999957e+00,3.630776235219457249e-14
5.453999999999999737e+00,3.675879045594854233e-14
5.456000000000000405e+00,3.833738881908743679e-14
5.458000000000000185e+00,3.528427550136825630e-14
5.459999999999999964e+00,3.149563942983490961e-14
5.461999999999999744e+00,3.762268274698499226e-14
5.464000000000000412e+00,3.404221349256886242e-14
5.466000000000000192e+00,3.913536161803676805e-14
5.467999999999999972e+00,3.670674875166923812e-14
5.469999999999999751e+00,3.344546861683284078e-14
5.472000000000000419e+00,3.451058883108260034e-14
5.474000000000000199e+00,3.174197016342361621e-14
5.475999999999999979e+00,2.826558431756609480e-14
5.477999999999999758e+00,3.324771014057148477e-14
5.480000000000000426e+00,3.438568874081227023e-14
5.482000000000000206e+00,3.534325609955146774e-14
5.483999999999999986e+00,3.656103197968718632e-14
5.485999999999999766e+00,3.415670524198333169e-14
5.488000000000000433e+00,3.878841692284140663e-14
5.490000000000000213e+00,3.597122599785507191e-14
5.491999999999999993e+00,3.718206298408688326e-14
5.493999999999999773e+00,3.799391357084402898e-14
5.496000000000000441e+00,3.517672264585769426e-14
5.498000000000000220e+00,3.565203687827533940e-14
5.500000000000000000e+00,3.756370214880178082e-14
5.501999999999999780e+00,3.501018919216392078e-14
5.504000000000000448e+00,3.893413369482345843e-14
5.506000000000000227e+00,3.657144032054304716e-14
5.508000000000000007e+00,3.808064974464286934e-14
5.509999999999999787e+00,3.399017178828955821e-14
5.512000000000000455e+00,3.556183125752454544e-14
5.514000000000000234e+00,3.331709907961055706e-14
5.516000000000000014e+00,3.459385555792948708e-14
5.517999999999999794e+00,3.066991105526994943e-14
5.520000000000000462e+00,3.515243651719401896e-14
5.522000000000000242e+00,3.656797087359109355e-14
5.524000000000000021e+00,3.821942762272101390e-14
5.525999999999999801e+00,3.533631720564756051e-14
5.528000000000000469e+00,3.217565103241781799e-14
5.530000000000000249e+00,3.741104648291582180e-14
5.532000000000000028e+00,3.790023850314128140e-14
5.533999999999999808e+00,3.563815909046752495e-14
5.536000000000000476e+00,3.957251193398292344e-14
5.538000000000000256e+00,3.361547151747856788e-14
5.540000000000000036e+00,3.444119989204352805e-14
5.541999999999999815e+00,3.531550052393583883e-14
5.544000000000000483e+00,3.633204848085824779e-14
5.546000000000000263e+00,3.775799117811118322e-14
5.548000000000000043e+00,3.864963904476326206e-14
5.549999999999999822e+00,3.161013117924937887e-14
5.552000000000000490e+00,3.332750742046641790e-14
5.554000000000000270e+00,3.473610288295958526e-14
5.556000000000000050e+00,3.458691666402557985e-14
5.557999999999999829e+00,3.607877885336563395e-14
5.560000000000000497e+00,4.038089307378811554e-14
5.562000000000000277e+00,3.717859353713492965e-14
5.564000000000000057e+00,3.237340950867917400e-14
5.565999999999999837e+00,3.651245972235983572e-14
5.568000000000000504e+00,4.051273205796235288e-14
5.570000000000000284e+00,3.499631140435610632e-14
5.572000000000000064e+00,3.553060623495696291e-14
5.573999999999999844e+00,4.006517340116033665e-14
5.576000000000000512e+00,3.091277234190670242e-14
5.578000000000000291e+00,3.773717449639946153e-14
5.580000000000000071e+00,3.223810107755298304e-14
5.581999999999999851e+00,3.655409308578327909e-14
5.584000000000000519e+00,3.773023560249555430e-14
5.586000000000000298e+00,3.532590886479169967e-14
5.588000000000000078e+00,3.212013988118656016e-14
5.589999999999999858e+00,3.346628529854456247e-14
5.592000000000000526e+00,3.386527169801922810e-14
5.594000000000000306e+00,3.465630560306465213e-14
5.596000000000000085e+00,3.608224830031758756e-14
5.597999999999999865e+00,3.684899607669933630e-14
5.600000000000000533e+00,3.546815618982179785e-14
5.602000000000000313e+00,3.495814748788461657e-14
5.604000000000000092e+00,3.719594077189469772e-14
5.605999999999999872e+00,3.363975764614224317e-14
5.608000000000000540e+00,3.760880495917717781e-14
5.610000000000000320e+00,3.709532681028804291e-14
5.612000000000000099e+00,3.269606807521086012e-14
5.613999999999999879e+00,3.728614639264549169e-14
5.616000000000000547e+00,3.834085826603939040e-14
5.618000000000000327e+00,4.011027621153573364e-14
5.620000000000000107e+00,3.733471864997284229e-14
5.621999999999999886e+00,3.463201947440097683e-14
5.624000000000000554e+00,3.543693116725421532e-14
5.626000000000000334e+00,3.166911177743259032e-14
5.628000000000000114e+00,3.692185446269036220e-14
5.629999999999999893e+00,3.405956072732863049e-14
5.631999999999999673e+00,3.525998937270458100e-14
5.634000000000000341e+00,3.644654023027271705e-14
5.636000000000000121e+00,3.716471574932711519e-14
5.637999999999999901e+00,3.462508058049706960e-14
5.639999999999999680e+00,3.588448982405623156e-14
5.642000000000000348e+00,3.286607097585658721e-14
5.644000000000000128e+00,3.395547731877002207e-14
5.645999999999999908e+00,3.437874984690836300e-14
5.647999999999999687e+00,3.573183415817027253e-14
5.650000000000000355e+00,3.360159372967075342e-14
5.652000000000000135e+00,3.379935220593210943e-14
5.653999999999999915e+00,3.482283905675842561e-14
5.655999999999999694e+00,3.597122599785507191e-14
5.658000000000000362e+00,3.739022980120410011e-14
5.660000000000000142e+00,3.812575255501826632e-14
5.661999999999999922e+00,3.434058593043687324e-14
5.663999999999999702e+00,3.406303017428058411e-14
5.666000000000000369e+00,3.302566553564645346e-14
5.668000000000000149e+00,3.080868893334809400e-14
5.669999999999999929e+00,3.559652572704408158e-14
5.671999999999999709e+00,3.269606807521086012e-14
5.674000000000000377e+00,3.295974604355933479e-14
5.676000000000000156e+00,3.138114768042044034e-14
5.677999999999999936e+00,3.543693116725421532e-14
5.679999999999999716e+00,3.699471284868138810e-14
5.682000000000000384e+00,3.756370214880178082e-14
5.684000000000000163e+00,3.908678936070941745e-14
5.685999999999999943e+00,3.628694567048285080e-14
5.687999999999999723e+00,3.359465483576684619e-14
5.690000000000000391e+00,3.408384685599230579e-14
5.692000000000000171e+00,3.515590596414597258e-14
5.693999999999999950e+00,3.588448982405623156e-14
5.695999999999999730e+00,3.740410758901191457e-14
5.698000000000000398e+00,4.226827221565088166e-14
5.700000000000000178e+00,3.584632590758474180e-14
5.701999999999999957e+00,3.294239880879956672e-14
5.703999999999999737e+00,3.410119409075207386e-14
5.706000000000000405e+00,3.446895546765915697e-14
5.708000000000000185e+00,3.241157342515066375e-14
5.709999999999999964e+00,3.633204848085824779e-14
5.711999999999999744e+00,3.395894676572197568e-14
5.714000000000000412e+00,3.513508928243425089e-14
5.716000000000000192e+00,3.547162563677375147e-14
5.717999999999999972e+00,3.718900187799079049e-14
5.719999999999999751e+00,4.158826061306797328e-14
5.722000000000000419e+00,3.545427840201398340e-14
5.724000000000000199e+00,3.275851812034602517e-14
5.725999999999999979e+00,3.291464323318393781e-14
5.727999999999999758e+00,3.796615799522840007e-14
5.730000000000000426e+00,3.539182835687881834e-14
5.732000000000000206e+00,4.020742072619043483e-14
5.733999999999999986e+00,3.818473315320147776e-14
5.735999999999999766e+00,3.849698337887730304e-14
5.738000000000000433e+00,3.231789835744791617e-14
5.740000000000000213e+00,2.954234079588502482e-14
5.741999999999999993e+00,3.378894386507624858e-14
5.743999999999999773e+00,3.438915818776422384e-14
5.746000000000000441e+00,3.526345881965653462e-14
5.748000000000000220e+00,3.671021819862119173e-14
5.750000000000000000e+00,3.782391067019830189e-14
5.751999999999999780e+00,3.511774204767448282e-14
5.754000000000000448e+00,3.692879335659426943e-14
5.756000000000000227e+00,3.703287676515287785e-14
5.758000000000000007e+00,3.778574675372681213e-14
5.759999999999999787e+00,3.877800858198554579e-14
5.762000000000000455e+00,3.270300696911476734e-14
5.764000000000000234e+00,2.965336309834754047e-14
5.766000000000000014e+00,3.503100587387564246e-14
5.767999999999999794e+00,3.207850651776311679e-14
5.770000000000000462e+00,3.553060623495696291e-14
5.772000000000000242e+00,3.814309978977803439e-14
5.774000000000000021e+00,3.855596397706051448e-14
5.775999999999999801e+00,3.668593206995751643e-14
5.778000000000000469e+00,3.301872664174254624e-14
5.780000000000000249e+00,3.054848041195157293e-14
5.782000000000000028e+00,3.855943342401246809e-14
5.783999999999999808e+00,3.690797667488254774e-14
5.786000000000000476e+00,3.661307368396649053e-14
5.788000000000000256e+00,3.054154151804766570e-14
5.790000000000000036e+00,3.565897577217924663e-14
5.791999999999999815e+00,3.626959843572308273e-14
5.794000000000000483e+00,3.775105228420727599e-14
5.796000000000000263e+00,4.142172715937419980e-14
5.798000000000000043e+00,3.577693696854566952e-14
5.799999999999999822e+00,3.322689345885976309e-14
5.802000000000000490e+00,3.382710778154773834e-14
5.804000000000000270e+00,3.069766663088557834e-14
5.806000000000000050e+00,3.630429290524261887e-14
5.807999999999999829e+00,4.033232081646076495e-14
5.810000000000000497e+00,3.423997196883021843e-14
5.812000000000000277e+00,4.356584537568153337e-14
5.814000000000000057e+00,3.544733950811007617e-14
5.815999999999999837e+00,3.418793026455091422e-14
5.818000000000000504e+00,3.495120859398070934e-14
5.820000000000000284e+00,3.515243651719401896e-14
5.822000000000000064e+00,3.213054822204242100e-14
5.823999999999999844e+00,3.727573805178963084e-14
5.826000000000000512e+00,3.421568584016654313e-14
5.828000000000000291e+00,3.583938701368083457e-14
5.830000000000000071e+00,3.723757413531814109e-14
5.831999999999999851e+00,3.718553243103883688e-14
5.834000000000000519e+00,4.191438862655161302e-14
5.836000000000000298e+00,3.573530360512222614e-14
5.838000000000000078e+00,3.021888295151597958e-14
5.839999999999999858e+00,3.363281875223833595e-14
5.842000000000000526e+00,3.474998067076739972e-14
5.844000000000000306e+00,3.578040641549762313e-14
5.846000000000000085e+00,3.761574385308108504e-14
5.847999999999999865e+00,3.811187476721045186e-14
5.850000000000000533e+00,3.525305047880067377e-14
5.852000000000000313e+00,3.216524269156195714e-14
5.854000000000000092e+00,3.323383235276367031e-14
5.855999999999999872e+00,3.492692246531703404e-14
5.858000000000000540e+00,3.175584795123143067e-14
5.860000000000000320e+00,4.019354293838262038e-14
5.862000000000000099e+00,3.747349652805098685e-14
5.863999999999999879e+00,3.545080895506202978e-14
5.866000000000000547e+00,3.562428130265971049e-14
5.868000000000000327e+00,4.028027911218146073e-14
5.870000000000000107e+00,3.829575545566399342e-14
5.871999999999999886e+00,3.877800858198554579e-14
5.874000000000000554e+00,3.275157922644211794e-14
5.876000000000000334e+00,2.875477633779155440e-14
5.878000000000000114e+00,3.060746101013478437e-14
5.879999999999999893e+00,3.445160823289938890e-14
5.882000000000000561e+00,3.595387876309530384e-14
5.884000000000000341e+00,3.749431320976270854e-14
5.886000000000000121e+00,3.859412789353200424e-14
5.887999999999999901e+00,3.617939281497228876e-14
5.889999999999999680e+00,3.549591176543742677e-14
5.892000000000000348e+00,3.400751902304932628e-14
5.894000000000000128e+00,3.483671684456624007e-14
5.895999999999999908e+00,3.588448982405623156e-14
5.897999999999999687e+00,3.676572934985244956e-14
5.900000000000000355e+00,3.419486915845482145e-14
5.902000000000000135e+00,3.489916688970140513e-14
5.903999999999999915e+00,3.668940151690947005e-14
5.905999999999999694e+00,3.671715709252509896e-14
5.908000000000000362e+00,3.818820260015343138e-14
5.910000000000000142e+00,3.937822290467352104e-14
5.911999999999999922e+00,3.274117088558625710e-14
5.913999999999999702e+00,3.345587695768870162e-14
5.916000000000000369e+00,3.373690216079694437e-14
5.918000000000000149e+00,3.453834440669822925e-14
5.919999999999999929e+00,3.689409888707473328e-14
5.921999999999999709e+00,3.981537322061967643e-14
5.924000000000000377e+00,4.257358354742279971e-14
5.926000000000000156e+00,2.910865992689082304e-14
5.927999999999999936e+00,3.580122309720934481e-14
5.929999999999999716e+00,3.399364123524151182e-14
5.932000000000000384e+00,3.572142581731441169e-14
5.934000000000000163e+00,3.548203397762961231e-14
5.935999999999999943e+00,3.668246262300556282e-14
5.937999999999999723e+00,3.401098847000127989e-14
5.940000000000000391e+00,3.945108129066454694e-14
5.942000000000000171e+00,3.605102327775000504e-14
5.943999999999999950e+00,3.721675745360641940e-14
5.945999999999999730e+00,3.758104938356154889e-14
5.948000000000000398e+00,3.557917849228431351e-14
5.950000000000000178e+00,3.289729599842416974e-14
5.951999999999999957e+00,3.719941021884665133e-14
5.953999999999999737e+00,3.512468094157839005e-14
5.956000000000000405e+00,3.958292027483878428e-14
5.958000000000000185e+00,3.238034840258308122e-14
5.959999999999999964e+00,3.735900477863651759e-14
5.961999999999999744e+00,3.193278974578106499e-14
5.964000000000000412e+00,3.920475055707584033e-14
5.966000000000000192e+00,2.900804596528416823e-14
5.967999999999999972e+00,3.429201367310952264e-14
5.969999999999999751e+00,3.476385845857521417e-14
5.972000000000000419e+00,3.621061783753987129e-14
5.974000000000000199e+00,3.662001257787039776e-14
5.975999999999999979e+00,3.053460262414375848e-14
5.977999999999999758e+00,3.513508928243425089e-14
5.980000000000000426e+00,3.535366444040732858e-14
5.982000000000000206e+00,4.143907439413396787e-14
5.983999999999999986e+00,3.795228020742058561e-14
5.985999999999999766e+00,3.523917269099285932e-14
5.988000000000000433e+00,3.276545701424993240e-14
5.990000000000000213e+00,3.348016308635237692e-14
5.991999999999999993e+00,3.465630560306465213e-14
5.993999999999999773e+00,3.165176454267282224e-14
5.996000000000000441e+00,3.758104938356154889e-14
5.998000000000000220e+00,3.748043542195489408e-14
6.000000000000000000e+00,3.880923360455312832e-14
6.001999999999999780e+00,3.591918429357576770e-14
6.004000000000000448e+00,3.386180225106727448e-14
6.006000000000000227e+00,3.387914948582704255e-14
6.008000000000000007e+00,3.511080315377057559e-14
6.009999999999999787e+00,3.310546281554138659e-14
6.012000000000000455e+00,3.406649962123253772e-14
6.014000000000000234e+00,3.357383815405512451e-14
6.016000000000000014e+00,3.560346462094798881e-14
6.017999999999999794e+00,3.233871503915963785e-14
6.020000000000000462e+00,3.780309398848658020e-14
6.022000000000000242e+00,3.816391647148975608e-14
6.024000000000000021e+00,3.899658373995862348e-14
6.025999999999999801e+00,2.944519628123032362e-14
6.028000000000000469e+00,3.367098266870982570e-14
6.030000000000000249e+00,3.465630560306465213e-14
6.032000000000000028e+00,3.616898447411642792e-14
6.033999999999999808e+00,3.621755673144377852e-14
6.036000000000000476e+00,3.841718609898236991e-14
6.038000000000000256e+00,3.547162563677375147e-14
6.040000000000000036e+00,3.597469544480702552e-14
6.041999999999999815e+00,3.710573515114390375e-14
6.044000000000000483e+00,3.455916108840995093e-14
6.046000000000000263e+00,3.550978955324524122e-14
6.048000000000000043e+00,3.598857323261483998e-14
6.049999999999999822e+00,3.760880495917717781e-14
6.052000000000000490e+00,3.555836181057259182e-14
6.054000000000000270e+00,3.199870923786818366e-14
6.056000000000000050e+00,3.623490396620354659e-14
6.057999999999999829e+00,4.141131881851833896e-14
6.060000000000000497e+00,3.812575255501826632e-14
6.062000000000000277e+00,3.607530940641368034e-14
6.064000000000000057e+00,2.971234369653075191e-14
6.065999999999999837e+00,3.767819389821625009e-14
6.068000000000000504e+00,3.120767533282275963e-14
6.070000000000000284e+00,3.609265664117344841e-14
6.072000000000000064e+00,3.741104648291582180e-14
6.073999999999999844e+00,3.786207458666979164e-14
6.076000000000000512e+00,3.547162563677375147e-14
6.078000000000000291e+00,3.970435091815716078e-14
6.080000000000000071e+00,3.361547151747856788e-14
6.081999999999999851e+00,3.417405247674309976e-14
6.084000000000000519e+00,3.572142581731441169e-14
6.086000000000000298e+00,4.084232951839794623e-14
6.088000000000000078e+00,3.351485755587191306e-14
6.089999999999999858e+00,3.464589726220879129e-14
6.092000000000000526e+00,3.232483725135182340e-14
6.094000000000000306e+00,3.678654603156417124e-14
6.096000000000000085e+00,3.810493587330654464e-14
6.097999999999999865e+00,3.869821130209061266e-14
6.100000000000000533e+00,3.233871503915963785e-14
6.102000000000000313e+00,3.350097976806409861e-14
6.104000000000000092e+00,3.373343271384499076e-14
6.105999999999999872e+00,3.926026170830709816e-14
6.108000000000000540e+00,3.247749291723778242e-14
6.110000000000000320e+00,3.774758283725532237e-14
6.112000000000000099e+00,3.816391647148975608e-14
6.113999999999999879e+00,3.529815328917607076e-14
6.116000000000000547e+00,3.638755963208950561e-14
6.118000000000000327e+00,3.034725248873826331e-14
6.120000000000000107e+00,3.495814748788461657e-14
6.121999999999999886e+00,3.526692826660848823e-14
6.124000000000000554e+00,4.019701238533457399e-14
6.126000000000000334e+00,3.455222219450604371e-14
6.128000000000000114e+00,3.832698047823157594e-14
6.129999999999999893e+00,4.015884846886308424e-14
6.132000000000000561e+00,3.761574385308108504e-14
6.134000000000000341e+00,3.443079155118766721e-14
6.136000000000000121e+00,3.573530360512222614e-14
6.137999999999999901e+00,3.209238430557093125e-14
6.140000000000000568e+00,3.325464903447539200e-14
6.142000000000000348e+00,3.434058593043687324e-14
6.144000000000000128e+00,3.557570904533235989e-14
6.145999999999999908e+00,4.013109289324745532e-14
6.147999999999999687e+00,3.723063524141423386e-14
6.150000000000000355e+00,3.539182835687881834e-14
6.152000000000000135e+00,3.576305918073785506e-14
6.153999999999999915e+00,2.914335439641035919e-14
6.155999999999999694e+00,3.696001837916185195e-14
6.158000000000000362e+00,3.510039481291471475e-14
6.160000000000000142e+00,3.273423199168234987e-14
6.161999999999999922e+00,2.902539320004393630e-14
6.163999999999999702e+00,3.409772464380012025e-14
6.166000000000000369e+00,3.867045572647498375e-14
6.168000000000000149e+00,3.585673424844060264e-14
6.169999999999999929e+00,3.389649672058681062e-14
6.171999999999999709e+00,3.810146642635459102e-14
6.174000000000000377e+00,3.873984466551405603e-14
6.176000000000000156e+00,3.688715999317082606e-14
6.177999999999999936e+00,3.316097396677264442e-14
6.179999999999999716e+00,3.512121149462643643e-14
6.182000000000000384e+00,3.571101747645855085e-14
6.184000000000000163e+00,3.657144032054304716e-14
6.185999999999999943e+00,3.843453333374213798e-14
6.187999999999999723e+00,3.461120279268925515e-14
6.190000000000000391e+00,3.592959263443162854e-14
6.192000000000000171e+00,3.733124920302088867e-14
6.193999999999999950e+00,3.443773044509157444e-14
6.195999999999999730e+00,3.165523398962477586e-14
6.198000000000000398e+00,3.585673424844060264e-14
6.200000000000000178e+00,3.354955202539144921e-14
6.201999999999999957e+00,3.462855002744902322e-14
6.203999999999999737e+00,3.479508348114279670e-14
6.206000000000000405e+00,3.644654023027271705e-14
6.208000000000000185e+00,3.754288546709005914e-14
6.209999999999999964e+00,3.796268854827644645e-14
6.211999999999999744e+00,3.642572354856099537e-14
6.214000000000000412e+00,3.277239590815383963e-14
6.216000000000000192e+00,3.009745230819760309e-14
6.217999999999999972e+00,3.403180515171300158e-14
6.219999999999999751e+00,3.567285355998706109e-14
6.222000000000000419e+00,4.138703268985466366e-14
6.224000000000000199e+00,3.410466353770402748e-14
6.225999999999999979e+00,3.933312009429812406e-14
6.227999999999999758e+00,3.579081475635348397e-14
6.230000000000000426e+00,2.993785774840773684e-14
6.232000000000000206e+00,3.777186896591899767e-14
6.233999999999999986e+00,3.490610578360531235e-14
6.235999999999999766e+00,3.647429580588834597e-14
6.238000000000000433e+00,3.333444631437032513e-14
6.240000000000000213e+00,3.487835020798968344e-14
6.241999999999999993e+00,3.545427840201398340e-14
6.243999999999999773e+00,3.722022690055837302e-14
6.246000000000000441e+00,3.729655473350135253e-14
6.248000000000000220e+00,3.866351683257107652e-14
6.250000000000000000e+00,3.554101457581282375e-14
6.251999999999999780e+00,3.345934640464065524e-14
6.254000000000000448e+00,3.341424359426525825e-14
6.256000000000000227e+00,3.846575835630972051e-14
6.258000000000000007e+00,3.230749001659205533e-14
6.259999999999999787e+00,3.736941311949237843e-14
6.262000000000000455e+00,3.785513569276588441e-14
6.264000000000000234e+00,3.518366153976160149e-14
6.266000000000000014e+00,3.625225120096331466e-14
6.267999999999999794e+00,4.133499098557535945e-14
6.270000000000000462e+00,3.389302727363485701e-14
6.272000000000000242e+00,3.537448112211905027e-14
6.274000000000000021e+00,3.660266534311062969e-14
6.275999999999999801e+00,3.423303307492631120e-14
6.278000000000000469e+00,3.506916979034713222e-14
6.280000000000000249e+00,3.931577285953835599e-14
6.282000000000000028e+00,3.756370214880178082e-14
6.283999999999999808e+00,3.836514439470306570e-14
6.286000000000000476e+00,3.482630850371037923e-14
6.288000000000000256e+00,3.240810397819871014e-14
6.290000000000000036e+00,3.310893226249334020e-14
6.291999999999999815e+00,3.427813588530170819e-14
6.294000000000000483e+00,3.493039191226898765e-14
6.296000000000000263e+00,3.632857903390629417e-14
6.298000000000000043e+00,4.083539062449403900e-14
6.299999999999999822e+00,3.434752482434078047e-14
6.302000000000000490e+00,3.556183125752454544e-14
6.304000000000000270e+00,3.666164594129384113e-14
6.306000000000000050e+00,3.752553823233029107e-14
6.307999999999999829e+00,3.486447242018186898e-14
6.310000000000000497e+00,3.582897867282497373e-14
6.312000000000000277e+00,3.338995746560158295e-14
6.314000000000000057e+00,3.408731630294425941e-14
6.315999999999999837e+00,3.501365863911587439e-14
6.318000000000000504e+00,4.004782616640056858e-14
6.320000000000000284e+00,3.764002998174476033e-14
6.322000000000000064e+00,4.146682996974959678e-14
6.323999999999999844e+00,3.197442310920450836e-14
6.326000000000000512e+00,3.630082345829066526e-14
6.328000000000000291e+00,2.942437959951860194e-14
6.330000000000000071e+00,3.448630270241892504e-14
6.331999999999999851e+00,3.117991975720713071e-14
6.334000000000000519e+00,3.626612898877112912e-14
6.336000000000000298e+00,3.734859643778065674e-14
6.338000000000000078e+00,3.792105518485300308e-14
6.339999999999999858e+00,3.572489526426636530e-14
6.342000000000000526e+00,3.723410468836618747e-14
6.344000000000000306e+00,3.376465773641257329e-14
6.346000000000000085e+00,3.496161693483657018e-14
6.347999999999999865e+00,3.624184286010745382e-14
6.350000000000000533e+00,3.282096816548119023e-14
6.352000000000000313e+00,3.386874114497118171e-14
6.354000000000000092e+00,3.171768403475994091e-14
6.355999999999999872e+00,3.561734240875580326e-14
6.358000000000000540e+00,3.680389326632393932e-14
6.360000000000000320e+00,3.846922780326167413e-14
6.362000000000000099e+00,3.184605357198222464e-14
6.363999999999999879e+00,3.636327350342583031e-14
6.366000000000000547e+00,2.977826318861787058e-14
6.368000000000000327e+00,3.472222509515177080e-14
6.370000000000000107e+00,3.577346752159371590e-14
6.371999999999999886e+00,4.365952044338428095e-14
6.374000000000000554e+00,3.828534711480813257e-14
6.376000000000000334e+00,3.493039191226898765e-14
6.378000000000000114e+00,3.642572354856099537e-14
6.379999999999999893e+00,3.663735981263016583e-14
6.382000000000000561e+00,3.428160533225366180e-14
6.384000000000000341e+00,3.494773914702875572e-14
6.386000000000000121e+00,3.641184576075318091e-14
6.387999999999999901e+00,3.309505447468552575e-14
6.390000000000000568e+00,3.429895256701342987e-14
6.392000000000000348e+00,3.555489236362063821e-14
6.394000000000000128e+00,3.596081765699921107e-14
6.395999999999999908e+00,4.129682706910386969e-14
6.398000000000000576e+00,3.813616089587412716e-14
6.400000000000000355e+00,2.869579573960834296e-14
6.402000000000000135e+00,3.208891485861897763e-14
6.403999999999999915e+00,3.039929419301756752e-14
6.405999999999999694e+00,3.434405537738882686e-14
6.408000000000000362e+00,3.526345881965653462e-14
6.410000000000000142e+00,3.708491846943218206e-14
6.411999999999999922e+00,4.168540512772267448e-14
6.413999999999999702e+00,3.468753062563223466e-14
6.416000000000000369e+00,4.014497068105526978e-14
6.418000000000000149e+00,3.737635201339628566e-14
6.419999999999999929e+00,3.486794186713382260e-14
6.421999999999999709e+00,3.493733080617289488e-14
6.424000000000000377e+00,4.053701818662602818e-14
6.426000000000000156e+00,2.946601296294204531e-14
6.427999999999999936e+00,3.820208038796124583e-14
6.429999999999999716e+00,3.962802308521418126e-14
6.432000000000000384e+00,3.586367314234450987e-14
6.434000000000000163e+00,3.462161113354511599e-14
6.435999999999999943e+00,3.796615799522840007e-14
6.437999999999999723e+00,3.191891195797325054e-14
6.440000000000000391e+00,3.319913788324413417e-14
6.442000000000000171e+00,3.449671104327478588e-14
6.443999999999999950e+00,3.420180805235872867e-14
6.445999999999999730e+00,3.602673714908632974e-14
6.448000000000000398e+00,3.679001547851612486e-14
6.450000000000000178e+00,3.548203397762961231e-14
6.451999999999999957e+00,3.444466933899548167e-14
6.453999999999999737e+00,3.600938991432656167e-14
6.456000000000000405e+00,3.286260152890463360e-14
6.458000000000000185e+00,3.460773334573730153e-14
6.459999999999999964e+00,3.945108129066454694e-14
6.461999999999999744e+00,3.281055982462532938e-14
6.464000000000000412e+00,3.341077414731330464e-14
6.466000000000000192e+00,3.083991395591567652e-14
6.467999999999999972e+00,3.861147512829177231e-14
6.469999999999999751e+00,3.253647351542099386e-14
6.472000000000000419e+00,4.153274946183671545e-14
6.474000000000000199e+00,3.883351973321680362e-14
6.475999999999999979e+00,3.213054822204242100e-14
6.477999999999999758e+00,3.386527169801922810e-14
6.480000000000000426e+00,3.364669654004615040e-14
6.482000000000000206e+00,3.492345301836508042e-14
6.483999999999999986e+00,3.640143741989732007e-14
6.485999999999999766e+00,3.709879625723999652e-14
6.488000000000000433e+00,3.454528330060213648e-14
6.490000000000000213e+00,3.569020079474682916e-14
6.491999999999999993e+00,3.603367604299023697e-14
6.493999999999999773e+00,3.735900477863651759e-14
6.496000000000000441e+00,3.429548312006147626e-14
6.498000000000000220e+00,3.569367024169878277e-14
6.500000000000000000e+00,3.328240461009102091e-14
6.501999999999999780e+00,3.368832990346959377e-14
6.504000000000000448e+00,3.505529200253931776e-14
6.506000000000000227e+00,3.654368474492741825e-14
6.508000000000000007e+00,3.670327930471728450e-14
6.509999999999999787e+00,3.761227440612913142e-14
6.512000000000000455e+00,3.219646771412953967e-14
6.514000000000000234e+00,3.222422328974516859e-14
6.516000000000000014e+00,3.766431611040843563e-14
6.517999999999999794e+00,3.428160533225366180e-14
6.520000000000000462e+00,3.514549762329011173e-14
6.522000000000000242e+00,3.544040061420616894e-14
6.524000000000000021e+00,3.776146062506313683e-14
6.525999999999999801e+00,3.405262183342472326e-14
6.528000000000000469e+00,3.238034840258308122e-14
6.530000000000000249e+00,3.728267694569353807e-14
6.532000000000000028e+00,3.718900187799079049e-14
6.533999999999999808e+00,3.936781456381766020e-14
6.536000000000000476e+00,3.540223669773467918e-14
6.538000000000000256e+00,3.308117668687771129e-14
6.540000000000000036e+00,3.451405827803455395e-14
6.541999999999999815e+00,3.469793896648809550e-14
6.544000000000000483e+00,3.248790125809364326e-14
6.546000000000000263e+00,3.739716869510800734e-14
6.548000000000000043e+00,4.126907149348824078e-14
6.549999999999999822e+00,3.524958103184872016e-14
6.552000000000000490e+00,3.639449852599341284e-14
6.554000000000000270e+00,3.437874984690836300e-14
6.556000000000000050e+00,3.416711358283919253e-14
6.557999999999999829e+00,3.532937831174365328e-14
6.560000000000000497e+00,3.618980115582814960e-14
6.562000000000000277e+00,3.355649091929535643e-14
6.564000000000000057e+00,3.485059463237405453e-14
6.565999999999999837e+00,3.580122309720934481e-14
6.568000000000000504e+00,3.682817939498761461e-14
6.570000000000000284e+00,3.835473605384720486e-14
6.572000000000000064e+00,3.538488946297491111e-14
6.573999999999999844e+00,3.584285646063278818e-14
6.576000000000000512e+00,3.742492427072363625e-14
6.578000000000000291e+00,3.446548602070720335e-14
6.580000000000000071e+00,3.491304467750921958e-14
6.581999999999999851e+00,3.697042672001771280e-14
6.584000000000000519e+00,3.650552082845592849e-14
6.586000000000000298e+00,3.484018629151819368e-14
6.588000000000000078e+00,3.580469254416129843e-14
6.589999999999999858e+00,3.672756543338095980e-14
6.592000000000000526e+00,3.420180805235872867e-14
6.594000000000000306e+00,3.469100007258418827e-14
6.596000000000000085e+00,3.544387006115812255e-14
6.597999999999999865e+00,3.708144902248022845e-14
6.600000000000000533e+00,3.429548312006147626e-14
6.602000000000000313e+00,3.421568584016654313e-14
6.604000000000000092e+00,3.643613188941685621e-14
6.605999999999999872e+00,3.674491266814072787e-14
6.608000000000000540e+00,3.838943052336674100e-14
6.610000000000000320e+00,3.939903958638524273e-14
6.612000000000000099e+00,3.303607387650231431e-14
6.613999999999999879e+00,3.333097686741837151e-14
6.616000000000000547e+00,3.512815038853034366e-14
6.618000000000000327e+00,3.460773334573730153e-14
6.620000000000000107e+00,3.666511538824579475e-14
6.621999999999999886e+00,4.142866605327810703e-14
6.624000000000000554e+00,3.819167204710538499e-14
6.626000000000000334e+00,3.185299246588613187e-14
6.628000000000000114e+00,3.329281295094688176e-14
6.629999999999999893e+00,3.391037450839462508e-14
6.632000000000000561e+00,3.523223379708895209e-14
6.634000000000000341e+00,3.531896997088779244e-14
6.636000000000000121e+00,3.354608257843949559e-14
6.637999999999999901e+00,3.414976634807942446e-14
6.640000000000000568e+00,3.493386135922094127e-14
6.642000000000000348e+00,3.639102907904145923e-14
6.644000000000000128e+00,3.709532681028804291e-14
6.645999999999999908e+00,3.801819969950770428e-14
6.648000000000000576e+00,3.193278974578106499e-14
6.650000000000000355e+00,3.263014858312374145e-14
6.652000000000000135e+00,3.333791576132227874e-14
6.653999999999999915e+00,3.486794186713382260e-14
6.656000000000000583e+00,3.578040641549762313e-14
6.658000000000000362e+00,3.641878465465708814e-14
6.660000000000000142e+00,4.147376886365350401e-14
6.661999999999999922e+00,3.504141421473150331e-14
6.663999999999999702e+00,3.659572644920672246e-14
6.666000000000000369e+00,2.963948531053972602e-14
6.668000000000000149e+00,3.405262183342472326e-14
6.669999999999999929e+00,3.866004738561912291e-14
6.671999999999999709e+00,3.206462872995530233e-14
6.674000000000000377e+00,3.334138520827423235e-14
6.676000000000000156e+00,3.522529490318504486e-14
6.677999999999999936e+00,3.458344721707362623e-14
6.679999999999999716e+00,3.588102037710427794e-14
6.682000000000000384e+00,3.804595527512333319e-14
6.684000000000000163e+00,4.231337502602627865e-14
6.685999999999999943e+00,3.920822000402779395e-14
6.687999999999999723e+00,3.318179064848436610e-14
6.690000000000000391e+00,3.422262473407045036e-14
6.692000000000000171e+00,3.516284485804987980e-14
6.693999999999999950e+00,3.545427840201398340e-14
6.695999999999999730e+00,3.738329090730019288e-14
6.698000000000000398e+00,3.794187186656472477e-14
6.700000000000000178e+00,3.484712518542210091e-14
6.701999999999999957e+00,4.060640712566510047e-14
6.703999999999999737e+00,3.312627949725310827e-14
6.706000000000000405e+00,2.690209166544832442e-14
6.708000000000000185e+00,3.884739752102461807e-14
6.709999999999999964e+00,3.679001547851612486e-14
6.711999999999999744e+00,3.719247132494274410e-14
6.714000000000000412e+00,3.429201367310952264e-14
6.716000000000000192e+00,3.527386716051239546e-14
6.717999999999999972e+00,3.650205138150397488e-14
6.719999999999999751e+00,3.801126080560379705e-14
6.722000000000000419e+00,3.103767243217703253e-14
6.724000000000000199e+00,3.570754802950659723e-14
6.725999999999999979e+00,3.327199626923516007e-14
6.727999999999999758e+00,3.764002998174476033e-14
6.730000000000000426e+00,3.188768693540566801e-14
6.732000000000000206e+00,3.567632300693901470e-14
6.733999999999999986e+00,3.722716579446228025e-14
6.735999999999999766e+00,3.812922200197021994e-14
6.738000000000000433e+00,3.545774784896593701e-14
6.740000000000000213e+00,3.614816779240470623e-14
6.741999999999999993e+00,3.351485755587191306e-14
6.743999999999999773e+00,3.465977505001660575e-14
6.746000000000000441e+00,3.488181965494163705e-14
6.748000000000000220e+00,3.691838501573840858e-14
6.750000000000000000e+00,3.382016888764383111e-14
6.751999999999999780e+00,3.422609418102240397e-14
6.754000000000000448e+00,3.630776235219457249e-14
6.756000000000000227e+00,3.723063524141423386e-14
6.758000000000000007e+00,3.742839371767558987e-14
6.759999999999999787e+00,3.885433641492852530e-14
6.762000000000000455e+00,3.659919589615867608e-14
6.764000000000000234e+00,3.336914078388986127e-14
6.766000000000000014e+00,3.814309978977803439e-14
6.767999999999999794e+00,3.863229181000349399e-14
6.770000000000000462e+00,3.657837921444695439e-14
6.772000000000000242e+00,3.747002708109903324e-14
6.774000000000000021e+00,3.839983886422260184e-14
6.775999999999999801e+00,3.633204848085824779e-14
6.778000000000000469e+00,3.224850941840884389e-14
6.780000000000000249e+00,3.060052211623087715e-14
6.782000000000000028e+00,3.439262763471617745e-14
6.783999999999999808e+00,3.544040061420616894e-14
6.786000000000000476e+00,3.613082055764493816e-14
6.788000000000000256e+00,3.405262183342472326e-14
6.790000000000000036e+00,3.589836761186404601e-14
6.791999999999999815e+00,3.564509798437143218e-14
6.794000000000000483e+00,3.714389906761539351e-14
6.796000000000000263e+00,3.809799697940263741e-14
6.798000000000000043e+00,3.552366734105305568e-14
6.799999999999999822e+00,3.283831540024095830e-14
6.802000000000000490e+00,2.909825158603496220e-14
6.804000000000000270e+00,3.404915238647276965e-14
6.806000000000000050e+00,3.945455073761650056e-14
6.807999999999999829e+00,4.075906279155105949e-14
6.810000000000000497e+00,3.707797957552827484e-14
6.812000000000000277e+00,3.164482564876891502e-14
6.814000000000000057e+00,3.540917559163858641e-14
6.815999999999999837e+00,3.659919589615867608e-14
6.818000000000000504e+00,3.029521078445895910e-14
6.820000000000000284e+00,3.880576415760117470e-14
6.822000000000000064e+00,3.523917269099285932e-14
6.823999999999999844e+00,3.325464903447539200e-14
6.826000000000000512e+00,3.448283325546697142e-14
6.828000000000000291e+00,3.491304467750921958e-14
6.830000000000000071e+00,3.260239300750811253e-14
6.831999999999999851e+00,3.679348492546807847e-14
6.834000000000000519e+00,3.804248582817137958e-14
6.836000000000000298e+00,3.564162853741947856e-14
6.838000000000000078e+00,3.350444921501605222e-14
6.839999999999999858e+00,3.323730179971562393e-14
6.842000000000000526e+00,3.454181385365018286e-14
6.844000000000000306e+00,3.614816779240470623e-14
6.846000000000000085e+00,3.564856743132338579e-14
6.847999999999999865e+00,3.387568003887508894e-14
6.850000000000000533e+00,3.548897287153351954e-14
6.852000000000000313e+00,3.581163143806520566e-14
6.854000000000000092e+00,3.718206298408688326e-14
6.855999999999999872e+00,3.794534131351667838e-14
6.858000000000000540e+00,3.497549472264438464e-14
6.860000000000000320e+00,3.641184576075318091e-14
6.862000000000000099e+00,3.336914078388986127e-14
6.863999999999999879e+00,3.470834730734395634e-14
6.866000000000000547e+00,3.565550632522729302e-14
6.868000000000000327e+00,3.223116218364907581e-14
6.870000000000000107e+00,3.788983016228542056e-14
6.871999999999999886e+00,3.783431901105416273e-14
6.874000000000000554e+00,3.868433351428279821e-14
6.876000000000000334e+00,3.013214677771713923e-14
6.878000000000000114e+00,2.980601876423349950e-14
6.879999999999999893e+00,3.489916688970140513e-14
6.882000000000000561e+00,3.560346462094798881e-14
6.884000000000000341e+00,3.675879045594854233e-14
6.886000000000000121e+00,3.448977214937087865e-14
6.887999999999999901e+00,3.900005318691057710e-14
6.890000000000000568e+00,3.620714839058791767e-14
6.892000000000000348e+00,3.714389906761539351e-14
6.894000000000000128e+00,3.770248002687992539e-14
6.895999999999999908e+00,3.652286806321569657e-14
6.898000000000000576e+00,3.975986206938841860e-14
6.900000000000000355e+00,3.326505737533125284e-14
6.902000000000000135e+00,3.528774494832020991e-14
6.903999999999999915e+00,3.538488946297491111e-14
6.906000000000000583e+00,3.632164014000238694e-14
6.908000000000000362e+00,3.743186316462754348e-14
6.910000000000000142e+00,4.273317810721266596e-14
6.911999999999999922e+00,3.294239880879956672e-14
6.913999999999999702e+00,2.968111867396316939e-14
6.916000000000000369e+00,2.986152991546475732e-14
6.918000000000000149e+00,3.512121149462643643e-14
6.919999999999999929e+00,3.664082925958211945e-14
6.921999999999999709e+00,3.668593206995751643e-14
6.924000000000000377e+00,3.847616669716558135e-14
6.926000000000000156e+00,3.578040641549762313e-14
6.927999999999999936e+00,3.654368474492741825e-14
6.929999999999999716e+00,3.354261313148754198e-14
6.932000000000000384e+00,3.789676905618932778e-14
6.934000000000000163e+00,3.558958683314017435e-14
6.935999999999999943e+00,3.677960713766026402e-14
6.937999999999999723e+00,3.442732210423571360e-14
6.940000000000000391e+00,3.447589436156306419e-14
6.942000000000000171e+00,3.574571194597808699e-14
6.943999999999999950e+00,3.654368474492741825e-14
6.945999999999999730e+00,3.842412499288627714e-14
6.948000000000000398e+00,3.860106678743591146e-14
6.950000000000000178e+00,3.242198176600652459e-14
6.951999999999999957e+00,3.388608837973094978e-14
6.953999999999999737e+00,3.427813588530170819e-14
6.956000000000000405e+00,3.448630270241892504e-14
6.958000000000000185e+00,3.626265954181917550e-14
6.959999999999999964e+00,4.055436542138579625e-14
6.961999999999999744e+00,3.471875564819981719e-14
6.964000000000000412e+00,3.197442310920450836e-14
6.966000000000000192e+00,3.640143741989732007e-14
6.967999999999999972e+00,3.705716289381655315e-14
6.969999999999999751e+00,3.544733950811007617e-14
6.972000000000000419e+00,3.895841982348713373e-14
6.974000000000000199e+00,3.344546861683284078e-14
6.975999999999999979e+00,3.355302147234340282e-14
6.977999999999999758e+00,3.487835020798968344e-14
6.980000000000000426e+00,3.966965644863762464e-14
6.982000000000000206e+00,3.698083506087357364e-14
6.983999999999999986e+00,4.181030521799300459e-14
6.985999999999999766e+00,3.214442600985023546e-14
6.988000000000000433e+00,3.576305918073785506e-14
6.990000000000000213e+00,3.413935800722356362e-14
6.991999999999999993e+00,3.442385265728375998e-14
6.993999999999999773e+00,3.518713098671355510e-14
6.996000000000000441e+00,3.986741492489898064e-14
6.998000000000000220e+00,3.782738011715025550e-14
7.000000000000000000e+00,3.453487495974627564e-14
7.001999999999999780e+00,3.576652862768980867e-14
7.004000000000000448e+00,3.305689055821403599e-14
7.006000000000000227e+00,3.771288836773578623e-14
7.008000000000000007e+00,3.904168655033402047e-14
7.009999999999999787e+00,3.608224830031758756e-14
7.012000000000000455e+00,2.910865992689082304e-14
7.014000000000000234e+00,3.425384975663803289e-14
7.016000000000000014e+00,3.914576995889262889e-14
7.017999999999999794e+00,3.253994296237294748e-14
7.020000000000000462e+00,4.088743232877334322e-14
7.022000000000000242e+00,3.065950271441408859e-14
7.024000000000000021e+00,3.239075674343894207e-14
7.025999999999999801e+00,3.245667623552606074e-14
7.028000000000000469e+00,3.383057722849969196e-14
7.030000000000000249e+00,3.875025300636991687e-14
7.032000000000000028e+00,3.536407278126318943e-14
7.033999999999999808e+00,4.012762344629550171e-14
7.036000000000000476e+00,3.450018049022673949e-14
7.038000000000000256e+00,3.474651122381544610e-14
7.040000000000000036e+00,3.577693696854566952e-14
7.041999999999999815e+00,3.355996036624731005e-14
7.044000000000000483e+00,3.413588856027161000e-14
7.046000000000000263e+00,3.523223379708895209e-14
7.048000000000000043e+00,3.605449272470195865e-14
7.049999999999999822e+00,3.319913788324413417e-14
7.052000000000000490e+00,3.047909147291250065e-14
7.054000000000000270e+00,3.506223089644322499e-14
7.056000000000000050e+00,3.675185156204463510e-14
7.057999999999999829e+00,3.462855002744902322e-14
7.060000000000000497e+00,4.127601038739214800e-14
7.062000000000000277e+00,3.597469544480702552e-14
7.064000000000000057e+00,3.756717159575373444e-14
7.065999999999999837e+00,3.434752482434078047e-14
7.068000000000000504e+00,3.447589436156306419e-14
7.070000000000000284e+00,3.584979535453669541e-14
7.072000000000000064e+00,3.658878755530281524e-14
7.073999999999999844e+00,3.490957523055726597e-14
7.076000000000000512e+00,3.136380044566067227e-14
7.078000000000000291e+00,3.621755673144377852e-14
7.080000000000000071e+00,4.050579316405844565e-14
7.081999999999999851e+00,3.429201367310952264e-14
7.084000000000000519e+00,3.181482854941464211e-14
7.086000000000000298e+00,3.608571774726954118e-14
7.088000000000000078e+00,3.272035420387453541e-14
7.089999999999999858e+00,3.125624759015011023e-14
7.092000000000000526e+00,3.534672554650342136e-14
7.094000000000000306e+00,3.619674004973205683e-14
7.096000000000000085e+00,3.773023560249555430e-14
7.097999999999999865e+00,4.291705879566620752e-14
7.100000000000000533e+00,3.272382365082648903e-14
7.102000000000000313e+00,3.636674295037778393e-14
7.104000000000000092e+00,3.445507767985134251e-14
7.105999999999999872e+00,3.551672844714914845e-14
7.108000000000000540e+00,3.550285065934133399e-14
7.110000000000000320e+00,4.102621020685148778e-14
7.112000000000000099e+00,3.414629690112747085e-14
7.113999999999999879e+00,3.587408148320037071e-14
7.116000000000000547e+00,4.063416270128072938e-14
7.118000000000000327e+00,3.338648801864962934e-14
7.120000000000000107e+00,3.902433931557425240e-14
7.121999999999999886e+00,3.218605937327367883e-14
7.124000000000000554e+00,3.643960133636880983e-14
7.126000000000000334e+00,2.994479664231164406e-14
7.128000000000000114e+00,3.435446371824468770e-14
7.129999999999999893e+00,3.545427840201398340e-14
7.132000000000000561e+00,3.707104068162436761e-14
7.134000000000000341e+00,3.702593787124897062e-14
7.136000000000000121e+00,3.539876725078272557e-14
7.137999999999999901e+00,3.179401186770292043e-14
7.140000000000000568e+00,2.969499646177098384e-14
7.142000000000000348e+00,3.426425809749389373e-14
7.144000000000000128e+00,3.495120859398070934e-14
7.145999999999999908e+00,3.627653732962698996e-14
7.148000000000000576e+00,3.742839371767558987e-14
7.150000000000000355e+00,3.464589726220879129e-14
7.152000000000000135e+00,3.569367024169878277e-14
7.153999999999999915e+00,3.244973734162215351e-14
7.156000000000000583e+00,3.068378884307776389e-14
7.158000000000000362e+00,3.522182545623309124e-14
7.160000000000000142e+00,3.908331991375746384e-14
7.161999999999999922e+00,3.300484885393473178e-14
7.164000000000000590e+00,3.773717449639946153e-14
7.166000000000000369e+00,3.455916108840995093e-14
7.168000000000000149e+00,3.621408728449182490e-14
7.169999999999999929e+00,4.013109289324745532e-14
7.171999999999999709e+00,3.909719770156527829e-14
7.174000000000000377e+00,3.541958393249444725e-14
7.176000000000000156e+00,3.592612318747967493e-14
7.177999999999999936e+00,3.429201367310952264e-14
7.179999999999999716e+00,3.382363833459578473e-14
7.182000000000000384e+00,3.557917849228431351e-14
7.184000000000000163e+00,3.667552372910165559e-14
7.185999999999999943e+00,3.800432191169988982e-14
7.187999999999999723e+00,3.447936380851501781e-14
7.190000000000000391e+00,3.573530360512222614e-14
7.192000000000000171e+00,3.715083796151930073e-14
7.193999999999999950e+00,3.745267984633926517e-14
7.195999999999999730e+00,3.498243361654829187e-14
7.198000000000000398e+00,3.611694276983712371e-14
7.200000000000000178e+00,3.358424649491098535e-14
7.201999999999999957e+00,3.437528039995640938e-14
7.203999999999999737e+00,3.436487205910054854e-14
7.206000000000000405e+00,3.963149253216613488e-14
7.208000000000000185e+00,3.779962454153462659e-14
7.209999999999999964e+00,3.370914658518131546e-14
7.211999999999999744e+00,2.844946500601963635e-14
7.214000000000000412e+00,3.271341530997062819e-14
7.216000000000000192e+00,3.352526589672777391e-14
7.217999999999999972e+00,3.395894676572197568e-14
7.219999999999999751e+00,3.898617539910276264e-14
7.222000000000000419e+00,3.715777685542320796e-14
7.224000000000000199e+00,3.397282455352979014e-14
7.225999999999999979e+00,3.509692536596276113e-14
7.227999999999999758e+00,3.282443761243314384e-14
7.230000000000000426e+00,3.676572934985244956e-14
7.232000000000000206e+00,3.801819969950770428e-14
7.233999999999999986e+00,3.937128401076961381e-14
7.235999999999999766e+00,3.624531230705940743e-14
7.238000000000000433e+00,3.006275783867806695e-14
7.240000000000000213e+00,3.408037740904035218e-14
7.241999999999999993e+00,3.152686445240249213e-14
7.243999999999999773e+00,3.654368474492741825e-14
7.246000000000000441e+00,3.732431030911698144e-14
7.248000000000000220e+00,3.875719190027382410e-14
7.250000000000000000e+00,3.579428420330543759e-14
7.251999999999999780e+00,3.679348492546807847e-14
7.254000000000000448e+00,3.827146932700031812e-14
7.256000000000000227e+00,3.472916398905567803e-14
7.258000000000000007e+00,3.627306788267503634e-14
7.259999999999999787e+00,3.719247132494274410e-14
7.262000000000000455e+00,3.372302437298912992e-14
7.264000000000000234e+00,3.517672264585769426e-14
7.266000000000000014e+00,4.005129561335252220e-14
7.267999999999999794e+00,3.727226860483767723e-14
7.270000000000000462e+00,3.461467223964120876e-14
7.272000000000000242e+00,3.197789255615646198e-14
7.274000000000000021e+00,3.200911757872404451e-14
7.275999999999999801e+00,3.338301857169767572e-14
7.278000000000000469e+00,3.124236980234229577e-14
7.280000000000000249e+00,3.556530070447649905e-14
7.282000000000000028e+00,3.702940731820092424e-14
7.283999999999999808e+00,3.738329090730019288e-14
7.286000000000000476e+00,3.860453623438786508e-14
7.288000000000000256e+00,3.557570904533235989e-14
7.290000000000000036e+00,3.697042672001771280e-14
7.291999999999999815e+00,3.388955782668290340e-14
7.294000000000000483e+00,3.633898737476215501e-14
7.296000000000000263e+00,3.167952011828845116e-14
7.298000000000000043e+00,3.658184866139890801e-14
7.299999999999999822e+00,3.442385265728375998e-14
7.302000000000000490e+00,3.525998937270458100e-14
7.304000000000000270e+00,3.620714839058791767e-14
7.306000000000000050e+00,3.752553823233029107e-14
7.307999999999999829e+00,3.501712808606782801e-14
7.310000000000000497e+00,4.288236432614667137e-14
7.312000000000000277e+00,3.035072193569021692e-14
7.314000000000000057e+00,3.385833280411532087e-14
7.315999999999999837e+00,3.493039191226898765e-14
7.318000000000000504e+00,3.898964484605471625e-14
7.320000000000000284e+00,3.367792156261373293e-14
7.322000000000000064e+00,4.167846623381876725e-14
7.323999999999999844e+00,3.530856163003193160e-14
7.326000000000000512e+00,3.642919299551294898e-14
7.328000000000000291e+00,3.321301567105194863e-14
7.330000000000000071e+00,3.802513859341161151e-14
7.331999999999999851e+00,3.548897287153351954e-14
7.334000000000000519e+00,3.611347332288517009e-14
7.336000000000000298e+00,3.737982146034823927e-14
7.338000000000000078e+00,3.481590016285451838e-14
7.339999999999999858e+00,3.646735691198443874e-14
7.342000000000000526e+00,3.613082055764493816e-14
7.344000000000000306e+00,3.758451883051350251e-14
7.346000000000000085e+00,3.508304757815494668e-14
7.347999999999999865e+00,3.594347042223944300e-14
7.350000000000000533e+00,3.355302147234340282e-14
7.352000000000000313e+00,3.797309688913230730e-14
7.354000000000000092e+00,3.510039481291471475e-14
7.355999999999999872e+00,3.584285646063278818e-14
7.358000000000000540e+00,3.729308528654939892e-14
7.360000000000000320e+00,3.495814748788461657e-14
7.362000000000000099e+00,3.564162853741947856e-14
7.363999999999999879e+00,3.193625919273301861e-14
7.366000000000000547e+00,3.422262473407045036e-14
7.368000000000000327e+00,3.444119989204352805e-14
7.370000000000000107e+00,3.502753642692368885e-14
7.371999999999999886e+00,3.675879045594854233e-14
7.374000000000000554e+00,3.404568293952081603e-14
7.376000000000000334e+00,3.578040641549762313e-14
7.378000000000000114e+00,3.565897577217924663e-14
7.379999999999999893e+00,3.688369054621887244e-14
7.382000000000000561e+00,3.724798247617400193e-14
7.384000000000000341e+00,3.522876435013699847e-14
7.386000000000000121e+00,3.280015148376946854e-14
7.387999999999999901e+00,3.281749871852923661e-14
7.390000000000000568e+00,3.406649962123253772e-14
7.392000000000000348e+00,3.528427550136825630e-14
7.394000000000000128e+00,3.561387296180384965e-14
7.395999999999999908e+00,3.792452463180495670e-14
7.398000000000000576e+00,3.819514149405733860e-14
7.400000000000000355e+00,3.970782036510911439e-14
7.402000000000000135e+00,3.258504577274834446e-14
7.403999999999999915e+00,3.364322709309419679e-14
7.406000000000000583e+00,3.465630560306465213e-14
7.408000000000000362e+00,3.970435091815716078e-14
7.410000000000000142e+00,3.626265954181917550e-14
7.411999999999999922e+00,3.819861094100929222e-14
7.414000000000000590e+00,3.510733370681862198e-14
7.416000000000000369e+00,3.226585665316861196e-14
7.418000000000000149e+00,3.416364413588723892e-14
7.419999999999999929e+00,3.739022980120410011e-14
7.422000000000000597e+00,3.908331991375746384e-14
7.424000000000000377e+00,3.349404087416019138e-14
7.426000000000000156e+00,3.296321549051128841e-14
7.427999999999999936e+00,3.399711068219346544e-14
7.429999999999999716e+00,3.623143451925159297e-14
7.432000000000000384e+00,3.639102907904145923e-14
7.434000000000000163e+00,3.732431030911698144e-14
7.435999999999999943e+00,3.486794186713382260e-14
7.437999999999999723e+00,3.607877885336563395e-14
7.440000000000000391e+00,3.700165174258529532e-14
7.442000000000000171e+00,3.317138230762850526e-14
7.443999999999999950e+00,3.523223379708895209e-14
7.445999999999999730e+00,3.571101747645855085e-14
7.448000000000000398e+00,3.353567423758363475e-14
7.450000000000000178e+00,3.348016308635237692e-14
7.451999999999999957e+00,3.530856163003193160e-14
7.453999999999999737e+00,3.219646771412953967e-14
7.456000000000000405e+00,3.784472735191002357e-14
7.458000000000000185e+00,3.439262763471617745e-14
7.459999999999999964e+00,3.846228890935776690e-14
7.461999999999999744e+00,3.336567133693790765e-14
7.464000000000000412e+00,3.478467514028693586e-14
7.466000000000000192e+00,3.437528039995640938e-14
7.467999999999999972e+00,3.891678646006369036e-14
7.469999999999999751e+00,3.708144902248022845e-14
7.472000000000000419e+00,4.161601618868360219e-14
7.474000000000000199e+00,3.478120569333498224e-14
7.475999999999999979e+00,3.682470994803566100e-14
7.477999999999999758e+00,3.326852682228320646e-14
7.480000000000000426e+00,3.412201077246379555e-14
7.482000000000000206e+00,3.577693696854566952e-14
7.483999999999999986e+00,3.633204848085824779e-14
7.485999999999999766e+00,3.349057142720823776e-14
7.488000000000000433e+00,3.393119119010634677e-14
7.490000000000000213e+00,3.578387586244957674e-14
7.491999999999999993e+00,3.651939861626374295e-14
7.493999999999999773e+00,3.785860513971783803e-14
7.496000000000000441e+00,3.801473025255575067e-14
7.498000000000000220e+00,3.556530070447649905e-14
7.500000000000000000e+00,3.320954622409999502e-14
7.501999999999999780e+00,3.460773334573730153e-14
7.504000000000000448e+00,3.040276363996952114e-14
7.506000000000000227e+00,3.624878175401136104e-14
7.508000000000000007e+00,3.277239590815383963e-14
7.509999999999999787e+00,3.775799117811118322e-14
7.512000000000000455e+00,3.445160823289938890e-14
7.514000000000000234e+00,3.609265664117344841e-14
7.516000000000000014e+00,3.387914948582704255e-14
7.517999999999999794e+00,3.430936090786929071e-14
7.520000000000000462e+00,3.071154441869339280e-14
7.522000000000000242e+00,3.325464903447539200e-14
7.524000000000000021e+00,2.950417687941353506e-14
7.525999999999999801e+00,3.494426970007680211e-14
7.528000000000000469e+00,3.532590886479169967e-14
7.530000000000000249e+00,3.665470704738993390e-14
7.532000000000000028e+00,3.789329960923737417e-14
7.533999999999999808e+00,3.859065844658005062e-14
7.536000000000000476e+00,4.018313459752675953e-14
7.538000000000000256e+00,2.970540480262684468e-14
7.540000000000000036e+00,3.508304757815494668e-14
7.541999999999999815e+00,3.516284485804987980e-14
7.544000000000000483e+00,3.539529780383077195e-14
7.546000000000000263e+00,3.361894096443052149e-14
7.548000000000000043e+00,3.751859933842638384e-14
7.549999999999999822e+00,3.618633170887619599e-14
7.552000000000000490e+00,3.595387876309530384e-14
7.554000000000000270e+00,3.779615509458267297e-14
7.556000000000000050e+00,4.206704429243757204e-14
7.557999999999999829e+00,3.280709037767337577e-14
7.560000000000000497e+00,4.051273205796235288e-14
7.562000000000000277e+00,3.745961874024317240e-14
7.564000000000000057e+00,3.934699788210593852e-14
7.565999999999999837e+00,3.567285355998706109e-14
7.568000000000000504e+00,3.668246262300556282e-14
7.570000000000000284e+00,3.857678065877223617e-14
7.572000000000000064e+00,3.227279554707251918e-14
7.573999999999999844e+00,3.222422328974516859e-14
7.576000000000000512e+00,2.939315457695101941e-14
7.578000000000000291e+00,3.449671104327478588e-14
7.580000000000000071e+00,3.465283615611269852e-14
7.581999999999999851e+00,3.649858193455202127e-14
7.584000000000000519e+00,3.734859643778065674e-14
7.586000000000000298e+00,3.861494457524372592e-14
7.588000000000000078e+00,3.515937541109792619e-14
7.589999999999999858e+00,4.023517630180606375e-14
7.592000000000000526e+00,3.060746101013478437e-14
7.594000000000000306e+00,3.538142001602295750e-14
7.596000000000000085e+00,3.521488656232918402e-14
7.597999999999999865e+00,3.673450432728486703e-14
7.600000000000000533e+00,3.449324159632283227e-14
7.602000000000000313e+00,3.171421458780798730e-14
7.604000000000000092e+00,3.539876725078272557e-14
7.605999999999999872e+00,3.675879045594854233e-14
7.608000000000000540e+00,3.791064684399714224e-14
7.610000000000000320e+00,3.917699498146021142e-14
7.612000000000000099e+00,3.705022399991264592e-14
7.613999999999999879e+00,3.389996616753876424e-14
7.616000000000000547e+00,3.461467223964120876e-14
7.618000000000000327e+00,3.961414529740636681e-14
7.620000000000000107e+00,3.948230631323212947e-14
7.621999999999999886e+00,3.395547731877002207e-14
7.624000000000000554e+00,3.464242781525683768e-14
7.626000000000000334e+00,4.004088727249666135e-14
7.628000000000000114e+00,3.297362383136714925e-14
7.629999999999999893e+00,3.828881656176008619e-14
7.632000000000000561e+00,3.525998937270458100e-14
7.634000000000000341e+00,3.180095076160682765e-14
7.636000000000000121e+00,2.936192955438343688e-14
7.637999999999999901e+00,3.382016888764383111e-14
7.640000000000000568e+00,3.563468964351557133e-14
7.642000000000000348e+00,3.607530940641368034e-14
7.644000000000000128e+00,4.055783486833774987e-14
7.645999999999999908e+00,3.843453333374213798e-14
7.648000000000000576e+00,2.900804596528416823e-14
7.650000000000000355e+00,3.297362383136714925e-14
7.652000000000000135e+00,3.382710778154773834e-14
7.653999999999999915e+00,3.471181675429590996e-14
7.656000000000000583e+00,3.554101457581282375e-14
7.658000000000000362e+00,4.052314039881821373e-14
7.660000000000000142e+00,3.798350522998816814e-14
7.661999999999999922e+00,3.530509218307997799e-14
7.664000000000000590e+00,3.613775945154884539e-14
7.666000000000000369e+00,3.294239880879956672e-14
7.668000000000000149e+00,3.412201077246379555e-14
7.669999999999999929e+00,3.572142581731441169e-14
7.672000000000000597e+00,3.589489816491209240e-14
7.674000000000000377e+00,3.400751902304932628e-14
7.676000000000000156e+00,3.835473605384720486e-14
7.677999999999999936e+00,3.554448402276477736e-14
7.679999999999999716e+00,3.595734821004725745e-14
7.682000000000000384e+00,3.843800278069409160e-14
7.684000000000000163e+00,3.883005028626485000e-14
7.685999999999999943e+00,3.210279264642679209e-14
7.687999999999999723e+00,3.416017468893528530e-14
7.690000000000000391e+00,3.345240751073674801e-14
7.692000000000000171e+00,3.480549182199865754e-14
7.693999999999999950e+00,3.561387296180384965e-14
7.695999999999999730e+00,3.754635491404201275e-14
7.698000000000000398e+00,3.847616669716558135e-14
7.700000000000000178e+00,3.928107839001881985e-14
7.701999999999999957e+00,3.667552372910165559e-14
7.703999999999999737e+00,3.363281875223833595e-14
7.706000000000000405e+00,3.497896416959633825e-14
7.708000000000000185e+00,3.909372825461332468e-14
7.709999999999999964e+00,3.658531810835086162e-14
7.711999999999999744e+00,3.437874984690836300e-14
7.714000000000000412e+00,3.061786935099064522e-14
7.716000000000000192e+00,3.574571194597808699e-14
7.717999999999999972e+00,3.295974604355933479e-14
7.719999999999999751e+00,3.787248292752565249e-14
7.722000000000000419e+00,4.236541673030558286e-14
7.724000000000000199e+00,2.894559592014900318e-14
7.725999999999999979e+00,3.341424359426525825e-14
7.727999999999999758e+00,3.420527749931068229e-14
7.730000000000000426e+00,3.488181965494163705e-14
7.732000000000000206e+00,3.654715419187937187e-14
7.733999999999999986e+00,3.726532971093377000e-14
7.735999999999999766e+00,3.487835020798968344e-14
7.738000000000000433e+00,3.515937541109792619e-14
7.740000000000000213e+00,3.688022109926691883e-14
7.741999999999999993e+00,4.044334311892328060e-14
7.743999999999999773e+00,3.513855872938620450e-14
7.746000000000000441e+00,3.540223669773467918e-14
7.748000000000000220e+00,3.293545991489565949e-14
7.750000000000000000e+00,3.401445791695323351e-14
7.751999999999999780e+00,3.459038611097753346e-14
7.754000000000000448e+00,3.247402347028582881e-14
7.756000000000000227e+00,3.743533261157949710e-14
7.758000000000000007e+00,4.133499098557535945e-14
7.759999999999999787e+00,3.557917849228431351e-14
7.762000000000000455e+00,3.243932900076629267e-14
7.764000000000000234e+00,3.036459972349803138e-14
7.766000000000000014e+00,3.455222219450604371e-14
7.767999999999999794e+00,3.090236400105084158e-14
7.770000000000000462e+00,3.269259862825890650e-14
7.772000000000000242e+00,3.739369924815605373e-14
7.774000000000000021e+00,3.445160823289938890e-14
7.775999999999999801e+00,3.548550342458156592e-14
7.778000000000000469e+00,3.715777685542320796e-14
7.780000000000000249e+00,3.749431320976270854e-14
7.782000000000000028e+00,3.546468674286984424e-14
7.783999999999999808e+00,3.595387876309530384e-14
7.786000000000000476e+00,3.310893226249334020e-14
7.788000000000000256e+00,3.519406988061746233e-14
7.790000000000000036e+00,3.401098847000127989e-14
7.791999999999999815e+00,3.629388456438675803e-14
7.794000000000000483e+00,3.767125500431234286e-14
7.796000000000000263e+00,4.233072226078604672e-14
7.798000000000000043e+00,3.904515599728597408e-14
7.799999999999999822e+00,3.328240461009102091e-14
7.802000000000000490e+00,3.396588565962588291e-14
7.804000000000000270e+00,3.462855002744902322e-14
7.806000000000000050e+00,3.941985626809696441e-14
7.807999999999999829e+00,3.684899607669933630e-14
7.810000000000000497e+00,3.839983886422260184e-14
7.812000000000000277e+00,3.518019209280964787e-14
7.814000000000000057e+00,3.578734530940153036e-14
7.815999999999999837e+00,3.710573515114390375e-14
7.818000000000000504e+00,3.427466643834975457e-14
7.820000000000000284e+00,3.854902508315660725e-14
7.822000000000000064e+00,3.297015438441519564e-14
7.823999999999999844e+00,2.996561332402336575e-14
7.826000000000000512e+00,2.965336309834754047e-14
7.828000000000000291e+00,3.542652282639835448e-14
7.830000000000000071e+00,3.654021529797546464e-14
7.831999999999999851e+00,3.723757413531814109e-14
7.834000000000000519e+00,3.888903088444806144e-14
7.836000000000000298e+00,3.945802018456845417e-14
7.838000000000000078e+00,3.348016308635237692e-14
7.839999999999999858e+00,3.363281875223833595e-14
7.842000000000000526e+00,3.448283325546697142e-14
7.844000000000000306e+00,3.567632300693901470e-14
7.846000000000000085e+00,3.705716289381655315e-14
7.847999999999999865e+00,3.815003868368194162e-14
7.850000000000000533e+00,3.544733950811007617e-14
7.852000000000000313e+00,4.007211229506424388e-14
7.854000000000000092e+00,3.379241331202820220e-14
7.855999999999999872e+00,3.335526299608204681e-14
7.858000000000000540e+00,4.053354873967407457e-14
7.860000000000000320e+00,3.598857323261483998e-14
7.862000000000000099e+00,3.439609708166813107e-14
7.863999999999999879e+00,3.430936090786929071e-14
7.866000000000000547e+00,3.549591176543742677e-14
7.868000000000000327e+00,3.308811558078161852e-14
7.870000000000000107e+00,4.085273785925380707e-14
7.871999999999999886e+00,3.474998067076739972e-14
7.874000000000000554e+00,2.886232919330211644e-14
7.876000000000000334e+00,3.351138810891995945e-14
7.878000000000000114e+00,3.800779135865184344e-14
7.879999999999999893e+00,3.101338630351335723e-14
7.882000000000000561e+00,3.648817359369616042e-14
7.884000000000000341e+00,3.718900187799079049e-14
7.886000000000000121e+00,3.071848331259730003e-14
7.887999999999999901e+00,3.520447822147332317e-14
7.890000000000000568e+00,3.672756543338095980e-14
7.892000000000000348e+00,3.693226280354622304e-14
7.894000000000000128e+00,3.468753062563223466e-14
7.895999999999999908e+00,3.962802308521418126e-14
7.898000000000000576e+00,3.315403507286873719e-14
7.900000000000000355e+00,3.362587985833442872e-14
7.902000000000000135e+00,3.130135040052550721e-14
7.903999999999999915e+00,3.557223959838040628e-14
7.906000000000000583e+00,3.690450722793059413e-14
7.908000000000000362e+00,3.795574965437253923e-14
7.910000000000000142e+00,3.485406407932600814e-14
7.911999999999999922e+00,3.623837341315550020e-14
7.914000000000000590e+00,3.338995746560158295e-14
7.916000000000000369e+00,3.162747841400914695e-14
7.918000000000000149e+00,3.468753062563223466e-14
7.919999999999999929e+00,3.639796797294536645e-14
7.922000000000000597e+00,3.731043252130916699e-14
7.924000000000000377e+00,3.478120569333498224e-14
7.926000000000000156e+00,3.600245102042265444e-14
7.927999999999999936e+00,3.259545411360420530e-14
7.930000000000000604e+00,3.708838791638413568e-14
7.932000000000000384e+00,3.881270305150508193e-14
7.934000000000000163e+00,3.582203977892106650e-14
7.935999999999999943e+00,3.376465773641257329e-14
7.937999999999999723e+00,3.383751612240359918e-14
7.940000000000000391e+00,3.123196146148643493e-14
7.942000000000000171e+00,3.623490396620354659e-14
7.943999999999999950e+00,3.667205428214970198e-14
7.945999999999999730e+00,3.853167784839683918e-14
7.948000000000000398e+00,3.975639262243646499e-14
7.950000000000000178e+00,3.593306208138358215e-14
7.951999999999999957e+00,3.443426099813962082e-14
7.953999999999999737e+00,3.471875564819981719e-14
7.956000000000000405e+00,3.161360062620133249e-14
7.958000000000000185e+00,3.704328510600873869e-14
7.959999999999999964e+00,3.706757123467241399e-14
7.961999999999999744e+00,3.489569744274945151e-14
7.964000000000000412e+00,3.600938991432656167e-14
7.966000000000000192e+00,3.634245682171410863e-14
7.967999999999999972e+00,4.550873566877555731e-14
7.969999999999999751e+00,3.197442310920450836e-14
7.972000000000000419e+00,3.654021529797546464e-14
7.974000000000000199e+00,3.677266824375635679e-14
7.975999999999999979e+00,3.885086696797657169e-14
7.977999999999999758e+00,3.925679226135514455e-14
7.980000000000000426e+00,3.687328220536301160e-14
7.982000000000000206e+00,4.072089887507956973e-14
7.983999999999999986e+00,3.488875854884554428e-14
7.985999999999999766e+00,3.171768403475994091e-14
7.988000000000000433e+00,3.278627369596165408e-14
7.990000000000000213e+00,3.383057722849969196e-14
7.991999999999999993e+00,3.442038321033180637e-14
7.993999999999999773e+00,3.574918139293004060e-14
7.996000000000000441e+00,3.730349362740525976e-14
7.998000000000000220e+00,3.379241331202820220e-14
8.000000000000000000e+00,3.461120279268925515e-14
8.002000000000000668e+00,3.690797667488254774e-14
8.003999999999999559e+00,3.653327640407155741e-14
8.006000000000000227e+00,3.456263053536190455e-14
8.008000000000000895e+00,3.149216998288295599e-14
8.009999999999999787e+00,3.650899027540788211e-14
8.012000000000000455e+00,3.322689345885976309e-14
8.013999999999999346e+00,3.503794476777954969e-14
8.016000000000000014e+00,3.551325900019719484e-14
8.018000000000000682e+00,3.728267694569353807e-14
8.019999999999999574e+00,3.733471864997284229e-14
8.022000000000000242e+00,3.852473895449293195e-14
8.024000000000000909e+00,3.634245682171410863e-14
8.025999999999999801e+00,3.311587115639724743e-14
8.028000000000000469e+00,3.430589146091733710e-14
8.029999999999999361e+00,3.470487786039200273e-14
8.032000000000000028e+00,3.640837631380122730e-14
8.034000000000000696e+00,3.630082345829066526e-14
8.035999999999999588e+00,3.476732790552716779e-14
8.038000000000000256e+00,3.171421458780798730e-14
8.040000000000000924e+00,3.620367894363596406e-14
8.041999999999999815e+00,3.654021529797546464e-14
8.044000000000000483e+00,3.456609998231385816e-14
8.045999999999999375e+00,3.617245392106838153e-14
8.048000000000000043e+00,3.193278974578106499e-14
8.050000000000000711e+00,3.389649672058681062e-14
8.051999999999999602e+00,3.494080025312484850e-14
8.054000000000000270e+00,3.624531230705940743e-14
8.056000000000000938e+00,3.688715999317082606e-14
8.057999999999999829e+00,3.743186316462754348e-14
8.060000000000000497e+00,3.883698918016875723e-14
8.061999999999999389e+00,3.239422619039089568e-14
8.064000000000000057e+00,3.702940731820092424e-14
8.066000000000000725e+00,3.399711068219346544e-14
8.067999999999999616e+00,3.641184576075318091e-14
8.070000000000000284e+00,3.582897867282497373e-14
8.072000000000000952e+00,3.330669073875469621e-14
8.073999999999999844e+00,3.515243651719401896e-14
8.076000000000000512e+00,3.180788965551073488e-14
8.077999999999999403e+00,3.582550922587302011e-14
8.080000000000000071e+00,3.739022980120410011e-14
8.082000000000000739e+00,3.949618410103994393e-14
8.083999999999999631e+00,3.518713098671355510e-14
8.086000000000000298e+00,3.310199336858943298e-14
8.088000000000000966e+00,3.836861384165501931e-14
8.089999999999999858e+00,3.459038611097753346e-14
8.092000000000000526e+00,3.292852102099175227e-14
8.093999999999999417e+00,3.657837921444695439e-14
8.096000000000000085e+00,3.739022980120410011e-14
8.098000000000000753e+00,3.996455943955368184e-14
8.099999999999999645e+00,3.269259862825890650e-14
8.102000000000000313e+00,3.319219898934022694e-14
8.104000000000000981e+00,3.515243651719401896e-14
8.105999999999999872e+00,3.135339210480481142e-14
8.108000000000000540e+00,3.638409018513755200e-14
8.109999999999999432e+00,3.358771594186293896e-14
8.112000000000000099e+00,3.082950561505981568e-14
8.114000000000000767e+00,3.893760314177541204e-14
8.115999999999999659e+00,4.050579316405844565e-14
8.118000000000000327e+00,3.418099137064700699e-14
8.120000000000000995e+00,3.916311719365239696e-14
8.121999999999999886e+00,3.254688185627685471e-14
8.124000000000000554e+00,3.330322129180274260e-14
8.125999999999999446e+00,3.437181095300445577e-14
8.128000000000000114e+00,3.858025010572418978e-14
8.130000000000000782e+00,3.674838211509268149e-14
8.131999999999999673e+00,3.787248292752565249e-14
8.134000000000000341e+00,3.781350232934244104e-14
8.136000000000001009e+00,3.592959263443162854e-14
8.137999999999999901e+00,3.270300696911476734e-14
8.140000000000000568e+00,3.361894096443052149e-14
8.141999999999999460e+00,3.469793896648809550e-14
8.144000000000000128e+00,3.578734530940153036e-14
8.146000000000000796e+00,3.700165174258529532e-14
8.147999999999999687e+00,2.993785774840773684e-14
8.150000000000000355e+00,3.467712228477637382e-14
8.152000000000001023e+00,3.569020079474682916e-14
8.153999999999999915e+00,3.734859643778065674e-14
8.156000000000000583e+00,3.771982726163969346e-14
8.157999999999999474e+00,4.400993458553159599e-14
8.160000000000000142e+00,3.258504577274834446e-14
8.162000000000000810e+00,3.671715709252509896e-14
8.163999999999999702e+00,3.478467514028693586e-14
8.166000000000000369e+00,3.173156182256775537e-14
8.168000000000001037e+00,3.644307078332076344e-14
8.169999999999999929e+00,3.698083506087357364e-14
8.172000000000000597e+00,3.877453913503359217e-14
8.173999999999999488e+00,3.539876725078272557e-14
8.176000000000000156e+00,3.344893806378479439e-14
8.178000000000000824e+00,3.349751032111214499e-14
8.179999999999999716e+00,3.105155021998484699e-14
8.182000000000000384e+00,3.538488946297491111e-14
8.184000000000001052e+00,3.667552372910165559e-14
8.185999999999999943e+00,3.443426099813962082e-14
8.188000000000000611e+00,3.529121439527216353e-14
8.189999999999999503e+00,3.640490686684927368e-14
8.192000000000000171e+00,3.674838211509268149e-14
8.194000000000000838e+00,3.921515889793170118e-14
8.195999999999999730e+00,3.528427550136825630e-14
8.198000000000000398e+00,2.922315167630529231e-14
8.199999999999999289e+00,3.332056852656251067e-14
8.201999999999999957e+00,3.444119989204352805e-14
8.204000000000000625e+00,3.622449562534768575e-14
8.205999999999999517e+00,3.616898447411642792e-14
8.208000000000000185e+00,3.807371085073896211e-14
8.210000000000000853e+00,4.221969995832353106e-14
8.211999999999999744e+00,3.584632590758474180e-14
8.214000000000000412e+00,3.783778845800611634e-14
8.215999999999999304e+00,3.405956072732863049e-14
8.217999999999999972e+00,3.505529200253931776e-14
8.220000000000000639e+00,3.275504867339407156e-14
8.221999999999999531e+00,3.705716289381655315e-14
8.224000000000000199e+00,3.462855002744902322e-14
8.226000000000000867e+00,3.523223379708895209e-14
8.227999999999999758e+00,3.572836471121831892e-14
8.230000000000000426e+00,3.834085826603939040e-14
8.231999999999999318e+00,3.446895546765915697e-14
8.233999999999999986e+00,3.617245392106838153e-14
8.236000000000000654e+00,3.268219028740304566e-14
8.237999999999999545e+00,3.364322709309419679e-14
8.240000000000000213e+00,3.502059753301978162e-14
8.242000000000000881e+00,3.549591176543742677e-14
8.243999999999999773e+00,3.297362383136714925e-14
8.246000000000000441e+00,3.864616959781130845e-14
8.247999999999999332e+00,3.473263343600763164e-14
8.250000000000000000e+00,3.670674875166923812e-14
8.252000000000000668e+00,3.309852392163747936e-14
8.253999999999999559e+00,3.526692826660848823e-14
8.256000000000000227e+00,3.507263923729908583e-14
8.258000000000000895e+00,3.604061493689414419e-14
8.259999999999999787e+00,3.773023560249555430e-14
8.262000000000000455e+00,3.486794186713382260e-14
8.263999999999999346e+00,3.956904248703096982e-14
8.266000000000000014e+00,3.683511828889152184e-14
8.268000000000000682e+00,3.828881656176008619e-14
8.269999999999999574e+00,3.910066714851723191e-14
8.272000000000000242e+00,3.583938701368083457e-14
8.274000000000000909e+00,3.352873534367972752e-14
8.275999999999999801e+00,3.792105518485300308e-14
8.278000000000000469e+00,3.531550052393583883e-14
8.279999999999999361e+00,3.588448982405623156e-14
8.282000000000000028e+00,3.750472155061856938e-14
8.284000000000000696e+00,3.870168074904256628e-14
8.285999999999999588e+00,3.148870053593100238e-14
8.288000000000000256e+00,3.235953172087135954e-14
8.290000000000000924e+00,3.392772174315439315e-14
8.291999999999999815e+00,3.488875854884554428e-14
8.294000000000000483e+00,3.998190667431344991e-14
8.295999999999999375e+00,3.653674585102351102e-14
8.298000000000000043e+00,3.389649672058681062e-14
8.300000000000000711e+00,3.465283615611269852e-14
8.301999999999999602e+00,3.637368184428169116e-14
8.304000000000000270e+00,4.102274075989953417e-14
8.306000000000000938e+00,3.024316908017965488e-14
8.307999999999999829e+00,3.854555563620465364e-14
8.310000000000000497e+00,3.340730470036135102e-14
8.311999999999999389e+00,3.306036000516598961e-14
8.314000000000000057e+00,3.405262183342472326e-14
8.316000000000000725e+00,3.578040641549762313e-14
8.317999999999999616e+00,3.268565973435499927e-14
8.320000000000000284e+00,3.769207168602406455e-14
8.322000000000000952e+00,3.817085536539366331e-14
8.323999999999999844e+00,4.000619280297712521e-14
8.326000000000000512e+00,3.297709327831910286e-14
8.327999999999999403e+00,3.047909147291250065e-14
8.330000000000000071e+00,3.445160823289938890e-14
8.332000000000000739e+00,3.547162563677375147e-14
8.333999999999999631e+00,3.716471574932711519e-14
8.336000000000000298e+00,3.384792446325946003e-14
8.338000000000000966e+00,3.901046152776643794e-14
8.339999999999999858e+00,3.642572354856099537e-14
8.342000000000000526e+00,3.690103778097864051e-14
8.343999999999999417e+00,3.464936670916074490e-14
8.346000000000000085e+00,3.528427550136825630e-14
8.348000000000000753e+00,3.269606807521086012e-14
8.349999999999999645e+00,3.748390486890684770e-14
8.352000000000000313e+00,3.440650542252399191e-14
8.354000000000000981e+00,3.547509508372570508e-14
8.355999999999999872e+00,3.641878465465708814e-14
8.358000000000000540e+00,3.759839661832131696e-14
8.359999999999999432e+00,3.604408438384609781e-14
8.362000000000000099e+00,3.204381204824358065e-14
8.364000000000000767e+00,3.288688765756830890e-14
8.365999999999999659e+00,3.349057142720823776e-14
8.368000000000000327e+00,3.496855582874047741e-14
8.370000000000000995e+00,3.647429580588834597e-14
8.371999999999999886e+00,3.726532971093377000e-14
8.374000000000000554e+00,3.790370795009323501e-14
8.375999999999999446e+00,3.218952882022563244e-14
8.378000000000000114e+00,3.647776525284029958e-14
8.380000000000000782e+00,3.719247132494274410e-14
8.381999999999999673e+00,3.496855582874047741e-14
8.384000000000000341e+00,3.531203107698388521e-14
8.386000000000001009e+00,3.269259862825890650e-14
8.387999999999999901e+00,3.058664432842306269e-14
8.390000000000000568e+00,3.480202237504670393e-14
8.391999999999999460e+00,3.562081185570775688e-14
8.394000000000000128e+00,3.709879625723999652e-14
8.396000000000000796e+00,3.394853842486611484e-14
8.397999999999999687e+00,3.919434221621997949e-14
8.400000000000000355e+00,3.618633170887619599e-14
8.402000000000001023e+00,3.727920749874158446e-14
8.403999999999999915e+00,3.465630560306465213e-14
8.406000000000000583e+00,3.162747841400914695e-14
8.407999999999999474e+00,4.011721510543964087e-14
8.410000000000000142e+00,3.419486915845482145e-14
8.412000000000000810e+00,3.478120569333498224e-14
8.413999999999999702e+00,3.563468964351557133e-14
8.416000000000000369e+00,3.666164594129384113e-14
8.418000000000001037e+00,3.778574675372681213e-14
8.419999999999999929e+00,3.788289126838151333e-14
8.422000000000000597e+00,4.029068745303732157e-14
8.423999999999999488e+00,3.402139681085714074e-14
8.426000000000000156e+00,3.422609418102240397e-14
8.428000000000000824e+00,3.898964484605471625e-14
8.429999999999999716e+00,3.598163433871093275e-14
8.432000000000000384e+00,3.762268274698499226e-14
8.434000000000001052e+00,3.486100297322991537e-14
8.435999999999999943e+00,3.584285646063278818e-14
8.438000000000000611e+00,3.627653732962698996e-14
8.439999999999999503e+00,3.412548021941574916e-14
8.442000000000000171e+00,3.446548602070720335e-14
8.444000000000000838e+00,3.498243361654829187e-14
8.445999999999999730e+00,3.395200787181806845e-14
8.448000000000000398e+00,2.969499646177098384e-14
8.449999999999999289e+00,3.541611448554249364e-14
8.451999999999999957e+00,3.863923070390740122e-14
8.454000000000000625e+00,4.119274366054526126e-14
8.455999999999999517e+00,3.821248872881710668e-14
8.458000000000000185e+00,3.542652282639835448e-14
8.460000000000000853e+00,3.250177904590145772e-14
8.461999999999999744e+00,3.371261603213326907e-14
8.464000000000000412e+00,3.423650252187826482e-14
8.465999999999999304e+00,3.899658373995862348e-14
8.467999999999999972e+00,3.681430160717980016e-14
8.470000000000000639e+00,3.796268854827644645e-14
8.471999999999999531e+00,3.036113027654607777e-14
8.474000000000000199e+00,3.546815618982179785e-14
8.476000000000000867e+00,3.292158212708784504e-14
8.477999999999999758e+00,3.400751902304932628e-14
8.480000000000000426e+00,3.499284195740415271e-14
8.481999999999999318e+00,3.618286226192424238e-14
8.483999999999999986e+00,4.002354003773689328e-14
8.486000000000000654e+00,3.413588856027161000e-14
8.487999999999999545e+00,3.605449272470195865e-14
8.490000000000000213e+00,3.590530650576795324e-14
8.492000000000000881e+00,3.707104068162436761e-14
8.493999999999999773e+00,3.846922780326167413e-14
8.496000000000000441e+00,3.596081765699921107e-14
8.497999999999999332e+00,3.269259862825890650e-14
8.500000000000000000e+00,3.328587405704297453e-14
8.502000000000000668e+00,3.127706427186183191e-14
8.503999999999999559e+00,3.545427840201398340e-14
8.506000000000000227e+00,3.617939281497228876e-14
8.508000000000000895e+00,3.385486335716336725e-14
8.509999999999999787e+00,3.455569164145799732e-14
8.512000000000000455e+00,3.618286226192424238e-14
8.513999999999999346e+00,3.291464323318393781e-14
8.516000000000000014e+00,4.059252933785728601e-14
8.518000000000000682e+00,3.614816779240470623e-14
8.519999999999999574e+00,3.220687605498540051e-14
8.522000000000000242e+00,4.056477376224165710e-14
8.524000000000000909e+00,3.478120569333498224e-14
8.525999999999999801e+00,3.833738881908743679e-14
8.528000000000000469e+00,3.737982146034823927e-14
8.529999999999999361e+00,3.754288546709005914e-14
8.532000000000000028e+00,3.483324739761428646e-14
8.534000000000000696e+00,3.597122599785507191e-14
8.535999999999999588e+00,2.927519338058459653e-14
8.538000000000000256e+00,3.370220769127740823e-14
8.540000000000000924e+00,3.440303597557203830e-14
8.541999999999999815e+00,3.620714839058791767e-14
8.544000000000000483e+00,3.611347332288517009e-14
8.545999999999999375e+00,3.793146352570886393e-14
8.548000000000000043e+00,3.514202817633815812e-14
8.550000000000000711e+00,3.591918429357576770e-14
8.551999999999999602e+00,3.327893516313906730e-14
8.554000000000000270e+00,3.473263343600763164e-14
8.556000000000000938e+00,3.527039771356044184e-14
8.557999999999999829e+00,3.585673424844060264e-14
8.560000000000000497e+00,3.419486915845482145e-14
8.561999999999999389e+00,3.845881946240581328e-14
8.564000000000000057e+00,3.590183705881599963e-14
8.566000000000000725e+00,4.096722960866827634e-14
8.567999999999999616e+00,3.842065554593432353e-14
8.570000000000000284e+00,3.512121149462643643e-14
8.572000000000000952e+00,3.249830959894950411e-14
8.573999999999999844e+00,3.301525719479059262e-14
8.576000000000000512e+00,3.022929129237184043e-14
8.577999999999999403e+00,3.501018919216392078e-14
8.580000000000000071e+00,3.606837051250977311e-14
8.582000000000000739e+00,3.708838791638413568e-14
8.583999999999999631e+00,3.816391647148975608e-14
8.586000000000000298e+00,3.529468384222411714e-14
8.588000000000000966e+00,3.581163143806520566e-14
8.589999999999999858e+00,3.775105228420727599e-14
8.592000000000000526e+00,3.450018049022673949e-14
8.593999999999999417e+00,3.556530070447649905e-14
8.596000000000000085e+00,3.671021819862119173e-14
8.598000000000000753e+00,3.376118828946061967e-14
8.599999999999999645e+00,3.514896707024206535e-14
8.602000000000000313e+00,3.521835600928113763e-14
8.604000000000000981e+00,4.053354873967407457e-14
8.605999999999999872e+00,3.737982146034823927e-14
8.608000000000000540e+00,3.572142581731441169e-14
8.609999999999999432e+00,3.293199046794370588e-14
8.612000000000000099e+00,3.270647641606672096e-14
8.614000000000000767e+00,3.405262183342472326e-14
8.615999999999999659e+00,3.575265083988199422e-14
8.618000000000000327e+00,3.698083506087357364e-14
8.620000000000000995e+00,3.693226280354622304e-14
8.621999999999999886e+00,3.422609418102240397e-14
8.624000000000000554e+00,3.596081765699921107e-14
8.625999999999999446e+00,3.669634041081337728e-14
8.628000000000000114e+00,3.071501386564534641e-14
8.630000000000000782e+00,3.477426679943107501e-14
8.631999999999999673e+00,3.551672844714914845e-14
8.634000000000000341e+00,3.643266244246490260e-14
8.636000000000001009e+00,3.416364413588723892e-14
8.637999999999999901e+00,3.608571774726954118e-14
8.640000000000000568e+00,3.558264793923626712e-14
8.641999999999999460e+00,3.696001837916185195e-14
8.644000000000000128e+00,3.778227730677485852e-14
8.646000000000000796e+00,3.867392517342693736e-14
8.647999999999999687e+00,3.291811268013589142e-14
8.650000000000000355e+00,3.382710778154773834e-14
8.652000000000001023e+00,3.376118828946061967e-14
8.653999999999999915e+00,3.586367314234450987e-14
8.656000000000000583e+00,3.676919879680440317e-14
8.657999999999999474e+00,3.790023850314128140e-14
8.660000000000000142e+00,3.434752482434078047e-14
8.662000000000000810e+00,3.616551502716447430e-14
8.663999999999999702e+00,3.688715999317082606e-14
8.666000000000000369e+00,3.732777975606893506e-14
8.668000000000001037e+00,3.527386716051239546e-14
8.669999999999999929e+00,3.614469834545275262e-14
8.672000000000000597e+00,3.321301567105194863e-14
8.673999999999999488e+00,3.084685284981958375e-14
8.676000000000000156e+00,3.072195275954925364e-14
8.678000000000000824e+00,3.254341240932490109e-14
8.679999999999999716e+00,3.708491846943218206e-14
8.682000000000000384e+00,3.784472735191002357e-14
8.684000000000001052e+00,3.928107839001881985e-14
8.685999999999999943e+00,3.339689635950549018e-14
8.688000000000000611e+00,3.697042672001771280e-14
8.689999999999999503e+00,3.461814168659316238e-14
8.692000000000000171e+00,3.576999807464176229e-14
8.694000000000000838e+00,3.739369924815605373e-14
8.695999999999999730e+00,3.758104938356154889e-14
8.698000000000000398e+00,3.560693406789994242e-14
8.700000000000001066e+00,3.567632300693901470e-14
8.701999999999999957e+00,3.749778265671466215e-14
8.704000000000000625e+00,3.512468094157839005e-14
8.705999999999999517e+00,3.496855582874047741e-14
8.708000000000000185e+00,3.695654893220989834e-14
8.710000000000000853e+00,3.267178194654718482e-14
8.711999999999999744e+00,3.427119699139780096e-14
8.714000000000000412e+00,3.580122309720934481e-14
8.715999999999999304e+00,3.610653442898126286e-14
8.717999999999999972e+00,4.195255254302310277e-14
8.720000000000000639e+00,3.124583924929424938e-14
8.721999999999999531e+00,3.219299826717758606e-14
8.724000000000000199e+00,2.969152701481903023e-14
8.726000000000000867e+00,3.336567133693790765e-14
8.727999999999999758e+00,3.510039481291471475e-14
8.730000000000000426e+00,3.652980695711960379e-14
8.731999999999999318e+00,3.743533261157949710e-14
8.733999999999999986e+00,3.850045282582925665e-14
8.736000000000000654e+00,3.518366153976160149e-14
8.737999999999999545e+00,3.628347622353089719e-14
8.740000000000000213e+00,3.753594657318615191e-14
8.742000000000000881e+00,3.487141131408577621e-14
8.743999999999999773e+00,3.545080895506202978e-14
8.746000000000000441e+00,4.068620440556003359e-14
8.747999999999999332e+00,3.368486045651764016e-14
8.750000000000000000e+00,3.478814458723888947e-14
8.752000000000000668e+00,3.573530360512222614e-14
8.753999999999999559e+00,3.347669363940042331e-14
8.756000000000000227e+00,4.127254094044019439e-14
8.758000000000000895e+00,3.878841692284140663e-14
8.759999999999999787e+00,3.153380334630639936e-14
8.762000000000000455e+00,3.782738011715025550e-14
8.763999999999999346e+00,3.420180805235872867e-14
8.766000000000000014e+00,3.518019209280964787e-14
8.768000000000000682e+00,3.626265954181917550e-14
8.769999999999999574e+00,3.737288256644433204e-14
8.772000000000000242e+00,3.436834150605250215e-14
8.774000000000000909e+00,3.516978375195378703e-14
8.775999999999999801e+00,3.690450722793059413e-14
8.778000000000000469e+00,3.325811848142734561e-14
8.779999999999999361e+00,3.511080315377057559e-14
8.782000000000000028e+00,3.586367314234450987e-14
8.784000000000000696e+00,3.712308238590367182e-14
8.785999999999999588e+00,3.392772174315439315e-14
8.788000000000000256e+00,3.526345881965653462e-14
8.790000000000000924e+00,3.544387006115812255e-14
8.791999999999999815e+00,3.672756543338095980e-14
8.794000000000000483e+00,4.233419170773800033e-14
8.795999999999999375e+00,3.550285065934133399e-14
8.798000000000000043e+00,3.246361512942996796e-14
8.800000000000000711e+00,3.430589146091733710e-14
8.801999999999999602e+00,3.402139681085714074e-14
8.804000000000000270e+00,3.605102327775000504e-14
8.806000000000000938e+00,3.634592626866606224e-14
8.807999999999999829e+00,3.330669073875469621e-14
8.810000000000000497e+00,3.525651992575262739e-14
8.811999999999999389e+00,3.498590306350024548e-14
8.814000000000000057e+00,4.080416560192645647e-14
8.816000000000000725e+00,3.363281875223833595e-14
8.817999999999999616e+00,3.639796797294536645e-14
8.820000000000000284e+00,3.570060913560269000e-14
8.822000000000000952e+00,3.705716289381655315e-14
8.823999999999999844e+00,3.406996906818449133e-14
8.826000000000000512e+00,2.810945920472818216e-14
8.827999999999999403e+00,3.629388456438675803e-14
8.830000000000000071e+00,3.745961874024317240e-14
8.832000000000000739e+00,3.811187476721045186e-14
8.833999999999999631e+00,3.562775074961166411e-14
8.836000000000000298e+00,2.958397415930846819e-14
8.838000000000000966e+00,3.388955782668290340e-14
8.839999999999999858e+00,3.419139971150286783e-14
8.842000000000000526e+00,3.665817649434188752e-14
8.843999999999999417e+00,3.632857903390629417e-14
8.846000000000000085e+00,3.817432481234561692e-14
8.848000000000000753e+00,3.533284775869560690e-14
8.849999999999999645e+00,3.944761184371259333e-14
8.852000000000000313e+00,3.728961583959744530e-14
8.854000000000000981e+00,3.069419718393362473e-14
8.855999999999999872e+00,3.918393387536411865e-14
8.858000000000000540e+00,3.646735691198443874e-14
8.859999999999999432e+00,3.377853552422038774e-14
8.862000000000000099e+00,3.060746101013478437e-14
8.864000000000000767e+00,3.589142871796013878e-14
8.865999999999999659e+00,3.618980115582814960e-14
8.868000000000000327e+00,3.424691086273412566e-14
8.870000000000000995e+00,3.464936670916074490e-14
8.871999999999999886e+00,3.950312299494385115e-14
8.874000000000000554e+00,3.674491266814072787e-14
8.875999999999999446e+00,3.839983886422260184e-14
8.878000000000000114e+00,3.497896416959633825e-14
8.880000000000000782e+00,3.667552372910165559e-14
8.881999999999999673e+00,3.696348782611380557e-14
8.884000000000000341e+00,3.761574385308108504e-14
8.886000000000001009e+00,3.529815328917607076e-14
8.887999999999999901e+00,3.627653732962698996e-14
8.890000000000000568e+00,3.400751902304932628e-14
8.891999999999999460e+00,3.484712518542210091e-14
8.894000000000000128e+00,3.581163143806520566e-14
8.896000000000000796e+00,3.608571774726954118e-14
8.897999999999999687e+00,3.415323579503137807e-14
8.900000000000000355e+00,3.468059173172832743e-14
8.902000000000001023e+00,3.545427840201398340e-14
8.903999999999999915e+00,3.758451883051350251e-14
8.906000000000000583e+00,3.751166044452247661e-14
8.907999999999999474e+00,3.911454493632504636e-14
8.910000000000000142e+00,2.942784904647055555e-14
8.912000000000000810e+00,3.638755963208950561e-14
8.913999999999999702e+00,3.004541060391829888e-14
8.916000000000000369e+00,3.151645611154663129e-14
8.918000000000001037e+00,3.605796217165391226e-14
8.919999999999999929e+00,3.743533261157949710e-14
8.922000000000000597e+00,3.462161113354511599e-14
8.923999999999999488e+00,3.123543090843838854e-14
8.926000000000000156e+00,3.693573225049817665e-14
8.928000000000000824e+00,3.680389326632393932e-14
8.929999999999999716e+00,3.512815038853034366e-14
8.932000000000000384e+00,3.646041801808053151e-14
8.934000000000001052e+00,3.662695147177430499e-14
8.935999999999999943e+00,3.432670814262905878e-14
8.938000000000000611e+00,3.442385265728375998e-14
8.939999999999999503e+00,3.646388746503248512e-14
8.942000000000000171e+00,3.674838211509268149e-14
8.944000000000000838e+00,3.826799988004836450e-14
8.945999999999999730e+00,3.595734821004725745e-14
8.948000000000000398e+00,3.263014858312374145e-14
8.950000000000001066e+00,3.327546571618711369e-14
8.951999999999999957e+00,3.455569164145799732e-14
8.954000000000000625e+00,3.535366444040732858e-14
8.955999999999999517e+00,3.595734821004725745e-14
8.958000000000000185e+00,3.795574965437253923e-14
8.960000000000000853e+00,3.525305047880067377e-14
8.961999999999999744e+00,3.499978085130805994e-14
8.964000000000000412e+00,4.062375436042486854e-14
8.965999999999999304e+00,3.807718029769091572e-14
8.967999999999999972e+00,3.531203107698388521e-14
8.970000000000000639e+00,3.580816199111325204e-14
8.971999999999999531e+00,3.349057142720823776e-14
8.974000000000000199e+00,3.389302727363485701e-14
8.976000000000000867e+00,3.554448402276477736e-14
8.977999999999999758e+00,3.567632300693901470e-14
8.980000000000000426e+00,3.772676615554360069e-14
8.981999999999999318e+00,3.909025880766137107e-14
8.983999999999999986e+00,3.908331991375746384e-14
8.986000000000000654e+00,3.285913208195267998e-14
8.987999999999999545e+00,3.036806917044998499e-14
8.990000000000000213e+00,3.420874694626263590e-14
8.992000000000000881e+00,3.630429290524261887e-14
8.993999999999999773e+00,3.640143741989732007e-14
8.996000000000000441e+00,3.765043832260062118e-14
8.997999999999999332e+00,3.575958973378590144e-14
9.000000000000000000e+00,3.651245972235983572e-14
9.002000000000000668e+00,3.696348782611380557e-14
9.003999999999999559e+00,3.725145192312595555e-14
9.006000000000000227e+00,3.542999227335030810e-14
9.008000000000000895e+00,3.654368474492741825e-14
9.009999999999999787e+00,3.397976344743369737e-14
9.012000000000000455e+00,3.461814168659316238e-14
9.013999999999999346e+00,3.527386716051239546e-14
9.016000000000000014e+00,3.681430160717980016e-14
9.018000000000000682e+00,3.766431611040843563e-14
9.019999999999999574e+00,3.864963904476326206e-14
9.022000000000000242e+00,3.181829799636659573e-14
9.024000000000000909e+00,3.318526009543631972e-14
9.025999999999999801e+00,2.969499646177098384e-14
9.028000000000000469e+00,3.485406407932600814e-14
9.029999999999999361e+00,3.649511248760006765e-14
9.032000000000000028e+00,3.732777975606893506e-14
9.034000000000000696e+00,3.771288836773578623e-14
9.035999999999999588e+00,3.592959263443162854e-14
9.038000000000000256e+00,3.678654603156417124e-14
9.040000000000000924e+00,4.129335762215191608e-14
9.041999999999999815e+00,3.458344721707362623e-14
9.044000000000000483e+00,3.517672264585769426e-14
9.045999999999999375e+00,3.657490976749500078e-14
9.048000000000000043e+00,3.406303017428058411e-14
9.050000000000000711e+00,3.466324449696855936e-14
9.051999999999999602e+00,3.611000387593321648e-14
9.054000000000000270e+00,3.617592336802033515e-14
9.056000000000000938e+00,4.155009669659648353e-14
9.057999999999999829e+00,3.487141131408577621e-14
9.060000000000000497e+00,3.310893226249334020e-14
9.061999999999999389e+00,3.285219318804877275e-14
9.064000000000000057e+00,3.748737431585880131e-14
9.066000000000000725e+00,3.597122599785507191e-14
9.067999999999999616e+00,3.649511248760006765e-14
9.070000000000000284e+00,3.724104358227009470e-14
9.072000000000000952e+00,3.476385845857521417e-14
9.073999999999999844e+00,3.187033970064589994e-14
9.076000000000000512e+00,3.637715129123364477e-14
9.077999999999999403e+00,3.313668783810896912e-14
9.080000000000000071e+00,3.139155602127630118e-14
9.082000000000000739e+00,3.534672554650342136e-14
9.083999999999999631e+00,3.699124340172943448e-14
9.086000000000000298e+00,3.395200787181806845e-14
9.088000000000000966e+00,3.547856453067765869e-14
9.089999999999999858e+00,3.557223959838040628e-14
9.092000000000000526e+00,3.677613769070831040e-14
9.093999999999999417e+00,3.861147512829177231e-14
9.096000000000000085e+00,3.895148092958322650e-14
9.098000000000000753e+00,3.293545991489565949e-14
9.099999999999999645e+00,3.358424649491098535e-14
9.102000000000000313e+00,3.012867733076518562e-14
9.104000000000000981e+00,3.497896416959633825e-14
9.105999999999999872e+00,3.666858483519774836e-14
9.108000000000000540e+00,3.789676905618932778e-14
9.109999999999999432e+00,3.490610578360531235e-14
9.112000000000000099e+00,3.655409308578327909e-14
9.114000000000000767e+00,4.053701818662602818e-14
9.115999999999999659e+00,3.036113027654607777e-14
9.118000000000000327e+00,3.452446661889041479e-14
9.120000000000000995e+00,4.359360095129716228e-14
9.121999999999999886e+00,3.310199336858943298e-14
9.124000000000000554e+00,3.876413079417773133e-14
9.125999999999999446e+00,3.134298376394895058e-14
9.128000000000000114e+00,3.668246262300556282e-14
9.130000000000000782e+00,3.706757123467241399e-14
9.131999999999999673e+00,3.818820260015343138e-14
9.134000000000000341e+00,3.190156472321348247e-14
9.136000000000001009e+00,3.281402927157728300e-14
9.137999999999999901e+00,3.350097976806409861e-14
9.140000000000000568e+00,3.430242201396538348e-14
9.141999999999999460e+00,3.556530070447649905e-14
9.144000000000000128e+00,3.649858193455202127e-14
9.146000000000000796e+00,3.847963614411753497e-14
9.147999999999999687e+00,3.536060333431123581e-14
9.150000000000000355e+00,3.536060333431123581e-14
9.152000000000001023e+00,3.742492427072363625e-14
9.153999999999999915e+00,3.405956072732863049e-14
9.156000000000000583e+00,3.579775365025739120e-14
9.157999999999999474e+00,3.992639552308219208e-14
9.160000000000000142e+00,3.388955782668290340e-14
9.162000000000000810e+00,3.788289126838151333e-14
9.163999999999999702e+00,3.197789255615646198e-14
9.166000000000000369e+00,3.663735981263016583e-14
9.168000000000001037e+00,3.781350232934244104e-14
9.169999999999999929e+00,3.793840241961277115e-14
9.172000000000000597e+00,3.258851521970029808e-14
9.173999999999999488e+00,2.902192375309198269e-14
9.176000000000000156e+00,2.955621858369283927e-14
9.178000000000000824e+00,3.532590886479169967e-14
9.179999999999999716e+00,3.559305628009212796e-14
9.182000000000000384e+00,4.044334311892328060e-14
9.184000000000001052e+00,3.393119119010634677e-14
9.185999999999999943e+00,3.591571484662381408e-14
9.188000000000000611e+00,4.048150703539477036e-14
9.189999999999999503e+00,3.699124340172943448e-14
9.192000000000000171e+00,3.462855002744902322e-14
9.194000000000000838e+00,3.581857033196911289e-14
9.195999999999999730e+00,3.669980985776533089e-14
9.198000000000000398e+00,3.393119119010634677e-14
9.200000000000001066e+00,3.864270015085935484e-14
9.201999999999999957e+00,3.534672554650342136e-14
9.204000000000000625e+00,3.662348202482235138e-14
9.205999999999999517e+00,3.799044412389207537e-14
9.208000000000000185e+00,3.150951721764272406e-14
9.210000000000000853e+00,3.204034260129162703e-14
9.211999999999999744e+00,3.354261313148754198e-14
9.214000000000000412e+00,3.357036870710317089e-14
9.216000000000001080e+00,3.845881946240581328e-14
9.217999999999999972e+00,3.727226860483767723e-14
9.220000000000000639e+00,3.351138810891995945e-14
9.221999999999999531e+00,3.410119409075207386e-14
9.224000000000000199e+00,3.607530940641368034e-14
9.226000000000000867e+00,3.609612608812540202e-14
9.227999999999999758e+00,3.717165464323102242e-14
9.230000000000000426e+00,3.478467514028693586e-14
9.231999999999999318e+00,3.246361512942996796e-14
9.233999999999999986e+00,3.301872664174254624e-14
9.236000000000000654e+00,3.371608547908522269e-14
9.237999999999999545e+00,3.123196146148643493e-14
9.240000000000000213e+00,3.589836761186404601e-14
9.242000000000000881e+00,3.340036580645744380e-14
9.243999999999999773e+00,3.778574675372681213e-14
9.246000000000000441e+00,3.890984756615978313e-14
9.247999999999999332e+00,3.608571774726954118e-14
9.250000000000000000e+00,3.397282455352979014e-14
9.252000000000000668e+00,3.420180805235872867e-14
9.253999999999999559e+00,3.569020079474682916e-14
9.256000000000000227e+00,3.300484885393473178e-14
9.258000000000000895e+00,3.751166044452247661e-14
9.259999999999999787e+00,3.156155892192202828e-14
9.262000000000000455e+00,3.174197016342361621e-14
9.263999999999999346e+00,3.620367894363596406e-14
9.266000000000000014e+00,3.759839661832131696e-14
9.268000000000000682e+00,3.940250903333719634e-14
9.269999999999999574e+00,3.666164594129384113e-14
9.272000000000000242e+00,3.373690216079694437e-14
9.274000000000000909e+00,3.332056852656251067e-14
9.275999999999999801e+00,3.596775655090311830e-14
9.278000000000000469e+00,3.645000967722467067e-14
9.279999999999999361e+00,4.141478826547029257e-14
9.282000000000000028e+00,3.851086116668511750e-14
9.284000000000000696e+00,3.907985046680551022e-14
9.285999999999999588e+00,3.327546571618711369e-14
9.288000000000000256e+00,3.043051921558515005e-14
9.290000000000000924e+00,3.478467514028693586e-14
9.291999999999999815e+00,3.568673134779487555e-14
9.294000000000000483e+00,3.658878755530281524e-14
9.295999999999999375e+00,3.794881076046863200e-14
9.298000000000000043e+00,3.917699498146021142e-14
9.300000000000000711e+00,3.619327060278010322e-14
9.301999999999999602e+00,3.680042381937198570e-14
9.304000000000000270e+00,4.242439732848879430e-14
9.306000000000000938e+00,3.227973444097642641e-14
9.307999999999999829e+00,3.575265083988199422e-14
9.310000000000000497e+00,2.988234659717647901e-14
9.311999999999999389e+00,3.457997777012167262e-14
9.314000000000000057e+00,3.526692826660848823e-14
9.316000000000000725e+00,3.984312879623530534e-14
9.317999999999999616e+00,3.863229181000349399e-14
9.320000000000000284e+00,4.142519660632615341e-14
9.322000000000000952e+00,3.236994006172722038e-14
9.323999999999999844e+00,3.688715999317082606e-14
9.326000000000000512e+00,3.396241621267392929e-14
9.327999999999999403e+00,3.545080895506202978e-14
9.330000000000000071e+00,3.940597848028914996e-14
9.332000000000000739e+00,3.751859933842638384e-14
9.333999999999999631e+00,3.403527459866495519e-14
9.336000000000000298e+00,3.595040931614335022e-14
9.338000000000000966e+00,3.604408438384609781e-14
9.339999999999999858e+00,3.394853842486611484e-14
9.342000000000000526e+00,3.439956652862008468e-14
9.343999999999999417e+00,3.530856163003193160e-14
9.346000000000000085e+00,3.254341240932490109e-14
9.348000000000000753e+00,3.366404377480591847e-14
9.349999999999999645e+00,3.428160533225366180e-14
9.352000000000000313e+00,3.508304757815494668e-14
9.354000000000000981e+00,3.761921330003303865e-14
9.355999999999999872e+00,3.759492717136936335e-14
9.358000000000000540e+00,3.915617829974848974e-14
9.359999999999999432e+00,3.226238720621665834e-14
9.362000000000000099e+00,3.027092465579528380e-14
9.364000000000000767e+00,3.406649962123253772e-14
9.365999999999999659e+00,3.489222799579749790e-14
9.368000000000000327e+00,4.046415980063500228e-14
9.370000000000000995e+00,3.705716289381655315e-14
9.371999999999999886e+00,3.450364993717869311e-14
9.374000000000000554e+00,3.929842562477858792e-14
9.375999999999999446e+00,3.744227150548340433e-14
9.378000000000000114e+00,3.364322709309419679e-14
9.380000000000000782e+00,3.458691666402557985e-14
9.381999999999999673e+00,3.580469254416129843e-14
9.384000000000000341e+00,3.357383815405512451e-14
9.386000000000001009e+00,3.354608257843949559e-14
9.387999999999999901e+00,3.455916108840995093e-14
9.390000000000000568e+00,3.667899317605360920e-14
9.391999999999999460e+00,3.731390196826112060e-14
9.394000000000000128e+00,3.824718319833664282e-14
9.396000000000000796e+00,3.466324449696855936e-14
9.397999999999999687e+00,3.333444631437032513e-14
9.400000000000000355e+00,3.363281875223833595e-14
9.402000000000001023e+00,3.042358032168124282e-14
9.403999999999999915e+00,3.937822290467352104e-14
9.406000000000000583e+00,3.997843722736149630e-14
9.407999999999999474e+00,4.187622471008012326e-14
9.410000000000000142e+00,3.531203107698388521e-14
9.412000000000000810e+00,3.619327060278010322e-14
9.413999999999999702e+00,3.239075674343894207e-14
9.416000000000000369e+00,3.480896126895061116e-14
9.418000000000001037e+00,3.487835020798968344e-14
9.419999999999999929e+00,3.648470414674420681e-14
9.422000000000000597e+00,3.316097396677264442e-14
9.423999999999999488e+00,3.429548312006147626e-14
9.426000000000000156e+00,3.505182255558736415e-14
9.428000000000000824e+00,3.655756253273523271e-14
9.429999999999999716e+00,3.747349652805098685e-14
9.432000000000000384e+00,4.212602489062078348e-14
9.434000000000001052e+00,3.229708167573619448e-14
9.435999999999999943e+00,3.247749291723778242e-14
9.438000000000000611e+00,3.414976634807942446e-14
9.439999999999999503e+00,3.128400316576573914e-14
9.442000000000000171e+00,3.556877015142845266e-14
9.444000000000000838e+00,3.694267114440208388e-14
9.445999999999999730e+00,3.752900767928224468e-14
9.448000000000000398e+00,3.552713678800500929e-14
9.450000000000001066e+00,3.591571484662381408e-14
9.451999999999999957e+00,3.742839371767558987e-14
9.454000000000000625e+00,3.420874694626263590e-14
9.455999999999999517e+00,3.570060913560269000e-14
9.458000000000000185e+00,4.033925971036467217e-14
9.460000000000000853e+00,3.326505737533125284e-14
9.461999999999999744e+00,3.470834730734395634e-14
9.464000000000000412e+00,3.504835310863541054e-14
9.466000000000001080e+00,3.773023560249555430e-14
9.467999999999999972e+00,4.161601618868360219e-14
9.470000000000000639e+00,3.863576125695544761e-14
9.471999999999999531e+00,3.542305337944640087e-14
9.474000000000000199e+00,3.326852682228320646e-14
9.476000000000000867e+00,3.508304757815494668e-14
9.477999999999999758e+00,3.473263343600763164e-14
9.480000000000000426e+00,3.638755963208950561e-14
9.481999999999999318e+00,4.002700948468884690e-14
9.483999999999999986e+00,3.540223669773467918e-14
9.486000000000000654e+00,3.459385555792948708e-14
9.487999999999999545e+00,3.681777105413175377e-14
9.490000000000000213e+00,3.387568003887508894e-14
9.492000000000000881e+00,3.485059463237405453e-14
9.493999999999999773e+00,3.133257542309308974e-14
9.496000000000000441e+00,3.306036000516598961e-14
9.497999999999999332e+00,3.346628529854456247e-14
9.500000000000000000e+00,3.445854712680329612e-14
9.502000000000000668e+00,3.549591176543742677e-14
9.503999999999999559e+00,3.680389326632393932e-14
9.506000000000000227e+00,3.445160823289938890e-14
9.508000000000000895e+00,3.865657793866716929e-14
9.509999999999999787e+00,2.858824288409778092e-14
9.512000000000000455e+00,3.367792156261373293e-14
9.513999999999999346e+00,3.746655763414707963e-14
9.516000000000000014e+00,3.178360352684705958e-14
9.518000000000000682e+00,3.546468674286984424e-14
9.519999999999999574e+00,3.739716869510800734e-14
9.522000000000000242e+00,3.854555563620465364e-14
9.524000000000000909e+00,3.612735111069298455e-14
9.525999999999999801e+00,3.599898157347070082e-14
9.528000000000000469e+00,3.736941311949237843e-14
9.529999999999999361e+00,3.523917269099285932e-14
9.532000000000000028e+00,3.514896707024206535e-14
9.534000000000000696e+00,3.360159372967075342e-14
9.535999999999999588e+00,3.324424069361953116e-14
9.538000000000000256e+00,3.513161983548229728e-14
9.540000000000000924e+00,3.603367604299023697e-14
9.541999999999999815e+00,3.354608257843949559e-14
9.544000000000000483e+00,3.733471864997284229e-14
9.545999999999999375e+00,3.895495037653518011e-14
9.548000000000000043e+00,3.301872664174254624e-14
9.550000000000000711e+00,3.345934640464065524e-14
9.551999999999999602e+00,3.486794186713382260e-14
9.554000000000000270e+00,3.177666463294315236e-14
9.556000000000000938e+00,2.868191795180052850e-14
9.557999999999999829e+00,3.701206008344115617e-14
9.560000000000000497e+00,3.102726409132117169e-14
9.561999999999999389e+00,3.918740332231607226e-14
9.564000000000000057e+00,3.725145192312595555e-14
9.566000000000000725e+00,4.179642743018519013e-14
9.567999999999999616e+00,3.559305628009212796e-14
9.570000000000000284e+00,3.632857903390629417e-14
9.572000000000000952e+00,2.899069873052440016e-14
9.573999999999999844e+00,3.068725829002971750e-14
9.576000000000000512e+00,3.203340370738771981e-14
9.577999999999999403e+00,3.979455653890795475e-14
9.580000000000000071e+00,3.735206588473261036e-14
9.582000000000000739e+00,3.866351683257107652e-14
9.583999999999999631e+00,3.539182835687881834e-14
9.586000000000000298e+00,3.671715709252509896e-14
9.588000000000000966e+00,3.761227440612913142e-14
9.589999999999999858e+00,3.512121149462643643e-14
9.592000000000000526e+00,3.977373985719623306e-14
9.593999999999999417e+00,3.699124340172943448e-14
9.596000000000000085e+00,3.811187476721045186e-14
9.598000000000000753e+00,3.462855002744902322e-14
9.599999999999999645e+00,3.627653732962698996e-14
9.602000000000000313e+00,3.321648511800390224e-14
9.604000000000000981e+00,3.471875564819981719e-14
9.605999999999999872e+00,3.539876725078272557e-14
9.608000000000000540e+00,3.954128691141534091e-14
9.609999999999999432e+00,3.276892646120188601e-14
9.612000000000000099e+00,3.897923650519885541e-14
9.614000000000000767e+00,3.546468674286984424e-14
9.615999999999999659e+00,3.684205718279542907e-14
9.618000000000000327e+00,3.780309398848658020e-14
9.620000000000000995e+00,4.220929161746767022e-14
9.621999999999999886e+00,3.230055112268814810e-14
9.624000000000000554e+00,2.943131849342250916e-14
9.625999999999999446e+00,3.800085246474793621e-14
9.628000000000000114e+00,3.455569164145799732e-14
9.630000000000000782e+00,3.612041221678907732e-14
9.631999999999999673e+00,3.710920459809585736e-14
9.634000000000000341e+00,3.364322709309419679e-14
9.636000000000001009e+00,3.600938991432656167e-14
9.637999999999999901e+00,3.561387296180384965e-14
9.640000000000000568e+00,3.702246842429701701e-14
9.641999999999999460e+00,3.479508348114279670e-14
9.644000000000000128e+00,3.584632590758474180e-14
9.646000000000000796e+00,3.349057142720823776e-14
9.647999999999999687e+00,3.702593787124897062e-14
9.650000000000000355e+00,3.456956942926581178e-14
9.652000000000001023e+00,3.635633460952192308e-14
9.653999999999999915e+00,3.671368764557314535e-14
9.656000000000000583e+00,3.762962164088889949e-14
9.657999999999999474e+00,3.543346172030226171e-14
9.660000000000000142e+00,3.295627659660738118e-14
9.662000000000000810e+00,3.314709617896482996e-14
9.663999999999999702e+00,3.394506897791416122e-14
9.666000000000000369e+00,3.541958393249444725e-14
9.668000000000001037e+00,3.272382365082648903e-14
9.669999999999999929e+00,3.714042962066343989e-14
9.672000000000000597e+00,3.401792736390518712e-14
9.673999999999999488e+00,3.626612898877112912e-14
9.676000000000000156e+00,4.037395417988420832e-14
9.678000000000000824e+00,3.733124920302088867e-14
9.679999999999999716e+00,3.088501676629107351e-14
9.682000000000000384e+00,3.638409018513755200e-14
9.684000000000001052e+00,3.246708457638192158e-14
9.685999999999999943e+00,3.446548602070720335e-14
9.688000000000000611e+00,3.434058593043687324e-14
9.689999999999999503e+00,3.603714548994219058e-14
9.692000000000000171e+00,3.697736561392162002e-14
9.694000000000000838e+00,3.826106098614445727e-14
9.695999999999999730e+00,3.139155602127630118e-14
9.698000000000000398e+00,3.635286516256996947e-14
9.700000000000001066e+00,3.381669944069187750e-14
9.701999999999999957e+00,3.484712518542210091e-14
9.704000000000000625e+00,3.546121729591789062e-14
9.705999999999999517e+00,3.706410178772046038e-14
9.708000000000000185e+00,4.101233241904367333e-14
9.710000000000000853e+00,3.492345301836508042e-14
9.711999999999999744e+00,3.665123760043798029e-14
9.714000000000000412e+00,3.293545991489565949e-14
9.716000000000001080e+00,3.811534421416240548e-14
9.717999999999999972e+00,3.477426679943107501e-14
9.720000000000000639e+00,3.614122889850079900e-14
9.721999999999999531e+00,3.329975184485078898e-14
9.724000000000000199e+00,3.906250323204574215e-14
9.726000000000000867e+00,3.485059463237405453e-14
9.727999999999999758e+00,3.727226860483767723e-14
9.730000000000000426e+00,3.659919589615867608e-14
9.731999999999999318e+00,3.467712228477637382e-14
9.733999999999999986e+00,3.987435381880288787e-14
9.736000000000000654e+00,3.323730179971562393e-14
9.737999999999999545e+00,3.380976054678797027e-14
9.740000000000000213e+00,3.456263053536190455e-14
9.742000000000000881e+00,3.601285936127851528e-14
9.743999999999999773e+00,3.658531810835086162e-14
9.746000000000000441e+00,3.454875274755409009e-14
9.747999999999999332e+00,3.462855002744902322e-14
9.750000000000000000e+00,3.623837341315550020e-14
9.752000000000000668e+00,3.632510958695434056e-14
9.753999999999999559e+00,3.470140841344004912e-14
9.756000000000000227e+00,3.562081185570775688e-14
9.758000000000000895e+00,3.283484595328900468e-14
9.759999999999999787e+00,3.681430160717980016e-14
9.762000000000000455e+00,3.447242491461111058e-14
9.763999999999999346e+00,3.627653732962698996e-14
9.766000000000000014e+00,3.662695147177430499e-14
9.768000000000000682e+00,3.759492717136936335e-14
9.769999999999999574e+00,3.542652282639835448e-14
9.772000000000000242e+00,3.590183705881599963e-14
9.774000000000000909e+00,3.268565973435499927e-14
9.775999999999999801e+00,3.818820260015343138e-14
9.778000000000000469e+00,3.495814748788461657e-14
9.779999999999999361e+00,3.638755963208950561e-14
9.782000000000000028e+00,3.725145192312595555e-14
9.784000000000000696e+00,3.453834440669822925e-14
9.785999999999999588e+00,3.565203687827533940e-14
9.788000000000000256e+00,3.210279264642679209e-14
9.790000000000000924e+00,3.810146642635459102e-14
9.791999999999999815e+00,3.439262763471617745e-14
9.794000000000000483e+00,3.530856163003193160e-14
9.795999999999999375e+00,3.232136780439986978e-14
9.798000000000000043e+00,3.400751902304932628e-14
9.800000000000000711e+00,3.493386135922094127e-14
9.801999999999999602e+00,3.275851812034602517e-14
9.804000000000000270e+00,3.996455943955368184e-14
9.806000000000000938e+00,3.799738301779598260e-14
9.807999999999999829e+00,3.595040931614335022e-14
9.810000000000000497e+00,3.278974314291360770e-14
9.811999999999999389e+00,3.323383235276367031e-14
9.814000000000000057e+00,3.474651122381544610e-14
9.816000000000000725e+00,3.540223669773467918e-14
9.817999999999999616e+00,3.630776235219457249e-14
9.820000000000000284e+00,4.074865445069519865e-14
9.822000000000000952e+00,3.467712228477637382e-14
9.823999999999999844e+00,3.179054242075096681e-14
9.826000000000000512e+00,3.640837631380122730e-14
9.827999999999999403e+00,3.724104358227009470e-14
9.830000000000000071e+00,3.540570614468663280e-14
9.832000000000000739e+00,3.626959843572308273e-14
9.833999999999999631e+00,3.648817359369616042e-14
9.836000000000000298e+00,3.425384975663803289e-14
9.838000000000000966e+00,3.176972573903924513e-14
9.839999999999999858e+00,3.561040351485189603e-14
9.842000000000000526e+00,3.718206298408688326e-14
9.843999999999999417e+00,3.838596107641478739e-14
9.846000000000000085e+00,3.549938121238938038e-14
9.848000000000000753e+00,3.241504287210261737e-14
9.849999999999999645e+00,3.408384685599230579e-14
9.852000000000000313e+00,3.567979245389096832e-14
9.854000000000000981e+00,3.575265083988199422e-14
9.855999999999999872e+00,3.969047313034934632e-14
9.858000000000000540e+00,3.049990815462422233e-14
9.859999999999999432e+00,3.499284195740415271e-14
9.862000000000000099e+00,3.985700658404311980e-14
9.864000000000000767e+00,3.327199626923516007e-14
9.865999999999999659e+00,4.187969415703207687e-14
9.868000000000000327e+00,3.157890615668179635e-14
9.870000000000000995e+00,3.638062073818559838e-14
9.871999999999999886e+00,3.397976344743369737e-14
9.874000000000000554e+00,3.106889745474461506e-14
9.875999999999999446e+00,3.457997777012167262e-14
9.878000000000000114e+00,3.620714839058791767e-14
9.880000000000000782e+00,3.716471574932711519e-14
9.881999999999999673e+00,3.857331121182028255e-14
9.884000000000000341e+00,3.639796797294536645e-14
9.886000000000001009e+00,3.634245682171410863e-14
9.887999999999999901e+00,3.421915528711849674e-14
9.890000000000000568e+00,3.516631430500183342e-14
9.891999999999999460e+00,3.596775655090311830e-14
9.894000000000000128e+00,3.740757703596386818e-14
9.896000000000000796e+00,3.371608547908522269e-14
9.897999999999999687e+00,3.535366444040732858e-14
9.900000000000000355e+00,3.624184286010745382e-14
9.902000000000001023e+00,3.691838501573840858e-14
9.903999999999999915e+00,4.128294928129605523e-14
9.906000000000000583e+00,3.577346752159371590e-14
9.907999999999999474e+00,2.937927678914320495e-14
9.910000000000000142e+00,3.364322709309419679e-14
9.912000000000000810e+00,3.411854132551184193e-14
9.913999999999999702e+00,3.563122019656361772e-14
9.916000000000000369e+00,3.721328800665446579e-14
9.918000000000001037e+00,3.772676615554360069e-14
9.919999999999999929e+00,3.883005028626485000e-14
9.922000000000000597e+00,3.972863704682083608e-14
9.923999999999999488e+00,3.332403797351446428e-14
9.926000000000000156e+00,3.456609998231385816e-14
9.928000000000000824e+00,3.571448692341050446e-14
9.929999999999999716e+00,3.575612028683394783e-14
9.932000000000000384e+00,3.759145772441740974e-14
9.934000000000001052e+00,3.451058883108260034e-14
9.935999999999999943e+00,3.540223669773467918e-14
9.938000000000000611e+00,3.619327060278010322e-14
9.939999999999999503e+00,3.759492717136936335e-14
9.942000000000000171e+00,3.467018339087246659e-14
9.944000000000000838e+00,3.607183995946172672e-14
9.945999999999999730e+00,3.277586535510579324e-14
9.948000000000000398e+00,3.358771594186293896e-14
9.950000000000001066e+00,3.464936670916074490e-14
9.951999999999999957e+00,3.563468964351557133e-14
9.954000000000000625e+00,3.331362963265860344e-14
9.955999999999999517e+00,3.822289706967296752e-14
9.958000000000000185e+00,3.520794766842527679e-14
9.960000000000000853e+00,4.042946533111546614e-14
9.961999999999999744e+00,2.915723218421817364e-14
9.964000000000000412e+00,3.805983306293114765e-14
9.966000000000001080e+00,3.538835890992686473e-14
9.967999999999999972e+00,3.672756543338095980e-14
9.970000000000000639e+00,4.109559914589056007e-14
9.971999999999999531e+00,3.146441440726732708e-14
9.974000000000000199e+00,3.254341240932490109e-14
9.976000000000000867e+00,3.965577866082981018e-14
9.977999999999999758e+00,3.401792736390518712e-14
9.980000000000000426e+00,3.915617829974848974e-14
9.982000000000001094e+00,3.565550632522729302e-14
9.983999999999999986e+00,3.429548312006147626e-14
9.986000000000000654e+00,3.285219318804877275e-14
9.987999999999999545e+00,3.567632300693901470e-14
9.990000000000000213e+00,3.626265954181917550e-14
9.992000000000000881e+00,3.713696017371148628e-14
9.993999999999999773e+00,3.849004448497339581e-14
9.996000000000000441e+00,3.217218158546586437e-14
9.997999999999999332e+00,3.277586535510579324e-14
1.000000000000000000e+01,3.335179354913009320e-14
1.000200000000000067e+01,3.857678065877223617e-14
1.000399999999999956e+01,3.593653152833553577e-14
1.000600000000000023e+01,3.787942182142955971e-14
1.000800000000000090e+01,3.336220188998595404e-14
1.000999999999999979e+01,3.131869763528527528e-14
1.001200000000000045e+01,3.634592626866606224e-14
1.001399999999999935e+01,3.320260733019608779e-14
1.001600000000000001e+01,3.785513569276588441e-14
1.001800000000000068e+01,3.539876725078272557e-14
1.001999999999999957e+01,3.626265954181917550e-14
1.002200000000000024e+01,3.683858773584347546e-14
1.002400000000000091e+01,3.503100587387564246e-14
1.002599999999999980e+01,3.594347042223944300e-14
1.002800000000000047e+01,3.671021819862119173e-14
1.002999999999999936e+01,3.788289126838151333e-14
1.003200000000000003e+01,3.831657213737571510e-14
1.003400000000000070e+01,3.231789835744791617e-14
1.003599999999999959e+01,3.354261313148754198e-14
1.003800000000000026e+01,3.338995746560158295e-14
1.004000000000000092e+01,3.149216998288295599e-14
1.004199999999999982e+01,3.595387876309530384e-14
1.004400000000000048e+01,3.655756253273523271e-14
1.004599999999999937e+01,3.866004738561912291e-14
1.004800000000000004e+01,3.522529490318504486e-14
1.005000000000000071e+01,3.638409018513755200e-14
1.005199999999999960e+01,3.679348492546807847e-14
1.005400000000000027e+01,3.498243361654829187e-14
1.005600000000000094e+01,3.258851521970029808e-14
1.005799999999999983e+01,3.201258702567599812e-14
1.006000000000000050e+01,3.353914368453558836e-14
1.006199999999999939e+01,3.454875274755409009e-14
1.006400000000000006e+01,3.945108129066454694e-14
1.006600000000000072e+01,3.720981855970251218e-14
1.006799999999999962e+01,4.085620730620576069e-14
1.007000000000000028e+01,3.990210939441851679e-14
1.007200000000000095e+01,3.204381204824358065e-14
1.007399999999999984e+01,3.402486625780909435e-14
1.007600000000000051e+01,3.421221639321458952e-14
1.007799999999999940e+01,3.149216998288295599e-14
1.008000000000000007e+01,3.650205138150397488e-14
1.008200000000000074e+01,3.736594367254042481e-14
1.008399999999999963e+01,3.463201947440097683e-14
1.008600000000000030e+01,3.535019499345537497e-14
1.008800000000000097e+01,3.661307368396649053e-14
1.008999999999999986e+01,3.804248582817137958e-14
1.009200000000000053e+01,4.126907149348824078e-14
1.009399999999999942e+01,3.665470704738993390e-14
1.009600000000000009e+01,3.336567133693790765e-14
1.009800000000000075e+01,3.433711648348491963e-14
1.009999999999999964e+01,3.436834150605250215e-14
1.010200000000000031e+01,3.270994586301867457e-14
1.010400000000000098e+01,3.634939571561801586e-14
1.010599999999999987e+01,3.816391647148975608e-14
1.010800000000000054e+01,3.507957813120299306e-14
1.010999999999999943e+01,3.709185736333608929e-14
1.011200000000000010e+01,3.370914658518131546e-14
1.011400000000000077e+01,3.042358032168124282e-14
1.011599999999999966e+01,3.487835020798968344e-14
1.011800000000000033e+01,3.752553823233029107e-14
1.012000000000000099e+01,3.750819099757052300e-14
1.012199999999999989e+01,3.509345591901080752e-14
1.012400000000000055e+01,3.621061783753987129e-14
1.012599999999999945e+01,3.261627079531592699e-14
1.012800000000000011e+01,3.787942182142955971e-14
1.013000000000000078e+01,3.844841112154995244e-14
1.013199999999999967e+01,4.015537902191113062e-14
1.013400000000000034e+01,3.413935800722356362e-14
1.013600000000000101e+01,3.404915238647276965e-14
1.013799999999999990e+01,3.961414529740636681e-14
1.014000000000000057e+01,3.585326480148864903e-14
1.014199999999999946e+01,4.144601328803787510e-14
1.014400000000000013e+01,3.857678065877223617e-14
1.014600000000000080e+01,3.223810107755298304e-14
1.014799999999999969e+01,3.284525429414486553e-14
1.015000000000000036e+01,3.337607967779376850e-14
1.015200000000000102e+01,3.177319518599119874e-14
1.015399999999999991e+01,3.925332281440319093e-14
1.015600000000000058e+01,3.693226280354622304e-14
1.015799999999999947e+01,3.418446081759896060e-14
1.016000000000000014e+01,3.538488946297491111e-14
1.016200000000000081e+01,3.630776235219457249e-14
1.016399999999999970e+01,3.323383235276367031e-14
1.016600000000000037e+01,3.419139971150286783e-14
1.016800000000000104e+01,3.182870633722245657e-14
1.016999999999999993e+01,3.261974024226788060e-14
1.017200000000000060e+01,3.273770143863430349e-14
1.017399999999999949e+01,3.399017178828955821e-14
1.017600000000000016e+01,3.603020659603828335e-14
1.017800000000000082e+01,3.633204848085824779e-14
1.017999999999999972e+01,3.760186606527327058e-14
1.018200000000000038e+01,3.844147222764604521e-14
1.018400000000000105e+01,3.597469544480702552e-14
1.018599999999999994e+01,3.744227150548340433e-14
1.018800000000000061e+01,3.483324739761428646e-14
1.018999999999999950e+01,3.512468094157839005e-14
1.019200000000000017e+01,3.645347912417662428e-14
1.019400000000000084e+01,3.730349362740525976e-14
1.019599999999999973e+01,3.403527459866495519e-14
1.019800000000000040e+01,3.588102037710427794e-14
1.020000000000000107e+01,3.642919299551294898e-14
1.020199999999999996e+01,3.696695727306575918e-14
1.020400000000000063e+01,3.914576995889262889e-14
1.020599999999999952e+01,3.484018629151819368e-14
1.020800000000000018e+01,3.384792446325946003e-14
1.021000000000000085e+01,3.357730760100707812e-14
1.021199999999999974e+01,3.870861964294647350e-14
1.021400000000000041e+01,3.896882816434299457e-14
1.021600000000000108e+01,4.440892098500626162e-14
1.021799999999999997e+01,3.486447242018186898e-14
1.022000000000000064e+01,3.229361222878424087e-14
1.022199999999999953e+01,3.173156182256775537e-14
1.022400000000000020e+01,2.955621858369283927e-14
1.022600000000000087e+01,3.383751612240359918e-14
1.022799999999999976e+01,3.553407568190891652e-14
1.023000000000000043e+01,3.641878465465708814e-14
1.023200000000000109e+01,3.743186316462754348e-14
1.023399999999999999e+01,3.486447242018186898e-14
1.023600000000000065e+01,3.930883396563444876e-14
1.023799999999999955e+01,3.713002127980757905e-14
1.024000000000000021e+01,3.406303017428058411e-14
1.024200000000000088e+01,3.494426970007680211e-14
1.024399999999999977e+01,3.622102617839573213e-14
1.024600000000000044e+01,3.273076254473039626e-14
1.024799999999999933e+01,3.395894676572197568e-14
1.025000000000000000e+01,3.516631430500183342e-14
1.025200000000000067e+01,3.962455363826222765e-14
1.025399999999999956e+01,3.315750451982069080e-14
1.025600000000000023e+01,3.859065844658005062e-14
1.025800000000000090e+01,3.614122889850079900e-14
1.025999999999999979e+01,3.194319808663692584e-14
1.026200000000000045e+01,2.984765212765694287e-14
1.026399999999999935e+01,3.480549182199865754e-14
1.026600000000000001e+01,3.549591176543742677e-14
1.026800000000000068e+01,3.340383525340939741e-14
1.026999999999999957e+01,3.676225990290049594e-14
1.027200000000000024e+01,3.899311429300666987e-14
1.027400000000000091e+01,3.231789835744791617e-14
1.027599999999999980e+01,3.748390486890684770e-14
1.027800000000000047e+01,3.759492717136936335e-14
1.027999999999999936e+01,3.896535871739104095e-14
1.028200000000000003e+01,3.671021819862119173e-14
1.028400000000000070e+01,3.350444921501605222e-14
1.028599999999999959e+01,3.414282745417551723e-14
1.028800000000000026e+01,3.574918139293004060e-14
1.029000000000000092e+01,3.285913208195267998e-14
1.029199999999999982e+01,3.721328800665446579e-14
1.029400000000000048e+01,3.889596977835196867e-14
1.029599999999999937e+01,3.877800858198554579e-14
1.029800000000000004e+01,2.964642420444363324e-14
1.030000000000000071e+01,3.427813588530170819e-14
1.030199999999999960e+01,3.777880785982290490e-14
1.030400000000000027e+01,3.908678936070941745e-14
1.030600000000000094e+01,3.737635201339628566e-14
1.030799999999999983e+01,3.438221929386031661e-14
1.031000000000000050e+01,4.205663595158171120e-14
1.031199999999999939e+01,3.352179644977582029e-14
1.031400000000000006e+01,3.736594367254042481e-14
1.031600000000000072e+01,3.370914658518131546e-14
1.031799999999999962e+01,3.578734530940153036e-14
1.032000000000000028e+01,3.352179644977582029e-14
1.032200000000000095e+01,3.316097396677264442e-14
1.032399999999999984e+01,3.420180805235872867e-14
1.032600000000000051e+01,3.602673714908632974e-14
1.032799999999999940e+01,3.235606227391940592e-14
1.033000000000000007e+01,3.811187476721045186e-14
1.033200000000000074e+01,3.846575835630972051e-14
1.033399999999999963e+01,3.243585955381433905e-14
1.033600000000000030e+01,3.425731920358998650e-14
1.033800000000000097e+01,3.386874114497118171e-14
1.033999999999999986e+01,3.525305047880067377e-14
1.034200000000000053e+01,3.612735111069298455e-14
1.034399999999999942e+01,3.287994876366440167e-14
1.034600000000000009e+01,3.446548602070720335e-14
1.034800000000000075e+01,3.477079735247912140e-14
1.034999999999999964e+01,3.718900187799079049e-14
1.035200000000000031e+01,3.688022109926691883e-14
1.035400000000000098e+01,3.896882816434299457e-14
1.035599999999999987e+01,3.577693696854566952e-14
1.035800000000000054e+01,3.316097396677264442e-14
1.035999999999999943e+01,3.418099137064700699e-14
1.036200000000000010e+01,3.491998357141312681e-14
1.036400000000000077e+01,3.634592626866606224e-14
1.036599999999999966e+01,3.667552372910165559e-14
1.036800000000000033e+01,3.790370795009323501e-14
1.037000000000000099e+01,3.536407278126318943e-14
1.037199999999999989e+01,3.675185156204463510e-14
1.037400000000000055e+01,3.358077704795903173e-14
1.037599999999999945e+01,3.464936670916074490e-14
1.037800000000000011e+01,3.114522528768759457e-14
1.038000000000000078e+01,3.604408438384609781e-14
1.038199999999999967e+01,3.781697177629439466e-14
1.038400000000000034e+01,3.463201947440097683e-14
1.038600000000000101e+01,3.550978955324524122e-14
1.038799999999999990e+01,3.657837921444695439e-14
1.039000000000000057e+01,3.819167204710538499e-14
1.039199999999999946e+01,3.472916398905567803e-14
1.039400000000000013e+01,3.619327060278010322e-14
1.039600000000000080e+01,3.349751032111214499e-14
1.039799999999999969e+01,3.410813298465598109e-14
1.040000000000000036e+01,3.493733080617289488e-14
1.040200000000000102e+01,3.655409308578327909e-14
1.040399999999999991e+01,4.104008799465930224e-14
1.040600000000000058e+01,3.459732500488144069e-14
1.040799999999999947e+01,3.590530650576795324e-14
1.041000000000000014e+01,3.693573225049817665e-14
1.041200000000000081e+01,2.983724378680108202e-14
1.041399999999999970e+01,3.154074224021030659e-14
1.041600000000000037e+01,3.873984466551405603e-14
1.041800000000000104e+01,3.340036580645744380e-14
1.041999999999999993e+01,3.372996326689303714e-14
1.042200000000000060e+01,3.440303597557203830e-14
1.042399999999999949e+01,3.604061493689414419e-14
1.042600000000000016e+01,3.269259862825890650e-14
1.042800000000000082e+01,3.763656053479280672e-14
1.042999999999999972e+01,3.959332861569464512e-14
1.043200000000000038e+01,3.601285936127851528e-14
1.043400000000000105e+01,3.344893806378479439e-14
1.043599999999999994e+01,3.400058012914541905e-14
1.043800000000000061e+01,3.575958973378590144e-14
1.043999999999999950e+01,3.668940151690947005e-14
1.044200000000000017e+01,3.771982726163969346e-14
1.044400000000000084e+01,3.903821710338206685e-14
1.044599999999999973e+01,3.627306788267503634e-14
1.044800000000000040e+01,3.667205428214970198e-14
1.045000000000000107e+01,3.380282165288406304e-14
1.045199999999999996e+01,3.901393097471839155e-14
1.045400000000000063e+01,3.970435091815716078e-14
1.045599999999999952e+01,4.077641002631082756e-14
1.045800000000000018e+01,3.472916398905567803e-14
1.046000000000000085e+01,3.548897287153351954e-14
1.046199999999999974e+01,3.654368474492741825e-14
1.046400000000000041e+01,3.350444921501605222e-14
1.046600000000000108e+01,3.066991105526994943e-14
1.046799999999999997e+01,3.148176164202709515e-14
1.047000000000000064e+01,2.928907116839241098e-14
1.047199999999999953e+01,3.339689635950549018e-14
1.047400000000000020e+01,3.404915238647276965e-14
1.047600000000000087e+01,3.586020369539255626e-14
1.047799999999999976e+01,3.760880495917717781e-14
1.048000000000000043e+01,3.802166914645965790e-14
1.048200000000000109e+01,3.814656923672998801e-14
1.048399999999999999e+01,3.659572644920672246e-14
1.048600000000000065e+01,3.383751612240359918e-14
1.048799999999999955e+01,3.408384685599230579e-14
1.049000000000000021e+01,3.531896997088779244e-14
1.049200000000000088e+01,4.017966515057480592e-14
1.049399999999999977e+01,3.768513279212015732e-14
1.049600000000000044e+01,3.496161693483657018e-14
1.049799999999999933e+01,3.591571484662381408e-14
1.050000000000000000e+01,3.635633460952192308e-14
1.050200000000000067e+01,3.782391067019830189e-14
1.050399999999999956e+01,3.864963904476326206e-14
1.050600000000000023e+01,3.153033389935444575e-14
1.050800000000000090e+01,3.003500226306243803e-14
1.050999999999999979e+01,3.375771884250866606e-14
1.051200000000000045e+01,3.473610288295958526e-14
1.051399999999999935e+01,3.585326480148864903e-14
1.051600000000000001e+01,4.128641872824800885e-14
1.051800000000000068e+01,3.479855292809475031e-14
1.051999999999999957e+01,3.867392517342693736e-14
1.052200000000000024e+01,3.611347332288517009e-14
1.052400000000000091e+01,3.372649381994108353e-14
1.052599999999999980e+01,3.384098556935555280e-14
1.052800000000000047e+01,3.632857903390629417e-14
1.052999999999999936e+01,3.615510668630861346e-14
1.053200000000000003e+01,3.364669654004615040e-14
1.053400000000000070e+01,3.513508928243425089e-14
1.053599999999999959e+01,3.143665883165169816e-14
1.053800000000000026e+01,3.668940151690947005e-14
1.054000000000000092e+01,3.868433351428279821e-14
1.054199999999999982e+01,3.470140841344004912e-14
1.054400000000000048e+01,3.634245682171410863e-14
1.054599999999999937e+01,3.340730470036135102e-14
1.054800000000000004e+01,3.058317488147110907e-14
1.055000000000000071e+01,3.480202237504670393e-14
1.055199999999999960e+01,3.575612028683394783e-14
1.055400000000000027e+01,3.839636941727064823e-14
1.055600000000000094e+01,3.830269434956790064e-14
1.055799999999999983e+01,3.264055692397960229e-14
1.056000000000000050e+01,3.626959843572308273e-14
1.056199999999999939e+01,3.703634621210483147e-14
1.056400000000000006e+01,3.487835020798968344e-14
1.056600000000000072e+01,3.993333441698609931e-14
1.056799999999999962e+01,3.713696017371148628e-14
1.057000000000000028e+01,3.816391647148975608e-14
1.057200000000000095e+01,4.197683867168677807e-14
1.057399999999999984e+01,3.351138810891995945e-14
1.057600000000000051e+01,3.691144612183450135e-14
1.057799999999999940e+01,3.428854422615756903e-14
1.058000000000000007e+01,3.968006478949348548e-14
1.058200000000000074e+01,2.828293155232586287e-14
1.058399999999999963e+01,3.282790705938509745e-14
1.058600000000000030e+01,3.412894966636770278e-14
1.058800000000000097e+01,3.583938701368083457e-14
1.058999999999999986e+01,3.315750451982069080e-14
1.059200000000000053e+01,3.792105518485300308e-14
1.059399999999999942e+01,3.894107258872736566e-14
1.059600000000000009e+01,3.553060623495696291e-14
1.059800000000000075e+01,3.663389036567821222e-14
1.059999999999999964e+01,3.430589146091733710e-14
1.060200000000000031e+01,3.554448402276477736e-14
1.060400000000000098e+01,3.546815618982179785e-14
1.060599999999999987e+01,3.739716869510800734e-14
1.060800000000000054e+01,3.491304467750921958e-14
1.060999999999999943e+01,3.181482854941464211e-14
1.061200000000000010e+01,3.637715129123364477e-14
1.061400000000000077e+01,3.319913788324413417e-14
1.061599999999999966e+01,3.851433061363707111e-14
1.061800000000000033e+01,3.275157922644211794e-14
1.062000000000000099e+01,3.259892356055615892e-14
1.062199999999999989e+01,3.364669654004615040e-14
1.062400000000000055e+01,3.512121149462643643e-14
1.062599999999999945e+01,3.560346462094798881e-14
1.062800000000000011e+01,3.710573515114390375e-14
1.063000000000000078e+01,3.781003288239048743e-14
1.063199999999999967e+01,3.508651702510690029e-14
1.063400000000000034e+01,4.020742072619043483e-14
1.063600000000000101e+01,3.361894096443052149e-14
1.063799999999999990e+01,3.401445791695323351e-14
1.064000000000000057e+01,3.630776235219457249e-14
1.064199999999999946e+01,3.590877595271990685e-14
1.064400000000000013e+01,4.165418010515509195e-14
1.064600000000000080e+01,3.480896126895061116e-14
1.064799999999999969e+01,3.619327060278010322e-14
1.065000000000000036e+01,3.632857903390629417e-14
1.065200000000000102e+01,3.425731920358998650e-14
1.065399999999999991e+01,3.469446951953614189e-14
1.065600000000000058e+01,3.623837341315550020e-14
1.065799999999999947e+01,3.689409888707473328e-14
1.066000000000000014e+01,3.786901348057369887e-14
1.066200000000000081e+01,3.450018049022673949e-14
1.066399999999999970e+01,3.624184286010745382e-14
1.066600000000000037e+01,3.766431611040843563e-14
1.066800000000000104e+01,3.120420588587080601e-14
1.066999999999999993e+01,3.858025010572418978e-14
1.067200000000000060e+01,2.961519918187605072e-14
1.067399999999999949e+01,3.406996906818449133e-14
1.067600000000000016e+01,3.437181095300445577e-14
1.067800000000000082e+01,3.520100877452136956e-14
1.067999999999999972e+01,3.617939281497228876e-14
1.068200000000000038e+01,3.429548312006147626e-14
1.068400000000000105e+01,3.453834440669822925e-14
1.068599999999999994e+01,3.604755383079805142e-14
1.068800000000000061e+01,3.244279844771824628e-14
1.068999999999999950e+01,3.830616379651985426e-14
1.069200000000000017e+01,3.538142001602295750e-14
1.069400000000000084e+01,3.624531230705940743e-14
1.069599999999999973e+01,3.382016888764383111e-14
1.069800000000000040e+01,3.437874984690836300e-14
1.070000000000000107e+01,3.524958103184872016e-14
1.070199999999999996e+01,3.215136490375414269e-14
1.070400000000000063e+01,3.772329670859164708e-14
1.070599999999999952e+01,3.506223089644322499e-14
1.070800000000000018e+01,3.984659824318725896e-14
1.071000000000000085e+01,4.054742652748188902e-14
1.071199999999999974e+01,3.395547731877002207e-14
1.071400000000000041e+01,3.927760894306686623e-14
1.071600000000000108e+01,3.566938411303510748e-14
1.071799999999999997e+01,4.149805499231717931e-14
1.072000000000000064e+01,3.056235819975938739e-14
1.072199999999999953e+01,3.517672264585769426e-14
1.072400000000000020e+01,3.556183125752454544e-14
1.072600000000000087e+01,4.114417140321791067e-14
1.072799999999999976e+01,3.541264503859054003e-14
1.073000000000000043e+01,3.525651992575262739e-14
1.073200000000000109e+01,3.328934350399492814e-14
1.073399999999999999e+01,3.373690216079694437e-14
1.073600000000000065e+01,3.445854712680329612e-14
1.073799999999999955e+01,3.919087276926802588e-14
1.074000000000000021e+01,3.690797667488254774e-14
1.074200000000000088e+01,4.095682126781241550e-14
1.074399999999999977e+01,3.206115928300334872e-14
1.074600000000000044e+01,2.854660952067433755e-14
1.074800000000000111e+01,3.296321549051128841e-14
1.075000000000000000e+01,3.078440280468441870e-14
1.075200000000000067e+01,3.522876435013699847e-14
1.075399999999999956e+01,3.977027041024427945e-14
1.075600000000000023e+01,4.068620440556003359e-14
1.075800000000000090e+01,3.456609998231385816e-14
1.075999999999999979e+01,3.190503417016543608e-14
1.076200000000000045e+01,3.670674875166923812e-14
1.076399999999999935e+01,3.750819099757052300e-14
1.076600000000000001e+01,3.121114477977471324e-14
1.076800000000000068e+01,3.248443181114168965e-14
1.076999999999999957e+01,3.262667913617178783e-14
1.077200000000000024e+01,3.354955202539144921e-14
1.077400000000000091e+01,3.113481694683173373e-14
1.077599999999999980e+01,3.611347332288517009e-14
1.077800000000000047e+01,3.633898737476215501e-14
1.077999999999999936e+01,3.818820260015343138e-14
1.078200000000000003e+01,3.547509508372570508e-14
1.078400000000000070e+01,3.608224830031758756e-14
1.078599999999999959e+01,3.697736561392162002e-14
1.078800000000000026e+01,3.486100297322991537e-14
1.079000000000000092e+01,3.562428130265971049e-14
1.079199999999999982e+01,3.691838501573840858e-14
1.079400000000000048e+01,3.735900477863651759e-14
1.079599999999999937e+01,3.505529200253931776e-14
1.079800000000000004e+01,3.606143161860586588e-14
1.080000000000000071e+01,3.672409598642900619e-14
1.080199999999999960e+01,3.818820260015343138e-14
1.080400000000000027e+01,3.147135330117123431e-14
1.080600000000000094e+01,3.555142291666868459e-14
1.080799999999999983e+01,3.747349652805098685e-14
1.081000000000000050e+01,3.494080025312484850e-14
1.081199999999999939e+01,3.155462002801812105e-14
1.081400000000000006e+01,3.321648511800390224e-14
1.081600000000000072e+01,3.714042962066343989e-14
1.081799999999999962e+01,3.804595527512333319e-14
1.082000000000000028e+01,3.573530360512222614e-14
1.082200000000000095e+01,4.065497938299245106e-14
1.082399999999999984e+01,3.421221639321458952e-14
1.082600000000000051e+01,3.528774494832020991e-14
1.082799999999999940e+01,3.514549762329011173e-14
1.083000000000000007e+01,4.032191247560490410e-14
1.083200000000000074e+01,3.086073063762739821e-14
1.083399999999999963e+01,3.479855292809475031e-14
1.083600000000000030e+01,3.615163723935665985e-14
1.083800000000000097e+01,3.716124630237516158e-14
1.083999999999999986e+01,4.140437992461443173e-14
1.084200000000000053e+01,3.579428420330543759e-14
1.084399999999999942e+01,2.907049601041933329e-14
1.084600000000000009e+01,3.389649672058681062e-14
1.084800000000000075e+01,3.423997196883021843e-14
1.084999999999999964e+01,3.521835600928113763e-14
1.085200000000000031e+01,3.302219608869449985e-14
1.085400000000000098e+01,3.722716579446228025e-14
1.085599999999999987e+01,3.942332571504891803e-14
1.085800000000000054e+01,3.607530940641368034e-14
1.085999999999999943e+01,3.258157632579639085e-14
1.086200000000000010e+01,3.391384395534657870e-14
1.086400000000000077e+01,3.608224830031758756e-14
1.086599999999999966e+01,3.868086406733084459e-14
1.086800000000000033e+01,3.736594367254042481e-14
1.087000000000000099e+01,3.114522528768759457e-14
1.087199999999999989e+01,3.508998647205885391e-14
1.087400000000000055e+01,3.653327640407155741e-14
1.087599999999999945e+01,3.748043542195489408e-14
1.087800000000000011e+01,3.889250033140001506e-14
1.088000000000000078e+01,3.554101457581282375e-14
1.088199999999999967e+01,2.944172683427837001e-14
1.088400000000000034e+01,3.344546861683284078e-14
1.088600000000000101e+01,3.829228600871203980e-14
1.088799999999999990e+01,3.552713678800500929e-14
1.089000000000000057e+01,3.724451302922204832e-14
1.089199999999999946e+01,3.772676615554360069e-14
1.089400000000000013e+01,3.588102037710427794e-14
1.089600000000000080e+01,3.714042962066343989e-14
1.089799999999999969e+01,2.930294895620022544e-14
1.090000000000000036e+01,3.412548021941574916e-14
1.090200000000000102e+01,3.156849781582593550e-14
1.090399999999999991e+01,3.317832120153241249e-14
1.090600000000000058e+01,3.713696017371148628e-14
1.090799999999999947e+01,3.761227440612913142e-14
1.091000000000000014e+01,4.108519080503469922e-14
1.091200000000000081e+01,3.709879625723999652e-14
1.091399999999999970e+01,3.737288256644433204e-14
1.091600000000000037e+01,2.790129238761096531e-14
1.091800000000000104e+01,4.287889487919471776e-14
1.091999999999999993e+01,3.370567713822936184e-14
1.092200000000000060e+01,3.785166624581393080e-14
1.092399999999999949e+01,3.523570324404090570e-14
1.092600000000000016e+01,3.631817069305043333e-14
1.092800000000000082e+01,3.311934060334920105e-14
1.092999999999999972e+01,3.811534421416240548e-14
1.093200000000000038e+01,3.569020079474682916e-14
1.093400000000000105e+01,3.360853262357466065e-14
1.093599999999999994e+01,3.327893516313906730e-14
1.093800000000000061e+01,3.440997486947594552e-14
1.093999999999999950e+01,3.502753642692368885e-14
1.094200000000000017e+01,3.739716869510800734e-14
1.094400000000000084e+01,3.475691956467130694e-14
1.094599999999999973e+01,3.481243071590256477e-14
1.094800000000000040e+01,3.590183705881599963e-14
1.095000000000000107e+01,3.709185736333608929e-14
1.095199999999999996e+01,3.777186896591899767e-14
1.095400000000000063e+01,3.951700078275166561e-14
1.095599999999999952e+01,2.865763182313685320e-14
1.095800000000000018e+01,3.348363253330433054e-14
1.096000000000000085e+01,3.384098556935555280e-14
1.096199999999999974e+01,3.519753932756941595e-14
1.096400000000000041e+01,3.648470414674420681e-14
1.096600000000000108e+01,3.750472155061856938e-14
1.096799999999999997e+01,3.863229181000349399e-14
1.097000000000000064e+01,3.606490106555781949e-14
1.097199999999999953e+01,3.611694276983712371e-14
1.097400000000000020e+01,3.350444921501605222e-14
1.097600000000000087e+01,3.537448112211905027e-14
1.097799999999999976e+01,3.904515599728597408e-14
1.098000000000000043e+01,3.777186896591899767e-14
1.098200000000000109e+01,3.386180225106727448e-14
1.098399999999999999e+01,3.556183125752454544e-14
1.098600000000000065e+01,3.617939281497228876e-14
1.098799999999999955e+01,3.740410758901191457e-14
1.099000000000000021e+01,3.431283035482124433e-14
1.099200000000000088e+01,3.553060623495696291e-14
1.099399999999999977e+01,3.287994876366440167e-14
1.099600000000000044e+01,3.362241041138247510e-14
1.099800000000000111e+01,3.443773044509157444e-14
1.100000000000000000e+01,3.539182835687881834e-14
1.100200000000000067e+01,3.669980985776533089e-14
1.100399999999999956e+01,3.492692246531703404e-14
1.100600000000000023e+01,4.197683867168677807e-14
1.100800000000000090e+01,3.255382075018076193e-14
1.100999999999999979e+01,3.714042962066343989e-14
1.101200000000000045e+01,3.472569454210372442e-14
1.101399999999999935e+01,3.542305337944640087e-14
1.101600000000000001e+01,3.206462872995530233e-14
1.101800000000000068e+01,3.741451592986777541e-14
1.101999999999999957e+01,3.045480534424882535e-14
1.102200000000000024e+01,3.566244521913120025e-14
1.102400000000000091e+01,4.070702108727175528e-14
1.102599999999999980e+01,3.698083506087357364e-14
1.102800000000000047e+01,3.521488656232918402e-14
1.102999999999999936e+01,3.590877595271990685e-14
1.103200000000000003e+01,3.255729019713271555e-14
1.103400000000000070e+01,3.398670234133760459e-14
1.103599999999999959e+01,3.545774784896593701e-14
1.103800000000000026e+01,3.518713098671355510e-14
1.104000000000000092e+01,3.756023270184982721e-14
1.104199999999999982e+01,3.826799988004836450e-14
1.104400000000000048e+01,3.542999227335030810e-14
1.104599999999999937e+01,3.317832120153241249e-14
1.104800000000000004e+01,3.320607677714804140e-14
1.105000000000000071e+01,3.097522238704186748e-14
1.105199999999999960e+01,3.519406988061746233e-14
1.105400000000000027e+01,3.605796217165391226e-14
1.105600000000000094e+01,3.344546861683284078e-14
1.105799999999999983e+01,3.106542800779266145e-14
1.106000000000000050e+01,3.587061203624841710e-14
1.106199999999999939e+01,4.084579896534989985e-14
1.106400000000000006e+01,3.382710778154773834e-14
1.106600000000000072e+01,4.296563105299355811e-14
1.106799999999999962e+01,3.599898157347070082e-14
1.107000000000000028e+01,3.366404377480591847e-14
1.107200000000000095e+01,3.709185736333608929e-14
1.107399999999999984e+01,3.151298666459467768e-14
1.107600000000000051e+01,4.078334892021473479e-14
1.107799999999999940e+01,3.716471574932711519e-14
1.108000000000000007e+01,3.883698918016875723e-14
1.108200000000000074e+01,3.576652862768980867e-14
1.108399999999999963e+01,2.932376563791194712e-14
1.108600000000000030e+01,3.384445501630750641e-14
1.108800000000000097e+01,3.455569164145799732e-14
1.108999999999999986e+01,3.550978955324524122e-14
1.109200000000000053e+01,3.662695147177430499e-14
1.109399999999999942e+01,3.450364993717869311e-14
1.109600000000000009e+01,3.470487786039200273e-14
1.109800000000000075e+01,3.596428710395116468e-14
1.109999999999999964e+01,3.423303307492631120e-14
1.110200000000000031e+01,3.809799697940263741e-14
1.110400000000000098e+01,3.598857323261483998e-14
1.110599999999999987e+01,3.673103488033291342e-14
1.110800000000000054e+01,3.045133589729687174e-14
1.110999999999999943e+01,3.411854132551184193e-14
1.111200000000000010e+01,3.558958683314017435e-14
1.111400000000000077e+01,3.693573225049817665e-14
1.111599999999999966e+01,3.761921330003303865e-14
1.111800000000000033e+01,3.934005898820203129e-14
1.112000000000000099e+01,3.564509798437143218e-14
1.112199999999999989e+01,4.038783196769202277e-14
1.112400000000000055e+01,3.511080315377057559e-14
1.112599999999999945e+01,3.478467514028693586e-14
1.112800000000000011e+01,3.687675165231496521e-14
1.113000000000000078e+01,3.698430450782552725e-14
1.113199999999999967e+01,3.028827189055505187e-14
1.113400000000000034e+01,3.470834730734395634e-14
1.113600000000000101e+01,4.053701818662602818e-14
1.113799999999999990e+01,3.759492717136936335e-14
1.114000000000000057e+01,3.475345011771935333e-14
1.114199999999999946e+01,3.648470414674420681e-14
1.114400000000000013e+01,2.901498485918807546e-14
1.114600000000000080e+01,3.375077994860475883e-14
1.114799999999999969e+01,3.490263633665335874e-14
1.115000000000000036e+01,3.235953172087135954e-14
1.115200000000000102e+01,3.709532681028804291e-14
1.115399999999999991e+01,3.761227440612913142e-14
1.115600000000000058e+01,3.944067294980868610e-14
1.115799999999999947e+01,3.328587405704297453e-14
1.116000000000000014e+01,3.001418558135071635e-14
1.116200000000000081e+01,3.382363833459578473e-14
1.116399999999999970e+01,3.137420878651653311e-14
1.116600000000000037e+01,3.642572354856099537e-14
1.116800000000000104e+01,3.737982146034823927e-14
1.116999999999999993e+01,3.528774494832020991e-14
1.117200000000000060e+01,3.529121439527216353e-14
1.117399999999999949e+01,3.674838211509268149e-14
1.117600000000000016e+01,3.725492137007790916e-14
1.117800000000000082e+01,3.923944502659537648e-14
1.117999999999999972e+01,3.665123760043798029e-14
1.118200000000000038e+01,3.764002998174476033e-14
1.118400000000000105e+01,3.424691086273412566e-14
1.118599999999999994e+01,3.203687315433967342e-14
1.118800000000000061e+01,3.582550922587302011e-14
1.118999999999999950e+01,3.369873824432545462e-14
1.119200000000000017e+01,3.792452463180495670e-14
1.119400000000000084e+01,3.557570904533235989e-14
1.119599999999999973e+01,3.685940441755519714e-14
1.119800000000000040e+01,3.773717449639946153e-14
1.120000000000000107e+01,3.754288546709005914e-14
1.120199999999999996e+01,3.641184576075318091e-14
1.120400000000000063e+01,3.772329670859164708e-14
1.120599999999999952e+01,3.420874694626263590e-14
1.120800000000000018e+01,3.539876725078272557e-14
1.121000000000000085e+01,3.551672844714914845e-14
1.121199999999999974e+01,3.670674875166923812e-14
1.121400000000000041e+01,3.528774494832020991e-14
1.121600000000000108e+01,3.481243071590256477e-14
1.121799999999999997e+01,3.652980695711960379e-14
1.122000000000000064e+01,3.354955202539144921e-14
1.122199999999999953e+01,3.485059463237405453e-14
1.122400000000000020e+01,3.110706137121610482e-14
1.122600000000000087e+01,3.658878755530281524e-14
1.122799999999999976e+01,3.692532390964231581e-14
1.123000000000000043e+01,3.842759443983823076e-14
1.123200000000000109e+01,3.706410178772046038e-14
1.123399999999999999e+01,3.673797377423682065e-14
1.123600000000000065e+01,3.396588565962588291e-14
1.123799999999999955e+01,3.531550052393583883e-14
1.124000000000000021e+01,3.563122019656361772e-14
1.124200000000000088e+01,3.756717159575373444e-14
1.124399999999999977e+01,3.435099427129273408e-14
1.124600000000000044e+01,3.524958103184872016e-14
1.124800000000000111e+01,3.582897867282497373e-14
1.125000000000000000e+01,3.773370504944750792e-14
1.125200000000000067e+01,4.193520530826333470e-14
1.125399999999999956e+01,4.007211229506424388e-14
1.125600000000000023e+01,3.335526299608204681e-14
1.125800000000000090e+01,3.366751322175787209e-14
1.125999999999999979e+01,3.473957232991153887e-14
1.126200000000000045e+01,3.604755383079805142e-14
1.126399999999999935e+01,3.578734530940153036e-14
1.126600000000000001e+01,3.895148092958322650e-14
1.126800000000000068e+01,3.468406117868028105e-14
1.126999999999999957e+01,3.603367604299023697e-14
1.127200000000000024e+01,3.308464613382966490e-14
1.127400000000000091e+01,3.821942762272101390e-14
1.127599999999999980e+01,3.553060623495696291e-14
1.127800000000000047e+01,3.681083216022784654e-14
1.127999999999999936e+01,3.705022399991264592e-14
1.128200000000000003e+01,3.502406697997173524e-14
1.128400000000000070e+01,3.563122019656361772e-14
1.128599999999999959e+01,3.709185736333608929e-14
1.128800000000000026e+01,3.359465483576684619e-14
1.129000000000000092e+01,3.459038611097753346e-14
1.129199999999999982e+01,3.600592046737460805e-14
1.129400000000000048e+01,3.207850651776311679e-14
1.129599999999999937e+01,3.017031069418862899e-14
1.129800000000000004e+01,3.531896997088779244e-14
1.130000000000000071e+01,3.940597848028914996e-14
1.130199999999999960e+01,3.764002998174476033e-14
1.130400000000000027e+01,3.870861964294647350e-14
1.130600000000000094e+01,2.784925068333166109e-14
1.130799999999999983e+01,3.266484305264327759e-14
1.131000000000000050e+01,2.554900735418641489e-14
1.131199999999999939e+01,3.433711648348491963e-14
1.131400000000000006e+01,3.184258412503027103e-14
1.131600000000000072e+01,3.229014278183228726e-14
1.131799999999999962e+01,3.729308528654939892e-14
1.132000000000000028e+01,3.554101457581282375e-14
1.132200000000000095e+01,3.587408148320037071e-14
1.132399999999999984e+01,4.094294348000460104e-14
1.132600000000000051e+01,4.202888037596608228e-14
1.132799999999999940e+01,3.937475345772156743e-14
1.133000000000000007e+01,3.671715709252509896e-14
1.133200000000000074e+01,3.434752482434078047e-14
1.133399999999999963e+01,2.992051051364796876e-14
1.133600000000000030e+01,3.575612028683394783e-14
1.133800000000000097e+01,4.032538192255685772e-14
1.133999999999999986e+01,3.772676615554360069e-14
1.134200000000000053e+01,3.550978955324524122e-14
1.134399999999999942e+01,3.540917559163858641e-14
1.134600000000000009e+01,3.682817939498761461e-14
1.134800000000000075e+01,3.458344721707362623e-14
1.134999999999999964e+01,3.130481984747746083e-14
1.135200000000000031e+01,3.504835310863541054e-14
1.135400000000000098e+01,3.750819099757052300e-14
1.135599999999999987e+01,3.047562202596054703e-14
1.135800000000000054e+01,3.533631720564756051e-14
1.135999999999999943e+01,3.584285646063278818e-14
1.136200000000000010e+01,4.110600748674642091e-14
1.136400000000000077e+01,4.230990557907432503e-14
1.136599999999999966e+01,3.244279844771824628e-14
1.136800000000000033e+01,3.290423489232807697e-14
1.137000000000000099e+01,3.363628819919028956e-14
1.137199999999999989e+01,3.829575545566399342e-14
1.137400000000000055e+01,3.586367314234450987e-14
1.137599999999999945e+01,4.059599878480923962e-14
1.137800000000000011e+01,3.741798537681972903e-14
1.138000000000000078e+01,3.903821710338206685e-14
1.138199999999999967e+01,3.332750742046641790e-14
1.138400000000000034e+01,3.275157922644211794e-14
1.138600000000000101e+01,3.388261893277899617e-14
1.138799999999999990e+01,3.528427550136825630e-14
1.139000000000000057e+01,3.638409018513755200e-14
1.139199999999999946e+01,3.690450722793059413e-14
1.139400000000000013e+01,3.484365573847014730e-14
1.139600000000000080e+01,3.479161403419084309e-14
1.139799999999999969e+01,3.742492427072363625e-14
1.140000000000000036e+01,4.054048763357798180e-14
1.140200000000000102e+01,3.863229181000349399e-14
1.140399999999999991e+01,3.628000677657894357e-14
1.140600000000000058e+01,3.294586825575152034e-14
1.140799999999999947e+01,3.032990525397849524e-14
1.141000000000000014e+01,3.488181965494163705e-14
1.141200000000000081e+01,3.586714258929646348e-14
1.141399999999999970e+01,3.742145482377168264e-14
1.141600000000000037e+01,4.164030231734727749e-14
1.141800000000000104e+01,2.827599265842195564e-14
1.141999999999999993e+01,2.877906246645522970e-14
1.142200000000000060e+01,3.267178194654718482e-14
1.142399999999999949e+01,3.417405247674309976e-14
1.142600000000000016e+01,3.148870053593100238e-14
1.142800000000000082e+01,3.742492427072363625e-14
1.142999999999999972e+01,3.736247422558847120e-14
1.143200000000000038e+01,3.506223089644322499e-14
1.143400000000000105e+01,3.664429870653407306e-14
1.143599999999999994e+01,3.645347912417662428e-14
1.143800000000000061e+01,3.811187476721045186e-14
1.143999999999999950e+01,3.851086116668511750e-14
1.144200000000000017e+01,3.701206008344115617e-14
1.144400000000000084e+01,3.270647641606672096e-14
1.144599999999999973e+01,3.450711938413064672e-14
1.144800000000000040e+01,3.473957232991153887e-14
1.145000000000000107e+01,3.674144322118877426e-14
1.145199999999999996e+01,3.693573225049817665e-14
1.145400000000000063e+01,3.818820260015343138e-14
1.145599999999999952e+01,4.001313169688103244e-14
1.145800000000000018e+01,3.678307658461221763e-14
1.146000000000000085e+01,3.496161693483657018e-14
1.146199999999999974e+01,3.127706427186183191e-14
1.146400000000000041e+01,3.504835310863541054e-14
1.146600000000000108e+01,3.680042381937198570e-14
1.146799999999999997e+01,3.529815328917607076e-14
1.147000000000000064e+01,3.489916688970140513e-14
1.147199999999999953e+01,3.270647641606672096e-14
1.147400000000000020e+01,3.657144032054304716e-14
1.147600000000000087e+01,3.840677775812650907e-14
1.147799999999999976e+01,3.494773914702875572e-14
1.148000000000000043e+01,3.685593497060324353e-14
1.148200000000000109e+01,3.817779425929757053e-14
1.148399999999999999e+01,3.430242201396538348e-14
1.148600000000000065e+01,3.500325029826001355e-14
1.148799999999999955e+01,3.707104068162436761e-14
1.149000000000000021e+01,3.380976054678797027e-14
1.149200000000000088e+01,3.910413659546918552e-14
1.149399999999999977e+01,3.581857033196911289e-14
1.149600000000000044e+01,3.371261603213326907e-14
1.149800000000000111e+01,3.789676905618932778e-14
1.150000000000000000e+01,3.468406117868028105e-14
1.150200000000000067e+01,3.597469544480702552e-14
1.150399999999999956e+01,3.393466063705830038e-14
1.150600000000000023e+01,3.823330541052882836e-14
1.150800000000000090e+01,3.539876725078272557e-14
1.150999999999999979e+01,4.002007059078493967e-14
1.151200000000000045e+01,3.106889745474461506e-14
1.151400000000000112e+01,3.444813878594743528e-14
1.151600000000000001e+01,3.443773044509157444e-14
1.151800000000000068e+01,3.278974314291360770e-14
1.151999999999999957e+01,3.403180515171300158e-14
1.152200000000000024e+01,3.178707297379901320e-14
1.152400000000000091e+01,3.123543090843838854e-14
1.152599999999999980e+01,3.689756833402668690e-14
1.152800000000000047e+01,3.747696597500294047e-14
1.152999999999999936e+01,3.940250903333719634e-14
1.153200000000000003e+01,3.671021819862119173e-14
1.153400000000000070e+01,3.385139391021141364e-14
1.153599999999999959e+01,2.986499936241671094e-14
1.153800000000000026e+01,3.622796507229963936e-14
1.154000000000000092e+01,3.580816199111325204e-14
1.154199999999999982e+01,3.787942182142955971e-14
1.154400000000000048e+01,3.507957813120299306e-14
1.154599999999999937e+01,3.576305918073785506e-14
1.154800000000000004e+01,3.694961003830599111e-14
1.155000000000000071e+01,3.727226860483767723e-14
1.155199999999999960e+01,4.238623341201730454e-14
1.155400000000000027e+01,3.642225410160904175e-14
1.155600000000000094e+01,3.361547151747856788e-14
1.155799999999999983e+01,3.407343851513644495e-14
1.156000000000000050e+01,3.123890035539034216e-14
1.156199999999999939e+01,3.630776235219457249e-14
1.156400000000000006e+01,3.717512409018297603e-14
1.156600000000000072e+01,4.196643033083091723e-14
1.156799999999999962e+01,3.954475635836729452e-14
1.157000000000000028e+01,3.350444921501605222e-14
1.157200000000000095e+01,3.282790705938509745e-14
1.157399999999999984e+01,3.869474185513865905e-14
1.157600000000000051e+01,3.597816489175897914e-14
1.157799999999999940e+01,4.021782906704629568e-14
1.158000000000000007e+01,3.486100297322991537e-14
1.158200000000000074e+01,3.485059463237405453e-14
1.158399999999999963e+01,3.620367894363596406e-14
1.158600000000000030e+01,3.267525139349913843e-14
1.158800000000000097e+01,3.414282745417551723e-14
1.158999999999999986e+01,3.594347042223944300e-14
1.159200000000000053e+01,3.658184866139890801e-14
1.159399999999999942e+01,3.339342691255353657e-14
1.159600000000000009e+01,3.415323579503137807e-14
1.159800000000000075e+01,3.587061203624841710e-14
1.159999999999999964e+01,3.708838791638413568e-14
1.160200000000000031e+01,4.064804048908854384e-14
1.160400000000000098e+01,3.926720060221100539e-14
1.160599999999999987e+01,3.268912918130695289e-14
1.160800000000000054e+01,3.634939571561801586e-14
1.160999999999999943e+01,3.787942182142955971e-14
1.161200000000000010e+01,3.457303887621776539e-14
1.161400000000000077e+01,3.655756253273523271e-14
1.161599999999999966e+01,4.021089017314238845e-14
1.161800000000000033e+01,3.839636941727064823e-14
1.162000000000000099e+01,3.275504867339407156e-14
1.162199999999999989e+01,3.211320098728265293e-14
1.162400000000000055e+01,3.696695727306575918e-14
1.162599999999999945e+01,3.428160533225366180e-14
1.162800000000000011e+01,3.524958103184872016e-14
1.163000000000000078e+01,2.862640680056927067e-14
1.163199999999999967e+01,3.415323579503137807e-14
1.163400000000000034e+01,3.465630560306465213e-14
1.163600000000000101e+01,3.613775945154884539e-14
1.163799999999999990e+01,3.674838211509268149e-14
1.164000000000000057e+01,3.734165754387674951e-14
1.164199999999999946e+01,3.185993135979003910e-14
1.164400000000000013e+01,3.195707587444474029e-14
1.164600000000000080e+01,3.339689635950549018e-14
1.164799999999999969e+01,3.365710488090201125e-14
1.165000000000000036e+01,3.508304757815494668e-14
1.165200000000000102e+01,4.074518500374324503e-14
1.165399999999999991e+01,3.715777685542320796e-14
1.165600000000000058e+01,3.821942762272101390e-14
1.165799999999999947e+01,4.013456234019940894e-14
1.166000000000000014e+01,2.957703526540456096e-14
1.166200000000000081e+01,3.402139681085714074e-14
1.166399999999999970e+01,3.468753062563223466e-14
1.166600000000000037e+01,3.581510088501715927e-14
1.166800000000000104e+01,3.392078284925048592e-14
1.166999999999999993e+01,3.020847461066011874e-14
1.167200000000000060e+01,3.876760024112968495e-14
1.167399999999999949e+01,3.569367024169878277e-14
1.167600000000000016e+01,3.745267984633926517e-14
1.167800000000000082e+01,3.770594947383187900e-14
1.167999999999999972e+01,3.656450142663913994e-14
1.168200000000000038e+01,3.223116218364907581e-14
1.168400000000000105e+01,3.409772464380012025e-14
1.168599999999999994e+01,3.484365573847014730e-14
1.168800000000000061e+01,3.544040061420616894e-14
1.168999999999999950e+01,3.668246262300556282e-14
1.169200000000000017e+01,3.754982436099396637e-14
1.169400000000000084e+01,3.577693696854566952e-14
1.169599999999999973e+01,3.603714548994219058e-14
1.169800000000000040e+01,3.677266824375635679e-14
1.170000000000000107e+01,3.808758863854677656e-14
1.170199999999999996e+01,3.534325609955146774e-14
1.170400000000000063e+01,3.592612318747967493e-14
1.170599999999999952e+01,3.743533261157949710e-14
1.170800000000000018e+01,3.506916979034713222e-14
1.171000000000000085e+01,3.924638392049928370e-14
1.171199999999999974e+01,3.658531810835086162e-14
1.171400000000000041e+01,3.417752192369505337e-14
1.171600000000000108e+01,3.854555563620465364e-14
1.171799999999999997e+01,3.255035130322880832e-14
1.172000000000000064e+01,3.280015148376946854e-14
1.172199999999999953e+01,3.327199626923516007e-14
1.172400000000000020e+01,3.538488946297491111e-14
1.172600000000000087e+01,3.532243941783974606e-14
1.172799999999999976e+01,3.749778265671466215e-14
1.173000000000000043e+01,3.404915238647276965e-14
1.173200000000000109e+01,3.583591756672888096e-14
1.173399999999999999e+01,3.575612028683394783e-14
1.173600000000000065e+01,3.763309108784085311e-14
1.173799999999999955e+01,3.544733950811007617e-14
1.174000000000000021e+01,3.492692246531703404e-14
1.174200000000000088e+01,3.664429870653407306e-14
1.174399999999999977e+01,3.046174423815273258e-14
1.174600000000000044e+01,3.454528330060213648e-14
1.174800000000000111e+01,3.554101457581282375e-14
1.175000000000000000e+01,3.277933480205774686e-14
1.175200000000000067e+01,3.357036870710317089e-14
1.175399999999999956e+01,3.490610578360531235e-14
1.175600000000000023e+01,3.207503707081116318e-14
1.175800000000000090e+01,3.343159082902502632e-14
1.175999999999999979e+01,4.476627402105748388e-14
1.176200000000000045e+01,3.951006188884775838e-14
1.176400000000000112e+01,3.587061203624841710e-14
1.176600000000000001e+01,3.454181385365018286e-14
1.176800000000000068e+01,3.051031649548008318e-14
1.176999999999999957e+01,3.535019499345537497e-14
1.177200000000000024e+01,3.970782036510911439e-14
1.177400000000000091e+01,4.110600748674642091e-14
1.177599999999999980e+01,3.603714548994219058e-14
1.177800000000000047e+01,3.563122019656361772e-14
1.177999999999999936e+01,3.271688475692258180e-14
1.178200000000000003e+01,3.370914658518131546e-14
1.178400000000000070e+01,3.538835890992686473e-14
1.178599999999999959e+01,3.596081765699921107e-14
1.178800000000000026e+01,3.697389616696966641e-14
1.179000000000000092e+01,3.803901638121942597e-14
1.179199999999999982e+01,3.527039771356044184e-14
1.179400000000000048e+01,3.646388746503248512e-14
1.179599999999999937e+01,3.340036580645744380e-14
1.179800000000000004e+01,3.484365573847014730e-14
1.180000000000000071e+01,3.890290867225587590e-14
1.180199999999999960e+01,3.604755383079805142e-14
1.180400000000000027e+01,3.765390776955257479e-14
1.180600000000000094e+01,3.604408438384609781e-14
1.180799999999999983e+01,3.127012537795792468e-14
1.181000000000000050e+01,3.360159372967075342e-14
1.181199999999999939e+01,3.673797377423682065e-14
1.181400000000000006e+01,3.952740912360752645e-14
1.181600000000000072e+01,3.255382075018076193e-14
1.181799999999999962e+01,3.299444051307887094e-14
1.182000000000000028e+01,3.404221349256886242e-14
1.182200000000000095e+01,3.147135330117123431e-14
1.182399999999999984e+01,3.700859063648920255e-14
1.182600000000000051e+01,3.711267404504781098e-14
1.182799999999999940e+01,3.810840532025849825e-14
1.183000000000000007e+01,3.576999807464176229e-14
1.183200000000000074e+01,3.346628529854456247e-14
1.183399999999999963e+01,3.313668783810896912e-14
1.183600000000000030e+01,3.473957232991153887e-14
1.183800000000000097e+01,3.573183415817027253e-14
1.183999999999999986e+01,4.084579896534989985e-14
1.184200000000000053e+01,3.427466643834975457e-14
1.184399999999999942e+01,3.533284775869560690e-14
1.184600000000000009e+01,3.204728149519553426e-14
1.184800000000000075e+01,3.705716289381655315e-14
1.184999999999999964e+01,3.782044122324634827e-14
1.185200000000000031e+01,3.578387586244957674e-14
1.185400000000000098e+01,3.609959553507735563e-14
1.185599999999999987e+01,3.410813298465598109e-14
1.185800000000000054e+01,3.479161403419084309e-14
1.185999999999999943e+01,3.553060623495696291e-14
1.186200000000000010e+01,3.645347912417662428e-14
1.186400000000000077e+01,4.148764665146131847e-14
1.186599999999999966e+01,4.211561654976492264e-14
1.186800000000000033e+01,3.311587115639724743e-14
1.187000000000000099e+01,3.316791286067655165e-14
1.187199999999999989e+01,3.421915528711849674e-14
1.187400000000000055e+01,3.549244231848547315e-14
1.187599999999999945e+01,3.653327640407155741e-14
1.187800000000000011e+01,3.717859353713492965e-14
1.188000000000000078e+01,3.423997196883021843e-14
1.188199999999999967e+01,3.577693696854566952e-14
1.188400000000000034e+01,3.696001837916185195e-14
1.188600000000000101e+01,3.310893226249334020e-14
1.188799999999999990e+01,3.521835600928113763e-14
1.189000000000000057e+01,3.476038901162326056e-14
1.189199999999999946e+01,3.282443761243314384e-14
1.189400000000000013e+01,3.417058302979114615e-14
1.189600000000000080e+01,3.538488946297491111e-14
1.189799999999999969e+01,3.538488946297491111e-14
1.190000000000000036e+01,3.647082635893639235e-14
1.190200000000000102e+01,3.511774204767448282e-14
1.190399999999999991e+01,3.910066714851723191e-14
1.190600000000000058e+01,2.902539320004393630e-14
1.190799999999999947e+01,3.328934350399492814e-14
1.191000000000000014e+01,3.169339790609626561e-14
1.191200000000000081e+01,3.413241911331965639e-14
1.191399999999999970e+01,3.339342691255353657e-14
1.191600000000000037e+01,3.410466353770402748e-14
1.191800000000000104e+01,3.478120569333498224e-14
1.191999999999999993e+01,3.530162273612802437e-14
1.192200000000000060e+01,3.697042672001771280e-14
1.192399999999999949e+01,3.776146062506313683e-14
1.192600000000000016e+01,3.494080025312484850e-14
1.192800000000000082e+01,3.957598138093487705e-14
1.192999999999999972e+01,3.723410468836618747e-14
1.193200000000000038e+01,3.450018049022673949e-14
1.193400000000000105e+01,3.825412209224055005e-14
1.193599999999999994e+01,3.665123760043798029e-14
1.193800000000000061e+01,4.100539352513976610e-14
1.193999999999999950e+01,3.892025590701564397e-14
1.194200000000000017e+01,3.187033970064589994e-14
1.194400000000000084e+01,3.313668783810896912e-14
1.194599999999999973e+01,3.379935220593210943e-14
1.194800000000000040e+01,3.483324739761428646e-14
1.195000000000000107e+01,3.553407568190891652e-14
1.195199999999999996e+01,3.681430160717980016e-14
1.195400000000000063e+01,4.201500258815826783e-14
1.195599999999999952e+01,3.553060623495696291e-14
1.195800000000000018e+01,3.605796217165391226e-14
1.196000000000000085e+01,4.059252933785728601e-14
1.196199999999999974e+01,3.507610868425103945e-14
1.196400000000000041e+01,3.528080605441630269e-14
1.196600000000000108e+01,3.648470414674420681e-14
1.196799999999999997e+01,3.375077994860475883e-14
1.197000000000000064e+01,3.116257252244736264e-14
1.197199999999999953e+01,3.858371955267614339e-14
1.197400000000000020e+01,3.631470124609847971e-14
1.197600000000000087e+01,4.176173296066565399e-14
1.197799999999999976e+01,3.565550632522729302e-14
1.198000000000000043e+01,3.561387296180384965e-14
1.198200000000000109e+01,3.354955202539144921e-14
1.198399999999999999e+01,3.401098847000127989e-14
1.198600000000000065e+01,3.467365283782442020e-14
1.198799999999999955e+01,3.662695147177430499e-14
1.199000000000000021e+01,3.735206588473261036e-14
1.199200000000000088e+01,3.440650542252399191e-14
1.199399999999999977e+01,3.127706427186183191e-14
1.199600000000000044e+01,3.581857033196911289e-14
1.199800000000000111e+01,3.077052501687660424e-14
1.200000000000000000e+01,3.479161403419084309e-14
1.200200000000000067e+01,3.491304467750921958e-14
1.200399999999999956e+01,3.999231501516931075e-14
1.200600000000000023e+01,3.508998647205885391e-14
1.200800000000000090e+01,3.479161403419084309e-14
1.200999999999999979e+01,3.606490106555781949e-14
1.201200000000000045e+01,4.060640712566510047e-14
1.201400000000000112e+01,3.753941602013810552e-14
1.201600000000000001e+01,3.978414819805209390e-14
1.201800000000000068e+01,3.263014858312374145e-14
1.201999999999999957e+01,3.271688475692258180e-14
1.202200000000000024e+01,3.131522818833332167e-14
1.202400000000000091e+01,3.460079445183339431e-14
1.202599999999999980e+01,3.685246552365128991e-14
1.202800000000000047e+01,3.735553533168456397e-14
1.203000000000000114e+01,3.513161983548229728e-14
1.203200000000000003e+01,3.583938701368083457e-14
1.203400000000000070e+01,3.604061493689414419e-14
1.203599999999999959e+01,3.450018049022673949e-14
1.203800000000000026e+01,3.484018629151819368e-14
1.204000000000000092e+01,3.543346172030226171e-14
1.204199999999999982e+01,3.264055692397960229e-14
1.204400000000000048e+01,3.432323869567710517e-14
1.204599999999999937e+01,3.484712518542210091e-14
1.204800000000000004e+01,4.013803178715136255e-14
1.205000000000000071e+01,3.366404377480591847e-14
1.205199999999999960e+01,3.834432771299134401e-14
1.205400000000000027e+01,3.541611448554249364e-14
1.205600000000000094e+01,3.326158792837929923e-14
1.205799999999999983e+01,3.372302437298912992e-14
1.206000000000000050e+01,3.439262763471617745e-14
1.206199999999999939e+01,3.529815328917607076e-14
1.206400000000000006e+01,3.371261603213326907e-14
1.206600000000000072e+01,3.317485175458045887e-14
1.206799999999999962e+01,3.488181965494163705e-14
1.207000000000000028e+01,3.250524849285341134e-14
1.207200000000000095e+01,3.766084666345648202e-14
1.207399999999999984e+01,3.836514439470306570e-14
1.207600000000000051e+01,3.554448402276477736e-14
1.207799999999999940e+01,3.614469834545275262e-14
1.208000000000000007e+01,3.311934060334920105e-14
1.208200000000000074e+01,3.471181675429590996e-14
1.208399999999999963e+01,3.619327060278010322e-14
1.208600000000000030e+01,3.566591466608315386e-14
1.208800000000000097e+01,3.799391357084402898e-14
1.208999999999999986e+01,3.870861964294647350e-14
1.209200000000000053e+01,3.500671974521196717e-14
1.209399999999999942e+01,3.375077994860475883e-14
1.209600000000000009e+01,3.436140261214859493e-14
1.209800000000000075e+01,3.478467514028693586e-14
1.209999999999999964e+01,3.601979825518242251e-14
1.210200000000000031e+01,3.629388456438675803e-14
1.210400000000000098e+01,3.804595527512333319e-14
1.210599999999999987e+01,3.579775365025739120e-14
1.210800000000000054e+01,3.226238720621665834e-14
1.210999999999999943e+01,3.793840241961277115e-14
1.211200000000000010e+01,4.172703849114611785e-14
1.211400000000000077e+01,3.959679806264659874e-14
1.211599999999999966e+01,3.287647931671244805e-14
1.211800000000000033e+01,3.083991395591567652e-14
1.212000000000000099e+01,3.311240170944529382e-14
1.212199999999999989e+01,3.975986206938841860e-14
1.212400000000000055e+01,3.702940731820092424e-14
1.212599999999999945e+01,3.719594077189469772e-14
1.212800000000000011e+01,3.612041221678907732e-14
1.213000000000000078e+01,3.217218158546586437e-14
1.213199999999999967e+01,3.303260442955036069e-14
1.213400000000000034e+01,3.435446371824468770e-14
1.213600000000000101e+01,3.494426970007680211e-14
1.213799999999999990e+01,3.667552372910165559e-14
1.214000000000000057e+01,4.091171845743701851e-14
1.214199999999999946e+01,3.870168074904256628e-14
1.214400000000000013e+01,3.649858193455202127e-14
1.214600000000000080e+01,3.627306788267503634e-14
1.214799999999999969e+01,3.397976344743369737e-14
1.215000000000000036e+01,3.131522818833332167e-14
1.215200000000000102e+01,3.212707877509046739e-14
1.215399999999999991e+01,3.325811848142734561e-14
1.215600000000000058e+01,3.807024140378700849e-14
1.215799999999999947e+01,3.096481404618600664e-14
1.216000000000000014e+01,3.617245392106838153e-14
1.216200000000000081e+01,3.702940731820092424e-14
1.216399999999999970e+01,3.773717449639946153e-14
1.216600000000000037e+01,3.907638101985355661e-14
1.216800000000000104e+01,3.286954042280854082e-14
1.216999999999999993e+01,3.380629109983601666e-14
1.217200000000000060e+01,3.125277814319815661e-14
1.217399999999999949e+01,3.114175584073564096e-14
1.217600000000000016e+01,3.667899317605360920e-14
1.217800000000000082e+01,3.761227440612913142e-14
1.217999999999999972e+01,3.951700078275166561e-14
1.218200000000000038e+01,3.588795927100818517e-14
1.218400000000000105e+01,3.347669363940042331e-14
1.218599999999999994e+01,3.749778265671466215e-14
1.218800000000000061e+01,3.512121149462643643e-14
1.218999999999999950e+01,3.677960713766026402e-14
1.219200000000000017e+01,3.343506027597697994e-14
1.219400000000000084e+01,3.445854712680329612e-14
1.219599999999999973e+01,3.476732790552716779e-14
1.219800000000000040e+01,3.700165174258529532e-14
1.220000000000000107e+01,3.733471864997284229e-14
1.220199999999999996e+01,3.514896707024206535e-14
1.220400000000000063e+01,3.541958393249444725e-14
1.220599999999999952e+01,3.277239590815383963e-14
1.220800000000000018e+01,3.330669073875469621e-14
1.221000000000000085e+01,3.531896997088779244e-14
1.221199999999999974e+01,3.594693986919139661e-14
1.221400000000000041e+01,3.778921620067876574e-14
1.221600000000000108e+01,3.725839081702986277e-14
1.221799999999999997e+01,3.921515889793170118e-14
1.222000000000000064e+01,3.643960133636880983e-14
1.222199999999999953e+01,3.790023850314128140e-14
1.222400000000000020e+01,3.455222219450604371e-14
1.222600000000000087e+01,3.469793896648809550e-14
1.222799999999999976e+01,3.697736561392162002e-14
1.223000000000000043e+01,2.981989655204131395e-14
1.223200000000000109e+01,3.508304757815494668e-14
1.223399999999999999e+01,3.590877595271990685e-14
1.223600000000000065e+01,3.684899607669933630e-14
1.223799999999999955e+01,3.499284195740415271e-14
1.224000000000000021e+01,3.873290577161014880e-14
1.224200000000000088e+01,3.554448402276477736e-14
1.224399999999999977e+01,3.403180515171300158e-14
1.224600000000000044e+01,3.060746101013478437e-14
1.224800000000000111e+01,3.550978955324524122e-14
1.225000000000000000e+01,3.241851231905457098e-14
1.225200000000000067e+01,4.115804919102572512e-14
1.225399999999999956e+01,3.477773624638302863e-14
1.225600000000000023e+01,3.234912338001549870e-14
1.225800000000000090e+01,3.615510668630861346e-14
1.225999999999999979e+01,4.125866315263237993e-14
1.226200000000000045e+01,3.472916398905567803e-14
1.226400000000000112e+01,3.953781746446338730e-14
1.226600000000000001e+01,3.694267114440208388e-14
1.226800000000000068e+01,3.088501676629107351e-14
1.226999999999999957e+01,3.454528330060213648e-14
1.227200000000000024e+01,3.546468674286984424e-14
1.227400000000000091e+01,3.759145772441740974e-14
1.227599999999999980e+01,3.815003868368194162e-14
1.227800000000000047e+01,3.930536451868249515e-14
1.228000000000000114e+01,3.317485175458045887e-14
1.228200000000000003e+01,3.376465773641257329e-14
1.228400000000000070e+01,3.048949981376836149e-14
1.228599999999999959e+01,3.598510378566288637e-14
1.228800000000000026e+01,3.672409598642900619e-14
1.229000000000000092e+01,3.763309108784085311e-14
1.229199999999999982e+01,3.506223089644322499e-14
1.229400000000000048e+01,3.654368474492741825e-14
1.229599999999999937e+01,3.686634331145910437e-14
1.229800000000000004e+01,3.798697467694012175e-14
1.230000000000000071e+01,3.522182545623309124e-14
1.230199999999999960e+01,3.977373985719623306e-14
1.230400000000000027e+01,3.352179644977582029e-14
1.230600000000000094e+01,3.441691376337985275e-14
1.230799999999999983e+01,3.541611448554249364e-14
1.231000000000000050e+01,3.546815618982179785e-14
1.231199999999999939e+01,3.739022980120410011e-14
1.231400000000000006e+01,3.901740042167034517e-14
1.231600000000000072e+01,3.245667623552606074e-14
1.231799999999999962e+01,2.939315457695101941e-14
1.232000000000000028e+01,3.319219898934022694e-14
1.232200000000000095e+01,3.535713388735928220e-14
1.232399999999999984e+01,3.576305918073785506e-14
1.232600000000000051e+01,3.281055982462532938e-14
1.232799999999999940e+01,3.786554403362174526e-14
1.233000000000000007e+01,3.575265083988199422e-14
1.233200000000000074e+01,3.598163433871093275e-14
1.233399999999999963e+01,3.748737431585880131e-14
1.233600000000000030e+01,3.495120859398070934e-14
1.233800000000000097e+01,3.937128401076961381e-14
1.233999999999999986e+01,3.656103197968718632e-14
1.234200000000000053e+01,3.455569164145799732e-14
1.234399999999999942e+01,3.446201657375524974e-14
1.234600000000000009e+01,3.537795056907100388e-14
1.234800000000000075e+01,3.652633751016765018e-14
1.234999999999999964e+01,4.559894128952635128e-14
1.235200000000000031e+01,3.498937251045219909e-14
1.235400000000000098e+01,3.303260442955036069e-14
1.235599999999999987e+01,3.689756833402668690e-14
1.235800000000000054e+01,3.018765792894839706e-14
1.235999999999999943e+01,3.114869473463954819e-14
1.236200000000000010e+01,3.956557304007901621e-14
1.236400000000000077e+01,3.344893806378479439e-14
1.236599999999999966e+01,3.402139681085714074e-14
1.236800000000000033e+01,3.576999807464176229e-14
1.237000000000000099e+01,3.656450142663913994e-14
1.237199999999999989e+01,3.758451883051350251e-14
1.237400000000000055e+01,3.543693116725421532e-14
1.237599999999999945e+01,3.539876725078272557e-14
1.237800000000000011e+01,3.688369054621887244e-14
1.238000000000000078e+01,3.399364123524151182e-14
1.238199999999999967e+01,3.560693406789994242e-14
1.238400000000000034e+01,3.550978955324524122e-14
1.238600000000000101e+01,4.083886007144599262e-14
1.238799999999999990e+01,3.824371375138468920e-14
1.239000000000000057e+01,3.613429000459689178e-14
1.239199999999999946e+01,3.230055112268814810e-14
1.239400000000000013e+01,2.960479084102018987e-14
1.239600000000000080e+01,3.463201947440097683e-14
1.239799999999999969e+01,3.530856163003193160e-14
1.240000000000000036e+01,3.287994876366440167e-14
1.240200000000000102e+01,3.776493007201509045e-14
1.240399999999999991e+01,3.422956362797435759e-14
1.240600000000000058e+01,3.599204267956679359e-14
1.240799999999999947e+01,3.357383815405512451e-14
1.241000000000000014e+01,4.131417430386363776e-14
1.241200000000000081e+01,3.106542800779266145e-14
1.241399999999999970e+01,3.547162563677375147e-14
1.241600000000000037e+01,4.123784647092065825e-14
1.241800000000000104e+01,3.426772754444584734e-14
1.241999999999999993e+01,3.896188927043908734e-14
1.242200000000000060e+01,3.678307658461221763e-14
1.242399999999999949e+01,3.409425519684816663e-14
1.242600000000000016e+01,3.862188346914763315e-14
1.242800000000000082e+01,3.499631140435610632e-14
1.242999999999999972e+01,3.357383815405512451e-14
1.243200000000000038e+01,3.363281875223833595e-14
1.243400000000000105e+01,3.438221929386031661e-14
1.243599999999999994e+01,3.204381204824358065e-14
1.243800000000000061e+01,3.660266534311062969e-14
1.243999999999999950e+01,3.776839951896704406e-14
1.244200000000000017e+01,3.164482564876891502e-14
1.244400000000000084e+01,3.661307368396649053e-14
1.244599999999999973e+01,3.707451012857632122e-14
1.244800000000000040e+01,3.447242491461111058e-14
1.245000000000000107e+01,3.161013117924937887e-14
1.245199999999999996e+01,4.051273205796235288e-14
1.245400000000000063e+01,3.354955202539144921e-14
1.245599999999999952e+01,3.071848331259730003e-14
1.245800000000000018e+01,3.573183415817027253e-14
1.246000000000000085e+01,3.618633170887619599e-14
1.246199999999999974e+01,3.829228600871203980e-14
1.246400000000000041e+01,3.886474475578438614e-14
1.246600000000000108e+01,3.243932900076629267e-14
1.246799999999999997e+01,3.690450722793059413e-14
1.247000000000000064e+01,3.377853552422038774e-14
1.247199999999999953e+01,3.535366444040732858e-14
1.247400000000000020e+01,3.579775365025739120e-14
1.247600000000000087e+01,3.760880495917717781e-14
1.247799999999999976e+01,3.854902508315660725e-14
1.248000000000000043e+01,3.587061203624841710e-14
1.248200000000000109e+01,3.751166044452247661e-14
1.248399999999999999e+01,3.310546281554138659e-14
1.248600000000000065e+01,3.545774784896593701e-14
1.248799999999999955e+01,3.543693116725421532e-14
1.249000000000000021e+01,3.664082925958211945e-14
1.249200000000000088e+01,3.437874984690836300e-14
1.249399999999999977e+01,3.547509508372570508e-14
1.249600000000000044e+01,3.566938411303510748e-14
1.249800000000000111e+01,3.722716579446228025e-14
1.250000000000000000e+01,3.778574675372681213e-14
1.250200000000000067e+01,3.870515019599451989e-14
1.250399999999999956e+01,3.267178194654718482e-14
1.250600000000000023e+01,3.349404087416019138e-14
1.250800000000000090e+01,3.792105518485300308e-14
1.250999999999999979e+01,3.886821420273633976e-14
1.251200000000000045e+01,3.681777105413175377e-14
1.251400000000000112e+01,3.415323579503137807e-14
1.251600000000000001e+01,3.119379754501494517e-14
1.251800000000000068e+01,3.587061203624841710e-14
1.251999999999999957e+01,3.290770433928003058e-14
1.252200000000000024e+01,3.421221639321458952e-14
1.252400000000000091e+01,3.157196726277788912e-14
1.252599999999999980e+01,3.629041511743480442e-14
1.252800000000000047e+01,3.698083506087357364e-14
1.253000000000000114e+01,3.778921620067876574e-14
1.253200000000000003e+01,3.529468384222411714e-14
1.253400000000000070e+01,3.963843142607004211e-14
1.253599999999999959e+01,3.785860513971783803e-14
1.253800000000000026e+01,3.818126370624952415e-14
1.254000000000000092e+01,3.209585375252288486e-14
1.254199999999999982e+01,3.227973444097642641e-14
1.254400000000000048e+01,3.435099427129273408e-14
1.254599999999999937e+01,3.422609418102240397e-14
1.254800000000000004e+01,3.640837631380122730e-14
1.255000000000000071e+01,3.311934060334920105e-14
1.255199999999999960e+01,3.776839951896704406e-14
1.255400000000000027e+01,3.507610868425103945e-14
1.255600000000000094e+01,3.657490976749500078e-14
1.255799999999999983e+01,3.688715999317082606e-14
1.256000000000000050e+01,3.416017468893528530e-14
1.256199999999999939e+01,3.593653152833553577e-14
1.256400000000000006e+01,2.934458231962366881e-14
1.256600000000000072e+01,3.355302147234340282e-14
1.256799999999999962e+01,3.036459972349803138e-14
1.257000000000000028e+01,3.185646191283808548e-14
1.257200000000000095e+01,3.613775945154884539e-14
1.257399999999999984e+01,3.753941602013810552e-14
1.257600000000000051e+01,3.867045572647498375e-14
1.257799999999999940e+01,4.021089017314238845e-14
1.258000000000000007e+01,3.326158792837929923e-14
1.258200000000000074e+01,3.443773044509157444e-14
1.258399999999999963e+01,3.505182255558736415e-14
1.258600000000000030e+01,3.621755673144377852e-14
1.258800000000000097e+01,3.353914368453558836e-14
1.258999999999999986e+01,3.809105808549873018e-14
1.259200000000000053e+01,3.563122019656361772e-14
1.259399999999999942e+01,3.259892356055615892e-14
1.259600000000000009e+01,3.703287676515287785e-14
1.259800000000000075e+01,3.833738881908743679e-14
1.259999999999999964e+01,3.218605937327367883e-14
1.260200000000000031e+01,3.304301277040622153e-14
1.260400000000000098e+01,3.751512989147443022e-14
1.260599999999999987e+01,3.860106678743591146e-14
1.260800000000000054e+01,3.204034260129162703e-14
1.260999999999999943e+01,3.732084086216502783e-14
1.261200000000000010e+01,4.209133042110124734e-14
1.261400000000000077e+01,3.533978665259951413e-14
1.261599999999999966e+01,3.228320388792838003e-14
1.261800000000000033e+01,3.035766082959412415e-14
1.262000000000000099e+01,3.781697177629439466e-14
1.262199999999999989e+01,3.454875274755409009e-14
1.262400000000000055e+01,3.682470994803566100e-14
1.262599999999999945e+01,3.800085246474793621e-14
1.262800000000000011e+01,3.819514149405733860e-14
1.263000000000000078e+01,3.618980115582814960e-14
1.263199999999999967e+01,3.684899607669933630e-14
1.263400000000000034e+01,3.832698047823157594e-14
1.263600000000000101e+01,3.482977795066233284e-14
1.263799999999999990e+01,4.041558754330765169e-14
1.264000000000000057e+01,3.699124340172943448e-14
1.264199999999999946e+01,3.435446371824468770e-14
1.264400000000000013e+01,3.499978085130805994e-14
1.264600000000000080e+01,3.652286806321569657e-14
1.264799999999999969e+01,3.733471864997284229e-14
1.265000000000000036e+01,3.453140551279432202e-14
1.265200000000000102e+01,3.569713968865073639e-14
1.265399999999999991e+01,3.652980695711960379e-14
1.265600000000000058e+01,3.088848621324302712e-14
1.265799999999999947e+01,3.798003578303621453e-14
1.266000000000000014e+01,3.178707297379901320e-14
1.266200000000000081e+01,3.289729599842416974e-14
1.266399999999999970e+01,3.740757703596386818e-14
1.266600000000000037e+01,3.531203107698388521e-14
1.266800000000000104e+01,3.948924520713603670e-14
1.266999999999999993e+01,3.720634911275055856e-14
1.267200000000000060e+01,3.462508058049706960e-14
1.267399999999999949e+01,3.510733370681862198e-14
1.267600000000000016e+01,3.576305918073785506e-14
1.267800000000000082e+01,3.862535291609958676e-14
1.267999999999999972e+01,3.416017468893528530e-14
1.268200000000000038e+01,3.645694857112857790e-14
1.268400000000000105e+01,3.635980405647387670e-14
1.268599999999999994e+01,3.767472445126429648e-14
1.268800000000000061e+01,3.566938411303510748e-14
1.268999999999999950e+01,3.631123179914652610e-14
1.269200000000000017e+01,3.275851812034602517e-14
1.269400000000000084e+01,3.752553823233029107e-14
1.269599999999999973e+01,3.529815328917607076e-14
1.269800000000000040e+01,3.578734530940153036e-14
1.270000000000000107e+01,3.400751902304932628e-14
1.270199999999999996e+01,3.439262763471617745e-14
1.270400000000000063e+01,3.853514729534879280e-14
1.270599999999999952e+01,3.357383815405512451e-14
1.270800000000000018e+01,3.283137650633705107e-14
1.271000000000000085e+01,3.164829509572086863e-14
1.271199999999999974e+01,3.188074804150176078e-14
1.271400000000000041e+01,3.311934060334920105e-14
1.271600000000000108e+01,3.374037160774889799e-14
1.271799999999999997e+01,3.430936090786929071e-14
1.272000000000000064e+01,3.553754512886087014e-14
1.272199999999999953e+01,3.750472155061856938e-14
1.272400000000000020e+01,3.439956652862008468e-14
1.272600000000000087e+01,3.845881946240581328e-14
1.272799999999999976e+01,3.656103197968718632e-14
1.273000000000000043e+01,3.358424649491098535e-14
1.273200000000000109e+01,3.444813878594743528e-14
1.273399999999999999e+01,3.552366734105305568e-14
1.273600000000000065e+01,3.658184866139890801e-14
1.273799999999999955e+01,3.745614929329121878e-14
1.274000000000000021e+01,3.869821130209061266e-14
1.274200000000000088e+01,3.585673424844060264e-14
1.274399999999999977e+01,3.709185736333608929e-14
1.274600000000000044e+01,3.370914658518131546e-14
1.274800000000000111e+01,3.469793896648809550e-14
1.275000000000000000e+01,4.044681256587523421e-14
1.275200000000000067e+01,3.583938701368083457e-14
1.275399999999999956e+01,3.515937541109792619e-14
1.275600000000000023e+01,4.272970866026071235e-14
1.275800000000000090e+01,3.672062653947705257e-14
1.275999999999999979e+01,4.126560204653628716e-14
1.276200000000000045e+01,3.440303597557203830e-14
1.276400000000000112e+01,3.567632300693901470e-14
1.276600000000000001e+01,3.300484885393473178e-14
1.276800000000000068e+01,3.384792446325946003e-14
1.276999999999999957e+01,3.819861094100929222e-14
1.277200000000000024e+01,3.591918429357576770e-14
1.277400000000000091e+01,4.128641872824800885e-14
1.277599999999999980e+01,3.781350232934244104e-14
1.277800000000000047e+01,3.094399736447428495e-14
1.278000000000000114e+01,3.196054532139669391e-14
1.278200000000000003e+01,3.365363543395005763e-14
1.278400000000000070e+01,3.417058302979114615e-14
1.278599999999999959e+01,3.517325319890574065e-14
1.278800000000000026e+01,3.585326480148864903e-14
1.279000000000000092e+01,3.381669944069187750e-14
1.279199999999999982e+01,3.819167204710538499e-14
1.279400000000000048e+01,3.579428420330543759e-14
1.279600000000000115e+01,4.105743522941907031e-14
1.279800000000000004e+01,3.784125790495806996e-14
1.280000000000000071e+01,3.503447532082759608e-14
1.280199999999999960e+01,3.626959843572308273e-14
1.280400000000000027e+01,3.351138810891995945e-14
1.280600000000000094e+01,3.266484305264327759e-14
1.280799999999999983e+01,3.524611158489676654e-14
1.281000000000000050e+01,3.994027331089000654e-14
1.281199999999999939e+01,3.367445211566177932e-14
1.281400000000000006e+01,4.192479696740747386e-14
1.281600000000000072e+01,2.831415657489344539e-14
1.281799999999999962e+01,2.852926228591456947e-14
1.282000000000000028e+01,3.299790996003082455e-14
1.282200000000000095e+01,3.457303887621776539e-14
1.282399999999999984e+01,3.575612028683394783e-14
1.282600000000000051e+01,3.638062073818559838e-14
1.282799999999999940e+01,3.441691376337985275e-14
1.283000000000000007e+01,3.474651122381544610e-14
1.283200000000000074e+01,3.558958683314017435e-14
1.283399999999999963e+01,3.764696887564866756e-14
1.283600000000000030e+01,3.808064974464286934e-14
1.283800000000000097e+01,3.537795056907100388e-14
1.283999999999999986e+01,3.278974314291360770e-14
1.284200000000000053e+01,3.279668203681751493e-14
1.284399999999999942e+01,3.453834440669822925e-14
1.284600000000000009e+01,3.499978085130805994e-14
1.284800000000000075e+01,3.722716579446228025e-14
1.284999999999999964e+01,3.688715999317082606e-14
1.285200000000000031e+01,3.803207748731551874e-14
1.285400000000000098e+01,3.213401766899437462e-14
1.285599999999999987e+01,3.371955492603717630e-14
1.285800000000000054e+01,3.001765502830266996e-14
1.285999999999999943e+01,3.073583054735706810e-14
1.286200000000000010e+01,3.583938701368083457e-14
1.286400000000000077e+01,3.332403797351446428e-14
1.286599999999999966e+01,3.088154731933911989e-14
1.286800000000000033e+01,3.485753352627796176e-14
1.287000000000000099e+01,3.625919009486722189e-14
1.287199999999999989e+01,3.682470994803566100e-14
1.287400000000000055e+01,3.898964484605471625e-14
1.287599999999999945e+01,3.947189797237626863e-14
1.287800000000000011e+01,3.206462872995530233e-14
1.288000000000000078e+01,3.427813588530170819e-14
1.288199999999999967e+01,3.415670524198333169e-14
1.288400000000000034e+01,3.999231501516931075e-14
1.288600000000000101e+01,3.664776815348602668e-14
1.288799999999999990e+01,3.824718319833664282e-14
1.289000000000000057e+01,3.927413949611491262e-14
1.289199999999999946e+01,3.603714548994219058e-14
1.289400000000000013e+01,3.744227150548340433e-14
1.289600000000000080e+01,3.475345011771935333e-14
1.289799999999999969e+01,3.496161693483657018e-14
1.290000000000000036e+01,3.297709327831910286e-14
1.290200000000000102e+01,3.392772174315439315e-14
1.290399999999999991e+01,3.378894386507624858e-14
1.290600000000000058e+01,3.559305628009212796e-14
1.290799999999999947e+01,3.657490976749500078e-14
1.291000000000000014e+01,3.713002127980757905e-14
1.291200000000000081e+01,4.325706459695766171e-14
1.291399999999999970e+01,3.576999807464176229e-14
1.291600000000000037e+01,3.030214967836286633e-14
1.291800000000000104e+01,3.002806336915853080e-14
1.291999999999999993e+01,3.863229181000349399e-14
1.292200000000000060e+01,3.530162273612802437e-14
1.292399999999999949e+01,3.711267404504781098e-14
1.292600000000000016e+01,3.813269144892217355e-14
1.292800000000000082e+01,3.598510378566288637e-14
1.292999999999999972e+01,3.666164594129384113e-14
1.293200000000000038e+01,3.406303017428058411e-14
1.293400000000000105e+01,3.473610288295958526e-14
1.293599999999999994e+01,3.581163143806520566e-14
1.293800000000000061e+01,3.671715709252509896e-14
1.293999999999999950e+01,3.008704396734174225e-14
1.294200000000000017e+01,3.505529200253931776e-14
1.294400000000000084e+01,3.249484015199755049e-14
1.294599999999999973e+01,3.682124050108370739e-14
1.294800000000000040e+01,3.836514439470306570e-14
1.295000000000000107e+01,4.275399478892438765e-14
1.295199999999999996e+01,4.055089597443384264e-14
1.295400000000000063e+01,3.332750742046641790e-14
1.295599999999999952e+01,3.129094205966964637e-14
1.295800000000000018e+01,3.879882526369726747e-14
1.296000000000000085e+01,3.667899317605360920e-14
1.296199999999999974e+01,3.744921039938731155e-14
1.296400000000000041e+01,3.906597267899769577e-14
1.296600000000000108e+01,3.580469254416129843e-14
1.296799999999999997e+01,3.351138810891995945e-14
1.297000000000000064e+01,4.098457684342804441e-14
1.297199999999999953e+01,3.854902508315660725e-14
1.297400000000000020e+01,3.679348492546807847e-14
1.297600000000000087e+01,4.182418300580081905e-14
1.297799999999999976e+01,3.433364703653296601e-14
1.298000000000000043e+01,3.497896416959633825e-14
1.298200000000000109e+01,3.317138230762850526e-14
1.298399999999999999e+01,2.972275203738661276e-14
1.298600000000000065e+01,3.406303017428058411e-14
1.298799999999999955e+01,3.590183705881599963e-14
1.299000000000000021e+01,2.977132429471396335e-14
1.299200000000000088e+01,3.337607967779376850e-14
1.299399999999999977e+01,3.456956942926581178e-14
1.299600000000000044e+01,3.551672844714914845e-14
1.299800000000000111e+01,3.722716579446228025e-14
1.300000000000000000e+01,3.778227730677485852e-14
1.300200000000000067e+01,3.885433641492852530e-14
1.300399999999999956e+01,3.605449272470195865e-14
1.300600000000000023e+01,3.321995456495585586e-14
1.300800000000000090e+01,3.748737431585880131e-14
1.300999999999999979e+01,3.612041221678907732e-14
1.301200000000000045e+01,3.594000097528748938e-14
1.301400000000000112e+01,3.785513569276588441e-14
1.301600000000000001e+01,3.782391067019830189e-14
1.301800000000000068e+01,3.587061203624841710e-14
1.301999999999999957e+01,3.723410468836618747e-14
1.302200000000000024e+01,3.390343561449071785e-14
1.302400000000000091e+01,3.463548892135293045e-14
1.302599999999999980e+01,3.586367314234450987e-14
1.302800000000000047e+01,2.997949111183118021e-14
1.303000000000000114e+01,3.308811558078161852e-14
1.303200000000000003e+01,3.483324739761428646e-14
1.303400000000000070e+01,3.622796507229963936e-14
1.303599999999999959e+01,3.730349362740525976e-14
1.303800000000000026e+01,3.820554983491319945e-14
1.304000000000000092e+01,3.568326190084292193e-14
1.304199999999999982e+01,3.344546861683284078e-14
1.304400000000000048e+01,3.305342111126208238e-14
1.304600000000000115e+01,4.226827221565088166e-14
1.304800000000000004e+01,3.552713678800500929e-14
1.305000000000000071e+01,3.702940731820092424e-14
1.305199999999999960e+01,3.360853262357466065e-14
1.305400000000000027e+01,3.875025300636991687e-14
1.305600000000000094e+01,3.548550342458156592e-14
1.305799999999999983e+01,4.037048473293225470e-14
1.306000000000000050e+01,3.442732210423571360e-14
1.306199999999999939e+01,3.890984756615978313e-14
1.306400000000000006e+01,3.598510378566288637e-14
1.306600000000000072e+01,3.474998067076739972e-14
1.306799999999999962e+01,3.366057432785396486e-14
1.307000000000000028e+01,3.171074514085603369e-14
1.307200000000000095e+01,3.628000677657894357e-14
1.307399999999999984e+01,3.346281585159260885e-14
1.307600000000000051e+01,3.859759734048395785e-14
1.307799999999999940e+01,3.197789255615646198e-14
1.308000000000000007e+01,3.217912047936977160e-14
1.308200000000000074e+01,3.094746681142623856e-14
1.308399999999999963e+01,3.476732790552716779e-14
1.308600000000000030e+01,3.923597557964342286e-14
1.308800000000000097e+01,3.766431611040843563e-14
1.308999999999999986e+01,3.428160533225366180e-14
1.309200000000000053e+01,3.504488366168345692e-14
1.309399999999999942e+01,3.643613188941685621e-14
1.309600000000000009e+01,4.117192697883353958e-14
1.309800000000000075e+01,3.523223379708895209e-14
1.309999999999999964e+01,3.552366734105305568e-14
1.310200000000000031e+01,3.642572354856099537e-14
1.310400000000000098e+01,3.387568003887508894e-14
1.310599999999999987e+01,3.477426679943107501e-14
1.310800000000000054e+01,3.572142581731441169e-14
1.310999999999999943e+01,3.348710198025628415e-14
1.311200000000000010e+01,3.340730470036135102e-14
1.311400000000000077e+01,3.900005318691057710e-14
1.311599999999999966e+01,2.792904796322659422e-14
1.311800000000000033e+01,2.995520498316750491e-14
1.312000000000000099e+01,3.031255801921872717e-14
1.312199999999999989e+01,3.459038611097753346e-14
1.312400000000000055e+01,3.608224830031758756e-14
1.312599999999999945e+01,3.711961293895171821e-14
1.312800000000000011e+01,3.469793896648809550e-14
1.313000000000000078e+01,3.596081765699921107e-14
1.313199999999999967e+01,3.694614059135403750e-14
1.313400000000000034e+01,4.025252353656583182e-14
1.313600000000000101e+01,3.948924520713603670e-14
1.313799999999999990e+01,3.597816489175897914e-14
1.314000000000000057e+01,3.338648801864962934e-14
1.314199999999999946e+01,3.803901638121942597e-14
1.314400000000000013e+01,3.520100877452136956e-14
1.314600000000000080e+01,3.578734530940153036e-14
1.314799999999999969e+01,3.777533841287095129e-14
1.315000000000000036e+01,3.796268854827644645e-14
1.315200000000000102e+01,3.509345591901080752e-14
1.315399999999999991e+01,3.348016308635237692e-14
1.315600000000000058e+01,3.665123760043798029e-14
1.315799999999999947e+01,3.523917269099285932e-14
1.316000000000000014e+01,3.943026460895282526e-14
1.316200000000000081e+01,3.647776525284029958e-14
1.316399999999999970e+01,3.792452463180495670e-14
1.316600000000000037e+01,3.525998937270458100e-14
1.316800000000000104e+01,3.562428130265971049e-14
1.316999999999999993e+01,2.944866572818227723e-14
1.317200000000000060e+01,3.450364993717869311e-14
1.317399999999999949e+01,3.437874984690836300e-14
1.317600000000000016e+01,3.577693696854566952e-14
1.317800000000000082e+01,3.406996906818449133e-14
1.317999999999999972e+01,3.519060043366550872e-14
1.318200000000000038e+01,3.491304467750921958e-14
1.318400000000000105e+01,3.609612608812540202e-14
1.318599999999999994e+01,3.738329090730019288e-14
1.318800000000000061e+01,4.292052824261816113e-14
1.318999999999999950e+01,3.215830379765804992e-14
1.319200000000000017e+01,3.307423779297380406e-14
1.319400000000000084e+01,3.424344141578217204e-14
1.319599999999999973e+01,3.530162273612802437e-14
1.319800000000000040e+01,3.599551212651874721e-14
1.320000000000000107e+01,3.683164884193956823e-14
1.320199999999999996e+01,3.498590306350024548e-14
1.320400000000000063e+01,3.531550052393583883e-14
1.320599999999999952e+01,3.961414529740636681e-14
1.320800000000000018e+01,3.740757703596386818e-14
1.321000000000000085e+01,3.506570034339517861e-14
1.321199999999999974e+01,3.549938121238938038e-14
1.321400000000000041e+01,2.939662402390297302e-14
1.321600000000000108e+01,3.334138520827423235e-14
1.321799999999999997e+01,3.482630850371037923e-14
1.322000000000000064e+01,3.621755673144377852e-14
1.322199999999999953e+01,4.028374855913341435e-14
1.322400000000000020e+01,3.817779425929757053e-14
1.322600000000000087e+01,3.902086986862229878e-14
1.322799999999999976e+01,3.249137070504559688e-14
1.323000000000000043e+01,3.748737431585880131e-14
1.323200000000000109e+01,3.463548892135293045e-14
1.323399999999999999e+01,3.540917559163858641e-14
1.323600000000000065e+01,3.586714258929646348e-14
1.323799999999999955e+01,3.444813878594743528e-14
1.324000000000000021e+01,3.011133009600541754e-14
1.324200000000000088e+01,3.516631430500183342e-14
1.324399999999999977e+01,3.638409018513755200e-14
1.324600000000000044e+01,3.408731630294425941e-14
1.324800000000000111e+01,3.535366444040732858e-14
1.325000000000000000e+01,3.544733950811007617e-14
1.325200000000000067e+01,3.310893226249334020e-14
1.325399999999999956e+01,4.170622180943439616e-14
1.325600000000000023e+01,3.154074224021030659e-14
1.325800000000000090e+01,3.627653732962698996e-14
1.325999999999999979e+01,3.377506607726843413e-14
1.326200000000000045e+01,3.739369924815605373e-14
1.326400000000000112e+01,3.569020079474682916e-14
1.326600000000000001e+01,3.656103197968718632e-14
1.326800000000000068e+01,3.417405247674309976e-14
1.326999999999999957e+01,3.896882816434299457e-14
1.327200000000000024e+01,3.515590596414597258e-14
1.327400000000000091e+01,3.674144322118877426e-14
1.327599999999999980e+01,3.741104648291582180e-14
1.327800000000000047e+01,3.547509508372570508e-14
1.328000000000000114e+01,3.640143741989732007e-14
1.328200000000000003e+01,3.684205718279542907e-14
1.328400000000000070e+01,3.127706427186183191e-14
1.328599999999999959e+01,3.492692246531703404e-14
1.328800000000000026e+01,3.589836761186404601e-14
1.329000000000000092e+01,3.748737431585880131e-14
1.329199999999999982e+01,3.519406988061746233e-14
1.329400000000000048e+01,3.527039771356044184e-14
1.329600000000000115e+01,3.562081185570775688e-14
1.329800000000000004e+01,3.811534421416240548e-14
1.330000000000000071e+01,4.203581926986998951e-14
1.330199999999999960e+01,3.243585955381433905e-14
1.330400000000000027e+01,3.382363833459578473e-14
1.330600000000000094e+01,3.355302147234340282e-14
1.330799999999999983e+01,3.480202237504670393e-14
1.331000000000000050e+01,3.981190377366772282e-14
1.331200000000000117e+01,3.742839371767558987e-14
1.331400000000000006e+01,3.431629980177319794e-14
1.331600000000000072e+01,3.175237850427947706e-14
1.331799999999999962e+01,3.570060913560269000e-14
1.332000000000000028e+01,3.724104358227009470e-14
1.332200000000000095e+01,3.450364993717869311e-14
1.332399999999999984e+01,3.573530360512222614e-14
1.332600000000000051e+01,3.649858193455202127e-14
1.332799999999999940e+01,3.394506897791416122e-14
1.333000000000000007e+01,3.492692246531703404e-14
1.333200000000000074e+01,3.604061493689414419e-14
1.333399999999999963e+01,3.624531230705940743e-14
1.333600000000000030e+01,3.387568003887508894e-14
1.333800000000000097e+01,3.851433061363707111e-14
1.333999999999999986e+01,3.313321839115701550e-14
1.334200000000000053e+01,3.380976054678797027e-14
1.334399999999999942e+01,3.432323869567710517e-14
1.334600000000000009e+01,3.877106968808163856e-14
1.334800000000000075e+01,3.236647061477526677e-14
1.334999999999999964e+01,3.771635781468773985e-14
1.335200000000000031e+01,3.510733370681862198e-14
1.335400000000000098e+01,3.589489816491209240e-14
1.335599999999999987e+01,3.316791286067655165e-14
1.335800000000000054e+01,4.129335762215191608e-14
1.335999999999999943e+01,3.473957232991153887e-14
1.336200000000000010e+01,3.641531520770513453e-14
1.336400000000000077e+01,3.284178484719291191e-14
1.336599999999999966e+01,3.389649672058681062e-14
1.336800000000000033e+01,3.542999227335030810e-14
1.337000000000000099e+01,3.642225410160904175e-14
1.337199999999999989e+01,3.687328220536301160e-14
1.337400000000000055e+01,3.796268854827644645e-14
1.337599999999999945e+01,3.876066134722577772e-14
1.337800000000000011e+01,3.269259862825890650e-14
1.338000000000000078e+01,3.418099137064700699e-14
1.338199999999999967e+01,3.494426970007680211e-14
1.338400000000000034e+01,3.566244521913120025e-14
1.338600000000000101e+01,3.287647931671244805e-14
1.338799999999999990e+01,3.752206878537833745e-14
1.339000000000000057e+01,3.514549762329011173e-14
1.339199999999999946e+01,3.598163433871093275e-14
1.339400000000000013e+01,3.708491846943218206e-14
1.339600000000000080e+01,3.399364123524151182e-14
1.339799999999999969e+01,3.492345301836508042e-14
1.340000000000000036e+01,3.369526879737350100e-14
1.340200000000000102e+01,3.655062363883132548e-14
1.340399999999999991e+01,3.098216128094577471e-14
1.340600000000000058e+01,3.531896997088779244e-14
1.340799999999999947e+01,3.588102037710427794e-14
1.341000000000000014e+01,4.162642452953946304e-14
1.341200000000000081e+01,4.270889197854899066e-14
1.341399999999999970e+01,2.912600716165059112e-14
1.341600000000000037e+01,3.245320678857410712e-14
1.341800000000000104e+01,3.775452173115922960e-14
1.341999999999999993e+01,3.438915818776422384e-14
1.342200000000000060e+01,3.643266244246490260e-14
1.342399999999999949e+01,3.312627949725310827e-14
1.342600000000000016e+01,3.782391067019830189e-14
1.342800000000000082e+01,3.535366444040732858e-14
1.342999999999999972e+01,3.234218448611159147e-14
1.343200000000000038e+01,3.799391357084402898e-14
1.343400000000000105e+01,3.472569454210372442e-14
1.343599999999999994e+01,3.486794186713382260e-14
1.343800000000000061e+01,3.715083796151930073e-14
1.343999999999999950e+01,3.349751032111214499e-14
1.344200000000000017e+01,3.816738591844170969e-14
1.344400000000000084e+01,3.578040641549762313e-14
1.344599999999999973e+01,3.718206298408688326e-14
1.344800000000000040e+01,4.177214130152151483e-14
1.345000000000000107e+01,3.542999227335030810e-14
1.345199999999999996e+01,3.260239300750811253e-14
1.345400000000000063e+01,3.329628239789883537e-14
1.345599999999999952e+01,3.430242201396538348e-14
1.345800000000000018e+01,3.499978085130805994e-14
1.346000000000000085e+01,3.649511248760006765e-14
1.346199999999999974e+01,3.800432191169988982e-14
1.346400000000000041e+01,3.394853842486611484e-14
1.346600000000000108e+01,3.218605937327367883e-14
1.346799999999999997e+01,3.290423489232807697e-14
1.347000000000000064e+01,3.751166044452247661e-14
1.347199999999999953e+01,3.502406697997173524e-14
1.347400000000000020e+01,3.318872954238827333e-14
1.347600000000000087e+01,3.642225410160904175e-14
1.347799999999999976e+01,3.443773044509157444e-14
1.348000000000000043e+01,3.531896997088779244e-14
1.348200000000000109e+01,3.587061203624841710e-14
1.348399999999999999e+01,3.701206008344115617e-14
1.348600000000000065e+01,3.819167204710538499e-14
1.348799999999999955e+01,3.944414239676063971e-14
1.349000000000000021e+01,3.358424649491098535e-14
1.349200000000000088e+01,3.340383525340939741e-14
1.349399999999999977e+01,3.393466063705830038e-14
1.349600000000000044e+01,3.921168945097974756e-14
1.349800000000000111e+01,3.365710488090201125e-14
1.350000000000000000e+01,3.744574095243535794e-14
1.350200000000000067e+01,3.541611448554249364e-14
1.350399999999999956e+01,3.601285936127851528e-14
1.350600000000000023e+01,3.648817359369616042e-14
1.350800000000000090e+01,3.459385555792948708e-14
1.350999999999999979e+01,3.128053371881378553e-14
1.351200000000000045e+01,3.990210939441851679e-14
1.351400000000000112e+01,3.365363543395005763e-14
1.351600000000000001e+01,3.482283905675842561e-14
1.351800000000000068e+01,3.545427840201398340e-14
1.351999999999999957e+01,3.630776235219457249e-14
1.352200000000000024e+01,4.154662724964452991e-14
1.352400000000000091e+01,3.824371375138468920e-14
1.352599999999999980e+01,3.237340950867917400e-14
1.352800000000000047e+01,3.354261313148754198e-14
1.353000000000000114e+01,3.358771594186293896e-14
1.353200000000000003e+01,3.457650832316971901e-14
1.353400000000000070e+01,3.650205138150397488e-14
1.353599999999999959e+01,3.692185446269036220e-14
1.353800000000000026e+01,4.150152443926913293e-14
1.354000000000000092e+01,3.512121149462643643e-14
1.354199999999999982e+01,3.735553533168456397e-14
1.354400000000000048e+01,3.400058012914541905e-14
1.354600000000000115e+01,3.410119409075207386e-14
1.354800000000000004e+01,3.945802018456845417e-14
1.355000000000000071e+01,3.369873824432545462e-14
1.355199999999999960e+01,3.395894676572197568e-14
1.355400000000000027e+01,3.839289997031869461e-14
1.355600000000000094e+01,3.600245102042265444e-14
1.355799999999999983e+01,4.504729922416572663e-14
1.356000000000000050e+01,3.398323289438565098e-14
1.356200000000000117e+01,3.868433351428279821e-14
1.356400000000000006e+01,3.261627079531592699e-14
1.356600000000000072e+01,3.342465193512111910e-14
1.356799999999999962e+01,3.392078284925048592e-14
1.357000000000000028e+01,3.559999517399603519e-14
1.357200000000000095e+01,3.571448692341050446e-14
1.357399999999999984e+01,3.763656053479280672e-14
1.357600000000000051e+01,3.524611158489676654e-14
1.357799999999999940e+01,3.558264793923626712e-14
1.358000000000000007e+01,2.928560172144045737e-14
1.358200000000000074e+01,3.323036290581171670e-14
1.358399999999999963e+01,3.131869763528527528e-14
1.358600000000000030e+01,3.569020079474682916e-14
1.358800000000000097e+01,4.120662144835307572e-14
1.358999999999999986e+01,3.381322999373992388e-14
1.359200000000000053e+01,3.520794766842527679e-14
1.359399999999999942e+01,3.617592336802033515e-14
1.359600000000000009e+01,3.317485175458045887e-14
1.359800000000000075e+01,3.834085826603939040e-14
1.359999999999999964e+01,3.890984756615978313e-14
1.360200000000000031e+01,3.307770723992575768e-14
1.360400000000000098e+01,3.043745810948905728e-14
1.360599999999999987e+01,3.450364993717869311e-14
1.360800000000000054e+01,3.548203397762961231e-14
1.360999999999999943e+01,3.697389616696966641e-14
1.361200000000000010e+01,3.749084376281075492e-14
1.361400000000000077e+01,3.149910887678686322e-14
1.361599999999999966e+01,3.625919009486722189e-14
1.361800000000000033e+01,3.692879335659426943e-14
1.362000000000000099e+01,3.391384395534657870e-14
1.362199999999999989e+01,3.517325319890574065e-14
1.362400000000000055e+01,3.577346752159371590e-14
1.362599999999999945e+01,3.433017758958101240e-14
1.362800000000000011e+01,3.418793026455091422e-14
1.363000000000000078e+01,3.580469254416129843e-14
1.363199999999999967e+01,3.705716289381655315e-14
1.363400000000000034e+01,3.678654603156417124e-14
1.363600000000000101e+01,3.917352553450825781e-14
1.363799999999999990e+01,3.595040931614335022e-14
1.364000000000000057e+01,3.345934640464065524e-14
1.364199999999999946e+01,3.434058593043687324e-14
1.364400000000000013e+01,3.443773044509157444e-14
1.364600000000000080e+01,3.638755963208950561e-14
1.364799999999999969e+01,3.662001257787039776e-14
1.365000000000000036e+01,3.082256672115590845e-14
1.365200000000000102e+01,3.866698627952303013e-14
1.365399999999999991e+01,3.603367604299023697e-14
1.365600000000000058e+01,4.121009089530502933e-14
1.365799999999999947e+01,3.097522238704186748e-14
1.366000000000000014e+01,3.525305047880067377e-14
1.366200000000000081e+01,3.274464033253821071e-14
1.366399999999999970e+01,3.375424939555671244e-14
1.366600000000000037e+01,3.079828059249223315e-14
1.366800000000000104e+01,3.507610868425103945e-14
1.366999999999999993e+01,4.102967965380344140e-14
1.367200000000000060e+01,3.826799988004836450e-14
1.367399999999999949e+01,3.955863414617510898e-14
1.367600000000000016e+01,3.255035130322880832e-14
1.367800000000000082e+01,3.350097976806409861e-14
1.367999999999999972e+01,3.377506607726843413e-14
1.368200000000000038e+01,3.924985336745123732e-14
1.368400000000000105e+01,3.615163723935665985e-14
1.368599999999999994e+01,3.831657213737571510e-14
1.368800000000000061e+01,3.775799117811118322e-14
1.368999999999999950e+01,3.596775655090311830e-14
1.369200000000000017e+01,3.358077704795903173e-14
1.369400000000000084e+01,3.375077994860475883e-14
1.369599999999999973e+01,3.454181385365018286e-14
1.369800000000000040e+01,3.564509798437143218e-14
1.370000000000000107e+01,3.706063234076850677e-14
1.370199999999999996e+01,3.093705847057037772e-14
1.370400000000000063e+01,3.128053371881378553e-14
1.370599999999999952e+01,3.948577576018408308e-14
1.370800000000000018e+01,3.306729889906989683e-14
1.371000000000000085e+01,3.856637231791637532e-14
1.371199999999999974e+01,3.925679226135514455e-14
1.371400000000000041e+01,3.272035420387453541e-14
1.371600000000000108e+01,3.484365573847014730e-14
1.371799999999999997e+01,3.039235529911366029e-14
1.372000000000000064e+01,3.169686735304821923e-14
1.372199999999999953e+01,3.685940441755519714e-14
1.372400000000000020e+01,3.352179644977582029e-14
1.372600000000000087e+01,3.986047603099507342e-14
1.372799999999999976e+01,3.571448692341050446e-14
1.373000000000000043e+01,3.379241331202820220e-14
1.373200000000000109e+01,3.725839081702986277e-14
1.373399999999999999e+01,3.599204267956679359e-14
1.373600000000000065e+01,3.289035710452026251e-14
1.373799999999999955e+01,3.711961293895171821e-14
1.374000000000000021e+01,3.421568584016654313e-14
1.374200000000000088e+01,3.552713678800500929e-14
1.374399999999999977e+01,3.705369344686459954e-14
1.374600000000000044e+01,3.350097976806409861e-14
1.374800000000000111e+01,3.864963904476326206e-14
1.375000000000000000e+01,3.566244521913120025e-14
1.375200000000000067e+01,3.001071613439876273e-14
1.375399999999999956e+01,3.710920459809585736e-14
1.375600000000000023e+01,3.487488076103772983e-14
1.375800000000000090e+01,3.992292607613023847e-14
1.375999999999999979e+01,3.714736851456734712e-14
1.376200000000000045e+01,3.819514149405733860e-14
1.376400000000000112e+01,3.616204558021252069e-14
1.376600000000000001e+01,3.619674004973205683e-14
1.376800000000000068e+01,3.344546861683284078e-14
1.376999999999999957e+01,3.480896126895061116e-14
1.377200000000000024e+01,3.550632010629328761e-14
1.377400000000000091e+01,3.283484595328900468e-14
1.377599999999999980e+01,3.788636071533346694e-14
1.377800000000000047e+01,3.448630270241892504e-14
1.378000000000000114e+01,3.939210069248133550e-14
1.378200000000000003e+01,3.746655763414707963e-14
1.378400000000000070e+01,3.800432191169988982e-14
1.378599999999999959e+01,3.577346752159371590e-14
1.378800000000000026e+01,3.292852102099175227e-14
1.379000000000000092e+01,3.329975184485078898e-14
1.379199999999999982e+01,3.469793896648809550e-14
1.379400000000000048e+01,3.511427260072252921e-14
1.379600000000000115e+01,3.733818809692479590e-14
1.379800000000000004e+01,3.678307658461221763e-14
1.380000000000000071e+01,3.473610288295958526e-14
1.380199999999999960e+01,3.677613769070831040e-14
1.380400000000000027e+01,3.631817069305043333e-14
1.380600000000000094e+01,3.479508348114279670e-14
1.380799999999999983e+01,3.482283905675842561e-14
1.381000000000000050e+01,3.599551212651874721e-14
1.381200000000000117e+01,4.064457104213659022e-14
1.381400000000000006e+01,3.496161693483657018e-14
1.381600000000000072e+01,3.939903958638524273e-14
1.381799999999999962e+01,4.006517340116033665e-14
1.382000000000000028e+01,3.840330831117455546e-14
1.382200000000000095e+01,3.477079735247912140e-14
1.382399999999999984e+01,3.505182255558736415e-14
1.382600000000000051e+01,2.967764922701121577e-14
1.382799999999999940e+01,3.421915528711849674e-14
1.383000000000000007e+01,3.065950271441408859e-14
1.383200000000000074e+01,3.596081765699921107e-14
1.383399999999999963e+01,3.325117958752343839e-14
1.383600000000000030e+01,3.820554983491319945e-14
1.383800000000000097e+01,3.545427840201398340e-14
1.383999999999999986e+01,3.585326480148864903e-14
1.384200000000000053e+01,3.721328800665446579e-14
1.384399999999999942e+01,3.498937251045219909e-14
1.384600000000000009e+01,3.529121439527216353e-14
1.384800000000000075e+01,3.958292027483878428e-14
1.384999999999999964e+01,4.129682706910386969e-14
1.385200000000000031e+01,3.409425519684816663e-14
1.385400000000000098e+01,3.997843722736149630e-14
1.385599999999999987e+01,3.689062944012277967e-14
1.385800000000000054e+01,3.427466643834975457e-14
1.385999999999999943e+01,3.811187476721045186e-14
1.386200000000000010e+01,3.235259282696745231e-14
1.386400000000000077e+01,3.355649091929535643e-14
1.386599999999999966e+01,3.320260733019608779e-14
1.386800000000000033e+01,3.542652282639835448e-14
1.387000000000000099e+01,3.640143741989732007e-14
1.387199999999999989e+01,3.706410178772046038e-14
1.387400000000000055e+01,3.838596107641478739e-14
1.387599999999999945e+01,3.182523689027050295e-14
1.387800000000000011e+01,3.257463743189248362e-14
1.388000000000000078e+01,3.282096816548119023e-14
1.388199999999999967e+01,3.498937251045219909e-14
1.388400000000000034e+01,3.240463453124675652e-14
1.388600000000000101e+01,3.680736271327589293e-14
1.388799999999999990e+01,3.372996326689303714e-14
1.389000000000000057e+01,3.916311719365239696e-14
1.389199999999999946e+01,3.572142581731441169e-14
1.389400000000000013e+01,3.396935510657783652e-14
1.389600000000000080e+01,4.075212389764715226e-14
1.389799999999999969e+01,3.621755673144377852e-14
1.390000000000000036e+01,3.607530940641368034e-14
1.390200000000000102e+01,3.367098266870982570e-14
1.390399999999999991e+01,3.416017468893528530e-14
1.390600000000000058e+01,3.545774784896593701e-14
1.390799999999999947e+01,3.711961293895171821e-14
1.391000000000000014e+01,3.706410178772046038e-14
1.391200000000000081e+01,3.853861674230074641e-14
1.391399999999999970e+01,3.211667043423460655e-14
1.391600000000000037e+01,3.709532681028804291e-14
1.391800000000000104e+01,3.399711068219346544e-14
1.391999999999999993e+01,3.516631430500183342e-14
1.392200000000000060e+01,3.589836761186404601e-14
1.392399999999999949e+01,3.745961874024317240e-14
1.392600000000000016e+01,3.463895836830488406e-14
1.392800000000000082e+01,3.876760024112968495e-14
1.392999999999999972e+01,3.667552372910165559e-14
1.393200000000000038e+01,3.765390776955257479e-14
1.393400000000000105e+01,3.463548892135293045e-14
1.393599999999999994e+01,3.567979245389096832e-14
1.393800000000000061e+01,3.322689345885976309e-14
1.393999999999999950e+01,3.415323579503137807e-14
1.394200000000000017e+01,3.520794766842527679e-14
1.394400000000000084e+01,3.478814458723888947e-14
1.394599999999999973e+01,3.736247422558847120e-14
1.394800000000000040e+01,3.789329960923737417e-14
1.395000000000000107e+01,3.510039481291471475e-14
1.395199999999999996e+01,3.592612318747967493e-14
1.395400000000000063e+01,3.394159953096220761e-14
1.395599999999999952e+01,3.182523689027050295e-14
1.395800000000000018e+01,3.416017468893528530e-14
1.396000000000000085e+01,3.269953752216281373e-14
1.396199999999999974e+01,3.388608837973094978e-14
1.396400000000000041e+01,3.464589726220879129e-14
1.396600000000000108e+01,3.562428130265971049e-14
1.396799999999999997e+01,3.693573225049817665e-14
1.397000000000000064e+01,4.104008799465930224e-14
1.397199999999999953e+01,3.144359772555560539e-14
1.397400000000000020e+01,3.670327930471728450e-14
1.397600000000000087e+01,3.307076834602185045e-14
1.397799999999999976e+01,3.470834730734395634e-14
1.398000000000000043e+01,3.485753352627796176e-14
1.398200000000000109e+01,3.622102617839573213e-14
1.398399999999999999e+01,3.724798247617400193e-14
1.398600000000000065e+01,3.407690796208839856e-14
1.398799999999999955e+01,4.019701238533457399e-14
1.399000000000000021e+01,3.629388456438675803e-14
1.399200000000000088e+01,3.413935800722356362e-14
1.399399999999999977e+01,3.491651412446117320e-14
1.399600000000000044e+01,3.609265664117344841e-14
1.399800000000000111e+01,3.334138520827423235e-14
1.400000000000000000e+01,4.137662434899880282e-14
1.400200000000000067e+01,3.482977795066233284e-14
1.400399999999999956e+01,3.269606807521086012e-14
1.400600000000000023e+01,3.696001837916185195e-14
1.400800000000000090e+01,3.742145482377168264e-14
1.400999999999999979e+01,3.593653152833553577e-14
1.401200000000000045e+01,3.671021819862119173e-14
1.401400000000000112e+01,3.755676325489787359e-14
1.401600000000000001e+01,3.483671684456624007e-14
1.401800000000000068e+01,3.585673424844060264e-14
1.401999999999999957e+01,3.633551792781020140e-14
1.402200000000000024e+01,3.803901638121942597e-14
1.402400000000000091e+01,3.801473025255575067e-14
1.402599999999999980e+01,3.287300986976049444e-14
1.402800000000000047e+01,3.280709037767337577e-14
1.403000000000000114e+01,3.389302727363485701e-14
1.403200000000000003e+01,3.133257542309308974e-14
1.403400000000000070e+01,3.585326480148864903e-14
1.403599999999999959e+01,3.425038030968607927e-14
1.403800000000000026e+01,3.843800278069409160e-14
1.404000000000000092e+01,3.547162563677375147e-14
1.404199999999999982e+01,3.989170105356265594e-14
1.404400000000000048e+01,4.138356324290271004e-14
1.404600000000000115e+01,3.147482274812318792e-14
1.404800000000000004e+01,3.575265083988199422e-14
1.405000000000000071e+01,3.253300406846904025e-14
1.405199999999999960e+01,3.738329090730019288e-14
1.405400000000000027e+01,3.563122019656361772e-14
1.405600000000000094e+01,3.953434801751143368e-14
1.405799999999999983e+01,3.672062653947705257e-14
1.406000000000000050e+01,3.462161113354511599e-14
1.406200000000000117e+01,3.913883106498872166e-14
1.406400000000000006e+01,3.208544541166702402e-14
1.406600000000000072e+01,3.807371085073896211e-14
1.406799999999999962e+01,3.414282745417551723e-14
1.407000000000000028e+01,3.591918429357576770e-14
1.407200000000000095e+01,3.710226570419195014e-14
1.407399999999999984e+01,3.325811848142734561e-14
1.407600000000000051e+01,3.502406697997173524e-14
1.407800000000000118e+01,3.603714548994219058e-14
1.408000000000000007e+01,4.026987077132559989e-14
1.408200000000000074e+01,3.477079735247912140e-14
1.408399999999999963e+01,3.502753642692368885e-14
1.408600000000000030e+01,3.608571774726954118e-14
1.408800000000000097e+01,3.300831830088668539e-14
1.408999999999999986e+01,3.453834440669822925e-14
1.409200000000000053e+01,3.906250323204574215e-14
1.409399999999999942e+01,3.575612028683394783e-14
1.409600000000000009e+01,3.786207458666979164e-14
1.409800000000000075e+01,3.453834440669822925e-14
1.409999999999999964e+01,3.220687605498540051e-14
1.410200000000000031e+01,3.625919009486722189e-14
1.410400000000000098e+01,2.997255221792727298e-14
1.410599999999999987e+01,3.435446371824468770e-14
1.410800000000000054e+01,3.539876725078272557e-14
1.410999999999999943e+01,4.434647093987109656e-14
1.411200000000000010e+01,3.428854422615756903e-14
1.411400000000000077e+01,3.829575545566399342e-14
1.411599999999999966e+01,3.309852392163747936e-14
1.411800000000000033e+01,3.341077414731330464e-14
1.412000000000000099e+01,3.437874984690836300e-14
1.412199999999999989e+01,3.467712228477637382e-14
1.412400000000000055e+01,4.009639842372791918e-14
1.412599999999999945e+01,3.784819679886197719e-14
1.412800000000000011e+01,3.445507767985134251e-14
1.413000000000000078e+01,3.576305918073785506e-14
1.413199999999999967e+01,3.656450142663913994e-14
1.413400000000000034e+01,3.395894676572197568e-14
1.413600000000000101e+01,3.524611158489676654e-14
1.413799999999999990e+01,2.791863962237073338e-14
1.414000000000000057e+01,3.338995746560158295e-14
1.414199999999999946e+01,3.378547441812429497e-14
1.414400000000000013e+01,3.541264503859054003e-14
1.414600000000000080e+01,3.584979535453669541e-14
1.414799999999999969e+01,3.769901057992797178e-14
1.415000000000000036e+01,3.537101167516709666e-14
1.415200000000000102e+01,3.119032809806299156e-14
1.415399999999999991e+01,3.928454783697077346e-14
1.415600000000000058e+01,3.815003868368194162e-14
1.415799999999999947e+01,3.546468674286984424e-14
1.416000000000000014e+01,3.561387296180384965e-14
1.416200000000000081e+01,3.285219318804877275e-14
1.416399999999999970e+01,3.755676325489787359e-14
1.416600000000000037e+01,3.135686155175676504e-14
1.416800000000000104e+01,3.603714548994219058e-14
1.416999999999999993e+01,3.703287676515287785e-14
1.417200000000000060e+01,3.745614929329121878e-14
1.417399999999999949e+01,3.910413659546918552e-14
1.417600000000000016e+01,3.323383235276367031e-14
1.417800000000000082e+01,3.413241911331965639e-14
1.417999999999999972e+01,3.094052791752233134e-14
1.418200000000000038e+01,3.485406407932600814e-14
1.418400000000000105e+01,3.603714548994219058e-14
1.418599999999999994e+01,3.802513859341161151e-14
1.418800000000000061e+01,3.448630270241892504e-14
1.418999999999999950e+01,3.597816489175897914e-14
1.419200000000000017e+01,3.734512699082870313e-14
1.419400000000000084e+01,4.142866605327810703e-14
1.419599999999999973e+01,3.550632010629328761e-14
1.419800000000000040e+01,3.635286516256996947e-14
1.420000000000000107e+01,2.929601006229631821e-14
1.420199999999999996e+01,3.755329380794591998e-14
1.420400000000000063e+01,3.576999807464176229e-14
1.420599999999999952e+01,3.303607387650231431e-14
1.420800000000000018e+01,4.084232951839794623e-14
1.421000000000000085e+01,4.292052824261816113e-14
1.421199999999999974e+01,3.568326190084292193e-14
1.421400000000000041e+01,3.369179935042154739e-14
1.421600000000000108e+01,3.364669654004615040e-14
1.421799999999999997e+01,3.449671104327478588e-14
1.422000000000000064e+01,3.611694276983712371e-14
1.422199999999999953e+01,4.007905118896815111e-14
1.422400000000000020e+01,3.082603616810786207e-14
1.422600000000000087e+01,3.481936960980647200e-14
1.422799999999999976e+01,3.618980115582814960e-14
1.423000000000000043e+01,3.687675165231496521e-14
1.423200000000000109e+01,3.393466063705830038e-14
1.423399999999999999e+01,3.213054822204242100e-14
1.423600000000000065e+01,3.671021819862119173e-14
1.423799999999999955e+01,3.367792156261373293e-14
1.424000000000000021e+01,3.488181965494163705e-14
1.424200000000000088e+01,3.555836181057259182e-14
1.424399999999999977e+01,3.693920169745013027e-14
1.424600000000000044e+01,3.788636071533346694e-14
1.424800000000000111e+01,3.427119699139780096e-14
1.425000000000000000e+01,3.645000967722467067e-14
1.425200000000000067e+01,3.278627369596165408e-14
1.425399999999999956e+01,3.422956362797435759e-14
1.425600000000000023e+01,3.557570904533235989e-14
1.425800000000000090e+01,4.005129561335252220e-14
1.425999999999999979e+01,3.726879915788572362e-14
1.426200000000000045e+01,3.166564233048063670e-14
1.426400000000000112e+01,3.425731920358998650e-14
1.426600000000000001e+01,3.730696307435721337e-14
1.426800000000000068e+01,3.737982146034823927e-14
1.426999999999999957e+01,3.512815038853034366e-14
1.427200000000000024e+01,3.596775655090311830e-14
1.427400000000000091e+01,3.702246842429701701e-14
1.427599999999999980e+01,3.369526879737350100e-14
1.427800000000000047e+01,3.074970833516488256e-14
1.428000000000000114e+01,3.710226570419195014e-14
1.428200000000000003e+01,3.646388746503248512e-14
1.428400000000000070e+01,3.851780006058902472e-14
1.428599999999999959e+01,3.598163433871093275e-14
1.428800000000000026e+01,3.280362093072142216e-14
1.429000000000000092e+01,3.366404377480591847e-14
1.429199999999999982e+01,3.408731630294425941e-14
1.429400000000000048e+01,3.233177614525573063e-14
1.429600000000000115e+01,3.602673714908632974e-14
1.429800000000000004e+01,4.088743232877334322e-14
1.430000000000000071e+01,3.174543961037556983e-14
1.430199999999999960e+01,3.580816199111325204e-14
1.430400000000000027e+01,3.708838791638413568e-14
1.430600000000000094e+01,3.750472155061856938e-14
1.430799999999999983e+01,3.176278684513533790e-14
1.431000000000000050e+01,3.605102327775000504e-14
1.431200000000000117e+01,3.302219608869449985e-14
1.431400000000000006e+01,3.072889165345316087e-14
1.431600000000000072e+01,3.930189507173054153e-14
1.431799999999999962e+01,4.062722380737682215e-14
1.432000000000000028e+01,3.746655763414707963e-14
1.432200000000000095e+01,3.875025300636991687e-14
1.432399999999999984e+01,3.225544831231275111e-14
1.432600000000000051e+01,3.263361803007569506e-14
1.432800000000000118e+01,3.004888005087025249e-14
1.433000000000000007e+01,3.447242491461111058e-14
1.433200000000000074e+01,3.575612028683394783e-14
1.433399999999999963e+01,3.692879335659426943e-14
1.433600000000000030e+01,3.738676035425214650e-14
1.433800000000000097e+01,3.610653442898126286e-14
1.433999999999999986e+01,3.556877015142845266e-14
1.434200000000000053e+01,3.764696887564866756e-14
1.434399999999999942e+01,3.881617249845703554e-14
1.434600000000000009e+01,3.186687025369394632e-14
1.434800000000000075e+01,3.569020079474682916e-14
1.434999999999999964e+01,3.453487495974627564e-14
1.435200000000000031e+01,3.821942762272101390e-14
1.435400000000000098e+01,3.608224830031758756e-14
1.435599999999999987e+01,3.643960133636880983e-14
1.435800000000000054e+01,3.383404667545164557e-14
1.435999999999999943e+01,4.277828091758806295e-14
1.436200000000000010e+01,3.265096526483546313e-14
1.436400000000000077e+01,2.961172973492409710e-14
1.436599999999999966e+01,3.398323289438565098e-14
1.436800000000000033e+01,3.558611738618822073e-14
1.437000000000000099e+01,3.588448982405623156e-14
1.437199999999999989e+01,3.737288256644433204e-14
1.437400000000000055e+01,3.924638392049928370e-14
1.437599999999999945e+01,3.559999517399603519e-14
1.437800000000000011e+01,3.716124630237516158e-14
1.438000000000000078e+01,3.758451883051350251e-14
1.438199999999999967e+01,3.544040061420616894e-14
1.438400000000000034e+01,3.558264793923626712e-14
1.438600000000000101e+01,3.334138520827423235e-14
1.438799999999999990e+01,3.807718029769091572e-14
1.439000000000000057e+01,3.501018919216392078e-14
1.439199999999999946e+01,3.589836761186404601e-14
1.439400000000000013e+01,3.768860223907211093e-14
1.439600000000000080e+01,4.217806659490008769e-14
1.439799999999999969e+01,3.567285355998706109e-14
1.440000000000000036e+01,3.336567133693790765e-14
1.440200000000000102e+01,2.984418268070498925e-14
1.440399999999999991e+01,3.805983306293114765e-14
1.440600000000000058e+01,3.588448982405623156e-14
1.440799999999999947e+01,3.381669944069187750e-14
1.441000000000000014e+01,3.734859643778065674e-14
1.441200000000000081e+01,3.538835890992686473e-14
1.441399999999999970e+01,3.199523979091623005e-14
1.441600000000000037e+01,3.678654603156417124e-14
1.441800000000000104e+01,3.546121729591789062e-14
1.441999999999999993e+01,3.085032229677153737e-14
1.442200000000000060e+01,3.533631720564756051e-14
1.442399999999999949e+01,3.793493297266081754e-14
1.442600000000000016e+01,3.044092755644101089e-14
1.442800000000000082e+01,3.534325609955146774e-14
1.442999999999999972e+01,3.676225990290049594e-14
1.443200000000000038e+01,3.782044122324634827e-14
1.443400000000000105e+01,3.778227730677485852e-14
1.443599999999999994e+01,3.981537322061967643e-14
1.443800000000000061e+01,2.984765212765694287e-14
1.443999999999999950e+01,3.416017468893528530e-14
1.444200000000000017e+01,3.519753932756941595e-14
1.444400000000000084e+01,3.213401766899437462e-14
1.444599999999999973e+01,3.699818229563334171e-14
1.444800000000000040e+01,3.734165754387674951e-14
1.445000000000000107e+01,3.923944502659537648e-14
1.445199999999999996e+01,3.354955202539144921e-14
1.445400000000000063e+01,3.665817649434188752e-14
1.445599999999999952e+01,3.888556143749610783e-14
1.445800000000000018e+01,3.885780586188047891e-14
1.446000000000000085e+01,3.727226860483767723e-14
1.446199999999999974e+01,3.750819099757052300e-14
1.446400000000000041e+01,3.520100877452136956e-14
1.446600000000000108e+01,3.182176744331854934e-14
1.446799999999999997e+01,3.682124050108370739e-14
1.447000000000000064e+01,3.801819969950770428e-14
1.447199999999999953e+01,3.514202817633815812e-14
1.447400000000000020e+01,3.258504577274834446e-14
1.447600000000000087e+01,3.666164594129384113e-14
1.447799999999999976e+01,3.433017758958101240e-14
1.448000000000000043e+01,3.549938121238938038e-14
1.448200000000000109e+01,3.649511248760006765e-14
1.448399999999999999e+01,3.362587985833442872e-14
1.448600000000000065e+01,3.439609708166813107e-14
1.448799999999999955e+01,3.533631720564756051e-14
1.449000000000000021e+01,4.072783776898347696e-14
1.449200000000000088e+01,3.352526589672777391e-14
1.449399999999999977e+01,3.526345881965653462e-14
1.449600000000000044e+01,3.192585085187715777e-14
1.449800000000000111e+01,3.664776815348602668e-14
1.450000000000000000e+01,3.451752772498650756e-14
1.450200000000000067e+01,3.438221929386031661e-14
1.450399999999999956e+01,3.695307948525794473e-14
1.450600000000000023e+01,4.029068745303732157e-14
1.450800000000000090e+01,3.482283905675842561e-14
1.450999999999999979e+01,3.943373405590477887e-14
1.451200000000000045e+01,3.004541060391829888e-14
1.451400000000000112e+01,3.327893516313906730e-14
1.451600000000000001e+01,3.847269725021362774e-14
1.451800000000000068e+01,3.629041511743480442e-14
1.451999999999999957e+01,3.649164304064811404e-14
1.452200000000000024e+01,3.442385265728375998e-14
1.452400000000000091e+01,3.413935800722356362e-14
1.452599999999999980e+01,3.663735981263016583e-14
1.452800000000000047e+01,3.373690216079694437e-14
1.453000000000000114e+01,3.401098847000127989e-14
1.453200000000000003e+01,3.534325609955146774e-14
1.453400000000000070e+01,3.681083216022784654e-14
1.453599999999999959e+01,3.348710198025628415e-14
1.453800000000000026e+01,3.432323869567710517e-14
1.454000000000000092e+01,3.526692826660848823e-14
1.454199999999999982e+01,3.703287676515287785e-14
1.454400000000000048e+01,4.101233241904367333e-14
1.454600000000000115e+01,3.500325029826001355e-14
1.454800000000000004e+01,3.640837631380122730e-14
1.455000000000000071e+01,3.291811268013589142e-14
1.455199999999999960e+01,3.782391067019830189e-14
1.455400000000000027e+01,3.907638101985355661e-14
1.455600000000000094e+01,4.039130141464397639e-14
1.455799999999999983e+01,3.270994586301867457e-14
1.456000000000000050e+01,3.825065264528859643e-14
1.456200000000000117e+01,2.820660371938288336e-14
1.456400000000000006e+01,2.895947370795681763e-14
1.456600000000000072e+01,3.688369054621887244e-14
1.456799999999999962e+01,3.435793316519664131e-14
1.457000000000000028e+01,3.597122599785507191e-14
1.457200000000000095e+01,3.294239880879956672e-14
1.457399999999999984e+01,3.384792446325946003e-14
1.457600000000000051e+01,3.479855292809475031e-14
1.457800000000000118e+01,3.585326480148864903e-14
1.458000000000000007e+01,3.738329090730019288e-14
1.458200000000000074e+01,3.837902218251088016e-14
1.458399999999999963e+01,3.879535581674531386e-14
1.458600000000000030e+01,3.316097396677264442e-14
1.458800000000000097e+01,3.350097976806409861e-14
1.458999999999999986e+01,3.393119119010634677e-14
1.459200000000000053e+01,3.540917559163858641e-14
1.459399999999999942e+01,3.613082055764493816e-14
1.459600000000000009e+01,4.180683577104105098e-14
1.459800000000000075e+01,3.874678355941796326e-14
1.459999999999999964e+01,3.585326480148864903e-14
1.460200000000000031e+01,2.975744650690614890e-14
1.460400000000000098e+01,3.391384395534657870e-14
1.460599999999999987e+01,3.531896997088779244e-14
1.460800000000000054e+01,3.575612028683394783e-14
1.460999999999999943e+01,3.707797957552827484e-14
1.461200000000000010e+01,3.462508058049706960e-14
1.461400000000000077e+01,3.502406697997173524e-14
1.461599999999999966e+01,3.313668783810896912e-14
1.461800000000000033e+01,3.731390196826112060e-14
1.462000000000000099e+01,3.852473895449293195e-14
1.462199999999999989e+01,4.002700948468884690e-14
1.462400000000000055e+01,3.295280714965542757e-14
1.462599999999999945e+01,3.323383235276367031e-14
1.462800000000000011e+01,3.580469254416129843e-14
1.463000000000000078e+01,3.616898447411642792e-14
1.463199999999999967e+01,3.680389326632393932e-14
1.463400000000000034e+01,3.767819389821625009e-14
1.463600000000000101e+01,3.616898447411642792e-14
1.463799999999999990e+01,3.601285936127851528e-14
1.464000000000000057e+01,3.299790996003082455e-14
1.464199999999999946e+01,3.804248582817137958e-14
1.464400000000000013e+01,3.499284195740415271e-14
1.464600000000000080e+01,3.342465193512111910e-14
1.464799999999999969e+01,3.320954622409999502e-14
1.465000000000000036e+01,3.502406697997173524e-14
1.465200000000000102e+01,3.219993716108149329e-14
1.465399999999999991e+01,3.301872664174254624e-14
1.465600000000000058e+01,3.374037160774889799e-14
1.465799999999999947e+01,3.551325900019719484e-14
1.466000000000000014e+01,4.239317230592121177e-14
1.466200000000000081e+01,3.375771884250866606e-14
1.466399999999999970e+01,2.669392484833110757e-14
1.466600000000000037e+01,3.527733660746434907e-14
1.466800000000000104e+01,3.566938411303510748e-14
1.466999999999999993e+01,3.311240170944529382e-14
1.467200000000000060e+01,3.835820550079915847e-14
1.467399999999999949e+01,3.610653442898126286e-14
1.467600000000000016e+01,3.593306208138358215e-14
1.467800000000000082e+01,3.813963034282608078e-14
1.467999999999999972e+01,3.517325319890574065e-14
1.468200000000000038e+01,3.928107839001881985e-14
1.468400000000000105e+01,3.782391067019830189e-14
1.468599999999999994e+01,3.346975474549651608e-14
1.468800000000000061e+01,3.498243361654829187e-14
1.468999999999999950e+01,3.596081765699921107e-14
1.469200000000000017e+01,3.785513569276588441e-14
1.469400000000000084e+01,3.413241911331965639e-14
1.469599999999999973e+01,3.948924520713603670e-14
1.469800000000000040e+01,3.597816489175897914e-14
1.470000000000000107e+01,3.406303017428058411e-14
1.470199999999999996e+01,3.076358612297269701e-14
1.470400000000000063e+01,3.222769273669712220e-14
1.470599999999999952e+01,3.320954622409999502e-14
1.470800000000000018e+01,4.088743232877334322e-14
1.471000000000000085e+01,3.887168364968829337e-14
1.471199999999999974e+01,3.638755963208950561e-14
1.471400000000000041e+01,4.038436252074006916e-14
1.471600000000000108e+01,3.422262473407045036e-14
1.471799999999999997e+01,3.592265374052772131e-14
1.472000000000000064e+01,3.655756253273523271e-14
1.472199999999999953e+01,3.724451302922204832e-14
1.472400000000000020e+01,3.442038321033180637e-14
1.472600000000000087e+01,3.522529490318504486e-14
1.472799999999999976e+01,3.571795637036245807e-14
1.473000000000000043e+01,3.784125790495806996e-14
1.473200000000000109e+01,3.913189217108481444e-14
1.473399999999999999e+01,3.605796217165391226e-14
1.473600000000000065e+01,3.201258702567599812e-14
1.473799999999999955e+01,3.425731920358998650e-14
1.474000000000000021e+01,3.521488656232918402e-14
1.474200000000000088e+01,3.537795056907100388e-14
1.474399999999999977e+01,3.303260442955036069e-14
1.474600000000000044e+01,3.845881946240581328e-14
1.474800000000000111e+01,3.490957523055726597e-14
1.475000000000000000e+01,3.702593787124897062e-14
1.475200000000000067e+01,3.361200207052661426e-14
1.475399999999999956e+01,3.459385555792948708e-14
1.475600000000000023e+01,3.517672264585769426e-14
1.475800000000000090e+01,3.612388166374103093e-14
1.475999999999999979e+01,3.764349942869671395e-14
1.476200000000000045e+01,3.537795056907100388e-14
1.476400000000000112e+01,3.193625919273301861e-14
1.476600000000000001e+01,4.002007059078493967e-14
1.476800000000000068e+01,3.775105228420727599e-14
1.476999999999999957e+01,3.523223379708895209e-14
1.477200000000000024e+01,3.649858193455202127e-14
1.477400000000000091e+01,3.266137360569132397e-14
1.477599999999999980e+01,3.787248292752565249e-14
1.477800000000000047e+01,3.513508928243425089e-14
1.478000000000000114e+01,3.630082345829066526e-14
1.478200000000000003e+01,3.736594367254042481e-14
1.478400000000000070e+01,4.241398898763293346e-14
1.478599999999999959e+01,3.182176744331854934e-14
1.478800000000000026e+01,2.918498775983380256e-14
1.479000000000000092e+01,3.389996616753876424e-14
1.479199999999999982e+01,3.770594947383187900e-14
1.479400000000000048e+01,3.601285936127851528e-14
1.479600000000000115e+01,3.707104068162436761e-14
1.479800000000000004e+01,3.013561622466909284e-14
1.480000000000000071e+01,3.170727569390408007e-14
1.480199999999999960e+01,3.540917559163858641e-14
1.480400000000000027e+01,3.674491266814072787e-14
1.480600000000000094e+01,4.191785807350356663e-14
1.480799999999999983e+01,3.662695147177430499e-14
1.481000000000000050e+01,3.664082925958211945e-14
1.481200000000000117e+01,3.021541350456402597e-14
1.481400000000000006e+01,3.838943052336674100e-14
1.481600000000000072e+01,3.578734530940153036e-14
1.481799999999999962e+01,4.096029071476436911e-14
1.482000000000000028e+01,3.756023270184982721e-14
1.482200000000000095e+01,3.943373405590477887e-14
1.482399999999999984e+01,3.336220188998595404e-14
1.482600000000000051e+01,3.310199336858943298e-14
1.482800000000000118e+01,3.444119989204352805e-14
1.483000000000000007e+01,3.505876144949127138e-14
1.483200000000000074e+01,3.704675455296069231e-14
1.483399999999999963e+01,3.632164014000238694e-14
1.483600000000000030e+01,3.506916979034713222e-14
1.483800000000000097e+01,3.605449272470195865e-14
1.483999999999999986e+01,3.564509798437143218e-14
1.484200000000000053e+01,3.436834150605250215e-14
1.484400000000000119e+01,3.433017758958101240e-14
1.484600000000000009e+01,3.582203977892106650e-14
1.484800000000000075e+01,3.304301277040622153e-14
1.484999999999999964e+01,3.804248582817137958e-14
1.485200000000000031e+01,3.497549472264438464e-14
1.485400000000000098e+01,3.313668783810896912e-14
1.485599999999999987e+01,3.676572934985244956e-14
1.485800000000000054e+01,3.750472155061856938e-14
1.485999999999999943e+01,3.255382075018076193e-14
1.486200000000000010e+01,3.626265954181917550e-14
1.486400000000000077e+01,3.280709037767337577e-14
1.486599999999999966e+01,3.125971703710206384e-14
1.486800000000000033e+01,3.576305918073785506e-14
1.487000000000000099e+01,3.638755963208950561e-14
1.487199999999999989e+01,3.409425519684816663e-14
1.487400000000000055e+01,3.457650832316971901e-14
1.487599999999999945e+01,3.640837631380122730e-14
1.487800000000000011e+01,3.700165174258529532e-14
1.488000000000000078e+01,3.726186026398181639e-14
1.488199999999999967e+01,3.594693986919139661e-14
1.488400000000000034e+01,4.009986787067987279e-14
1.488600000000000101e+01,3.382363833459578473e-14
1.488799999999999990e+01,3.485059463237405453e-14
1.489000000000000057e+01,3.495120859398070934e-14
1.489199999999999946e+01,3.693573225049817665e-14
1.489400000000000013e+01,3.695307948525794473e-14
1.489600000000000080e+01,3.836861384165501931e-14
1.489799999999999969e+01,3.218258992632172522e-14
1.490000000000000036e+01,3.717859353713492965e-14
1.490200000000000102e+01,3.397282455352979014e-14
1.490399999999999991e+01,3.529468384222411714e-14
1.490600000000000058e+01,3.566591466608315386e-14
1.490799999999999947e+01,3.678307658461221763e-14
1.491000000000000014e+01,3.474651122381544610e-14
1.491200000000000081e+01,3.541958393249444725e-14
1.491399999999999970e+01,3.985006769013921257e-14
1.491600000000000037e+01,3.382016888764383111e-14
1.491800000000000104e+01,3.423997196883021843e-14
1.491999999999999993e+01,3.613429000459689178e-14
1.492200000000000060e+01,3.635286516256996947e-14
1.492399999999999949e+01,3.045133589729687174e-14
1.492600000000000016e+01,3.467018339087246659e-14
1.492800000000000082e+01,3.592612318747967493e-14
1.492999999999999972e+01,3.702593787124897062e-14
1.493200000000000038e+01,3.730696307435721337e-14
1.493400000000000105e+01,3.924291447354733009e-14
1.493599999999999994e+01,3.283831540024095830e-14
1.493800000000000061e+01,3.360159372967075342e-14
1.493999999999999950e+01,3.002459392220657719e-14
1.494200000000000017e+01,3.137073933956457950e-14
1.494400000000000084e+01,3.595387876309530384e-14
1.494599999999999973e+01,3.794534131351667838e-14
1.494800000000000040e+01,3.412201077246379555e-14
1.495000000000000107e+01,3.283137650633705107e-14
1.495199999999999996e+01,3.588102037710427794e-14
1.495400000000000063e+01,3.797656633608426091e-14
1.495599999999999952e+01,3.437181095300445577e-14
1.495800000000000018e+01,3.295627659660738118e-14
1.496000000000000085e+01,3.280362093072142216e-14
1.496199999999999974e+01,3.425038030968607927e-14
1.496400000000000041e+01,3.156155892192202828e-14
1.496600000000000108e+01,3.607530940641368034e-14
1.496799999999999997e+01,3.717859353713492965e-14
1.497000000000000064e+01,3.774064394335141515e-14
1.497199999999999953e+01,3.971475925901302162e-14
1.497400000000000020e+01,3.620020949668401045e-14
1.497600000000000087e+01,3.745614929329121878e-14
1.497799999999999976e+01,3.537448112211905027e-14
1.498000000000000043e+01,3.553754512886087014e-14
1.498200000000000109e+01,3.672756543338095980e-14
1.498399999999999999e+01,3.829922490261594703e-14
1.498600000000000065e+01,3.523223379708895209e-14
1.498799999999999955e+01,3.928107839001881985e-14
1.499000000000000021e+01,3.716818519627906880e-14
1.499200000000000088e+01,3.493733080617289488e-14
1.499399999999999977e+01,3.505182255558736415e-14
1.499600000000000044e+01,3.699471284868138810e-14
1.499800000000000111e+01,3.320260733019608779e-14
1.500000000000000000e+01,3.521835600928113763e-14
1.500200000000000067e+01,3.476038901162326056e-14
1.500399999999999956e+01,3.690450722793059413e-14
1.500600000000000023e+01,3.744574095243535794e-14
1.500800000000000090e+01,4.262562525170210392e-14
1.500999999999999979e+01,3.285566263500072637e-14
1.501200000000000045e+01,3.304301277040622153e-14
1.501400000000000112e+01,3.410119409075207386e-14
1.501600000000000001e+01,3.844494167459799883e-14
1.501800000000000068e+01,3.685246552365128991e-14
1.501999999999999957e+01,3.765043832260062118e-14
1.502200000000000024e+01,3.822289706967296752e-14
1.502400000000000091e+01,3.589489816491209240e-14
1.502599999999999980e+01,3.644654023027271705e-14
1.502800000000000047e+01,3.017031069418862899e-14
1.503000000000000114e+01,3.423303307492631120e-14
1.503200000000000003e+01,3.589836761186404601e-14
1.503400000000000070e+01,3.690450722793059413e-14
1.503599999999999959e+01,3.401792736390518712e-14
1.503800000000000026e+01,3.559305628009212796e-14
1.504000000000000092e+01,3.569713968865073639e-14
1.504199999999999982e+01,3.736941311949237843e-14
1.504400000000000048e+01,3.489222799579749790e-14
1.504600000000000115e+01,3.840330831117455546e-14
1.504800000000000004e+01,2.881722638292671945e-14
1.505000000000000071e+01,3.384098556935555280e-14
1.505199999999999960e+01,3.431976924872515156e-14
1.505400000000000027e+01,3.162053952010523972e-14
1.505600000000000094e+01,3.204728149519553426e-14
1.505799999999999983e+01,3.774758283725532237e-14
1.506000000000000050e+01,3.845881946240581328e-14
1.506200000000000117e+01,3.615163723935665985e-14
1.506400000000000006e+01,3.710226570419195014e-14
1.506600000000000072e+01,3.732084086216502783e-14
1.506799999999999962e+01,4.222663885222743829e-14
1.507000000000000028e+01,3.671715709252509896e-14
1.507200000000000095e+01,3.726879915788572362e-14
1.507399999999999984e+01,3.489569744274945151e-14
1.507600000000000051e+01,3.521141711537723040e-14
1.507800000000000118e+01,3.622102617839573213e-14
1.508000000000000007e+01,3.690797667488254774e-14
1.508200000000000074e+01,3.796615799522840007e-14
1.508399999999999963e+01,3.580122309720934481e-14
1.508600000000000030e+01,3.293545991489565949e-14
1.508800000000000097e+01,3.406996906818449133e-14
1.508999999999999986e+01,3.517325319890574065e-14
1.509200000000000053e+01,3.530509218307997799e-14
1.509400000000000119e+01,3.287994876366440167e-14
1.509600000000000009e+01,3.797309688913230730e-14
1.509800000000000075e+01,3.558264793923626712e-14
1.509999999999999964e+01,3.602673714908632974e-14
1.510200000000000031e+01,3.641878465465708814e-14
1.510400000000000098e+01,3.111746971207196566e-14
1.510599999999999987e+01,3.518713098671355510e-14
1.510800000000000054e+01,3.569713968865073639e-14
1.510999999999999943e+01,3.766084666345648202e-14
1.511200000000000010e+01,3.969047313034934632e-14
1.511400000000000077e+01,3.515243651719401896e-14
1.511599999999999966e+01,3.653327640407155741e-14
1.511800000000000033e+01,3.414976634807942446e-14
1.512000000000000099e+01,3.892719480091955120e-14
1.512199999999999989e+01,3.209238430557093125e-14
1.512400000000000055e+01,3.348016308635237692e-14
1.512599999999999945e+01,3.728614639264549169e-14
1.512800000000000011e+01,3.572489526426636530e-14
1.513000000000000078e+01,3.668940151690947005e-14
1.513199999999999967e+01,3.719247132494274410e-14
1.513400000000000034e+01,3.828534711480813257e-14
1.513600000000000101e+01,3.595734821004725745e-14
1.513799999999999990e+01,2.943131849342250916e-14
1.514000000000000057e+01,3.360159372967075342e-14
1.514199999999999946e+01,3.530509218307997799e-14
1.514400000000000013e+01,3.526345881965653462e-14
1.514600000000000080e+01,3.261280134836397337e-14
1.514799999999999969e+01,3.720287966579860495e-14
1.515000000000000036e+01,3.560346462094798881e-14
1.515200000000000102e+01,3.972169815291692885e-14
1.515399999999999991e+01,4.059946823176119324e-14
1.515600000000000058e+01,3.451752772498650756e-14
1.515799999999999947e+01,3.240116508429480291e-14
1.516000000000000014e+01,3.608224830031758756e-14
1.516200000000000081e+01,3.338301857169767572e-14
1.516399999999999970e+01,3.916658664060435058e-14
1.516600000000000037e+01,3.525998937270458100e-14
1.516800000000000104e+01,3.661307368396649053e-14
1.516999999999999993e+01,3.779268564763071936e-14
1.517200000000000060e+01,3.532590886479169967e-14
1.517399999999999949e+01,3.490957523055726597e-14
1.517600000000000016e+01,3.391037450839462508e-14
1.517800000000000082e+01,3.430242201396538348e-14
1.517999999999999972e+01,3.516631430500183342e-14
1.518200000000000038e+01,3.517325319890574065e-14
1.518400000000000105e+01,3.712655183285562543e-14
1.518599999999999994e+01,3.034725248873826331e-14
1.518800000000000061e+01,3.610306498202930925e-14
1.518999999999999950e+01,3.594000097528748938e-14
1.519200000000000017e+01,3.783084956410220911e-14
1.519400000000000084e+01,3.465630560306465213e-14
1.519599999999999973e+01,3.558611738618822073e-14
1.519800000000000040e+01,3.307076834602185045e-14
1.520000000000000107e+01,3.745961874024317240e-14
1.520199999999999996e+01,3.562428130265971049e-14
1.520400000000000063e+01,4.337155634637213097e-14
1.520599999999999952e+01,3.702940731820092424e-14
1.520800000000000018e+01,3.810493587330654464e-14
1.521000000000000085e+01,3.189462582930957524e-14
1.521199999999999974e+01,2.921274333544943147e-14
1.521400000000000041e+01,3.268565973435499927e-14
1.521600000000000108e+01,3.441691376337985275e-14
1.521799999999999997e+01,3.476732790552716779e-14
1.522000000000000064e+01,3.696695727306575918e-14
1.522199999999999953e+01,3.347669363940042331e-14
1.522400000000000020e+01,3.446548602070720335e-14
1.522600000000000087e+01,3.555142291666868459e-14
1.522799999999999976e+01,3.688715999317082606e-14
1.523000000000000043e+01,3.734512699082870313e-14
1.523200000000000109e+01,3.573183415817027253e-14
1.523399999999999999e+01,3.624531230705940743e-14
1.523600000000000065e+01,2.986499936241671094e-14
1.523799999999999955e+01,3.463895836830488406e-14
1.524000000000000021e+01,3.465977505001660575e-14
1.524200000000000088e+01,3.659225700225476885e-14
1.524399999999999977e+01,3.781697177629439466e-14
1.524600000000000044e+01,3.422262473407045036e-14
1.524800000000000111e+01,3.607530940641368034e-14
1.525000000000000000e+01,3.639449852599341284e-14
1.525200000000000067e+01,3.070460552478948557e-14
1.525399999999999956e+01,3.508304757815494668e-14
1.525600000000000023e+01,3.542305337944640087e-14
1.525800000000000090e+01,3.735206588473261036e-14
1.525999999999999979e+01,3.429201367310952264e-14
1.526200000000000045e+01,3.872596687770624158e-14
1.526400000000000112e+01,3.568673134779487555e-14
1.526600000000000001e+01,3.790370795009323501e-14
1.526800000000000068e+01,3.831310269042376149e-14
1.526999999999999957e+01,3.620020949668401045e-14
1.527200000000000024e+01,3.227973444097642641e-14
1.527400000000000091e+01,3.388955782668290340e-14
1.527599999999999980e+01,3.445160823289938890e-14
1.527800000000000047e+01,3.594000097528748938e-14
1.528000000000000114e+01,3.715777685542320796e-14
1.528200000000000003e+01,3.354608257843949559e-14
1.528400000000000070e+01,3.926373115525905177e-14
1.528599999999999959e+01,3.579428420330543759e-14
1.528800000000000026e+01,3.756023270184982721e-14
1.529000000000000092e+01,3.115910307549540903e-14
1.529199999999999982e+01,3.961067585045441319e-14
1.529400000000000048e+01,3.198483145006036921e-14
1.529600000000000115e+01,3.681777105413175377e-14
1.529800000000000004e+01,3.088154731933911989e-14
1.530000000000000071e+01,3.548550342458156592e-14
1.530199999999999960e+01,3.648817359369616042e-14
1.530400000000000027e+01,3.754982436099396637e-14
1.530600000000000094e+01,3.940250903333719634e-14
1.530799999999999983e+01,3.645694857112857790e-14
1.531000000000000050e+01,3.302219608869449985e-14
1.531200000000000117e+01,3.378547441812429497e-14
1.531400000000000006e+01,3.571101747645855085e-14
1.531600000000000072e+01,3.586367314234450987e-14
1.531799999999999962e+01,3.773023560249555430e-14
1.532000000000000028e+01,3.860106678743591146e-14
1.532200000000000095e+01,3.491998357141312681e-14
1.532399999999999984e+01,3.740757703596386818e-14
1.532600000000000051e+01,3.341077414731330464e-14
1.532800000000000118e+01,3.435099427129273408e-14
1.533000000000000007e+01,3.578040641549762313e-14
1.533200000000000074e+01,3.664082925958211945e-14
1.533399999999999963e+01,3.793146352570886393e-14
1.533600000000000030e+01,3.484018629151819368e-14
1.533800000000000097e+01,3.609959553507735563e-14
1.533999999999999986e+01,3.703981565905678508e-14
1.534200000000000053e+01,3.785860513971783803e-14
1.534400000000000119e+01,3.497549472264438464e-14
1.534600000000000009e+01,3.667552372910165559e-14
1.534800000000000075e+01,3.021888295151597958e-14
1.534999999999999964e+01,3.462161113354511599e-14
1.535200000000000031e+01,3.478814458723888947e-14
1.535400000000000098e+01,3.647082635893639235e-14
1.535599999999999987e+01,3.838943052336674100e-14
1.535800000000000054e+01,4.215724991318836601e-14
1.535999999999999943e+01,3.174890905732752344e-14
1.536200000000000010e+01,3.351138810891995945e-14
1.536400000000000077e+01,3.347322419244846969e-14
1.536599999999999966e+01,3.459038611097753346e-14
1.536800000000000033e+01,3.639796797294536645e-14
1.537000000000000099e+01,3.698430450782552725e-14
1.537199999999999989e+01,3.052072483633594402e-14
1.537400000000000055e+01,3.538835890992686473e-14
1.537599999999999945e+01,3.625919009486722189e-14
1.537800000000000011e+01,3.698083506087357364e-14
1.538000000000000078e+01,3.841024720507846268e-14
1.538199999999999967e+01,3.631817069305043333e-14
1.538400000000000034e+01,3.294933770270347395e-14
1.538600000000000101e+01,3.383404667545164557e-14
1.538799999999999990e+01,3.494773914702875572e-14
1.539000000000000057e+01,3.611347332288517009e-14
1.539199999999999946e+01,3.603367604299023697e-14
1.539400000000000013e+01,3.801819969950770428e-14
1.539600000000000080e+01,3.952047022970361922e-14
1.539799999999999969e+01,3.184952301893417825e-14
1.540000000000000036e+01,3.316444341372459803e-14
1.540200000000000102e+01,3.851780006058902472e-14
1.540399999999999991e+01,3.214442600985023546e-14
1.540600000000000058e+01,4.041905699025960530e-14
1.540799999999999947e+01,3.714389906761539351e-14
1.541000000000000014e+01,3.866351683257107652e-14
1.541200000000000081e+01,3.943026460895282526e-14
1.541399999999999970e+01,3.333097686741837151e-14
1.541600000000000037e+01,3.466671394392051297e-14
1.541800000000000104e+01,3.511080315377057559e-14
1.541999999999999993e+01,3.594347042223944300e-14
1.542200000000000060e+01,3.724798247617400193e-14
1.542399999999999949e+01,3.487141131408577621e-14
1.542600000000000016e+01,3.155115058106616743e-14
1.542800000000000082e+01,3.628694567048285080e-14
1.542999999999999972e+01,4.091171845743701851e-14
1.543200000000000038e+01,3.821942762272101390e-14
1.543400000000000105e+01,3.281749871852923661e-14
1.543599999999999994e+01,3.260933190141201976e-14
1.543800000000000061e+01,3.367098266870982570e-14
1.543999999999999950e+01,3.421915528711849674e-14
1.544200000000000017e+01,3.597816489175897914e-14
1.544400000000000084e+01,3.798003578303621453e-14
1.544599999999999973e+01,3.377853552422038774e-14
1.544800000000000040e+01,3.513855872938620450e-14
1.545000000000000107e+01,3.572489526426636530e-14
1.545199999999999996e+01,3.694267114440208388e-14
1.545400000000000063e+01,3.425384975663803289e-14
1.545599999999999952e+01,3.599898157347070082e-14
1.545800000000000018e+01,3.602326770213437612e-14
1.546000000000000085e+01,3.391037450839462508e-14
1.546199999999999974e+01,3.416017468893528530e-14
1.546400000000000041e+01,3.618633170887619599e-14
1.546600000000000108e+01,3.612735111069298455e-14
1.546799999999999997e+01,3.797309688913230730e-14
1.547000000000000064e+01,3.834779715994329763e-14
1.547199999999999953e+01,2.901845430614002908e-14
1.547400000000000020e+01,3.376465773641257329e-14
1.547600000000000087e+01,3.413241911331965639e-14
1.547799999999999976e+01,3.499284195740415271e-14
1.548000000000000043e+01,3.642919299551294898e-14
1.548200000000000109e+01,3.726186026398181639e-14
1.548399999999999999e+01,3.471528620124786357e-14
1.548600000000000065e+01,3.533631720564756051e-14
1.548799999999999955e+01,3.678654603156417124e-14
1.549000000000000021e+01,4.109212969893860645e-14
1.549200000000000088e+01,3.573877305207417976e-14
1.549399999999999977e+01,3.225197886536079750e-14
1.549600000000000044e+01,3.725839081702986277e-14
1.549800000000000111e+01,3.382363833459578473e-14
1.550000000000000000e+01,3.457997777012167262e-14
1.550200000000000067e+01,3.975292317548451138e-14
1.550399999999999956e+01,3.702246842429701701e-14
1.550600000000000023e+01,3.444119989204352805e-14
1.550800000000000090e+01,4.279562815234783102e-14
1.550999999999999979e+01,2.927172393363264291e-14
1.551200000000000045e+01,3.425384975663803289e-14
1.551400000000000112e+01,3.447936380851501781e-14
1.551600000000000001e+01,3.518366153976160149e-14
1.551800000000000068e+01,3.654368474492741825e-14
1.551999999999999957e+01,3.791064684399714224e-14
1.552200000000000024e+01,3.439262763471617745e-14
1.552400000000000091e+01,3.542652282639835448e-14
1.552599999999999980e+01,3.757411048965764166e-14
1.552800000000000047e+01,3.431283035482124433e-14
1.553000000000000114e+01,3.855249453010856087e-14
1.553200000000000003e+01,3.688022109926691883e-14
1.553400000000000070e+01,3.292852102099175227e-14
1.553599999999999959e+01,3.053807207109571209e-14
1.553800000000000026e+01,3.612735111069298455e-14
1.554000000000000092e+01,3.528080605441630269e-14
1.554199999999999982e+01,3.446201657375524974e-14
1.554400000000000048e+01,3.771288836773578623e-14
1.554600000000000115e+01,3.246014568247801435e-14
1.554800000000000004e+01,3.317138230762850526e-14
1.555000000000000071e+01,3.403180515171300158e-14
1.555199999999999960e+01,3.536407278126318943e-14
1.555400000000000027e+01,3.568673134779487555e-14
1.555600000000000094e+01,3.687328220536301160e-14
1.555799999999999983e+01,4.172009959724221062e-14
1.556000000000000050e+01,3.528427550136825630e-14
1.556200000000000117e+01,3.705716289381655315e-14
1.556400000000000006e+01,3.385486335716336725e-14
1.556600000000000072e+01,3.382710778154773834e-14
1.556799999999999962e+01,3.226238720621665834e-14
1.557000000000000028e+01,3.634245682171410863e-14
1.557200000000000095e+01,3.334832410217813958e-14
1.557399999999999984e+01,3.526345881965653462e-14
1.557600000000000051e+01,3.580816199111325204e-14
1.557800000000000118e+01,3.683164884193956823e-14
1.558000000000000007e+01,3.850392227278121027e-14
1.558200000000000074e+01,3.921515889793170118e-14
1.558399999999999963e+01,3.267525139349913843e-14
1.558600000000000030e+01,3.337607967779376850e-14
1.558800000000000097e+01,3.453140551279432202e-14
1.558999999999999986e+01,3.926373115525905177e-14
1.559200000000000053e+01,3.683511828889152184e-14
1.559400000000000119e+01,4.145642162889373594e-14
1.559600000000000009e+01,3.436140261214859493e-14
1.559800000000000075e+01,3.583244811977692734e-14
1.559999999999999964e+01,3.311587115639724743e-14
1.560200000000000031e+01,3.441344431642789914e-14
1.560400000000000098e+01,3.445854712680329612e-14
1.560599999999999987e+01,3.578387586244957674e-14
1.560800000000000054e+01,3.717859353713492965e-14
1.561000000000000121e+01,3.381669944069187750e-14
1.561200000000000010e+01,3.576305918073785506e-14
1.561400000000000077e+01,3.289035710452026251e-14
1.561599999999999966e+01,3.269259862825890650e-14
1.561800000000000033e+01,3.809799697940263741e-14
1.562000000000000099e+01,4.217112770099618047e-14
1.562199999999999989e+01,3.389649672058681062e-14
1.562400000000000055e+01,3.376118828946061967e-14
1.562599999999999945e+01,3.445160823289938890e-14
1.562800000000000011e+01,3.565897577217924663e-14
1.563000000000000078e+01,3.718553243103883688e-14
1.563199999999999967e+01,3.387221059192313533e-14
1.563400000000000034e+01,3.490263633665335874e-14
1.563600000000000101e+01,3.646041801808053151e-14
1.563799999999999990e+01,3.368832990346959377e-14
1.564000000000000057e+01,3.400404957609737266e-14
1.564199999999999946e+01,3.104808077303289338e-14
1.564400000000000013e+01,3.690103778097864051e-14
1.564600000000000080e+01,3.620714839058791767e-14
1.564799999999999969e+01,3.515243651719401896e-14
1.565000000000000036e+01,3.940597848028914996e-14
1.565200000000000102e+01,3.340036580645744380e-14
1.565399999999999991e+01,3.723757413531814109e-14
1.565600000000000058e+01,3.148870053593100238e-14
1.565799999999999947e+01,3.559999517399603519e-14
1.566000000000000014e+01,3.321648511800390224e-14
1.566200000000000081e+01,3.419833860540677506e-14
1.566399999999999970e+01,3.182523689027050295e-14
1.566600000000000037e+01,3.578387586244957674e-14
1.566800000000000104e+01,3.728614639264549169e-14
1.566999999999999993e+01,3.817779425929757053e-14
1.567200000000000060e+01,3.976333151634037222e-14
1.567399999999999949e+01,3.583244811977692734e-14
1.567600000000000016e+01,3.774411339030336876e-14
1.567800000000000082e+01,3.104114187912898615e-14
1.567999999999999972e+01,3.564856743132338579e-14
1.568200000000000038e+01,3.669980985776533089e-14
1.568400000000000105e+01,3.408384685599230579e-14
1.568599999999999994e+01,3.536060333431123581e-14
1.568800000000000061e+01,3.238728729648698845e-14
1.568999999999999950e+01,3.735553533168456397e-14
1.569200000000000017e+01,4.110253803979446729e-14
1.569400000000000084e+01,4.035660694512444024e-14
1.569599999999999973e+01,3.549244231848547315e-14
1.569800000000000040e+01,3.420874694626263590e-14
1.570000000000000107e+01,3.480202237504670393e-14
1.570199999999999996e+01,3.574224249902613337e-14
1.570400000000000063e+01,3.996108999260172823e-14
1.570599999999999952e+01,4.201153314120631421e-14
1.570800000000000018e+01,3.158931449753765719e-14
1.571000000000000085e+01,3.616204558021252069e-14
1.571199999999999974e+01,3.224157052450493666e-14
1.571400000000000041e+01,3.087807787238716628e-14
1.571600000000000108e+01,3.855596397706051448e-14
1.571799999999999997e+01,3.604408438384609781e-14
1.572000000000000064e+01,3.707797957552827484e-14
1.572199999999999953e+01,3.088501676629107351e-14
1.572400000000000020e+01,3.490610578360531235e-14
1.572600000000000087e+01,3.644654023027271705e-14
1.572799999999999976e+01,3.736941311949237843e-14
1.573000000000000043e+01,3.882658083931289639e-14
1.573200000000000109e+01,3.554795346971673098e-14
1.573399999999999999e+01,3.314709617896482996e-14
1.573600000000000065e+01,3.423997196883021843e-14
1.573799999999999955e+01,3.508651702510690029e-14
1.574000000000000021e+01,3.944761184371259333e-14
1.574200000000000088e+01,3.780656343543853382e-14
1.574399999999999977e+01,3.425731920358998650e-14
1.574600000000000044e+01,3.171074514085603369e-14
1.574800000000000111e+01,3.975986206938841860e-14
1.575000000000000000e+01,3.276892646120188601e-14
1.575200000000000067e+01,3.850392227278121027e-14
1.575399999999999956e+01,3.977027041024427945e-14
1.575600000000000023e+01,3.686634331145910437e-14
1.575800000000000090e+01,3.358771594186293896e-14
1.575999999999999979e+01,3.804942472207528681e-14
1.576200000000000045e+01,3.218952882022563244e-14
1.576400000000000112e+01,3.709879625723999652e-14
1.576600000000000001e+01,3.753247712623419829e-14
1.576800000000000068e+01,3.524264213794481293e-14
1.576999999999999957e+01,3.229361222878424087e-14
1.577200000000000024e+01,3.383404667545164557e-14
1.577400000000000091e+01,3.399711068219346544e-14
1.577599999999999980e+01,3.538142001602295750e-14
1.577800000000000047e+01,3.546121729591789062e-14
1.578000000000000114e+01,3.792452463180495670e-14
1.578200000000000003e+01,3.828187766785617896e-14
1.578400000000000070e+01,3.572836471121831892e-14
1.578599999999999959e+01,3.358771594186293896e-14
1.578800000000000026e+01,3.338995746560158295e-14
1.579000000000000092e+01,3.495120859398070934e-14
1.579199999999999982e+01,3.587408148320037071e-14
1.579400000000000048e+01,3.725492137007790916e-14
1.579600000000000115e+01,3.491651412446117320e-14
1.579800000000000004e+01,3.487835020798968344e-14
1.580000000000000071e+01,3.993333441698609931e-14
1.580199999999999960e+01,3.766431611040843563e-14
1.580400000000000027e+01,3.844841112154995244e-14
1.580600000000000094e+01,3.541611448554249364e-14
1.580799999999999983e+01,3.335873244303400043e-14
1.581000000000000050e+01,2.966377143920340131e-14
1.581200000000000117e+01,3.524611158489676654e-14
1.581400000000000006e+01,3.537101167516709666e-14
1.581600000000000072e+01,3.632510958695434056e-14
1.581799999999999962e+01,3.775799117811118322e-14
1.582000000000000028e+01,3.460773334573730153e-14
1.582200000000000095e+01,3.685940441755519714e-14
1.582399999999999984e+01,3.279668203681751493e-14
1.582600000000000051e+01,3.459038611097753346e-14
1.582800000000000118e+01,3.514549762329011173e-14
1.583000000000000007e+01,3.596081765699921107e-14
1.583200000000000074e+01,3.738329090730019288e-14
1.583399999999999963e+01,3.476732790552716779e-14
1.583600000000000030e+01,3.566938411303510748e-14
1.583800000000000097e+01,3.597816489175897914e-14
1.583999999999999986e+01,3.853861674230074641e-14
1.584200000000000053e+01,3.874678355941796326e-14
1.584400000000000119e+01,3.207850651776311679e-14
1.584600000000000009e+01,3.692879335659426943e-14
1.584800000000000075e+01,3.418793026455091422e-14
1.584999999999999964e+01,3.498243361654829187e-14
1.585200000000000031e+01,3.345934640464065524e-14
1.585400000000000098e+01,3.579428420330543759e-14
1.585599999999999987e+01,3.905903378509378854e-14
1.585800000000000054e+01,3.548897287153351954e-14
1.586000000000000121e+01,3.604755383079805142e-14
1.586200000000000010e+01,3.378547441812429497e-14
1.586400000000000077e+01,3.455916108840995093e-14
1.586599999999999966e+01,3.547162563677375147e-14
1.586800000000000033e+01,3.277239590815383963e-14
1.587000000000000099e+01,3.730696307435721337e-14
1.587199999999999989e+01,3.527039771356044184e-14
1.587400000000000055e+01,3.589836761186404601e-14
1.587599999999999945e+01,3.710573515114390375e-14
1.587800000000000011e+01,3.809105808549873018e-14
1.588000000000000078e+01,3.520447822147332317e-14
1.588199999999999967e+01,3.609612608812540202e-14
1.588400000000000034e+01,3.330669073875469621e-14
1.588600000000000101e+01,3.833391937213548317e-14
1.588799999999999990e+01,3.582203977892106650e-14
1.589000000000000057e+01,3.703287676515287785e-14
1.589199999999999946e+01,4.102967965380344140e-14
1.589400000000000013e+01,3.869474185513865905e-14
1.589600000000000080e+01,2.844946500601963635e-14
1.589799999999999969e+01,3.337954912474572211e-14
1.590000000000000036e+01,3.362934930528638233e-14
1.590200000000000102e+01,3.113828639378368734e-14
1.590399999999999991e+01,3.633551792781020140e-14
1.590600000000000058e+01,3.621755673144377852e-14
1.590799999999999947e+01,3.093705847057037772e-14
1.591000000000000014e+01,3.544733950811007617e-14
1.591200000000000081e+01,3.590530650576795324e-14
1.591399999999999970e+01,3.742492427072363625e-14
1.591600000000000037e+01,3.903127820947815962e-14
1.591800000000000104e+01,3.139155602127630118e-14
1.591999999999999993e+01,3.733124920302088867e-14
1.592200000000000060e+01,3.336567133693790765e-14
1.592399999999999949e+01,3.892719480091955120e-14
1.592600000000000016e+01,3.629388456438675803e-14
1.592800000000000082e+01,3.713349072675953266e-14
1.592999999999999972e+01,3.785513569276588441e-14
1.593200000000000038e+01,3.862535291609958676e-14
1.593400000000000105e+01,3.260586245446006615e-14
1.593599999999999994e+01,3.303954332345426792e-14
1.593800000000000061e+01,3.419139971150286783e-14
1.593999999999999950e+01,3.895148092958322650e-14
1.594200000000000017e+01,3.663389036567821222e-14
1.594400000000000084e+01,3.842065554593432353e-14
1.594599999999999973e+01,3.435099427129273408e-14
1.594800000000000040e+01,3.568673134779487555e-14
1.595000000000000107e+01,4.097416850257218357e-14
1.595199999999999996e+01,3.436834150605250215e-14
1.595400000000000063e+01,3.842065554593432353e-14
1.595599999999999952e+01,3.941985626809696441e-14
1.595800000000000018e+01,3.783084956410220911e-14
1.596000000000000085e+01,3.484018629151819368e-14
1.596199999999999974e+01,3.567285355998706109e-14
1.596400000000000041e+01,3.641531520770513453e-14
1.596600000000000108e+01,3.707451012857632122e-14
1.596799999999999997e+01,3.496161693483657018e-14
1.597000000000000064e+01,2.821701206023874420e-14
1.597199999999999953e+01,3.236647061477526677e-14
1.597400000000000020e+01,3.687675165231496521e-14
1.597600000000000087e+01,3.465630560306465213e-14
1.597799999999999976e+01,3.598857323261483998e-14
1.598000000000000043e+01,3.737635201339628566e-14
1.598200000000000109e+01,3.437528039995640938e-14
1.598399999999999999e+01,3.466671394392051297e-14
1.598600000000000065e+01,3.574224249902613337e-14
1.598799999999999955e+01,3.801819969950770428e-14
1.599000000000000021e+01,3.426425809749389373e-14
1.599200000000000088e+01,3.096134459923405302e-14
1.599399999999999977e+01,3.644654023027271705e-14
1.599600000000000044e+01,3.725145192312595555e-14
1.599800000000000111e+01,3.466671394392051297e-14
1.600000000000000000e+01,3.996455943955368184e-14
1.600199999999999889e+01,3.686981275841105798e-14
1.600400000000000134e+01,3.714042962066343989e-14
1.600600000000000023e+01,3.949271465408799031e-14
1.600799999999999912e+01,3.185646191283808548e-14
1.601000000000000156e+01,3.323383235276367031e-14
1.601200000000000045e+01,3.413588856027161000e-14
1.601399999999999935e+01,3.557917849228431351e-14
1.601600000000000179e+01,3.617592336802033515e-14
1.601800000000000068e+01,3.708144902248022845e-14
1.601999999999999957e+01,3.458344721707362623e-14
1.602200000000000202e+01,3.217912047936977160e-14
1.602400000000000091e+01,3.643266244246490260e-14
1.602599999999999980e+01,3.325464903447539200e-14
1.602799999999999869e+01,3.921515889793170118e-14
1.603000000000000114e+01,3.597469544480702552e-14
1.603200000000000003e+01,3.324424069361953116e-14
1.603399999999999892e+01,3.071848331259730003e-14
1.603600000000000136e+01,3.483324739761428646e-14
1.603800000000000026e+01,3.651592916931178934e-14
1.603999999999999915e+01,3.713002127980757905e-14
1.604200000000000159e+01,3.818473315320147776e-14
1.604400000000000048e+01,4.274011700111657319e-14
1.604599999999999937e+01,2.968111867396316939e-14
1.604800000000000182e+01,3.761574385308108504e-14
1.605000000000000071e+01,3.524958103184872016e-14
1.605199999999999960e+01,3.130481984747746083e-14
1.605400000000000205e+01,4.040517920245179084e-14
1.605600000000000094e+01,4.123784647092065825e-14
1.605799999999999983e+01,3.474304177686349249e-14
1.605999999999999872e+01,3.625225120096331466e-14
1.606200000000000117e+01,3.306729889906989683e-14
1.606400000000000006e+01,3.440997486947594552e-14
1.606599999999999895e+01,3.879882526369726747e-14
1.606800000000000139e+01,3.564509798437143218e-14
1.607000000000000028e+01,3.371608547908522269e-14
1.607199999999999918e+01,3.464589726220879129e-14
1.607400000000000162e+01,3.530162273612802437e-14
1.607600000000000051e+01,3.247055402333387519e-14
1.607799999999999940e+01,3.819514149405733860e-14
1.608000000000000185e+01,3.412548021941574916e-14
1.608200000000000074e+01,3.270300696911476734e-14
1.608399999999999963e+01,3.600592046737460805e-14
1.608600000000000207e+01,3.437528039995640938e-14
1.608800000000000097e+01,3.410466353770402748e-14
1.608999999999999986e+01,3.637021239732973754e-14
1.609199999999999875e+01,3.333097686741837151e-14
1.609400000000000119e+01,4.206704429243757204e-14
1.609600000000000009e+01,3.625225120096331466e-14
1.609799999999999898e+01,3.574224249902613337e-14
1.610000000000000142e+01,3.444466933899548167e-14
1.610200000000000031e+01,3.471875564819981719e-14
1.610399999999999920e+01,3.134992265785285781e-14
1.610600000000000165e+01,3.637715129123364477e-14
1.610800000000000054e+01,3.042704976863319644e-14
1.610999999999999943e+01,3.451405827803455395e-14
1.611200000000000188e+01,3.605102327775000504e-14
1.611400000000000077e+01,3.635980405647387670e-14
1.611599999999999966e+01,3.762615219393694588e-14
1.611800000000000210e+01,3.959332861569464512e-14
1.612000000000000099e+01,3.283484595328900468e-14
1.612199999999999989e+01,3.308464613382966490e-14
1.612399999999999878e+01,3.454181385365018286e-14
1.612600000000000122e+01,3.501365863911587439e-14
1.612800000000000011e+01,3.702940731820092424e-14
1.612999999999999901e+01,4.091171845743701851e-14
1.613200000000000145e+01,3.156849781582593550e-14
1.613400000000000034e+01,3.572836471121831892e-14
1.613599999999999923e+01,4.048150703539477036e-14
1.613800000000000168e+01,3.073236110040511448e-14
1.614000000000000057e+01,3.919087276926802588e-14
1.614199999999999946e+01,3.658184866139890801e-14
1.614400000000000190e+01,3.287647931671244805e-14
1.614600000000000080e+01,3.468406117868028105e-14
1.614799999999999969e+01,3.504488366168345692e-14
1.614999999999999858e+01,3.655409308578327909e-14
1.615200000000000102e+01,3.761227440612913142e-14
1.615399999999999991e+01,4.220582217051571661e-14
1.615599999999999881e+01,3.549591176543742677e-14
1.615800000000000125e+01,3.330669073875469621e-14
1.616000000000000014e+01,3.048603036681640788e-14
1.616199999999999903e+01,3.469100007258418827e-14
1.616400000000000148e+01,3.565203687827533940e-14
1.616600000000000037e+01,3.671368764557314535e-14
1.616799999999999926e+01,3.871902798380233435e-14
1.617000000000000171e+01,3.517325319890574065e-14
1.617200000000000060e+01,3.563468964351557133e-14
1.617399999999999949e+01,3.712308238590367182e-14
1.617600000000000193e+01,3.040276363996952114e-14
1.617800000000000082e+01,3.561734240875580326e-14
1.617999999999999972e+01,4.014150123410331616e-14
1.618199999999999861e+01,3.410813298465598109e-14
1.618400000000000105e+01,3.483324739761428646e-14
1.618599999999999994e+01,3.961414529740636681e-14
1.618799999999999883e+01,4.016925680971894508e-14
1.619000000000000128e+01,4.233072226078604672e-14
1.619200000000000017e+01,3.532590886479169967e-14
1.619399999999999906e+01,3.259198466665225169e-14
1.619600000000000151e+01,3.214442600985023546e-14
1.619800000000000040e+01,3.430589146091733710e-14
1.619999999999999929e+01,3.502753642692368885e-14
1.620200000000000173e+01,3.604061493689414419e-14
1.620400000000000063e+01,3.757411048965764166e-14
1.620599999999999952e+01,3.473263343600763164e-14
1.620800000000000196e+01,3.209932319947483847e-14
1.621000000000000085e+01,3.598510378566288637e-14
1.621199999999999974e+01,3.422609418102240397e-14
1.621399999999999864e+01,3.546815618982179785e-14
1.621600000000000108e+01,3.546815618982179785e-14
1.621799999999999997e+01,3.685246552365128991e-14
1.621999999999999886e+01,3.444466933899548167e-14
1.622200000000000131e+01,3.499978085130805994e-14
1.622400000000000020e+01,3.277586535510579324e-14
1.622599999999999909e+01,3.674144322118877426e-14
1.622800000000000153e+01,3.865310849171521568e-14
1.623000000000000043e+01,3.872943632465819519e-14
1.623199999999999932e+01,3.267872084045109204e-14
1.623400000000000176e+01,3.379935220593210943e-14
1.623600000000000065e+01,3.402486625780909435e-14
1.623799999999999955e+01,3.237687895563112761e-14
1.624000000000000199e+01,3.651939861626374295e-14
1.624200000000000088e+01,3.786901348057369887e-14
1.624399999999999977e+01,3.106195856084070783e-14
1.624599999999999866e+01,3.977720930414818667e-14
1.624800000000000111e+01,4.068620440556003359e-14
1.625000000000000000e+01,3.461814168659316238e-14
1.625199999999999889e+01,3.526692826660848823e-14
1.625400000000000134e+01,3.621061783753987129e-14
1.625600000000000023e+01,3.677613769070831040e-14
1.625799999999999912e+01,3.471181675429590996e-14
1.626000000000000156e+01,3.900005318691057710e-14
1.626200000000000045e+01,4.075906279155105949e-14
1.626399999999999935e+01,3.074276944126097533e-14
1.626600000000000179e+01,3.425384975663803289e-14
1.626800000000000068e+01,3.276545701424993240e-14
1.626999999999999957e+01,3.265790415873937036e-14
1.627200000000000202e+01,3.310546281554138659e-14
1.627400000000000091e+01,3.550978955324524122e-14
1.627599999999999980e+01,3.626959843572308273e-14
1.627799999999999869e+01,3.700165174258529532e-14
1.628000000000000114e+01,3.758104938356154889e-14
1.628200000000000003e+01,3.560693406789994242e-14
1.628399999999999892e+01,3.294933770270347395e-14
1.628600000000000136e+01,3.764349942869671395e-14
1.628800000000000026e+01,3.457650832316971901e-14
1.628999999999999915e+01,3.167952011828845116e-14
1.629200000000000159e+01,4.050579316405844565e-14
1.629400000000000048e+01,3.731043252130916699e-14
1.629599999999999937e+01,3.134645321090090420e-14
1.629800000000000182e+01,3.235259282696745231e-14
1.630000000000000071e+01,3.707104068162436761e-14
1.630199999999999960e+01,3.754635491404201275e-14
1.630400000000000205e+01,3.859065844658005062e-14
1.630600000000000094e+01,3.370567713822936184e-14
1.630799999999999983e+01,3.327546571618711369e-14
1.630999999999999872e+01,3.476038901162326056e-14
1.631200000000000117e+01,3.585673424844060264e-14
1.631400000000000006e+01,3.626959843572308273e-14
1.631599999999999895e+01,3.793146352570886393e-14
1.631800000000000139e+01,3.835473605384720486e-14
1.632000000000000028e+01,3.549591176543742677e-14
1.632199999999999918e+01,3.378547441812429497e-14
1.632400000000000162e+01,3.358771594186293896e-14
1.632600000000000051e+01,3.447589436156306419e-14
1.632799999999999940e+01,3.261627079531592699e-14
1.633000000000000185e+01,3.608571774726954118e-14
1.633200000000000074e+01,3.457997777012167262e-14
1.633399999999999963e+01,3.541611448554249364e-14
1.633600000000000207e+01,3.611347332288517009e-14
1.633800000000000097e+01,3.675185156204463510e-14
1.633999999999999986e+01,3.485406407932600814e-14
1.634199999999999875e+01,3.966965644863762464e-14
1.634400000000000119e+01,3.659919589615867608e-14
1.634600000000000009e+01,3.428507477920561541e-14
1.634799999999999898e+01,3.445160823289938890e-14
1.635000000000000142e+01,3.945455073761650056e-14
1.635200000000000031e+01,3.684899607669933630e-14
1.635399999999999920e+01,3.930189507173054153e-14
1.635600000000000165e+01,3.480549182199865754e-14
1.635800000000000054e+01,3.263014858312374145e-14
1.635999999999999943e+01,3.333097686741837151e-14
1.636200000000000188e+01,3.076705556992465063e-14
1.636400000000000077e+01,3.561387296180384965e-14
1.636599999999999966e+01,3.579775365025739120e-14
1.636800000000000210e+01,3.797656633608426091e-14
1.637000000000000099e+01,3.526692826660848823e-14
1.637199999999999989e+01,3.565203687827533940e-14
1.637399999999999878e+01,3.643266244246490260e-14
1.637600000000000122e+01,3.382710778154773834e-14
1.637800000000000011e+01,3.916658664060435058e-14
1.637999999999999901e+01,3.585326480148864903e-14
1.638200000000000145e+01,3.344893806378479439e-14
1.638400000000000034e+01,3.766778555736038925e-14
1.638599999999999923e+01,3.586020369539255626e-14
1.638800000000000168e+01,3.666511538824579475e-14
1.639000000000000057e+01,3.393466063705830038e-14
1.639199999999999946e+01,3.803207748731551874e-14
1.639400000000000190e+01,3.606837051250977311e-14
1.639600000000000080e+01,3.243239010686238544e-14
1.639799999999999969e+01,3.397629400048174375e-14
1.639999999999999858e+01,3.849698337887730304e-14
1.640200000000000102e+01,3.639102907904145923e-14
1.640399999999999991e+01,3.290423489232807697e-14
1.640599999999999881e+01,3.417405247674309976e-14
1.640800000000000125e+01,3.565203687827533940e-14
1.641000000000000014e+01,3.643613188941685621e-14
1.641199999999999903e+01,3.676572934985244956e-14
1.641400000000000148e+01,3.801473025255575067e-14
1.641600000000000037e+01,3.624184286010745382e-14
1.641799999999999926e+01,3.586714258929646348e-14
1.642000000000000171e+01,3.398323289438565098e-14
1.642200000000000060e+01,3.494426970007680211e-14
1.642399999999999949e+01,3.568673134779487555e-14
1.642600000000000193e+01,3.710573515114390375e-14
1.642800000000000082e+01,3.733471864997284229e-14
1.642999999999999972e+01,3.901740042167034517e-14
1.643199999999999861e+01,3.574571194597808699e-14
1.643400000000000105e+01,3.325117958752343839e-14
1.643599999999999994e+01,3.493386135922094127e-14
1.643799999999999883e+01,3.552713678800500929e-14
1.644000000000000128e+01,3.606837051250977311e-14
1.644200000000000017e+01,4.056130431528970348e-14
1.644399999999999906e+01,3.525651992575262739e-14
1.644600000000000151e+01,3.511427260072252921e-14
1.644800000000000040e+01,3.650552082845592849e-14
1.644999999999999929e+01,3.400058012914541905e-14
1.645200000000000173e+01,3.503447532082759608e-14
1.645400000000000063e+01,3.608918719422149479e-14
1.645599999999999952e+01,2.918151831288184894e-14
1.645800000000000196e+01,3.004888005087025249e-14
1.646000000000000085e+01,3.362934930528638233e-14
1.646199999999999974e+01,3.731390196826112060e-14
1.646399999999999864e+01,3.634592626866606224e-14
1.646600000000000108e+01,3.826453043309641089e-14
1.646799999999999997e+01,3.881617249845703554e-14
1.646999999999999886e+01,4.080416560192645647e-14
1.647200000000000131e+01,3.399017178828955821e-14
1.647400000000000020e+01,3.445507767985134251e-14
1.647599999999999909e+01,3.589142871796013878e-14
1.647800000000000153e+01,3.656450142663913994e-14
1.648000000000000043e+01,3.824718319833664282e-14
1.648199999999999932e+01,3.889250033140001506e-14
1.648400000000000176e+01,3.592612318747967493e-14
1.648600000000000065e+01,4.146682996974959678e-14
1.648799999999999955e+01,3.409772464380012025e-14
1.649000000000000199e+01,3.585673424844060264e-14
1.649200000000000088e+01,3.573877305207417976e-14
1.649399999999999977e+01,3.414629690112747085e-14
1.649599999999999866e+01,3.417752192369505337e-14
1.649800000000000111e+01,3.615510668630861346e-14
1.650000000000000000e+01,3.596775655090311830e-14
1.650199999999999889e+01,3.773023560249555430e-14
1.650400000000000134e+01,3.835126660689525124e-14
1.650600000000000023e+01,3.270994586301867457e-14
1.650799999999999912e+01,3.272382365082648903e-14
1.651000000000000156e+01,3.338301857169767572e-14
1.651200000000000045e+01,3.567632300693901470e-14
1.651399999999999935e+01,3.625225120096331466e-14
1.651600000000000179e+01,3.612735111069298455e-14
1.651800000000000068e+01,3.533978665259951413e-14
1.651999999999999957e+01,3.499284195740415271e-14
1.652200000000000202e+01,3.649511248760006765e-14
1.652400000000000091e+01,3.348016308635237692e-14
1.652599999999999980e+01,3.044092755644101089e-14
1.652799999999999869e+01,3.577693696854566952e-14
1.653000000000000114e+01,3.655062363883132548e-14
1.653200000000000003e+01,3.788636071533346694e-14
1.653399999999999892e+01,3.443079155118766721e-14
1.653600000000000136e+01,3.198830089701232282e-14
1.653800000000000026e+01,3.718900187799079049e-14
1.653999999999999915e+01,4.133846043252731306e-14
1.654200000000000159e+01,3.511774204767448282e-14
1.654400000000000048e+01,3.279668203681751493e-14
1.654599999999999937e+01,3.343159082902502632e-14
1.654800000000000182e+01,3.438568874081227023e-14
1.655000000000000071e+01,3.838943052336674100e-14
1.655199999999999960e+01,3.670327930471728450e-14
1.655400000000000205e+01,3.451058883108260034e-14
1.655600000000000094e+01,3.847616669716558135e-14
1.655799999999999983e+01,3.944414239676063971e-14
1.655999999999999872e+01,3.399364123524151182e-14
1.656200000000000117e+01,3.408037740904035218e-14
1.656400000000000006e+01,3.446201657375524974e-14
1.656599999999999895e+01,3.635286516256996947e-14
1.656800000000000139e+01,3.321995456495585586e-14
1.657000000000000028e+01,3.065256382051018136e-14
1.657199999999999918e+01,3.584979535453669541e-14
1.657400000000000162e+01,3.596775655090311830e-14
1.657600000000000051e+01,3.733471864997284229e-14
1.657799999999999940e+01,3.869821130209061266e-14
1.658000000000000185e+01,3.907985046680551022e-14
1.658200000000000074e+01,3.319566843629218056e-14
1.658399999999999963e+01,3.387914948582704255e-14
1.658600000000000207e+01,3.514202817633815812e-14
1.658800000000000097e+01,3.911454493632504636e-14
1.658999999999999986e+01,3.693226280354622304e-14
1.659199999999999875e+01,4.151193278012499377e-14
1.659400000000000119e+01,3.541264503859054003e-14
1.659600000000000009e+01,3.609265664117344841e-14
1.659799999999999898e+01,2.985112157460889648e-14
1.660000000000000142e+01,3.420874694626263590e-14
1.660200000000000031e+01,3.608224830031758756e-14
1.660399999999999920e+01,3.202299536653185896e-14
1.660600000000000165e+01,3.704328510600873869e-14
1.660800000000000054e+01,3.461467223964120876e-14
1.660999999999999943e+01,4.327441183171742978e-14
1.661200000000000188e+01,4.038783196769202277e-14
1.661400000000000077e+01,3.438568874081227023e-14
1.661599999999999966e+01,3.494426970007680211e-14
1.661800000000000210e+01,3.231095946354400894e-14
1.662000000000000099e+01,2.956662692454870012e-14
1.662199999999999989e+01,3.388608837973094978e-14
1.662399999999999878e+01,3.520447822147332317e-14
1.662600000000000122e+01,3.621061783753987129e-14
1.662800000000000011e+01,4.031497358170099687e-14
1.662999999999999901e+01,3.548550342458156592e-14
1.663200000000000145e+01,3.562081185570775688e-14
1.663400000000000034e+01,4.073824610983933781e-14
1.663599999999999923e+01,3.368832990346959377e-14
1.663800000000000168e+01,3.125277814319815661e-14
1.664000000000000057e+01,3.904515599728597408e-14
1.664199999999999946e+01,3.730002418045330614e-14
1.664400000000000190e+01,2.665229148490766420e-14
1.664600000000000080e+01,3.059358322232696992e-14
1.664799999999999969e+01,3.651245972235983572e-14
1.664999999999999858e+01,4.037395417988420832e-14
1.665200000000000102e+01,4.195602198997505639e-14
1.665399999999999991e+01,4.366992878424014179e-14
1.665599999999999881e+01,2.987193825632061817e-14
1.665800000000000125e+01,3.324077124666757754e-14
1.666000000000000014e+01,3.886821420273633976e-14
1.666199999999999903e+01,3.922209779183560840e-14
1.666400000000000148e+01,3.712308238590367182e-14
1.666600000000000037e+01,3.391384395534657870e-14
1.666799999999999926e+01,3.135686155175676504e-14
1.667000000000000171e+01,3.574571194597808699e-14
1.667200000000000060e+01,3.360159372967075342e-14
1.667399999999999949e+01,3.373690216079694437e-14
1.667600000000000193e+01,3.551672844714914845e-14
1.667800000000000082e+01,3.962108419131027404e-14
1.667999999999999972e+01,3.374384105470085160e-14
1.668199999999999861e+01,3.427813588530170819e-14
1.668400000000000105e+01,3.543693116725421532e-14
1.668599999999999994e+01,3.980843432671576920e-14
1.668799999999999883e+01,3.796615799522840007e-14
1.669000000000000128e+01,3.503100587387564246e-14
1.669200000000000017e+01,3.185646191283808548e-14
1.669399999999999906e+01,2.930294895620022544e-14
1.669600000000000151e+01,3.732084086216502783e-14
1.669800000000000040e+01,3.498937251045219909e-14
1.669999999999999929e+01,3.664082925958211945e-14
1.670200000000000173e+01,3.379241331202820220e-14
1.670400000000000063e+01,3.449324159632283227e-14
1.670599999999999952e+01,3.834432771299134401e-14
1.670800000000000196e+01,3.643613188941685621e-14
1.671000000000000085e+01,3.373343271384499076e-14
1.671199999999999974e+01,3.832698047823157594e-14
1.671399999999999864e+01,3.628347622353089719e-14
1.671600000000000108e+01,3.658531810835086162e-14
1.671799999999999997e+01,3.425038030968607927e-14
1.671999999999999886e+01,3.547856453067765869e-14
1.672200000000000131e+01,3.532937831174365328e-14
1.672400000000000020e+01,3.661654313091844415e-14
1.672599999999999909e+01,3.879882526369726747e-14
1.672800000000000153e+01,3.844147222764604521e-14
1.673000000000000043e+01,3.299097106612691732e-14
1.673199999999999932e+01,3.340730470036135102e-14
1.673400000000000176e+01,3.800779135865184344e-14
1.673600000000000065e+01,3.167952011828845116e-14
1.673799999999999955e+01,3.652286806321569657e-14
1.674000000000000199e+01,3.358771594186293896e-14
1.674200000000000088e+01,3.470487786039200273e-14
1.674399999999999977e+01,3.571448692341050446e-14
1.674599999999999866e+01,3.706063234076850677e-14
1.674800000000000111e+01,3.395547731877002207e-14
1.675000000000000000e+01,3.074623888821292894e-14
1.675199999999999889e+01,4.023517630180606375e-14
1.675400000000000134e+01,3.333791576132227874e-14
1.675600000000000023e+01,3.508998647205885391e-14
1.675799999999999912e+01,3.532590886479169967e-14
1.676000000000000156e+01,3.275851812034602517e-14
1.676200000000000045e+01,3.690103778097864051e-14
1.676399999999999935e+01,4.176173296066565399e-14
1.676600000000000179e+01,3.589142871796013878e-14
1.676800000000000068e+01,3.349404087416019138e-14
1.676999999999999957e+01,3.328587405704297453e-14
1.677200000000000202e+01,3.591224539967186047e-14
1.677400000000000091e+01,3.582203977892106650e-14
1.677599999999999980e+01,3.321301567105194863e-14
1.677799999999999869e+01,3.799044412389207537e-14
1.678000000000000114e+01,3.484365573847014730e-14
1.678200000000000003e+01,3.676919879680440317e-14
1.678399999999999892e+01,3.386874114497118171e-14
1.678600000000000136e+01,3.461467223964120876e-14
1.678800000000000026e+01,3.532590886479169967e-14
1.678999999999999915e+01,3.589142871796013878e-14
1.679200000000000159e+01,3.804595527512333319e-14
1.679400000000000048e+01,3.438221929386031661e-14
1.679599999999999937e+01,3.985700658404311980e-14
1.679800000000000182e+01,3.669287096386142366e-14
1.680000000000000071e+01,4.156397448440429798e-14
1.680199999999999960e+01,3.545080895506202978e-14
1.680400000000000205e+01,3.641184576075318091e-14
1.680600000000000094e+01,3.309852392163747936e-14
1.680799999999999983e+01,3.827146932700031812e-14
1.680999999999999872e+01,3.550978955324524122e-14
1.681200000000000117e+01,3.677266824375635679e-14
1.681400000000000006e+01,3.762268274698499226e-14
1.681599999999999895e+01,3.867392517342693736e-14
1.681800000000000139e+01,3.536407278126318943e-14
1.682000000000000028e+01,3.322342401190780947e-14
1.682199999999999918e+01,2.993438830145578322e-14
1.682400000000000162e+01,3.453834440669822925e-14
1.682600000000000051e+01,3.586020369539255626e-14
1.682799999999999940e+01,3.680389326632393932e-14
1.683000000000000185e+01,3.471528620124786357e-14
1.683200000000000074e+01,3.124583924929424938e-14
1.683399999999999963e+01,3.634939571561801586e-14
1.683600000000000207e+01,3.668246262300556282e-14
1.683800000000000097e+01,3.131175874138136805e-14
1.683999999999999986e+01,3.545080895506202978e-14
1.684199999999999875e+01,3.255729019713271555e-14
1.684400000000000119e+01,3.343852972292893355e-14
1.684600000000000009e+01,3.381322999373992388e-14
1.684799999999999898e+01,3.574571194597808699e-14
1.685000000000000142e+01,3.707797957552827484e-14
1.685200000000000031e+01,3.410813298465598109e-14
1.685399999999999920e+01,3.858371955267614339e-14
1.685600000000000165e+01,3.685246552365128991e-14
1.685800000000000054e+01,3.710573515114390375e-14
1.685999999999999943e+01,3.406996906818449133e-14
1.686200000000000188e+01,3.607877885336563395e-14
1.686400000000000077e+01,3.213401766899437462e-14
1.686599999999999966e+01,3.720634911275055856e-14
1.686800000000000210e+01,3.416364413588723892e-14
1.687000000000000099e+01,3.968700368339739271e-14
1.687199999999999989e+01,3.606490106555781949e-14
1.687399999999999878e+01,4.174438572590588592e-14
1.687600000000000122e+01,3.466671394392051297e-14
1.687800000000000011e+01,3.616204558021252069e-14
1.687999999999999901e+01,3.344893806378479439e-14
1.688200000000000145e+01,3.412894966636770278e-14
1.688400000000000034e+01,3.510733370681862198e-14
1.688599999999999923e+01,3.605102327775000504e-14
1.688800000000000168e+01,3.749431320976270854e-14
1.689000000000000057e+01,3.795574965437253923e-14
1.689199999999999946e+01,3.961414529740636681e-14
1.689400000000000190e+01,2.897335149576463209e-14
1.689600000000000080e+01,3.741104648291582180e-14
1.689799999999999969e+01,3.106195856084070783e-14
1.689999999999999858e+01,3.513508928243425089e-14
1.690200000000000102e+01,3.650552082845592849e-14
1.690399999999999991e+01,3.781697177629439466e-14
1.690599999999999881e+01,3.484712518542210091e-14
1.690800000000000125e+01,3.627653732962698996e-14
1.691000000000000014e+01,3.313321839115701550e-14
1.691199999999999903e+01,3.432323869567710517e-14
1.691400000000000148e+01,3.513508928243425089e-14
1.691600000000000037e+01,3.597816489175897914e-14
1.691799999999999926e+01,3.376118828946061967e-14
1.692000000000000171e+01,3.417752192369505337e-14
1.692200000000000060e+01,3.552713678800500929e-14
1.692399999999999949e+01,3.761921330003303865e-14
1.692600000000000193e+01,3.679001547851612486e-14
1.692800000000000082e+01,3.591224539967186047e-14
1.692999999999999972e+01,3.589142871796013878e-14
1.693199999999999861e+01,3.345240751073674801e-14
1.693400000000000105e+01,3.440997486947594552e-14
1.693599999999999994e+01,3.798003578303621453e-14
1.693799999999999883e+01,3.677266824375635679e-14
1.694000000000000128e+01,3.700859063648920255e-14
1.694200000000000017e+01,3.439956652862008468e-14
1.694399999999999906e+01,3.499284195740415271e-14
1.694600000000000151e+01,3.656797087359109355e-14
1.694800000000000040e+01,3.777880785982290490e-14
1.694999999999999929e+01,3.488528910189359067e-14
1.695200000000000173e+01,3.560346462094798881e-14
1.695400000000000063e+01,3.673797377423682065e-14
1.695599999999999952e+01,3.766778555736038925e-14
1.695800000000000196e+01,3.520794766842527679e-14
1.696000000000000085e+01,3.651592916931178934e-14
1.696199999999999974e+01,3.698777395477748087e-14
1.696399999999999864e+01,3.766084666345648202e-14
1.696600000000000108e+01,3.565897577217924663e-14
1.696799999999999997e+01,3.278627369596165408e-14
1.696999999999999886e+01,3.361547151747856788e-14
1.697200000000000131e+01,3.401792736390518712e-14
1.697400000000000020e+01,3.953781746446338730e-14
1.697599999999999909e+01,3.622796507229963936e-14
1.697800000000000153e+01,4.143560494718201426e-14
1.698000000000000043e+01,3.815350813063389523e-14
1.698199999999999932e+01,3.624531230705940743e-14
1.698400000000000176e+01,3.353567423758363475e-14
1.698600000000000065e+01,3.741798537681972903e-14
1.698799999999999955e+01,3.518366153976160149e-14
1.699000000000000199e+01,3.604061493689414419e-14
1.699200000000000088e+01,3.677613769070831040e-14
1.699399999999999977e+01,3.861494457524372592e-14
1.699599999999999866e+01,3.549938121238938038e-14
1.699800000000000111e+01,3.625225120096331466e-14
1.700000000000000000e+01,3.356342981319926366e-14
1.700199999999999889e+01,3.838249162946283377e-14
1.700400000000000134e+01,3.211667043423460655e-14
1.700600000000000023e+01,2.954927968978893205e-14
1.700799999999999912e+01,3.381669944069187750e-14
1.701000000000000156e+01,3.461120279268925515e-14
1.701200000000000045e+01,3.940944792724110357e-14
1.701399999999999935e+01,3.721675745360641940e-14
1.701600000000000179e+01,3.395547731877002207e-14
1.701800000000000068e+01,3.622102617839573213e-14
1.701999999999999957e+01,3.557917849228431351e-14
1.702200000000000202e+01,3.378200497117234136e-14
1.702400000000000091e+01,3.466324449696855936e-14
1.702599999999999980e+01,3.556183125752454544e-14
1.702799999999999869e+01,3.603367604299023697e-14
1.703000000000000114e+01,3.039929419301756752e-14
1.703200000000000003e+01,3.426078865054194011e-14
1.703399999999999892e+01,3.241157342515066375e-14
1.703600000000000136e+01,3.711267404504781098e-14
1.703800000000000026e+01,3.768513279212015732e-14
1.703999999999999915e+01,3.497896416959633825e-14
1.704200000000000159e+01,3.290423489232807697e-14
1.704400000000000048e+01,3.752900767928224468e-14
1.704599999999999937e+01,3.439956652862008468e-14
1.704800000000000182e+01,3.110012247731219759e-14
1.705000000000000071e+01,3.665123760043798029e-14
1.705199999999999960e+01,4.083886007144599262e-14
1.705400000000000205e+01,3.545080895506202978e-14
1.705600000000000094e+01,3.507263923729908583e-14
1.705799999999999983e+01,3.701206008344115617e-14
1.705999999999999872e+01,3.339689635950549018e-14
1.706200000000000117e+01,3.540917559163858641e-14
1.706400000000000006e+01,3.601979825518242251e-14
1.706599999999999895e+01,3.609265664117344841e-14
1.706800000000000139e+01,3.443079155118766721e-14
1.707000000000000028e+01,3.443426099813962082e-14
1.707199999999999918e+01,3.665123760043798029e-14
1.707400000000000162e+01,3.641878465465708814e-14
1.707600000000000051e+01,3.943026460895282526e-14
1.707799999999999940e+01,3.608224830031758756e-14
1.708000000000000185e+01,3.222422328974516859e-14
1.708200000000000074e+01,3.378547441812429497e-14
1.708399999999999963e+01,3.404915238647276965e-14
1.708600000000000207e+01,4.013456234019940894e-14
1.708800000000000097e+01,3.363628819919028956e-14
1.708999999999999986e+01,3.738329090730019288e-14
1.709199999999999875e+01,3.561734240875580326e-14
1.709400000000000119e+01,3.582550922587302011e-14
1.709600000000000009e+01,3.739022980120410011e-14
1.709799999999999898e+01,3.471875564819981719e-14
1.710000000000000142e+01,3.523917269099285932e-14
1.710200000000000031e+01,3.281749871852923661e-14
1.710399999999999920e+01,2.926825448668068930e-14
1.710600000000000165e+01,3.393119119010634677e-14
1.710800000000000054e+01,4.009986787067987279e-14
1.710999999999999943e+01,3.650899027540788211e-14
1.711200000000000188e+01,3.830269434956790064e-14
1.711400000000000077e+01,3.874331411246600965e-14
1.711599999999999966e+01,3.239422619039089568e-14
1.711800000000000210e+01,3.357036870710317089e-14
1.712000000000000099e+01,3.371608547908522269e-14
1.712199999999999989e+01,3.515937541109792619e-14
1.712399999999999878e+01,3.573877305207417976e-14
1.712600000000000122e+01,3.716124630237516158e-14
1.712800000000000011e+01,3.835473605384720486e-14
1.712999999999999901e+01,3.570754802950659723e-14
1.713200000000000145e+01,3.620367894363596406e-14
1.713400000000000034e+01,3.424344141578217204e-14
1.713599999999999923e+01,3.496508638178852379e-14
1.713800000000000168e+01,3.264055692397960229e-14
1.714000000000000057e+01,3.621755673144377852e-14
1.714199999999999946e+01,3.388608837973094978e-14
1.714400000000000190e+01,3.498590306350024548e-14
1.714600000000000080e+01,3.615857613326056708e-14
1.714799999999999969e+01,3.707797957552827484e-14
1.715000000000000213e+01,3.838943052336674100e-14
1.715200000000000102e+01,3.956904248703096982e-14
1.715399999999999991e+01,3.260933190141201976e-14
1.715599999999999881e+01,3.301178774783863901e-14
1.715800000000000125e+01,3.087113897848325905e-14
1.716000000000000014e+01,3.530162273612802437e-14
1.716199999999999903e+01,3.631123179914652610e-14
1.716400000000000148e+01,3.379241331202820220e-14
1.716600000000000037e+01,3.866698627952303013e-14
1.716799999999999926e+01,3.506916979034713222e-14
1.717000000000000171e+01,3.754288546709005914e-14
1.717200000000000060e+01,3.484365573847014730e-14
1.717399999999999949e+01,3.530856163003193160e-14
1.717600000000000193e+01,3.578387586244957674e-14
1.717800000000000082e+01,3.765737721650452841e-14
1.717999999999999972e+01,3.478814458723888947e-14
1.718199999999999861e+01,3.549591176543742677e-14
1.718400000000000105e+01,3.636674295037778393e-14
1.718599999999999994e+01,3.734512699082870313e-14
1.718799999999999883e+01,3.878841692284140663e-14
1.719000000000000128e+01,3.602326770213437612e-14
1.719200000000000017e+01,3.269953752216281373e-14
1.719399999999999906e+01,3.699471284868138810e-14
1.719600000000000151e+01,3.864616959781130845e-14
1.719800000000000040e+01,3.229708167573619448e-14
1.719999999999999929e+01,3.785513569276588441e-14
1.720200000000000173e+01,4.134539932643122029e-14
1.720400000000000063e+01,3.487141131408577621e-14
1.720599999999999952e+01,3.337954912474572211e-14
1.720800000000000196e+01,3.414282745417551723e-14
1.721000000000000085e+01,3.094746681142623856e-14
1.721199999999999974e+01,3.463201947440097683e-14
1.721399999999999864e+01,3.344893806378479439e-14
1.721600000000000108e+01,3.301525719479059262e-14
1.721799999999999997e+01,3.497549472264438464e-14
1.721999999999999886e+01,3.194666753358887945e-14
1.722200000000000131e+01,3.682470994803566100e-14
1.722400000000000020e+01,3.845881946240581328e-14
1.722599999999999909e+01,3.887515309664024699e-14
1.722800000000000153e+01,3.646041801808053151e-14
1.723000000000000043e+01,3.375077994860475883e-14
1.723199999999999932e+01,3.073236110040511448e-14
1.723400000000000176e+01,3.540223669773467918e-14
1.723600000000000065e+01,3.632857903390629417e-14
1.723799999999999955e+01,3.769554113297601816e-14
1.724000000000000199e+01,4.261521691084624308e-14
1.724200000000000088e+01,3.252606517456513302e-14
1.724399999999999977e+01,3.389302727363485701e-14
1.724599999999999866e+01,3.668593206995751643e-14
1.724800000000000111e+01,3.588795927100818517e-14
1.725000000000000000e+01,3.623143451925159297e-14
1.725199999999999889e+01,4.015190957495917701e-14
1.725400000000000134e+01,3.516978375195378703e-14
1.725600000000000023e+01,3.522876435013699847e-14
1.725799999999999912e+01,3.636327350342583031e-14
1.726000000000000156e+01,3.717859353713492965e-14
1.726200000000000045e+01,3.835473605384720486e-14
1.726399999999999935e+01,3.570754802950659723e-14
1.726600000000000179e+01,3.348016308635237692e-14
1.726800000000000068e+01,3.362934930528638233e-14
1.726999999999999957e+01,3.439956652862008468e-14
1.727200000000000202e+01,3.576652862768980867e-14
1.727400000000000091e+01,3.676572934985244956e-14
1.727599999999999980e+01,3.832351103127962233e-14
1.727799999999999869e+01,3.544040061420616894e-14
1.728000000000000114e+01,3.630082345829066526e-14
1.728200000000000003e+01,3.352179644977582029e-14
1.728399999999999892e+01,3.430936090786929071e-14
1.728600000000000136e+01,3.887168364968829337e-14
1.728800000000000026e+01,3.229014278183228726e-14
1.728999999999999915e+01,4.174785517285783953e-14
1.729200000000000159e+01,3.471181675429590996e-14
1.729400000000000048e+01,3.596428710395116468e-14
1.729599999999999937e+01,3.695307948525794473e-14
1.729800000000000182e+01,3.391037450839462508e-14
1.730000000000000071e+01,3.518713098671355510e-14
1.730199999999999960e+01,3.931924230649030960e-14
1.730400000000000205e+01,3.741104648291582180e-14
1.730600000000000094e+01,3.434058593043687324e-14
1.730799999999999983e+01,3.502406697997173524e-14
1.730999999999999872e+01,3.712308238590367182e-14
1.731200000000000117e+01,3.683164884193956823e-14
1.731400000000000006e+01,3.864963904476326206e-14
1.731599999999999895e+01,3.199177034396427644e-14
1.731800000000000139e+01,3.300137940698277816e-14
1.732000000000000028e+01,3.768166334516820370e-14
1.732199999999999918e+01,3.524264213794481293e-14
1.732400000000000162e+01,3.515243651719401896e-14
1.732600000000000051e+01,3.673797377423682065e-14
1.732799999999999940e+01,3.457303887621776539e-14
1.733000000000000185e+01,3.487835020798968344e-14
1.733200000000000074e+01,3.686634331145910437e-14
1.733399999999999963e+01,3.694614059135403750e-14
1.733600000000000207e+01,3.378894386507624858e-14
1.733800000000000097e+01,3.940250903333719634e-14
1.733999999999999986e+01,3.295627659660738118e-14
1.734199999999999875e+01,3.415323579503137807e-14
1.734400000000000119e+01,3.506223089644322499e-14
1.734600000000000009e+01,3.198483145006036921e-14
1.734799999999999898e+01,3.666511538824579475e-14
1.735000000000000142e+01,3.733124920302088867e-14
1.735200000000000031e+01,4.296216160604160450e-14
1.735399999999999920e+01,3.250524849285341134e-14
1.735600000000000165e+01,3.056235819975938739e-14
1.735800000000000054e+01,3.341424359426525825e-14
1.735999999999999943e+01,3.501018919216392078e-14
1.736200000000000188e+01,3.217565103241781799e-14
1.736400000000000077e+01,3.775452173115922960e-14
1.736599999999999966e+01,3.431976924872515156e-14
1.736800000000000210e+01,3.552366734105305568e-14
1.737000000000000099e+01,3.690450722793059413e-14
1.737199999999999989e+01,4.065844882994440468e-14
1.737399999999999878e+01,3.533978665259951413e-14
1.737600000000000122e+01,3.536407278126318943e-14
1.737800000000000011e+01,3.320607677714804140e-14
1.737999999999999901e+01,3.488875854884554428e-14
1.738200000000000145e+01,3.444813878594743528e-14
1.738400000000000034e+01,3.999925390907321798e-14
1.738599999999999923e+01,3.761921330003303865e-14
1.738800000000000168e+01,4.260827801694233585e-14
1.739000000000000057e+01,3.212707877509046739e-14
1.739199999999999946e+01,3.237687895563112761e-14
1.739400000000000190e+01,3.729655473350135253e-14
1.739600000000000080e+01,3.871902798380233435e-14
1.739799999999999969e+01,3.178707297379901320e-14
1.740000000000000213e+01,3.663735981263016583e-14
1.740200000000000102e+01,3.811187476721045186e-14
1.740399999999999991e+01,3.496855582874047741e-14
1.740599999999999881e+01,3.283137650633705107e-14
1.740800000000000125e+01,3.283137650633705107e-14
1.741000000000000014e+01,3.455916108840995093e-14
1.741199999999999903e+01,3.473263343600763164e-14
1.741400000000000148e+01,3.618633170887619599e-14
1.741600000000000037e+01,3.414976634807942446e-14
1.741799999999999926e+01,3.466324449696855936e-14
1.742000000000000171e+01,3.528427550136825630e-14
1.742200000000000060e+01,3.232830669830377701e-14
1.742399999999999949e+01,3.785513569276588441e-14
1.742600000000000193e+01,3.497896416959633825e-14
1.742800000000000082e+01,3.149910887678686322e-14
1.742999999999999972e+01,3.445854712680329612e-14
1.743199999999999861e+01,3.336220188998595404e-14
1.743400000000000105e+01,3.153380334630639936e-14
1.743599999999999994e+01,3.663389036567821222e-14
1.743799999999999883e+01,3.663042091872625861e-14
1.744000000000000128e+01,3.866351683257107652e-14
1.744200000000000017e+01,3.582203977892106650e-14
1.744399999999999906e+01,3.634245682171410863e-14
1.744600000000000151e+01,3.428160533225366180e-14
1.744800000000000040e+01,3.387568003887508894e-14
1.744999999999999929e+01,3.571448692341050446e-14
1.745200000000000173e+01,3.693920169745013027e-14
1.745400000000000063e+01,2.998643000573508743e-14
1.745599999999999952e+01,3.458691666402557985e-14
1.745800000000000196e+01,3.945802018456845417e-14
1.746000000000000085e+01,3.752206878537833745e-14
1.746199999999999974e+01,3.844841112154995244e-14
1.746399999999999864e+01,3.901046152776643794e-14
1.746600000000000108e+01,3.338301857169767572e-14
1.746799999999999997e+01,3.384445501630750641e-14
1.746999999999999886e+01,3.444813878594743528e-14
1.747200000000000131e+01,3.542652282639835448e-14
1.747400000000000020e+01,3.673103488033291342e-14
1.747599999999999909e+01,3.403180515171300158e-14
1.747800000000000153e+01,3.512468094157839005e-14
1.748000000000000043e+01,3.585673424844060264e-14
1.748199999999999932e+01,4.083539062449403900e-14
1.748400000000000176e+01,3.790370795009323501e-14
1.748600000000000065e+01,3.128400316576573914e-14
1.748799999999999955e+01,3.685593497060324353e-14
1.749000000000000199e+01,3.702246842429701701e-14
1.749200000000000088e+01,3.480896126895061116e-14
1.749399999999999977e+01,3.529468384222411714e-14
1.749599999999999866e+01,3.985700658404311980e-14
1.749800000000000111e+01,4.129682706910386969e-14
1.750000000000000000e+01,3.870861964294647350e-14
1.750199999999999889e+01,3.200217868482013728e-14
1.750400000000000134e+01,3.316791286067655165e-14
1.750600000000000023e+01,3.391384395534657870e-14
1.750799999999999912e+01,3.075317778211683617e-14
1.751000000000000156e+01,3.645000967722467067e-14
1.751200000000000045e+01,3.691491556878645497e-14
1.751399999999999935e+01,3.761227440612913142e-14
1.751600000000000179e+01,3.260586245446006615e-14
1.751800000000000068e+01,3.561040351485189603e-14
1.751999999999999957e+01,3.665123760043798029e-14
1.752200000000000202e+01,3.508651702510690029e-14
1.752400000000000091e+01,3.610653442898126286e-14
1.752599999999999980e+01,3.663042091872625861e-14
1.752799999999999869e+01,3.023623018627574766e-14
1.753000000000000114e+01,3.480896126895061116e-14
1.753200000000000003e+01,3.540917559163858641e-14
1.753399999999999892e+01,3.674838211509268149e-14
1.753600000000000136e+01,3.834779715994329763e-14
1.753800000000000026e+01,3.931230341258640237e-14
1.753999999999999915e+01,3.251912628066122579e-14
1.754200000000000159e+01,3.010786064905346393e-14
1.754400000000000048e+01,3.363628819919028956e-14
1.754599999999999937e+01,3.580816199111325204e-14
1.754800000000000182e+01,3.998884556821735714e-14
1.755000000000000071e+01,4.151887167402890100e-14
1.755199999999999960e+01,4.277828091758806295e-14
1.755400000000000205e+01,3.577346752159371590e-14
1.755600000000000094e+01,3.741451592986777541e-14
1.755799999999999983e+01,3.430936090786929071e-14
1.755999999999999872e+01,3.121808367367862047e-14
1.756200000000000117e+01,3.551325900019719484e-14
1.756400000000000006e+01,3.686981275841105798e-14
1.756599999999999895e+01,3.409078574989621302e-14
1.756800000000000139e+01,3.565550632522729302e-14
1.757000000000000028e+01,3.605102327775000504e-14
1.757199999999999918e+01,3.726186026398181639e-14
1.757400000000000162e+01,3.792452463180495670e-14
1.757600000000000051e+01,3.224157052450493666e-14
1.757799999999999940e+01,3.282790705938509745e-14
1.758000000000000185e+01,3.411160243160793470e-14
1.758200000000000074e+01,3.088848621324302712e-14
1.758399999999999963e+01,3.845535001545385967e-14
1.758600000000000207e+01,3.768860223907211093e-14
1.758800000000000097e+01,3.513508928243425089e-14
1.758999999999999986e+01,3.457997777012167262e-14
1.759199999999999875e+01,3.234218448611159147e-14
1.759400000000000119e+01,3.695654893220989834e-14
1.759600000000000009e+01,3.432323869567710517e-14
1.759799999999999898e+01,3.170727569390408007e-14
1.760000000000000142e+01,3.583244811977692734e-14
1.760200000000000031e+01,3.389649672058681062e-14
1.760399999999999920e+01,3.498937251045219909e-14
1.760600000000000165e+01,3.528774494832020991e-14
1.760800000000000054e+01,3.705022399991264592e-14
1.760999999999999943e+01,3.701552953039310978e-14
1.761200000000000188e+01,3.910760604242113914e-14
1.761400000000000077e+01,3.650552082845592849e-14
1.761599999999999966e+01,3.358077704795903173e-14
1.761800000000000210e+01,3.346281585159260885e-14
1.762000000000000099e+01,3.519060043366550872e-14
1.762199999999999989e+01,3.572142581731441169e-14
1.762399999999999878e+01,3.751512989147443022e-14
1.762600000000000122e+01,3.875025300636991687e-14
1.762800000000000011e+01,3.545080895506202978e-14
1.762999999999999901e+01,4.030109579389318242e-14
1.763200000000000145e+01,3.060746101013478437e-14
1.763400000000000034e+01,3.547856453067765869e-14
1.763599999999999923e+01,3.520100877452136956e-14
1.763800000000000168e+01,3.286260152890463360e-14
1.764000000000000057e+01,3.007316617953392779e-14
1.764199999999999946e+01,3.465630560306465213e-14
1.764400000000000190e+01,3.595734821004725745e-14
1.764600000000000080e+01,4.138356324290271004e-14
1.764799999999999969e+01,3.776839951896704406e-14
1.765000000000000213e+01,3.947883686628017585e-14
1.765200000000000102e+01,2.923356001716115316e-14
1.765399999999999991e+01,2.947989075074985976e-14
1.765599999999999881e+01,3.413935800722356362e-14
1.765800000000000125e+01,3.979455653890795475e-14
1.766000000000000014e+01,3.649858193455202127e-14
1.766199999999999903e+01,3.475345011771935333e-14
1.766400000000000148e+01,3.851086116668511750e-14
1.766600000000000037e+01,3.649164304064811404e-14
1.766799999999999926e+01,4.114070195626595705e-14
1.767000000000000171e+01,3.447242491461111058e-14
1.767200000000000060e+01,3.586714258929646348e-14
1.767399999999999949e+01,3.613082055764493816e-14
1.767600000000000193e+01,3.733818809692479590e-14
1.767800000000000082e+01,3.514549762329011173e-14
1.767999999999999972e+01,3.485059463237405453e-14
1.768199999999999861e+01,3.664429870653407306e-14
1.768400000000000105e+01,3.843453333374213798e-14
1.768599999999999994e+01,3.472222509515177080e-14
1.768799999999999883e+01,3.956210359312706260e-14
1.769000000000000128e+01,2.945907406903813808e-14
1.769200000000000017e+01,3.752206878537833745e-14
1.769399999999999906e+01,3.480549182199865754e-14
1.769600000000000151e+01,3.676919879680440317e-14
1.769800000000000040e+01,3.727226860483767723e-14
1.769999999999999929e+01,3.837902218251088016e-14
1.770200000000000173e+01,4.005476506030447581e-14
1.770400000000000063e+01,3.268219028740304566e-14
1.770599999999999952e+01,3.370567713822936184e-14
1.770800000000000196e+01,3.383404667545164557e-14
1.771000000000000085e+01,3.639102907904145923e-14
1.771199999999999974e+01,3.673797377423682065e-14
1.771399999999999864e+01,3.830616379651985426e-14
1.771600000000000108e+01,3.480202237504670393e-14
1.771799999999999997e+01,3.629041511743480442e-14
1.771999999999999886e+01,3.672409598642900619e-14
1.772200000000000131e+01,3.494773914702875572e-14
1.772400000000000020e+01,3.551672844714914845e-14
1.772599999999999909e+01,3.622449562534768575e-14
1.772800000000000153e+01,3.307423779297380406e-14
1.773000000000000043e+01,3.850739171973316388e-14
1.773199999999999932e+01,3.581163143806520566e-14
1.773400000000000176e+01,3.679695437242003209e-14
1.773600000000000065e+01,3.807371085073896211e-14
1.773799999999999955e+01,4.269154474378922259e-14
1.774000000000000199e+01,3.616898447411642792e-14
1.774200000000000088e+01,3.683511828889152184e-14
1.774399999999999977e+01,3.834779715994329763e-14
1.774599999999999866e+01,3.928801728392272707e-14
1.774800000000000111e+01,3.311587115639724743e-14
1.775000000000000000e+01,3.720287966579860495e-14
1.775199999999999889e+01,3.448630270241892504e-14
1.775400000000000134e+01,2.771047280525351653e-14
1.775600000000000023e+01,3.271688475692258180e-14
1.775799999999999912e+01,3.276892646120188601e-14
1.776000000000000156e+01,3.439609708166813107e-14
1.776200000000000045e+01,3.558611738618822073e-14
1.776399999999999935e+01,3.238728729648698845e-14
1.776600000000000179e+01,3.459038611097753346e-14
1.776800000000000068e+01,3.486100297322991537e-14
1.776999999999999957e+01,3.614469834545275262e-14
1.777200000000000202e+01,4.070008219336784805e-14
1.777400000000000091e+01,3.820554983491319945e-14
1.777599999999999980e+01,3.172115348171189453e-14
1.777799999999999869e+01,3.184952301893417825e-14
1.778000000000000114e+01,3.402486625780909435e-14
1.778200000000000003e+01,3.392078284925048592e-14
1.778399999999999892e+01,3.611347332288517009e-14
1.778600000000000136e+01,3.663735981263016583e-14
1.778800000000000026e+01,4.081457394278231732e-14
1.778999999999999915e+01,3.553407568190891652e-14
1.779200000000000159e+01,3.564509798437143218e-14
1.779400000000000048e+01,3.742839371767558987e-14
1.779599999999999937e+01,3.426425809749389373e-14
1.779800000000000182e+01,3.915617829974848974e-14
1.780000000000000071e+01,3.212013988118656016e-14
1.780199999999999960e+01,2.976785484776200974e-14
1.780400000000000205e+01,3.774064394335141515e-14
1.780600000000000094e+01,3.539876725078272557e-14
1.780799999999999983e+01,3.592612318747967493e-14
1.780999999999999872e+01,3.817085536539366331e-14
1.781200000000000117e+01,3.845535001545385967e-14
1.781400000000000006e+01,2.890743200367751342e-14
1.781599999999999895e+01,3.306036000516598961e-14
1.781800000000000139e+01,3.348016308635237692e-14
1.782000000000000028e+01,3.456609998231385816e-14
1.782199999999999918e+01,3.570407858255464362e-14
1.782400000000000162e+01,3.733124920302088867e-14
1.782600000000000051e+01,4.245215290410442321e-14
1.782799999999999940e+01,3.906250323204574215e-14
1.783000000000000185e+01,3.646735691198443874e-14
1.783200000000000074e+01,3.386527169801922810e-14
1.783399999999999963e+01,3.450018049022673949e-14
1.783600000000000207e+01,3.487488076103772983e-14
1.783800000000000097e+01,3.744227150548340433e-14
1.783999999999999986e+01,3.394853842486611484e-14
1.784199999999999875e+01,3.141584214993997648e-14
1.784400000000000119e+01,3.567632300693901470e-14
1.784600000000000009e+01,3.698083506087357364e-14
1.784799999999999898e+01,3.782738011715025550e-14
1.785000000000000142e+01,3.814656923672998801e-14
1.785200000000000031e+01,3.693920169745013027e-14
1.785399999999999920e+01,3.695654893220989834e-14
1.785600000000000165e+01,3.047215257900859342e-14
1.785800000000000054e+01,3.566591466608315386e-14
1.785999999999999943e+01,3.684205718279542907e-14
1.786200000000000188e+01,3.721675745360641940e-14
1.786400000000000077e+01,3.493039191226898765e-14
1.786599999999999966e+01,3.987088437185093426e-14
1.786800000000000210e+01,3.678307658461221763e-14
1.787000000000000099e+01,3.434752482434078047e-14
1.787199999999999989e+01,3.443079155118766721e-14
1.787399999999999878e+01,3.625572064791526827e-14
1.787600000000000122e+01,3.302219608869449985e-14
1.787800000000000011e+01,3.441344431642789914e-14
1.787999999999999901e+01,3.463548892135293045e-14
1.788200000000000145e+01,3.668940151690947005e-14
1.788400000000000034e+01,3.351832700282386668e-14
1.788599999999999923e+01,3.782738011715025550e-14
1.788800000000000168e+01,3.211320098728265293e-14
1.789000000000000057e+01,3.300484885393473178e-14
1.789199999999999946e+01,3.376118828946061967e-14
1.789400000000000190e+01,3.810493587330654464e-14
1.789600000000000080e+01,3.620714839058791767e-14
1.789799999999999969e+01,3.315750451982069080e-14
1.790000000000000213e+01,3.779962454153462659e-14
1.790200000000000102e+01,3.827146932700031812e-14
1.790399999999999991e+01,4.017966515057480592e-14
1.790599999999999881e+01,3.449671104327478588e-14
1.790800000000000125e+01,3.444466933899548167e-14
1.791000000000000014e+01,3.480896126895061116e-14
1.791199999999999903e+01,3.679001547851612486e-14
1.791400000000000148e+01,3.440650542252399191e-14
1.791600000000000037e+01,3.776493007201509045e-14
1.791799999999999926e+01,3.528774494832020991e-14
1.792000000000000171e+01,4.083192117754208539e-14
1.792200000000000060e+01,3.378894386507624858e-14
1.792399999999999949e+01,3.544733950811007617e-14
1.792600000000000193e+01,3.234565393306354508e-14
1.792800000000000082e+01,3.257810687884443723e-14
1.792999999999999972e+01,3.426078865054194011e-14
1.793199999999999861e+01,3.881617249845703554e-14
1.793400000000000105e+01,3.707797957552827484e-14
1.793599999999999994e+01,4.120662144835307572e-14
1.793799999999999883e+01,3.810493587330654464e-14
1.794000000000000128e+01,3.165176454267282224e-14
1.794200000000000017e+01,2.995520498316750491e-14
1.794399999999999906e+01,3.337261023084181488e-14
1.794600000000000151e+01,3.482283905675842561e-14
1.794800000000000040e+01,3.234218448611159147e-14
1.794999999999999929e+01,3.718553243103883688e-14
1.795200000000000173e+01,3.394853842486611484e-14
1.795400000000000063e+01,3.481243071590256477e-14
1.795599999999999952e+01,3.626612898877112912e-14
1.795800000000000196e+01,3.726532971093377000e-14
1.796000000000000085e+01,3.792105518485300308e-14
1.796199999999999974e+01,3.598510378566288637e-14
1.796399999999999864e+01,3.319913788324413417e-14
1.796600000000000108e+01,2.985806046851280371e-14
1.796799999999999997e+01,3.453834440669822925e-14
1.796999999999999886e+01,3.596775655090311830e-14
1.797200000000000131e+01,3.693573225049817665e-14
1.797400000000000020e+01,3.725492137007790916e-14
1.797599999999999909e+01,3.911801438327699998e-14
1.797800000000000153e+01,3.621408728449182490e-14
1.798000000000000043e+01,3.386874114497118171e-14
1.798199999999999932e+01,3.372996326689303714e-14
1.798400000000000176e+01,3.545080895506202978e-14
1.798600000000000065e+01,3.597122599785507191e-14
1.798799999999999955e+01,3.816738591844170969e-14
1.799000000000000199e+01,3.471875564819981719e-14
1.799200000000000088e+01,3.550978955324524122e-14
1.799399999999999977e+01,3.665123760043798029e-14
1.799599999999999866e+01,3.812228310806631271e-14
1.799800000000000111e+01,3.467365283782442020e-14
1.800000000000000000e+01,3.583938701368083457e-14
1.800199999999999889e+01,2.998643000573508743e-14
1.800400000000000134e+01,3.335179354913009320e-14
1.800600000000000023e+01,3.529815328917607076e-14
1.800799999999999912e+01,3.278627369596165408e-14
1.801000000000000156e+01,3.675879045594854233e-14
1.801200000000000045e+01,3.827493877395227173e-14
1.801399999999999935e+01,3.600592046737460805e-14
1.801600000000000179e+01,3.587408148320037071e-14
1.801800000000000068e+01,3.749084376281075492e-14
1.801999999999999957e+01,3.964883976692590295e-14
1.802200000000000202e+01,3.595040931614335022e-14
1.802400000000000091e+01,3.270647641606672096e-14
1.802599999999999980e+01,3.794534131351667838e-14
1.802799999999999869e+01,3.494773914702875572e-14
1.803000000000000114e+01,3.607877885336563395e-14
1.803200000000000003e+01,4.005476506030447581e-14
1.803399999999999892e+01,3.900005318691057710e-14
1.803600000000000136e+01,3.578387586244957674e-14
1.803800000000000026e+01,2.881375693597476584e-14
1.803999999999999915e+01,3.393119119010634677e-14
1.804200000000000159e+01,3.351832700282386668e-14
1.804400000000000048e+01,3.594347042223944300e-14
1.804599999999999937e+01,3.646041801808053151e-14
1.804800000000000182e+01,3.758451883051350251e-14
1.805000000000000071e+01,3.592959263443162854e-14
1.805199999999999960e+01,3.198136200310841559e-14
1.805400000000000205e+01,3.748390486890684770e-14
1.805600000000000094e+01,3.789676905618932778e-14
1.805799999999999983e+01,3.502059753301978162e-14
1.805999999999999872e+01,3.635633460952192308e-14
1.806200000000000117e+01,4.065844882994440468e-14
1.806400000000000006e+01,3.463548892135293045e-14
1.806599999999999895e+01,3.576652862768980867e-14
1.806800000000000139e+01,3.683511828889152184e-14
1.807000000000000028e+01,3.822983596357687475e-14
1.807199999999999918e+01,3.482283905675842561e-14
1.807400000000000162e+01,3.567979245389096832e-14
1.807600000000000051e+01,3.331016018570664983e-14
1.807799999999999940e+01,3.480202237504670393e-14
1.808000000000000185e+01,3.491998357141312681e-14
1.808200000000000074e+01,3.565897577217924663e-14
1.808399999999999963e+01,3.739716869510800734e-14
1.808600000000000207e+01,3.817432481234561692e-14
1.808800000000000097e+01,3.159972283839351803e-14
1.808999999999999986e+01,4.089437122267725044e-14
1.809199999999999875e+01,3.404915238647276965e-14
1.809400000000000119e+01,3.406996906818449133e-14
1.809600000000000009e+01,3.261280134836397337e-14
1.809799999999999898e+01,3.957251193398292344e-14
1.810000000000000142e+01,3.716471574932711519e-14
1.810200000000000031e+01,3.518366153976160149e-14
1.810399999999999920e+01,3.616898447411642792e-14
1.810600000000000165e+01,4.062375436042486854e-14
1.810800000000000054e+01,3.403874404561690881e-14
1.810999999999999943e+01,3.554795346971673098e-14
1.811200000000000188e+01,3.643613188941685621e-14
1.811400000000000077e+01,3.333791576132227874e-14
1.811599999999999966e+01,3.486447242018186898e-14
1.811800000000000210e+01,3.952393967665557284e-14
1.812000000000000099e+01,3.584979535453669541e-14
1.812199999999999989e+01,3.805983306293114765e-14
1.812399999999999878e+01,3.518019209280964787e-14
1.812600000000000122e+01,3.115216418159150180e-14
1.812800000000000011e+01,3.357036870710317089e-14
1.812999999999999901e+01,3.049990815462422233e-14
1.813200000000000145e+01,3.447242491461111058e-14
1.813400000000000034e+01,3.271341530997062819e-14
1.813599999999999923e+01,4.019007349143066676e-14
1.813800000000000168e+01,3.462161113354511599e-14
1.814000000000000057e+01,3.555142291666868459e-14
1.814199999999999946e+01,3.621061783753987129e-14
1.814400000000000190e+01,3.715083796151930073e-14
1.814600000000000080e+01,3.474651122381544610e-14
1.814799999999999969e+01,3.219993716108149329e-14
1.815000000000000213e+01,3.669287096386142366e-14
1.815200000000000102e+01,3.077746391078051147e-14
1.815399999999999991e+01,3.835473605384720486e-14
1.815599999999999881e+01,4.013803178715136255e-14
1.815800000000000125e+01,3.713002127980757905e-14
1.816000000000000014e+01,4.196296088387896361e-14
1.816199999999999903e+01,3.222075384279321497e-14
1.816400000000000148e+01,3.231095946354400894e-14
1.816600000000000037e+01,3.339689635950549018e-14
1.816799999999999926e+01,3.074276944126097533e-14
1.817000000000000171e+01,3.517325319890574065e-14
1.817200000000000060e+01,3.998190667431344991e-14
1.817399999999999949e+01,3.785166624581393080e-14
1.817600000000000193e+01,3.488875854884554428e-14
1.817800000000000082e+01,3.983965934928335173e-14
1.817999999999999972e+01,3.667205428214970198e-14
1.818199999999999861e+01,3.421568584016654313e-14
1.818400000000000105e+01,3.580469254416129843e-14
1.818599999999999994e+01,3.582550922587302011e-14
1.818799999999999883e+01,3.404568293952081603e-14
1.819000000000000128e+01,3.458691666402557985e-14
1.819200000000000017e+01,3.127012537795792468e-14
1.819399999999999906e+01,3.311240170944529382e-14
1.819600000000000151e+01,3.720634911275055856e-14
1.819800000000000040e+01,3.797309688913230730e-14
1.819999999999999929e+01,4.282338372796345993e-14
1.820200000000000173e+01,3.447589436156306419e-14
1.820400000000000063e+01,3.306729889906989683e-14
1.820599999999999952e+01,3.197789255615646198e-14
1.820800000000000196e+01,3.485059463237405453e-14
1.821000000000000085e+01,3.394506897791416122e-14
1.821199999999999974e+01,3.746308818719512601e-14
1.821399999999999864e+01,3.527039771356044184e-14
1.821600000000000108e+01,3.658531810835086162e-14
1.821799999999999997e+01,3.704328510600873869e-14
1.821999999999999886e+01,3.420180805235872867e-14
1.822200000000000131e+01,3.597816489175897914e-14
1.822400000000000020e+01,3.696348782611380557e-14
1.822599999999999909e+01,3.405262183342472326e-14
1.822800000000000153e+01,3.503447532082759608e-14
1.823000000000000043e+01,3.595387876309530384e-14
1.823199999999999932e+01,4.074518500374324503e-14
1.823400000000000176e+01,3.443426099813962082e-14
1.823600000000000065e+01,3.842412499288627714e-14
1.823799999999999955e+01,3.664429870653407306e-14
1.824000000000000199e+01,3.374384105470085160e-14
1.824200000000000088e+01,3.436487205910054854e-14
1.824399999999999977e+01,3.885086696797657169e-14
1.824599999999999866e+01,3.665123760043798029e-14
1.824800000000000111e+01,3.751166044452247661e-14
1.825000000000000000e+01,3.561040351485189603e-14
1.825199999999999889e+01,3.503794476777954969e-14
1.825400000000000134e+01,3.707104068162436761e-14
1.825600000000000023e+01,3.402833570476104796e-14
1.825799999999999912e+01,3.492692246531703404e-14
1.826000000000000156e+01,3.625919009486722189e-14
1.826200000000000045e+01,3.711961293895171821e-14
1.826399999999999935e+01,3.394506897791416122e-14
1.826600000000000179e+01,3.901393097471839155e-14
1.826800000000000068e+01,3.656103197968718632e-14
1.826999999999999957e+01,4.125519370568042632e-14
1.827200000000000202e+01,3.426772754444584734e-14
1.827400000000000091e+01,3.571101747645855085e-14
1.827599999999999980e+01,3.255035130322880832e-14
1.827799999999999869e+01,3.375077994860475883e-14
1.828000000000000114e+01,3.448977214937087865e-14
1.828200000000000003e+01,3.560693406789994242e-14
1.828399999999999892e+01,3.706410178772046038e-14
1.828600000000000136e+01,3.759839661832131696e-14
1.828800000000000026e+01,3.506570034339517861e-14
1.828999999999999915e+01,2.943131849342250916e-14
1.829200000000000159e+01,3.367445211566177932e-14
1.829400000000000048e+01,3.756370214880178082e-14
1.829599999999999937e+01,3.233871503915963785e-14
1.829800000000000182e+01,3.568326190084292193e-14
1.830000000000000071e+01,3.412548021941574916e-14
1.830199999999999960e+01,3.511427260072252921e-14
1.830400000000000205e+01,3.601979825518242251e-14
1.830600000000000094e+01,3.256769853798857639e-14
1.830799999999999983e+01,3.761227440612913142e-14
1.830999999999999872e+01,3.911107548937309275e-14
1.831200000000000117e+01,3.620020949668401045e-14
1.831400000000000006e+01,3.285913208195267998e-14
1.831599999999999895e+01,3.404221349256886242e-14
1.831800000000000139e+01,3.547162563677375147e-14
1.832000000000000028e+01,3.591224539967186047e-14
1.832199999999999918e+01,3.733124920302088867e-14
1.832400000000000162e+01,3.882311139236094277e-14
1.832600000000000051e+01,3.599898157347070082e-14
1.832799999999999940e+01,3.632164014000238694e-14
1.833000000000000185e+01,3.351485755587191306e-14
1.833200000000000074e+01,3.838596107641478739e-14
1.833399999999999963e+01,3.657837921444695439e-14
1.833600000000000207e+01,3.671021819862119173e-14
1.833800000000000097e+01,3.466324449696855936e-14
1.833999999999999986e+01,3.473263343600763164e-14
1.834199999999999875e+01,3.642572354856099537e-14
1.834400000000000119e+01,4.121009089530502933e-14
1.834600000000000009e+01,3.060052211623087715e-14
1.834799999999999898e+01,3.164135620181696140e-14
1.835000000000000142e+01,3.309158502773357213e-14
1.835200000000000031e+01,2.981642710508936034e-14
1.835399999999999920e+01,3.447936380851501781e-14
1.835600000000000165e+01,3.180095076160682765e-14
1.835800000000000054e+01,3.607183995946172672e-14
1.835999999999999943e+01,3.750819099757052300e-14
1.836200000000000188e+01,3.876066134722577772e-14
1.836400000000000077e+01,3.641531520770513453e-14
1.836599999999999966e+01,3.683164884193956823e-14
1.836800000000000210e+01,3.488875854884554428e-14
1.837000000000000099e+01,3.939210069248133550e-14
1.837199999999999989e+01,3.693226280354622304e-14
1.837399999999999878e+01,3.256769853798857639e-14
1.837600000000000122e+01,3.484365573847014730e-14
1.837800000000000011e+01,3.572489526426636530e-14
1.837999999999999901e+01,3.273076254473039626e-14
1.838200000000000145e+01,4.159866895392383412e-14
1.838400000000000034e+01,3.887515309664024699e-14
1.838599999999999923e+01,3.588448982405623156e-14
1.838800000000000168e+01,3.726186026398181639e-14
1.839000000000000057e+01,3.454528330060213648e-14
1.839199999999999946e+01,3.489569744274945151e-14
1.839400000000000190e+01,3.614816779240470623e-14
1.839600000000000080e+01,3.362241041138247510e-14
1.839799999999999969e+01,3.817779425929757053e-14
1.840000000000000213e+01,3.531203107698388521e-14
1.840200000000000102e+01,2.816843980291139360e-14
1.840399999999999991e+01,3.117298086330322349e-14
1.840599999999999881e+01,3.395200787181806845e-14
1.840800000000000125e+01,3.572142581731441169e-14
1.841000000000000014e+01,3.663735981263016583e-14
1.841199999999999903e+01,3.816738591844170969e-14
1.841400000000000148e+01,3.496161693483657018e-14
1.841600000000000037e+01,3.604755383079805142e-14
1.841799999999999926e+01,3.737288256644433204e-14
1.842000000000000171e+01,3.808758863854677656e-14
1.842200000000000060e+01,3.941291737419305719e-14
1.842399999999999949e+01,3.296321549051128841e-14
1.842600000000000193e+01,3.368832990346959377e-14
1.842800000000000082e+01,3.393813008401025400e-14
1.842999999999999972e+01,3.976333151634037222e-14
1.843200000000000216e+01,3.606837051250977311e-14
1.843400000000000105e+01,3.818820260015343138e-14
1.843599999999999994e+01,3.794881076046863200e-14
1.843799999999999883e+01,3.650899027540788211e-14
1.844000000000000128e+01,3.335873244303400043e-14
1.844200000000000017e+01,3.793493297266081754e-14
1.844399999999999906e+01,3.588448982405623156e-14
1.844600000000000151e+01,3.625572064791526827e-14
1.844800000000000040e+01,4.115804919102572512e-14
1.844999999999999929e+01,3.801126080560379705e-14
1.845200000000000173e+01,3.988823160661070233e-14
1.845400000000000063e+01,3.334485465522618597e-14
1.845599999999999952e+01,3.332056852656251067e-14
1.845800000000000196e+01,3.164482564876891502e-14
1.846000000000000085e+01,3.612041221678907732e-14
1.846199999999999974e+01,3.268912918130695289e-14
1.846399999999999864e+01,3.366751322175787209e-14
1.846600000000000108e+01,3.504141421473150331e-14
1.846799999999999997e+01,3.634245682171410863e-14
1.846999999999999886e+01,3.658531810835086162e-14
1.847200000000000131e+01,3.842412499288627714e-14
1.847400000000000020e+01,3.600592046737460805e-14
1.847599999999999909e+01,3.613775945154884539e-14
1.847800000000000153e+01,3.377506607726843413e-14
1.848000000000000043e+01,3.399017178828955821e-14
1.848199999999999932e+01,3.578734530940153036e-14
1.848400000000000176e+01,3.330322129180274260e-14
1.848600000000000065e+01,4.166458844601095279e-14
1.848799999999999955e+01,3.510733370681862198e-14
1.849000000000000199e+01,3.635286516256996947e-14
1.849200000000000088e+01,3.703287676515287785e-14
1.849399999999999977e+01,3.453834440669822925e-14
1.849599999999999866e+01,3.409772464380012025e-14
1.849800000000000111e+01,3.643613188941685621e-14
1.850000000000000000e+01,3.369179935042154739e-14
1.850199999999999889e+01,3.446895546765915697e-14
1.850400000000000134e+01,3.898270595215080903e-14
1.850600000000000023e+01,3.642225410160904175e-14
1.850799999999999912e+01,3.821595817576906029e-14
1.851000000000000156e+01,3.474998067076739972e-14
1.851200000000000045e+01,3.197095366225255475e-14
1.851399999999999935e+01,3.331709907961055706e-14
1.851600000000000179e+01,3.393466063705830038e-14
1.851800000000000068e+01,3.468753062563223466e-14
1.851999999999999957e+01,3.641184576075318091e-14
1.852200000000000202e+01,3.717165464323102242e-14
1.852400000000000091e+01,3.085726119067544460e-14
1.852599999999999980e+01,3.494773914702875572e-14
1.852799999999999869e+01,3.602673714908632974e-14
1.853000000000000114e+01,3.702593787124897062e-14
1.853200000000000003e+01,3.844841112154995244e-14
1.853399999999999892e+01,3.603367604299023697e-14
1.853600000000000136e+01,3.652286806321569657e-14
1.853800000000000026e+01,2.630187734276034917e-14
1.853999999999999915e+01,3.532243941783974606e-14
1.854200000000000159e+01,3.532590886479169967e-14
1.854400000000000048e+01,3.753247712623419829e-14
1.854599999999999937e+01,3.814656923672998801e-14
1.854800000000000182e+01,3.817432481234561692e-14
1.855000000000000071e+01,3.358077704795903173e-14
1.855199999999999960e+01,3.323036290581171670e-14
1.855400000000000205e+01,3.078093335773246508e-14
1.855600000000000094e+01,3.893413369482345843e-14
1.855799999999999983e+01,3.694614059135403750e-14
1.855999999999999872e+01,4.121702978920893656e-14
1.856200000000000117e+01,3.440997486947594552e-14
1.856400000000000006e+01,3.609959553507735563e-14
1.856599999999999895e+01,3.621755673144377852e-14
1.856800000000000139e+01,3.396588565962588291e-14
1.857000000000000028e+01,3.572836471121831892e-14
1.857199999999999918e+01,3.606490106555781949e-14
1.857400000000000162e+01,3.308117668687771129e-14
1.857600000000000051e+01,3.482977795066233284e-14
1.857799999999999940e+01,3.487141131408577621e-14
1.858000000000000185e+01,3.710573515114390375e-14
1.858200000000000074e+01,3.757757993660959528e-14
1.858399999999999963e+01,4.165764955210704557e-14
1.858600000000000207e+01,3.290076544537612335e-14
1.858800000000000097e+01,3.660613479006258331e-14
1.858999999999999986e+01,3.388608837973094978e-14
1.859199999999999875e+01,3.490610578360531235e-14
1.859400000000000119e+01,3.283484595328900468e-14
1.859600000000000009e+01,3.639796797294536645e-14
1.859799999999999898e+01,3.799391357084402898e-14
1.860000000000000142e+01,3.554101457581282375e-14
1.860200000000000031e+01,3.674144322118877426e-14
1.860399999999999920e+01,3.641184576075318091e-14
1.860600000000000165e+01,3.569367024169878277e-14
1.860800000000000054e+01,3.540570614468663280e-14
1.860999999999999943e+01,3.677266824375635679e-14
1.861200000000000188e+01,3.780656343543853382e-14
1.861400000000000077e+01,3.472569454210372442e-14
1.861599999999999966e+01,3.567979245389096832e-14
1.861800000000000210e+01,3.684899607669933630e-14
1.862000000000000099e+01,3.857331121182028255e-14
1.862199999999999989e+01,3.922556723878756202e-14
1.862399999999999878e+01,3.252606517456513302e-14
1.862600000000000122e+01,3.432670814262905878e-14
1.862800000000000011e+01,2.956315747759674650e-14
1.862999999999999901e+01,3.520794766842527679e-14
1.863200000000000145e+01,3.677960713766026402e-14
1.863400000000000034e+01,3.751512989147443022e-14
1.863599999999999923e+01,3.496855582874047741e-14
1.863800000000000168e+01,3.553407568190891652e-14
1.864000000000000057e+01,4.099151573733195164e-14
1.864199999999999946e+01,3.030214967836286633e-14
1.864400000000000190e+01,3.523917269099285932e-14
1.864600000000000080e+01,3.964537031997394934e-14
1.864799999999999969e+01,3.696001837916185195e-14
1.865000000000000213e+01,3.472222509515177080e-14
1.865200000000000102e+01,3.841024720507846268e-14
1.865399999999999991e+01,3.625572064791526827e-14
1.865599999999999881e+01,3.785513569276588441e-14
1.865800000000000125e+01,3.442732210423571360e-14
1.866000000000000014e+01,3.593306208138358215e-14
1.866199999999999903e+01,3.296668493746324202e-14
1.866400000000000148e+01,3.302566553564645346e-14
1.866600000000000037e+01,3.513508928243425089e-14
1.866799999999999926e+01,3.567632300693901470e-14
1.867000000000000171e+01,3.672409598642900619e-14
1.867200000000000060e+01,3.843106388679018437e-14
1.867399999999999949e+01,3.541264503859054003e-14
1.867600000000000193e+01,3.255729019713271555e-14
1.867800000000000082e+01,3.703981565905678508e-14
1.867999999999999972e+01,3.031255801921872717e-14
1.868200000000000216e+01,3.512815038853034366e-14
1.868400000000000105e+01,3.249830959894950411e-14
1.868599999999999994e+01,3.448977214937087865e-14
1.868799999999999883e+01,3.794881076046863200e-14
1.869000000000000128e+01,3.541958393249444725e-14
1.869200000000000017e+01,3.363281875223833595e-14
1.869399999999999906e+01,3.325464903447539200e-14
1.869600000000000151e+01,4.241051954068097984e-14
1.869800000000000040e+01,4.008252063592010472e-14
1.869999999999999929e+01,3.392425229620243954e-14
1.870200000000000173e+01,3.056929709366329462e-14
1.870400000000000063e+01,3.525998937270458100e-14
1.870599999999999952e+01,3.607183995946172672e-14
1.870800000000000196e+01,3.698083506087357364e-14
1.871000000000000085e+01,3.829228600871203980e-14
1.871199999999999974e+01,3.615163723935665985e-14
1.871399999999999864e+01,3.317485175458045887e-14
1.871600000000000108e+01,2.995173553621555129e-14
1.871799999999999997e+01,3.431283035482124433e-14
1.871999999999999886e+01,3.583938701368083457e-14
1.872200000000000131e+01,3.726186026398181639e-14
1.872400000000000020e+01,3.361547151747856788e-14
1.872599999999999909e+01,3.517672264585769426e-14
1.872800000000000153e+01,3.599898157347070082e-14
1.873000000000000043e+01,3.304301277040622153e-14
1.873199999999999932e+01,3.887515309664024699e-14
1.873400000000000176e+01,3.537101167516709666e-14
1.873600000000000065e+01,2.881375693597476584e-14
1.873799999999999955e+01,3.361894096443052149e-14
1.874000000000000199e+01,3.450018049022673949e-14
1.874200000000000088e+01,3.181829799636659573e-14
1.874399999999999977e+01,3.251218738675731856e-14
1.874599999999999866e+01,3.760533551222522419e-14
1.874800000000000111e+01,3.944761184371259333e-14
1.875000000000000000e+01,4.058212099700142517e-14
1.875199999999999889e+01,3.705369344686459954e-14
1.875400000000000134e+01,3.468406117868028105e-14
1.875600000000000023e+01,3.502753642692368885e-14
1.875799999999999912e+01,3.725145192312595555e-14
1.876000000000000156e+01,3.698430450782552725e-14
1.876200000000000045e+01,3.431976924872515156e-14
1.876399999999999935e+01,3.550978955324524122e-14
1.876600000000000179e+01,3.686634331145910437e-14
1.876800000000000068e+01,3.727573805178963084e-14
1.876999999999999957e+01,3.878147802893749940e-14
1.877200000000000202e+01,3.597122599785507191e-14
1.877400000000000091e+01,3.345587695768870162e-14
1.877599999999999980e+01,3.367792156261373293e-14
1.877799999999999869e+01,3.518366153976160149e-14
1.878000000000000114e+01,3.648470414674420681e-14
1.878200000000000003e+01,4.088743232877334322e-14
1.878399999999999892e+01,3.880229471064922109e-14
1.878600000000000136e+01,3.141931159689193009e-14
1.878800000000000026e+01,2.958744360626042180e-14
1.878999999999999915e+01,2.930641840315217905e-14
1.879200000000000159e+01,3.469446951953614189e-14
1.879400000000000048e+01,3.546468674286984424e-14
1.879599999999999937e+01,3.279321258986556131e-14
1.879800000000000182e+01,4.158826061306797328e-14
1.880000000000000071e+01,3.938169235162547466e-14
1.880199999999999960e+01,3.274117088558625710e-14
1.880400000000000205e+01,4.075906279155105949e-14
1.880600000000000094e+01,3.787248292752565249e-14
1.880799999999999983e+01,3.980496487976381559e-14
1.880999999999999872e+01,3.618633170887619599e-14
1.881200000000000117e+01,3.341077414731330464e-14
1.881400000000000006e+01,3.481936960980647200e-14
1.881599999999999895e+01,3.604408438384609781e-14
1.881800000000000139e+01,3.640143741989732007e-14
1.882000000000000028e+01,3.737982146034823927e-14
1.882199999999999918e+01,3.912842272413286082e-14
1.882400000000000162e+01,3.247402347028582881e-14
1.882600000000000051e+01,3.359118538881489258e-14
1.882799999999999940e+01,3.311934060334920105e-14
1.883000000000000185e+01,3.600938991432656167e-14
1.883200000000000074e+01,3.620020949668401045e-14
1.883399999999999963e+01,3.727920749874158446e-14
1.883600000000000207e+01,3.091277234190670242e-14
1.883800000000000097e+01,3.507610868425103945e-14
1.883999999999999986e+01,3.623143451925159297e-14
1.884199999999999875e+01,3.786901348057369887e-14
1.884400000000000119e+01,3.432323869567710517e-14
1.884600000000000009e+01,3.577346752159371590e-14
1.884799999999999898e+01,3.315056562591678357e-14
1.885000000000000142e+01,3.428854422615756903e-14
1.885200000000000031e+01,3.516631430500183342e-14
1.885399999999999920e+01,3.181135910246268850e-14
1.885600000000000165e+01,3.321995456495585586e-14
1.885800000000000054e+01,3.817779425929757053e-14
1.885999999999999943e+01,3.907985046680551022e-14
1.886200000000000188e+01,4.036354583902834747e-14
1.886400000000000077e+01,3.430242201396538348e-14
1.886599999999999966e+01,3.409078574989621302e-14
1.886800000000000210e+01,3.243239010686238544e-14
1.887000000000000099e+01,3.676572934985244956e-14
1.887199999999999989e+01,3.420527749931068229e-14
1.887399999999999878e+01,3.528427550136825630e-14
1.887600000000000122e+01,3.566591466608315386e-14
1.887800000000000011e+01,3.736594367254042481e-14
1.887999999999999901e+01,3.405609128037667688e-14
1.888200000000000145e+01,3.541958393249444725e-14
1.888400000000000034e+01,3.642572354856099537e-14
1.888599999999999923e+01,3.384445501630750641e-14
1.888800000000000168e+01,3.484018629151819368e-14
1.889000000000000057e+01,3.526345881965653462e-14
1.889199999999999946e+01,3.688022109926691883e-14
1.889400000000000190e+01,3.735900477863651759e-14
1.889600000000000080e+01,4.208092208024538650e-14
1.889799999999999969e+01,3.633204848085824779e-14
1.890000000000000213e+01,3.304995166431012876e-14
1.890200000000000102e+01,3.486447242018186898e-14
1.890399999999999991e+01,3.464589726220879129e-14
1.890599999999999881e+01,3.585673424844060264e-14
1.890800000000000125e+01,3.799044412389207537e-14
1.891000000000000014e+01,3.791411629094909586e-14
1.891199999999999903e+01,3.168298956524040477e-14
1.891400000000000148e+01,3.645347912417662428e-14
1.891600000000000037e+01,3.712655183285562543e-14
1.891799999999999926e+01,3.522182545623309124e-14
1.892000000000000171e+01,3.611000387593321648e-14
1.892200000000000060e+01,3.523223379708895209e-14
1.892399999999999949e+01,3.451752772498650756e-14
1.892600000000000193e+01,3.504835310863541054e-14
1.892800000000000082e+01,3.238728729648698845e-14
1.892999999999999972e+01,4.093253513914874020e-14
1.893200000000000216e+01,4.224051664003525275e-14
1.893400000000000105e+01,3.537795056907100388e-14
1.893599999999999994e+01,3.312627949725310827e-14
1.893799999999999883e+01,3.315056562591678357e-14
1.894000000000000128e+01,3.500671974521196717e-14
1.894200000000000017e+01,3.224157052450493666e-14
1.894399999999999906e+01,3.646041801808053151e-14
1.894600000000000151e+01,3.740063814205996096e-14
1.894800000000000040e+01,3.533978665259951413e-14
1.894999999999999929e+01,3.607530940641368034e-14
1.895200000000000173e+01,3.638062073818559838e-14
1.895400000000000063e+01,3.427813588530170819e-14
1.895599999999999952e+01,3.495814748788461657e-14
1.895800000000000196e+01,3.648470414674420681e-14
1.896000000000000085e+01,3.322689345885976309e-14
1.896199999999999974e+01,3.555489236362063821e-14
1.896399999999999864e+01,3.477426679943107501e-14
1.896600000000000108e+01,3.643266244246490260e-14
1.896799999999999997e+01,3.787942182142955971e-14
1.896999999999999886e+01,3.830963324347180787e-14
1.897200000000000131e+01,4.022129851399824929e-14
1.897400000000000020e+01,2.977826318861787058e-14
1.897599999999999909e+01,3.436140261214859493e-14
1.897800000000000153e+01,3.431976924872515156e-14
1.898000000000000043e+01,3.557223959838040628e-14
1.898199999999999932e+01,3.732084086216502783e-14
1.898400000000000176e+01,3.497896416959633825e-14
1.898600000000000065e+01,3.519406988061746233e-14
1.898799999999999955e+01,3.648123469979225320e-14
1.899000000000000199e+01,3.040970253387342837e-14
1.899200000000000088e+01,3.430242201396538348e-14
1.899399999999999977e+01,3.502753642692368885e-14
1.899599999999999866e+01,4.112335472150618898e-14
1.899800000000000111e+01,3.819861094100929222e-14
1.900000000000000000e+01,3.497896416959633825e-14
1.900199999999999889e+01,3.978067875110014029e-14
1.900400000000000134e+01,3.734859643778065674e-14
1.900600000000000023e+01,3.813269144892217355e-14
1.900799999999999912e+01,3.516978375195378703e-14
1.901000000000000156e+01,3.271688475692258180e-14
1.901200000000000045e+01,2.940356291780688025e-14
1.901399999999999935e+01,3.452446661889041479e-14
1.901600000000000179e+01,3.497896416959633825e-14
1.901800000000000068e+01,3.653327640407155741e-14
1.901999999999999957e+01,3.385139391021141364e-14
1.902200000000000202e+01,3.864963904476326206e-14
1.902400000000000091e+01,3.578734530940153036e-14
1.902599999999999980e+01,4.074518500374324503e-14
1.902799999999999869e+01,3.442385265728375998e-14
1.903000000000000114e+01,3.477773624638302863e-14
1.903200000000000003e+01,3.604755383079805142e-14
1.903399999999999892e+01,3.723757413531814109e-14
1.903600000000000136e+01,3.786554403362174526e-14
1.903800000000000026e+01,3.897923650519885541e-14
1.903999999999999915e+01,3.312974894420506189e-14
1.904200000000000159e+01,3.758451883051350251e-14
1.904400000000000048e+01,3.530162273612802437e-14
1.904599999999999937e+01,3.540917559163858641e-14
1.904800000000000182e+01,2.951111577331744229e-14
1.905000000000000071e+01,3.370220769127740823e-14
1.905199999999999960e+01,3.133257542309308974e-14
1.905400000000000205e+01,3.555489236362063821e-14
1.905600000000000094e+01,3.715430740847125435e-14
1.905799999999999983e+01,4.138009379595075643e-14
1.905999999999999872e+01,3.532590886479169967e-14
1.906200000000000117e+01,3.669287096386142366e-14
1.906400000000000006e+01,3.360159372967075342e-14
1.906599999999999895e+01,3.466671394392051297e-14
1.906800000000000139e+01,3.577346752159371590e-14
1.907000000000000028e+01,3.646041801808053151e-14
1.907199999999999918e+01,3.402833570476104796e-14
1.907400000000000162e+01,3.517672264585769426e-14
1.907600000000000051e+01,3.912495327718090721e-14
1.907799999999999940e+01,3.714389906761539351e-14
1.908000000000000185e+01,3.446201657375524974e-14
1.908200000000000074e+01,3.090583344800279519e-14
1.908399999999999963e+01,3.609265664117344841e-14
1.908600000000000207e+01,3.272729309777844264e-14
1.908800000000000097e+01,3.141931159689193009e-14
1.908999999999999986e+01,3.483324739761428646e-14
1.909199999999999875e+01,3.331016018570664983e-14
1.909400000000000119e+01,3.746655763414707963e-14
1.909600000000000009e+01,3.875719190027382410e-14
1.909799999999999898e+01,3.179401186770292043e-14
1.910000000000000142e+01,3.975292317548451138e-14
1.910200000000000031e+01,3.453834440669822925e-14
1.910399999999999920e+01,3.899311429300666987e-14
1.910600000000000165e+01,3.579081475635348397e-14
1.910800000000000054e+01,4.127601038739214800e-14
1.910999999999999943e+01,3.369179935042154739e-14
1.911200000000000188e+01,3.582203977892106650e-14
1.911400000000000077e+01,3.654715419187937187e-14
1.911599999999999966e+01,3.774758283725532237e-14
1.911800000000000210e+01,3.382016888764383111e-14
1.912000000000000099e+01,3.987782326575484149e-14
1.912199999999999989e+01,3.340730470036135102e-14
1.912399999999999878e+01,3.375771884250866606e-14
1.912600000000000122e+01,3.398323289438565098e-14
1.912800000000000011e+01,3.278627369596165408e-14
1.912999999999999901e+01,3.609959553507735563e-14
1.913200000000000145e+01,3.429548312006147626e-14
1.913400000000000034e+01,3.879188636979336025e-14
1.913599999999999923e+01,2.849109836944307972e-14
1.913800000000000168e+01,3.341424359426525825e-14
1.914000000000000057e+01,3.320607677714804140e-14
1.914199999999999946e+01,3.258157632579639085e-14
1.914400000000000190e+01,3.218605937327367883e-14
1.914600000000000080e+01,3.695654893220989834e-14
1.914799999999999969e+01,3.115910307549540903e-14
1.915000000000000213e+01,3.608224830031758756e-14
1.915200000000000102e+01,3.975986206938841860e-14
1.915399999999999991e+01,3.827840822090422535e-14
1.915599999999999881e+01,3.866698627952303013e-14
1.915800000000000125e+01,3.980496487976381559e-14
1.916000000000000014e+01,3.402486625780909435e-14
1.916199999999999903e+01,3.475345011771935333e-14
1.916400000000000148e+01,3.470140841344004912e-14
1.916600000000000037e+01,3.647429580588834597e-14
1.916799999999999926e+01,3.348016308635237692e-14
1.917000000000000171e+01,3.876760024112968495e-14
1.917200000000000060e+01,3.547162563677375147e-14
1.917399999999999949e+01,3.298750161917496371e-14
1.917600000000000193e+01,3.391037450839462508e-14
1.917800000000000082e+01,3.486100297322991537e-14
1.917999999999999972e+01,3.666858483519774836e-14
1.918200000000000216e+01,3.626612898877112912e-14
1.918400000000000105e+01,3.817779425929757053e-14
1.918599999999999994e+01,3.533284775869560690e-14
1.918799999999999883e+01,3.682124050108370739e-14
1.919000000000000128e+01,3.709879625723999652e-14
1.919200000000000017e+01,3.845188056850190605e-14
1.919399999999999906e+01,3.957945082788683067e-14
1.919600000000000151e+01,3.318526009543631972e-14
1.919800000000000040e+01,3.021888295151597958e-14
1.919999999999999929e+01,3.479508348114279670e-14
1.920200000000000173e+01,3.197095366225255475e-14
1.920400000000000063e+01,3.604408438384609781e-14
1.920599999999999952e+01,3.749431320976270854e-14
1.920800000000000196e+01,3.882311139236094277e-14
1.921000000000000085e+01,3.333097686741837151e-14
1.921199999999999974e+01,3.384445501630750641e-14
1.921399999999999864e+01,3.411507187855988832e-14
1.921600000000000108e+01,3.568673134779487555e-14
1.921799999999999997e+01,3.574571194597808699e-14
1.921999999999999886e+01,3.813963034282608078e-14
1.922200000000000131e+01,3.491651412446117320e-14
1.922400000000000020e+01,3.208197596471507040e-14
1.922599999999999909e+01,3.645347912417662428e-14
1.922800000000000153e+01,3.820901928186515306e-14
1.923000000000000043e+01,3.889596977835196867e-14
1.923199999999999932e+01,3.593653152833553577e-14
1.923400000000000176e+01,4.151887167402890100e-14
1.923600000000000065e+01,3.819861094100929222e-14
1.923799999999999955e+01,3.143665883165169816e-14
1.924000000000000199e+01,3.631123179914652610e-14
1.924200000000000088e+01,3.740410758901191457e-14
1.924399999999999977e+01,3.442385265728375998e-14
1.924599999999999866e+01,3.638755963208950561e-14
1.924800000000000111e+01,3.241504287210261737e-14
1.925000000000000000e+01,3.380629109983601666e-14
1.925199999999999889e+01,3.542999227335030810e-14
1.925400000000000134e+01,3.545427840201398340e-14
1.925600000000000023e+01,3.335873244303400043e-14
1.925799999999999912e+01,3.850739171973316388e-14
1.926000000000000156e+01,3.518019209280964787e-14
1.926200000000000045e+01,3.605796217165391226e-14
1.926399999999999935e+01,3.655062363883132548e-14
1.926600000000000179e+01,3.480549182199865754e-14
1.926800000000000068e+01,3.572836471121831892e-14
1.926999999999999957e+01,3.671715709252509896e-14
1.927200000000000202e+01,3.377159663031648051e-14
1.927400000000000091e+01,3.513855872938620450e-14
1.927599999999999980e+01,3.494426970007680211e-14
1.927799999999999869e+01,3.716124630237516158e-14
1.928000000000000114e+01,3.807718029769091572e-14
1.928200000000000003e+01,3.933658954125007767e-14
1.928399999999999892e+01,4.004088727249666135e-14
1.928600000000000136e+01,3.373343271384499076e-14
1.928800000000000026e+01,3.043398866253710366e-14
1.928999999999999915e+01,3.201258702567599812e-14
1.929200000000000159e+01,3.544040061420616894e-14
1.929400000000000048e+01,3.712655183285562543e-14
1.929599999999999937e+01,3.885086696797657169e-14
1.929800000000000182e+01,3.172462292866384814e-14
1.930000000000000071e+01,3.274117088558625710e-14
1.930199999999999960e+01,4.048150703539477036e-14
1.930400000000000205e+01,3.567979245389096832e-14
1.930600000000000094e+01,3.578387586244957674e-14
1.930799999999999983e+01,3.711614349199976459e-14
1.930999999999999872e+01,3.435793316519664131e-14
1.931200000000000117e+01,3.510386425986666836e-14
1.931400000000000006e+01,3.641878465465708814e-14
1.931599999999999895e+01,3.687675165231496521e-14
1.931800000000000139e+01,3.814309978977803439e-14
1.932000000000000028e+01,3.568326190084292193e-14
1.932199999999999918e+01,3.369873824432545462e-14
1.932400000000000162e+01,3.301872664174254624e-14
1.932600000000000051e+01,3.439609708166813107e-14
1.932799999999999940e+01,3.158584505058570358e-14
1.933000000000000185e+01,3.757411048965764166e-14
1.933200000000000074e+01,3.786901348057369887e-14
1.933399999999999963e+01,3.518713098671355510e-14
1.933600000000000207e+01,3.233177614525573063e-14
1.933800000000000097e+01,3.318872954238827333e-14
1.933999999999999986e+01,3.801819969950770428e-14
1.934199999999999875e+01,3.530856163003193160e-14
1.934400000000000119e+01,3.250871793980536495e-14
1.934600000000000009e+01,4.173397738505002508e-14
1.934799999999999898e+01,3.094052791752233134e-14
1.935000000000000142e+01,3.585326480148864903e-14
1.935200000000000031e+01,3.341424359426525825e-14
1.935399999999999920e+01,3.680389326632393932e-14
1.935600000000000165e+01,3.932965064734617044e-14
1.935800000000000054e+01,3.635633460952192308e-14
1.935999999999999943e+01,3.337607967779376850e-14
1.936200000000000188e+01,3.445854712680329612e-14
1.936400000000000077e+01,3.475691956467130694e-14
1.936599999999999966e+01,3.280362093072142216e-14
1.936800000000000210e+01,3.725145192312595555e-14
1.937000000000000099e+01,3.790370795009323501e-14
1.937199999999999989e+01,3.929495617782663430e-14
1.937399999999999878e+01,3.722716579446228025e-14
1.937600000000000122e+01,3.367792156261373293e-14
1.937800000000000011e+01,3.142625049079583732e-14
1.937999999999999901e+01,3.543693116725421532e-14
1.938200000000000145e+01,3.343852972292893355e-14
1.938400000000000034e+01,3.771288836773578623e-14
1.938599999999999923e+01,3.514549762329011173e-14
1.938800000000000168e+01,3.590530650576795324e-14
1.939000000000000057e+01,3.759492717136936335e-14
1.939199999999999946e+01,4.185887747532035519e-14
1.939400000000000190e+01,3.655062363883132548e-14
1.939600000000000080e+01,3.597122599785507191e-14
1.939799999999999969e+01,3.431976924872515156e-14
1.940000000000000213e+01,3.850739171973316388e-14
1.940200000000000102e+01,3.597122599785507191e-14
1.940399999999999991e+01,3.713349072675953266e-14
1.940599999999999881e+01,3.756370214880178082e-14
1.940800000000000125e+01,3.913189217108481444e-14
1.941000000000000014e+01,3.253300406846904025e-14
1.941199999999999903e+01,3.316444341372459803e-14
1.941400000000000148e+01,3.464589726220879129e-14
1.941600000000000037e+01,3.561387296180384965e-14
1.941799999999999926e+01,3.570754802950659723e-14
1.942000000000000171e+01,3.781003288239048743e-14
1.942200000000000060e+01,3.056582764671134100e-14
1.942399999999999949e+01,3.614469834545275262e-14
1.942600000000000193e+01,3.570407858255464362e-14
1.942800000000000082e+01,3.779268564763071936e-14
1.942999999999999972e+01,3.530162273612802437e-14
1.943200000000000216e+01,3.888903088444806144e-14
1.943400000000000105e+01,2.993785774840773684e-14
1.943599999999999994e+01,3.367445211566177932e-14
1.943799999999999883e+01,3.489916688970140513e-14
1.944000000000000128e+01,4.027334021827755350e-14
1.944200000000000017e+01,3.760880495917717781e-14
1.944399999999999906e+01,3.478814458723888947e-14
1.944600000000000151e+01,3.957945082788683067e-14
1.944800000000000040e+01,3.266484305264327759e-14
1.944999999999999929e+01,3.333444631437032513e-14
1.945200000000000173e+01,3.558611738618822073e-14
1.945400000000000063e+01,3.588102037710427794e-14
1.945599999999999952e+01,3.662001257787039776e-14
1.945800000000000196e+01,3.437874984690836300e-14
1.946000000000000085e+01,3.504141421473150331e-14
1.946199999999999974e+01,3.632164014000238694e-14
1.946399999999999864e+01,3.352873534367972752e-14
1.946600000000000108e+01,3.725839081702986277e-14
1.946799999999999997e+01,3.548897287153351954e-14
1.946999999999999886e+01,3.253647351542099386e-14
1.947200000000000131e+01,3.777880785982290490e-14
1.947400000000000020e+01,3.365016598699810402e-14
1.947599999999999909e+01,3.614122889850079900e-14
1.947800000000000153e+01,3.685593497060324353e-14
1.948000000000000043e+01,3.781003288239048743e-14
1.948199999999999932e+01,3.504488366168345692e-14
1.948400000000000176e+01,2.890396255672555981e-14
1.948600000000000065e+01,3.689756833402668690e-14
1.948799999999999955e+01,3.348363253330433054e-14
1.949000000000000199e+01,3.177319518599119874e-14
1.949200000000000088e+01,3.564162853741947856e-14
1.949399999999999977e+01,3.719941021884665133e-14
1.949599999999999866e+01,3.844147222764604521e-14
1.949800000000000111e+01,3.577346752159371590e-14
1.950000000000000000e+01,3.702940731820092424e-14
1.950199999999999889e+01,3.716471574932711519e-14
1.950400000000000134e+01,3.867392517342693736e-14
1.950600000000000023e+01,3.594347042223944300e-14
1.950799999999999912e+01,3.321648511800390224e-14
1.951000000000000156e+01,3.463895836830488406e-14
1.951200000000000045e+01,3.493386135922094127e-14
1.951399999999999935e+01,3.636327350342583031e-14
1.951600000000000179e+01,3.719247132494274410e-14
1.951800000000000068e+01,3.774411339030336876e-14
1.951999999999999957e+01,3.947189797237626863e-14
1.952200000000000202e+01,3.651592916931178934e-14
1.952400000000000091e+01,3.364322709309419679e-14
1.952599999999999980e+01,3.875025300636991687e-14
1.952799999999999869e+01,3.130135040052550721e-14
1.953000000000000114e+01,3.697736561392162002e-14
1.953200000000000003e+01,3.737288256644433204e-14
1.953399999999999892e+01,3.946842852542431501e-14
1.953600000000000136e+01,3.163094786096110056e-14
1.953800000000000026e+01,3.344199916988088717e-14
1.953999999999999915e+01,3.440650542252399191e-14
1.954200000000000159e+01,3.508651702510690029e-14
1.954400000000000048e+01,3.628000677657894357e-14
1.954599999999999937e+01,3.693920169745013027e-14
1.954800000000000182e+01,3.141584214993997648e-14
1.955000000000000071e+01,3.188768693540566801e-14
1.955199999999999960e+01,3.615510668630861346e-14
1.955400000000000205e+01,3.729655473350135253e-14
1.955600000000000094e+01,3.472916398905567803e-14
1.955799999999999983e+01,3.577346752159371590e-14
1.955999999999999872e+01,3.025357742103551573e-14
1.956200000000000117e+01,3.381322999373992388e-14
1.956400000000000006e+01,3.467365283782442020e-14
1.956599999999999895e+01,3.610653442898126286e-14
1.956800000000000139e+01,3.740410758901191457e-14
1.957000000000000028e+01,3.859065844658005062e-14
1.957199999999999918e+01,3.536407278126318943e-14
1.957400000000000162e+01,3.692185446269036220e-14
1.957600000000000051e+01,3.716471574932711519e-14
1.957799999999999940e+01,3.853514729534879280e-14
1.958000000000000185e+01,3.618286226192424238e-14
1.958200000000000074e+01,3.321301567105194863e-14
1.958399999999999963e+01,3.439609708166813107e-14
1.958600000000000207e+01,3.469100007258418827e-14
1.958800000000000097e+01,3.231442891049596255e-14
1.958999999999999986e+01,3.677613769070831040e-14
1.959199999999999875e+01,4.232725281383409310e-14
1.959400000000000119e+01,3.958292027483878428e-14
1.959600000000000009e+01,3.266831249959523120e-14
1.959799999999999898e+01,3.351832700282386668e-14
1.960000000000000142e+01,3.443426099813962082e-14
1.960200000000000031e+01,3.526692826660848823e-14
1.960399999999999920e+01,3.660613479006258331e-14
1.960600000000000165e+01,3.814309978977803439e-14
1.960800000000000054e+01,3.489916688970140513e-14
1.960999999999999943e+01,3.632857903390629417e-14
1.961200000000000188e+01,3.333791576132227874e-14
1.961400000000000077e+01,3.458344721707362623e-14
1.961599999999999966e+01,3.540223669773467918e-14
1.961800000000000210e+01,3.557917849228431351e-14
1.962000000000000099e+01,3.760880495917717781e-14
1.962199999999999989e+01,3.519406988061746233e-14
1.962399999999999878e+01,3.488528910189359067e-14
1.962600000000000122e+01,3.719941021884665133e-14
1.962800000000000011e+01,3.706063234076850677e-14
1.962999999999999901e+01,4.278175036454001656e-14
1.963200000000000145e+01,3.595040931614335022e-14
1.963400000000000034e+01,3.356689926015121728e-14
1.963599999999999923e+01,3.422956362797435759e-14
1.963800000000000168e+01,3.875025300636991687e-14
1.964000000000000057e+01,3.610306498202930925e-14
1.964199999999999946e+01,3.380629109983601666e-14
1.964400000000000190e+01,3.747696597500294047e-14
1.964600000000000080e+01,3.655409308578327909e-14
1.964799999999999969e+01,3.615510668630861346e-14
1.965000000000000213e+01,3.386180225106727448e-14
1.965200000000000102e+01,3.399017178828955821e-14
1.965399999999999991e+01,3.677960713766026402e-14
1.965599999999999881e+01,3.626265954181917550e-14
1.965800000000000125e+01,3.426078865054194011e-14
1.966000000000000014e+01,3.543346172030226171e-14
1.966199999999999903e+01,3.949271465408799031e-14
1.966400000000000148e+01,3.692879335659426943e-14
1.966600000000000037e+01,3.458691666402557985e-14
1.966799999999999926e+01,3.887515309664024699e-14
1.967000000000000171e+01,3.575265083988199422e-14
1.967200000000000060e+01,3.417752192369505337e-14
1.967399999999999949e+01,3.451405827803455395e-14
1.967600000000000193e+01,3.208197596471507040e-14
1.967800000000000082e+01,3.669287096386142366e-14
1.967999999999999972e+01,3.779962454153462659e-14
1.968200000000000216e+01,3.049990815462422233e-14
1.968400000000000105e+01,3.650552082845592849e-14
1.968599999999999994e+01,3.308117668687771129e-14
1.968799999999999883e+01,3.396241621267392929e-14
1.969000000000000128e+01,3.163094786096110056e-14
1.969200000000000017e+01,3.632857903390629417e-14
1.969399999999999906e+01,3.716818519627906880e-14
1.969600000000000151e+01,3.476038901162326056e-14
1.969800000000000040e+01,3.901046152776643794e-14
1.969999999999999929e+01,3.661307368396649053e-14
1.970200000000000173e+01,3.755329380794591998e-14
1.970400000000000063e+01,3.561734240875580326e-14
1.970599999999999952e+01,3.946148963152040778e-14
1.970800000000000196e+01,3.345934640464065524e-14
1.971000000000000085e+01,3.420180805235872867e-14
1.971199999999999974e+01,3.514549762329011173e-14
1.971399999999999864e+01,3.538488946297491111e-14
1.971600000000000108e+01,3.730002418045330614e-14
1.971799999999999997e+01,3.845188056850190605e-14
1.971999999999999886e+01,3.194319808663692584e-14
1.972200000000000131e+01,3.310893226249334020e-14
1.972400000000000020e+01,3.319566843629218056e-14
1.972599999999999909e+01,3.470140841344004912e-14
1.972800000000000153e+01,3.590877595271990685e-14
1.973000000000000043e+01,3.621061783753987129e-14
1.973199999999999932e+01,3.772676615554360069e-14
1.973400000000000176e+01,3.570754802950659723e-14
1.973600000000000065e+01,3.991945662917828486e-14
1.973799999999999955e+01,3.736247422558847120e-14
1.974000000000000199e+01,3.435099427129273408e-14
1.974200000000000088e+01,3.112787805292782650e-14
1.974399999999999977e+01,3.551325900019719484e-14
1.974599999999999866e+01,3.055888875280743378e-14
1.974800000000000111e+01,3.063174713879845967e-14
1.975000000000000000e+01,3.502406697997173524e-14
1.975199999999999889e+01,3.706757123467241399e-14
1.975400000000000134e+01,4.114417140321791067e-14
1.975600000000000023e+01,3.972169815291692885e-14
1.975799999999999912e+01,3.563122019656361772e-14
1.976000000000000156e+01,3.291117378623198420e-14
1.976200000000000045e+01,3.455569164145799732e-14
1.976399999999999935e+01,3.460426389878534792e-14
1.976600000000000179e+01,3.591224539967186047e-14
1.976800000000000068e+01,3.799391357084402898e-14
1.976999999999999957e+01,3.409772464380012025e-14
1.977200000000000202e+01,3.595387876309530384e-14
1.977400000000000091e+01,3.668246262300556282e-14
1.977599999999999980e+01,3.753941602013810552e-14
1.977799999999999869e+01,3.521488656232918402e-14
1.978000000000000114e+01,4.235153894249776840e-14
1.978200000000000003e+01,3.331362963265860344e-14
1.978399999999999892e+01,3.489569744274945151e-14
1.978600000000000136e+01,3.452446661889041479e-14
1.978800000000000026e+01,3.220687605498540051e-14
1.978999999999999915e+01,3.395894676572197568e-14
1.979200000000000159e+01,3.747002708109903324e-14
1.979400000000000048e+01,3.953434801751143368e-14
1.979599999999999937e+01,3.232483725135182340e-14
1.979800000000000182e+01,3.404221349256886242e-14
1.980000000000000071e+01,3.110706137121610482e-14
1.980199999999999960e+01,3.536407278126318943e-14
1.980400000000000205e+01,3.599551212651874721e-14
1.980600000000000094e+01,3.837902218251088016e-14
1.980799999999999983e+01,3.516284485804987980e-14
1.980999999999999872e+01,3.161013117924937887e-14
1.981200000000000117e+01,3.754982436099396637e-14
1.981400000000000006e+01,3.769901057992797178e-14
1.981599999999999895e+01,3.598510378566288637e-14
1.981800000000000139e+01,3.663735981263016583e-14
1.982000000000000028e+01,3.344893806378479439e-14
1.982199999999999918e+01,3.090583344800279519e-14
1.982400000000000162e+01,3.473263343600763164e-14
1.982600000000000051e+01,3.653674585102351102e-14
1.982799999999999940e+01,3.721328800665446579e-14
1.983000000000000185e+01,3.861147512829177231e-14
1.983200000000000074e+01,3.939557013943328911e-14
1.983399999999999963e+01,3.718900187799079049e-14
1.983600000000000207e+01,3.086420008457935182e-14
1.983800000000000097e+01,3.455916108840995093e-14
1.983999999999999986e+01,3.589142871796013878e-14
1.984199999999999875e+01,3.371608547908522269e-14
1.984400000000000119e+01,3.776493007201509045e-14
1.984600000000000009e+01,4.303501999203263040e-14
1.984799999999999898e+01,4.014844012800722339e-14
1.985000000000000142e+01,3.092318068276256326e-14
1.985200000000000031e+01,3.413935800722356362e-14
1.985399999999999920e+01,3.575265083988199422e-14
1.985600000000000165e+01,3.709879625723999652e-14
1.985800000000000054e+01,3.378547441812429497e-14
1.985999999999999943e+01,3.482977795066233284e-14
1.986200000000000188e+01,3.613775945154884539e-14
1.986400000000000077e+01,3.301872664174254624e-14
1.986599999999999966e+01,3.788636071533346694e-14
1.986800000000000210e+01,3.904862544423792770e-14
1.987000000000000099e+01,3.281055982462532938e-14
1.987199999999999989e+01,3.350444921501605222e-14
1.987399999999999878e+01,3.404221349256886242e-14
1.987600000000000122e+01,3.562081185570775688e-14
1.987800000000000011e+01,3.702940731820092424e-14
1.987999999999999901e+01,3.744227150548340433e-14
1.988200000000000145e+01,3.154074224021030659e-14
1.988400000000000034e+01,3.173850071647166260e-14
1.988599999999999923e+01,3.660960423701453692e-14
1.988800000000000168e+01,3.435793316519664131e-14
1.989000000000000057e+01,3.841718609898236991e-14
1.989199999999999946e+01,3.637715129123364477e-14
1.989400000000000190e+01,4.098804629037999803e-14
1.989600000000000080e+01,3.141237270298802287e-14
1.989799999999999969e+01,3.914923940584458251e-14
1.990000000000000213e+01,4.064457104213659022e-14
1.990200000000000102e+01,4.084579896534989985e-14
1.990399999999999991e+01,3.181829799636659573e-14
1.990599999999999881e+01,3.613082055764493816e-14
1.990800000000000125e+01,3.294239880879956672e-14
1.991000000000000014e+01,3.382016888764383111e-14
1.991199999999999903e+01,3.482283905675842561e-14
1.991400000000000148e+01,3.592265374052772131e-14
1.991600000000000037e+01,3.715777685542320796e-14
1.991799999999999926e+01,3.849698337887730304e-14
1.992000000000000171e+01,3.536060333431123581e-14
1.992200000000000060e+01,3.659225700225476885e-14
1.992399999999999949e+01,3.381669944069187750e-14
1.992600000000000193e+01,3.429895256701342987e-14
1.992800000000000082e+01,3.916658664060435058e-14
1.992999999999999972e+01,3.678307658461221763e-14
1.993200000000000216e+01,3.503100587387564246e-14
1.993400000000000105e+01,3.095440570533014579e-14
1.993599999999999994e+01,3.553754512886087014e-14
1.993799999999999883e+01,3.676225990290049594e-14
1.994000000000000128e+01,3.871208908989842712e-14
1.994200000000000017e+01,3.532937831174365328e-14
1.994399999999999906e+01,3.565550632522729302e-14
1.994600000000000151e+01,3.345934640464065524e-14
1.994800000000000040e+01,3.515243651719401896e-14
1.994999999999999929e+01,2.746414207166480992e-14
1.995200000000000173e+01,3.647429580588834597e-14
1.995400000000000063e+01,3.703287676515287785e-14
1.995599999999999952e+01,4.172703849114611785e-14
1.995800000000000196e+01,3.293892936184761311e-14
1.996000000000000085e+01,3.698777395477748087e-14
1.996199999999999974e+01,3.367098266870982570e-14
1.996400000000000219e+01,3.888903088444806144e-14
1.996600000000000108e+01,3.631470124609847971e-14
1.996799999999999997e+01,3.704328510600873869e-14
1.996999999999999886e+01,3.412548021941574916e-14
1.997200000000000131e+01,3.578734530940153036e-14
1.997400000000000020e+01,3.610306498202930925e-14
1.997599999999999909e+01,3.356342981319926366e-14
1.997800000000000153e+01,3.893066424787150481e-14
1.998000000000000043e+01,3.528080605441630269e-14
1.998199999999999932e+01,3.651592916931178934e-14
1.998400000000000176e+01,3.859065844658005062e-14
1.998600000000000065e+01,3.489222799579749790e-14
1.998799999999999955e+01,4.379829832146242552e-14
1.999000000000000199e+01,3.743186316462754348e-14
1.999200000000000088e+01,3.461120279268925515e-14
1.999399999999999977e+01,3.218952882022563244e-14
1.999599999999999866e+01,2.876171523169546163e-14
1.999800000000000111e+01,3.369526879737350100e-14
