0.000000000000000000e+00,-1.960000000000000284e-02
2.000000000000000042e-03,-3.919840126723574125e-02
4.000000000000000083e-03,-5.879514247403425098e-02
6.000000000000000125e-03,-7.839016231324535955e-02
8.000000000000000167e-03,-9.798339949900766732e-02
1.000000000000000021e-02,-1.175747927675139387e-01
1.200000000000000025e-02,-1.371642808777759626e-01
1.400000000000000029e-02,-1.567518026123887465e-01
1.600000000000000033e-02,-1.763372967782942113e-01
1.800000000000000211e-02,-1.959207022075440674e-01
2.000000000000000042e-02,-2.155019577580621626e-01
2.199999999999999872e-02,-2.350810023144060956e-01
2.400000000000000050e-02,-2.546577747885281906e-01
2.600000000000000228e-02,-2.742322141205356112e-01
2.800000000000000058e-02,-2.938042592794498642e-01
2.999999999999999889e-02,-3.133738492639655537e-01
3.200000000000000067e-02,-3.329409231032082195e-01
3.400000000000000244e-02,-3.525054198574913977e-01
3.600000000000000422e-02,-3.720672786190730164e-01
3.799999999999999906e-02,-3.916264385129108461e-01
4.000000000000000083e-02,-4.111828386974169525e-01
4.200000000000000261e-02,-4.307364183652115930e-01
4.399999999999999745e-02,-4.502871167438758926e-01
4.599999999999999922e-02,-4.698348730967036868e-01
4.800000000000000100e-02,-4.893796267234525876e-01
5.000000000000000278e-02,-5.089213169610938836e-01
5.200000000000000455e-02,-5.284598831845616074e-01
5.399999999999999939e-02,-5.479952648075003818e-01
5.600000000000000117e-02,-5.675274012830124892e-01
5.800000000000000294e-02,-5.870562321044040521e-01
5.999999999999999778e-02,-6.065816968059294378e-01
6.199999999999999956e-02,-6.261037349635355520e-01
6.400000000000000133e-02,-6.456222861956041337e-01
6.600000000000000311e-02,-6.651372901636937174e-01
6.800000000000000488e-02,-6.846486865732798188e-01
7.000000000000000666e-02,-7.041564151744942324e-01
7.200000000000000844e-02,-7.236604157628635514e-01
7.399999999999999634e-02,-7.431606281800455793e-01
7.599999999999999811e-02,-7.626569923145654073e-01
7.799999999999999989e-02,-7.821494481025499379e-01
8.000000000000000167e-02,-8.016379355284608543e-01
8.200000000000000344e-02,-8.211223946258268125e-01
8.400000000000000522e-02,-8.406027654779741898e-01
8.600000000000000699e-02,-8.600789882187562796e-01
8.799999999999999489e-02,-8.795510030332814866e-01
8.999999999999999667e-02,-8.990187501586399677e-01
9.199999999999999845e-02,-9.184821698846291627e-01
9.400000000000000022e-02,-9.379412025544775489e-01
9.600000000000000200e-02,-9.573957885655675071e-01
9.800000000000000377e-02,-9.768458683701561895e-01
1.000000000000000056e-01,-9.962913824760954995e-01
1.020000000000000073e-01,-1.015732271447550072e+00
1.040000000000000091e-01,-1.035168475905714480e+00
1.059999999999999970e-01,-1.054599936529528437e+00
1.079999999999999988e-01,-1.074026594056390227e+00
1.100000000000000006e-01,-1.093448389282869693e+00
1.120000000000000023e-01,-1.112865263065418331e+00
1.140000000000000041e-01,-1.132277156321078504e+00
1.160000000000000059e-01,-1.151684010028191762e+00
1.180000000000000077e-01,-1.171085765227104281e+00
1.199999999999999956e-01,-1.190482363020871182e+00
1.219999999999999973e-01,-1.209873744575959309e+00
1.239999999999999991e-01,-1.229259851122948888e+00
1.260000000000000009e-01,-1.248640623957232521e+00
1.280000000000000027e-01,-1.268016004439712852e+00
1.300000000000000044e-01,-1.287385933997498899e+00
1.320000000000000062e-01,-1.920097303343308859e-01
1.340000000000000080e-01,1.256462431701324822e-01
1.360000000000000098e-01,1.144464477700387478e-01
1.380000000000000115e-01,1.034575220886584102e-01
1.400000000000000133e-01,9.259490856651914070e-02
1.420000000000000151e-01,8.187171439224497083e-02
1.440000000000000169e-01,7.127696570618632932e-02
1.459999999999999909e-01,6.079974785406166982e-02
1.479999999999999927e-01,5.042969991327049539e-02
1.499999999999999944e-01,4.015698290064048659e-02
1.519999999999999962e-01,2.997224675220596865e-02
1.539999999999999980e-01,1.986660143574340773e-02
1.559999999999999998e-01,9.831596227978947958e-03
1.580000000000000016e-01,-1.407333782622866014e-04
1.600000000000000033e-01,-1.005785351324211922e-02
1.620000000000000051e-01,-1.907720884647845505e-02
1.640000000000000069e-01,-2.890548784543272090e-02
1.660000000000000087e-01,-3.869841697046691453e-02
1.680000000000000104e-01,-4.846306909925878620e-02
1.700000000000000122e-01,-5.820248591489685097e-02
1.720000000000000140e-01,-6.792460750513759637e-02
1.740000000000000158e-01,-7.763277243359391344e-02
1.759999999999999898e-01,-8.733203735335721973e-02
1.779999999999999916e-01,-9.702654427846016394e-02
1.799999999999999933e-01,-1.067211037965693221e-01
1.819999999999999951e-01,-1.141134674282553302e-01
1.839999999999999969e-01,-1.121864037518238710e-03
1.859999999999999987e-01,2.197109801410925337e-02
1.880000000000000004e-01,2.668719892895959900e-02
1.900000000000000022e-01,2.156106038487932974e-02
1.920000000000000040e-01,1.771854789744164299e-02
1.940000000000000058e-01,1.241475118473583071e-02
1.960000000000000075e-01,5.926575064605969778e-03
1.980000000000000093e-01,-3.674738779615004808e-04
2.000000000000000111e-01,-3.967330668911736580e-03
2.020000000000000129e-01,-7.522077713467016646e-03
2.040000000000000147e-01,-9.348975251442986911e-03
2.060000000000000164e-01,3.905837348446673102e-03
2.080000000000000182e-01,2.470188998403673869e-03
2.099999999999999922e-01,1.044023840393367569e-03
2.119999999999999940e-01,9.573088227220402646e-04
2.139999999999999958e-01,8.806864337426549560e-04
2.159999999999999976e-01,8.101974818066383366e-04
2.179999999999999993e-01,7.453525703460320284e-04
2.200000000000000011e-01,6.856994469759819522e-04
2.220000000000000029e-01,6.308221470079748705e-04
2.240000000000000047e-01,5.803380764542939718e-04
2.260000000000000064e-01,5.338953282213211582e-04
2.280000000000000082e-01,4.911702150757098206e-04
2.300000000000000100e-01,4.518650019058358114e-04
2.320000000000000118e-01,4.157058208860697768e-04
2.340000000000000135e-01,3.824407547974757737e-04
2.360000000000000153e-01,3.518380747135271824e-04
2.380000000000000171e-01,3.236846197163315009e-04
2.399999999999999911e-01,2.977843069190966308e-04
2.419999999999999929e-01,2.739567615124352540e-04
2.439999999999999947e-01,2.520360568372438659e-04
2.459999999999999964e-01,2.318695558326221151e-04
2.479999999999999982e-01,2.133168455342934755e-04
2.500000000000000000e-01,1.962487572176492556e-04
2.520000000000000018e-01,1.805464651449713298e-04
2.540000000000000036e-01,1.661006577283186125e-04
2.560000000000000053e-01,1.528107752167724709e-04
2.580000000000000071e-01,1.405843085002661530e-04
2.600000000000000089e-01,1.293361542008021614e-04
2.620000000000000107e-01,1.189880214651529988e-04
2.640000000000000124e-01,1.094678863708398175e-04
2.660000000000000142e-01,1.007094900079483213e-04
2.680000000000000160e-01,9.265187683458672718e-05
2.700000000000000178e-01,8.523897001261326878e-05
2.720000000000000195e-01,7.841918079929885432e-05
2.740000000000000213e-01,7.214504921572439944e-05
2.760000000000000231e-01,6.637291351566099173e-05
2.780000000000000249e-01,6.106260607917010641e-05
2.800000000000000266e-01,5.617717377921077615e-05
2.820000000000000284e-01,5.168262062385867162e-05
2.840000000000000302e-01,4.754767108334709280e-05
2.860000000000000320e-01,4.374355233084312178e-05
2.880000000000000338e-01,4.024379395147284488e-05
2.899999999999999800e-01,3.702404364136838155e-05
2.919999999999999818e-01,3.406189773426729350e-05
2.939999999999999836e-01,3.133674521137164160e-05
2.959999999999999853e-01,2.882962426403040679e-05
2.979999999999999871e-01,2.652309029457788903e-05
2.999999999999999889e-01,2.440109454730429728e-05
3.019999999999999907e-01,2.244887236000844832e-05
3.039999999999999925e-01,2.547325722386875602e-05
3.059999999999999942e-01,2.345382815516910968e-05
3.079999999999999960e-01,2.157726184788891222e-05
3.099999999999999978e-01,1.985079188121519067e-05
3.119999999999999996e-01,2.931800480776916573e-05
3.140000000000000013e-01,-7.099296855855863342e-06
3.160000000000000031e-01,1.383332352166560808e-05
3.180000000000000049e-01,-7.630259772534869755e-06
3.200000000000000067e-01,1.333712090954841667e-05
3.220000000000000084e-01,-7.497319001355251533e-06
3.240000000000000102e-01,-8.078369157130116385e-06
3.260000000000000120e-01,3.102882796109790453e-05
3.280000000000000138e-01,-7.991394393416090258e-06
3.300000000000000155e-01,-5.467227124435897201e-06
3.320000000000000173e-01,1.006908040107265534e-05
3.340000000000000191e-01,6.276698923053658508e-05
3.360000000000000209e-01,-9.032505775942792359e-05
3.380000000000000226e-01,1.633999988972373307e-05
3.400000000000000244e-01,1.752355036609837269e-05
3.420000000000000262e-01,4.512906771882846391e-05
3.440000000000000280e-01,-4.742485741267635224e-05
3.460000000000000298e-01,-1.494332864448652542e-05
3.480000000000000315e-01,2.046563941967421973e-05
3.500000000000000333e-01,4.473317463898895952e-05
3.519999999999999796e-01,-4.885064283528806062e-05
3.539999999999999813e-01,-1.609937958451865270e-05
3.559999999999999831e-01,2.081866026580614371e-05
3.579999999999999849e-01,4.468632505067252070e-05
3.599999999999999867e-01,-4.920890052508355983e-05
3.619999999999999885e-01,-1.625957476171849270e-05
3.639999999999999902e-01,2.087065969574516955e-05
3.659999999999999920e-01,4.467956747311943588e-05
3.679999999999999938e-01,-4.926160756222458525e-05
3.699999999999999956e-01,-1.628323026639511006e-05
3.719999999999999973e-01,2.087833511679043630e-05
3.739999999999999991e-01,4.467856983612905619e-05
3.760000000000000009e-01,-4.926938757704793503e-05
3.780000000000000027e-01,-1.628672189972479867e-05
3.800000000000000044e-01,2.087946795296946600e-05
3.820000000000000062e-01,4.467842256378889987e-05
3.840000000000000080e-01,-4.927053585533289204e-05
3.860000000000000098e-01,-1.628723726173481046e-05
3.880000000000000115e-01,2.087963505962436850e-05
3.900000000000000133e-01,4.467840080647766943e-05
3.920000000000000151e-01,-4.927070528704807773e-05
3.940000000000000169e-01,-1.628731327460095080e-05
3.960000000000000187e-01,2.087965961837176532e-05
3.980000000000000204e-01,4.467839756915753524e-05
4.000000000000000222e-01,-4.927073019382610664e-05
4.020000000000000240e-01,-1.628732445697889109e-05
4.040000000000000258e-01,2.087966314210168428e-05
4.060000000000000275e-01,4.467839707670076543e-05
4.080000000000000293e-01,-4.927073377700152967e-05
4.100000000000000311e-01,-1.628732608688690520e-05
4.120000000000000329e-01,2.087966356982898231e-05
4.140000000000000346e-01,4.467839699479406179e-05
4.160000000000000364e-01,-4.927073424530400980e-05
4.179999999999999827e-01,-1.628732628865953158e-05
4.199999999999999845e-01,2.087966353019402033e-05
4.219999999999999862e-01,4.467839695194986138e-05
4.239999999999999880e-01,-4.927073422674593806e-05
4.259999999999999898e-01,-1.628732627308518421e-05
4.279999999999999916e-01,2.087966342462568847e-05
4.299999999999999933e-01,4.467839692436775811e-05
4.319999999999999951e-01,-4.927073414626517711e-05
4.339999999999999969e-01,-1.628732622536294139e-05
4.359999999999999987e-01,2.087966329491694473e-05
4.380000000000000004e-01,4.467839691043445915e-05
4.400000000000000022e-01,-4.927073405622262037e-05
4.420000000000000040e-01,-1.628732617400471816e-05
4.440000000000000058e-01,2.087966317087380785e-05
4.460000000000000075e-01,4.467839689934957614e-05
4.480000000000000093e-01,-4.927073395397454925e-05
4.500000000000000111e-01,-1.628732613789818373e-05
4.520000000000000129e-01,2.087966305453284321e-05
4.540000000000000147e-01,4.467839687253422065e-05
4.560000000000000164e-01,-4.927073385768351854e-05
4.580000000000000182e-01,-1.628732609366273509e-05
4.600000000000000200e-01,2.087966294718121563e-05
4.620000000000000218e-01,4.467839685200203359e-05
4.640000000000000235e-01,-4.927073376860546805e-05
4.660000000000000253e-01,-1.628732605428451219e-05
4.680000000000000271e-01,2.087966280944070219e-05
4.700000000000000289e-01,4.467839681638469118e-05
4.720000000000000306e-01,-4.927073365198000876e-05
4.740000000000000324e-01,-1.628732600169116584e-05
4.760000000000000342e-01,2.087966268863802877e-05
4.780000000000000360e-01,4.467839679515514528e-05
4.799999999999999822e-01,-4.927073355118563591e-05
4.819999999999999840e-01,-1.628732595543649908e-05
4.839999999999999858e-01,2.087966256619777639e-05
4.859999999999999876e-01,4.467839677706891832e-05
4.879999999999999893e-01,-4.927073345534910276e-05
4.899999999999999911e-01,-1.628732590952530757e-05
4.919999999999999929e-01,2.087966246356459665e-05
4.939999999999999947e-01,4.467839676531443205e-05
4.959999999999999964e-01,-4.927073338399992619e-05
4.979999999999999982e-01,-1.628732587123996045e-05
5.000000000000000000e-01,2.087966233715182751e-05
5.020000000000000018e-01,4.467839672933973660e-05
5.040000000000000036e-01,-4.927073328187675516e-05
5.060000000000000053e-01,-1.628732581215874831e-05
5.080000000000000071e-01,2.087966220225626057e-05
5.100000000000000089e-01,4.467839670828713250e-05
5.120000000000000107e-01,-4.927073317304020428e-05
5.140000000000000124e-01,-1.628732575962438256e-05
5.160000000000000142e-01,2.087966209007516283e-05
5.180000000000000160e-01,4.467839668835862921e-05
5.200000000000000178e-01,-4.927073308231069704e-05
5.220000000000000195e-01,-1.628732571691549058e-05
5.240000000000000213e-01,2.087966198077023661e-05
5.260000000000000231e-01,4.467839667030015782e-05
5.280000000000000249e-01,-4.927073299644188498e-05
5.300000000000000266e-01,-1.628732568118712587e-05
5.320000000000000284e-01,2.087966185500625405e-05
5.340000000000000302e-01,4.467839664923367593e-05
5.360000000000000320e-01,-4.927073290225333912e-05
5.380000000000000338e-01,-1.628732562725110355e-05
5.400000000000000355e-01,2.087966173098046441e-05
5.420000000000000373e-01,4.467839662242872878e-05
5.440000000000000391e-01,-4.927073279913443682e-05
5.460000000000000409e-01,-1.628732558286299925e-05
5.480000000000000426e-01,2.087966159438486846e-05
5.500000000000000444e-01,4.467839659365660521e-05
5.520000000000000462e-01,-4.927073268443105114e-05
5.540000000000000480e-01,-1.628732552681061430e-05
5.560000000000000497e-01,2.087966148661343779e-05
5.580000000000000515e-01,4.467839657509853346e-05
5.600000000000000533e-01,-4.927073259726119647e-05
5.620000000000000551e-01,-1.628732548712014117e-05
5.640000000000000568e-01,2.087966137516092391e-05
5.660000000000000586e-01,4.467839654716948550e-05
5.680000000000000604e-01,-4.927073251022665024e-05
5.700000000000000622e-01,-1.628732544028260731e-05
5.720000000000000639e-01,2.087966124531687173e-05
5.740000000000000657e-01,4.467839652692873198e-05
5.760000000000000675e-01,-4.927073240426280143e-05
5.779999999999999583e-01,-1.628732539013522107e-05
5.799999999999999600e-01,2.087966111872716080e-05
5.819999999999999618e-01,4.467839650779820149e-05
5.839999999999999636e-01,-4.927073230586581642e-05
5.859999999999999654e-01,-1.628732534382504316e-05
5.879999999999999671e-01,2.087966101145186104e-05
5.899999999999999689e-01,4.467839646430174505e-05
5.919999999999999707e-01,-4.927073221184727347e-05
5.939999999999999725e-01,-1.628732529139823026e-05
5.959999999999999742e-01,2.087966087563689066e-05
5.979999999999999760e-01,4.467839645972554452e-05
5.999999999999999778e-01,-4.927073209558263667e-05
6.019999999999999796e-01,-1.628732525737336401e-05
6.039999999999999813e-01,2.087966077733705017e-05
6.059999999999999831e-01,4.467839644063664739e-05
6.079999999999999849e-01,-4.927073202517368022e-05
6.099999999999999867e-01,-1.628732521711737102e-05
6.119999999999999885e-01,2.087966065379004421e-05
6.139999999999999902e-01,4.467839641323842481e-05
6.159999999999999920e-01,-4.927073193870812329e-05
6.179999999999999938e-01,-1.628732515619735199e-05
6.199999999999999956e-01,2.087966051865161599e-05
6.219999999999999973e-01,4.467839639224480131e-05
6.239999999999999991e-01,-4.927073181353047726e-05
6.260000000000000009e-01,-1.628732511808894667e-05
6.280000000000000027e-01,2.087966042278038836e-05
6.300000000000000044e-01,4.467839638860535145e-05
6.320000000000000062e-01,-4.927073175924057136e-05
6.340000000000000080e-01,-1.628732507947053265e-05
6.360000000000000098e-01,2.087966029724538930e-05
6.380000000000000115e-01,4.467839634401601923e-05
6.400000000000000133e-01,-4.927073163458681182e-05
6.420000000000000151e-01,-1.628732502862578757e-05
6.440000000000000169e-01,2.087966016841441563e-05
6.460000000000000187e-01,4.467839632482303869e-05
6.480000000000000204e-01,-4.927073154308014846e-05
6.500000000000000222e-01,-1.628732497494650433e-05
6.520000000000000240e-01,2.087966004468352899e-05
6.540000000000000258e-01,4.467839631354386665e-05
6.560000000000000275e-01,-4.927073144000287952e-05
6.580000000000000293e-01,-1.628732494290963118e-05
6.600000000000000311e-01,2.087965993460491609e-05
6.620000000000000329e-01,4.467839627768366295e-05
6.640000000000000346e-01,-4.927073134794110465e-05
6.660000000000000364e-01,-1.628732488734643824e-05
6.680000000000000382e-01,2.087965980608966210e-05
6.700000000000000400e-01,4.467839625625982802e-05
6.720000000000000417e-01,-4.927073124526282211e-05
6.740000000000000435e-01,-1.628732484073094899e-05
6.760000000000000453e-01,2.087965969108096509e-05
6.780000000000000471e-01,4.467839624592781500e-05
6.800000000000000488e-01,-4.927073117532224100e-05
6.820000000000000506e-01,-1.628732479077091289e-05
6.840000000000000524e-01,2.087965955321902101e-05
6.860000000000000542e-01,4.467839620930780242e-05
6.880000000000000560e-01,-4.927073104630391720e-05
6.900000000000000577e-01,-1.628732474143190778e-05
6.920000000000000595e-01,2.087965943685723968e-05
6.940000000000000613e-01,4.467839618990318562e-05
6.960000000000000631e-01,-4.927073095214312692e-05
6.980000000000000648e-01,-1.628732469627705570e-05
7.000000000000000666e-01,2.087965932690005744e-05
7.020000000000000684e-01,4.467839617094265803e-05
7.039999999999999591e-01,-4.927073087246727767e-05
7.059999999999999609e-01,-1.628732465064688939e-05
7.079999999999999627e-01,2.087965920283263443e-05
7.099999999999999645e-01,4.467839614223298450e-05
7.119999999999999662e-01,-4.927073077595767181e-05
7.139999999999999680e-01,-1.628732459565962465e-05
7.159999999999999698e-01,2.087965907678415722e-05
7.179999999999999716e-01,4.467839612449370224e-05
7.199999999999999734e-01,-4.927073066732928774e-05
7.219999999999999751e-01,-1.628732455750611652e-05
7.239999999999999769e-01,3.281463690113159415e-05
7.259999999999999787e-01,-1.633197436106542666e-05
7.279999999999999805e-01,6.901790011633324173e-05
7.299999999999999822e-01,2.122157154734946594e-05
7.319999999999999840e-01,-7.972115303212304327e-05
7.339999999999999858e-01,5.729407631780217280e-05
7.359999999999999876e-01,-1.092919725818077004e-04
7.379999999999999893e-01,1.998919238946003651e-05
7.399999999999999911e-01,2.586083674462752446e-05
7.419999999999999929e-01,-7.987952387537855525e-06
7.439999999999999947e-01,5.790073351577898486e-05
7.459999999999999964e-01,-5.106440621568605898e-05
7.479999999999999982e-01,3.189241207254833732e-05
7.500000000000000000e-01,-1.632121986479273534e-05
7.520000000000000018e-01,-2.140226350594645610e-05
7.540000000000000036e-01,5.812115132709794185e-05
7.560000000000000053e-01,-5.161735575477319204e-05
7.580000000000000071e-01,3.166765686879804975e-05
7.600000000000000089e-01,-1.649557892658207181e-05
7.620000000000000107e-01,-2.135926987838210334e-05
7.640000000000000124e-01,5.934245705166429907e-05
7.660000000000000142e-01,-5.276898710092695066e-05
7.680000000000000160e-01,3.151152082016273059e-05
7.700000000000000178e-01,-1.655145236381314056e-05
7.720000000000000195e-01,-2.150819890084018637e-05
7.740000000000000213e-01,5.939627576768274908e-05
7.760000000000000231e-01,-5.282037231525010812e-05
7.780000000000000249e-01,3.150088658501748462e-05
7.800000000000000266e-01,-1.655649896203231775e-05
7.820000000000000284e-01,-2.151852190571817980e-05
7.840000000000000302e-01,5.940002707472205601e-05
7.860000000000000320e-01,-5.282395433715489363e-05
7.880000000000000338e-01,3.150014414476931535e-05
7.900000000000000355e-01,-1.655685121122393855e-05
7.920000000000000373e-01,-2.180048830244946112e-05
7.940000000000000391e-01,5.825881243886124605e-05
7.960000000000000409e-01,-5.173850244804406584e-05
7.980000000000000426e-01,3.163763701658633964e-05
8.000000000000000444e-01,-1.651067147524429291e-05
8.020000000000000462e-01,-2.166779885782316173e-05
8.040000000000000480e-01,5.821350640990499703e-05
8.060000000000000497e-01,-5.169864095429937967e-05
8.080000000000000515e-01,3.164749141255224218e-05
8.100000000000000533e-01,-1.650571791884589135e-05
8.120000000000000551e-01,-2.137875487554646847e-05
8.140000000000000568e-01,5.934954978885700894e-05
8.160000000000000586e-01,-5.277575986955065912e-05
8.180000000000000604e-01,3.151011569283226899e-05
8.200000000000000622e-01,-1.655211851333410200e-05
8.220000000000000639e-01,-2.150956090729225223e-05
8.240000000000000657e-01,5.939677044619964819e-05
8.260000000000000675e-01,-5.282084450692128841e-05
8.280000000000000693e-01,3.150078735755790227e-05
8.300000000000000711e-01,-1.655654518226482019e-05
8.320000000000000728e-01,-2.151861620911313389e-05
8.339999999999999636e-01,5.940006108867343371e-05
8.359999999999999654e-01,-5.282398663219306512e-05
8.379999999999999671e-01,3.150013607296567320e-05
8.399999999999999689e-01,-1.655685416985727687e-05
8.419999999999999707e-01,-2.151924805878988045e-05
8.439999999999999725e-01,5.940029065074417525e-05
8.459999999999999742e-01,-5.282420580734331628e-05
8.479999999999999760e-01,3.150009037181100702e-05
8.499999999999999778e-01,-1.655687566032987279e-05
8.519999999999999796e-01,-2.180053874627219113e-05
8.539999999999999813e-01,5.825882917023447738e-05
8.559999999999999831e-01,-5.173851732506035139e-05
8.579999999999999849e-01,3.163763183173379234e-05
8.599999999999999867e-01,-1.651067295018945891e-05
8.619999999999999885e-01,-2.138828160555203417e-05
8.639999999999999902e-01,5.935301742834853123e-05
8.659999999999999920e-01,-5.277907097852793661e-05
8.679999999999999938e-01,3.150942803252163027e-05
8.699999999999999956e-01,-1.655244405371000815e-05
8.719999999999999973e-01,-2.179135322352004911e-05
8.739999999999999991e-01,5.825567061024800042e-05
8.760000000000000009e-01,-5.173573801464659283e-05
8.780000000000000027e-01,3.163831932492811028e-05
8.800000000000000044e-01,-1.651032694837198389e-05
8.820000000000000062e-01,-2.138761640830752486e-05
8.840000000000000080e-01,5.945403200996457471e-05
8.860000000000000098e-01,-5.291700308524341367e-05
8.880000000000000115e-01,3.152230818698892323e-05
8.900000000000000133e-01,-1.654277091490963247e-05
8.920000000000000151e-01,-2.149790260875736325e-05
8.940000000000000169e-01,5.939246340308859673e-05
8.960000000000000187e-01,-5.281673026364536172e-05
8.980000000000000204e-01,3.150164070235897396e-05
9.000000000000000222e-01,-1.655613863751556614e-05
9.020000000000000240e-01,-2.179901193249261793e-05
9.040000000000000258e-01,5.836026958862261527e-05
9.060000000000000275e-01,-5.187665156079421247e-05
9.080000000000000293e-01,3.165047807012974501e-05
9.100000000000000311e-01,-1.650101928840283505e-05
9.120000000000000329e-01,-2.165535317243810765e-05
9.140000000000000346e-01,5.820915634333068134e-05
9.160000000000000364e-01,-5.169481230045402942e-05
9.180000000000000382e-01,3.164843923875171328e-05
9.200000000000000400e-01,-1.650523921532115468e-05
9.220000000000000417e-01,-2.165721613128085421e-05
9.240000000000000435e-01,5.820985998105515646e-05
9.260000000000000453e-01,-5.169543250551494884e-05
9.280000000000000471e-01,3.164828291878085675e-05
9.300000000000000488e-01,-1.650531774935112828e-05
9.320000000000000506e-01,-2.165736875427495822e-05
9.340000000000000524e-01,5.820991244507786599e-05
9.360000000000000542e-01,-5.169547869950108510e-05
9.380000000000000560e-01,3.164827120979638031e-05
9.400000000000000577e-01,-1.650532344003169394e-05
9.420000000000000595e-01,-2.165451602900020367e-05
9.440000000000000613e-01,5.822274027960858134e-05
9.460000000000000631e-01,-5.170472932431238733e-05
9.480000000000000648e-01,3.164579355378199788e-05
9.500000000000000666e-01,-1.650654727350028828e-05
9.520000000000000684e-01,-2.165974990125593691e-05
9.540000000000000702e-01,5.821073291526965288e-05
9.560000000000000719e-01,-5.169620073132083493e-05
9.580000000000000737e-01,3.164809189282191682e-05
9.599999999999999645e-01,-1.650541321683227092e-05
9.619999999999999662e-01,-2.137816863397382083e-05
9.639999999999999680e-01,5.934933557156379935e-05
9.659999999999999698e-01,-5.277555476726134009e-05
9.679999999999999716e-01,3.151015403534893067e-05
9.699999999999999734e-01,-1.655209765617782214e-05
9.719999999999999751e-01,-2.179063507293937940e-05
9.739999999999999769e-01,5.825542266225253174e-05
9.759999999999999787e-01,-5.173552009433632359e-05
9.779999999999999805e-01,3.163837076769135392e-05
9.799999999999999822e-01,-1.651029920182386923e-05
9.819999999999999840e-01,-2.166707308120727205e-05
9.839999999999999858e-01,5.831525662507164309e-05
9.859999999999999876e-01,-5.183704018494814103e-05
9.879999999999999893e-01,3.166027028659798570e-05
9.899999999999999911e-01,-1.649609580719330060e-05
9.919999999999999929e-01,-2.136653089395562644e-05
9.939999999999999947e-01,5.934503656380291092e-05
9.959999999999999964e-01,-5.277144835079752849e-05
9.979999999999999982e-01,3.151100683937771429e-05
1.000000000000000000e+00,-1.655169207451581692e-05
1.002000000000000002e+00,-2.178979512445361477e-05
1.004000000000000004e+00,5.825513354275682620e-05
1.006000000000000005e+00,-5.173526576149334311e-05
1.008000000000000007e+00,3.163843296311030784e-05
1.010000000000000009e+00,-1.651026735202329454e-05
1.012000000000000011e+00,-2.166701095341477812e-05
1.014000000000000012e+00,5.821323284706941825e-05
1.016000000000000014e+00,-5.169840077167559000e-05
1.018000000000000016e+00,3.164754562105798197e-05
1.020000000000000018e+00,-1.650568670550495165e-05
1.022000000000000020e+00,-2.165808703125798873e-05
1.024000000000000021e+00,5.821015891827388544e-05
1.026000000000000023e+00,-5.169569582297653398e-05
1.028000000000000025e+00,3.164821518200980344e-05
1.030000000000000027e+00,-1.650534990318627826e-05
1.032000000000000028e+00,-2.165743099285036277e-05
1.034000000000000030e+00,5.820993285005765516e-05
1.036000000000000032e+00,-5.169549691318511830e-05
1.038000000000000034e+00,3.164826418675797948e-05
1.040000000000000036e+00,-1.650532507064747523e-05
1.042000000000000037e+00,-2.165738260895624934e-05
1.044000000000000039e+00,5.820991608426751007e-05
1.046000000000000041e+00,-5.169548218484504298e-05
1.048000000000000043e+00,3.164826759233588249e-05
1.050000000000000044e+00,-1.650532317159017492e-05
1.052000000000000046e+00,-2.165451514057545324e-05
1.054000000000000048e+00,5.822273885358608680e-05
1.056000000000000050e+00,-5.170472833472897212e-05
1.058000000000000052e+00,3.164579102897871477e-05
1.060000000000000053e+00,-1.650654647418828280e-05
1.062000000000000055e+00,-2.165974790959215857e-05
1.064000000000000057e+00,5.821073109561758496e-05
1.066000000000000059e+00,-5.169619942001213442e-05
1.068000000000000060e+00,3.164808944638303201e-05
1.070000000000000062e+00,-1.650541235202751533e-05
1.072000000000000064e+00,-2.137816661277811003e-05
1.074000000000000066e+00,5.934933421820887123e-05
1.076000000000000068e+00,-5.277555307317549627e-05
1.078000000000000069e+00,3.151015131897319521e-05
1.080000000000000071e+00,-1.655209699222975894e-05
1.082000000000000073e+00,-2.179063326533323131e-05
1.084000000000000075e+00,5.825542090797525274e-05
1.086000000000000076e+00,-5.173551883470156598e-05
1.088000000000000078e+00,3.163836830155641877e-05
1.090000000000000080e+00,-1.651029835066097906e-05
1.092000000000000082e+00,-2.166707101285483827e-05
1.094000000000000083e+00,5.831525478858928802e-05
1.096000000000000085e+00,-5.183703885747181772e-05
1.098000000000000087e+00,3.166026784616124412e-05
1.100000000000000089e+00,-1.649609494780782115e-05
1.102000000000000091e+00,-2.136652885671372348e-05
1.104000000000000092e+00,5.934503522470740977e-05
1.106000000000000094e+00,-5.277144667944350109e-05
1.108000000000000096e+00,3.151100413349358642e-05
1.110000000000000098e+00,-1.655169140281700924e-05
1.112000000000000099e+00,-2.178979332411248859e-05
1.114000000000000101e+00,5.825513178282087923e-05
1.116000000000000103e+00,-5.173526450813481503e-05
1.118000000000000105e+00,3.163843051495057734e-05
1.120000000000000107e+00,-1.651026651158793435e-05
1.122000000000000108e+00,-2.138749939629980279e-05
1.124000000000000110e+00,5.935273126992865467e-05
1.126000000000000112e+00,-5.277879678731306479e-05
1.128000000000000114e+00,3.150947763942008040e-05
1.130000000000000115e+00,-1.655241591306047533e-05
1.132000000000000117e+00,-2.179129385022904319e-05
1.134000000000000119e+00,5.825564752768783161e-05
1.136000000000000121e+00,-5.173571838757232144e-05
1.138000000000000123e+00,3.163831765067015578e-05
1.140000000000000124e+00,-1.651032286797277093e-05
1.142000000000000126e+00,-2.138760766594652307e-05
1.144000000000000128e+00,5.935277055811941094e-05
1.146000000000000130e+00,-5.277883422675697100e-05
1.148000000000000131e+00,3.150946932118509070e-05
1.150000000000000133e+00,-1.655241950822630703e-05
1.152000000000000135e+00,-2.179130122339362208e-05
1.153999999999999915e+00,5.825564987858508625e-05
1.155999999999999917e+00,-5.173572050358801744e-05
1.157999999999999918e+00,3.163831663495486612e-05
1.159999999999999920e+00,-1.651032301602101127e-05
1.161999999999999922e+00,-2.138760786117577251e-05
1.163999999999999924e+00,5.935277052873319525e-05
1.165999999999999925e+00,-5.277883412339520741e-05
1.167999999999999927e+00,3.150946878721638811e-05
1.169999999999999929e+00,-1.655241941000279438e-05
1.171999999999999931e+00,-2.151017492102447193e-05
1.173999999999999932e+00,5.939699163928433001e-05
1.175999999999999934e+00,-5.282105443527723709e-05
1.177999999999999936e+00,3.150073413895129737e-05
1.179999999999999938e+00,-1.655656426072238396e-05
1.181999999999999940e+00,-2.151865393776319912e-05
1.183999999999999941e+00,5.940007286765053296e-05
1.185999999999999943e+00,-5.282399661918346645e-05
1.187999999999999945e+00,3.150012427699175332e-05
1.189999999999999947e+00,-1.655685357385833223e-05
1.191999999999999948e+00,-2.180049158246807894e-05
1.193999999999999950e+00,5.825880947435760349e-05
1.195999999999999952e+00,-5.173850086535522474e-05
1.197999999999999954e+00,3.163762735751071697e-05
1.199999999999999956e+00,-1.651066877024834345e-05
1.201999999999999957e+00,-2.166779209446245691e-05
1.203999999999999959e+00,5.821349995837471480e-05
1.205999999999999961e+00,-5.169863629710461095e-05
1.207999999999999963e+00,3.164748253347768325e-05
1.209999999999999964e+00,-1.650571484102664188e-05
1.211999999999999966e+00,-2.137874758734170655e-05
1.213999999999999968e+00,5.934954495217734105e-05
1.215999999999999970e+00,-5.277575379481619366e-05
1.217999999999999972e+00,3.151010582850416464e-05
1.219999999999999973e+00,-1.655211611190088306e-05
1.221999999999999975e+00,-2.179067232145615041e-05
1.223999999999999977e+00,5.825543290851817324e-05
1.225999999999999979e+00,-5.173552974388137549e-05
1.227999999999999980e+00,3.163836209913242770e-05
1.229999999999999982e+00,-1.651029885339425074e-05
1.231999999999999984e+00,-2.166707142937235320e-05
1.233999999999999986e+00,5.821325142308861333e-05
1.235999999999999988e+00,-5.169841767801650056e-05
1.237999999999999989e+00,3.164753591012800515e-05
1.239999999999999991e+00,-1.650568742045041559e-05
1.241999999999999993e+00,-2.137869480235352060e-05
1.243999999999999995e+00,5.934952556209752150e-05
1.245999999999999996e+00,-5.277573517451644713e-05
1.247999999999999998e+00,3.151010885889260482e-05
1.250000000000000000e+00,-1.655211416053820050e-05
1.252000000000000002e+00,-2.150955038341881287e-05
1.254000000000000004e+00,5.939676424612794214e-05
1.256000000000000005e+00,-5.282083703006881792e-05
1.258000000000000007e+00,3.150077696960351670e-05
1.260000000000000009e+00,-1.655654250678692541e-05
1.262000000000000011e+00,-2.179984676855054038e-05
1.264000000000000012e+00,5.825858703762190616e-05
1.266000000000000014e+00,-5.173830532519477221e-05
1.268000000000000016e+00,3.163767401618070019e-05
1.270000000000000018e+00,-1.651064399640911340e-05
1.272000000000000020e+00,-2.166774357559991815e-05
1.274000000000000021e+00,5.821348253532560024e-05
1.276000000000000023e+00,-5.169862115375969958e-05
1.278000000000000025e+00,3.164748452550228408e-05
1.280000000000000027e+00,-1.650571251454735489e-05
1.282000000000000028e+00,-2.165813633000363003e-05
1.284000000000000030e+00,5.821017324604202403e-05
1.286000000000000032e+00,-5.169570911103121835e-05
1.288000000000000034e+00,3.164820537705434478e-05
1.290000000000000036e+00,-1.650534991802857232e-05
1.292000000000000037e+00,-2.137804583840843820e-05
1.294000000000000039e+00,5.934928905662953391e-05
1.296000000000000041e+00,-5.277550915551085242e-05
1.298000000000000043e+00,3.151015430829726127e-05
1.300000000000000044e+00,-1.655209167397697634e-05
1.302000000000000046e+00,-2.150950427033324064e-05
1.304000000000000048e+00,5.939674721583410033e-05
1.306000000000000050e+00,-5.282082058256226675e-05
1.308000000000000052e+00,3.150077899096923040e-05
1.310000000000000053e+00,-1.655654067370809779e-05
1.312000000000000055e+00,-2.151860521851234331e-05
1.314000000000000057e+00,5.940005445429982767e-05
1.316000000000000059e+00,-5.282397856128107083e-05
1.318000000000000060e+00,3.150012440929911284e-05
1.320000000000000062e+00,-1.655685121367336810e-05
1.322000000000000064e+00,-2.151924024467247176e-05
1.324000000000000066e+00,5.940028516047274332e-05
1.326000000000000068e+00,-5.282419882033859149e-05
1.328000000000000069e+00,3.150007848404245969e-05
1.330000000000000071e+00,-1.655687282564946572e-05
1.332000000000000073e+00,-2.179764687522747768e-05
1.334000000000000075e+00,5.827168537584498376e-05
1.336000000000000076e+00,-5.174779376955138122e-05
1.338000000000000078e+00,3.163513490942945761e-05
1.340000000000000080e+00,-1.651189765564456402e-05
1.342000000000000082e+00,-2.167017143970065285e-05
1.344000000000000083e+00,5.821431859852690960e-05
1.346000000000000085e+00,-5.169935706098721662e-05
1.348000000000000087e+00,3.164730054061246078e-05
1.350000000000000089e+00,-1.650580368597193148e-05
1.352000000000000091e+00,-2.165831369293005904e-05
1.354000000000000092e+00,5.821023361515798022e-05
1.356000000000000094e+00,-5.169576240953918655e-05
1.358000000000000096e+00,3.164819042162508866e-05
1.360000000000000098e+00,-1.650535611273651337e-05
1.362000000000000099e+00,-2.165744188448864849e-05
1.364000000000000101e+00,5.820993322945902659e-05
1.366000000000000103e+00,-5.169549809818513308e-05
1.368000000000000105e+00,3.164825562532516678e-05
1.370000000000000107e+00,-1.650532315119676574e-05
1.372000000000000108e+00,-2.137799411645532888e-05
1.374000000000000110e+00,5.934926979369106737e-05
1.376000000000000112e+00,-5.277549046470500493e-05
1.378000000000000114e+00,3.151015596303263777e-05
1.380000000000000115e+00,-1.655208948789232970e-05
1.382000000000000117e+00,-2.150949947709104859e-05
1.384000000000000119e+00,5.939674503491546020e-05
1.386000000000000121e+00,-5.282081820584191845e-05
1.388000000000000123e+00,3.150077725661351580e-05
1.390000000000000124e+00,-1.655654008866913607e-05
1.392000000000000126e+00,-2.151860370155217472e-05
1.394000000000000128e+00,5.940005345367663225e-05
1.396000000000000130e+00,-5.282397732212645858e-05
1.398000000000000131e+00,3.150012243352193209e-05
1.400000000000000133e+00,-1.655685071901349947e-05
1.402000000000000135e+00,-2.151923896575799744e-05
1.404000000000000137e+00,5.940028424879228997e-05
1.406000000000000139e+00,-5.282419767440454939e-05
1.407999999999999918e+00,3.150007652054712115e-05
1.409999999999999920e+00,-1.655687236763042636e-05
1.411999999999999922e+00,-2.151928314490791916e-05
1.413999999999999924e+00,5.940030025371884070e-05
1.415999999999999925e+00,-5.282421292554170811e-05
1.417999999999999927e+00,3.150007306890884040e-05
1.419999999999999929e+00,-1.655687380780826445e-05
1.421999999999999931e+00,-2.151928607595915421e-05
1.423999999999999932e+00,5.950151634879358165e-05
1.425999999999999934e+00,-5.296235068889820763e-05
1.427999999999999936e+00,3.151291080364521102e-05
1.429999999999999938e+00,-1.654722062457633647e-05
1.431999999999999940e+00,-2.178808594123157749e-05
1.433999999999999941e+00,5.825447190345445225e-05
1.435999999999999943e+00,-5.173468354657470569e-05
1.437999999999999945e+00,3.163856911467255451e-05
1.439999999999999947e+00,-1.651019065030887023e-05
1.441999999999999948e+00,-2.166686028846898093e-05
1.443999999999999950e+00,5.821317655961208426e-05
1.445999999999999952e+00,-5.169835234696343318e-05
1.447999999999999954e+00,3.164754684860382472e-05
1.449999999999999956e+00,-1.650567799870231167e-05
1.451999999999999957e+00,-2.137867590337044765e-05
1.453999999999999959e+00,5.934951753462994195e-05
1.455999999999999961e+00,-5.277572675179212358e-05
1.457999999999999963e+00,3.151010477674826005e-05
1.459999999999999964e+00,-1.655211236930090313e-05
1.461999999999999966e+00,-2.150954599290655356e-05
1.463999999999999968e+00,5.939676149289280227e-05
1.465999999999999970e+00,-5.282083363843809165e-05
1.467999999999999972e+00,3.150077184535873820e-05
1.469999999999999973e+00,-1.655654123705607716e-05
1.471999999999999975e+00,-2.179984328392128856e-05
1.473999999999999977e+00,5.825858369886208199e-05
1.475999999999999979e+00,-5.173830291787390179e-05
1.477999999999999980e+00,3.163766935227255162e-05
1.479999999999999982e+00,-1.651064238254729144e-05
1.481999999999999984e+00,-2.166487443615652819e-05
1.483999999999999986e+00,5.822630609440826444e-05
1.485999999999999988e+00,-5.170786849739705815e-05
1.487999999999999989e+00,3.164500259609029365e-05
1.489999999999999991e+00,-1.650693475244158215e-05
1.491999999999999993e+00,-2.138107818325934995e-05
1.493999999999999995e+00,5.945165122170012473e-05
1.495999999999999996e+00,-5.291472683988107661e-05
1.497999999999999998e+00,3.152276303979018035e-05
1.500000000000000000e+00,-1.654254423529011309e-05
1.502000000000000002e+00,-2.149743675541535004e-05
1.504000000000000004e+00,5.939229075918595058e-05
1.506000000000000005e+00,-5.281656320306818420e-05
1.508000000000000007e+00,3.150165838179674882e-05
1.510000000000000009e+00,-1.655611947817825502e-05
1.512000000000000011e+00,-2.151774367529710186e-05
1.514000000000000012e+00,5.939974025254493584e-05
1.516000000000000014e+00,-5.282367781577271271e-05
1.518000000000000016e+00,3.150018116710590066e-05
1.520000000000000018e+00,-1.655682073681621902e-05
1.522000000000000020e+00,-2.180042222511141548e-05
1.524000000000000021e+00,5.825878224823347051e-05
1.526000000000000023e+00,-5.173847777433654427e-05
1.528000000000000025e+00,3.163762481962414941e-05
1.530000000000000027e+00,-1.651066383082794298e-05
1.532000000000000028e+00,-2.138826175212410474e-05
1.534000000000000030e+00,5.935300652861255633e-05
1.536000000000000032e+00,-5.277905815345013130e-05
1.538000000000000034e+00,3.150941209189433989e-05
1.540000000000000036e+00,-1.655243978615841827e-05
1.542000000000000037e+00,-2.151021522080534543e-05
1.544000000000000039e+00,5.939700425660124350e-05
1.546000000000000041e+00,-5.282106516287660147e-05
1.548000000000000043e+00,3.150072163910291878e-05
1.550000000000000044e+00,-1.655656363128490960e-05
1.552000000000000046e+00,-2.179988939726706931e-05
1.554000000000000048e+00,5.825859873796052080e-05
1.556000000000000050e+00,-5.173831635817485730e-05
1.558000000000000052e+00,3.163766401533332773e-05
1.560000000000000053e+00,-1.651064355243092585e-05
1.562000000000000055e+00,-2.166774164047771678e-05
1.564000000000000057e+00,5.831548083370940994e-05
1.566000000000000059e+00,-5.183723905783504948e-05
1.568000000000000060e+00,3.166020652727030704e-05
1.570000000000000062e+00,-1.649611692702834809e-05
1.572000000000000064e+00,-2.164293825164878560e-05
1.574000000000000066e+00,5.821868006867375600e-05
1.576000000000000068e+00,-5.170115708088077189e-05
1.578000000000000069e+00,3.164666492267223519e-05
1.580000000000000071e+00,-1.650609718860038266e-05
1.582000000000000073e+00,-2.165600725789057490e-05
1.584000000000000075e+00,5.822324838947526282e-05
1.586000000000000076e+00,-5.170517809485047911e-05
1.588000000000000078e+00,3.164566635455515198e-05
1.590000000000000080e+00,-1.650659914266550121e-05
1.592000000000000082e+00,-2.138043277720089175e-05
1.594000000000000083e+00,5.935015678936242378e-05
1.596000000000000085e+00,-5.277633669053052867e-05
1.598000000000000087e+00,3.150997445610162484e-05
1.600000000000000089e+00,-1.655217175671949703e-05
1.602000000000000091e+00,-2.179078611472609617e-05
1.604000000000000092e+00,5.825546814232362980e-05
1.606000000000000094e+00,-5.173556173661969515e-05
1.608000000000000096e+00,3.163834464083373210e-05
1.610000000000000098e+00,-1.651030044472201475e-05
1.612000000000000099e+00,-2.166707311829565996e-05
1.614000000000000101e+00,5.821324812431416529e-05
1.616000000000000103e+00,-5.169841575317427051e-05
1.618000000000000105e+00,3.164752685584984460e-05
1.620000000000000107e+00,-1.650568480440761654e-05
1.622000000000000108e+00,-2.137868845453888555e-05
1.624000000000000110e+00,5.934952116925726329e-05
1.626000000000000112e+00,-5.277572960076665209e-05
1.628000000000000114e+00,3.151009946814747886e-05
1.630000000000000115e+00,-1.655211189972860542e-05
1.632000000000000117e+00,-2.150954437264013253e-05
1.634000000000000119e+00,5.939675997049254086e-05
1.636000000000000121e+00,-5.282083156664743595e-05
1.638000000000000123e+00,3.150076755072464540e-05
1.640000000000000124e+00,-1.655654026461866879e-05
1.642000000000000126e+00,-2.179984060661499523e-05
1.644000000000000128e+00,5.825858102639219771e-05
1.646000000000000130e+00,-5.173830100274612320e-05
1.648000000000000131e+00,3.163766557090497145e-05
1.650000000000000133e+00,-1.651064108029384747e-05
1.652000000000000135e+00,-2.138821763377277141e-05
1.654000000000000137e+00,5.935298980383474365e-05
1.656000000000000139e+00,-5.277904174734449061e-05
1.658000000000000140e+00,3.150941216639377429e-05
1.660000000000000142e+00,-1.655243763583683081e-05
1.662000000000000144e+00,-2.179133674489949768e-05
1.664000000000000146e+00,5.825565685889724787e-05
1.665999999999999925e+00,-5.173572795905481692e-05
1.667999999999999927e+00,3.163830200889061750e-05
1.669999999999999929e+00,-1.651032074750577450e-05
1.671999999999999931e+00,-2.138760175959819598e-05
1.673999999999999932e+00,5.935276550703832976e-05
1.675999999999999934e+00,-5.277882749285534025e-05
1.677999999999999936e+00,3.150945601532173512e-05
1.679999999999999938e+00,-1.655241646662461430e-05
1.681999999999999940e+00,-2.179129279643657324e-05
1.683999999999999941e+00,5.825564155262363819e-05
1.685999999999999943e+00,-5.173571453847072843e-05
1.687999999999999945e+00,3.163830483468577093e-05
1.689999999999999947e+00,-1.651031895331250832e-05
1.691999999999999948e+00,-2.166710890098497155e-05
1.693999999999999950e+00,5.821325962734533177e-05
1.695999999999999952e+00,-5.169842608746325063e-05
1.697999999999999954e+00,3.164752230326237092e-05
1.699999999999999956e+00,-1.650568560578047350e-05
1.701999999999999957e+00,-2.165808233416804951e-05
1.703999999999999959e+00,5.821015034989523995e-05
1.705999999999999961e+00,-5.169569003629637116e-05
1.707999999999999963e+00,3.164819956851319671e-05
1.709999999999999964e+00,-1.650534491535668447e-05
1.711999999999999966e+00,-2.137803478292205073e-05
1.713999999999999968e+00,5.934928272043060726e-05
1.715999999999999970e+00,-5.277550158223551224e-05
1.717999999999999972e+00,3.151014423094511407e-05
1.719999999999999973e+00,-1.655208905070384984e-05
1.721999999999999975e+00,-2.179061425593153967e-05
1.723999999999999977e+00,5.825540781937907364e-05
1.725999999999999979e+00,-5.173550897448822572e-05
1.727999999999999980e+00,3.163835469783410348e-05
1.729999999999999982e+00,-1.651029311676086020e-05
1.731999999999999984e+00,-2.166419329052357567e-05
1.733999999999999986e+00,5.832806579595881113e-05
1.735999999999999988e+00,-5.184627716598930181e-05
1.737999999999999989e+00,3.165777706507985623e-05
1.739999999999999991e+00,-1.649731351583902383e-05
1.741999999999999993e+00,-2.136885561359810892e-05
1.743999999999999995e+00,5.934587918461631251e-05
1.745999999999999996e+00,-5.277225027610840669e-05
1.747999999999999998e+00,3.151081978249384297e-05
1.750000000000000000e+00,-1.655176760732846031e-05
1.752000000000000002e+00,-2.178994863906089097e-05
1.754000000000000004e+00,5.825517865088586378e-05
1.756000000000000005e+00,-5.173530738714765542e-05
1.758000000000000007e+00,3.163840385055419202e-05
1.760000000000000009e+00,-1.651026783582032476e-05
1.762000000000000011e+00,-2.138749976016152132e-05
1.764000000000000012e+00,5.935272788711379310e-05
1.766000000000000014e+00,-5.277879124433726421e-05
1.768000000000000016e+00,3.150946102971688423e-05
1.770000000000000018e+00,-1.655241249505501333e-05
1.772000000000000020e+00,-2.151015855280172251e-05
1.774000000000000021e+00,5.939698240409532759e-05
1.776000000000000023e+00,-5.282104346090998881e-05
1.778000000000000025e+00,3.150071975700427518e-05
1.780000000000000027e+00,-1.655656048422243787e-05
1.782000000000000028e+00,-2.179699793644976347e-05
1.784000000000000030e+00,5.827145744688802531e-05
1.786000000000000032e+00,-5.174759436682788150e-05
1.788000000000000034e+00,3.163517299258067350e-05
1.790000000000000036e+00,-1.651187003268508868e-05
1.792000000000000037e+00,-2.139056597307703589e-05
1.794000000000000039e+00,5.935384436710905431e-05
1.796000000000000041e+00,-5.277985729163631179e-05
1.798000000000000043e+00,3.150923924335330417e-05
1.800000000000000044e+00,-1.655251726705511683e-05
1.802000000000000046e+00,-2.151037266967525952e-05
1.804000000000000048e+00,5.939706004053427191e-05
1.806000000000000050e+00,-5.282111749537257706e-05
1.808000000000000052e+00,3.150070360512929879e-05
1.810000000000000053e+00,-1.655656762953108818e-05
1.812000000000000055e+00,-2.179989659798278745e-05
1.814000000000000057e+00,5.825859854097920065e-05
1.816000000000000059e+00,-5.173831685824012427e-05
1.818000000000000060e+00,3.163765737760476648e-05
1.820000000000000062e+00,-1.651064199111734743e-05
1.822000000000000064e+00,-2.138821878353014405e-05
1.824000000000000066e+00,5.935298928719939804e-05
1.826000000000000068e+00,-5.277904063382549138e-05
1.828000000000000069e+00,3.150940766461288178e-05
1.830000000000000071e+00,-1.655243675144357773e-05
1.832000000000000073e+00,-2.151020797050082201e-05
1.834000000000000075e+00,5.939700002594375250e-05
1.836000000000000076e+00,-5.282106007240688905e-05
1.838000000000000078e+00,3.150071466428636113e-05
1.840000000000000080e+00,-1.655656184293072264e-05
1.842000000000000082e+00,-2.151864655848198526e-05
1.844000000000000083e+00,5.940006654454529911e-05
1.846000000000000085e+00,-5.282398819627179276e-05
1.848000000000000087e+00,3.150010770344019440e-05
1.850000000000000089e+00,-1.655684978011176534e-05
1.852000000000000091e+00,-2.151923535222838302e-05
1.854000000000000092e+00,5.940028047937001565e-05
1.856000000000000094e+00,-5.282419243817643162e-05
1.858000000000000096e+00,3.150006510906772084e-05
1.860000000000000098e+00,-1.655686981181722639e-05
1.862000000000000099e+00,-2.180052258544604160e-05
1.864000000000000101e+00,5.825881328443832663e-05
1.866000000000000103e+00,-5.173850594608966902e-05
1.868000000000000105e+00,3.163760931587308867e-05
1.870000000000000107e+00,-1.651066520826777184e-05
1.872000000000000108e+00,-2.166778266085578331e-05
1.874000000000000110e+00,5.821348986169427864e-05
1.876000000000000112e+00,-5.169862914473216664e-05
1.878000000000000114e+00,3.164746751111238710e-05
1.880000000000000115e+00,-1.650570974593909557e-05
1.882000000000000117e+00,-2.137873550788274568e-05
1.884000000000000119e+00,5.934953685426958003e-05
1.886000000000000121e+00,-5.277574365934040168e-05
1.888000000000000123e+00,3.151008935589963422e-05
1.890000000000000124e+00,-1.655211210295146063e-05
1.892000000000000126e+00,-2.179066134262372390e-05
1.894000000000000128e+00,5.825542227306385046e-05
1.896000000000000130e+00,-5.173552212295318142e-05
1.898000000000000131e+00,3.163834719998454004e-05
1.900000000000000133e+00,-1.651029368129539043e-05
1.902000000000000135e+00,-2.166419380028247743e-05
1.904000000000000137e+00,5.822606713036873605e-05
1.906000000000000139e+00,-5.170765929706291897e-05
1.908000000000000140e+00,3.164504386005129177e-05
1.910000000000000142e+00,-1.650690605991753102e-05
1.912000000000000144e+00,-2.138102161721236461e-05
1.914000000000000146e+00,5.935036939679408374e-05
1.916000000000000147e+00,-5.277653855505909375e-05
1.918000000000000149e+00,3.150992373148614467e-05
1.919999999999999929e+00,-1.655219018856582402e-05
1.921999999999999931e+00,-2.179082299446841176e-05
1.923999999999999932e+00,5.825547754256116262e-05
1.925999999999999934e+00,-5.173557084192995092e-05
1.927999999999999936e+00,3.163833437931640180e-05
1.929999999999999938e+00,-1.651029956738214732e-05
1.931999999999999940e+00,-2.138756014804718553e-05
1.933999999999999941e+00,5.935274893272349250e-05
1.935999999999999943e+00,-5.277881073246365462e-05
1.937999999999999945e+00,3.150945226541163047e-05
1.939999999999999947e+00,-1.655241362967518892e-05
1.941999999999999948e+00,-2.151016028780969314e-05
1.943999999999999950e+00,5.939698208518723321e-05
1.945999999999999952e+00,-5.282104254777930663e-05
1.947999999999999954e+00,3.150071523886840974e-05
1.949999999999999956e+00,-1.655655961881746796e-05
1.951999999999999957e+00,-2.179699550647340445e-05
1.953999999999999959e+00,5.827145488474655410e-05
1.955999999999999961e+00,-5.174759255377817113e-05
1.957999999999999963e+00,3.163516919533343463e-05
1.959999999999999964e+00,-1.651186873793258902e-05
1.961999999999999966e+00,-2.139056291018334721e-05
1.963999999999999968e+00,5.935384233922424979e-05
1.965999999999999970e+00,-5.277985473292265417e-05
1.967999999999999972e+00,3.150923504000383013e-05
1.969999999999999973e+00,-1.655251624507400598e-05
1.971999999999999975e+00,-2.151036996117516864e-05
1.973999999999999977e+00,5.939705812898002368e-05
1.975999999999999979e+00,-5.282111504626221810e-05
1.977999999999999980e+00,3.150069937251850916e-05
1.979999999999999982e+00,-1.655656662354759723e-05
1.981999999999999984e+00,-2.151865579609960055e-05
1.983999999999999986e+00,5.940006913988243875e-05
1.985999999999999988e+00,-5.282399017256592111e-05
1.987999999999999989e+00,3.150010341615092080e-05
1.989999999999999991e+00,-1.655684933795156799e-05
1.991999999999999993e+00,-2.151923395318430798e-05
1.993999999999999995e+00,5.940027918108908844e-05
1.995999999999999996e+00,-5.282419070012922546e-05
1.997999999999999998e+00,3.150006159204077338e-05
2.000000000000000000e+00,-1.655686902148414963e-05
2.002000000000000224e+00,-2.151927415099119667e-05
2.004000000000000004e+00,5.940029373402780366e-05
2.006000000000000227e+00,-5.282420456727277003e-05
2.008000000000000007e+00,3.150005844311520864e-05
2.010000000000000231e+00,-1.655687032749847409e-05
2.012000000000000011e+00,-2.180052306082619351e-05
2.014000000000000234e+00,5.825881190277271138e-05
2.016000000000000014e+00,-5.173850512676589353e-05
2.018000000000000238e+00,3.163760577291896414e-05
2.020000000000000018e+00,-1.651066416390178926e-05
2.022000000000000242e+00,-2.166778007404654427e-05
2.024000000000000021e+00,5.821348744388527008e-05
2.026000000000000245e+00,-5.169862740561984027e-05
2.028000000000000025e+00,3.164746420205449828e-05
2.030000000000000249e+00,-1.650570859884972763e-05
2.032000000000000028e+00,-2.137873277250484927e-05
2.034000000000000252e+00,5.934953503866288727e-05
2.036000000000000032e+00,-5.277574136561616336e-05
2.038000000000000256e+00,3.151008565011742535e-05
2.040000000000000036e+00,-1.655211120468388919e-05
2.042000000000000259e+00,-2.150954146425826385e-05
2.044000000000000039e+00,5.939675667017765837e-05
2.046000000000000263e+00,-5.282082693077588820e-05
2.048000000000000043e+00,3.150075713757513607e-05
2.049999999999999822e+00,-1.655653797583839237e-05
2.052000000000000046e+00,-2.151859695686056395e-05
2.053999999999999826e+00,5.940004737858481376e-05
2.056000000000000050e+00,-5.282396914577797142e-05
2.057999999999999829e+00,3.150010584030901728e-05
2.060000000000000053e+00,-1.655684696292777924e-05
2.061999999999999833e+00,-2.151922881177964486e-05
2.064000000000000057e+00,5.940027694319172102e-05
2.065999999999999837e+00,-5.282418829604534904e-05
2.068000000000000060e+00,3.150006013961578755e-05
2.069999999999999840e+00,-1.655686848517703980e-05
2.072000000000000064e+00,-2.151927275816437057e-05
2.073999999999999844e+00,5.940029286046616397e-05
2.076000000000000068e+00,-5.282420347640925939e-05
2.077999999999999847e+00,3.150005672166236725e-05
2.080000000000000071e+00,-1.655686990524943281e-05
2.081999999999999851e+00,-2.151927568940642521e-05
2.084000000000000075e+00,5.940029386097486763e-05
2.085999999999999854e+00,-5.282420439732884998e-05
2.088000000000000078e+00,3.150005624853388642e-05
2.089999999999999858e+00,-1.655686995748195667e-05
2.092000000000000082e+00,-2.151927573845399677e-05
2.093999999999999861e+00,5.940029382106581934e-05
2.096000000000000085e+00,-5.282420432828685564e-05
2.097999999999999865e+00,3.150005600470115463e-05
2.100000000000000089e+00,-1.655686990605434450e-05
2.101999999999999869e+00,-2.151927560273964035e-05
2.104000000000000092e+00,5.940029372322741530e-05
2.105999999999999872e+00,-5.282420418888447711e-05
2.108000000000000096e+00,3.150005574223055382e-05
2.109999999999999876e+00,-1.655686983715112803e-05
2.112000000000000099e+00,-2.151927545340423520e-05
2.113999999999999879e+00,5.940029361713172751e-05
2.116000000000000103e+00,-5.282420405961288368e-05
2.117999999999999883e+00,3.150005550253340281e-05
2.120000000000000107e+00,-1.655686979383161339e-05
2.121999999999999886e+00,-2.151927528359562358e-05
2.124000000000000110e+00,5.940029350391673457e-05
2.125999999999999890e+00,-5.282420390791131570e-05
2.128000000000000114e+00,3.150005526635080155e-05
2.129999999999999893e+00,-1.655686973928149897e-05
2.132000000000000117e+00,-2.151927514077583981e-05
2.133999999999999897e+00,5.940029341100147575e-05
2.136000000000000121e+00,-5.282420378426369578e-05
2.137999999999999901e+00,3.150005501703287414e-05
2.140000000000000124e+00,-1.655686966929581505e-05
2.141999999999999904e+00,-2.151927498861977428e-05
2.144000000000000128e+00,5.940029328109844298e-05
2.145999999999999908e+00,-5.282420361727574454e-05
2.148000000000000131e+00,3.150005477260686693e-05
2.149999999999999911e+00,-1.655686962083111058e-05
2.152000000000000135e+00,-2.151927483185628320e-05
2.153999999999999915e+00,5.940029315741959803e-05
2.156000000000000139e+00,-5.282420347736335731e-05
2.157999999999999918e+00,3.150005453535914546e-05
2.160000000000000142e+00,-1.655686956741897475e-05
2.161999999999999922e+00,-2.151927466824063440e-05
2.164000000000000146e+00,5.940029304621688433e-05
2.165999999999999925e+00,-5.282420333244802757e-05
2.168000000000000149e+00,3.150005429495422726e-05
2.169999999999999929e+00,-1.655686950086110443e-05
2.172000000000000153e+00,-2.180052069764362721e-05
2.173999999999999932e+00,5.825880945364500518e-05
2.176000000000000156e+00,-5.173850337885851913e-05
2.177999999999999936e+00,3.163760220742731222e-05
2.180000000000000160e+00,-1.651066295108027937e-05
2.181999999999999940e+00,-2.138825784585990375e-05
2.184000000000000163e+00,5.935300153971090342e-05
2.185999999999999943e+00,-5.277905103925201180e-05
2.188000000000000167e+00,3.150939555114293245e-05
2.189999999999999947e+00,-1.655243617700377645e-05
2.192000000000000171e+00,-2.179133158930479652e-05
2.193999999999999950e+00,5.825564967377322434e-05
2.196000000000000174e+00,-5.173572299695117227e-05
2.197999999999999954e+00,3.163828997136686194e-05
2.200000000000000178e+00,-1.651031681869016832e-05
2.201999999999999957e+00,-2.138759238885443170e-05
2.204000000000000181e+00,5.935275917932567036e-05
2.205999999999999961e+00,-5.277881953979698948e-05
2.208000000000000185e+00,3.150944298182731251e-05
2.209999999999999964e+00,-1.655241331788986914e-05
2.212000000000000188e+00,-2.179128412833561401e-05
2.213999999999999968e+00,6.004584027930262580e-05
2.216000000000000192e+00,-5.753932515380894008e-05
2.217999999999999972e+00,3.305694975611755959e-05
2.220000000000000195e+00,-1.557202629686588180e-05
2.221999999999999975e+00,-2.023652637502676432e-05
2.224000000000000199e+00,5.771693913398517894e-05
2.225999999999999979e+00,-5.126161968429035487e-05
2.228000000000000203e+00,3.175581643699576517e-05
2.229999999999999982e+00,-1.645122400195306311e-05
2.232000000000000206e+00,-2.155202299362543594e-05
2.233999999999999986e+00,5.817361262319686865e-05
2.236000000000000210e+00,-5.166353919323560251e-05
2.237999999999999989e+00,3.165614765885879645e-05
2.240000000000000213e+00,-1.650133908677811623e-05
2.241999999999999993e+00,-2.164961454901789817e-05
2.244000000000000217e+00,5.820722810326306451e-05
2.245999999999999996e+00,-5.169311992289302160e-05
2.248000000000000220e+00,3.164882245768399494e-05
2.250000000000000000e+00,-1.650502159228003918e-05
2.252000000000000224e+00,-2.165678697131287467e-05
2.254000000000000004e+00,5.820969853885180068e-05
2.256000000000000227e+00,-5.169529386427063056e-05
2.258000000000000007e+00,3.164828387957133171e-05
2.260000000000000231e+00,-1.650529216412968680e-05
2.262000000000000011e+00,-2.137793146057137550e-05
2.264000000000000234e+00,5.934924207806266394e-05
2.266000000000000014e+00,-5.277546079618389285e-05
2.268000000000000238e+00,3.151013742318589661e-05
2.270000000000000018e+00,-1.655208256557197388e-05
2.272000000000000242e+00,-2.150948203939392900e-05
2.274000000000000021e+00,5.939673380542243031e-05
2.276000000000000245e+00,-5.282080427121416122e-05
2.278000000000000025e+00,3.150075544322214482e-05
2.280000000000000249e+00,-1.655653470837917252e-05
2.282000000000000028e+00,-2.151858943249748690e-05
2.284000000000000252e+00,5.940004337289667147e-05
2.286000000000000032e+00,-5.282396448021489666e-05
2.288000000000000256e+00,3.150010041236619984e-05
2.290000000000000036e+00,-1.655684547186009326e-05
2.292000000000000259e+00,-2.180047040385713064e-05
2.294000000000000039e+00,5.825879092424476879e-05
2.296000000000000263e+00,-5.173848737707875678e-05
2.298000000000000043e+00,3.163760313410271530e-05
2.300000000000000266e+00,-1.651066019970823251e-05
2.302000000000000046e+00,-2.166490608927068573e-05
2.304000000000000270e+00,5.822630865806588396e-05
2.306000000000000050e+00,-5.170787284369815495e-05
2.307999999999999829e+00,3.164498095575840608e-05
2.310000000000000053e+00,-1.650693015555274035e-05
2.311999999999999833e+00,-2.166049054627694481e-05
2.314000000000000057e+00,5.821097411931250298e-05
2.315999999999999837e+00,-5.169641651052436782e-05
2.318000000000000060e+00,3.164800435874817741e-05
2.319999999999999840e+00,-1.650543154900138698e-05
2.322000000000000064e+00,-2.165758520520158492e-05
2.323999999999999844e+00,5.820997277115533275e-05
2.326000000000000068e+00,-5.169553536345586342e-05
2.327999999999999847e+00,3.164822232733927043e-05
2.330000000000000071e+00,-1.650532178348526613e-05
2.331999999999999851e+00,-2.137798817550620734e-05
2.334000000000000075e+00,5.934926233860590705e-05
2.335999999999999854e+00,-5.277547987898867365e-05
2.338000000000000078e+00,3.151013152108070314e-05
2.339999999999999858e+00,-1.655208413995495897e-05
2.342000000000000082e+00,-2.150948497996532649e-05
2.343999999999999861e+00,5.939673448301235892e-05
2.346000000000000085e+00,-5.282080466868788182e-05
2.347999999999999865e+00,3.150075342737632123e-05
2.350000000000000089e+00,-1.655653442092855365e-05
2.351999999999999869e+00,-2.151858862354388835e-05
2.354000000000000092e+00,5.940004269941803750e-05
2.355999999999999872e+00,-5.282396359010399500e-05
2.358000000000000096e+00,3.150009865297148659e-05
2.359999999999999876e+00,-1.655684506306903669e-05
2.362000000000000099e+00,-2.180046928690337893e-05
2.363999999999999879e+00,5.825878982527316063e-05
2.366000000000000103e+00,-5.173848659468724409e-05
2.367999999999999883e+00,3.163760157012113217e-05
2.370000000000000107e+00,-1.651065966990980516e-05
2.371999999999999886e+00,-2.166490476900387319e-05
2.374000000000000110e+00,5.832830443198294690e-05
2.375999999999999890e+00,-5.184648888001061606e-05
2.378000000000000114e+00,3.165770861214903253e-05
2.379999999999999893e+00,-1.649733585499038591e-05
2.382000000000000117e+00,-2.136889635440467061e-05
2.383999999999999897e+00,5.934589050646602026e-05
2.386000000000000121e+00,-5.277225877868552129e-05
2.387999999999999901e+00,3.151080025690783382e-05
2.390000000000000124e+00,-1.655176555737797317e-05
2.391999999999999904e+00,-2.178994185993154975e-05
2.394000000000000128e+00,5.825516976654121493e-05
2.395999999999999908e+00,-5.173530121869995835e-05
2.398000000000000131e+00,3.163838935775833971e-05
2.399999999999999911e+00,-1.651026307505215618e-05
2.402000000000000135e+00,-2.138748838969792287e-05
2.403999999999999915e+00,5.935272022675533443e-05
2.406000000000000139e+00,-5.277878160799345797e-05
2.407999999999999918e+00,3.150944525842289123e-05
2.410000000000000142e+00,-1.655240867368817925e-05
2.411999999999999922e+00,-2.151014837217454789e-05
2.414000000000000146e+00,5.939697517665099014e-05
2.415999999999999925e+00,-5.282103425263001695e-05
2.418000000000000149e+00,3.150070393250978262e-05
2.419999999999999929e+00,-1.655655669330347024e-05
2.422000000000000153e+00,-2.179987153761928087e-05
2.423999999999999932e+00,5.825858368961600586e-05
2.426000000000000156e+00,-5.173830536075660347e-05
2.427999999999999936e+00,3.163764493768067565e-05
2.430000000000000160e+00,-1.651063674364475209e-05
2.431999999999999940e+00,-2.166772512049441879e-05
2.434000000000000163e+00,5.821346431112220388e-05
2.435999999999999943e+00,-5.169860810455562117e-05
2.438000000000000167e+00,3.164745868110621640e-05
2.439999999999999947e+00,-1.650570362256298385e-05
2.442000000000000171e+00,-2.165525084466338179e-05
2.443999999999999950e+00,5.822297835899811758e-05
2.446000000000000174e+00,-5.170494264335190326e-05
2.447999999999999954e+00,3.164570310300665601e-05
2.450000000000000178e+00,-1.650656444704412529e-05
2.451999999999999957e+00,-2.138036311374880150e-05
2.454000000000000181e+00,5.935012669888717340e-05
2.455999999999999961e+00,-5.277630485625572909e-05
2.458000000000000185e+00,3.150995718880986174e-05
2.459999999999999964e+00,-1.655216476725146491e-05
2.462000000000000188e+00,-2.179076817478489692e-05
2.463999999999999968e+00,5.825545317830055358e-05
2.466000000000000192e+00,-5.173555077984254291e-05
2.467999999999999972e+00,3.163832581680806055e-05
2.470000000000000195e+00,-1.651029370126552709e-05
2.471999999999999975e+00,-2.166419165112315470e-05
2.474000000000000199e+00,5.822606060374227455e-05
2.475999999999999979e+00,-5.170765500038879137e-05
2.478000000000000203e+00,3.164503064328680337e-05
2.479999999999999982e+00,-1.650690196776036234e-05
2.482000000000000206e+00,-2.166043501403494553e-05
2.483999999999999986e+00,5.821095325362832251e-05
2.486000000000000210e+00,-5.169639858510974295e-05
2.487999999999999989e+00,3.164800454075189506e-05
2.490000000000000213e+00,-1.650542824983836088e-05
2.491999999999999993e+00,-2.165757816294244797e-05
2.494000000000000217e+00,5.820996860027294328e-05
2.495999999999999996e+00,-5.169553213152031090e-05
2.498000000000000220e+00,3.164821885778129618e-05
2.500000000000000000e+00,-1.650532031360202323e-05
2.502000000000000224e+00,-2.137798476854399499e-05
2.504000000000000004e+00,5.934926016726640996e-05
2.506000000000000227e+00,-5.277547719107975044e-05
2.508000000000000007e+00,3.151012736309424800e-05
2.510000000000000231e+00,-1.655208310438402441e-05
2.512000000000000011e+00,-2.179059877639374920e-05
2.514000000000000234e+00,5.825539441999330603e-05
2.516000000000000014e+00,-5.173549920912262623e-05
2.518000000000000238e+00,3.163833731857634834e-05
2.520000000000000018e+00,-1.651028695366651977e-05
2.522000000000000242e+00,-2.166704348513862066e-05
2.524000000000000021e+00,5.821322859986613474e-05
2.526000000000000245e+00,-5.169840092549352062e-05
2.528000000000000025e+00,3.164750771809249352e-05
2.530000000000000249e+00,-1.650567726452917272e-05
2.532000000000000028e+00,-2.165519916630040398e-05
2.534000000000000252e+00,5.822295960354953448e-05
2.536000000000000032e+00,-5.170492639085255693e-05
2.538000000000000256e+00,3.164570485615636475e-05
2.540000000000000036e+00,-1.650656185187698854e-05
2.542000000000000259e+00,-2.138035780327798840e-05
2.544000000000000039e+00,5.935012427207148056e-05
2.546000000000000263e+00,-5.277630221346349404e-05
2.548000000000000043e+00,3.150995523526836650e-05
2.550000000000000266e+00,-1.655216410346993516e-05
2.552000000000000046e+00,-2.179076643416683057e-05
2.554000000000000270e+00,5.825545164218209893e-05
2.556000000000000050e+00,-5.173554966366247787e-05
2.558000000000000274e+00,3.163832381532921678e-05
2.560000000000000053e+00,-1.651029299098993874e-05
2.561999999999999833e+00,-2.166705506957342098e-05
2.564000000000000057e+00,5.821323219089291623e-05
2.565999999999999837e+00,-5.169840416972132369e-05
2.568000000000000060e+00,3.164750590270090647e-05
2.569999999999999840e+00,-1.650567741456540616e-05
2.572000000000000064e+00,-2.165519933311488288e-05
2.573999999999999844e+00,5.822295925824588769e-05
2.576000000000000068e+00,-5.170492619105057641e-05
2.577999999999999847e+00,3.164570392132082244e-05
2.580000000000000071e+00,-1.650656158816432573e-05
2.581999999999999851e+00,-2.138035713498964707e-05
2.584000000000000075e+00,5.935012380869214565e-05
2.585999999999999854e+00,-5.277630162129134939e-05
2.588000000000000078e+00,3.150995423654989747e-05
2.589999999999999858e+00,-1.655216386856062094e-05
2.592000000000000082e+00,-2.150964709203215253e-05
2.593999999999999861e+00,5.939679201774281103e-05
2.596000000000000085e+00,-5.282085870898442503e-05
2.597999999999999865e+00,3.150073528794539168e-05
2.600000000000000089e+00,-1.655653862291800449e-05
2.601999999999999869e+00,-2.151859625639310214e-05
2.604000000000000092e+00,5.940004408591659235e-05
2.605999999999999872e+00,-5.282396401086464355e-05
2.608000000000000096e+00,3.150009161568059768e-05
2.609999999999999876e+00,-1.655684398379000943e-05
2.612000000000000099e+00,-2.179758198696951643e-05
2.613999999999999879e+00,5.827164999406761470e-05
2.616000000000000103e+00,-5.174776593111149459e-05
2.617999999999999883e+00,3.163510971442712316e-05
2.620000000000000107e+00,-1.651188618625315518e-05
2.621999999999999886e+00,-2.139059417161082166e-05
2.624000000000000110e+00,5.935385008212085145e-05
2.625999999999999890e+00,-5.277985974423346494e-05
2.628000000000000114e+00,3.150921566712205912e-05
2.629999999999999893e+00,-1.655251376966176968e-05
2.632000000000000117e+00,-2.179149058982240983e-05
2.633999999999999897e+00,5.825569982854938988e-05
2.636000000000000121e+00,-5.173576826620132629e-05
2.637999999999999901e+00,3.163826770621186446e-05
2.640000000000000124e+00,-1.651031968936261807e-05
2.641999999999999904e+00,-2.166710678625644038e-05
2.644000000000000128e+00,5.821324918154832662e-05
2.645999999999999908e+00,-5.169841933917729282e-05
2.648000000000000131e+00,3.164750015160686103e-05
2.649999999999999911e+00,-1.650567881498338219e-05
2.652000000000000135e+00,-2.165806556913077441e-05
2.653999999999999915e+00,5.821013485206305571e-05
2.656000000000000139e+00,-5.169567884361764287e-05
2.657999999999999918e+00,3.164817851255413705e-05
2.660000000000000142e+00,-1.650533756916705563e-05
2.661999999999999922e+00,-2.165740091980561388e-05
2.664000000000000146e+00,5.820990579970958256e-05
2.665999999999999925e+00,-5.169547730746876235e-05
2.668000000000000149e+00,3.164822816992610144e-05
2.669999999999999929e+00,-1.650531243006791993e-05
2.672000000000000153e+00,-2.137796901661645488e-05
2.673999999999999932e+00,5.934925349074249290e-05
2.676000000000000156e+00,-5.277547020358930308e-05
2.677999999999999936e+00,3.151012408144845955e-05
2.680000000000000160e+00,-1.655208164337562682e-05
2.681999999999999940e+00,-2.150947865335595122e-05
2.684000000000000163e+00,5.939673031356978994e-05
2.685999999999999943e+00,-5.282079945474749127e-05
2.688000000000000167e+00,3.150074506171746114e-05
2.689999999999999947e+00,-1.655653239314783254e-05
2.692000000000000171e+00,-2.179982008214745304e-05
2.693999999999999950e+00,5.825856322541969612e-05
2.696000000000000174e+00,-5.173828804540953064e-05
2.697999999999999954e+00,3.163764244028602346e-05
2.700000000000000178e+00,-1.651063289039023108e-05
2.701999999999999957e+00,-2.166485139464338627e-05
2.704000000000000181e+00,5.822628571765242622e-05
2.705999999999999961e+00,-5.170785369115402097e-05
2.708000000000000185e+00,3.164497565837434689e-05
2.709999999999999964e+00,-1.650692525810570910e-05
2.712000000000000188e+00,-2.166047952139107946e-05
2.713999999999999968e+00,5.821096621427823692e-05
2.716000000000000192e+00,-5.169641058151014379e-05
2.717999999999999972e+00,3.164799579312427280e-05
2.720000000000000195e+00,-1.650542829272419465e-05
2.721999999999999975e+00,-2.165471363532386895e-05
2.724000000000000199e+00,5.822279027642776605e-05
2.725999999999999979e+00,-5.170477788043331691e-05
2.728000000000000203e+00,3.164573688516775229e-05
2.729999999999999982e+00,-1.650654217030117499e-05
2.732000000000000206e+00,-2.138031932218467657e-05
2.733999999999999986e+00,5.935010921669092721e-05
2.736000000000000210e+00,-5.277628715561963335e-05
2.737999999999999989e+00,3.150995307255391453e-05
2.740000000000000213e+00,-1.655216176928500649e-05
2.741999999999999993e+00,-2.179076082117065161e-05
2.744000000000000217e+00,5.825544776917254697e-05
2.745999999999999996e+00,-5.173554675022909444e-05
2.748000000000000220e+00,3.163831977254921712e-05
2.750000000000000000e+00,-1.651029143270171806e-05
2.752000000000000224e+00,-2.138754169336148925e-05
2.754000000000000004e+00,5.935273768437748787e-05
2.756000000000000227e+00,-5.277879702639612369e-05
2.758000000000000007e+00,3.150943233724834425e-05
2.760000000000000231e+00,-1.655240860793869007e-05
2.762000000000000011e+00,-2.151014695301461943e-05
2.764000000000000234e+00,5.939697273192601212e-05
2.766000000000000014e+00,-5.282103065629151217e-05
2.768000000000000238e+00,3.150069493823223765e-05
2.770000000000000018e+00,-1.655655476589038000e-05
2.772000000000000242e+00,-2.151862864265344233e-05
2.774000000000000021e+00,5.940005491723160391e-05
2.776000000000000245e+00,-5.282397374248293254e-05
2.778000000000000025e+00,3.150008487107919253e-05
2.780000000000000249e+00,-1.655684417491837257e-05
2.782000000000000028e+00,-2.180046574992017261e-05
2.784000000000000252e+00,5.825878431842124172e-05
2.786000000000000032e+00,-5.173848282683662925e-05
2.788000000000000256e+00,3.163759196703544441e-05
2.790000000000000036e+00,-1.651065656807851334e-05
2.792000000000000259e+00,-2.138824347326997999e-05
2.794000000000000039e+00,5.935299293433407564e-05
2.796000000000000263e+00,-5.277904061273125391e-05
2.798000000000000043e+00,3.150938073595566102e-05
2.800000000000000266e+00,-1.655243239535864053e-05
2.802000000000000046e+00,-2.151019544960677821e-05
2.804000000000000270e+00,5.939699013461294252e-05
2.806000000000000050e+00,-5.282104712548904568e-05
2.808000000000000274e+00,3.150069041999228880e-05
2.810000000000000053e+00,-1.655655621939089439e-05
2.812000000000000277e+00,-2.151863144000953909e-05
2.814000000000000057e+00,5.940005571439949117e-05
2.815999999999999837e+00,-5.282397435181149237e-05
2.818000000000000060e+00,3.150008364691606055e-05
2.819999999999999840e+00,-1.655684405452162444e-05
2.822000000000000064e+00,-2.151922006431161716e-05
2.823999999999999844e+00,5.940026956839997152e-05
2.826000000000000068e+00,-5.282417851821749610e-05
2.827999999999999847e+00,3.150004106363193945e-05
2.830000000000000071e+00,-1.655686408871814841e-05
2.831999999999999851e+00,-2.151926099884515775e-05
2.834000000000000075e+00,5.950149957443390258e-05
2.835999999999999854e+00,-5.296232965956715333e-05
2.838000000000000078e+00,3.151287608291891695e-05
2.839999999999999858e+00,-1.654721219838256596e-05
2.842000000000000082e+00,-2.178806281253123367e-05
2.843999999999999861e+00,5.825444952593447634e-05
2.846000000000000085e+00,-5.173466747103797059e-05
2.847999999999999865e+00,3.163853773863190000e-05
2.850000000000000089e+00,-1.651017982677582818e-05
2.851999999999999869e+00,-2.166683394544746677e-05
2.854000000000000092e+00,5.831515531340772385e-05
2.855999999999999872e+00,-5.183695594473264334e-05
2.858000000000000096e+00,3.166024434043956948e-05
2.859999999999999876e+00,-1.649607354029664075e-05
2.862000000000000099e+00,-2.136648171080501868e-05
2.863999999999999879e+00,5.934500837686748631e-05
2.866000000000000103e+00,-5.277141468433554916e-05
2.867999999999999883e+00,3.151096190736821234e-05
2.870000000000000107e+00,-1.655168035259377279e-05
2.871999999999999886e+00,-2.178976337059365664e-05
2.874000000000000110e+00,5.835707207691928633e-05
2.875999999999999890e+00,-5.187384255842669711e-05
2.878000000000000114e+00,3.165112421917720686e-05
2.879999999999999893e+00,-1.650065728890301453e-05
2.882000000000000117e+00,-2.165464072740111434e-05
2.883999999999999897e+00,5.820889077046836890e-05
2.886000000000000121e+00,-5.169458367003040844e-05
2.887999999999999901e+00,3.164844642982583833e-05
2.890000000000000124e+00,-1.650519840716915820e-05
2.891999999999999904e+00,-2.165426559813665719e-05
2.894000000000000128e+00,5.822263406719124790e-05
2.895999999999999908e+00,-5.170464085484799410e-05
2.898000000000000131e+00,3.164576656609560668e-05
2.899999999999999911e+00,-1.650652404716623778e-05
2.902000000000000135e+00,-2.138028390682653046e-05
2.903999999999999915e+00,5.935009540128377559e-05
2.906000000000000139e+00,-5.277627333715936842e-05
2.907999999999999918e+00,3.150995121879371363e-05
2.910000000000000142e+00,-1.655215964541101314e-05
2.911999999999999922e+00,-2.178787308585936056e-05
2.914000000000000146e+00,5.826830546056677163e-05
2.915999999999999925e+00,-5.174482370541924614e-05
2.918000000000000149e+00,3.163583058731975206e-05
2.919999999999999929e+00,-1.651151811795509294e-05
2.922000000000000153e+00,-2.138988560138055384e-05
2.923999999999999932e+00,5.935359049732275016e-05
2.926000000000000156e+00,-5.277961077753551278e-05
2.927999999999999936e+00,3.150925893339803774e-05
2.930000000000000160e+00,-1.655248791745250747e-05
2.931999999999999940e+00,-2.179143584804532630e-05
2.934000000000000163e+00,5.825567794084246520e-05
2.935999999999999943e+00,-5.173574977460418389e-05
2.938000000000000167e+00,3.163826475946138195e-05
2.939999999999999947e+00,-1.651031551404627540e-05
2.942000000000000171e+00,-2.138758732366310977e-05
2.943999999999999950e+00,5.935275325791647405e-05
2.946000000000000174e+00,-5.277881120922464642e-05
2.947999999999999954e+00,3.150942412611518195e-05
2.950000000000000178e+00,-1.655240914429784160e-05
2.951999999999999957e+00,-2.179127257631238712e-05
2.954000000000000181e+00,5.825562159254144001e-05
2.955999999999999961e+00,-5.173570023827428477e-05
2.958000000000000185e+00,3.163827650495831811e-05
2.959999999999999964e+00,-1.651030920300430860e-05
2.962000000000000188e+00,-2.138757517480133208e-05
2.963999999999999968e+00,5.935274872882756458e-05
2.966000000000000192e+00,-5.277880680172944428e-05
2.967999999999999972e+00,3.150942447554747061e-05
2.970000000000000195e+00,-1.655240862691656489e-05
2.971999999999999975e+00,-2.151014621958394213e-05
2.974000000000000199e+00,5.939697130845356110e-05
2.975999999999999979e+00,-5.282102852306735929e-05
2.978000000000000203e+00,3.150068953452003773e-05
2.979999999999999982e+00,-1.655655360801450149e-05
2.982000000000000206e+00,-2.179986290875082777e-05
2.983999999999999986e+00,5.825857498440931148e-05
2.986000000000000210e+00,-5.173829914417032994e-05
2.987999999999999989e+00,3.163763242529024633e-05
2.990000000000000213e+00,-1.651063245672323987e-05
2.991999999999999993e+00,-2.166771468867928485e-05
2.994000000000000217e+00,5.821345497369900812e-05
2.995999999999999996e+00,-5.169860133415193904e-05
2.998000000000000220e+00,3.164744630536689418e-05
3.000000000000000000e+00,-1.650569927983194796e-05
3.002000000000000224e+00,-2.165810412261062745e-05
3.004000000000000004e+00,5.821014454679071526e-05
3.006000000000000227e+00,-5.169568827229770180e-05
3.008000000000000007e+00,3.164816739172418569e-05
3.010000000000000231e+00,-1.650533656081046296e-05
3.012000000000000011e+00,-2.165453386147875303e-05
3.014000000000000234e+00,5.822272534361516705e-05
3.016000000000000014e+00,-5.170472147560459253e-05
3.018000000000000238e+00,3.164574359214647470e-05
3.020000000000000018e+00,-1.650653334136706341e-05
3.022000000000000242e+00,-2.165971503684249733e-05
3.024000000000000021e+00,5.821069970857184472e-05
3.026000000000000245e+00,-5.169617686275398971e-05
3.028000000000000025e+00,3.164804589333297669e-05
3.030000000000000249e+00,-1.650539727875155460e-05
3.032000000000000028e+00,-2.165465201285285413e-05
3.034000000000000252e+00,5.822276585509475466e-05
3.036000000000000032e+00,-5.170475717573147501e-05
3.038000000000000256e+00,3.164573423411823350e-05
3.040000000000000036e+00,-1.650653766693474522e-05
3.042000000000000259e+00,-2.138030956934725002e-05
3.044000000000000039e+00,5.935010397374596014e-05
3.046000000000000263e+00,-5.277628101264114635e-05
3.048000000000000043e+00,3.150994573304297108e-05
3.050000000000000266e+00,-1.655215977310747766e-05
3.052000000000000046e+00,-2.150963701746597123e-05
3.054000000000000270e+00,5.949800410133543327e-05
3.056000000000000050e+00,-5.295899014797628146e-05
3.058000000000000274e+00,3.151356189134979502e-05
3.060000000000000053e+00,-1.654688278292237857e-05
3.062000000000000277e+00,-2.178737933762955881e-05
3.064000000000000057e+00,5.825421224526367014e-05
3.066000000000000281e+00,-5.173445924884501057e-05
3.068000000000000060e+00,3.163858374662445461e-05
3.070000000000000284e+00,-1.651015252959048274e-05
3.072000000000000064e+00,-2.138727393955278111e-05
3.073999999999999844e+00,5.935263845558910734e-05
3.076000000000000068e+00,-5.277870110730054076e-05
3.077999999999999847e+00,3.150944331864122261e-05
3.080000000000000071e+00,-1.655239772820060740e-05
3.081999999999999851e+00,-2.179124839419080417e-05
3.084000000000000075e+00,5.825561193251865832e-05
3.085999999999999854e+00,-5.173569208588232882e-05
3.088000000000000078e+00,3.163827527835616493e-05
3.089999999999999858e+00,-1.651030738335917958e-05
3.092000000000000082e+00,-2.138757120322132277e-05
3.093999999999999861e+00,5.935274656865274778e-05
3.096000000000000085e+00,-5.277880427244710515e-05
3.097999999999999865e+00,3.150942139547655008e-05
3.100000000000000089e+00,-1.655240778266134360e-05
3.101999999999999869e+00,-2.179126917215348791e-05
3.104000000000000092e+00,5.825561889018227024e-05
3.105999999999999872e+00,-5.173569825617924112e-05
3.108000000000000096e+00,3.163827324692905507e-05
3.109999999999999876e+00,-1.651030802765282579e-05
3.112000000000000099e+00,-2.166708233179021059e-05
3.113999999999999879e+00,5.821323593843338862e-05
3.116000000000000103e+00,-5.169840890310514747e-05
3.117999999999999883e+00,3.164749093461163842e-05
3.120000000000000107e+00,-1.650567455336454659e-05
3.121999999999999886e+00,-2.137866358301043768e-05
3.124000000000000110e+00,5.934950385076340207e-05
3.125999999999999890e+00,-5.277570766440767280e-05
3.128000000000000114e+00,3.151006238147346927e-05
3.129999999999999893e+00,-1.655210299168416443e-05
3.132000000000000117e+00,-2.150952061049857256e-05
3.133999999999999897e+00,5.939674307664857822e-05
3.136000000000000121e+00,-5.282081002382782442e-05
3.137999999999999901e+00,3.150073036829736939e-05
3.140000000000000124e+00,-1.655653140379340083e-05
3.141999999999999904e+00,-2.151857949507160472e-05
3.144000000000000128e+00,5.940003502824184323e-05
3.145999999999999908e+00,-5.282395341163481639e-05
3.148000000000000131e+00,3.150007881609281912e-05
3.149999999999999911e+00,-1.655684051269507018e-05
3.152000000000000135e+00,-2.151921158353997665e-05
3.153999999999999915e+00,5.940026465389020016e-05
3.156000000000000139e+00,-5.282417264206723528e-05
3.157999999999999918e+00,3.150003312404545119e-05
3.160000000000000142e+00,-1.655686204438816533e-05
3.161999999999999922e+00,-2.151925554481903813e-05
3.164000000000000146e+00,5.940028059129090487e-05
3.165999999999999925e+00,-5.282418782821471370e-05
3.168000000000000149e+00,3.150002969260976005e-05
3.169999999999999929e+00,-1.655686347157986349e-05
3.172000000000000153e+00,-2.180050419003237705e-05
3.173999999999999932e+00,5.825879354292087808e-05
3.176000000000000156e+00,-5.173849194830756892e-05
3.177999999999999936e+00,3.163757993221091858e-05
3.180000000000000160e+00,-1.651065525125339217e-05
3.181999999999999940e+00,-2.166489317772385403e-05
3.184000000000000163e+00,5.822629523722852585e-05
3.185999999999999943e+00,-5.170786328333870641e-05
3.188000000000000167e+00,3.164496124558741075e-05
3.189999999999999947e+00,-1.650692345506188374e-05
3.192000000000000171e+00,-2.138105064060022431e-05
3.193999999999999950e+00,5.935037290592803938e-05
3.196000000000000174e+00,-5.277653728581049863e-05
3.197999999999999954e+00,3.150988845467342370e-05
3.200000000000000178e+00,-1.655218431371313637e-05
3.201999999999999957e+00,-2.179080569462282790e-05
3.204000000000000181e+00,5.825545849412125388e-05
3.205999999999999961e+00,-5.173555736670207295e-05
3.208000000000000185e+00,3.163830561490887927e-05
3.209999999999999964e+00,-1.651028988043645729e-05
3.212000000000000188e+00,-2.138753711537419444e-05
3.213999999999999968e+00,5.935273350345798837e-05
3.216000000000000192e+00,-5.277879137561766743e-05
3.217999999999999972e+00,3.150942074993737241e-05
3.220000000000000195e+00,-1.655240598604293401e-05
3.221999999999999975e+00,-2.179126493304789358e-05
3.224000000000000199e+00,5.835758440873167752e-05
3.225999999999999979e+00,-5.187429440350194154e-05
3.228000000000000203e+00,3.165100360011038894e-05
3.229999999999999982e+00,-1.650071131619954001e-05
3.232000000000000206e+00,-2.137539730091841950e-05
3.233999999999999986e+00,5.934825178425737202e-05
3.236000000000000210e+00,-5.277451051648521241e-05
3.237999999999999989e+00,3.151030997381940035e-05
3.240000000000000213e+00,-1.655198328862073076e-05
3.241999999999999993e+00,-2.150927593304319263e-05
3.244000000000000217e+00,5.939665356247819661e-05
3.245999999999999996e+00,-5.282072415761090989e-05
3.248000000000000220e+00,3.150074512336606403e-05
3.250000000000000000e+00,-1.655652246850686238e-05
3.252000000000000224e+00,-2.179979727595302008e-05
3.254000000000000004e+00,5.825854964111587542e-05
3.256000000000000227e+00,-5.173827754714060978e-05
3.258000000000000007e+00,3.163763101287145330e-05
3.260000000000000231e+00,-1.651062807800710019e-05
3.262000000000000011e+00,-2.166483992944653880e-05
3.264000000000000234e+00,5.822627606015540191e-05
3.266000000000000014e+00,-5.170784662774513540e-05
3.268000000000000238e+00,3.164496337215369492e-05
3.270000000000000018e+00,-1.650692087643013117e-05
3.272000000000000242e+00,-2.138104540359841987e-05
3.274000000000000021e+00,5.935037056115088916e-05
3.276000000000000245e+00,-5.277653475522017801e-05
3.278000000000000025e+00,3.150988677097510404e-05
3.280000000000000249e+00,-1.655218370602215550e-05
3.282000000000000028e+00,-2.150968511291026508e-05
3.284000000000000252e+00,5.939680203375860557e-05
3.286000000000000032e+00,-5.282086577316352782e-05
3.288000000000000256e+00,3.150071465805176496e-05
3.290000000000000036e+00,-1.655653621808819698e-05
3.292000000000000259e+00,-2.151858877353154953e-05
3.294000000000000039e+00,5.940003759159762087e-05
3.296000000000000263e+00,-5.282395530885330981e-05
3.298000000000000043e+00,3.150007427124221215e-05
3.300000000000000266e+00,-1.655684003857432751e-05
3.302000000000000046e+00,-2.180045508036118629e-05
3.304000000000000270e+00,6.004875999048725488e-05
3.306000000000000050e+00,-5.754194514835317409e-05
3.308000000000000274e+00,3.305626418500726138e-05
3.310000000000000053e+00,-1.557234950650202010e-05
3.312000000000000277e+00,-2.023715100318151938e-05
3.314000000000000057e+00,5.771714315562503916e-05
3.316000000000000281e+00,-5.126180201912855505e-05
3.318000000000000060e+00,3.175574387540361365e-05
3.320000000000000284e+00,-1.645123985763094487e-05
3.322000000000000064e+00,-2.154920105660110274e-05
3.324000000000000288e+00,5.818640566845542650e-05
3.326000000000000068e+00,-5.167276218999775073e-05
3.328000000000000291e+00,3.165365052174712313e-05
3.330000000000000071e+00,-1.650255229023941950e-05
3.331999999999999851e+00,-2.165195999252744752e-05
3.334000000000000075e+00,5.820802531346716546e-05
3.335999999999999854e+00,-5.169382425768143108e-05
3.338000000000000078e+00,3.164862067190146733e-05
3.339999999999999858e+00,-1.650510246288192095e-05
3.342000000000000082e+00,-2.137756306703347819e-05
3.343999999999999861e+00,5.934910201695411947e-05
3.346000000000000085e+00,-5.277532313721980395e-05
3.347999999999999865e+00,3.151013594285961839e-05
3.350000000000000089e+00,-1.655206416377452694e-05
3.351999999999999869e+00,-2.150944041584904043e-05
3.354000000000000092e+00,5.939671272588153972e-05
3.355999999999999872e+00,-5.282078023097908082e-05
3.358000000000000096e+00,3.150073040969481042e-05
3.359999999999999876e+00,-1.655652748592389978e-05
3.362000000000000099e+00,-2.179980723461538705e-05
3.363999999999999879e+00,5.825855193958978662e-05
3.366000000000000103e+00,-5.173827984523982071e-05
3.367999999999999883e+00,3.163762765906463770e-05
3.370000000000000107e+00,-1.651062768627184485e-05
3.371999999999999886e+00,-2.138818591651200918e-05
3.374000000000000110e+00,5.945422560154137170e-05
3.375999999999999890e+00,-5.291717915100260794e-05
3.378000000000000114e+00,3.152220263872435035e-05
3.379999999999999893e+00,-1.654277698961287291e-05
3.382000000000000117e+00,-2.149790578625035420e-05
3.383999999999999897e+00,5.949367291806922919e-05
3.386000000000000121e+00,-5.295485073027531020e-05
3.387999999999999901e+00,3.151441322828824054e-05
3.390000000000000124e+00,-1.654647260866323744e-05
3.391999999999999904e+00,-2.150546696623109599e-05
3.394000000000000128e+00,5.939519852077301820e-05
3.395999999999999908e+00,-5.281933294151719416e-05
3.398000000000000131e+00,3.150103203229323579e-05
3.399999999999999911e+00,-1.655638337967613172e-05
3.402000000000000135e+00,-2.151827636830486168e-05
3.403999999999999915e+00,5.939992343007016729e-05
3.406000000000000139e+00,-5.282384588945615578e-05
3.407999999999999918e+00,3.150009385783844595e-05
3.410000000000000142e+00,-1.655682877926487051e-05
3.411999999999999922e+00,-2.151918660494439584e-05
3.414000000000000146e+00,5.940025416766719912e-05
3.415999999999999925e+00,-5.282416169016812546e-05
3.418000000000000149e+00,3.150002816869335032e-05
3.419999999999999929e+00,-1.655685978652066126e-05
3.422000000000000153e+00,-2.151924998596704830e-05
3.423999999999999932e+00,5.940027714302145712e-05
3.426000000000000156e+00,-5.282418357888812865e-05
3.427999999999999936e+00,3.150002333497312068e-05
3.430000000000000160e+00,-1.655686189068125702e-05
3.431999999999999940e+00,-2.180049986701126929e-05
3.434000000000000163e+00,5.825878938299153265e-05
3.435999999999999943e+00,-5.173848896241131645e-05
3.438000000000000167e+00,3.163757413838022559e-05
3.439999999999999947e+00,-1.651065325655731719e-05
3.442000000000000171e+00,-2.166488829061924415e-05
3.443999999999999950e+00,5.822629089932002122e-05
3.446000000000000174e+00,-5.170786014516148832e-05
3.447999999999999954e+00,3.164495548748855192e-05
3.450000000000000178e+00,-1.650692142620910352e-05
3.451999999999999957e+00,-2.166046929022447110e-05
3.454000000000000181e+00,5.821095510191373612e-05
3.455999999999999961e+00,-5.169640272171746598e-05
3.458000000000000185e+00,3.164797917817527284e-05
3.459999999999999964e+00,-1.650542268416543834e-05
3.462000000000000188e+00,-2.165756370016425070e-05
3.463999999999999968e+00,5.820995367928141762e-05
3.466000000000000192e+00,-5.169552150904865861e-05
3.467999999999999972e+00,3.164819715505834408e-05
3.470000000000000195e+00,-1.650531290879261870e-05
3.471999999999999975e+00,-2.165734985593720241e-05
3.474000000000000199e+00,5.820987992317255832e-05
3.475999999999999979e+00,-5.169545662789959417e-05
3.478000000000000203e+00,3.164821296052638955e-05
3.479999999999999982e+00,-1.650530477044151456e-05
3.482000000000000206e+00,-2.137795151509191971e-05
3.483999999999999986e+00,5.934924264901220159e-05
3.486000000000000210e+00,-5.277545692638010988e-05
3.487999999999999989e+00,3.151010432125150862e-05
3.490000000000000213e+00,-1.655207668086952633e-05
3.491999999999999993e+00,-2.150946553430843622e-05
3.494000000000000217e+00,5.939672109026711277e-05
3.495999999999999996e+00,-5.282078772463061345e-05
3.498000000000000220e+00,3.150072497342185085e-05
3.500000000000000000e+00,-1.655652759350798031e-05
3.502000000000000224e+00,-2.179980688277877166e-05
3.504000000000000004e+00,5.825855039228236554e-05
3.506000000000000227e+00,-5.173827884432519175e-05
3.508000000000000007e+00,3.163762440835937717e-05
3.510000000000000231e+00,-1.651062668201960792e-05
3.512000000000000011e+00,-2.138818351916926819e-05
3.514000000000000234e+00,5.935296715157273306e-05
3.516000000000000014e+00,-5.277901338725937697e-05
3.518000000000000238e+00,3.150936635992751533e-05
3.520000000000000018e+00,-1.655242647011570534e-05
3.522000000000000242e+00,-2.179130619354638365e-05
3.524000000000000021e+00,5.825562730725833416e-05
3.526000000000000245e+00,-5.173570674835495375e-05
3.528000000000000025e+00,3.163826060080532354e-05
3.530000000000000249e+00,-1.651030644242434953e-05
3.532000000000000028e+00,-2.138756789517998191e-05
3.534000000000000252e+00,5.935274295132755840e-05
3.536000000000000032e+00,-5.277879923109088378e-05
3.538000000000000256e+00,3.150941021257819274e-05
3.540000000000000036e+00,-1.655240531951707172e-05
3.542000000000000259e+00,-2.151013733005247008e-05
3.544000000000000039e+00,5.939696494978302654e-05
3.546000000000000263e+00,-5.282102039039227037e-05
3.548000000000000043e+00,3.150067538862377781e-05
3.550000000000000266e+00,-1.655655026128882712e-05
3.552000000000000046e+00,-2.179985364241660006e-05
3.554000000000000270e+00,5.825856595143355521e-05
3.556000000000000050e+00,-5.173829266181054209e-05
3.558000000000000274e+00,3.163761971013839824e-05
3.560000000000000053e+00,-1.651062807906181207e-05
3.562000000000000277e+00,-2.138818604494399644e-05
3.564000000000000057e+00,5.935296779502677311e-05
3.566000000000000281e+00,-5.277901382544011866e-05
3.568000000000000060e+00,3.150936490671496504e-05
3.570000000000000284e+00,-1.655242630367939616e-05
3.572000000000000064e+00,-2.151018012520877765e-05
3.574000000000000288e+00,5.939698033219018014e-05
3.576000000000000068e+00,-5.282103498172735501e-05
3.578000000000000291e+00,3.150067153237165463e-05
3.580000000000000071e+00,-1.655655154773200133e-05
3.582000000000000295e+00,-2.179985621881055935e-05
3.584000000000000075e+00,5.825856654330385798e-05
3.585999999999999854e+00,-5.173829326147669216e-05
3.588000000000000078e+00,3.163761882304591544e-05
3.589999999999999858e+00,-1.651062796216573592e-05
3.592000000000000082e+00,-2.166770369701684351e-05
3.593999999999999861e+00,5.821344504200118286e-05
3.596000000000000085e+00,-5.169859414204738823e-05
3.597999999999999865e+00,3.164743303040243316e-05
3.600000000000000089e+00,-1.650569461638523583e-05
3.601999999999999869e+00,-2.165522896259777785e-05
3.604000000000000092e+00,5.822295898197382691e-05
3.605999999999999872e+00,-5.170492858636022149e-05
3.608000000000000096e+00,3.164567748644223077e-05
3.609999999999999876e+00,-1.650655542910495210e-05
3.612000000000000099e+00,-2.165975584765555961e-05
3.613999999999999879e+00,5.821070771774503050e-05
3.616000000000000103e+00,-5.169618544050014197e-05
3.617999999999999883e+00,3.164802896771234941e-05
3.620000000000000107e+00,-1.650539462574873717e-05
3.621999999999999886e+00,-2.137812378144934855e-05
3.624000000000000110e+00,5.934930459719142681e-05
3.625999999999999890e+00,-5.277551557518814218e-05
3.628000000000000114e+00,3.151008829877996464e-05
3.629999999999999893e+00,-1.655208183664116928e-05
3.632000000000000117e+00,-2.150947553399701340e-05
3.633999999999999897e+00,5.939672394351946938e-05
3.636000000000000121e+00,-5.282078994654770820e-05
3.637999999999999901e+00,3.150072064763212443e-05
3.640000000000000124e+00,-1.655652718525815748e-05
3.641999999999999904e+00,-2.151856900780776960e-05
3.644000000000000128e+00,5.940002846181735574e-05
3.645999999999999908e+00,-5.282394533941484061e-05
3.648000000000000131e+00,3.150006660592938323e-05
3.649999999999999911e+00,-1.655683746780781118e-05
3.652000000000000135e+00,-2.151920350877342680e-05
3.653999999999999915e+00,5.940025898782883007e-05
3.656000000000000139e+00,-5.282416541403309185e-05
3.657999999999999918e+00,3.150002073049398832e-05
3.660000000000000142e+00,-1.655685907907961107e-05
3.661999999999999922e+00,-2.179760904862451665e-05
3.664000000000000146e+00,5.827164862393444111e-05
3.665999999999999925e+00,-5.174776740474174019e-05
3.668000000000000149e+00,3.163508300379688776e-05
3.669999999999999929e+00,-1.651187979261406480e-05
3.672000000000000153e+00,-2.139057826778395510e-05
3.673999999999999932e+00,5.935383851561268354e-05
3.676000000000000156e+00,-5.277984490570722387e-05
3.677999999999999936e+00,3.150918958758075483e-05
3.680000000000000160e+00,-1.655250759064613719e-05
3.681999999999999940e+00,-2.151034592703243709e-05
3.684000000000000163e+00,5.939703997909911992e-05
3.685999999999999943e+00,-5.282109153256428491e-05
3.688000000000000167e+00,3.150065676656155222e-05
3.689999999999999947e+00,-1.655655663084301676e-05
3.692000000000000171e+00,-2.179986627827076862e-05
3.693999999999999950e+00,5.825856885658189932e-05
3.696000000000000174e+00,-5.173829558655085314e-05
3.697999999999999954e+00,3.163761549214091917e-05
3.700000000000000178e+00,-1.651062756697838085e-05
3.701999999999999957e+00,-2.138818457925878436e-05
3.704000000000000181e+00,5.935296649607624264e-05
3.705999999999999961e+00,-5.277901208151219992e-05
3.708000000000000185e+00,3.150936137583798535e-05
3.709999999999999964e+00,-1.655242549998547918e-05
3.712000000000000188e+00,-2.151017796466619947e-05
3.713999999999999968e+00,5.939697876925983944e-05
3.716000000000000192e+00,-5.282103299231177829e-05
3.717999999999999972e+00,3.150066806920787110e-05
3.720000000000000195e+00,-1.655655072065054245e-05
3.721999999999999975e+00,-2.151861685824318915e-05
3.724000000000000199e+00,5.940004540339050010e-05
3.725999999999999979e+00,-5.282396121888272011e-05
3.728000000000000203e+00,3.150006109424799416e-05
3.729999999999999982e+00,-1.655683866995383280e-05
3.732000000000000206e+00,-2.151920568336726514e-05
3.733999999999999986e+00,5.940025934257284201e-05
3.736000000000000210e+00,-5.282416547560883635e-05
3.737999999999999989e+00,3.150001851049202828e-05
3.740000000000000213e+00,-1.655685872026940730e-05
3.741999999999999993e+00,-2.151924662920079445e-05
3.744000000000000217e+00,5.950148941506402944e-05
3.745999999999999996e+00,-5.296231673488152603e-05
3.748000000000000220e+00,3.151285353456684257e-05
3.750000000000000000e+00,-1.654720679986759757e-05
3.752000000000000224e+00,-2.150696654611150560e-05
3.754000000000000004e+00,5.939574149908116718e-05
3.756000000000000227e+00,-5.281985012010187441e-05
3.758000000000000007e+00,3.150091490490211643e-05
3.760000000000000231e+00,-1.655643262031547547e-05
3.762000000000000011e+00,-2.179960965976307508e-05
3.764000000000000234e+00,5.825847991038080043e-05
3.766000000000000014e+00,-5.173821748721482705e-05
3.768000000000000238e+00,3.163763307864955743e-05
3.770000000000000018e+00,-1.651061741366616209e-05
3.772000000000000242e+00,-2.166768247488862209e-05
3.774000000000000021e+00,5.821343590027561188e-05
3.776000000000000245e+00,-5.169858656129192043e-05
3.778000000000000025e+00,3.164743041369350030e-05
3.780000000000000249e+00,-1.650569256016545805e-05
3.782000000000000028e+00,-2.165808811361094599e-05
3.784000000000000252e+00,5.821013104748834488e-05
3.786000000000000032e+00,-5.169567840506567036e-05
3.788000000000000256e+00,3.164815028353779036e-05
3.790000000000000036e+00,-1.650533044864760379e-05
3.792000000000000259e+00,-2.137799979920820825e-05
3.794000000000000039e+00,5.934925853263300910e-05
3.796000000000000263e+00,-5.277547097273099785e-05
3.798000000000000043e+00,3.151009282295266778e-05
3.800000000000000266e+00,-1.655207669811267768e-05
3.802000000000000046e+00,-2.179058032129171929e-05
3.804000000000000270e+00,5.825537486369575246e-05
3.806000000000000050e+00,-5.173548532497185271e-05
3.808000000000000274e+00,3.163830840090253727e-05
3.810000000000000053e+00,-1.651027714964434234e-05
3.812000000000000277e+00,-2.138751059166041357e-05
3.814000000000000057e+00,5.935272054118437279e-05
3.816000000000000281e+00,-5.277877682890314004e-05
3.818000000000000060e+00,3.150940709423927233e-05
3.820000000000000284e+00,-1.655240185861189817e-05
3.822000000000000064e+00,-2.179125397183331869e-05
3.824000000000000288e+00,5.825560628136203234e-05
3.826000000000000068e+00,-5.173568901554667643e-05
3.828000000000000291e+00,3.163825748543971916e-05
3.830000000000000071e+00,-1.651030237169448522e-05
3.832000000000000295e+00,-2.138755901840566631e-05
3.834000000000000075e+00,5.935273805700996830e-05
3.836000000000000298e+00,-5.277879347139607935e-05
3.838000000000000078e+00,3.150940309017483121e-05
3.839999999999999858e+00,-1.655240340989530545e-05
3.842000000000000082e+00,-2.179125711238363849e-05
3.843999999999999861e+00,5.825560716327463084e-05
3.846000000000000085e+00,-5.173568983371165664e-05
3.847999999999999865e+00,3.163825677365839084e-05
3.850000000000000089e+00,-1.651030236468273293e-05
3.851999999999999869e+00,-2.138755889125737442e-05
3.854000000000000092e+00,5.935273790841008590e-05
3.855999999999999872e+00,-5.277879325321643833e-05
3.858000000000000096e+00,3.150940257558992874e-05
3.859999999999999876e+00,-1.655240329499069185e-05
3.862000000000000099e+00,-2.151013201472790071e-05
3.863999999999999879e+00,5.939696126093518824e-05
3.866000000000000103e+00,-5.282101571659272854e-05
3.867999999999999883e+00,3.150066749215904571e-05
3.870000000000000107e+00,-1.655654835954270543e-05
3.871999999999999886e+00,-2.179984844649651698e-05
3.874000000000000110e+00,5.825856088153419376e-05
3.875999999999999890e+00,-5.173828903364680043e-05
3.878000000000000114e+00,3.163761261827657822e-05
3.879999999999999893e+00,-1.651062563839261754e-05
3.882000000000000117e+00,-2.166769805154664108e-05
3.883999999999999897e+00,5.821344014061285987e-05
3.886000000000000121e+00,-5.169859057716982842e-05
3.887999999999999901e+00,3.164742665037745262e-05
3.890000000000000124e+00,-1.650569234500770532e-05
3.891999999999999904e+00,-2.165808735051302780e-05
3.894000000000000128e+00,5.821012964812508073e-05
3.895999999999999908e+00,-5.169567746545616904e-05
3.898000000000000131e+00,3.164814776257171558e-05
3.899999999999999911e+00,-1.650532962216635924e-05
3.902000000000000135e+00,-2.165738083818521953e-05
3.903999999999999915e+00,5.820988618713412999e-05
3.906000000000000139e+00,-5.169546325231241801e-05
3.907999999999999918e+00,3.164820055608086324e-05
3.910000000000000142e+00,-1.650530290269597300e-05
3.911999999999999922e+00,-2.165732872639811180e-05
3.914000000000000146e+00,5.820986814890696803e-05
3.915999999999999925e+00,-5.169544739978826353e-05
3.918000000000000149e+00,3.164820422502101493e-05
3.919999999999999929e+00,-1.650530087967533310e-05
3.922000000000000153e+00,-2.137794249354105225e-05
3.923999999999999932e+00,5.934923695513280584e-05
3.926000000000000156e+00,-5.277544989952184795e-05
3.927999999999999936e+00,3.151009358066253485e-05
3.930000000000000160e+00,-1.655207404713948671e-05
3.931999999999999940e+00,-2.179057428657732443e-05
3.934000000000000163e+00,5.825537145456513577e-05
3.935999999999999943e+00,-5.173548266061006595e-05
3.938000000000000167e+00,3.163830579639911877e-05
3.939999999999999947e+00,-1.651027599446075467e-05
3.942000000000000171e+00,-2.166701685165500768e-05
3.943999999999999950e+00,5.831520716820248751e-05
3.946000000000000174e+00,-5.183700446377212390e-05
3.947999999999999954e+00,3.166020502897923250e-05
3.950000000000000178e+00,-1.649607274082851016e-05
3.951999999999999957e+00,-2.136647637051083959e-05
3.954000000000000181e+00,5.934500043082435727e-05
3.955999999999999961e+00,-5.277140314220371553e-05
3.958000000000000185e+00,3.151093401541210648e-05
3.959999999999999964e+00,-1.655167432875956357e-05
3.962000000000000188e+00,-2.150864146634179352e-05
3.963999999999999968e+00,5.939641901600567486e-05
3.966000000000000192e+00,-5.282049758111029281e-05
3.967999999999999972e+00,3.150077205242227119e-05
3.970000000000000195e+00,-1.655649694718916431e-05
3.971999999999999975e+00,-2.151850595317680859e-05
3.974000000000000199e+00,5.940000373132539591e-05
3.975999999999999979e+00,-5.282392052818538075e-05
3.978000000000000203e+00,3.150006259367010841e-05
3.979999999999999982e+00,-1.655683355489961928e-05
3.982000000000000206e+00,-2.151919426437651217e-05
3.983999999999999986e+00,5.940025380868352300e-05
3.986000000000000210e+00,-5.282415928763162238e-05
3.987999999999999989e+00,3.150001285345122026e-05
3.990000000000000213e+00,-1.655685699019499024e-05
3.991999999999999993e+00,-2.151924216865427897e-05
3.994000000000000217e+00,5.940027115945711866e-05
3.995999999999999996e+00,-5.282417581927920103e-05
3.998000000000000220e+00,3.150000914690573306e-05
4.000000000000000000e+00,-1.655685856640290443e-05
4.001999999999999780e+00,-2.151924536020199952e-05
4.004000000000000448e+00,5.940027227595637282e-05
4.006000000000000227e+00,-5.282417684125337298e-05
4.008000000000000007e+00,3.150000865298832609e-05
4.009999999999999787e+00,-1.655685862039790734e-05
4.012000000000000455e+00,-2.151924544431180197e-05
4.014000000000000234e+00,5.950148752704997879e-05
4.016000000000000014e+00,-5.296231395322814617e-05
4.017999999999999794e+00,3.151284662707143358e-05
4.020000000000000462e+00,-1.654720532036357827e-05
4.022000000000000242e+00,-2.150696249956021711e-05
4.024000000000000021e+00,5.939573854234908579e-05
4.025999999999999801e+00,-5.281984632990455175e-05
4.028000000000000469e+00,3.150090818976325480e-05
4.030000000000000249e+00,-1.655643103287349205e-05
4.032000000000000028e+00,-2.151837150655977471e-05
4.033999999999999808e+00,5.939995454250918128e-05
4.036000000000000476e+00,-5.282387333835694698e-05
4.038000000000000256e+00,3.150007071220720101e-05
4.040000000000000036e+00,-1.655682864382806985e-05
4.041999999999999815e+00,-2.151918401032890116e-05
4.044000000000000483e+00,5.940024976831131953e-05
4.046000000000000263e+00,-5.282415521759911692e-05
4.048000000000000043e+00,3.150001203724300813e-05
4.049999999999999822e+00,-1.655685631249750878e-05
4.052000000000000490e+00,-2.180048584022459268e-05
4.054000000000000270e+00,5.825877822443828458e-05
4.056000000000000050e+00,-5.173848074022449617e-05
4.057999999999999829e+00,3.163756063273570618e-05
4.060000000000000497e+00,-1.651064834819193639e-05
4.062000000000000277e+00,-2.138822330801509741e-05
4.064000000000000057e+00,5.935297860985150331e-05
4.065999999999999837e+00,-5.277902235366338513e-05
4.068000000000000504e+00,3.150934928061038809e-05
4.070000000000000284e+00,-1.655242490201588867e-05
4.072000000000000064e+00,-2.151017539711932991e-05
4.073999999999999844e+00,5.939697586904851834e-05
4.076000000000000512e+00,-5.282102890995926670e-05
4.078000000000000291e+00,3.150065893826881069e-05
4.080000000000000071e+00,-1.655654871281220242e-05
4.081999999999999851e+00,-2.151861141077432427e-05
4.084000000000000519e+00,6.112552605270701878e-05
4.086000000000000298e+00,-5.858810360769364789e-05
4.088000000000000078e+00,3.292782584008238644e-05
4.089999999999999858e+00,-1.561356427924251444e-05
4.092000000000000526e+00,-2.009788167245396551e-05
4.094000000000000306e+00,5.887929296230498544e-05
4.096000000000000085e+00,-5.232662503832502532e-05
4.097999999999999865e+00,3.160327788275310579e-05
4.099999999999999645e+00,-1.650782079514259704e-05
4.102000000000000313e+00,-2.141899926894758055e-05
4.104000000000000092e+00,5.936384159899860125e-05
4.105999999999999872e+00,-5.278938946466638082e-05
4.107999999999999652e+00,3.150721346695251057e-05
4.110000000000000320e+00,-1.655343685226864925e-05
4.112000000000000099e+00,-2.179340017585337796e-05
4.113999999999999879e+00,5.835830893078514103e-05
4.115999999999999659e+00,-5.187493442830939938e-05
4.118000000000000327e+00,3.165082285596504397e-05
4.120000000000000107e+00,-1.650078538177265908e-05
4.121999999999999886e+00,-2.137553658915561372e-05
4.123999999999999666e+00,5.934829758838869318e-05
4.126000000000000334e+00,-5.277455104423650623e-05
4.128000000000000114e+00,3.151027686277077522e-05
4.129999999999999893e+00,-1.655198327250514967e-05
4.131999999999999673e+00,-2.150927260815421738e-05
4.134000000000000341e+00,5.939664744548586728e-05
4.136000000000000121e+00,-5.282071509138744347e-05
4.137999999999999901e+00,3.150072227897302013e-05
4.139999999999999680e+00,-1.655651757886955622e-05
4.142000000000000348e+00,-2.151854750614273781e-05
4.144000000000000128e+00,5.940001790108798141e-05
4.145999999999999908e+00,-5.282393344083202713e-05
4.147999999999999687e+00,3.150005519758289352e-05
4.150000000000000355e+00,-1.655683405875699177e-05
4.152000000000000135e+00,-2.151919467577659284e-05
4.153999999999999915e+00,5.940025302180254596e-05
4.155999999999999694e+00,-5.282415792628308848e-05
4.158000000000000362e+00,3.150000841196237689e-05
4.160000000000000142e+00,-1.655685608367360451e-05
4.161999999999999922e+00,-2.180048492441202801e-05
4.163999999999999702e+00,5.825877676755158996e-05
4.166000000000000369e+00,-5.173847974742490363e-05
4.168000000000000149e+00,3.163755812842297677e-05
4.169999999999999929e+00,-1.651064753812117591e-05
4.171999999999999709e+00,-2.166773966786814110e-05
4.174000000000000377e+00,5.821345150106363442e-05
4.176000000000000156e+00,-5.169860132530484931e-05
4.177999999999999936e+00,3.164741673043758308e-05
4.179999999999999716e+00,-1.650569187351680345e-05
4.182000000000000384e+00,-2.165808534127650065e-05
4.184000000000000163e+00,5.831213075026611681e-05
4.185999999999999943e+00,-5.183429739201786401e-05
4.187999999999999723e+00,3.166086946824325787e-05
4.190000000000000391e+00,-1.649573419069266800e-05
4.192000000000000171e+00,-2.164504511188714009e-05
4.193999999999999950e+00,5.820557216407173939e-05
4.195999999999999730e+00,-5.169166677126621479e-05
4.198000000000000398e+00,3.164913588478424078e-05
4.200000000000000178e+00,-1.650482707573827645e-05
4.201999999999999957e+00,-2.165640117156308886e-05
4.203999999999999737e+00,5.820954567221578446e-05
4.206000000000000405e+00,-5.169516436863766384e-05
4.208000000000000185e+00,3.164826704388917777e-05
4.209999999999999964e+00,-1.650526382521860791e-05
4.211999999999999744e+00,-2.165725148191993688e-05
4.214000000000000412e+00,5.831184344923592833e-05
4.216000000000000192e+00,-5.183404459904034089e-05
4.217999999999999972e+00,3.166093132324007686e-05
4.219999999999999751e+00,-1.649570252012372285e-05
4.222000000000000419e+00,-2.136576380954574583e-05
4.224000000000000199e+00,5.934473955550301216e-05
4.225999999999999979e+00,-5.277115307233265495e-05
4.227999999999999758e+00,3.151097835216512544e-05
4.230000000000000426e+00,-1.655164849163892615e-05
4.232000000000000206e+00,-2.150858766516994258e-05
4.233999999999999986e+00,5.939639798777443525e-05
4.235999999999999766e+00,-5.282047650541007999e-05
4.238000000000000433e+00,3.150076891612202390e-05
4.240000000000000213e+00,-1.655649366896425057e-05
4.241999999999999993e+00,-2.151849823778251292e-05
4.243999999999999773e+00,5.939999944316876057e-05
4.246000000000000441e+00,-5.282391545224571217e-05
4.248000000000000220e+00,3.150005614267759046e-05
4.250000000000000000e+00,-1.655683183410250336e-05
4.251999999999999780e+00,-2.151918977417663359e-05
4.254000000000000448e+00,5.940025069812657210e-05
4.256000000000000227e+00,-5.282415533589684964e-05
4.258000000000000007e+00,3.150000615634654388e-05
4.259999999999999787e+00,-1.655685537453252532e-05
4.262000000000000455e+00,-2.179759901183714321e-05
4.264000000000000234e+00,5.827163904102011793e-05
4.266000000000000014e+00,-5.174776050556259555e-05
4.267999999999999794e+00,3.163506966536930309e-05
4.270000000000000462e+00,-1.651187518764488105e-05
4.272000000000000242e+00,-2.167011668552723536e-05
4.274000000000000021e+00,5.821426973591156684e-05
4.275999999999999801e+00,-5.169932160808271560e-05
4.278000000000000469e+00,3.164723582635073362e-05
4.280000000000000249e+00,-1.650578093053550743e-05
4.282000000000000028e+00,-2.165539452267731257e-05
4.283999999999999808e+00,5.822300914664485516e-05
4.286000000000000476e+00,-5.170497446213909165e-05
4.288000000000000256e+00,3.164564906537464806e-05
4.290000000000000036e+00,-1.650655688334445870e-05
4.291999999999999815e+00,-2.165975614386306258e-05
4.294000000000000483e+00,5.821070086274929278e-05
4.296000000000000263e+00,-5.169618115124716140e-05
4.298000000000000043e+00,3.164801298938951790e-05
4.299999999999999822e+00,-1.650538985773289391e-05
4.302000000000000490e+00,-2.137811222907570752e-05
4.304000000000000270e+00,5.945055673784588324e-05
4.306000000000000050e+00,-5.291367138098024281e-05
4.307999999999999829e+00,3.152290390637246809e-05
4.310000000000000497e+00,-1.654242769282346370e-05
4.312000000000000277e+00,-2.177813999055047689e-05
4.314000000000000057e+00,6.004152844229365682e-05
4.315999999999999837e+00,-5.753546853957264284e-05
4.318000000000000504e+00,3.305786573805716277e-05
4.320000000000000284e+00,-1.557152702246281106e-05
4.322000000000000064e+00,-1.997482432072178460e-05
4.323999999999999844e+00,5.883489352601772859e-05
4.326000000000000512e+00,-5.228423354401365297e-05
4.328000000000000291e+00,3.161204119943306079e-05
4.330000000000000071e+00,-1.650365807968900977e-05
4.331999999999999851e+00,-2.169028890466190296e-05
4.334000000000000519e+00,5.822088456799989764e-05
4.336000000000000298e+00,-5.170513712832863762e-05
4.338000000000000078e+00,3.164580761460047964e-05
4.339999999999999858e+00,-1.650649708067816746e-05
4.342000000000000526e+00,-2.138024218021478129e-05
4.344000000000000306e+00,5.935007175920589684e-05
4.346000000000000085e+00,-5.277624554809318136e-05
4.347999999999999865e+00,3.150991699622449072e-05
4.350000000000000533e+00,-1.655215042262181413e-05
4.352000000000000313e+00,-2.179073089836336408e-05
4.354000000000000092e+00,5.825542099579042454e-05
4.355999999999999872e+00,-5.173552734031097722e-05
4.357999999999999652e+00,3.163828418701122858e-05
4.360000000000000320e+00,-1.651027892827713894e-05
4.362000000000000099e+00,-2.138751211540335095e-05
4.363999999999999879e+00,5.935271805921141230e-05
4.365999999999999659e+00,-5.277877246157025581e-05
4.368000000000000327e+00,3.150939270211289278e-05
4.370000000000000107e+00,-1.655239895679075368e-05
4.371999999999999886e+00,-2.179124575341431780e-05
4.373999999999999666e+00,5.825559782056399794e-05
4.376000000000000334e+00,-5.173568298709810276e-05
4.378000000000000114e+00,3.163824515116722691e-05
4.379999999999999893e+00,-1.651029817128710220e-05
4.381999999999999673e+00,-2.138754903913478445e-05
4.384000000000000341e+00,5.935273138754984523e-05
4.386000000000000121e+00,-5.277878511850131460e-05
4.387999999999999901e+00,3.150938950644693870e-05
4.389999999999999680e+00,-1.655240010986144816e-05
4.392000000000000348e+00,-2.151012350735601042e-05
4.394000000000000128e+00,5.939695523449542436e-05
4.395999999999999908e+00,-5.282100805771572372e-05
4.397999999999999687e+00,3.150065433384779956e-05
4.400000000000000355e+00,-1.655654521401719870e-05
4.402000000000000135e+00,-2.179983980965874424e-05
4.403999999999999915e+00,5.825855248099698347e-05
4.405999999999999694e+00,-5.173828300606211905e-05
4.408000000000000362e+00,3.163760079820734927e-05
4.410000000000000142e+00,-1.651062155429150469e-05
4.411999999999999922e+00,-2.138817058098749224e-05
4.413999999999999702e+00,5.935295747230839858e-05
4.416000000000000369e+00,-5.277900089491194269e-05
4.418000000000000149e+00,3.150934396438723195e-05
4.419999999999999929e+00,-1.655242121272049172e-05
4.421999999999999709e+00,-2.179129165739632223e-05
4.424000000000000377e+00,5.825561308318502607e-05
4.426000000000000156e+00,-5.173569654321613642e-05
4.427999999999999936e+00,3.163824054399494434e-05
4.429999999999999716e+00,-1.651029954202395955e-05
4.432000000000000384e+00,-2.138755152049018338e-05
4.434000000000000163e+00,5.935273203103164086e-05
4.435999999999999943e+00,-5.277878555141890526e-05
4.437999999999999723e+00,3.150938804694428108e-05
4.440000000000000391e+00,-1.655239992510645908e-05
4.442000000000000171e+00,-2.151012296328427831e-05
4.443999999999999950e+00,5.939695477186895944e-05
4.445999999999999730e+00,-5.282100742922540837e-05
4.448000000000000398e+00,3.150065307959762362e-05
4.450000000000000178e+00,-1.655654493857086629e-05
4.451999999999999957e+00,-2.151860228857133128e-05
4.453999999999999737e+00,5.940003609584965094e-05
4.456000000000000405e+00,-5.282394968767964438e-05
4.458000000000000185e+00,3.150004319378216233e-05
4.459999999999999964e+00,-1.655683425479462234e-05
4.461999999999999744e+00,-2.151919393620846388e-05
4.464000000000000412e+00,5.940025104303123249e-05
4.466000000000000192e+00,-5.282415490981753892e-05
4.467999999999999972e+00,3.150000039241554473e-05
4.469999999999999751e+00,-1.655685439145779259e-05
4.472000000000000419e+00,-2.151923507426670157e-05
4.474000000000000199e+00,5.940026595278175003e-05
4.475999999999999979e+00,-5.282416909491854939e-05
4.477999999999999758e+00,3.149999718858598197e-05
4.480000000000000426e+00,-1.655685574996831888e-05
4.482000000000000206e+00,-2.180048294306638490e-05
4.483999999999999986e+00,5.825877281002977970e-05
4.485999999999999766e+00,-5.173847708918669075e-05
4.488000000000000433e+00,3.163755073085430802e-05
4.490000000000000213e+00,-1.651064518791434121e-05
4.491999999999999993e+00,-2.166773391116399994e-05
4.493999999999999773e+00,5.821344623627849879e-05
4.496000000000000441e+00,-5.169859751077629517e-05
4.498000000000000220e+00,3.164740961425840937e-05
4.500000000000000000e+00,-1.650568939477042862e-05
4.501999999999999780e+00,-2.137868735693770894e-05
4.504000000000000448e+00,5.934950490319237937e-05
4.506000000000000227e+00,-5.277570367497388948e-05
4.508000000000000007e+00,3.151002486842177652e-05
4.509999999999999787e+00,-1.655209639791002663e-05
4.512000000000000455e+00,-2.150950200811158064e-05
4.514000000000000234e+00,5.939672872025750228e-05
4.516000000000000014e+00,-5.282079132872333216e-05
4.517999999999999794e+00,3.150069591724771745e-05
4.520000000000000462e+00,-1.655652336311763673e-05
4.522000000000000242e+00,-2.179979404797610654e-05
4.524000000000000021e+00,5.825853554653620536e-05
4.525999999999999801e+00,-5.173826839963840962e-05
4.528000000000000469e+00,3.163760138739923899e-05
4.530000000000000249e+00,-1.651061898010411366e-05
4.532000000000000028e+00,-2.166481746417384113e-05
4.533999999999999808e+00,5.832825246844183797e-05
4.536000000000000476e+00,-5.184644881892769286e-05
4.538000000000000256e+00,3.165766444345949338e-05
4.540000000000000036e+00,-1.649731728048733914e-05
4.541999999999999815e+00,-2.136885320981607439e-05
4.544000000000000483e+00,5.934586291318072471e-05
4.546000000000000263e+00,-5.277222460811289984e-05
4.548000000000000043e+00,3.151074735357334289e-05
4.549999999999999822e+00,-1.655175250495424799e-05
4.552000000000000490e+00,-2.150879915850667512e-05
4.554000000000000270e+00,5.939647308025874928e-05
4.556000000000000050e+00,-5.282054707186206732e-05
4.557999999999999829e+00,3.150074541733924316e-05
4.560000000000000497e+00,-1.655649916752766071e-05
4.562000000000000277e+00,-2.179974374254614600e-05
4.564000000000000057e+00,5.825851782578425619e-05
4.565999999999999837e+00,-5.173825291726955045e-05
4.568000000000000504e+00,3.163760422181249865e-05
4.570000000000000284e+00,-1.651061680279716781e-05
4.572000000000000064e+00,-2.166767830098087488e-05
4.573999999999999844e+00,5.821342626196115977e-05
4.576000000000000512e+00,-5.169858014502162757e-05
4.578000000000000291e+00,3.164741192380332580e-05
4.580000000000000071e+00,-1.650568672827146255e-05
4.581999999999999851e+00,-2.137868197038886309e-05
4.584000000000000519e+00,5.934950250768497582e-05
4.586000000000000298e+00,-5.277570109602641724e-05
4.588000000000000078e+00,3.151002316287634941e-05
4.589999999999999858e+00,-1.655209577534552667e-05
4.592000000000000526e+00,-2.150950044952151807e-05
4.594000000000000306e+00,5.939672771939491502e-05
4.596000000000000085e+00,-5.282079006677445343e-05
4.597999999999999865e+00,3.150069395190663313e-05
4.600000000000000533e+00,-1.655652289382636422e-05
4.602000000000000313e+00,-2.151855665026222719e-05
4.604000000000000092e+00,5.940001868002739438e-05
4.605999999999999872e+00,-5.282393251801464906e-05
4.608000000000000540e+00,3.150004259745362023e-05
4.610000000000000320e+00,-1.655683190539616878e-05
4.612000000000000099e+00,-2.151918854638446010e-05
4.613999999999999879e+00,5.940024827523135431e-05
4.615999999999999659e+00,-5.282415171687510069e-05
4.618000000000000327e+00,3.149999689890450871e-05
4.620000000000000107e+00,-1.655685340976736919e-05
4.621999999999999886e+00,-2.151923250510306973e-05
4.623999999999999666e+00,5.940026418568486455e-05
4.626000000000000334e+00,-5.282416687687335743e-05
4.628000000000000114e+00,3.149999347584406251e-05
4.629999999999999893e+00,-1.655685484743332769e-05
4.631999999999999673e+00,-2.151923542429920455e-05
4.634000000000000341e+00,5.940026518937158162e-05
4.636000000000000121e+00,-5.282416780135953949e-05
4.637999999999999901e+00,3.149999302512473953e-05
4.639999999999999680e+00,-1.655685489965891266e-05
4.642000000000000348e+00,-2.151923549243567324e-05
4.644000000000000128e+00,5.940026514687779535e-05
4.645999999999999908e+00,-5.282416773529780007e-05
4.647999999999999687e+00,3.149999276627624134e-05
4.650000000000000355e+00,-1.655685485127400547e-05
4.652000000000000135e+00,-2.180048039304369190e-05
4.653999999999999915e+00,5.825877019777908616e-05
4.655999999999999694e+00,-5.173847522086869044e-05
4.658000000000000362e+00,3.163754694828976866e-05
4.660000000000000142e+00,-1.651064391904391582e-05
4.661999999999999922e+00,-2.138821268990453994e-05
4.663999999999999702e+00,5.935297142705547868e-05
4.666000000000000369e+00,-5.277901333204659817e-05
4.668000000000000149e+00,3.150933447260834130e-05
4.669999999999999929e+00,-1.655242131032297337e-05
4.671999999999999709e+00,-2.151016583326267884e-05
4.674000000000000377e+00,5.939696908884364857e-05
4.676000000000000156e+00,-5.282102026695975616e-05
4.677999999999999936e+00,3.150064405560426550e-05
4.679999999999999716e+00,-1.655654516957358324e-05
4.682000000000000384e+00,-2.151860192325244503e-05
4.684000000000000163e+00,5.940003470456325929e-05
4.685999999999999943e+00,-5.282394753389554887e-05
4.687999999999999723e+00,3.150003727002415044e-05
4.690000000000000391e+00,-1.655683301949109620e-05
4.692000000000000171e+00,-2.180043497933964458e-05
4.693999999999999950e+00,5.825875417528325606e-05
4.695999999999999730e+00,-5.173846122643113721e-05
4.698000000000000398e+00,3.163754941314100844e-05
4.700000000000000178e+00,-1.651064191396725556e-05
4.701999999999999957e+00,-2.138820873598054617e-05
4.703999999999999737e+00,5.935296976925311108e-05
4.706000000000000405e+00,-5.277901159681658294e-05
4.708000000000000185e+00,3.150933373161080020e-05
4.709999999999999964e+00,-1.655242096887041270e-05
4.711999999999999744e+00,-2.179128999476101503e-05
4.714000000000000412e+00,5.825560955775160865e-05
4.716000000000000192e+00,-5.173569418421425370e-05
4.717999999999999972e+00,3.163823388201841835e-05
4.719999999999999751e+00,-1.651029745297280527e-05
4.722000000000000419e+00,-2.138754647146995369e-05
4.724000000000000199e+00,5.935272858957271747e-05
4.725999999999999979e+00,-5.277878122086909762e-05
4.727999999999999758e+00,3.150938090838717454e-05
4.730000000000000426e+00,-1.655239819623940956e-05
4.732000000000000206e+00,-2.179124276040569907e-05
4.733999999999999986e+00,5.825559311681272057e-05
4.735999999999999766e+00,-5.173567977984072641e-05
4.738000000000000433e+00,3.163823694408984810e-05
4.740000000000000213e+00,-1.651029551140090201e-05
4.741999999999999993e+00,-2.166705188273027050e-05
4.743999999999999773e+00,5.821320875034133313e-05
4.746000000000000441e+00,-5.169838917683244883e-05
4.748000000000000220e+00,3.164745495454895918e-05
4.750000000000000000e+00,-1.650566188872784612e-05
4.751999999999999780e+00,-2.165802481396417178e-05
4.754000000000000448e+00,5.821009930972315116e-05
4.756000000000000227e+00,-5.169565297898429113e-05
4.758000000000000007e+00,3.164813225036214317e-05
4.759999999999999787e+00,-1.650532119877243242e-05
4.762000000000000455e+00,-2.165736118814320932e-05
4.764000000000000234e+00,5.820987061328289358e-05
4.766000000000000014e+00,-5.169545176922710206e-05
4.767999999999999794e+00,3.164818183857068257e-05
4.770000000000000462e+00,-1.650529608898318457e-05
4.772000000000000242e+00,-2.137793039017760188e-05
4.774000000000000021e+00,5.934922787018820367e-05
4.775999999999999801e+00,-5.277543816713942126e-05
4.778000000000000469e+00,3.151007241663714153e-05
4.780000000000000249e+00,-1.655206906295281222e-05
4.782000000000000028e+00,-2.179056057312334094e-05
4.783999999999999808e+00,5.825535803743661645e-05
4.786000000000000476e+00,-5.173547304837544658e-05
4.788000000000000256e+00,3.163828686673572643e-05
4.790000000000000036e+00,-1.651026948877934442e-05
4.791999999999999815e+00,-2.138749247791726926e-05
4.794000000000000483e+00,5.935270855792623701e-05
4.796000000000000263e+00,-5.277876184525340242e-05
4.798000000000000043e+00,3.150938299819119881e-05
4.799999999999999822e+00,-1.655239599082647395e-05
4.802000000000000490e+00,-2.151011355657969637e-05
4.804000000000000270e+00,5.939694936742817566e-05
4.806000000000000050e+00,-5.282100096766842445e-05
4.807999999999999829e+00,3.150064443627545452e-05
4.810000000000000497e+00,-1.655654269311704341e-05
4.812000000000000277e+00,-2.151859635270494953e-05
4.814000000000000057e+00,5.940003196824167331e-05
4.815999999999999837e+00,-5.282394444746166262e-05
4.818000000000000504e+00,3.150003431053732816e-05
4.820000000000000284e+00,-1.655683212953285022e-05
4.822000000000000064e+00,-2.151918825313292594e-05
4.823999999999999844e+00,5.940024699947060727e-05
4.826000000000000512e+00,-5.282414973698662530e-05
4.828000000000000291e+00,3.149999148455845388e-05
4.830000000000000071e+00,-1.655685228145811760e-05
4.831999999999999851e+00,-2.180047432568180121e-05
4.834000000000000519e+00,5.825876627497603155e-05
4.836000000000000298e+00,-5.173847221814908970e-05
4.838000000000000078e+00,3.163754317811115491e-05
4.839999999999999858e+00,-1.651064241647154374e-05
4.842000000000000526e+00,-2.166486194159558676e-05
4.844000000000000306e+00,5.832826467117371849e-05
4.846000000000000085e+00,-5.184646037912146732e-05
4.847999999999999865e+00,3.165765383179863779e-05
4.850000000000000533e+00,-1.649731674985971397e-05
4.852000000000000313e+00,-2.164811146620343463e-05
4.854000000000000092e+00,5.830862967470124003e-05
4.855999999999999872e+00,-5.183121670456272700e-05
4.858000000000000540e+00,3.166161814404516717e-05
4.860000000000000320e+00,-1.649534502116967172e-05
4.862000000000000099e+00,-2.136507473102580712e-05
4.863999999999999879e+00,5.934448518707391429e-05
4.865999999999999659e+00,-5.277090784791549360e-05
4.868000000000000327e+00,3.151101140654380406e-05
4.870000000000000107e+00,-1.655162149213212919e-05
4.871999999999999886e+00,-2.178963343012207954e-05
4.873999999999999666e+00,5.825503830400244332e-05
4.876000000000000334e+00,-5.173519193122852466e-05
4.878000000000000114e+00,3.163835418900848295e-05
4.879999999999999893e+00,-1.651023393456699240e-05
4.881999999999999673e+00,-2.166693139673409041e-05
4.884000000000000341e+00,5.821316582182989308e-05
4.886000000000000121e+00,-5.169835175050652154e-05
4.887999999999999901e+00,3.164746068693574665e-05
4.889999999999999680e+00,-1.650565636031331440e-05
4.892000000000000348e+00,-2.165801349521961905e-05
4.894000000000000128e+00,5.821009396922774415e-05
4.895999999999999908e+00,-5.169564863915371289e-05
4.897999999999999687e+00,3.164812980920375662e-05
4.900000000000000355e+00,-1.650531978968083902e-05
4.902000000000000135e+00,-2.165735789924627674e-05
4.903999999999999915e+00,5.820986804505254297e-05
4.905999999999999694e+00,-5.169544986676280485e-05
4.908000000000000362e+00,3.164817878146403141e-05
4.910000000000000142e+00,-1.650529498224001523e-05
4.911999999999999922e+00,-2.137792775204483409e-05
4.913999999999999702e+00,5.934922614473508995e-05
4.916000000000000369e+00,-5.277543600006387448e-05
4.918000000000000149e+00,3.151006897418595631e-05
4.919999999999999929e+00,-1.655206821807309048e-05
4.921999999999999709e+00,-2.179055828624085200e-05
4.924000000000000377e+00,5.825535580362972699e-05
4.926000000000000156e+00,-5.173547144168150203e-05
4.927999999999999936e+00,3.163828374841762270e-05
4.929999999999999716e+00,-1.651026840643332605e-05
4.932000000000000384e+00,-2.138748993162423173e-05
4.934000000000000163e+00,5.935270684960872178e-05
4.935999999999999943e+00,-5.277875969821738122e-05
4.937999999999999723e+00,3.150937953743868092e-05
4.940000000000000391e+00,-1.655239514319548078e-05
4.942000000000000171e+00,-2.179123557534065614e-05
4.943999999999999950e+00,5.825558848126036193e-05
4.945999999999999730e+00,-5.173567623911745628e-05
4.948000000000000398e+00,3.163823254800912643e-05
4.950000000000000178e+00,-1.651029376677215499e-05
4.951999999999999957e+00,-2.166704767298660572e-05
4.953999999999999737e+00,5.821320515390915329e-05
4.956000000000000405e+00,-5.169838654257852273e-05
4.958000000000000185e+00,3.164745032886023823e-05
4.959999999999999964e+00,-1.650566025836186501e-05
4.961999999999999744e+00,-2.165802082491896652e-05
4.964000000000000412e+00,5.821009578483790636e-05
4.966000000000000192e+00,-5.169565042042328917e-05
4.967999999999999972e+00,3.164812760752741538e-05
4.969999999999999751e+00,-1.650531956885400997e-05
4.972000000000000419e+00,-2.137797482127529181e-05
4.974000000000000199e+00,5.934924294805771217e-05
4.975999999999999979e+00,-5.277545182341344954e-05
4.977999999999999758e+00,3.151006401679035118e-05
4.980000000000000426e+00,-1.655206950353441120e-05
4.982000000000000206e+00,-2.150944528139103751e-05
4.983999999999999986e+00,5.939670552414580418e-05
4.985999999999999766e+00,-5.282076747329181310e-05
4.988000000000000433e+00,3.150068781573867049e-05
4.990000000000000213e+00,-1.655651891759035710e-05
4.991999999999999993e+00,-2.151854707563294333e-05
4.993999999999999773e+00,5.940001306008538262e-05
4.996000000000000441e+00,-5.282392574887037617e-05
4.998000000000000220e+00,3.150003318034416688e-05
5.000000000000000000e+00,-1.655682947654391057e-05
5.001999999999999780e+00,-2.151918216251880178e-05
5.004000000000000448e+00,5.940024380017214223e-05
5.006000000000000227e+00,-5.282414604215052156e-05
5.008000000000000007e+00,3.149998725960820312e-05
5.009999999999999787e+00,-1.655685109197557736e-05
5.012000000000000455e+00,-2.151922634103381471e-05
5.014000000000000234e+00,5.940025980070984257e-05
5.016000000000000014e+00,-5.282416127557962304e-05
5.017999999999999794e+00,3.149998382618451886e-05
5.020000000000000462e+00,-1.655685255909367104e-05
5.022000000000000242e+00,-2.180047415771199648e-05
5.024000000000000021e+00,5.825876426278006615e-05
5.025999999999999801e+00,-5.173847094868538887e-05
5.028000000000000469e+00,3.163753872014937740e-05
5.030000000000000249e+00,-1.651064105583771591e-05
5.032000000000000028e+00,-2.166772383328796625e-05
5.033999999999999808e+00,5.821343724056113333e-05
5.036000000000000476e+00,-5.169859098918747065e-05
5.038000000000000256e+00,3.164739769844285289e-05
5.040000000000000036e+00,-1.650568519310710580e-05
5.041999999999999815e+00,-2.137867744505736467e-05
5.044000000000000483e+00,5.934949833056799018e-05
5.046000000000000263e+00,-5.277569544725330131e-05
5.048000000000000043e+00,3.151001158158139859e-05
5.049999999999999822e+00,-1.655209315037584061e-05
5.052000000000000490e+00,-2.179060944491884033e-05
5.054000000000000270e+00,5.825537206850459060e-05
5.056000000000000050e+00,-5.173548608542952176e-05
5.057999999999999829e+00,3.163827685932762979e-05
5.060000000000000497e+00,-1.651026941706587592e-05
5.062000000000000277e+00,-2.138749141985391011e-05
5.064000000000000057e+00,5.945396383165782450e-05
5.065999999999999837e+00,-5.291692310426671098e-05
5.068000000000000504e+00,3.152220886497303365e-05
5.070000000000000284e+00,-1.654274416233031397e-05
5.072000000000000064e+00,-2.149783240609076662e-05
5.073999999999999844e+00,5.939241488175234229e-05
5.076000000000000512e+00,-5.281666881718632967e-05
5.078000000000000291e+00,3.150153736012142880e-05
5.080000000000000071e+00,-1.655611380793620135e-05
5.081999999999999851e+00,-2.179894376719976323e-05
5.084000000000000519e+00,5.825823743178110137e-05
5.086000000000000298e+00,-5.173800752016413651e-05
5.088000000000000078e+00,3.163765193862563829e-05
5.089999999999999858e+00,-1.651058299763363824e-05
5.092000000000000526e+00,-2.166761055263921598e-05
5.094000000000000306e+00,5.821339761495278320e-05
5.096000000000000085e+00,-5.169855627196184855e-05
5.097999999999999865e+00,3.164740479370820037e-05
5.100000000000000533e+00,-1.650568049952130800e-05
5.102000000000000313e+00,-2.137866821196043876e-05
5.104000000000000092e+00,5.934949463861846630e-05
5.105999999999999872e+00,-5.277569170295329237e-05
5.108000000000000540e+00,3.151001070906406243e-05
5.110000000000000320e+00,-1.655209252356126814e-05
5.112000000000000099e+00,-2.150949187589359934e-05
5.113999999999999879e+00,5.939672174462562459e-05
5.116000000000000547e+00,-5.282078250452501567e-05
5.118000000000000327e+00,3.150068110526621501e-05
5.120000000000000107e+00,-1.655651980952618785e-05
5.121999999999999886e+00,-2.151854841584213696e-05
5.123999999999999666e+00,5.940001282199111610e-05
5.126000000000000334e+00,-5.282392506430338974e-05
5.128000000000000114e+00,3.150002972091697773e-05
5.129999999999999893e+00,-1.655682882141865098e-05
5.131999999999999673e+00,-2.151918034171834693e-05
5.134000000000000341e+00,5.940024242627461870e-05
5.136000000000000121e+00,-5.282414427406484370e-05
5.137999999999999901e+00,3.149998402020640076e-05
5.139999999999999680e+00,-1.655685033518858318e-05
5.142000000000000348e+00,-2.180046907990576543e-05
5.144000000000000128e+00,5.825876129868928777e-05
5.145999999999999908e+00,-5.173846864166622983e-05
5.147999999999999687e+00,3.163753629022159064e-05
5.150000000000000355e+00,-1.651064003015123571e-05
5.152000000000000135e+00,-2.166485613263116616e-05
5.153999999999999915e+00,5.822626239346956334e-05
5.155999999999999694e+00,-5.170783944547646671e-05
5.158000000000000362e+00,3.164491773840344413e-05
5.160000000000000142e+00,-1.650690813944505342e-05
5.161999999999999922e+00,-2.138101442721376810e-05
5.163999999999999702e+00,5.935034888179119283e-05
5.166000000000000369e+00,-5.277650722353838253e-05
5.168000000000000149e+00,3.150983998592010726e-05
5.169999999999999929e+00,-1.655217249990278972e-05
5.171999999999999709e+00,-2.150965518868744319e-05
5.174000000000000377e+00,5.939678076262097650e-05
5.176000000000000156e+00,-5.282083863883402230e-05
5.177999999999999936e+00,3.150066780992222260e-05
5.179999999999999716e+00,-1.655652505686694420e-05
5.182000000000000384e+00,-2.151855894115539680e-05
5.184000000000000163e+00,5.940001632783950547e-05
5.185999999999999943e+00,-5.282392818650727406e-05
5.187999999999999723e+00,3.150002742217244966e-05
5.190000000000000391e+00,-1.655682887823431426e-05
5.192000000000000171e+00,-2.151918020366905271e-05
5.193999999999999950e+00,5.940024202612942394e-05
5.195999999999999730e+00,-5.282414366258175731e-05
5.198000000000000398e+00,3.149998248249546995e-05
5.200000000000000178e+00,-1.655685000788789663e-05
5.201999999999999957e+00,-2.151922342233728025e-05
5.203999999999999737e+00,5.940025769244489107e-05
5.206000000000000405e+00,-5.282415859182362783e-05
5.208000000000000185e+00,3.149997912778659814e-05
5.209999999999999964e+00,-1.655685143798699133e-05
5.211999999999999744e+00,-2.151922628730942866e-05
5.214000000000000412e+00,5.950147404784264515e-05
5.216000000000000192e+00,-5.296229682424935525e-05
5.217999999999999972e+00,3.151281691957455444e-05
5.219999999999999751e+00,-1.654719821585215467e-05
5.222000000000000419e+00,-2.178514205726858610e-05
5.224000000000000199e+00,5.836923661039702949e-05
5.225999999999999979e+00,-5.188251496853271694e-05
5.227999999999999758e+00,3.164873262660392039e-05
5.230000000000000426e+00,-1.650179357996772733e-05
5.232000000000000206e+00,-2.165683184836980635e-05
5.233999999999999986e+00,5.820962193062162449e-05
5.235999999999999766e+00,-5.169523314801915959e-05
5.238000000000000433e+00,3.164822665801744761e-05
5.240000000000000213e+00,-1.650526455585984986e-05
5.241999999999999993e+00,-2.137786845148731407e-05
5.243999999999999773e+00,5.934920273583527139e-05
5.246000000000000441e+00,-5.277541245755912325e-05
5.248000000000000220e+00,3.151006469736053472e-05
5.250000000000000000e+00,-1.655206441449411092e-05
5.251999999999999780e+00,-2.150943388915665944e-05
5.254000000000000448e+00,5.939669989936738337e-05
5.256000000000000227e+00,-5.282076113367201176e-05
5.258000000000000007e+00,3.150068164896324685e-05
5.259999999999999787e+00,-1.655651707265989869e-05
5.262000000000000455e+00,-2.179977805423852222e-05
5.264000000000000234e+00,5.825852246629098508e-05
5.266000000000000014e+00,-5.173825880174301450e-05
5.267999999999999794e+00,3.163758522911966353e-05
5.270000000000000462e+00,-1.651061315258856022e-05
5.272000000000000242e+00,-2.166766858870822210e-05
5.274000000000000021e+00,5.821341575780805688e-05
5.275999999999999801e+00,-5.169857270429303875e-05
5.278000000000000469e+00,3.164739622760551208e-05
5.280000000000000249e+00,-1.650568143433603363e-05
5.282000000000000028e+00,-2.165806086119881346e-05
5.283999999999999808e+00,5.821010630923523221e-05
5.286000000000000476e+00,-5.169566049555499032e-05
5.288000000000000256e+00,3.164811710036630199e-05
5.290000000000000036e+00,-1.650531882467151656e-05
5.291999999999999815e+00,-2.165449081222015071e-05
5.294000000000000483e+00,5.822268727024085266e-05
5.296000000000000263e+00,-5.170469381649694940e-05
5.298000000000000043e+00,3.164569324585683741e-05
5.299999999999999822e+00,-1.650651561790894561e-05
5.302000000000000490e+00,-2.138025942526391998e-05
5.304000000000000270e+00,5.935007327193334015e-05
5.306000000000000050e+00,-5.277624353281634706e-05
5.307999999999999829e+00,3.150989075595064803e-05
5.310000000000000497e+00,-1.655214592494527737e-05
5.312000000000000277e+00,-2.150960033893423162e-05
5.314000000000000057e+00,5.939676005599359154e-05
5.315999999999999837e+00,-5.282081835958699068e-05
5.318000000000000504e+00,3.150066811281188039e-05
5.320000000000000284e+00,-1.655652243054764328e-05
5.322000000000000064e+00,-2.179978890770248312e-05
5.323999999999999844e+00,5.825852558484154176e-05
5.326000000000000512e+00,-5.173826170668666125e-05
5.328000000000000291e+00,3.163758302036218106e-05
5.330000000000000071e+00,-1.651061314513618816e-05
5.331999999999999851e+00,-2.166766833252078972e-05
5.334000000000000519e+00,5.821341506115351727e-05
5.336000000000000298e+00,-5.169857223968898907e-05
5.338000000000000078e+00,3.164739482101538992e-05
5.339999999999999858e+00,-1.650568099221400020e-05
5.342000000000000526e+00,-2.165519593623488337e-05
5.344000000000000306e+00,5.822292987236674100e-05
5.346000000000000085e+00,-5.170490742645653115e-05
5.347999999999999865e+00,3.164563909073894732e-05
5.350000000000000533e+00,-1.650654188809982936e-05
5.352000000000000313e+00,-2.138030978311722397e-05
5.354000000000000092e+00,5.935009133137963966e-05
5.355999999999999872e+00,-5.277626059640300182e-05
5.358000000000000540e+00,3.150988583044966873e-05
5.360000000000000320e+00,-1.655214738049276546e-05
5.362000000000000099e+00,-2.179072054711572726e-05
5.363999999999999879e+00,5.835737561050644007e-05
5.366000000000000547e+00,-5.187411627459448393e-05
5.368000000000000327e+00,3.165099412282337821e-05
5.370000000000000107e+00,-1.650067569397908884e-05
5.371999999999999886e+00,-2.137532144700499126e-05
5.374000000000000554e+00,5.934821239731227771e-05
5.376000000000000334e+00,-5.277446517122641456e-05
5.378000000000000114e+00,3.151025996483633462e-05
5.379999999999999893e+00,-1.655196920492124635e-05
5.381999999999999673e+00,-2.150923922834488411e-05
5.384000000000000341e+00,5.939662844651333318e-05
5.386000000000000121e+00,-5.282069243115958268e-05
5.387999999999999901e+00,3.150069226972793124e-05
5.389999999999999680e+00,-1.655650973881109267e-05
5.392000000000000348e+00,-2.179976231746899584e-05
5.394000000000000128e+00,5.825851571664500406e-05
5.395999999999999908e+00,-5.173825320226727031e-05
5.397999999999999687e+00,3.163758336694258433e-05
5.400000000000000355e+00,-1.651061165326012103e-05
5.402000000000000135e+00,-2.166766515840704010e-05
5.403999999999999915e+00,5.821341324298984210e-05
5.405999999999999694e+00,-5.169857082865103592e-05
5.408000000000000362e+00,3.164739342116987264e-05
5.410000000000000142e+00,-1.650568036025770735e-05
5.411999999999999922e+00,-2.165519448749098075e-05
5.413999999999999702e+00,5.822292864568479054e-05
5.416000000000000369e+00,-5.170490654170245559e-05
5.418000000000000149e+00,3.164563755836749537e-05
5.419999999999999929e+00,-1.650654134593629307e-05
5.421999999999999709e+00,-2.138030847070870877e-05
5.424000000000000377e+00,5.935009046629038942e-05
5.426000000000000156e+00,-5.277625952304978996e-05
5.427999999999999936e+00,3.150988411086685925e-05
5.429999999999999716e+00,-1.655214695870169117e-05
5.432000000000000384e+00,-2.179071939134927249e-05
5.434000000000000163e+00,5.825540598055484187e-05
5.435999999999999943e+00,-5.173551690730582298e-05
5.437999999999999723e+00,3.163825969282330064e-05
5.440000000000000391e+00,-1.651027086419301626e-05
5.442000000000000171e+00,-2.166700124600628996e-05
5.443999999999999950e+00,5.831518654068196250e-05
5.445999999999999730e+00,-5.183699026651070185e-05
5.448000000000000398e+00,3.166017101136411882e-05
5.450000000000000178e+00,-1.649606154594321361e-05
5.451999999999999957e+00,-2.164567800925359942e-05
5.453999999999999737e+00,5.820577726167383559e-05
5.456000000000000405e+00,-5.169185049851143798e-05
5.458000000000000185e+00,3.164905878533935679e-05
5.459999999999999964e+00,-1.650484205397567683e-05
5.461999999999999744e+00,-2.137705555439739502e-05
5.464000000000000412e+00,5.934890561180850010e-05
5.466000000000000192e+00,-5.277512793019564774e-05
5.467999999999999972e+00,3.151011754485774641e-05
5.469999999999999751e+00,-1.655203542558561502e-05
5.472000000000000419e+00,-2.150937380342513028e-05
5.474000000000000199e+00,5.949789538367902808e-05
5.475999999999999979e+00,-5.295887770391874416e-05
5.477999999999999758e+00,3.151351811349345500e-05
5.480000000000000426e+00,-1.654686079056999493e-05
5.482000000000000206e+00,-2.178732410222303240e-05
5.483999999999999986e+00,5.825416848150022364e-05
5.485999999999999766e+00,-5.173442698309591026e-05
5.488000000000000433e+00,3.163853106299269191e-05
5.490000000000000213e+00,-1.651013334538417587e-05
5.491999999999999993e+00,-2.166673359193377335e-05
5.493999999999999773e+00,5.821309144776048994e-05
5.496000000000000441e+00,-5.169828788734176506e-05
5.498000000000000220e+00,3.164746122276754225e-05
5.500000000000000000e+00,-1.650564458429912285e-05
5.501999999999999780e+00,-2.137859778516063014e-05
5.504000000000000448e+00,5.934946680508437766e-05
5.506000000000000227e+00,-5.277566368320010803e-05
5.508000000000000007e+00,3.151000540771789482e-05
5.509999999999999787e+00,-1.655208795528148591e-05
5.512000000000000455e+00,-2.150948108276679038e-05
5.514000000000000234e+00,5.939671562291484741e-05
5.516000000000000014e+00,-5.282077519913261354e-05
5.517999999999999794e+00,3.150067150820001771e-05
5.520000000000000462e+00,-1.655651728940665812e-05
5.522000000000000242e+00,-2.179977746581338027e-05
5.524000000000000021e+00,5.825851959400871194e-05
5.525999999999999801e+00,-5.173825695731562591e-05
5.528000000000000469e+00,3.163757918287629645e-05
5.530000000000000249e+00,-1.651061130194392268e-05
5.532000000000000028e+00,-2.138814701382191208e-05
5.533999999999999808e+00,5.935294274253891111e-05
5.536000000000000476e+00,-5.277898279934523096e-05
5.538000000000000256e+00,3.150931664336678595e-05
5.540000000000000036e+00,-1.655241438487317640e-05
5.541999999999999815e+00,-2.151014847662224838e-05
5.544000000000000483e+00,5.939695797971614177e-05
5.546000000000000263e+00,-5.282100651845741957e-05
5.548000000000000043e+00,3.150062275411244506e-05
5.549999999999999822e+00,-1.655653990529845632e-05
5.552000000000000490e+00,-2.179982420661211173e-05
5.554000000000000270e+00,5.825853535665684313e-05
5.556000000000000050e+00,-5.173827088449794998e-05
5.557999999999999829e+00,3.163757495257962793e-05
5.560000000000000497e+00,-1.651061284232632764e-05
5.562000000000000277e+00,-2.166480166742798530e-05
5.564000000000000057e+00,5.822623943816870873e-05
5.565999999999999837e+00,-5.170782030261555917e-05
5.568000000000000504e+00,3.164491219790482868e-05
5.570000000000000284e+00,-1.650690318089759190e-05
5.572000000000000064e+00,-2.138100349995467053e-05
5.573999999999999844e+00,5.935034265756172767e-05
5.576000000000000512e+00,-5.277649980441750932e-05
5.578000000000000291e+00,3.150983015005881516e-05
5.580000000000000071e+00,-1.655216993267510928e-05
5.581999999999999851e+00,-2.150964840300084724e-05
5.584000000000000519e+00,5.939677602817203250e-05
5.586000000000000298e+00,-5.282083263881062751e-05
5.588000000000000078e+00,3.150065766849632909e-05
5.589999999999999858e+00,-1.655652262227622074e-05
5.592000000000000526e+00,-2.151855245119752014e-05
5.594000000000000306e+00,5.940001170962050381e-05
5.596000000000000085e+00,-5.282392229578186660e-05
5.597999999999999865e+00,3.150001725462509006e-05
5.600000000000000533e+00,-1.655682645046452350e-05
5.602000000000000313e+00,-2.180041773125127036e-05
5.604000000000000092e+00,5.825873892060379200e-05
5.605999999999999872e+00,-5.173845014683903232e-05
5.608000000000000540e+00,3.163752934322652810e-05
5.610000000000000320e+00,-1.651063485581458212e-05
5.612000000000000099e+00,-2.166484431173967828e-05
5.613999999999999879e+00,6.001892625808261106e-05
5.616000000000000547e+00,-5.751306665104094495e-05
5.618000000000000327e+00,3.306325711271984602e-05
5.620000000000000107e+00,-1.556877982549637052e-05
5.621999999999999886e+00,-1.996952924469483359e-05
5.624000000000000554e+00,5.883295917216008197e-05
5.626000000000000334e+00,-5.228238171712390470e-05
5.628000000000000114e+00,3.161238889426778997e-05
5.629999999999999893e+00,-1.650347003867569384e-05
5.631999999999999673e+00,-2.141009346593933382e-05
5.634000000000000341e+00,6.108905410017601012e-05
5.636000000000000121e+00,-5.855233846195281866e-05
5.637999999999999901e+00,3.293520166999450161e-05
5.639999999999999680e+00,-1.561006022146940730e-05
5.642000000000000348e+00,-2.035293806002327899e-05
5.644000000000000128e+00,5.775661173603244269e-05
5.645999999999999908e+00,-5.129653287753999091e-05
5.647999999999999687e+00,3.174710088697102472e-05
5.650000000000000355e+00,-1.645554017454947671e-05
5.652000000000000135e+00,-2.156041902181410341e-05
5.653999999999999915e+00,5.827850127208822339e-05
5.655999999999999694e+00,-5.180470231060801956e-05
5.658000000000000362e+00,3.166816220405779814e-05
5.660000000000000142e+00,-1.649204014292707243e-05
5.661999999999999922e+00,-2.163784478493441243e-05
5.663999999999999702e+00,5.820307694594933912e-05
5.666000000000000369e+00,-5.168947483806182741e-05
5.668000000000000149e+00,3.164964176279039254e-05
5.669999999999999929e+00,-1.650454499212833381e-05
5.671999999999999709e+00,-2.165584623213534510e-05
5.674000000000000377e+00,5.820933944742853750e-05
5.676000000000000156e+00,-5.169498669787414569e-05
5.677999999999999936e+00,3.164827411954868053e-05
5.679999999999999716e+00,-1.650523247105281643e-05
5.682000000000000384e+00,-2.137780498758651282e-05
5.684000000000000163e+00,5.934917720890400816e-05
5.685999999999999943e+00,-5.277538648995952486e-05
5.687999999999999723e+00,3.151005781085874924e-05
5.690000000000000391e+00,-1.655205986762081638e-05
5.692000000000000171e+00,-2.179053792180501992e-05
5.693999999999999950e+00,5.825534091161155281e-05
5.695999999999999730e+00,-5.173546032282219653e-05
5.698000000000000398e+00,3.163826714382839134e-05
5.700000000000000178e+00,-1.651026219829862529e-05
5.701999999999999957e+00,-2.166411822415378885e-05
5.703999999999999737e+00,5.822600235911787325e-05
5.706000000000000405e+00,-5.170761204167928504e-05
5.708000000000000185e+00,3.164496022504265094e-05
5.709999999999999964e+00,-1.650687638462405848e-05
5.711999999999999744e+00,-2.166037309139431932e-05
5.714000000000000412e+00,5.821089882055222042e-05
5.716000000000000192e+00,-5.169635900534666484e-05
5.717999999999999972e+00,3.164793328521223192e-05
5.719999999999999751e+00,-1.650540309901596392e-05
5.722000000000000419e+00,-2.165751707109211943e-05
5.724000000000000199e+00,5.820991447838541610e-05
5.725999999999999979e+00,-5.169549283713659182e-05
5.727999999999999758e+00,3.164814754284470122e-05
5.730000000000000426e+00,-1.650529517085302933e-05
5.732000000000000206e+00,-2.137792533934979033e-05
5.733999999999999986e+00,5.934922074063084252e-05
5.735999999999999766e+00,-5.277542788196740164e-05
5.738000000000000433e+00,3.151004784580566098e-05
5.740000000000000213e+00,-1.655206372038614537e-05
5.741999999999999993e+00,-2.150943064105348412e-05
5.743999999999999773e+00,5.949791453921382534e-05
5.746000000000000441e+00,-5.295889503204379012e-05
5.748000000000000220e+00,3.151350698746280266e-05
5.750000000000000000e+00,-1.654686126794854828e-05
5.751999999999999780e+00,-2.178732400427360605e-05
5.754000000000000448e+00,5.835613513867354829e-05
5.756000000000000227e+00,-5.187302443078120606e-05
5.758000000000000007e+00,3.165125744028149390e-05
5.759999999999999787e+00,-1.650053576909490949e-05
5.762000000000000455e+00,-2.137505149855251085e-05
5.764000000000000234e+00,6.107752146256376080e-05
5.766000000000000014e+00,-5.854103381659758742e-05
5.767999999999999794e+00,3.293753418279546374e-05
5.770000000000000462e+00,-1.560895934895126236e-05
5.772000000000000242e+00,-2.008842884139092066e-05
5.774000000000000021e+00,5.887584854028654613e-05
5.775999999999999801e+00,-5.232332993463859050e-05
5.778000000000000469e+00,3.160391384588942532e-05
5.780000000000000249e+00,-1.650748915323421717e-05
5.782000000000000028e+00,-2.169822421465433804e-05
5.783999999999999808e+00,5.822359815877212186e-05
5.786000000000000476e+00,-5.170752868917730116e-05
5.788000000000000256e+00,3.164517921770693132e-05
5.790000000000000036e+00,-1.650678560543780704e-05
5.791999999999999815e+00,-2.166021134604456666e-05
5.794000000000000483e+00,5.821084176927879272e-05
5.796000000000000263e+00,-5.169630901530331002e-05
5.798000000000000043e+00,3.164794366012149696e-05
5.799999999999999822e+00,-1.650539634101902409e-05
5.802000000000000490e+00,-2.165750364363505653e-05
5.804000000000000270e+00,5.820990900386527334e-05
5.806000000000000050e+00,-5.169548823730912845e-05
5.807999999999999829e+00,3.164814665579038233e-05
5.810000000000000497e+00,-1.650529409097031830e-05
5.812000000000000277e+00,-2.165730447700395245e-05
5.814000000000000057e+00,5.820984030547454724e-05
5.815999999999999837e+00,-5.169542779621602580e-05
5.818000000000000504e+00,3.164816136979817229e-05
5.820000000000000284e+00,-1.650528651248039935e-05
5.822000000000000064e+00,-2.137790837230396646e-05
5.823999999999999844e+00,5.934921406309384695e-05
5.826000000000000512e+00,-5.277542116072578282e-05
5.828000000000000291e+00,3.151004670750440217e-05
5.830000000000000071e+00,-1.655206265518613384e-05
5.831999999999999851e+00,-2.179054311888042883e-05
5.834000000000000519e+00,5.825534125110387595e-05
5.836000000000000298e+00,-5.173546098110812230e-05
5.838000000000000078e+00,3.163826344569284355e-05
5.839999999999999858e+00,-1.651026138576108804e-05
5.842000000000000526e+00,-2.166411615250538047e-05
5.844000000000000306e+00,5.822600020034471302e-05
5.846000000000000085e+00,-5.170761049664782116e-05
5.847999999999999865e+00,3.164495707497216870e-05
5.850000000000000533e+00,-1.650687529345176707e-05
5.852000000000000313e+00,-2.166037050261443442e-05
5.854000000000000092e+00,5.821089647342278517e-05
5.855999999999999872e+00,-5.169635730655972039e-05
5.858000000000000540e+00,3.164793016584982466e-05
5.860000000000000320e+00,-1.650540199361894000e-05
5.862000000000000099e+00,-2.165751441802685195e-05
5.863999999999999879e+00,5.820991210383347214e-05
5.866000000000000547e+00,-5.169549111062876623e-05
5.868000000000000327e+00,3.164814442616764589e-05
5.870000000000000107e+00,-1.650529409574427731e-05
5.871999999999999886e+00,-2.137792272320637732e-05
5.874000000000000554e+00,5.934921900712861187e-05
5.876000000000000334e+00,-5.277542570710294645e-05
5.878000000000000114e+00,3.151004437153964721e-05
5.879999999999999893e+00,-1.655206286876528821e-05
5.882000000000000561e+00,-2.150942839591538092e-05
5.884000000000000341e+00,5.939669442019471224e-05
5.886000000000000121e+00,-5.282075361624088972e-05
5.887999999999999901e+00,3.150066563730249958e-05
5.889999999999999680e+00,-1.655651350087467000e-05
5.892000000000000348e+00,-2.179976809058709053e-05
5.894000000000000128e+00,5.825851256476347051e-05
5.895999999999999908e+00,-5.173825172011953244e-05
5.897999999999999687e+00,3.163757111433740388e-05
5.900000000000000355e+00,-1.651060831130146678e-05
5.902000000000000135e+00,-2.166765678349516500e-05
5.903999999999999915e+00,5.821340521219506292e-05
5.905999999999999694e+00,-5.169856505139736047e-05
5.908000000000000362e+00,3.164738224237240161e-05
5.910000000000000142e+00,-1.650567651136428116e-05
5.911999999999999922e+00,-2.165804893005177090e-05
5.913999999999999702e+00,5.821009570546042955e-05
5.916000000000000369e+00,-5.169565280450233447e-05
5.918000000000000149e+00,3.164810313700805455e-05
5.919999999999999929e+00,-1.650531389796316972e-05
5.921999999999999709e+00,-2.165447886283422552e-05
5.924000000000000377e+00,5.822267669931824319e-05
5.926000000000000156e+00,-5.170468613488812815e-05
5.927999999999999936e+00,3.164567927414763115e-05
5.929999999999999716e+00,-1.650651069447922614e-05
5.932000000000000384e+00,-2.138024779312769352e-05
5.934000000000000163e+00,5.935006555841601528e-05
5.935999999999999943e+00,-5.277623389418270583e-05
5.937999999999999723e+00,3.150987518210635052e-05
5.940000000000000391e+00,-1.655214212811090269e-05
5.942000000000000171e+00,-2.179070733121860060e-05
5.943999999999999950e+00,5.825539660205339421e-05
5.945999999999999730e+00,-5.173550997205830781e-05
5.948000000000000398e+00,3.163824857369337828e-05
5.950000000000000178e+00,-1.651026680003428448e-05
5.951999999999999957e+00,-2.138748332019060894e-05
5.953999999999999737e+00,5.935269881811658377e-05
5.956000000000000405e+00,-5.277874834429957529e-05
5.958000000000000185e+00,3.150935351195136014e-05
5.959999999999999964e+00,-1.655238942664324919e-05
5.961999999999999744e+00,-2.151009585615870634e-05
5.964000000000000412e+00,5.939693653040853394e-05
5.966000000000000192e+00,-5.282098451741407130e-05
5.967999999999999972e+00,3.150061557045252814e-05
5.969999999999999751e+00,-1.655653583800681394e-05
5.972000000000000419e+00,-2.179981408358816486e-05
5.974000000000000199e+00,5.825852754695257096e-05
5.975999999999999979e+00,-5.173826511980020304e-05
5.977999999999999758e+00,3.163756579547399861e-05
5.980000000000000426e+00,-1.651060947123472733e-05
5.982000000000000206e+00,-2.166765876179116423e-05
5.983999999999999986e+00,5.821340508256611646e-05
5.985999999999999766e+00,-5.169856515212928327e-05
5.988000000000000433e+00,3.164738020476967617e-05
5.990000000000000213e+00,-1.650567602379249266e-05
5.991999999999999993e+00,-2.165804765278875332e-05
5.993999999999999773e+00,5.821009445694177997e-05
5.996000000000000441e+00,-5.169565192210401339e-05
5.998000000000000220e+00,3.164810134939979869e-05
6.000000000000000000e+00,-1.650531327565887829e-05
6.001999999999999780e+00,-2.165734112767256359e-05
6.004000000000000448e+00,5.820985098580269690e-05
6.006000000000000227e+00,-5.169543769271631173e-05
6.008000000000000007e+00,3.164815414206934019e-05
6.009999999999999787e+00,-1.650528654805263895e-05
6.012000000000000455e+00,-2.137790777955589361e-05
6.014000000000000234e+00,5.934921280307051128e-05
6.016000000000000014e+00,-5.277541928629808643e-05
6.017999999999999794e+00,3.151004181810995730e-05
6.020000000000000462e+00,-1.655206161707209467e-05
6.022000000000000242e+00,-2.150942527609847610e-05
6.024000000000000021e+00,5.939669252388868337e-05
6.025999999999999801e+00,-5.282075129412269754e-05
6.028000000000000469e+00,3.150066223119030173e-05
6.030000000000000249e+00,-1.655651264324473071e-05
6.032000000000000028e+00,-2.151853037551942904e-05
6.033999999999999808e+00,5.940000126469432984e-05
6.036000000000000476e+00,-5.282391072324033043e-05
6.038000000000000256e+00,3.150000735771193994e-05
6.040000000000000036e+00,-1.655682330781865774e-05
6.041999999999999815e+00,-2.151916569749154351e-05
6.044000000000000483e+00,5.940023207847908160e-05
6.046000000000000263e+00,-5.282413108031666638e-05
6.048000000000000043e+00,3.149996142802133359e-05
6.049999999999999822e+00,-1.655684494986098265e-05
6.052000000000000490e+00,-2.151920989403727225e-05
6.054000000000000270e+00,5.940024808440483306e-05
6.056000000000000050e+00,-5.282414633258486480e-05
6.057999999999999829e+00,3.149995798458482543e-05
6.060000000000000497e+00,-1.655684640140819841e-05
6.062000000000000277e+00,-2.151921282225396914e-05
6.064000000000000057e+00,5.940024908664826020e-05
6.065999999999999837e+00,-5.282414726330564303e-05
6.068000000000000504e+00,3.149995751333331540e-05
6.070000000000000284e+00,-1.655684644396790417e-05
6.072000000000000064e+00,-2.180045727647600406e-05
6.073999999999999844e+00,5.825874767857730507e-05
6.076000000000000512e+00,-5.173845907434707070e-05
6.078000000000000291e+00,3.163751527853267409e-05
6.080000000000000071e+00,-1.651063299031030329e-05
6.081999999999999851e+00,-2.138818681460957771e-05
6.084000000000000519e+00,5.935295419694924801e-05
6.086000000000000298e+00,-5.277899174636890844e-05
6.088000000000000078e+00,3.150929945381145125e-05
6.089999999999999858e+00,-1.655241278273461569e-05
6.092000000000000526e+00,-2.178838478167008375e-05
6.094000000000000306e+00,5.826844914961354371e-05
6.096000000000000085e+00,-5.174495829651445944e-05
6.097999999999999865e+00,3.163571744132023800e-05
6.100000000000000533e+00,-1.651151493660407699e-05
6.102000000000000313e+00,-2.138986853562896417e-05
6.104000000000000092e+00,5.935356675676808913e-05
6.105999999999999872e+00,-5.277957662545157413e-05
6.108000000000000540e+00,3.150917765683616811e-05
6.110000000000000320e+00,-1.655247025764833291e-05
6.112000000000000099e+00,-2.151026057296834271e-05
6.113999999999999879e+00,5.939699556189309559e-05
6.116000000000000547e+00,-5.282104034553050664e-05
6.118000000000000327e+00,3.150059985712258537e-05
6.120000000000000107e+00,-1.655654066776493516e-05
6.121999999999999886e+00,-2.179982346530232040e-05
6.124000000000000554e+00,5.825852923852306575e-05
6.126000000000000334e+00,-5.173826699517852790e-05
6.128000000000000114e+00,3.163756157880184827e-05
6.129999999999999893e+00,-1.651060878393728615e-05
6.132000000000000561e+00,-2.166765681606633298e-05
6.134000000000000341e+00,5.821340286927059737e-05
6.136000000000000121e+00,-5.169856357869692665e-05
6.137999999999999901e+00,3.164737682854329437e-05
6.140000000000000568e+00,-1.650567488573409514e-05
6.142000000000000348e+00,-2.165804490374470537e-05
6.144000000000000128e+00,5.821009196691623311e-05
6.145999999999999908e+00,-5.169565010100518609e-05
6.147999999999999687e+00,3.164809803911719510e-05
6.150000000000000355e+00,-1.650531213185507662e-05
6.152000000000000135e+00,-2.165447454238397795e-05
6.153999999999999915e+00,5.822267287775712008e-05
6.155999999999999694e+00,-5.170468335561825834e-05
6.158000000000000362e+00,3.164567419455810438e-05
6.160000000000000142e+00,-1.650650891126329012e-05
6.161999999999999922e+00,-2.138024357160178690e-05
6.163999999999999702e+00,5.935006274587414921e-05
6.166000000000000369e+00,-5.277623037579573517e-05
6.168000000000000149e+00,3.150986952415654740e-05
6.169999999999999929e+00,-1.655214074900573928e-05
6.171999999999999709e+00,-2.179070355626949729e-05
6.174000000000000377e+00,5.825539293309589528e-05
6.176000000000000156e+00,-5.173550733067119878e-05
6.177999999999999936e+00,3.163824343866208921e-05
6.179999999999999716e+00,-1.651026503464783635e-05
6.182000000000000384e+00,-2.166698709198458528e-05
6.184000000000000163e+00,5.821317168267989284e-05
6.185999999999999943e+00,-5.169836027434440706e-05
6.187999999999999723e+00,3.164742592798308607e-05
6.190000000000000391e+00,-1.650564925670394700e-05
6.192000000000000171e+00,-2.165799481454802611e-05
6.193999999999999950e+00,5.821007420224108553e-05
6.195999999999999730e+00,-5.169563461815754324e-05
6.198000000000000398e+00,3.164810062697073767e-05
6.200000000000000178e+00,-1.650530987565984598e-05
6.201999999999999957e+00,-2.165733374203185346e-05
6.203999999999999737e+00,5.820984639277881900e-05
6.206000000000000405e+00,-5.169543416672084390e-05
6.208000000000000185e+00,3.164815000068765816e-05
6.209999999999999964e+00,-1.650528485847360671e-05
6.211999999999999744e+00,-2.137790384214646733e-05
6.214000000000000412e+00,5.934921026131551036e-05
6.216000000000000192e+00,-5.277541613549208144e-05
6.217999999999999972e+00,3.151003690761780551e-05
6.219999999999999751e+00,-1.655206040208911933e-05
6.222000000000000419e+00,-2.150942206580533367e-05
6.224000000000000199e+00,5.949790880638988755e-05
6.225999999999999979e+00,-5.295888784523708481e-05
6.227999999999999758e+00,3.151349514333989799e-05
6.230000000000000426e+00,-1.654685838583039303e-05
6.232000000000000206e+00,-2.150624480668980598e-05
6.233999999999999986e+00,5.939546553724792122e-05
6.235999999999999766e+00,-5.281957764372013919e-05
6.238000000000000433e+00,3.150090240798195107e-05
6.240000000000000213e+00,-1.655639466846201002e-05
6.241999999999999993e+00,-2.151828892237722668e-05
6.243999999999999773e+00,5.939991234345937121e-05
6.246000000000000441e+00,-5.282382504596255801e-05
6.248000000000000220e+00,3.150001926851067613e-05
6.250000000000000000e+00,-1.655681395270128253e-05
6.251999999999999780e+00,-2.151914575454841327e-05
6.254000000000000448e+00,5.940022367717165408e-05
6.256000000000000227e+00,-5.282412230328201175e-05
6.258000000000000007e+00,3.149995740385144738e-05
6.259999999999999787e+00,-1.655684313634289695e-05
6.262000000000000455e+00,-2.180044966998417877e-05
6.264000000000000234e+00,5.825874311365594749e-05
6.266000000000000014e+00,-5.173845553737427272e-05
6.267999999999999794e+00,3.163751137926981705e-05
6.270000000000000462e+00,-1.651063136427072253e-05
6.272000000000000242e+00,-2.166770030125053648e-05
6.274000000000000021e+00,5.821341641765176433e-05
6.275999999999999801e+00,-5.169857586347081924e-05
6.278000000000000469e+00,3.164737028998193535e-05
6.280000000000000249e+00,-1.650567553883319771e-05
6.282000000000000028e+00,-2.165804566088558314e-05
6.283999999999999808e+00,5.821009079366376571e-05
6.286000000000000476e+00,-5.169564944463439504e-05
6.288000000000000256e+00,3.164809468690285565e-05
6.290000000000000036e+00,-1.650531114284412015e-05
6.291999999999999815e+00,-2.165733591242766098e-05
6.294000000000000483e+00,5.820984622866010039e-05
6.296000000000000263e+00,-5.169543424789202479e-05
6.298000000000000043e+00,3.164814772553189992e-05
6.299999999999999822e+00,-1.650528430732073337e-05
6.302000000000000490e+00,-2.137790247154144896e-05
6.304000000000000270e+00,5.934920927266537638e-05
6.306000000000000050e+00,-5.277541486054665443e-05
6.307999999999999829e+00,3.151003468360863424e-05
6.310000000000000497e+00,-1.655205988268862449e-05
6.312000000000000277e+00,-2.179053542871942084e-05
6.314000000000000057e+00,5.825533369066895895e-05
6.315999999999999837e+00,-5.173545557083172874e-05
6.318000000000000504e+00,3.163825275720108521e-05
6.320000000000000284e+00,-1.651025771345904225e-05
6.322000000000000064e+00,-2.166697231877415253e-05
6.323999999999999844e+00,5.831516760708768676e-05
6.326000000000000512e+00,-5.183697594028299771e-05
6.328000000000000291e+00,3.166015246290621032e-05
6.330000000000000071e+00,-1.649605420634206454e-05
6.331999999999999851e+00,-2.136643254491837896e-05
6.334000000000000519e+00,5.934497135406599511e-05
6.336000000000000298e+00,-5.277136678572685868e-05
6.338000000000000078e+00,3.151087540175651069e-05
6.339999999999999858e+00,-1.655166003542568598e-05
6.342000000000000526e+00,-2.178970737052449147e-05
6.344000000000000306e+00,5.825504865079531025e-05
6.346000000000000085e+00,-5.173520482879348514e-05
6.347999999999999865e+00,3.163831406539224789e-05
6.350000000000000533e+00,-1.651022631567536370e-05
6.352000000000000313e+00,-2.166404593454546168e-05
6.354000000000000092e+00,5.832796824708011418e-05
6.355999999999999872e+00,-5.184620344449164531e-05
6.358000000000000540e+00,3.165767961028215227e-05
6.360000000000000320e+00,-1.649727526716396331e-05
6.362000000000000099e+00,-2.164802498394111097e-05
6.363999999999999879e+00,5.820657681740795675e-05
6.366000000000000547e+00,-5.169255645170664493e-05
6.368000000000000327e+00,3.164886105220740542e-05
6.370000000000000107e+00,-1.650492422908614309e-05
6.371999999999999886e+00,-2.137721036455514367e-05
6.374000000000000554e+00,5.934895693206210243e-05
6.376000000000000334e+00,-5.277517364372930064e-05
6.378000000000000114e+00,3.151008273626423883e-05
6.379999999999999893e+00,-1.655203583519199162e-05
6.382000000000000561e+00,-2.179048532883684497e-05
6.384000000000000341e+00,5.825531574031247994e-05
6.386000000000000121e+00,-5.173543995909066218e-05
6.387999999999999901e+00,3.163825486141372267e-05
6.390000000000000568e+00,-1.651025532894978554e-05
6.392000000000000348e+00,-2.138745975044376024e-05
6.394000000000000128e+00,5.935268781510558145e-05
6.395999999999999908e+00,-5.277873623819179238e-05
6.398000000000000576e+00,3.150934377415051668e-05
6.400000000000000355e+00,-1.655238625634936067e-05
6.402000000000000135e+00,-2.179121131426486890e-05
6.403999999999999915e+00,5.825556516820748487e-05
6.405999999999999694e+00,-5.173565948542527271e-05
6.408000000000000362e+00,3.163820001213235589e-05
6.410000000000000142e+00,-1.651028251257666279e-05
6.411999999999999922e+00,-2.138751197330868159e-05
6.413999999999999702e+00,5.935270670991144026e-05
6.416000000000000369e+00,-5.277875421721631155e-05
6.418000000000000149e+00,3.150933950835446695e-05
6.419999999999999929e+00,-1.655238794703861593e-05
6.421999999999999709e+00,-2.151009108371584877e-05
6.424000000000000377e+00,5.939693227186362834e-05
6.426000000000000156e+00,-5.282097878232111521e-05
6.427999999999999936e+00,3.150060398814796825e-05
6.429999999999999716e+00,-1.655653321397387856e-05
6.432000000000000384e+00,-2.151857097141066100e-05
6.434000000000000163e+00,5.940001380872611536e-05
6.435999999999999943e+00,-5.282392124858481530e-05
6.437999999999999723e+00,3.149999405376024963e-05
6.440000000000000391e+00,-1.655682255876506082e-05
6.442000000000000171e+00,-2.151916264800379786e-05
6.443999999999999950e+00,5.940022875867978502e-05
6.445999999999999730e+00,-5.282412646980677584e-05
6.448000000000000398e+00,3.149995126090765485e-05
6.450000000000000178e+00,-1.655684269803031627e-05
6.451999999999999957e+00,-2.180044797933308742e-05
6.453999999999999737e+00,5.825874058339175487e-05
6.456000000000000405e+00,-5.173845381498815010e-05
6.458000000000000185e+00,3.163750703969597788e-05
6.459999999999999964e+00,-1.651062995233765207e-05
6.461999999999999744e+00,-2.166769684639607840e-05
6.464000000000000412e+00,5.821341327213319650e-05
6.466000000000000192e+00,-5.169857358938365066e-05
6.467999999999999972e+00,3.164736607474960550e-05
6.469999999999999751e+00,-1.650567404758510048e-05
6.472000000000000419e+00,-2.165804208338964476e-05
6.474000000000000199e+00,5.821008761301357803e-05
6.475999999999999979e+00,-5.169564712327948119e-05
6.477999999999999758e+00,3.164809048982267226e-05
6.480000000000000426e+00,-1.650530968961422262e-05
6.482000000000000206e+00,-2.165446855635286272e-05
6.483999999999999986e+00,5.822266743807369416e-05
6.485999999999999766e+00,-5.170467943500095531e-05
6.488000000000000433e+00,3.164566690331757637e-05
6.490000000000000213e+00,-1.650650635339964700e-05
6.491999999999999993e+00,-2.165678541564755588e-05
6.493999999999999773e+00,5.822346663350574936e-05
6.496000000000000441e+00,-5.170538272033023408e-05
6.498000000000000220e+00,3.164549244253148097e-05
6.500000000000000000e+00,-1.650659386133110362e-05
6.501999999999999780e+00,-2.165981991435195209e-05
6.504000000000000448e+00,5.821070017475102332e-05
6.506000000000000227e+00,-5.169618623707475380e-05
6.508000000000000007e+00,3.164795620568677803e-05
6.509999999999999787e+00,-1.650537661989498472e-05
6.512000000000000455e+00,-2.137807918575068689e-05
6.514000000000000234e+00,5.934927244863330564e-05
6.516000000000000014e+00,-5.277547443305677377e-05
6.517999999999999794e+00,3.151001649100843016e-05
6.520000000000000462e+00,-1.655206479434997990e-05
6.522000000000000242e+00,-2.179054476472708224e-05
6.524000000000000021e+00,5.835730337579517202e-05
6.525999999999999801e+00,-5.187405576865047885e-05
6.528000000000000469e+00,3.165098000198693362e-05
6.530000000000000249e+00,-1.650066083094467451e-05
6.532000000000000028e+00,-2.137528893774581773e-05
6.533999999999999808e+00,5.934819415691350297e-05
6.536000000000000476e+00,-5.277444354987934072e-05
6.538000000000000256e+00,3.151023214238712900e-05
6.540000000000000036e+00,-1.655196185940122078e-05
6.541999999999999815e+00,-2.179033192765966742e-05
6.544000000000000483e+00,5.825526136620309825e-05
6.546000000000000263e+00,-5.173539251293601815e-05
6.548000000000000043e+00,3.163826256376289781e-05
6.549999999999999822e+00,-1.651024842005965887e-05
6.552000000000000490e+00,-2.138744591321031785e-05
6.554000000000000270e+00,5.935268189672174288e-05
6.556000000000000050e+00,-5.277873001323721280e-05
6.557999999999999829e+00,3.150934063455429479e-05
6.560000000000000497e+00,-1.655238492606278533e-05
6.562000000000000277e+00,-2.179120791874489260e-05
6.564000000000000057e+00,5.825556234792528265e-05
6.565999999999999837e+00,-5.173565742676647372e-05
6.568000000000000504e+00,3.163819650876462108e-05
6.570000000000000284e+00,-1.651028126264594831e-05
6.572000000000000064e+00,-2.166415212073724561e-05
6.573999999999999844e+00,5.822600517123299735e-05
6.576000000000000512e+00,-5.170761674272439379e-05
6.578000000000000291e+00,3.164493722021891053e-05
6.580000000000000071e+00,-1.650687150766411149e-05
6.581999999999999851e+00,-2.138093911006541670e-05
6.584000000000000519e+00,5.935031363341752852e-05
6.586000000000000298e+00,-5.277646843484390393e-05
6.588000000000000078e+00,3.150980850840853775e-05
6.589999999999999858e+00,-1.655216228877223750e-05
6.592000000000000526e+00,-2.150962901653619141e-05
6.594000000000000306e+00,5.939676340198027371e-05
6.596000000000000085e+00,-5.282081692441556453e-05
6.597999999999999865e+00,3.150063280582190983e-05
6.600000000000000533e+00,-1.655651653222414699e-05
6.602000000000000313e+00,-2.151853622385513365e-05
6.604000000000000092e+00,5.940000024627981046e-05
6.605999999999999872e+00,-5.282390768416439508e-05
6.608000000000000540e+00,3.149999215932078322e-05
6.610000000000000320e+00,-1.655682046229622895e-05
6.612000000000000099e+00,-2.151915773146440003e-05
6.613999999999999879e+00,5.940022603911909727e-05
6.616000000000000547e+00,-5.282412325467028547e-05
6.618000000000000327e+00,3.149994721363125194e-05
6.620000000000000107e+00,-1.655684161800882737e-05
6.621999999999999886e+00,-2.151920096210221955e-05
6.624000000000000554e+00,5.940024170287411254e-05
6.626000000000000334e+00,-5.282413817702530379e-05
6.628000000000000114e+00,3.149994384244597656e-05
6.629999999999999893e+00,-1.655684302100113303e-05
6.632000000000000561e+00,-2.180044798999122846e-05
6.634000000000000341e+00,5.825873875137110858e-05
6.636000000000000121e+00,-5.173845266709040103e-05
6.637999999999999901e+00,3.163750281487062721e-05
6.640000000000000568e+00,-1.651062867548402924e-05
6.642000000000000348e+00,-2.138817660788522312e-05
6.644000000000000128e+00,5.935294739817589815e-05
6.645999999999999908e+00,-5.277898321934954007e-05
6.648000000000000576e+00,3.150928566856073254e-05
6.650000000000000355e+00,-1.655240944353417176e-05
6.652000000000000135e+00,-2.151013420430281098e-05
6.653999999999999915e+00,5.939694667236525283e-05
6.656000000000000583e+00,-5.282099169444734454e-05
6.658000000000000362e+00,3.150059491973181136e-05
6.660000000000000142e+00,-1.655653344656560222e-05
6.661999999999999922e+00,-2.151857061287107409e-05
6.663999999999999702e+00,5.940001240209435984e-05
6.666000000000000369e+00,-5.282391908168621031e-05
6.668000000000000149e+00,3.149998813534518605e-05
6.669999999999999929e+00,-1.655682130919863826e-05
6.671999999999999709e+00,-2.151915925222014359e-05
6.674000000000000377e+00,5.940022626723523436e-05
6.676000000000000156e+00,-5.282412325743196524e-05
6.677999999999999936e+00,3.149994554200313823e-05
6.679999999999999716e+00,-1.655684135013629765e-05
6.682000000000000384e+00,-2.180044426421806625e-05
6.684000000000000163e+00,5.825873697217626157e-05
6.685999999999999943e+00,-5.173845121879752651e-05
6.687999999999999723e+00,3.163750192800018901e-05
6.690000000000000391e+00,-1.651062819283538596e-05
6.692000000000000171e+00,-2.166769256795736398e-05
6.693999999999999950e+00,5.821340944187763933e-05
6.695999999999999730e+00,-5.169857081886372607e-05
6.698000000000000398e+00,3.164736100501677751e-05
6.700000000000000178e+00,-1.650567228033208989e-05
6.701999999999999957e+00,-2.137864686688195626e-05
6.703999999999999737e+00,5.934947805019338829e-05
6.706000000000000405e+00,-5.277567007877861927e-05
6.708000000000000185e+00,3.150997068245009469e-05
6.709999999999999964e+00,-1.655208318446926841e-05
6.711999999999999744e+00,-2.150946685427340688e-05
6.714000000000000412e+00,5.939670380984349296e-05
6.716000000000000192e+00,-5.282075958610438216e-05
6.717999999999999972e+00,3.150064135477859129e-05
6.719999999999999751e+00,-1.655651035539079663e-05
6.722000000000000419e+00,-2.179975826157795615e-05
6.724000000000000199e+00,5.825850067084706319e-05
6.725999999999999979e+00,-5.173824340177352044e-05
6.727999999999999758e+00,3.163755237340845627e-05
6.730000000000000426e+00,-1.651060207963003790e-05
6.732000000000000206e+00,-2.166477632134858333e-05
6.733999999999999986e+00,5.822621874819119969e-05
6.735999999999999766e+00,-5.170780510255906792e-05
6.738000000000000433e+00,3.164488656772976305e-05
6.740000000000000213e+00,-1.650689395387913705e-05
6.741999999999999993e+00,-2.138098171510990908e-05
6.743999999999999773e+00,5.935032825128000455e-05
6.746000000000000441e+00,-5.277648181770122626e-05
6.748000000000000220e+00,3.150980130999653239e-05
6.750000000000000000e+00,-1.655216287363078798e-05
6.751999999999999780e+00,-2.179074710167983042e-05
6.754000000000000448e+00,5.825540196827821982e-05
6.756000000000000227e+00,-5.173551679097526668e-05
6.758000000000000007e+00,3.163822656913201081e-05
6.759999999999999787e+00,-1.651026256791962576e-05
6.762000000000000455e+00,-2.138747240715971332e-05
6.764000000000000234e+00,5.935269037608825737e-05
6.766000000000000014e+00,-5.277873735733476512e-05
6.767999999999999794e+00,3.150933327561444841e-05
6.770000000000000462e+00,-1.655238470290795738e-05
6.772000000000000242e+00,-2.151008318524577634e-05
6.774000000000000021e+00,5.939692747020108854e-05
6.775999999999999801e+00,-5.282097293876977795e-05
6.778000000000000469e+00,3.150059548615719018e-05
6.780000000000000249e+00,-1.655653106183777035e-05
6.782000000000000028e+00,-2.179980094388356271e-05
6.783999999999999808e+00,5.825851473247045664e-05
6.786000000000000476e+00,-5.173825592721600919e-05
6.788000000000000256e+00,3.163754776620147924e-05
6.790000000000000036e+00,-1.651060327573228292e-05
6.791999999999999815e+00,-2.166764362175610525e-05
6.794000000000000483e+00,5.821339156737714848e-05
6.796000000000000263e+00,-5.169855533953410243e-05
6.798000000000000043e+00,3.164736232397213911e-05
6.799999999999999822e+00,-1.650566972706893343e-05
6.802000000000000490e+00,-2.137864161845179356e-05
6.804000000000000270e+00,5.934947560065975680e-05
6.806000000000000050e+00,-5.277566738028788285e-05
6.807999999999999829e+00,3.150996847332138140e-05
6.810000000000000497e+00,-1.655208247524839194e-05
6.812000000000000277e+00,-2.150946501150441392e-05
6.814000000000000057e+00,5.939670260285759285e-05
6.815999999999999837e+00,-5.282075807821334790e-05
6.818000000000000504e+00,3.150063889233514769e-05
6.820000000000000284e+00,-1.655650975209213560e-05
6.822000000000000064e+00,-2.151852154844494103e-05
6.823999999999999844e+00,5.939999369765358583e-05
6.826000000000000512e+00,-5.282390063737762986e-05
6.828000000000000291e+00,3.149998751111882100e-05
6.830000000000000071e+00,-1.655681877704706650e-05
6.831999999999999851e+00,-2.180039690981641631e-05
6.834000000000000519e+00,5.825871914648048100e-05
6.836000000000000298e+00,-5.173843592484045351e-05
6.838000000000000078e+00,3.163750194610376321e-05
6.839999999999999858e+00,-1.651062535003300358e-05
6.842000000000000526e+00,-2.166768646442648882e-05
6.844000000000000306e+00,5.821340580986628099e-05
6.846000000000000085e+00,-5.169856800653696571e-05
6.847999999999999865e+00,3.164735793757117444e-05
6.850000000000000533e+00,-1.650567099037089647e-05
6.852000000000000313e+00,-2.137864387458457416e-05
6.854000000000000092e+00,5.934947612593055588e-05
6.855999999999999872e+00,-5.277566770232888782e-05
6.858000000000000540e+00,3.150996702147579320e-05
6.860000000000000320e+00,-1.655208228124385728e-05
6.862000000000000099e+00,-2.179057966174291483e-05
6.863999999999999879e+00,5.825534326884748704e-05
6.866000000000000547e+00,-5.173546541567888846e-05
6.868000000000000327e+00,3.163823652560168731e-05
6.870000000000000107e+00,-1.651025548538714860e-05
6.871999999999999886e+00,-2.166410081656799935e-05
6.874000000000000554e+00,5.822598441942300473e-05
6.876000000000000334e+00,-5.170759926072937551e-05
6.878000000000000114e+00,3.164493402783505327e-05
6.879999999999999893e+00,-1.650686745085713780e-05
6.882000000000000561e+00,-2.166035135250238275e-05
6.884000000000000341e+00,6.000412980115832351e-05
6.886000000000000121e+00,-5.750197673801485387e-05
6.887999999999999901e+00,3.306619138326166718e-05
6.890000000000000568e+00,-1.556730342748557927e-05
6.892000000000000348e+00,-2.022731798192317632e-05
6.894000000000000128e+00,5.771371922690116119e-05
6.895999999999999908e+00,-5.125879830668311765e-05
6.898000000000000576e+00,3.175639780438402338e-05
6.900000000000000355e+00,-1.645084343302946617e-05
6.902000000000000135e+00,-2.127326928291414787e-05
6.903999999999999915e+00,5.931111697651814119e-05
6.906000000000000583e+00,-5.273903785035435887e-05
6.908000000000000362e+00,3.151755757494975607e-05
6.910000000000000142e+00,-1.654847805211343004e-05
6.911999999999999922e+00,-2.150209403885619541e-05
6.913999999999999702e+00,5.939402340410585013e-05
6.916000000000000369e+00,-5.281819939339030268e-05
6.918000000000000149e+00,3.150116620787013488e-05
6.919999999999999929e+00,-1.655625764872270533e-05
6.921999999999999709e+00,-2.151800561419475732e-05
6.924000000000000377e+00,5.939980564961117038e-05
6.926000000000000156e+00,-5.282372072062599400e-05
6.927999999999999936e+00,3.150002198175350099e-05
6.929999999999999716e+00,-1.655680062320752377e-05
6.932000000000000384e+00,-2.180035889202958099e-05
6.934000000000000163e+00,5.825870503723545868e-05
6.935999999999999943e+00,-5.173842377094103884e-05
6.937999999999999723e+00,3.163750242772891963e-05
6.940000000000000391e+00,-1.651062320055449173e-05
6.942000000000000171e+00,-2.166768191462845050e-05
6.943999999999999950e+00,5.821340320649737166e-05
6.945999999999999730e+00,-5.169856598034178186e-05
6.948000000000000398e+00,3.164735591235090517e-05
6.950000000000000178e+00,-1.650567010265044376e-05
6.951999999999999957e+00,-2.137864183105950278e-05
6.953999999999999737e+00,5.945073494262667624e-05
6.956000000000000405e+00,-5.291383217126063854e-05
6.958000000000000185e+00,3.152279702591312405e-05
6.959999999999999964e+00,-1.654243151886364283e-05
6.961999999999999744e+00,-2.177813732407579694e-05
6.964000000000000412e+00,5.825099450713910887e-05
6.966000000000000192e+00,-5.173163789340060048e-05
6.967999999999999972e+00,3.163918429682430200e-05
6.969999999999999751e+00,-1.650977697553387968e-05
6.972000000000000419e+00,-2.166316887864880303e-05
6.974000000000000199e+00,5.822566208085050432e-05
6.975999999999999979e+00,-5.170731585623852822e-05
6.977999999999999758e+00,3.164500166753098087e-05
6.980000000000000426e+00,-1.650683154356957782e-05
6.982000000000000206e+00,-2.138086088938895291e-05
6.983999999999999986e+00,5.935028295164790357e-05
6.985999999999999766e+00,-5.277643768317880069e-05
6.988000000000000433e+00,3.150980377920539754e-05
6.990000000000000213e+00,-1.655215746241764374e-05
6.991999999999999993e+00,-2.150961768624878867e-05
6.993999999999999773e+00,5.939675709927191849e-05
6.996000000000000441e+00,-5.282080945462341859e-05
6.998000000000000220e+00,3.150062322348351485e-05
7.000000000000000000e+00,-1.655651399668639501e-05
7.001999999999999780e+00,-2.179976468193872696e-05
7.004000000000000448e+00,5.825850000755472546e-05
7.006000000000000227e+00,-5.173824352765893364e-05
7.008000000000000007e+00,3.163754528423545764e-05
7.009999999999999787e+00,-1.651060031566606301e-05
7.012000000000000455e+00,-2.166763712738162262e-05
7.014000000000000234e+00,5.821338707210146901e-05
7.016000000000000014e+00,-5.169855194416678179e-05
7.017999999999999794e+00,3.164735762022433119e-05
7.020000000000000462e+00,-1.650566790240698412e-05
7.022000000000000242e+00,-2.165802806959604698e-05
7.024000000000000021e+00,5.821007715432757745e-05
7.025999999999999801e+00,-5.169563933955789725e-05
7.028000000000000469e+00,3.164807861457535898e-05
7.030000000000000249e+00,-1.650530526398422126e-05
7.032000000000000028e+00,-2.165732166311759577e-05
7.033999999999999808e+00,5.820983371666171857e-05
7.036000000000000476e+00,-5.169542514154440438e-05
7.038000000000000256e+00,3.164813139147279464e-05
7.040000000000000036e+00,-1.650527854592936938e-05
7.041999999999999815e+00,-2.137788881872645930e-05
7.044000000000000483e+00,5.934920022913556248e-05
7.046000000000000263e+00,-5.277540354620829932e-05
7.048000000000000043e+00,3.151001647159340502e-05
7.049999999999999822e+00,-1.655205544638313486e-05
7.052000000000000490e+00,-2.150940882733945458e-05
7.054000000000000270e+00,5.949789948895070624e-05
7.056000000000000050e+00,-5.295887599263832124e-05
7.057999999999999829e+00,3.151347458225581266e-05
7.060000000000000497e+00,-1.654685349104442760e-05
7.062000000000000277e+00,-2.178730260032901711e-05
7.064000000000000057e+00,5.825414485544425092e-05
7.065999999999999837e+00,-5.173441028161890332e-05
7.068000000000000504e+00,3.163849548814406942e-05
7.070000000000000284e+00,-1.651012136006518860e-05
7.072000000000000064e+00,-2.166670430339343034e-05
7.073999999999999844e+00,5.821306513131146998e-05
7.076000000000000512e+00,-5.169826881325570445e-05
7.078000000000000291e+00,3.164742623729122073e-05
7.080000000000000071e+00,-1.650563230043422536e-05
7.081999999999999851e+00,-2.137856870276788612e-05
7.084000000000000519e+00,5.934944750037030037e-05
7.086000000000000298e+00,-5.277563953495073568e-05
7.088000000000000078e+00,3.150996644484677089e-05
7.089999999999999858e+00,-1.655207847211376260e-05
7.092000000000000526e+00,-2.179057083930013849e-05
7.094000000000000306e+00,5.825533786674164105e-05
7.096000000000000085e+00,-5.173546124615305275e-05
7.097999999999999865e+00,3.163823176838970186e-05
7.100000000000000533e+00,-1.651025353390997430e-05
7.102000000000000313e+00,-2.138745385208556948e-05
7.104000000000000092e+00,5.935268175790223144e-05
7.105999999999999872e+00,-5.277872790441368034e-05
7.108000000000000540e+00,3.150932578454418431e-05
7.110000000000000320e+00,-1.655238224826036109e-05
7.112000000000000099e+00,-2.151007687961614678e-05
7.113999999999999879e+00,5.939692330234405682e-05
7.116000000000000547e+00,-5.282096772559266573e-05
7.118000000000000327e+00,3.150058709583750116e-05
7.120000000000000107e+00,-1.655652902972370999e-05
7.121999999999999886e+00,-2.179979533305578809e-05
7.124000000000000554e+00,5.825850931487699946e-05
7.126000000000000334e+00,-5.173825202555576430e-05
7.128000000000000114e+00,3.163754017672382179e-05
7.129999999999999893e+00,-1.651060064008363915e-05
7.132000000000000561e+00,-2.138812102414275329e-05
7.134000000000000341e+00,5.935292446501705399e-05
7.136000000000000121e+00,-5.277895954932526612e-05
7.137999999999999901e+00,3.150927694593047557e-05
7.140000000000000568e+00,-1.655240490254852870e-05
7.142000000000000348e+00,-2.151012311994368598e-05
7.144000000000000128e+00,5.939693993801259397e-05
7.145999999999999908e+00,-5.282098349977323859e-05
7.148000000000000576e+00,3.150058300637609277e-05
7.150000000000000355e+00,-1.655653043097782273e-05
7.152000000000000135e+00,-2.179979817070604176e-05
7.153999999999999915e+00,5.825850997463397074e-05
7.156000000000000583e+00,-5.173825270687534839e-05
7.158000000000000362e+00,3.163753926436682629e-05
7.160000000000000142e+00,-1.651060053181954701e-05
7.161999999999999922e+00,-2.138812070612977623e-05
7.164000000000000590e+00,5.935292416410498095e-05
7.166000000000000369e+00,-5.277895915287850181e-05
7.168000000000000149e+00,3.150927618541729536e-05
7.169999999999999929e+00,-1.655240473187602479e-05
7.171999999999999709e+00,-2.151012264474047586e-05
7.174000000000000377e+00,5.939693962147066242e-05
7.176000000000000156e+00,-5.282098308764457406e-05
7.177999999999999936e+00,3.150058225164648062e-05
7.179999999999999716e+00,-1.655653026447559406e-05
7.182000000000000384e+00,-2.179691370476216639e-05
7.184000000000000163e+00,5.827137339459512178e-05
7.185999999999999943e+00,-5.174753425777126048e-05
7.187999999999999723e+00,3.163505236533289966e-05
7.190000000000000391e+00,-1.651182872416251390e-05
7.192000000000000171e+00,-2.167001525369555148e-05
7.193999999999999950e+00,5.831620654351415967e-05
7.195999999999999730e+00,-5.183789264993562962e-05
7.198000000000000398e+00,3.165990361819401300e-05
7.200000000000000178e+00,-1.649616287830585337e-05
7.201999999999999957e+00,-2.164586884652666687e-05
7.203999999999999737e+00,5.820582504464585916e-05
7.206000000000000405e+00,-5.169189706607027479e-05
7.208000000000000185e+00,3.164900328889511116e-05
7.209999999999999964e+00,-1.650483687627712914e-05
7.211999999999999744e+00,-2.165640900064769170e-05
7.214000000000000412e+00,5.820951751318859113e-05
7.216000000000000192e+00,-5.169514736207136973e-05
7.217999999999999972e+00,3.164819566871257539e-05
7.219999999999999751e+00,-1.650524282098553286e-05
7.222000000000000419e+00,-2.165719934319604301e-05
7.224000000000000199e+00,5.820978963886128121e-05
7.225999999999999979e+00,-5.169538686126962101e-05
7.227999999999999758e+00,3.164813611932978943e-05
7.230000000000000426e+00,-1.650527257858122598e-05
7.232000000000000206e+00,-2.165725724492112425e-05
7.233999999999999986e+00,5.831181468015853020e-05
7.235999999999999766e+00,-5.183402727066202531e-05
7.238000000000000433e+00,3.166085992477307709e-05
7.240000000000000213e+00,-1.649568134469078795e-05
7.241999999999999993e+00,-2.164206882393840403e-05
7.243999999999999773e+00,5.821832250132649711e-05
7.246000000000000441e+00,-5.170085697507251221e-05
7.248000000000000220e+00,3.164659694352908725e-05
7.250000000000000000e+00,-1.650602429345560118e-05
7.251999999999999780e+00,-2.137930856589004280e-05
7.254000000000000448e+00,5.934971637592406646e-05
7.256000000000000227e+00,-5.277589568017729271e-05
7.258000000000000007e+00,3.150990860696298301e-05
7.259999999999999787e+00,-1.655210292208705858e-05
7.262000000000000455e+00,-2.150950514437713346e-05
7.264000000000000234e+00,5.949793331177025135e-05
7.266000000000000014e+00,-5.295890754679691281e-05
7.267999999999999794e+00,3.151346220364031891e-05
7.270000000000000462e+00,-1.654685562727312154e-05
7.272000000000000242e+00,-2.178730623077912432e-05
7.274000000000000021e+00,5.825414397564107616e-05
7.275999999999999801e+00,-5.173441004116888231e-05
7.278000000000000469e+00,3.163849027261467217e-05
7.280000000000000249e+00,-1.651012001840229670e-05
7.282000000000000028e+00,-2.166670089173358682e-05
7.283999999999999808e+00,5.821306180198854152e-05
7.286000000000000476e+00,-5.169826642576966225e-05
7.288000000000000256e+00,3.164742155363498011e-05
7.290000000000000036e+00,-1.650563068041413506e-05
7.291999999999999815e+00,-2.165795451100974156e-05
7.294000000000000483e+00,5.821004905169624433e-05
7.296000000000000263e+00,-5.169561530306635011e-05
7.298000000000000043e+00,3.164807778395159477e-05
7.299999999999999822e+00,-1.650530058386681653e-05
7.302000000000000490e+00,-2.137793029682172330e-05
7.304000000000000270e+00,5.934921389683101012e-05
7.306000000000000050e+00,-5.277541565542123725e-05
7.307999999999999829e+00,3.151000671294118538e-05
7.310000000000000497e+00,-1.655205543818483171e-05
7.312000000000000277e+00,-2.150940792301075932e-05
7.314000000000000057e+00,5.939667909238624532e-05
7.315999999999999837e+00,-5.282073381755042485e-05
7.318000000000000504e+00,3.150062999776603867e-05
7.320000000000000284e+00,-1.655650510819228760e-05
7.322000000000000064e+00,-2.179974500406828275e-05
7.323999999999999844e+00,5.825848995584526069e-05
7.326000000000000512e+00,-5.173823551492956474e-05
7.328000000000000291e+00,3.163753924421627839e-05
7.330000000000000071e+00,-1.651059733022430809e-05
7.331999999999999851e+00,-2.138811396831460931e-05
7.334000000000000519e+00,5.935292078253565085e-05
7.336000000000000298e+00,-5.277895531325890732e-05
7.338000000000000078e+00,3.150927225739272308e-05
7.339999999999999858e+00,-1.655240358658383037e-05
7.342000000000000526e+00,-2.151011967541083258e-05
7.344000000000000306e+00,5.939693757672087626e-05
7.346000000000000085e+00,-5.282098052373021546e-05
7.347999999999999865e+00,3.150057806461034615e-05
7.350000000000000533e+00,-1.655652924749048682e-05
7.352000000000000313e+00,-2.151855945027592032e-05
7.354000000000000092e+00,5.940000454295393806e-05
7.355999999999999872e+00,-5.282390908298989496e-05
7.358000000000000540e+00,3.149997101935600452e-05
7.360000000000000320e+00,-1.655681722298463221e-05
7.362000000000000099e+00,-2.180039155965513009e-05
7.363999999999999879e+00,5.825871186202619123e-05
7.366000000000000547e+00,-5.173843089134599893e-05
7.368000000000000327e+00,3.163748988192077727e-05
7.370000000000000107e+00,-1.651062139244874327e-05
7.371999999999999886e+00,-2.138816008276714364e-05
7.374000000000000554e+00,5.935293734765992313e-05
7.376000000000000334e+00,-5.277897098451139746e-05
7.378000000000000114e+00,3.150926790915220543e-05
7.379999999999999893e+00,-1.655240495528065292e-05
7.382000000000000561e+00,-2.179124611378924214e-05
7.384000000000000341e+00,5.825556709163418057e-05
7.386000000000000121e+00,-5.173566370467522213e-05
7.387999999999999901e+00,3.163817438426100304e-05
7.390000000000000568e+00,-1.651027691260131824e-05
7.392000000000000348e+00,-2.138749779214896285e-05
7.394000000000000128e+00,5.935269613900964747e-05
7.395999999999999908e+00,-5.277874058341389119e-05
7.398000000000000576e+00,3.150931511035695576e-05
7.400000000000000355e+00,-1.655238218949139917e-05
7.402000000000000135e+00,-2.179119888563035845e-05
7.403999999999999915e+00,5.825555063773690812e-05
7.406000000000000583e+00,-5.173564928902599225e-05
7.408000000000000362e+00,3.163817743718350117e-05
7.410000000000000142e+00,-1.651027499346979788e-05
7.411999999999999922e+00,-2.138749401019504615e-05
7.414000000000000590e+00,5.935269466706555308e-05
7.416000000000000369e+00,-5.277873910108921152e-05
7.418000000000000149e+00,3.150931485467953208e-05
7.419999999999999929e+00,-1.655238195001976220e-05
7.422000000000000597e+00,-2.179119831480919034e-05
7.424000000000000377e+00,5.825555023691517120e-05
7.426000000000000156e+00,-5.173564898934557288e-05
7.427999999999999936e+00,3.163817702415278044e-05
7.429999999999999716e+00,-1.651027482314423867e-05
7.432000000000000384e+00,-2.166413636568720325e-05
7.434000000000000163e+00,5.822599095520880619e-05
7.435999999999999943e+00,-5.170760645549846157e-05
7.437999999999999723e+00,3.164491816235598387e-05
7.440000000000000391e+00,-1.650686482299740243e-05
7.442000000000000171e+00,-2.138092330628699189e-05
7.443999999999999950e+00,5.935030313431594040e-05
7.445999999999999730e+00,-5.277645529481664322e-05
7.448000000000000398e+00,3.150978735151632737e-05
7.450000000000000178e+00,-1.655215713233446073e-05
7.451999999999999957e+00,-2.150961529293407559e-05
7.453999999999999737e+00,5.939675366987973160e-05
7.456000000000000405e+00,-5.282080453232473882e-05
7.458000000000000185e+00,3.150061147374691450e-05
7.459999999999999964e+00,-1.655651143703251726e-05
7.461999999999999744e+00,-2.151852262408798788e-05
7.464000000000000412e+00,5.939999054888761565e-05
7.466000000000000192e+00,-5.282389533542083959e-05
7.467999999999999972e+00,3.149997082439043306e-05
7.469999999999999751e+00,-1.655681537861275476e-05
7.472000000000000419e+00,-2.180038728330502273e-05
7.474000000000000199e+00,5.825870926843071396e-05
7.475999999999999979e+00,-5.173842886989007961e-05
7.477999999999999758e+00,3.163748762075729859e-05
7.480000000000000426e+00,-1.651062047145976375e-05
7.482000000000000206e+00,-2.138815790786452453e-05
7.483999999999999986e+00,5.935293594547252916e-05
7.485999999999999766e+00,-5.277896925584904531e-05
7.488000000000000433e+00,3.150926521834282457e-05
7.490000000000000213e+00,-1.655240427981749529e-05
7.491999999999999993e+00,-2.179124430155485181e-05
7.493999999999999773e+00,5.825556534089573746e-05
7.496000000000000441e+00,-5.173566246599939356e-05
7.498000000000000220e+00,3.163817193410980999e-05
7.500000000000000000e+00,-1.651027606033861339e-05
7.501999999999999780e+00,-2.166413850874029934e-05
7.504000000000000448e+00,5.822599099845893189e-05
7.506000000000000227e+00,-5.170760665796844679e-05
7.508000000000000007e+00,3.164491637301994342e-05
7.509999999999999787e+00,-1.650686442024665301e-05
7.512000000000000455e+00,-2.138092229186233650e-05
7.514000000000000234e+00,5.935030238648011935e-05
7.516000000000000014e+00,-5.277645433502536898e-05
7.517999999999999794e+00,3.150978560217260194e-05
7.520000000000000462e+00,-1.655215672360585422e-05
7.522000000000000242e+00,-2.179073121647348565e-05
7.524000000000000021e+00,5.825538860785781092e-05
7.525999999999999801e+00,-5.173550700912979416e-05
7.528000000000000469e+00,3.163820965973451749e-05
7.530000000000000249e+00,-1.651025653712223651e-05
7.532000000000000028e+00,-2.138745813976342114e-05
7.533999999999999808e+00,5.935268093860621152e-05
7.536000000000000476e+00,-5.277872555449827918e-05
7.538000000000000256e+00,3.150931432466946847e-05
7.540000000000000036e+00,-1.655238008132359218e-05
7.541999999999999815e+00,-2.179119395365192169e-05
7.544000000000000483e+00,5.825554752553196991e-05
7.546000000000000263e+00,-5.173564691369689217e-05
7.548000000000000043e+00,3.163817452671302544e-05
7.549999999999999822e+00,-1.651027381164085761e-05
7.552000000000000490e+00,-2.138749128202666050e-05
7.554000000000000270e+00,5.945395023243885135e-05
7.556000000000000050e+00,-5.291690125229508990e-05
7.557999999999999829e+00,3.152214426568530903e-05
7.560000000000000497e+00,-1.654273075836834583e-05
7.562000000000000277e+00,-2.149779572957477569e-05
7.564000000000000057e+00,5.939238782637357161e-05
7.565999999999999837e+00,-5.281663399658853564e-05
7.568000000000000504e+00,3.150147535781189223e-05
7.570000000000000284e+00,-1.655609917018685540e-05
7.572000000000000064e+00,-2.151767971541110325e-05
7.573999999999999844e+00,5.939968362684081016e-05
7.576000000000000512e+00,-5.282360185139556297e-05
7.578000000000000291e+00,3.150002857394557099e-05
7.580000000000000071e+00,-1.655678602295596047e-05
7.581999999999999851e+00,-2.151908369747365657e-05
7.584000000000000519e+00,5.940019378974231712e-05
7.586000000000000298e+00,-5.282408894960802237e-05
7.588000000000000078e+00,3.149992736701037743e-05
7.589999999999999858e+00,-1.655683387930678707e-05
7.592000000000000526e+00,-2.180042516244581896e-05
7.594000000000000306e+00,5.825872107297416780e-05
7.596000000000000085e+00,-5.173843957638132873e-05
7.597999999999999865e+00,3.163748195941437635e-05
7.600000000000000533e+00,-1.651062104553180365e-05
7.602000000000000313e+00,-2.138815859907550188e-05
7.604000000000000092e+00,5.935293554594142651e-05
7.605999999999999872e+00,-5.277896843386073455e-05
7.608000000000000540e+00,3.150926204949569542e-05
7.610000000000000320e+00,-1.655240366428556431e-05
7.612000000000000099e+00,-2.179124253125219735e-05
7.613999999999999879e+00,5.825556350859753540e-05
7.616000000000000547e+00,-5.173566115660235831e-05
7.618000000000000327e+00,3.163816925800047586e-05
7.620000000000000107e+00,-1.651027515708891613e-05
7.621999999999999886e+00,-2.138749361629832535e-05
7.624000000000000554e+00,5.935269336506190929e-05
7.626000000000000334e+00,-5.277873710137284680e-05
7.628000000000000114e+00,3.150930944452456917e-05
7.629999999999999893e+00,-1.655238082579751913e-05
7.632000000000000561e+00,-2.179119509789634312e-05
7.634000000000000341e+00,5.825554699312798790e-05
7.636000000000000121e+00,-5.173564667677876816e-05
7.637999999999999901e+00,3.163817233670443430e-05
7.640000000000000568e+00,-1.651027322132486708e-05
7.642000000000000348e+00,-2.138748984060676039e-05
7.644000000000000128e+00,5.935269188441991139e-05
7.645999999999999908e+00,-5.277873561729262697e-05
7.648000000000000576e+00,3.150930920545885749e-05
7.650000000000000355e+00,-1.655238058260663503e-05
7.652000000000000135e+00,-2.179119454077949047e-05
7.653999999999999915e+00,5.825554661220352926e-05
7.656000000000000583e+00,-5.173564638071004307e-05
7.658000000000000362e+00,3.163817189560935716e-05
7.660000000000000142e+00,-1.651027306383973103e-05
7.661999999999999922e+00,-2.166699720604001178e-05
7.664000000000000590e+00,5.821316000173548666e-05
7.666000000000000369e+00,-5.169835380711487738e-05
7.668000000000000149e+00,3.164739039369229845e-05
7.669999999999999929e+00,-1.650563918309186362e-05
7.672000000000000597e+00,-2.165796965514221739e-05
7.674000000000000377e+00,5.821005038804394349e-05
7.676000000000000156e+00,-5.169561746851819573e-05
7.677999999999999936e+00,3.164806772425199366e-05
7.679999999999999716e+00,-1.650529846701498382e-05
7.682000000000000384e+00,-2.137792492847359616e-05
7.684000000000000163e+00,5.934920984928745979e-05
7.685999999999999943e+00,-5.277541043303621282e-05
7.687999999999999723e+00,3.150999725854905509e-05
7.690000000000000391e+00,-1.655205323201555667e-05
7.692000000000000171e+00,-2.179051613515961550e-05
7.693999999999999950e+00,5.825531292373911652e-05
7.695999999999999730e+00,-5.173544085358347533e-05
7.698000000000000398e+00,3.163822176386471563e-05
7.700000000000000178e+00,-1.651024723530944427e-05
7.701999999999999957e+00,-2.138743966514922157e-05
7.703999999999999737e+00,5.935267330338042657e-05
7.706000000000000405e+00,-5.277871764906502672e-05
7.708000000000000185e+00,3.150931126008268968e-05
7.709999999999999964e+00,-1.655237854912561257e-05
7.711999999999999744e+00,-2.179119007769680927e-05
7.714000000000000412e+00,5.825554443905298085e-05
7.716000000000000192e+00,-5.173564464174690292e-05
7.717999999999999972e+00,3.163817082477149434e-05
7.719999999999999751e+00,-1.651027246126618442e-05
7.722000000000000419e+00,-2.138748810722942983e-05
7.724000000000000199e+00,5.935269081121241630e-05
7.725999999999999979e+00,-5.277873430647658792e-05
7.727999999999999758e+00,3.150930725542844257e-05
7.730000000000000426e+00,-1.655238008697185181e-05
7.732000000000000206e+00,-2.151007019169162704e-05
7.733999999999999986e+00,5.939691745714126281e-05
7.735999999999999766e+00,-5.282095991325161388e-05
7.738000000000000433e+00,3.150057151165078229e-05
7.740000000000000213e+00,-1.655652546111302525e-05
7.741999999999999993e+00,-2.151855026834986750e-05
7.743999999999999773e+00,5.939999906650825223e-05
7.746000000000000441e+00,-5.282390244479642782e-05
7.748000000000000220e+00,3.149996156460999064e-05
7.750000000000000000e+00,-1.655681481170165337e-05
7.751999999999999780e+00,-2.180038501326322931e-05
7.754000000000000448e+00,5.825870562605264813e-05
7.756000000000000227e+00,-5.173842639926221065e-05
7.758000000000000007e+00,3.163748120490333937e-05
7.759999999999999787e+00,-1.651061838795625514e-05
7.762000000000000455e+00,-2.138815297536567073e-05
7.764000000000000234e+00,5.935293262178398255e-05
7.766000000000000014e+00,-5.277896506370935437e-05
7.767999999999999794e+00,3.150925832171719287e-05
7.770000000000000462e+00,-1.655240262060653222e-05
7.772000000000000242e+00,-2.151011610182149147e-05
7.774000000000000021e+00,5.939693392838230057e-05
7.775999999999999801e+00,-5.282097548402892029e-05
7.778000000000000469e+00,3.150056716128696310e-05
7.780000000000000249e+00,-1.655652681065850063e-05
7.782000000000000028e+00,-2.151855289127951876e-05
7.783999999999999808e+00,5.939999978959650817e-05
7.786000000000000476e+00,-5.282390300116387993e-05
7.788000000000000256e+00,3.149996034642818521e-05
7.790000000000000036e+00,-1.655681468077860319e-05
7.791999999999999815e+00,-2.151914155868600576e-05
7.794000000000000483e+00,5.940021365184733337e-05
7.796000000000000263e+00,-5.282410718548263828e-05
7.798000000000000043e+00,3.149991777366689671e-05
7.799999999999999822e+00,-1.655683472532448741e-05
7.802000000000000490e+00,-2.151918248737699768e-05
7.804000000000000270e+00,5.940022848034687275e-05
7.806000000000000050e+00,-5.282412130059102595e-05
7.807999999999999829e+00,3.149991458205325667e-05
7.810000000000000497e+00,-1.655683607578936622e-05
7.812000000000000277e+00,-2.180042882196642218e-05
7.814000000000000057e+00,5.825872008169766247e-05
7.815999999999999837e+00,-5.173843927383861563e-05
7.818000000000000504e+00,3.163747653376139390e-05
7.820000000000000284e+00,-1.651061963798411414e-05
7.822000000000000064e+00,-2.166767164715061034e-05
7.823999999999999844e+00,5.821339065695957382e-05
7.826000000000000512e+00,-5.169855719425880958e-05
7.828000000000000291e+00,3.164733602295521919e-05
7.830000000000000071e+00,-1.650566349784346465e-05
7.831999999999999851e+00,-2.165801643083664629e-05
7.834000000000000519e+00,5.821006484623900135e-05
7.836000000000000298e+00,-5.169563059397030980e-05
7.838000000000000078e+00,3.164806046542997797e-05
7.839999999999999858e+00,-1.650529910062620287e-05
7.842000000000000526e+00,-2.137792561137871750e-05
7.844000000000000306e+00,5.934920921898262369e-05
7.846000000000000085e+00,-5.277540924948642687e-05
7.847999999999999865e+00,3.150999307585319875e-05
7.850000000000000533e+00,-1.655205240660984067e-05
7.852000000000000313e+00,-2.179051377577262416e-05
7.854000000000000092e+00,5.835727919548810982e-05
7.855999999999999872e+00,-5.187403800770151729e-05
7.858000000000000540e+00,3.165095110584451032e-05
7.860000000000000320e+00,-1.650065026294333936e-05
7.862000000000000099e+00,-2.137526400749004130e-05
7.863999999999999879e+00,5.934817775574141585e-05
7.866000000000000547e+00,-5.277442309539748244e-05
7.868000000000000327e+00,3.151019945207139683e-05
7.870000000000000107e+00,-1.655195386300600813e-05
7.871999999999999886e+00,-2.179031004599304988e-05
7.874000000000000554e+00,5.825524020220892996e-05
7.876000000000000334e+00,-5.173537733359212520e-05
7.878000000000000114e+00,3.163823298527740357e-05
7.879999999999999893e+00,-1.651023820109856488e-05
7.882000000000000561e+00,-2.166692848250273418e-05
7.884000000000000341e+00,5.821313407602252132e-05
7.886000000000000121e+00,-5.169833156225614457e-05
7.887999999999999901e+00,3.164739038642380708e-05
7.890000000000000568e+00,-1.650563503497598505e-05
7.892000000000000348e+00,-2.165796076028861372e-05
7.894000000000000128e+00,5.831205010257620169e-05
7.895999999999999908e+00,-5.183423621539159920e-05
7.898000000000000576e+00,3.166079166594393257e-05
7.900000000000000355e+00,-1.649570321541130036e-05
7.902000000000000135e+00,-2.164497093309555864e-05
7.903999999999999915e+00,5.820550859957432377e-05
7.906000000000000583e+00,-5.169162040353017518e-05
7.908000000000000362e+00,3.164905422833874660e-05
7.910000000000000142e+00,-1.650479803444460103e-05
7.911999999999999922e+00,-2.165633076991330119e-05
7.914000000000000590e+00,5.820948339146925221e-05
7.916000000000000369e+00,-5.169511913595548069e-05
7.918000000000000149e+00,3.164818510712971711e-05
7.919999999999999929e+00,-1.650523493757632965e-05
7.922000000000000597e+00,-2.137780196776600805e-05
7.924000000000000377e+00,5.934916377953874944e-05
7.926000000000000156e+00,-5.277536556819867331e-05
7.927999999999999936e+00,3.150999990439093401e-05
7.930000000000000604e+00,-1.655204774273638657e-05
7.932000000000000384e+00,-2.178762115515736619e-05
7.934000000000000163e+00,5.826816756638111827e-05
7.935999999999999943e+00,-5.174471524289903090e-05
7.937999999999999723e+00,3.163573145626916161e-05
7.940000000000000391e+00,-1.651147317235229783e-05
7.942000000000000171e+00,-2.166931992935230977e-05
7.943999999999999950e+00,5.821395767071149696e-05
7.945999999999999730e+00,-5.169905646636510643e-05
7.948000000000000398e+00,3.164720934800344110e-05
7.950000000000000178e+00,-1.650572491851409751e-05
7.951999999999999957e+00,-2.165813558183474208e-05
7.953999999999999737e+00,5.821010465457271410e-05
7.956000000000000405e+00,-5.169566593575536384e-05
7.958000000000000185e+00,3.164804869790205366e-05
7.959999999999999964e+00,-1.650530274901335082e-05
7.961999999999999744e+00,-2.165731329646647385e-05
7.964000000000000412e+00,5.820982131495358591e-05
7.966000000000000192e+00,-5.169541663290963540e-05
7.967999999999999972e+00,3.164811018768060036e-05
7.969999999999999751e+00,-1.650527165051804412e-05
7.972000000000000419e+00,-2.165725268531495940e-05
7.974000000000000199e+00,5.820980034781236823e-05
7.975999999999999979e+00,-5.169539820479643333e-05
7.977999999999999758e+00,3.164811449488796891e-05
7.980000000000000426e+00,-1.650526929251189268e-05
7.982000000000000206e+00,-2.165724805499452676e-05
7.983999999999999986e+00,5.820979864900113765e-05
7.985999999999999766e+00,-5.169539673842080130e-05
7.988000000000000433e+00,3.164811461439653861e-05
7.990000000000000213e+00,-1.650526905121532661e-05
7.991999999999999993e+00,-2.165724753987186002e-05
7.993999999999999773e+00,5.820979837172987614e-05
7.996000000000000441e+00,-5.169539652414428810e-05
7.998000000000000220e+00,3.164811441351902954e-05
8.000000000000000000e+00,-1.650526894733661543e-05
8.002000000000000668e+00,-2.165724733449100881e-05
8.003999999999999559e+00,5.820979817918250920e-05
8.006000000000000227e+00,-5.169539638600131881e-05
8.008000000000000895e+00,3.164811418807089716e-05
8.009999999999999787e+00,-1.650526887455108782e-05
8.012000000000000455e+00,-2.165438337410618974e-05
8.013999999999999346e+00,5.822262246938866848e-05
8.016000000000000014e+00,-5.170464378823069751e-05
8.018000000000000682e+00,3.164563732635169990e-05
8.019999999999999574e+00,-1.650649234081341676e-05
8.022000000000000242e+00,-2.138020526883804839e-05
8.024000000000000909e+00,5.935003856657322663e-05
8.025999999999999801e+00,-5.277620056988452379e-05
8.028000000000000469e+00,3.150982403829841183e-05
8.029999999999999361e+00,-1.655212945333647823e-05
8.032000000000000028e+00,-2.179067270424717151e-05
8.034000000000000696e+00,5.825536326086941386e-05
8.035999999999999588e+00,-5.173548602686178777e-05
8.038000000000000256e+00,3.163820204967610072e-05
8.040000000000000924e+00,-1.651025072695738727e-05
8.041999999999999815e+00,-2.166695227254905598e-05
8.044000000000000483e+00,5.821314062663326960e-05
8.045999999999999375e+00,-5.169833774883517141e-05
8.048000000000000043e+00,3.164738482051496216e-05
8.050000000000000711e+00,-1.650563478934954920e-05
8.051999999999999602e+00,-2.137857017395564108e-05
8.054000000000000270e+00,5.934944269840938813e-05
8.056000000000000938e+00,-5.277563143842728399e-05
8.057999999999999829e+00,3.150994117312802545e-05
8.060000000000000497e+00,-1.655207331694927286e-05
8.061999999999999389e+00,-2.179055626765416531e-05
8.064000000000000057e+00,5.825532292064866668e-05
8.066000000000000725e+00,-5.173545061094853015e-05
8.067999999999999616e+00,3.163821006563552474e-05
8.070000000000000284e+00,-1.651024612254678448e-05
8.072000000000000952e+00,-2.138743627052089313e-05
8.073999999999999844e+00,5.945392740077173888e-05
8.076000000000000512e+00,-5.291687759588145634e-05
8.077999999999999403e+00,3.152213475141052434e-05
8.080000000000000071e+00,-1.654272606611481566e-05
8.082000000000000739e+00,-2.177874316385691733e-05
8.083999999999999631e+00,5.825119133701789353e-05
8.086000000000000298e+00,-5.173181397268022952e-05
8.088000000000000966e+00,3.163911259042653801e-05
8.089999999999999858e+00,-1.650979186227155560e-05
8.092000000000000526e+00,-2.166605871090077073e-05
8.093999999999999417e+00,5.821283231529847391e-05
8.096000000000000085e+00,-5.169806656052031157e-05
8.098000000000000753e+00,3.164745072987973362e-05
8.099999999999999645e+00,-1.650560072590304128e-05
8.102000000000000313e+00,-2.165789315745902943e-05
8.104000000000000981e+00,5.821001960943164577e-05
8.105999999999999872e+00,-5.169559149230743000e-05
8.108000000000000540e+00,3.164806336353881422e-05
8.109999999999999432e+00,-1.650529253695645626e-05
8.112000000000000099e+00,-2.165729284368117513e-05
8.114000000000000767e+00,5.820981273127814881e-05
8.115999999999999659e+00,-5.169540947030232259e-05
8.118000000000000327e+00,3.164810819569069400e-05
8.120000000000000995e+00,-1.650526981517366765e-05
8.121999999999999886e+00,-2.165724855549000516e-05
8.124000000000000554e+00,5.820979737203302307e-05
8.125999999999999446e+00,-5.169539598397568381e-05
8.128000000000000114e+00,3.164811127453343031e-05
8.130000000000000782e+00,-1.650526808103999765e-05
8.131999999999999673e+00,-2.165724510770281053e-05
8.134000000000000341e+00,5.820979607252391164e-05
8.136000000000001009e+00,-5.169539486029814390e-05
8.137999999999999901e+00,3.164811129465622264e-05
8.140000000000000568e+00,-1.650526787473280410e-05
8.141999999999999460e+00,-2.137786453424925237e-05
8.144000000000000128e+00,5.934918532737865071e-05
8.146000000000000796e+00,-5.277538535152989652e-05
8.147999999999999687e+00,3.150998966807566637e-05
8.150000000000000355e+00,-1.655204869471099682e-05
8.152000000000001023e+00,-2.179050489728440176e-05
8.153999999999999915e+00,5.825530433079331716e-05
8.156000000000000583e+00,-5.173543448424092195e-05
8.157999999999999474e+00,3.163821178859410610e-05
8.160000000000000142e+00,-1.651024356601193954e-05
8.162000000000000810e+00,-2.166693784926010391e-05
8.163999999999999702e+00,5.821313441906061925e-05
8.166000000000000369e+00,-5.169833258304723511e-05
8.168000000000001037e+00,3.164738306877037943e-05
8.169999999999999929e+00,-1.650563340364202825e-05
8.172000000000000597e+00,-2.137856707765811715e-05
8.173999999999999488e+00,5.934944089416513413e-05
8.176000000000000156e+00,-5.277562927736775822e-05
8.178000000000000824e+00,3.150993827730208530e-05
8.179999999999999716e+00,-1.655207256043636499e-05
8.182000000000000384e+00,-2.179055423481845999e-05
8.184000000000001052e+00,5.835728973472772974e-05
8.185999999999999943e+00,-5.187404816476767766e-05
8.188000000000000611e+00,3.165094030815884807e-05
8.189999999999999503e+00,-1.650064945039192432e-05
8.192000000000000171e+00,-2.165460563940263539e-05
8.194000000000000838e+00,5.820882426723836267e-05
8.195999999999999730e+00,-5.169453885004240967e-05
8.198000000000000398e+00,3.164832425807395655e-05
8.199999999999999289e+00,-1.650515954414177866e-05
8.201999999999999957e+00,-2.165703377936603613e-05
8.204000000000000625e+00,5.820972257675194328e-05
8.205999999999999517e+00,-5.169533037149148802e-05
8.208000000000000185e+00,3.164812550850507056e-05
8.210000000000000853e+00,-1.650525940466440744e-05
8.211999999999999744e+00,-2.137784801305858684e-05
8.214000000000000412e+00,5.934917892366775583e-05
8.215999999999999304e+00,-5.277537896831302477e-05
8.217999999999999972e+00,3.150998903675081286e-05
8.220000000000000639e+00,-1.655204774825627667e-05
8.221999999999999531e+00,-2.179050267478790937e-05
8.224000000000000199e+00,5.825530285796104435e-05
8.226000000000000867e+00,-5.173543335791272457e-05
8.227999999999999758e+00,3.163821030091953923e-05
8.230000000000000426e+00,-1.651024297450939815e-05
8.231999999999999318e+00,-2.166693647645198673e-05
8.233999999999999986e+00,5.821313324247054388e-05
8.236000000000000654e+00,-5.169833172486218431e-05
8.237999999999999545e+00,3.164738153032045642e-05
8.240000000000000213e+00,-1.650563285427938953e-05
8.242000000000000881e+00,-2.165509135243146033e-05
8.243999999999999773e+00,5.822286422436581677e-05
8.246000000000000441e+00,-5.170485710709674110e-05
8.247999999999999332e+00,3.164557869494988296e-05
8.250000000000000000e+00,-1.650651743474729205e-05
8.252000000000000668e+00,-2.138025276466823388e-05
8.253999999999999559e+00,5.935005457538902740e-05
8.256000000000000227e+00,-5.277621502594934122e-05
8.258000000000000895e+00,3.150981463660024184e-05
8.259999999999999787e+00,-1.655212984167167556e-05
8.262000000000000455e+00,-2.179067257568334526e-05
8.263999999999999346e+00,5.825536086226032473e-05
8.266000000000000014e+00,-5.173548450799689280e-05
8.268000000000000682e+00,3.163819664244935104e-05
8.269999999999999574e+00,-1.651024908910780908e-05
8.272000000000000242e+00,-2.138744128034331116e-05
8.274000000000000909e+00,5.935267074065261883e-05
8.275999999999999801e+00,-5.277871313702497957e-05
8.278000000000000469e+00,3.150929633347065995e-05
8.279999999999999361e+00,-1.655237553388130833e-05
8.282000000000000028e+00,-2.179118156336867784e-05
8.284000000000000696e+00,5.825553565743518680e-05
8.285999999999999588e+00,-5.173563839029615696e-05
8.288000000000000256e+00,3.163815805360542521e-05
8.290000000000000924e+00,-1.651026811089889579e-05
8.291999999999999815e+00,-2.166698519928678124e-05
8.294000000000000483e+00,5.821314939194466298e-05
8.295999999999999375e+00,-5.169834611710652506e-05
8.298000000000000043e+00,3.164737648105042656e-05
8.300000000000000711e+00,-1.650563427011558781e-05
8.301999999999999602e+00,-2.165795772521642015e-05
8.304000000000000270e+00,5.821003978597610873e-05
8.306000000000000938e+00,-5.169560976482634462e-05
8.307999999999999829e+00,3.164805381613775004e-05
8.310000000000000497e+00,-1.650529356371499556e-05
8.311999999999999389e+00,-2.165729408299885139e-05
8.314000000000000057e+00,5.820981111332584890e-05
8.316000000000000725e+00,-5.169540855791410205e-05
8.317999999999999616e+00,3.164810337630968862e-05
8.320000000000000284e+00,-1.650526845121610964e-05
8.322000000000000952e+00,-2.165724512581679306e-05
8.323999999999999844e+00,5.820979413768967436e-05
8.326000000000000512e+00,-5.169539365162262312e-05
8.327999999999999403e+00,3.164810681228688583e-05
8.330000000000000071e+00,-1.650526652056949484e-05
8.332000000000000739e+00,-2.165724135397631422e-05
8.333999999999999631e+00,5.820979272796664161e-05
8.336000000000000298e+00,-5.169539244355772500e-05
8.338000000000000966e+00,3.164810685715030436e-05
8.339999999999999858e+00,-1.650526630960283403e-05
8.342000000000000526e+00,-2.137786084100215533e-05
8.343999999999999417e+00,5.945044332889004579e-05
8.346000000000000085e+00,-5.291354867892339442e-05
8.348000000000000753e+00,3.152281720716909597e-05
8.349999999999999645e+00,-1.654239733925311207e-05
8.352000000000000313e+00,-2.177806094893347533e-05
8.354000000000000981e+00,5.825095400664379031e-05
8.355999999999999872e+00,-5.173160583429869952e-05
8.358000000000000540e+00,3.163915733294178634e-05
8.359999999999999432e+00,-1.650976427358674670e-05
8.362000000000000099e+00,-2.166600393981032990e-05
8.364000000000000767e+00,5.821281067305839052e-05
8.365999999999999659e+00,-5.169804823005122452e-05
8.368000000000000327e+00,3.164744847523187632e-05
8.370000000000000995e+00,-1.650559674665902365e-05
8.371999999999999886e+00,-2.137849592299609358e-05
8.374000000000000554e+00,5.934941389139011814e-05
8.375999999999999446e+00,-5.277560278446960518e-05
8.378000000000000114e+00,3.150993820429798253e-05
8.380000000000000782e+00,-1.655206904887032704e-05
8.381999999999999673e+00,-2.150943173409927689e-05
8.384000000000000341e+00,5.939668184217622438e-05
8.386000000000001009e+00,-5.282073257345185069e-05
8.387999999999999901e+00,3.150060053086489731e-05
8.390000000000000568e+00,-1.655650019374149684e-05
8.391999999999999460e+00,-2.179684652475408213e-05
8.394000000000000128e+00,5.837329910586552817e-05
8.396000000000000796e+00,-5.188609988442116627e-05
8.397999999999999687e+00,3.164776271204899905e-05
8.400000000000000355e+00,-1.650222142308283013e-05
8.402000000000001023e+00,-2.165765293211593945e-05
8.403999999999999915e+00,6.000317895137746715e-05
8.406000000000000583e+00,-5.750112939119020328e-05
8.407999999999999474e+00,3.306636692013836809e-05
8.410000000000000142e+00,-1.556718647022919955e-05
8.412000000000000810e+00,-1.996647362248471502e-05
8.413999999999999702e+00,5.883183093518401519e-05
8.416000000000000369e+00,-5.228129424486582799e-05
8.418000000000001037e+00,3.161253665119947986e-05
8.419999999999999929e+00,-1.650335043200737428e-05
8.422000000000000597e+00,-2.140983859718476046e-05
8.423999999999999488e+00,5.936048879383315491e-05
8.426000000000000156e+00,-5.278617232977109164e-05
8.428000000000000824e+00,3.150775993436896738e-05
8.429999999999999716e+00,-1.655310100641058102e-05
8.432000000000000384e+00,-2.151154460272239333e-05
8.434000000000001052e+00,5.939744936772628492e-05
8.435999999999999943e+00,-5.282146529545991842e-05
8.438000000000000611e+00,3.150044731741949433e-05
8.439999999999999503e+00,-1.655657201749330398e-05
8.442000000000000171e+00,-2.179987913186395843e-05
8.444000000000000838e+00,5.825852458272995360e-05
8.445999999999999730e+00,-5.173826887266627650e-05
8.448000000000000398e+00,3.163750283659283458e-05
8.449999999999999289e+00,-1.651059447010938541e-05
8.451999999999999957e+00,-2.166475503026163429e-05
8.454000000000000625e+00,6.001885132831882852e-05
8.455999999999999517e+00,-5.751301001085881714e-05
8.458000000000000185e+00,3.306319802210896941e-05
8.460000000000000853e+00,-1.556875563326134970e-05
8.461999999999999744e+00,-1.996947259645318051e-05
8.464000000000000412e+00,5.893463327429071530e-05
8.465999999999999304e+00,-5.242079002892516271e-05
8.467999999999999972e+00,3.162509264629728700e-05
8.470000000000000639e+00,-1.649383446372318374e-05
8.471999999999999531e+00,-2.167746894750702258e-05
8.474000000000000199e+00,5.821636451957754033e-05
8.476000000000000867e+00,-5.170116931407092720e-05
8.477999999999999758e+00,3.164668869341455415e-05
8.480000000000000426e+00,-1.650597578180951208e-05
8.481999999999999318e+00,-2.137922614301249191e-05
8.483999999999999986e+00,5.934967907329086190e-05
8.486000000000000654e+00,-5.277585559626887801e-05
8.487999999999999545e+00,3.150988270836027616e-05
8.490000000000000213e+00,-1.655209341689528602e-05
8.492000000000000881e+00,-2.179059621495657573e-05
8.493999999999999773e+00,5.825533222105980236e-05
8.496000000000000441e+00,-5.173545990808797734e-05
8.497999999999999332e+00,3.163819692100083847e-05
8.500000000000000000e+00,-1.651024457089561581e-05
8.502000000000000668e+00,-2.166693858459550759e-05
8.503999999999999559e+00,5.821313117264706460e-05
8.506000000000000227e+00,-5.169833062427034442e-05
8.508000000000000895e+00,3.164737499764674888e-05
8.509999999999999787e+00,-1.650563101507698804e-05
8.512000000000000455e+00,-2.165508673973581821e-05
8.513999999999999346e+00,5.822285985358430227e-05
8.516000000000000014e+00,-5.170485395623522495e-05
8.518000000000000682e+00,3.164557267019627029e-05
8.519999999999999574e+00,-1.650651535395689096e-05
8.522000000000000242e+00,-2.165965943337275212e-05
8.524000000000000909e+00,5.821062417628308783e-05
8.525999999999999801e+00,-5.169612458823247270e-05
8.528000000000000469e+00,3.164792074345987305e-05
8.529999999999999361e+00,-1.650535626808793954e-05
8.532000000000000028e+00,-2.137803310994085271e-05
8.534000000000000696e+00,5.934924453314741055e-05
8.535999999999999588e+00,-5.277544045448681609e-05
8.538000000000000256e+00,3.150996735634681301e-05
8.540000000000000924e+00,-1.655205236408135994e-05
8.541999999999999815e+00,-2.150939700573673008e-05
8.544000000000000483e+00,5.949788708022388239e-05
8.545999999999999375e+00,-5.295885883830134255e-05
8.548000000000000043e+00,3.151343675341158890e-05
8.550000000000000711e+00,-1.654684504445030901e-05
8.551999999999999602e+00,-2.150620889582177675e-05
8.554000000000000270e+00,5.939543969230021148e-05
8.556000000000000938e+00,-5.281954458052906531e-05
8.557999999999999829e+00,3.150084476165326830e-05
8.560000000000000497e+00,-1.655638098089357024e-05
8.561999999999999389e+00,-2.151825230665635469e-05
8.564000000000000057e+00,5.939988624588041222e-05
8.566000000000000725e+00,-5.282379174846238423e-05
8.567999999999999616e+00,3.149996166149776622e-05
8.570000000000000284e+00,-1.655680023051123162e-05
8.572000000000000952e+00,-2.151910907612769597e-05
8.573999999999999844e+00,5.940019755153874703e-05
8.576000000000000512e+00,-5.282408896901610862e-05
8.577999999999999403e+00,3.149989979698425424e-05
8.580000000000000071e+00,-1.655682941542613307e-05
8.582000000000000739e+00,-2.180041193741016903e-05
8.583999999999999631e+00,5.825870634998397968e-05
8.586000000000000298e+00,-5.173842918185928008e-05
8.588000000000000966e+00,3.163745963964681440e-05
8.589999999999999858e+00,-1.651061353428323608e-05
8.592000000000000526e+00,-2.138814074143652322e-05
8.593999999999999417e+00,5.935292357782742667e-05
8.596000000000000085e+00,-5.277895342855470906e-05
8.598000000000000753e+00,3.150923759304494198e-05
8.599999999999999645e+00,-1.655239772280561739e-05
8.602000000000000313e+00,-2.179122625141013958e-05
8.604000000000000981e+00,5.825554774843699768e-05
8.605999999999999872e+00,-5.173564983324691058e-05
8.608000000000000540e+00,3.163814714939039430e-05
8.609999999999999432e+00,-1.651026752982898138e-05
8.612000000000000099e+00,-2.138747553793660106e-05
8.614000000000000767e+00,5.935268132293419763e-05
8.615999999999999659e+00,-5.277872201802161212e-05
8.618000000000000327e+00,3.150928501461508491e-05
8.620000000000000995e+00,-1.655237487591110224e-05
8.621999999999999886e+00,-2.151005620233681359e-05
8.624000000000000554e+00,5.939690745004888583e-05
8.625999999999999446e+00,-5.282094713065718650e-05
8.628000000000000114e+00,3.150054937304733182e-05
8.630000000000000782e+00,-1.655652019616135617e-05
8.631999999999999673e+00,-2.179977100459987160e-05
8.634000000000000341e+00,5.825848544548442587e-05
8.636000000000001009e+00,-5.173823494162774206e-05
8.637999999999999901e+00,3.163750646955135193e-05
8.640000000000000568e+00,-1.651058903078678197e-05
8.641999999999999460e+00,-2.138809350184928126e-05
8.644000000000000128e+00,5.935290610715321380e-05
8.646000000000000796e+00,-5.277893655599233402e-05
8.647999999999999687e+00,3.150923970483832104e-05
8.650000000000000355e+00,-1.655239584173046063e-05
8.652000000000001023e+00,-2.179122215646353555e-05
8.653999999999999915e+00,5.825554581077516114e-05
8.656000000000000583e+00,-5.173564826296134234e-05
8.657999999999999474e+00,3.163814628836733589e-05
8.660000000000000142e+00,-1.651026702163133075e-05
8.662000000000000810e+00,-2.138747438867535933e-05
8.663999999999999702e+00,5.935268062356308105e-05
8.666000000000000369e+00,-5.277872117304127642e-05
8.668000000000001037e+00,3.150928379129849799e-05
8.669999999999999929e+00,-1.655237456059041601e-05
8.672000000000000597e+00,-2.179117797625890196e-05
8.673999999999999488e+00,5.825553041970479851e-05
8.676000000000000156e+00,-5.173563477220075035e-05
8.678000000000000824e+00,3.163814912281529002e-05
8.679999999999999716e+00,-1.651026520806814224e-05
8.682000000000000384e+00,-2.138747085253522862e-05
8.684000000000001052e+00,5.935267924262604966e-05
8.685999999999999943e+00,-5.277871978095344252e-05
8.688000000000000611e+00,3.150928352212839512e-05
8.689999999999999503e+00,-1.655237433598882868e-05
8.692000000000000171e+00,-2.151005483399734408e-05
8.694000000000000838e+00,5.939690658601434747e-05
8.695999999999999730e+00,-5.282094604048062636e-05
8.698000000000000398e+00,3.150054764306658983e-05
8.700000000000001066e+00,-1.655651977624378324e-05
8.701999999999999957e+00,-2.151853506408146766e-05
8.704000000000000625e+00,5.939998824452258352e-05
8.705999999999999517e+00,-5.282388863390649614e-05
8.708000000000000185e+00,3.149993770737088972e-05
8.710000000000000853e+00,-1.655680913315027425e-05
8.711999999999999744e+00,-2.180036938313409389e-05
8.714000000000000412e+00,5.825869039318906650e-05
8.715999999999999304e+00,-5.173841548519741984e-05
8.717999999999999972e+00,3.163745977749488070e-05
8.720000000000000639e+00,-1.651061101960726862e-05
8.721999999999999531e+00,-2.138813544470472006e-05
8.724000000000000199e+00,5.935292093597888119e-05
8.726000000000000867e+00,-5.277895042822902671e-05
8.727999999999999758e+00,3.150923460746093974e-05
8.730000000000000426e+00,-1.655239685405263117e-05
8.731999999999999318e+00,-2.179122391039386986e-05
8.733999999999999986e+00,5.835751419541387874e-05
8.736000000000000654e+00,-5.187424716865743357e-05
8.737999999999999545e+00,3.165087722318757346e-05
8.740000000000000213e+00,-1.650067074630140462e-05
8.742000000000000881e+00,-2.137530033122919670e-05
8.743999999999999773e+00,5.934818612662526305e-05
8.746000000000000441e+00,-5.277442789956843239e-05
8.747999999999999332e+00,3.151017394691785212e-05
8.750000000000000000e+00,-1.655195037127479840e-05
8.752000000000000668e+00,-2.179029927271147749e-05
8.753999999999999559e+00,5.825522747417849478e-05
8.756000000000000227e+00,-5.173536840098053036e-05
8.758000000000000895e+00,3.163821306353953311e-05
8.759999999999999787e+00,-1.651023156780048740e-05
8.762000000000000455e+00,-2.166691225585076763e-05
8.763999999999999346e+00,5.821311944055607146e-05
8.766000000000000014e+00,-5.169832097239035473e-05
8.768000000000000682e+00,3.164737087942015581e-05
8.769999999999999574e+00,-1.650562819098533307e-05
8.772000000000000242e+00,-2.165508026275020370e-05
8.774000000000000909e+00,5.822285496634438395e-05
8.775999999999999801e+00,-5.170485032187852048e-05
8.778000000000000469e+00,3.164556705164550676e-05
8.779999999999999361e+00,-1.650651326835089749e-05
8.782000000000000028e+00,-2.165965441998721208e-05
8.784000000000000696e+00,5.821061978355038247e-05
8.785999999999999588e+00,-5.169612139071730339e-05
8.788000000000000256e+00,3.164791501073654922e-05
8.790000000000000924e+00,-1.650535424107049676e-05
8.791999999999999815e+00,-2.137802832228100081e-05
8.794000000000000483e+00,5.934924135824956593e-05
8.795999999999999375e+00,-5.277543650645394324e-05
8.798000000000000043e+00,3.150996097080541181e-05
8.800000000000000711e+00,-1.655205078777283179e-05
8.801999999999999602e+00,-2.179050664925449854e-05
8.804000000000000270e+00,5.825529825213490720e-05
8.806000000000000938e+00,-5.173543082385989589e-05
8.807999999999999829e+00,3.163819634999232022e-05
8.810000000000000497e+00,-1.651023901253281800e-05
8.811999999999999389e+00,-2.138742003801596958e-05
8.814000000000000057e+00,5.935266002552938569e-05
8.816000000000000725e+00,-5.277870096288828083e-05
8.817999999999999616e+00,3.150928381987286309e-05
8.820000000000000284e+00,-1.655237190157504701e-05
8.822000000000000952e+00,-2.179117185410056612e-05
8.823999999999999844e+00,5.825552678611484181e-05
8.826000000000000512e+00,-5.173563195884703370e-05
8.827999999999999403e+00,3.163814605924852863e-05
8.830000000000000071e+00,-1.651026392683260791e-05
8.832000000000000739e+00,-2.138746785519327065e-05
8.833999999999999631e+00,5.935267730739282599e-05
8.836000000000000298e+00,-5.277871739713113630e-05
8.838000000000000966e+00,3.150927985097126682e-05
8.839999999999999858e+00,-1.655237342974499870e-05
8.842000000000000526e+00,-2.179117493032386998e-05
8.843999999999999417e+00,5.825552762890248704e-05
8.846000000000000085e+00,-5.173563275842965603e-05
8.848000000000000753e+00,3.163814535618245105e-05
8.849999999999999645e+00,-1.651026389040688436e-05
8.852000000000000313e+00,-2.166410976663091237e-05
8.854000000000000981e+00,5.822596728758192008e-05
8.855999999999999872e+00,-5.170758926270960232e-05
8.858000000000000540e+00,3.164488674283622016e-05
8.859999999999999432e+00,-1.650685377181659863e-05
8.862000000000000099e+00,-2.166031733778425727e-05
8.864000000000000767e+00,5.821084729546247005e-05
8.865999999999999659e+00,-5.169632180933650401e-05
8.868000000000000327e+00,3.164786338589672954e-05
8.870000000000000995e+00,-1.650537869523141521e-05
8.871999999999999886e+00,-2.165745779810976379e-05
8.874000000000000554e+00,5.820986173846187661e-05
8.875999999999999446e+00,-5.169545456892160606e-05
8.878000000000000114e+00,3.164807789572329777e-05
8.880000000000000782e+00,-1.650527064106857567e-05
8.881999999999999673e+00,-2.165724733550408732e-05
8.884000000000000341e+00,5.820978914057584053e-05
8.886000000000001009e+00,-5.169539069942857834e-05
8.887999999999999901e+00,3.164809345474264846e-05
8.890000000000000568e+00,-1.650526264184576375e-05
8.891999999999999460e+00,-2.137785189036678357e-05
8.894000000000000128e+00,5.934917659406249713e-05
8.896000000000000796e+00,-5.277537429445450234e-05
8.897999999999999687e+00,3.150997108272712843e-05
8.900000000000000355e+00,-1.655204422961603639e-05
8.902000000000001023e+00,-2.150937903717259347e-05
8.903999999999999915e+00,5.939665983521399961e-05
8.906000000000000583e+00,-5.282070967520605120e-05
8.907999999999999474e+00,3.150059079904884984e-05
8.910000000000000142e+00,-1.655649558998315007e-05
8.912000000000000810e+00,-2.179971888560325310e-05
8.913999999999999702e+00,5.825846465420947418e-05
8.916000000000000369e+00,-5.173821736228004231e-05
8.918000000000001037e+00,3.163750379467714091e-05
8.919999999999999929e+00,-1.651058509900826810e-05
8.922000000000000597e+00,-2.166760028318032161e-05
8.923999999999999488e+00,5.821335477944680759e-05
8.926000000000000156e+00,-5.169852847181424793e-05
8.928000000000000824e+00,3.164731547751833962e-05
8.929999999999999716e+00,-1.650565301937467755e-05
8.932000000000000384e+00,-2.165799188571029821e-05
8.934000000000001052e+00,5.821004510198762860e-05
8.935999999999999943e+00,-5.169561607166681116e-05
8.938000000000000611e+00,3.164803638795732343e-05
8.939999999999999503e+00,-1.650529038247847136e-05
8.942000000000000171e+00,-2.165442176538592833e-05
8.944000000000000838e+00,5.822262620031048996e-05
8.945999999999999730e+00,-5.170464946907191162e-05
8.948000000000000398e+00,3.164561252522526957e-05
8.950000000000001066e+00,-1.650648718981573282e-05
8.951999999999999957e+00,-2.165673889320887668e-05
8.954000000000000625e+00,5.822342547995643103e-05
8.955999999999999517e+00,-5.170535283145066829e-05
8.958000000000000185e+00,3.164543806706901496e-05
8.960000000000000853e+00,-1.650657472607869325e-05
8.961999999999999744e+00,-2.165977340308142263e-05
8.964000000000000412e+00,5.821065892012630694e-05
8.965999999999999304e+00,-5.169615629710758165e-05
8.967999999999999972e+00,3.164790185019791813e-05
8.970000000000000639e+00,-1.650535746244505275e-05
8.971999999999999531e+00,-2.165741606671017783e-05
8.974000000000000199e+00,5.820984634523004853e-05
8.976000000000000867e+00,-5.169544126434541531e-05
8.977999999999999758e+00,3.164807867636967864e-05
8.980000000000000426e+00,-1.650526838979649025e-05
8.981999999999999318e+00,-2.137786258954096907e-05
8.983999999999999986e+00,5.934917997548264101e-05
8.986000000000000654e+00,-5.277537720386679676e-05
8.987999999999999545e+00,3.150996796081467766e-05
8.990000000000000213e+00,-1.655204410925398273e-05
8.992000000000000881e+00,-2.150937845016992478e-05
8.993999999999999773e+00,5.939665912394961889e-05
8.996000000000000441e+00,-5.282070866464982917e-05
8.997999999999999332e+00,3.150058849663017746e-05
9.000000000000000000e+00,-1.655649509135076469e-05
9.002000000000000668e+00,-2.151848343820775278e-05
9.003999999999999559e+00,5.939996781301193352e-05
9.006000000000000227e+00,-5.282386804590644136e-05
9.008000000000000895e+00,3.149993362966049815e-05
9.009999999999999787e+00,-1.655680575212911676e-05
9.012000000000000455e+00,-2.151911875185319456e-05
9.013999999999999346e+00,5.940019864592027687e-05
9.016000000000000014e+00,-5.282408842828198448e-05
9.018000000000000682e+00,3.149988769354794549e-05
9.019999999999999574e+00,-1.655682738242042484e-05
9.022000000000000242e+00,-2.151916294632766347e-05
9.024000000000000909e+00,5.940021464620817704e-05
9.025999999999999801e+00,-5.282410366994061413e-05
9.028000000000000469e+00,3.149988426469352287e-05
9.029999999999999361e+00,-1.655682884020917567e-05
9.032000000000000028e+00,-2.151916588583047130e-05
9.034000000000000696e+00,5.940021566335634828e-05
9.035999999999999588e+00,-5.282410460302408572e-05
9.038000000000000256e+00,3.149988378089649266e-05
9.040000000000000924e+00,-1.655682888348011805e-05
9.041999999999999815e+00,-2.180040899266849630e-05
9.044000000000000483e+00,5.825870062104929192e-05
9.045999999999999375e+00,-5.173842532659247984e-05
9.048000000000000043e+00,3.163744904838977634e-05
9.050000000000000711e+00,-1.651061017342650428e-05
9.051999999999999602e+00,-2.138813269456432686e-05
9.054000000000000270e+00,5.935291810773082877e-05
9.056000000000000938e+00,-5.277894652781431328e-05
9.057999999999999829e+00,3.150922623093924124e-05
9.060000000000000497e+00,-1.655239499017552296e-05
9.061999999999999389e+00,-2.179121871237824082e-05
9.064000000000000057e+00,5.825554042340752581e-05
9.066000000000000725e+00,-5.173564457604945543e-05
9.067999999999999616e+00,3.163813690103961518e-05
9.070000000000000284e+00,-1.651026398927224470e-05
9.072000000000000952e+00,-2.166697426300365215e-05
9.073999999999999844e+00,5.831514027680728685e-05
9.076000000000000512e+00,-5.183695915688540934e-05
9.077999999999999403e+00,3.166008768686404129e-05
9.080000000000000071e+00,-1.649603478703562387e-05
9.082000000000000739e+00,-2.164561234189663064e-05
9.083999999999999631e+00,5.820571740099492186e-05
9.086000000000000298e+00,-5.169180719299601434e-05
9.088000000000000966e+00,3.164897830608068285e-05
9.089999999999999858e+00,-1.650481388436667030e-05
9.092000000000000526e+00,-2.137698889353306653e-05
9.093999999999999417e+00,5.934886132583777618e-05
9.096000000000000085e+00,-5.277507252563276574e-05
9.098000000000000753e+00,3.151002806702288273e-05
9.099999999999999645e+00,-1.655201363019026539e-05
9.102000000000000313e+00,-2.150931574351755415e-05
9.104000000000000981e+00,5.939663572931269675e-05
9.105999999999999872e+00,-5.282068592724412093e-05
9.108000000000000540e+00,3.150059014775039024e-05
9.109999999999999432e+00,-1.655649236091683019e-05
9.112000000000000099e+00,-2.151847744324628109e-05
9.114000000000000767e+00,5.939996503075140044e-05
9.115999999999999659e+00,-5.282386500181368572e-05
9.118000000000000327e+00,3.149993121014452169e-05
9.120000000000000995e+00,-1.655680498044084792e-05
9.121999999999999886e+00,-2.180035907566046927e-05
9.124000000000000554e+00,5.825868264127884166e-05
9.125999999999999446e+00,-5.173840972091947599e-05
9.128000000000000114e+00,3.163745092288686167e-05
9.130000000000000782e+00,-1.651060772904153207e-05
9.131999999999999673e+00,-2.138812772369685922e-05
9.134000000000000341e+00,5.935291587066265917e-05
9.136000000000001009e+00,-5.277894411364822402e-05
9.137999999999999901e+00,3.150922453587501337e-05
9.140000000000000568e+00,-1.655239438790728768e-05
9.141999999999999460e+00,-2.151009417090954390e-05
9.144000000000000128e+00,5.939691840062266692e-05
9.146000000000000796e+00,-5.282095570985009814e-05
9.147999999999999687e+00,3.150053315367773443e-05
9.150000000000000355e+00,-1.655651870332425224e-05
9.152000000000001023e+00,-2.151853119293153926e-05
9.153999999999999915e+00,5.939998435409987732e-05
9.156000000000000583e+00,-5.282388329478152067e-05
9.157999999999999474e+00,3.149992630968601048e-05
9.160000000000000142e+00,-1.655680658364105939e-05
9.162000000000000810e+00,-2.180036229986609397e-05
9.163999999999999702e+00,5.825868334770681334e-05
9.166000000000000369e+00,-5.173841043614249569e-05
9.168000000000001037e+00,3.163744973593007881e-05
9.169999999999999929e+00,-1.651060755944108727e-05
9.172000000000000597e+00,-2.138812728737921054e-05
9.173999999999999488e+00,5.935291548311155685e-05
9.176000000000000156e+00,-5.277894360217541547e-05
9.178000000000000824e+00,3.150922353893984007e-05
9.179999999999999716e+00,-1.655239416178608258e-05
9.182000000000000384e+00,-2.151009355664743050e-05
9.184000000000001052e+00,5.939691794507734324e-05
9.185999999999999943e+00,-5.282095512811404991e-05
9.188000000000000611e+00,3.150053216648823762e-05
9.189999999999999503e+00,-1.655651846441466568e-05
9.192000000000000171e+00,-2.151853057145991510e-05
9.194000000000000838e+00,5.950119978457082959e-05
9.195999999999999730e+00,-5.296202067655436663e-05
9.198000000000000398e+00,3.151276363550989390e-05
9.200000000000001066e+00,-1.654715305711429441e-05
9.201999999999999957e+00,-2.178791481799446927e-05
9.204000000000000625e+00,5.835630298739805100e-05
9.205999999999999517e+00,-5.187318126605167112e-05
9.208000000000000185e+00,3.165113214662410024e-05
9.210000000000000853e+00,-1.650053356723121811e-05
9.211999999999999744e+00,-2.165437650043094964e-05
9.214000000000000412e+00,5.820873486649461026e-05
9.216000000000001080e+00,-5.169446281846554192e-05
9.217999999999999972e+00,3.164831745654586581e-05
9.220000000000000639e+00,-1.650514367770861135e-05
9.221999999999999531e+00,-2.165699905936485647e-05
9.224000000000000199e+00,5.820970014447021668e-05
9.226000000000000867e+00,-5.169531327616286309e-05
9.227999999999999758e+00,3.164810413164645397e-05
9.230000000000000426e+00,-1.650525087867893426e-05
9.231999999999999318e+00,-2.137782809981392251e-05
9.233999999999999986e+00,5.934916604072998370e-05
9.236000000000000654e+00,-5.277536299674867593e-05
9.237999999999999545e+00,3.150996398657707198e-05
9.240000000000000213e+00,-1.655204159452944301e-05
9.242000000000000881e+00,-2.150937237738528851e-05
9.243999999999999773e+00,5.939665554362261179e-05
9.246000000000000441e+00,-5.282070435121480334e-05
9.247999999999999332e+00,3.150058246913223226e-05
9.250000000000000000e+00,-1.655649353646260202e-05
9.252000000000000668e+00,-2.151847935732628669e-05
9.253999999999999559e+00,5.939996496260452341e-05
9.256000000000000227e+00,-5.282386443345929439e-05
9.258000000000000895e+00,3.149992745322960364e-05
9.259999999999999787e+00,-1.655680427200753591e-05
9.262000000000000455e+00,-2.151911479609386335e-05
9.263999999999999346e+00,5.940019582930528008e-05
9.266000000000000014e+00,-5.282408483438597036e-05
9.268000000000000682e+00,3.149988151467109088e-05
9.269999999999999574e+00,-1.655682591071572229e-05
9.272000000000000242e+00,-2.151915901254380925e-05
9.274000000000000909e+00,5.940021183332630517e-05
9.275999999999999801e+00,-5.282410007978119437e-05
9.278000000000000469e+00,3.149987808211823781e-05
9.279999999999999361e+00,-1.655682736778282815e-05
9.282000000000000028e+00,-2.179752083640226767e-05
9.284000000000000696e+00,5.827156092047189317e-05
9.285999999999999588e+00,-5.174770465729908175e-05
9.288000000000000256e+00,3.163495743788852232e-05
9.290000000000000924e+00,-1.651183674809472701e-05
9.291999999999999815e+00,-2.167002307255569415e-05
9.294000000000000483e+00,5.821418603356443011e-05
9.295999999999999375e+00,-5.169926090614271330e-05
9.298000000000000043e+00,3.164712480411419060e-05
9.300000000000000711e+00,-1.650574189253350976e-05
9.301999999999999602e+00,-2.137877172744134802e-05
9.304000000000000270e+00,5.934950916127237908e-05
9.306000000000000938e+00,-5.277569039305665677e-05
9.307999999999999829e+00,3.150989418719205015e-05
9.310000000000000497e+00,-1.655207347873305368e-05
9.311999999999999389e+00,-2.179055161731502377e-05
9.314000000000000057e+00,5.825530849858789884e-05
9.316000000000000725e+00,-5.173544114757400170e-05
9.317999999999999616e+00,3.163818101375309721e-05
9.320000000000000284e+00,-1.651023711158813856e-05
9.322000000000000952e+00,-2.138741461875370842e-05
9.323999999999999844e+00,5.935265524196001174e-05
9.326000000000000512e+00,-5.277869454975436803e-05
9.327999999999999403e+00,3.150927099091621608e-05
9.330000000000000071e+00,-1.655236897666820250e-05
9.332000000000000739e+00,-2.151004152003976877e-05
9.333999999999999631e+00,5.939689820541604881e-05
9.336000000000000298e+00,-5.282093573873505865e-05
9.338000000000000966e+00,3.150053203995750728e-05
9.339999999999999858e+00,-1.655651589031054138e-05
9.342000000000000526e+00,-2.151852474911383761e-05
9.343999999999999417e+00,5.950119685341204168e-05
9.346000000000000085e+00,-5.296201735006250688e-05
9.348000000000000753e+00,3.151276015823586962e-05
9.349999999999999645e+00,-1.654715204358128688e-05
9.352000000000000313e+00,-2.178791212631425722e-05
9.354000000000000981e+00,5.825433098345308980e-05
9.355999999999999872e+00,-5.173457995974115042e-05
9.358000000000000540e+00,3.163839599689896587e-05
9.359999999999999432e+00,-1.651012812850516376e-05
9.362000000000000099e+00,-2.138720534619262259e-05
9.364000000000000767e+00,5.935257882697803078e-05
9.365999999999999659e+00,-5.277862144302189473e-05
9.368000000000000327e+00,3.150928504920894047e-05
9.370000000000000995e+00,-1.655236160933576395e-05
9.371999999999999886e+00,-2.179114833092757331e-05
9.374000000000000554e+00,5.825551306598564238e-05
9.375999999999999446e+00,-5.173562130648956536e-05
9.378000000000000114e+00,3.163813491509695486e-05
9.380000000000000782e+00,-1.651025915724857462e-05
9.381999999999999673e+00,-2.138745679792011800e-05
9.384000000000000341e+00,5.935267025626578263e-05
9.386000000000001009e+00,-5.277870867577763581e-05
9.387999999999999901e+00,3.150926640897028230e-05
9.390000000000000568e+00,-1.655237010124432917e-05
9.391999999999999460e+00,-2.179116584817217261e-05
9.394000000000000128e+00,5.835748753974662195e-05
9.396000000000000796e+00,-5.187422545537348495e-05
9.397999999999999687e+00,3.165086608770267818e-05
9.400000000000000355e+00,-1.650066389145485313e-05
9.402000000000001023e+00,-2.137528488367276824e-05
9.403999999999999915e+00,5.934817688348775766e-05
9.406000000000000583e+00,-5.277441668356808169e-05
9.407999999999999474e+00,3.151015793723468961e-05
9.410000000000000142e+00,-1.655194630214087970e-05
9.412000000000000810e+00,-2.150917739846339161e-05
9.413999999999999702e+00,5.939658374401121654e-05
9.416000000000000369e+00,-5.282063518479568343e-05
9.418000000000001037e+00,3.150059208508956821e-05
9.419999999999999929e+00,-1.655648596799244587e-05
9.422000000000000597e+00,-2.179969691508409912e-05
9.423999999999999488e+00,5.836041822487869624e-05
9.426000000000000156e+00,-5.187680488201451556e-05
9.428000000000000824e+00,3.165022671301059853e-05
9.429999999999999716e+00,-1.650098473050809478e-05
9.432000000000000384e+00,-2.137590157441637828e-05
9.434000000000001052e+00,5.934840119472747921e-05
9.435999999999999943e+00,-5.277463078276478647e-05
9.438000000000000611e+00,3.151011275592460747e-05
9.439999999999999503e+00,-1.655196723216248444e-05
9.442000000000000171e+00,-2.150922010001402040e-05
9.444000000000000838e+00,5.939659910222591654e-05
9.445999999999999730e+00,-5.282064973814726283e-05
9.448000000000000398e+00,3.150058823659512841e-05
9.450000000000001066e+00,-1.655648726131206394e-05
9.451999999999999957e+00,-2.151846579638225232e-05
9.454000000000000625e+00,5.939995893199101484e-05
9.455999999999999517e+00,-5.282385793759988846e-05
9.458000000000000185e+00,3.149992325226017020e-05
9.460000000000000853e+00,-1.655680275316345762e-05
9.461999999999999744e+00,-2.151911091740135729e-05
9.464000000000000412e+00,5.940019331475768216e-05
9.466000000000001080e+00,-5.282408171937078012e-05
9.467999999999999972e+00,3.149987661114558857e-05
9.470000000000000639e+00,-1.655682470680028273e-05
9.471999999999999531e+00,-2.151915579782018306e-05
9.474000000000000199e+00,5.940020957683617153e-05
9.476000000000000867e+00,-5.282409720233985362e-05
9.477999999999999758e+00,3.149987312854943267e-05
9.480000000000000426e+00,-1.655682617629841702e-05
9.481999999999999318e+00,-2.151915880299615225e-05
9.483999999999999986e+00,5.940021060529820929e-05
9.486000000000000654e+00,-5.282409815638919315e-05
9.487999999999999545e+00,3.149987267569293037e-05
9.490000000000000213e+00,-1.655682623614290749e-05
9.492000000000000881e+00,-2.151915886577579484e-05
9.493999999999999773e+00,5.940021056470914940e-05
9.496000000000000441e+00,-5.282409808338509039e-05
9.497999999999999332e+00,3.149987239785267956e-05
9.500000000000000000e+00,-1.655682619286155677e-05
9.502000000000000668e+00,-2.180040154779738781e-05
9.503999999999999559e+00,5.825869336495079209e-05
9.506000000000000227e+00,-5.173842013221283120e-05
9.508000000000000895e+00,3.163743883674227653e-05
9.509999999999999787e+00,-1.651060664688980273e-05
9.512000000000000455e+00,-2.166477481564677010e-05
9.513999999999999346e+00,5.822618987091909837e-05
9.516000000000000014e+00,-5.170778682071774934e-05
9.518000000000000682e+00,3.164482128071785527e-05
9.519999999999999574e+00,-1.650687425451199952e-05
9.522000000000000242e+00,-2.166035472619953772e-05
9.524000000000000909e+00,5.821085342677667640e-05
9.525999999999999801e+00,-5.169632889793010500e-05
9.528000000000000469e+00,3.164784509568710491e-05
9.529999999999999361e+00,-1.650537544765559583e-05
9.532000000000000028e+00,-2.165744901814342649e-05
9.534000000000000696e+00,5.820985196495695457e-05
9.535999999999999588e+00,-5.169544767056472034e-05
9.538000000000000256e+00,3.164806309939940943e-05
9.540000000000000924e+00,-1.650526566831719832e-05
9.541999999999999815e+00,-2.137785548236847966e-05
9.544000000000000483e+00,5.934917430201400168e-05
9.545999999999999375e+00,-5.277536977484412195e-05
9.548000000000000043e+00,3.150995399714417999e-05
9.550000000000000711e+00,-1.655204086447453760e-05
9.551999999999999602e+00,-2.179048305862157919e-05
9.554000000000000270e+00,5.825528247646247215e-05
9.556000000000000938e+00,-5.173541887527541294e-05
9.557999999999999829e+00,3.163818051471825599e-05
9.560000000000000497e+00,-1.651023283769439964e-05
9.561999999999999389e+00,-2.138740556711232754e-05
9.564000000000000057e+00,5.935265062228384236e-05
9.566000000000000725e+00,-5.277868927537621158e-05
9.567999999999999616e+00,3.150926543533244528e-05
9.570000000000000284e+00,-1.655236739060705897e-05
9.572000000000000952e+00,-2.151003736115125742e-05
9.573999999999999844e+00,5.939689538462730733e-05
9.576000000000000512e+00,-5.282093218421726744e-05
9.577999999999999403e+00,3.150052611771217426e-05
9.580000000000000071e+00,-1.655651446282740968e-05
9.582000000000000739e+00,-2.179975531574340764e-05
9.583999999999999631e+00,5.825847035534695295e-05
9.586000000000000298e+00,-5.173822410305811692e-05
9.588000000000000966e+00,3.163748534719054706e-05
9.589999999999999858e+00,-1.651058174026789893e-05
9.592000000000000526e+00,-2.138807620759644590e-05
9.593999999999999417e+00,5.935289459290879477e-05
9.596000000000000085e+00,-5.277892213502791141e-05
9.598000000000000753e+00,3.150921634283501693e-05
9.599999999999999645e+00,-1.655239015789858326e-05
9.602000000000000313e+00,-2.178832382355305741e-05
9.604000000000000981e+00,5.826839236059908056e-05
9.605999999999999872e+00,-5.174491733830888229e-05
9.608000000000000540e+00,3.163563949578132584e-05
9.609999999999999432e+00,-1.651148785193970459e-05
9.612000000000000099e+00,-2.138980434593026891e-05
9.614000000000000767e+00,5.935352404858040831e-05
9.615999999999999659e+00,-5.277952315268369388e-05
9.618000000000000327e+00,3.150909119677830494e-05
9.620000000000000995e+00,-1.655244921225720867e-05
9.621999999999999886e+00,-2.151020450769439152e-05
9.624000000000000554e+00,5.939695584199558565e-05
9.625999999999999446e+00,-5.282098973783191931e-05
9.628000000000000114e+00,3.150051280528115560e-05
9.630000000000000782e+00,-1.655651989802484070e-05
9.631999999999999673e+00,-2.151853185825350345e-05
9.634000000000000341e+00,5.939998195911636025e-05
9.636000000000001009e+00,-5.282387928481208084e-05
9.637999999999999901e+00,3.149991384582620513e-05
9.640000000000000568e+00,-1.655680404102216619e-05
9.641999999999999460e+00,-2.180035509785627212e-05
9.644000000000000128e+00,5.825867595564415691e-05
9.646000000000000796e+00,-5.173840517296024455e-05
9.647999999999999687e+00,3.163743901916579726e-05
9.650000000000000355e+00,-1.651060390940248257e-05
9.652000000000001023e+00,-2.166763418607123293e-05
9.653999999999999915e+00,5.821335900402582753e-05
9.656000000000000583e+00,-5.169853406684216113e-05
9.657999999999999474e+00,3.164729580105302142e-05
9.660000000000000142e+00,-1.650564914697921770e-05
9.662000000000000810e+00,-2.137859221100144036e-05
9.663999999999999702e+00,5.934944183006232721e-05
9.666000000000000369e+00,-5.277562480058770045e-05
9.668000000000001037e+00,3.150989780308782739e-05
9.669999999999999929e+00,-1.655206543586459911e-05
9.672000000000000597e+00,-2.179053343768014295e-05
9.673999999999999488e+00,5.825529855929892364e-05
9.676000000000000156e+00,-5.173543333221106155e-05
9.678000000000000824e+00,3.163817393216777907e-05
9.679999999999999716e+00,-1.651023388994296570e-05
9.682000000000000384e+00,-2.166691333831474719e-05
9.684000000000001052e+00,5.821311038704812812e-05
9.685999999999999943e+00,-5.169831536799493477e-05
9.688000000000000611e+00,3.164734919598732876e-05
9.689999999999999503e+00,-1.650562173258554588e-05
9.692000000000000171e+00,-2.137853940730252700e-05
9.694000000000000838e+00,5.934942244772631326e-05
9.695999999999999730e+00,-5.277560618146409643e-05
9.698000000000000398e+00,3.150990083974902767e-05
9.700000000000001066e+00,-1.655206346356727365e-05
9.701999999999999957e+00,-2.150941538437908807e-05
9.704000000000000625e+00,5.939666864265835677e-05
9.705999999999999517e+00,-5.282071519527309356e-05
9.708000000000000185e+00,3.150056745230070399e-05
9.710000000000000853e+00,-1.655649254824267946e-05
9.711999999999999744e+00,-2.151847560439776319e-05
9.714000000000000412e+00,5.939996105824851824e-05
9.716000000000001080e+00,-5.282385905163583528e-05
9.717999999999999972e+00,3.149991582260605605e-05
9.720000000000000639e+00,-1.655680168295009524e-05
9.721999999999999531e+00,-2.151910778946594660e-05
9.724000000000000199e+00,5.940019075448624286e-05
9.726000000000000867e+00,-5.282407832728902575e-05
9.727999999999999758e+00,3.149987009294294427e-05
9.730000000000000426e+00,-1.655682320490792225e-05
9.731999999999999318e+00,-2.180039446493878263e-05
9.733999999999999986e+00,5.825868856425969744e-05
9.736000000000000654e+00,-5.173841650039229245e-05
9.737999999999999545e+00,3.163743396688428744e-05
9.740000000000000213e+00,-1.651060475393179017e-05
9.742000000000000881e+00,-2.138811992084127533e-05
9.743999999999999773e+00,5.935290966448125705e-05
9.746000000000000441e+00,-5.277893599784852507e-05
9.747999999999999332e+00,3.150920931876619036e-05
9.750000000000000000e+00,-1.655239085718296366e-05
9.752000000000000668e+00,-2.179120739451839706e-05
9.753999999999999559e+00,5.825552948947321230e-05
9.756000000000000227e+00,-5.173563674374520582e-05
9.758000000000000895e+00,3.163812157833470473e-05
9.759999999999999787e+00,-1.651025869803257606e-05
9.762000000000000455e+00,-2.166696138085344447e-05
9.763999999999999346e+00,5.821312611713203022e-05
9.766000000000000014e+00,-5.169832942218330341e-05
9.768000000000000682e+00,3.164734370887309356e-05
9.769999999999999574e+00,-1.650562297893232167e-05
9.772000000000000242e+00,-2.165506638670405826e-05
9.774000000000000909e+00,5.822283999702693169e-05
9.775999999999999801e+00,-5.170483971871434048e-05
9.778000000000000469e+00,3.164554460912891165e-05
9.779999999999999361e+00,-1.650650570036646392e-05
9.782000000000000028e+00,-2.165963590509967229e-05
9.784000000000000696e+00,5.821060317260165484e-05
9.785999999999999588e+00,-5.169610934895041421e-05
9.788000000000000256e+00,3.164789294142836273e-05
9.790000000000000924e+00,-1.650534648994089748e-05
9.791999999999999815e+00,-2.165739164353489010e-05
9.794000000000000483e+00,5.820982952852923886e-05
9.795999999999999375e+00,-5.169542859850828620e-05
9.798000000000000043e+00,3.164806129060324102e-05
9.800000000000000711e+00,-1.650526166296212294e-05
9.801999999999999602e+00,-2.137784688428442936e-05
9.804000000000000270e+00,5.934916975616419399e-05
9.806000000000000938e+00,-5.277536449612915681e-05
9.807999999999999829e+00,3.150994788040858974e-05
9.810000000000000497e+00,-1.655203917740391550e-05
9.811999999999999389e+00,-2.179047852477952740e-05
9.814000000000000057e+00,5.825527825014872874e-05
9.816000000000000725e+00,-5.173541581702731373e-05
9.817999999999999616e+00,3.163817474920171957e-05
9.820000000000000284e+00,-1.651023082846481138e-05
9.822000000000000952e+00,-2.166690686450714609e-05
9.823999999999999844e+00,5.831510944375589700e-05
9.826000000000000512e+00,-5.183693399721592265e-05
9.827999999999999403e+00,3.166007517345012512e-05
9.830000000000000071e+00,-1.649602695568894162e-05
9.832000000000000739e+00,-2.164559427069237540e-05
9.833999999999999631e+00,5.820570350824685879e-05
9.836000000000000298e+00,-5.169179690776154468e-05
9.838000000000000966e+00,3.164896206374681609e-05
9.839999999999999858e+00,-1.650480790488240146e-05
9.842000000000000526e+00,-2.165634277296463184e-05
9.843999999999999417e+00,5.820946774252877542e-05
9.846000000000000085e+00,-5.169511034203849720e-05
9.848000000000000753e+00,3.164813881345249214e-05
9.849999999999999645e+00,-1.650522172622070904e-05
9.852000000000000313e+00,-2.165714843304841764e-05
9.854000000000000981e+00,5.831175055326376366e-05
9.855999999999999872e+00,-5.183397775672393681e-05
9.858000000000000540e+00,3.166080656413772232e-05
9.859999999999999432e+00,-1.649565868008101566e-05
9.862000000000000099e+00,-2.164487690447386425e-05
9.864000000000000767e+00,5.820545611320837587e-05
9.865999999999999659e+00,-5.169157927393044916e-05
9.868000000000000327e+00,3.164901519079124648e-05
9.870000000000000995e+00,-1.650478062925272993e-05
9.871999999999999886e+00,-2.165628952123868634e-05
9.874000000000000554e+00,5.820944909047665039e-05
9.875999999999999446e+00,-5.169509401823160766e-05
9.878000000000000114e+00,3.164814210778604808e-05
9.880000000000000782e+00,-1.650521950977146268e-05
9.881999999999999673e+00,-2.165714398193532841e-05
9.884000000000000341e+00,5.831174871432504014e-05
9.886000000000001009e+00,-5.183397621650112641e-05
9.887999999999999901e+00,3.166080618847641470e-05
9.890000000000000568e+00,-1.649565830955448953e-05
9.891999999999999460e+00,-2.164487604174036850e-05
9.894000000000000128e+00,5.820545550260305956e-05
9.896000000000000796e+00,-5.169157882492503298e-05
9.897999999999999687e+00,3.164901455524060658e-05
9.900000000000000355e+00,-1.650478038195749009e-05
9.902000000000001023e+00,-2.137692170058047569e-05
9.903999999999999915e+00,5.934883240248448044e-05
9.906000000000000583e+00,-5.277504196954038718e-05
9.907999999999999474e+00,3.151001191866939499e-05
9.910000000000000142e+00,-1.655200700808115433e-05
9.912000000000000810e+00,-2.179041143283988458e-05
9.913999999999999702e+00,5.825525414513907374e-05
9.916000000000000369e+00,-5.173539486496431250e-05
9.918000000000001037e+00,3.163817741641539172e-05
9.919999999999999929e+00,-1.651022758665868229e-05
9.922000000000000597e+00,-2.138739426345293015e-05
9.923999999999999488e+00,5.935264451965849286e-05
9.926000000000000156e+00,-5.277868214146816395e-05
9.928000000000000824e+00,3.150925690085029651e-05
9.929999999999999716e+00,-1.655236506604290669e-05
9.932000000000000384e+00,-2.179115324809494103e-05
9.934000000000001052e+00,5.825550900939724386e-05
9.935999999999999943e+00,-5.173561918868363474e-05
9.938000000000000611e+00,3.163812139883245833e-05
9.939999999999999503e+00,-1.651025538220579625e-05
9.942000000000000171e+00,-2.138744761600100408e-05
9.944000000000000838e+00,5.935266383243209543e-05
9.945999999999999730e+00,-5.277870052488101149e-05
9.948000000000000398e+00,3.150925252848324476e-05
9.950000000000001066e+00,-1.655236677912744203e-05
9.951999999999999957e+00,-2.179115670938175375e-05
9.954000000000000625e+00,5.825551000596465578e-05
9.955999999999999517e+00,-5.173562011866889021e-05
9.958000000000000185e+00,3.163812066199131467e-05
9.960000000000000853e+00,-1.651025536732533827e-05
9.961999999999999744e+00,-2.138744752408841543e-05
9.964000000000000412e+00,5.935266368648980939e-05
9.966000000000001080e+00,-5.277870032018711077e-05
9.967999999999999972e+00,3.150925203055862656e-05
9.970000000000000639e+00,-1.655236666644674393e-05
9.971999999999999531e+00,-2.151003441057397492e-05
9.974000000000000199e+00,5.939689212438453714e-05
9.976000000000000867e+00,-5.282092762196391456e-05
9.977999999999999758e+00,3.150051593610661560e-05
9.980000000000000426e+00,-1.655651220909548638e-05
9.982000000000001094e+00,-2.179974905146264685e-05
9.983999999999999986e+00,5.825846408505711005e-05
9.986000000000000654e+00,-5.173821961469010633e-05
9.987999999999999545e+00,3.163747641984557268e-05
9.990000000000000213e+00,-1.651057868175612175e-05
9.992000000000000881e+00,-2.138806894227615607e-05
9.993999999999999773e+00,5.935288973314689631e-05
9.996000000000000441e+00,-5.277891605246290418e-05
9.997999999999999332e+00,3.150920647130434071e-05
1.000000000000000000e+01,-1.655238775950113039e-05
1.000200000000000067e+01,-2.179119998907408373e-05
1.000399999999999956e+01,5.825552437010647622e-05
1.000600000000000023e+01,-5.173563288064786381e-05
1.000800000000000090e+01,3.163811624968398961e-05
1.000999999999999979e+01,-1.651025665317523705e-05
1.001200000000000045e+01,-2.138744980982945632e-05
1.001399999999999935e+01,5.935266423549856452e-05
1.001600000000000001e+01,-5.277870064945497375e-05
1.001800000000000068e+01,3.150925056456116424e-05
1.001999999999999957e+01,-1.655236648915453523e-05
1.002200000000000024e+01,-2.151003382931671037e-05
1.002400000000000091e+01,5.939689161934061379e-05
1.002599999999999980e+01,-5.282092696773377227e-05
1.002800000000000047e+01,3.150051469468992393e-05
1.002999999999999936e+01,-1.655651192338652988e-05
1.003200000000000003e+01,-2.151851407032265295e-05
1.003400000000000070e+01,5.939997328508264673e-05
1.003599999999999959e+01,-5.282386954288606495e-05
1.003800000000000026e+01,3.149990474310762623e-05
1.004000000000000092e+01,-1.655680128266959206e-05
1.004199999999999982e+01,-2.151910578337967728e-05
1.004400000000000048e+01,5.940018826003021224e-05
1.004599999999999937e+01,-5.282407479481610046e-05
1.004800000000000004e+01,3.149986194831908004e-05
1.005000000000000071e+01,-1.655682142344752639e-05
1.005199999999999960e+01,-2.151914692744005819e-05
1.005400000000000027e+01,5.940020315538252493e-05
1.005600000000000094e+01,-5.282408898978421807e-05
1.005799999999999983e+01,3.149985873592692220e-05
1.006000000000000050e+01,-1.655682276539491293e-05
1.006199999999999939e+01,-2.180039224717114643e-05
1.006400000000000006e+01,5.825868443777235117e-05
1.006600000000000072e+01,-5.173841371607437734e-05
1.006799999999999962e+01,3.163742637167163418e-05
1.007000000000000028e+01,-1.651060233442622205e-05
1.007200000000000095e+01,-2.138811414451394222e-05
1.007399999999999984e+01,5.935290574821117104e-05
1.007600000000000051e+01,-5.277893105440703558e-05
1.007799999999999940e+01,3.150920116177721719e-05
1.008000000000000007e+01,-1.655238888234947248e-05
1.008200000000000074e+01,-2.179120199758549647e-05
1.008399999999999963e+01,5.825552425213487151e-05
1.008600000000000030e+01,-5.173563297474967348e-05
1.008800000000000097e+01,3.163811421343087904e-05
1.008999999999999986e+01,-1.651025615644410860e-05
1.009200000000000053e+01,-2.138744860132393844e-05
1.009399999999999942e+01,5.945392088407830400e-05
1.009600000000000009e+01,-5.291686418263177871e-05
1.009800000000000075e+01,3.152208148912705177e-05
1.009999999999999964e+01,-1.654271560933701091e-05
1.010200000000000031e+01,-2.149775539857234907e-05
1.010400000000000098e+01,5.939235917206894810e-05
1.010599999999999987e+01,-5.281659746289579793e-05
1.010800000000000054e+01,3.150141234616737895e-05
1.010999999999999943e+01,-1.655608416210527234e-05
1.011200000000000010e+01,-2.179886215694301632e-05
1.011400000000000077e+01,5.825815780113527409e-05
1.011599999999999966e+01,-5.173795043523360393e-05
1.011800000000000033e+01,3.163753979768327285e-05
1.012000000000000099e+01,-1.651054437002905106e-05
1.012199999999999989e+01,-2.138800253436920484e-05
1.012400000000000055e+01,5.945412218801710003e-05
1.012599999999999945e+01,-5.291705637424509723e-05
1.012800000000000011e+01,3.152204082792348094e-05
1.013000000000000078e+01,-1.654273438293427101e-05
1.013199999999999967e+01,-2.149779366725571017e-05
1.013400000000000034e+01,5.939237290395610325e-05
1.013600000000000101e+01,-5.281661046255270442e-05
1.013799999999999990e+01,3.150140882802326958e-05
1.014000000000000057e+01,-1.655608532586186343e-05
1.014199999999999946e+01,-2.179886440442993512e-05
1.014400000000000013e+01,5.825815825553221083e-05
1.014600000000000080e+01,-5.173795091355931630e-05
1.014799999999999969e+01,3.163753892284487668e-05
1.015000000000000036e+01,-1.651054424022316280e-05
1.015200000000000102e+01,-2.138800218840983258e-05
1.015399999999999991e+01,5.935286454712696003e-05
1.015600000000000058e+01,-5.277889143151873186e-05
1.015799999999999947e+01,3.150920715841443176e-05
1.016000000000000014e+01,-1.655238461064842403e-05
1.016200000000000081e+01,-2.151007043383820760e-05
1.016399999999999970e+01,5.939690414076548297e-05
1.016600000000000037e+01,-5.282093842821564134e-05
1.016800000000000104e+01,3.150050843911400555e-05
1.016999999999999993e+01,-1.655651241964581355e-05
1.017200000000000060e+01,-2.179974872636158967e-05
1.017399999999999949e+01,5.836042838063340565e-05
1.017600000000000016e+01,-5.187681579510439178e-05
1.017800000000000082e+01,3.165020523984707346e-05
1.017999999999999972e+01,-1.650098138560041061e-05
1.018200000000000038e+01,-2.137589253797117506e-05
1.018400000000000105e+01,5.934839376627032426e-05
1.018599999999999994e+01,-5.277462098176796679e-05
1.018800000000000061e+01,3.151009395796142143e-05
1.018999999999999950e+01,-1.655196290132818215e-05
1.019200000000000017e+01,-2.150920845026688122e-05
1.019400000000000084e+01,5.949780964627227053e-05
1.019599999999999973e+01,-5.295877901512896502e-05
1.019800000000000040e+01,3.151340756708115309e-05
1.020000000000000107e+01,-1.654682973648360922e-05
1.020199999999999996e+01,-2.178724087035371904e-05
1.020400000000000063e+01,5.825409146730659016e-05
1.020599999999999952e+01,-5.173437139546765984e-05
1.020800000000000018e+01,3.163842631323174337e-05
1.021000000000000085e+01,-1.651009684728796389e-05
1.021199999999999974e+01,-2.138714229132573919e-05
1.021400000000000041e+01,5.935255120331425771e-05
1.021600000000000108e+01,-5.277859199295450998e-05
1.021799999999999997e+01,3.150926755723579276e-05
1.022000000000000064e+01,-1.655235489441200802e-05
1.022199999999999953e+01,-2.179113101265228725e-05
1.022400000000000020e+01,5.825549840890800746e-05
1.022600000000000087e+01,-5.173561059996709122e-05
1.022799999999999976e+01,3.163811626504670071e-05
1.023000000000000043e+01,-1.651025251393420379e-05
1.023200000000000109e+01,-2.166408241376094335e-05
1.023399999999999999e+01,5.822594379800011266e-05
1.023600000000000065e+01,-5.170757213833129806e-05
1.023799999999999955e+01,3.164485638074143736e-05
1.024000000000000021e+01,-1.650684301031379864e-05
1.024200000000000088e+01,-2.138087171048991264e-05
1.024399999999999977e+01,5.935026892753617056e-05
1.024600000000000044e+01,-5.277641252742631961e-05
1.024799999999999933e+01,3.150971841218291880e-05
1.025000000000000000e+01,-1.655214031647672668e-05
1.025200000000000067e+01,-2.150957053921598305e-05
1.025399999999999956e+01,5.939672198318826646e-05
1.025600000000000023e+01,-5.282076415504335931e-05
1.025800000000000090e+01,3.150054204418412107e-05
1.025999999999999979e+01,-1.655649488958160775e-05
1.026200000000000045e+01,-2.179971200845856605e-05
1.026399999999999935e+01,5.825844848088290728e-05
1.026600000000000001e+01,-5.173820660866329524e-05
1.026800000000000068e+01,3.163747262323671205e-05
1.026999999999999957e+01,-1.651057531350252905e-05
1.027200000000000024e+01,-2.166757617656084323e-05
1.027400000000000091e+01,5.821333266020634056e-05
1.027599999999999980e+01,-5.169851248550821898e-05
1.027800000000000047e+01,3.164728557948984222e-05
1.027999999999999936e+01,-1.650564257186029615e-05
1.028200000000000003e+01,-2.165796650278883906e-05
1.028400000000000070e+01,5.821002252863125004e-05
1.028599999999999959e+01,-5.169559967942508050e-05
1.028800000000000026e+01,3.164800662174352408e-05
1.029000000000000092e+01,-1.650527990218822461e-05
1.029199999999999982e+01,-2.165726007024096345e-05
1.029400000000000048e+01,5.820977910078045658e-05
1.029599999999999937e+01,-5.169538550080232664e-05
1.029800000000000004e+01,3.164805940255796535e-05
1.030000000000000071e+01,-1.650525316455528357e-05
1.030199999999999960e+01,-2.137782882773511806e-05
1.030400000000000027e+01,5.934916042680746240e-05
1.030600000000000094e+01,-5.277535377363681834e-05
1.030799999999999983e+01,3.150993621656855703e-05
1.031000000000000050e+01,-1.655203586593476106e-05
1.031199999999999939e+01,-2.150935674763779226e-05
1.031400000000000006e+01,5.949786284032906880e-05
1.031600000000000072e+01,-5.295882940126867000e-05
1.031799999999999962e+01,3.151339380914192079e-05
1.032000000000000028e+01,-1.654683415372448785e-05
1.032200000000000095e+01,-2.178724953677199649e-05
1.032399999999999984e+01,5.825409321778482474e-05
1.032600000000000051e+01,-5.173437324718782593e-05
1.032799999999999940e+01,3.163842284583523456e-05
1.033000000000000007e+01,-1.651009632388719672e-05
1.033200000000000074e+01,-2.166664334812135051e-05
1.033399999999999963e+01,5.821301073453272190e-05
1.033600000000000030e+01,-5.169822936187604134e-05
1.033800000000000097e+01,3.164735420830774859e-05
1.033999999999999986e+01,-1.650560695889286000e-05
1.034200000000000053e+01,-2.165503304757399050e-05
1.034399999999999942e+01,5.822282269281678357e-05
1.034600000000000009e+01,-5.170482594593975301e-05
1.034800000000000075e+01,3.164553372603587378e-05
1.034999999999999964e+01,-1.650650041552098601e-05
1.035200000000000031e+01,-2.165962349645958462e-05
1.035400000000000098e+01,5.821059305518086480e-05
1.035599999999999987e+01,-5.169610191580950587e-05
1.035800000000000054e+01,3.164788047147273908e-05
1.035999999999999943e+01,-1.650534198534975294e-05
1.036200000000000010e+01,-2.165451697697454159e-05
1.036400000000000077e+01,5.822264456266726396e-05
1.036599999999999966e+01,-5.170466925720484941e-05
1.036800000000000033e+01,3.164557201867576608e-05
1.037000000000000099e+01,-1.650648077292787841e-05
1.037199999999999989e+01,-2.138017495717514649e-05
1.037400000000000055e+01,5.935001456779456785e-05
1.037599999999999945e+01,-5.277616916428071181e-05
1.037800000000000011e+01,3.150976524784326882e-05
1.038000000000000078e+01,-1.655211580278356798e-05
1.038199999999999967e+01,-2.150951989580637824e-05
1.038400000000000034e+01,5.939670287012296934e-05
1.038600000000000101e+01,-5.282074543452516813e-05
1.038799999999999990e+01,3.150054231008600492e-05
1.039000000000000057e+01,-1.655649245067836173e-05
1.039199999999999946e+01,-2.179970646859485939e-05
1.039400000000000013e+01,5.825844523418138854e-05
1.039600000000000080e+01,-5.173820408013382610e-05
1.039799999999999969e+01,3.163746998020161572e-05
1.040000000000000036e+01,-1.651057419012683103e-05
1.040200000000000102e+01,-2.166757349269729516e-05
1.040399999999999991e+01,5.821333040243251156e-05
1.040600000000000058e+01,-5.169851082469784087e-05
1.040799999999999947e+01,3.164728272462766223e-05
1.041000000000000014e+01,-1.650564155169370606e-05
1.041200000000000081e+01,-2.165796403894720834e-05
1.041399999999999970e+01,5.821002034796587954e-05
1.041600000000000037e+01,-5.169559810607599060e-05
1.041800000000000104e+01,3.164800376075430077e-05
1.041999999999999993e+01,-1.650527889459837971e-05
1.042200000000000060e+01,-2.165439384900144648e-05
1.042399999999999949e+01,5.832460187090576786e-05
1.042600000000000016e+01,-5.184325127497585450e-05
1.042800000000000082e+01,3.165830886751180850e-05
1.042999999999999972e+01,-1.649688203322896562e-05
1.043200000000000038e+01,-2.164724391003070014e-05
1.043400000000000105e+01,5.820626607529882923e-05
1.043599999999999994e+01,-5.169229350004272971e-05
1.043800000000000061e+01,3.164882401672855505e-05
1.043999999999999950e+01,-1.650486599646602826e-05
1.044200000000000017e+01,-2.137708437364299607e-05
1.044400000000000084e+01,5.934888864598392155e-05
1.044599999999999973e+01,-5.277509374743832860e-05
1.044800000000000040e+01,3.150998620670905637e-05
1.045000000000000107e+01,-1.655200964705005884e-05
1.045199999999999996e+01,-2.150930261340597283e-05
1.045400000000000063e+01,5.939662352757307806e-05
1.045599999999999952e+01,-5.282066940897472973e-05
1.045800000000000018e+01,3.150055610460361644e-05
1.046000000000000085e+01,-1.655648465504963585e-05
1.046199999999999974e+01,-2.179969004946838429e-05
1.046400000000000041e+01,5.825843887126078147e-05
1.046600000000000108e+01,-5.173819865980297528e-05
1.046799999999999997e+01,3.163746956110630171e-05
1.047000000000000064e+01,-1.651057306558886828e-05
1.047199999999999953e+01,-2.138805649901098782e-05
1.047400000000000020e+01,5.935288256605358859e-05
1.047600000000000087e+01,-5.277890747818619888e-05
1.047799999999999976e+01,3.150919493925818937e-05
1.048000000000000043e+01,-1.655238476258591440e-05
1.048200000000000109e+01,-2.151006952559944563e-05
1.048399999999999999e+01,5.939690205399028589e-05
1.048600000000000065e+01,-5.282093527801678956e-05
1.048799999999999955e+01,3.150050019974301452e-05
1.049000000000000021e+01,-1.655651067082250516e-05
1.049200000000000088e+01,-2.179974381607413525e-05
1.049399999999999977e+01,5.825845706136992264e-05
1.049600000000000044e+01,-5.173821474782971941e-05
1.049799999999999933e+01,3.163746482416976424e-05
1.050000000000000000e+01,-1.651057488270130102e-05
1.050200000000000067e+01,-2.166757447587958074e-05
1.050399999999999956e+01,6.000638810647190846e-05
1.050600000000000023e+01,-5.750401357206003095e-05
1.050800000000000090e+01,3.306558678466825496e-05
1.050999999999999979e+01,-1.556753813961031518e-05
1.051200000000000045e+01,-2.022510124988219360e-05
1.051399999999999935e+01,5.772626094019406295e-05
1.051600000000000001e+01,-5.126780951553167043e-05
1.051800000000000068e+01,3.175389953784246710e-05
1.051999999999999957e+01,-1.645200878069852379e-05
1.052200000000000024e+01,-2.127548494476258489e-05
1.052400000000000091e+01,5.931190405693634315e-05
1.052599999999999980e+01,-5.273977638024091030e-05
1.052800000000000047e+01,3.151730387852824666e-05
1.052999999999999936e+01,-1.654853442743797753e-05
1.053200000000000003e+01,-2.178321404414096385e-05
1.053400000000000070e+01,5.825277302578396599e-05
1.053599999999999959e+01,-5.173321321388230087e-05
1.053800000000000026e+01,3.163870189410930567e-05
1.054000000000000092e+01,-1.650995218940159992e-05
1.054199999999999982e+01,-2.166636147578338001e-05
1.054400000000000048e+01,5.821291148071575106e-05
1.054599999999999937e+01,-5.169814255403734626e-05
1.054800000000000004e+01,3.164737038503784294e-05
1.055000000000000071e+01,-1.650559482712504744e-05
1.055199999999999960e+01,-2.137848471435443987e-05
1.055400000000000027e+01,5.934939778891312745e-05
1.055600000000000094e+01,-5.277557953131672974e-05
1.055799999999999983e+01,3.150988244648642023e-05
1.056000000000000050e+01,-1.655205695501316132e-05
1.056199999999999939e+01,-2.178762970641776042e-05
1.056400000000000006e+01,5.837010751615079318e-05
1.056600000000000072e+01,-5.188329663526752844e-05
1.056799999999999962e+01,3.164840244232816624e-05
1.057000000000000028e+01,-1.650185881593366211e-05
1.057200000000000095e+01,-2.137756429870102393e-05
1.057399999999999984e+01,5.945026139252476693e-05
1.057600000000000051e+01,-5.291336585494868516e-05
1.057799999999999940e+01,3.152279572495378379e-05
1.058000000000000007e+01,-1.654236785907439722e-05
1.058200000000000074e+01,-2.177799144056219438e-05
1.058399999999999963e+01,5.835287960773843929e-05
1.058600000000000030e+01,-5.187017193978432639e-05
1.058800000000000097e+01,3.165184263467096804e-05
1.058999999999999986e+01,-1.650015033092047667e-05
1.059200000000000053e+01,-2.165362488130984087e-05
1.059399999999999942e+01,5.820846183354766445e-05
1.059600000000000009e+01,-5.169422611256760391e-05
1.059800000000000075e+01,3.164834144081876688e-05
1.059999999999999964e+01,-1.650510555172360339e-05
1.060200000000000031e+01,-2.165405596527003595e-05
1.060400000000000098e+01,5.832448363019340776e-05
1.060599999999999987e+01,-5.184314767717190797e-05
1.060800000000000054e+01,3.165832999108345036e-05
1.060999999999999943e+01,-1.649686799179775343e-05
1.061200000000000010e+01,-2.164721589908297217e-05
1.061400000000000077e+01,5.820625457217051824e-05
1.061599999999999966e+01,-5.169228384349286443e-05
1.061800000000000033e+01,3.164882186828046895e-05
1.062000000000000099e+01,-1.650486364573877651e-05
1.062199999999999989e+01,-2.165358477097464873e-05
1.062400000000000055e+01,5.822232048816045058e-05
1.062599999999999945e+01,-5.170438475459240846e-05
1.062800000000000011e+01,3.164563592984726004e-05
1.063000000000000078e+01,-1.650644371006815270e-05
1.063199999999999967e+01,-2.165951202211247040e-05
1.063400000000000034e+01,5.821055177811923498e-05
1.063600000000000101e+01,-5.169606631322959389e-05
1.063799999999999990e+01,3.164788222968437092e-05
1.064000000000000057e+01,-1.650533580074831086e-05
1.064199999999999946e+01,-2.165736763610343063e-05
1.064400000000000013e+01,5.820981254792481630e-05
1.064600000000000080e+01,-5.169541583668543772e-05
1.064799999999999969e+01,3.164804307573265696e-05
1.065000000000000036e+01,-1.650525474837169493e-05
1.065200000000000102e+01,-2.165720972864548788e-05
1.065399999999999991e+01,5.831176349423150551e-05
1.065600000000000058e+01,-5.183399126360704878e-05
1.065799999999999947e+01,3.166078315733344972e-05
1.066000000000000014e+01,-1.649565533262328798e-05
1.066200000000000081e+01,-2.164486736045204140e-05
1.066399999999999970e+01,5.820544459633064660e-05
1.066600000000000037e+01,-5.169157120987408205e-05
1.066800000000000104e+01,3.164899708375454312e-05
1.066999999999999993e+01,-1.650477460627547410e-05
1.067200000000000060e+01,-2.137690793652460841e-05
1.067399999999999949e+01,5.934882314438325035e-05
1.067600000000000016e+01,-5.277503035789818386e-05
1.067800000000000082e+01,3.150999290815748033e-05
1.067999999999999972e+01,-1.655200238246182232e-05
1.068200000000000038e+01,-2.178751615512092288e-05
1.068400000000000105e+01,5.826810336468507545e-05
1.068599999999999994e+01,-5.174466581532935483e-05
1.068800000000000061e+01,3.163567462921568207e-05
1.068999999999999950e+01,-1.651144977152935178e-05
1.069200000000000017e+01,-2.138972741422620616e-05
1.069400000000000084e+01,5.935349008662216264e-05
1.069599999999999973e+01,-5.277948682075664366e-05
1.069800000000000040e+01,3.150906870179326358e-05
1.070000000000000107e+01,-1.655244078007170327e-05
1.070199999999999996e+01,-2.151018324449485708e-05
1.070400000000000063e+01,5.939694215970764413e-05
1.070599999999999952e+01,-5.282097276722991230e-05
1.070800000000000018e+01,3.150048628359353176e-05
1.071000000000000085e+01,-1.655651336778321547e-05
1.071199999999999974e+01,-2.179974851400368063e-05
1.071400000000000041e+01,5.825845640928736802e-05
1.071600000000000108e+01,-5.173821474700052159e-05
1.071799999999999997e+01,3.163745928316114009e-05
1.072000000000000064e+01,-1.651057349813175867e-05
1.072199999999999953e+01,-2.166757095409602152e-05
1.072400000000000020e+01,5.821332623339239842e-05
1.072600000000000087e+01,-5.169850798848740769e-05
1.072799999999999976e+01,3.164727537397632462e-05
1.073000000000000043e+01,-1.650563919519676404e-05
1.073200000000000109e+01,-2.137856937169113625e-05
1.073399999999999999e+01,5.934942762571282504e-05
1.073600000000000065e+01,-5.277560736285241694e-05
1.073799999999999955e+01,3.150987165486188180e-05
1.074000000000000021e+01,-1.655205889587382795e-05
1.074200000000000088e+01,-2.150940218012542537e-05
1.074399999999999977e+01,5.939665808506536249e-05
1.074600000000000044e+01,-5.282070136798308613e-05
1.074800000000000111e+01,3.150054142128308476e-05
1.075000000000000000e+01,-1.655648649431101793e-05
1.075200000000000067e+01,-2.179680872354747279e-05
1.075399999999999956e+01,5.827130085109266666e-05
1.075600000000000023e+01,-5.174747958348185906e-05
1.075800000000000090e+01,3.163497627310662974e-05
1.075999999999999979e+01,-1.651179953587877947e-05
1.076200000000000045e+01,-2.139039953161225860e-05
1.076399999999999935e+01,5.935373436202762143e-05
1.076600000000000001e+01,-5.277971983272400358e-05
1.076800000000000068e+01,3.150901845682882452e-05
1.076999999999999957e+01,-1.655246338388635663e-05
1.077200000000000024e+01,-2.179135360193609761e-05
1.077400000000000091e+01,5.825556928988270822e-05
1.077599999999999980e+01,-5.173567439474210938e-05
1.077800000000000047e+01,3.163808662351788592e-05
1.077999999999999936e+01,-1.651025698175614953e-05
1.078200000000000003e+01,-2.138744779631163162e-05
1.078400000000000070e+01,5.935265926415578264e-05
1.078599999999999959e+01,-5.277869312115754385e-05
1.078800000000000026e+01,3.150923071579617152e-05
1.079000000000000092e+01,-1.655236228017067934e-05
1.079199999999999982e+01,-2.151002237229734937e-05
1.079400000000000048e+01,5.939688320479030725e-05
1.079599999999999937e+01,-5.282091614353806586e-05
1.079800000000000004e+01,3.150049551801231695e-05
1.080000000000000071e+01,-1.655650739507130709e-05
1.080199999999999960e+01,-2.151850194114304782e-05
1.080400000000000027e+01,5.939996462187013826e-05
1.080600000000000094e+01,-5.282385850531243210e-05
1.080799999999999983e+01,3.149988562058114727e-05
1.081000000000000050e+01,-1.655679673404422680e-05
1.081199999999999939e+01,-2.151909359381087850e-05
1.081400000000000006e+01,5.940017958246113228e-05
1.081600000000000072e+01,-5.282406372578846154e-05
1.081799999999999962e+01,3.149984282308990191e-05
1.082000000000000028e+01,-1.655681686776530603e-05
1.082200000000000095e+01,-2.151913475135006082e-05
1.082399999999999984e+01,5.940019447498237626e-05
1.082600000000000051e+01,-5.282407791011578535e-05
1.082799999999999940e+01,3.149983960871322042e-05
1.083000000000000007e+01,-1.655681821801854858e-05
1.083200000000000074e+01,-2.151913747404712862e-05
1.083399999999999963e+01,5.940019541974400630e-05
1.083600000000000030e+01,-5.282407877774467075e-05
1.083800000000000097e+01,3.149983915320259120e-05
1.083999999999999986e+01,-1.655681825965191201e-05
1.084200000000000053e+01,-2.180037975664170236e-05
1.084399999999999942e+01,5.825867213368057795e-05
1.084600000000000009e+01,-5.173840490386646951e-05
1.084800000000000075e+01,3.163740895734470926e-05
1.084999999999999964e+01,-1.651059635007431914e-05
1.085200000000000031e+01,-2.138809993365922701e-05
1.085400000000000098e+01,5.935289627228071407e-05
1.085599999999999987e+01,-5.277891919475141691e-05
1.085800000000000054e+01,3.150918192700719045e-05
1.085999999999999943e+01,-1.655238419772178671e-05
1.086200000000000010e+01,-2.179118917497446795e-05
1.086400000000000077e+01,5.825551181749821783e-05
1.086599999999999966e+01,-5.173562405775058992e-05
1.086800000000000033e+01,3.163809683990811972e-05
1.087000000000000099e+01,-1.651025016309939919e-05
1.087199999999999989e+01,-2.138743436318896185e-05
1.087400000000000055e+01,5.935265388412949705e-05
1.087599999999999945e+01,-5.277868766540710910e-05
1.087800000000000011e+01,3.150922936381861383e-05
1.088000000000000078e+01,-1.655236131998388815e-05
1.088199999999999967e+01,-2.151002012869274171e-05
1.088400000000000034e+01,5.939688189158034981e-05
1.088600000000000101e+01,-5.282091457133042400e-05
1.088799999999999990e+01,3.150049335580093479e-05
1.089000000000000057e+01,-1.655650684008122542e-05
1.089199999999999946e+01,-2.151850046789444137e-05
1.089400000000000013e+01,5.939996359292584738e-05
1.089600000000000080e+01,-5.282385719496823784e-05
1.089799999999999969e+01,3.149988340419782040e-05
1.090000000000000036e+01,-1.655679619350439169e-05
1.090200000000000102e+01,-2.180033381047816188e-05
1.090399999999999991e+01,5.825865571425226097e-05
1.090600000000000058e+01,-5.173839061175730669e-05
1.090799999999999947e+01,3.163741099339659191e-05
1.091000000000000014e+01,-1.651059419595368727e-05
1.091200000000000081e+01,-2.166474533051368501e-05
1.091399999999999970e+01,5.822616541841657556e-05
1.091600000000000037e+01,-5.170776889436984325e-05
1.091800000000000104e+01,3.164479057447475152e-05
1.091999999999999993e+01,-1.650686324377106939e-05
1.092200000000000060e+01,-2.166032806230275276e-05
1.092399999999999949e+01,5.821082988899384247e-05
1.092600000000000016e+01,-5.169631179737996240e-05
1.092800000000000082e+01,3.164781418038900562e-05
1.092999999999999972e+01,-1.650536454746859283e-05
1.093200000000000038e+01,-2.137804073805080196e-05
1.093400000000000105e+01,5.934923409117026649e-05
1.093599999999999994e+01,-5.277542184256925339e-05
1.093800000000000061e+01,3.150990457417152113e-05
1.093999999999999950e+01,-1.655203974008923051e-05
1.094200000000000017e+01,-2.179047514350163084e-05
1.094400000000000084e+01,5.825526550426451955e-05
1.094599999999999973e+01,-5.173540751809979632e-05
1.094800000000000040e+01,3.163814843832810086e-05
1.095000000000000107e+01,-1.651022271612762049e-05
1.095199999999999996e+01,-2.166688682954387435e-05
1.095400000000000063e+01,5.821308823612120209e-05
1.095599999999999952e+01,-5.169829915591811487e-05
1.095800000000000018e+01,3.164732132048680979e-05
1.096000000000000085e+01,-1.650561174535575271e-05
1.096199999999999974e+01,-2.165504007426918842e-05
1.096400000000000041e+01,5.822281879320004294e-05
1.096600000000000108e+01,-5.170482411085905450e-05
1.096799999999999997e+01,3.164551859217989982e-05
1.097000000000000064e+01,-1.650649628982814310e-05
1.097199999999999953e+01,-2.138020271326077082e-05
1.097400000000000020e+01,5.935002135927514022e-05
1.097600000000000087e+01,-5.277617347902718858e-05
1.097799999999999976e+01,3.150974764538211348e-05
1.098000000000000043e+01,-1.655211351642149609e-05
1.098200000000000109e+01,-2.150951300110628961e-05
1.098399999999999999e+01,5.939669706426717322e-05
1.098600000000000065e+01,-5.282073770984316297e-05
1.098799999999999955e+01,3.150052721567764280e-05
1.099000000000000021e+01,-1.655648899539022278e-05
1.099200000000000088e+01,-2.151846361020046117e-05
1.099399999999999977e+01,5.939994965204961619e-05
1.099600000000000044e+01,-5.282384351688179658e-05
1.099800000000000111e+01,3.149988345189924654e-05
1.100000000000000000e+01,-1.655679439603596759e-05
1.100200000000000067e+01,-2.151908814483280419e-05
1.100399999999999956e+01,5.940017654496379529e-05
1.100600000000000023e+01,-5.282406014435817032e-05
1.100800000000000090e+01,3.149983830253236250e-05
1.100999999999999979e+01,-1.655681567523312192e-05
1.101200000000000045e+01,-2.151913157638629670e-05
1.101399999999999935e+01,5.940019226998577428e-05
1.101600000000000001e+01,-5.282407510915493321e-05
1.101800000000000068e+01,3.149983491396862734e-05
1.101999999999999957e+01,-1.655681708689904497e-05
1.102200000000000024e+01,-2.180037663140899085e-05
1.102400000000000091e+01,5.836063544800013103e-05
1.102599999999999980e+01,-5.187700030203842849e-05
1.102800000000000047e+01,3.165013825268125913e-05
1.102999999999999936e+01,-1.650099899335941145e-05
1.103200000000000003e+01,-2.165527587471086091e-05
1.103400000000000070e+01,5.820902601489513772e-05
1.103599999999999959e+01,-5.169472371648400899e-05
1.103800000000000026e+01,3.164820718679420275e-05
1.104000000000000092e+01,-1.650516475144858664e-05
1.104199999999999982e+01,-2.165703330570326046e-05
1.104400000000000048e+01,5.820969329755829036e-05
1.104599999999999937e+01,-5.169531193217197229e-05
1.104800000000000004e+01,3.164805879088405938e-05
1.105000000000000071e+01,-1.650523930955827279e-05
1.105199999999999960e+01,-2.165717816870679768e-05
1.105400000000000027e+01,5.820974309275750436e-05
1.105600000000000094e+01,-5.169535577987174890e-05
1.105799999999999983e+01,3.164804766466258745e-05
1.106000000000000050e+01,-1.650524470298009305e-05
1.106199999999999939e+01,-2.165718862657400878e-05
1.106400000000000006e+01,5.820974659274946728e-05
1.106600000000000072e+01,-5.169535887798379359e-05
1.106799999999999962e+01,3.164804664618908747e-05
1.107000000000000028e+01,-1.650524502963546247e-05
1.107200000000000095e+01,-2.165718922243764499e-05
1.107399999999999984e+01,5.831175216441247811e-05
1.107600000000000051e+01,-5.183398239479511393e-05
1.107799999999999940e+01,3.166077484539897569e-05
1.108000000000000007e+01,-1.649565156592452952e-05
1.108200000000000074e+01,-2.164485852936340327e-05
1.108399999999999963e+01,5.820543727216159757e-05
1.108600000000000030e+01,-5.169156585135489812e-05
1.108800000000000097e+01,3.164898789378978172e-05
1.108999999999999986e+01,-1.650477129801208864e-05
1.109200000000000053e+01,-2.165626681584903457e-05
1.109399999999999942e+01,5.820942876566537194e-05
1.109600000000000009e+01,-5.169507927891073273e-05
1.109800000000000075e+01,3.164811511966944546e-05
1.109999999999999964e+01,-1.650521002281857275e-05
1.110200000000000031e+01,-2.165712094785721131e-05
1.110400000000000098e+01,5.831172836116144120e-05
1.110599999999999987e+01,-5.183396152306368743e-05
1.110800000000000054e+01,3.166077925450053177e-05
1.110999999999999943e+01,-1.649564878608567042e-05
1.111200000000000010e+01,-2.164485297116366946e-05
1.111400000000000077e+01,5.820543505585112909e-05
1.111599999999999966e+01,-5.169156397852314733e-05
1.111800000000000033e+01,3.164898760397993893e-05
1.112000000000000099e+01,-1.650477088719140562e-05
1.112199999999999989e+01,-2.137689923906171963e-05
1.112400000000000055e+01,5.934881750210840856e-05
1.112599999999999945e+01,-5.277502334161132680e-05
1.112800000000000011e+01,3.150998187593373467e-05
1.113000000000000078e+01,-1.655199966824755231e-05
1.113199999999999967e+01,-2.150927965774429573e-05
1.113400000000000034e+01,5.939661142208979561e-05
1.113600000000000101e+01,-5.282065539710320556e-05
1.113799999999999990e+01,3.150054010825006912e-05
1.114000000000000057e+01,-1.655648022574202072e-05
1.114199999999999946e+01,-2.179967812170405250e-05
1.114400000000000013e+01,5.825842779698039986e-05
1.114600000000000080e+01,-5.173819067951640482e-05
1.114799999999999969e+01,3.163745445670246292e-05
1.115000000000000036e+01,-1.651056780610504759e-05
1.115200000000000102e+01,-2.166469304475462931e-05
1.115399999999999991e+01,5.822614493459013496e-05
1.115600000000000058e+01,-5.170775149667544701e-05
1.115799999999999947e+01,3.164478885411131648e-05
1.116000000000000014e+01,-1.650685957039349505e-05
1.116200000000000081e+01,-2.166032000124051837e-05
1.116399999999999970e+01,5.821082465450391763e-05
1.116600000000000037e+01,-5.169630782030434912e-05
1.116800000000000104e+01,3.164780913288145481e-05
1.116999999999999993e+01,-1.650536253185175273e-05
1.117200000000000060e+01,-2.165741773849441665e-05
1.117399999999999949e+01,5.820982438012323179e-05
1.117600000000000016e+01,-5.169542761849360568e-05
1.117800000000000082e+01,3.164802685953413408e-05
1.117999999999999972e+01,-1.650525289707480137e-05
1.118200000000000038e+01,-2.137782524597869882e-05
1.118400000000000105e+01,5.934915425592421356e-05
1.118599999999999994e+01,-5.277534470236530662e-05
1.118800000000000061e+01,3.150991359822039040e-05
1.118999999999999950e+01,-1.655203102176108776e-05
1.119200000000000017e+01,-2.179045608503848985e-05
1.119400000000000084e+01,5.825525638023659747e-05
1.119599999999999973e+01,-5.173540013384339553e-05
1.119800000000000040e+01,3.163814397140474188e-05
1.120000000000000107e+01,-1.651022021992298860e-05
1.120199999999999996e+01,-2.138737567582496557e-05
1.120400000000000063e+01,5.935263069826654525e-05
1.120599999999999952e+01,-5.277866431948469161e-05
1.120800000000000018e+01,3.150922502459518881e-05
1.121000000000000085e+01,-1.655235755091202798e-05
1.121199999999999974e+01,-2.179113255999787224e-05
1.121400000000000041e+01,5.825548877504485579e-05
1.121600000000000108e+01,-5.173560468981278082e-05
1.121799999999999997e+01,3.163809284014926226e-05
1.122000000000000064e+01,-1.651024554727431592e-05
1.122199999999999953e+01,-2.166693030611344106e-05
1.122400000000000020e+01,5.821310044039698650e-05
1.122600000000000087e+01,-5.169831058924462264e-05
1.122799999999999976e+01,3.164731170203841093e-05
1.123000000000000043e+01,-1.650561148988649585e-05
1.123200000000000109e+01,-2.165503852089717407e-05
1.123399999999999999e+01,5.822281548848937116e-05
1.123600000000000065e+01,-5.170482190159850222e-05
1.123799999999999955e+01,3.164551236988291660e-05
1.124000000000000021e+01,-1.650649433313292058e-05
1.124200000000000088e+01,-2.138019799801174625e-05
1.124399999999999977e+01,5.935001816632576310e-05
1.124600000000000044e+01,-5.277616945276869531e-05
1.124800000000000111e+01,3.150974098581685312e-05
1.125000000000000000e+01,-1.655211191118818870e-05
1.125200000000000067e+01,-2.179062343815943437e-05
1.125399999999999956e+01,5.835728223398117809e-05
1.125600000000000023e+01,-5.187404968742467815e-05
1.125800000000000090e+01,3.165086301545536052e-05
1.125999999999999979e+01,-1.650063030743040282e-05
1.126200000000000045e+01,-2.137521391442145924e-05
1.126399999999999935e+01,5.934814077879560501e-05
1.126600000000000001e+01,-5.277437550167338176e-05
1.126800000000000068e+01,3.151011479022441941e-05
1.126999999999999957e+01,-1.655193387507455927e-05
1.127200000000000024e+01,-2.150914510159682158e-05
1.127400000000000091e+01,5.939656175174209962e-05
1.127599999999999980e+01,-5.282060746300207277e-05
1.127800000000000047e+01,3.150054614298181122e-05
1.127999999999999936e+01,-1.655647487370376369e-05
1.128200000000000003e+01,-2.151843367252659345e-05
1.128400000000000070e+01,5.950115322622337444e-05
1.128599999999999959e+01,-5.296196879503098365e-05
1.128800000000000026e+01,3.151271641360989251e-05
1.129000000000000092e+01,-1.654713850042163759e-05
1.129199999999999982e+01,-2.150679888246118110e-05
1.129400000000000048e+01,5.939563899499608612e-05
1.129599999999999937e+01,-5.281972500702572515e-05
1.129800000000000004e+01,3.150073127708430398e-05
1.130000000000000071e+01,-1.655638641366932728e-05
1.130199999999999960e+01,-2.151825321852762762e-05
1.130400000000000027e+01,5.950108760145733644e-05
1.130600000000000094e+01,-5.296190603202438618e-05
1.130799999999999983e+01,3.151272887210246343e-05
1.131000000000000050e+01,-1.654713224394366300e-05
1.131199999999999939e+01,-2.178786324282672160e-05
1.131400000000000006e+01,5.825429407235738211e-05
1.131600000000000072e+01,-5.173455253940431597e-05
1.131799999999999962e+01,3.163835359711736350e-05
1.132000000000000028e+01,-1.651011242044531091e-05
1.132200000000000095e+01,-2.166667102315028570e-05
1.132399999999999984e+01,5.831501298280208911e-05
1.132600000000000051e+01,-5.183685306320989783e-05
1.132799999999999940e+01,3.166005761904774896e-05
1.133000000000000007e+01,-1.649600741649576152e-05
1.133200000000000074e+01,-2.164268857273582425e-05
1.133399999999999963e+01,5.821849444818602559e-05
1.133600000000000030e+01,-5.170101878709809640e-05
1.133800000000000097e+01,3.164645418899866836e-05
1.133999999999999986e+01,-1.650601878462956695e-05
1.134200000000000053e+01,-2.137928391238511083e-05
1.134399999999999942e+01,5.934968485506869618e-05
1.134600000000000009e+01,-5.277585081306032655e-05
1.134800000000000075e+01,3.150980423577767753e-05
1.134999999999999964e+01,-1.655208009931560809e-05
1.135200000000000031e+01,-2.179055714348482331e-05
1.135400000000000098e+01,5.825528949592734262e-05
1.135599999999999987e+01,-5.173542968350819393e-05
1.135800000000000054e+01,3.163813264556170068e-05
1.135999999999999943e+01,-1.651022288782708070e-05
1.136200000000000010e+01,-2.138738027812961406e-05
1.136400000000000077e+01,5.935263148651448439e-05
1.136599999999999966e+01,-5.277866451950871673e-05
1.136800000000000033e+01,3.150922055269664290e-05
1.137000000000000099e+01,-1.655235686238987203e-05
1.137199999999999989e+01,-2.179113044334032856e-05
1.137400000000000055e+01,5.825548640386174482e-05
1.137599999999999945e+01,-5.173560300794979860e-05
1.137800000000000011e+01,3.163808923748595570e-05
1.138000000000000078e+01,-1.651024433914696776e-05
1.138199999999999967e+01,-2.138742142233571175e-05
1.138400000000000034e+01,5.935264635226200625e-05
1.138600000000000101e+01,-5.277867862872945293e-05
1.138799999999999990e+01,3.150921705788803373e-05
1.139000000000000057e+01,-1.655235814089148216e-05
1.139199999999999946e+01,-2.151001172411709517e-05
1.139400000000000013e+01,5.939687602544638234e-05
1.139600000000000080e+01,-5.282090712090126150e-05
1.139799999999999969e+01,3.150048072057820558e-05
1.140000000000000036e+01,-1.655650380853745940e-05
1.140200000000000102e+01,-2.151849238789943497e-05
1.140399999999999991e+01,5.939995785199034262e-05
1.140600000000000058e+01,-5.282384985794488785e-05
1.140799999999999947e+01,3.149987073699372919e-05
1.141000000000000014e+01,-1.655679318694411317e-05
1.141200000000000081e+01,-2.180032551160268617e-05
1.141399999999999970e+01,5.825864763633892274e-05
1.141600000000000037e+01,-5.173838482201362221e-05
1.141800000000000104e+01,3.163739962917799797e-05
1.141999999999999993e+01,-1.651059028986989752e-05
1.142200000000000060e+01,-2.166473578185321158e-05
1.142399999999999949e+01,5.822615692732333037e-05
1.142600000000000016e+01,-5.170776273819704949e-05
1.142800000000000082e+01,3.164477931065848293e-05
1.142999999999999972e+01,-1.650685927847769796e-05
1.143200000000000038e+01,-2.138089889818992062e-05
1.143400000000000105e+01,5.935027225254657646e-05
1.143599999999999994e+01,-5.277641139933911263e-05
1.143800000000000061e+01,3.150968556438552004e-05
1.143999999999999950e+01,-1.655213486288775737e-05
1.144200000000000017e+01,-2.179067023227315714e-05
1.144400000000000084e+01,5.825532746770237247e-05
1.144599999999999973e+01,-5.173546333209905201e-05
1.144800000000000040e+01,3.163812206996921561e-05
1.145000000000000107e+01,-1.651022652043518391e-05
1.145199999999999996e+01,-2.166402724903052079e-05
1.145400000000000063e+01,5.822591232236204450e-05
1.145599999999999952e+01,-5.170754758337600676e-05
1.145800000000000018e+01,3.164483183114297216e-05
1.146000000000000085e+01,-1.650683230264640700e-05
1.146199999999999974e+01,-2.138084692234268336e-05
1.146400000000000041e+01,5.935025316910688686e-05
1.146600000000000108e+01,-5.277639307589912510e-05
1.146799999999999997e+01,3.150968852558277966e-05
1.147000000000000064e+01,-1.655213292116319845e-05
1.147199999999999953e+01,-2.150955085413255863e-05
1.147400000000000020e+01,5.939670811605513023e-05
1.147600000000000087e+01,-5.282074650638998725e-05
1.147799999999999976e+01,3.150051179047486105e-05
1.148000000000000043e+01,-1.655648765857414828e-05
1.148200000000000109e+01,-2.151845904667382126e-05
1.148399999999999999e+01,5.939994528557715481e-05
1.148600000000000065e+01,-5.282383758901249005e-05
1.148799999999999955e+01,3.149987107463683711e-05
1.149000000000000021e+01,-1.655679161910797448e-05
1.149200000000000088e+01,-2.180032193878356228e-05
1.149399999999999977e+01,5.825864558674578864e-05
1.149600000000000044e+01,-5.173838322777846166e-05
1.149800000000000111e+01,3.163739801192305690e-05
1.150000000000000000e+01,-1.651058957532341998e-05
1.150200000000000067e+01,-2.138808467189515228e-05
1.150399999999999956e+01,5.935288713749403700e-05
1.150600000000000023e+01,-5.277890812031144074e-05
1.150800000000000090e+01,3.150916616155227667e-05
1.150999999999999979e+01,-1.655238018155244517e-05
1.151200000000000045e+01,-2.179117826158621929e-05
1.151400000000000112e+01,5.825550142426680345e-05
1.151600000000000001e+01,-5.173561659474468222e-05
1.151800000000000068e+01,3.163808236825160769e-05
1.151999999999999957e+01,-1.651024515378005098e-05
1.152200000000000024e+01,-2.138742249199049317e-05
1.152400000000000091e+01,5.945390360855354328e-05
1.152599999999999980e+01,-5.291684260856632793e-05
1.152800000000000047e+01,3.152204628432270228e-05
1.152999999999999936e+01,-1.654270703527888076e-05
1.153200000000000003e+01,-2.177868989072795358e-05
1.153400000000000070e+01,5.825113766185635589e-05
1.153599999999999959e+01,-5.173177564410727514e-05
1.153800000000000026e+01,3.163903547646895742e-05
1.154000000000000092e+01,-1.650976547270047168e-05
1.154199999999999982e+01,-2.166599439067107280e-05
1.154400000000000048e+01,5.821277477463526751e-05
1.154599999999999937e+01,-5.169802484575672374e-05
1.154800000000000004e+01,3.164737443860782262e-05
1.155000000000000071e+01,-1.650557389239540318e-05
1.155199999999999960e+01,-2.137844105577768605e-05
1.155400000000000027e+01,5.934937638833390205e-05
1.155600000000000094e+01,-5.277555547303358630e-05
1.155799999999999983e+01,3.150985963424821068e-05
1.156000000000000050e+01,-1.655205009920904247e-05
1.156199999999999939e+01,-2.150938116610157103e-05
1.156400000000000006e+01,5.939664594244858931e-05
1.156600000000000072e+01,-5.282068680650953141e-05
1.156799999999999962e+01,3.150052164927613640e-05
1.157000000000000028e+01,-1.655648136858825503e-05
1.157200000000000095e+01,-2.179967879888111693e-05
1.157399999999999984e+01,5.825842361306329820e-05
1.157600000000000051e+01,-5.173818811559857678e-05
1.157799999999999940e+01,3.163744430879911196e-05
1.158000000000000007e+01,-1.651056478909132541e-05
1.158200000000000074e+01,-2.138803676307587942e-05
1.158399999999999963e+01,5.945412669147720486e-05
1.158600000000000030e+01,-5.291705547967595624e-05
1.158800000000000097e+01,3.152200048464268156e-05
1.158999999999999986e+01,-1.654272769644263286e-05
1.159200000000000053e+01,-2.177873247967768155e-05
1.159399999999999942e+01,5.835312392492644773e-05
1.159600000000000009e+01,-5.187038963059067975e-05
1.159800000000000075e+01,3.165176345597264795e-05
1.159999999999999964e+01,-1.650017107446277720e-05
1.160200000000000031e+01,-2.165366152188236137e-05
1.160400000000000098e+01,5.820846410850566421e-05
1.160599999999999987e+01,-5.169423072286238874e-05
1.160800000000000054e+01,3.164831495978265297e-05
1.160999999999999943e+01,-1.650509981168321594e-05
1.161200000000000010e+01,-2.137752981678717190e-05
1.161400000000000077e+01,5.934904434544072127e-05
1.161599999999999966e+01,-5.277523819487844881e-05
1.161800000000000033e+01,3.150992374578026611e-05
1.162000000000000099e+01,-1.655201861150423781e-05
1.162199999999999989e+01,-2.150931655840390699e-05
1.162400000000000055e+01,5.939662214648339100e-05
1.162599999999999945e+01,-5.282066387580011679e-05
1.162800000000000011e+01,3.150052476301803961e-05
1.163000000000000078e+01,-1.655647885945993325e-05
1.163199999999999967e+01,-2.151844049950654703e-05
1.163400000000000034e+01,5.939993771849130799e-05
1.163600000000000101e+01,-5.282382982084443679e-05
1.163799999999999990e+01,3.149986851772035301e-05
1.164000000000000057e+01,-1.655679017846176104e-05
1.164199999999999946e+01,-2.180031836529483513e-05
1.164400000000000013e+01,5.825864281487624918e-05
1.164600000000000080e+01,-5.173838118131129926e-05
1.164799999999999969e+01,3.163739475505952803e-05
1.165000000000000036e+01,-1.651058838210775481e-05
1.165200000000000102e+01,-2.138808185668181205e-05
1.165399999999999991e+01,5.935288527067830722e-05
1.165600000000000058e+01,-5.277890580461866432e-05
1.165799999999999947e+01,3.150916248171459211e-05
1.166000000000000014e+01,-1.655237928627206756e-05
1.166200000000000081e+01,-2.179117578160472135e-05
1.166399999999999970e+01,5.825549903377968963e-05
1.166600000000000037e+01,-5.173561486402841747e-05
1.166800000000000104e+01,3.163807903603862992e-05
1.166999999999999993e+01,-1.651024400217693255e-05
1.167200000000000060e+01,-2.166406047711399996e-05
1.167399999999999949e+01,5.822592154746883408e-05
1.167600000000000016e+01,-5.170755624938142003e-05
1.167800000000000082e+01,3.164482417013572690e-05
1.167999999999999972e+01,-1.650683200479438617e-05
1.168200000000000038e+01,-2.166026437954923778e-05
1.168400000000000105e+01,5.821080017331253798e-05
1.168599999999999994e+01,-5.169628761101177639e-05
1.168800000000000061e+01,3.164780109663964391e-05
1.168999999999999950e+01,-1.650535676821912601e-05
1.169200000000000017e+01,-2.165740455662909514e-05
1.169400000000000084e+01,5.820981451164566889e-05
1.169599999999999973e+01,-5.169542027824713948e-05
1.169800000000000040e+01,3.164801563930105810e-05
1.170000000000000107e+01,-1.650524871905229007e-05
1.170199999999999996e+01,-2.137781544604006045e-05
1.170400000000000063e+01,5.934914782338915340e-05
1.170599999999999952e+01,-5.277533668300929404e-05
1.170800000000000018e+01,3.150990081882132365e-05
1.171000000000000085e+01,-1.655202789682674869e-05
1.171199999999999974e+01,-2.179044752184666756e-05
1.171400000000000041e+01,5.825524809853835362e-05
1.171600000000000108e+01,-5.173539419393857752e-05
1.171799999999999997e+01,3.163813239921015041e-05
1.172000000000000064e+01,-1.651021621818654639e-05
1.172199999999999953e+01,-2.138736620092493435e-05
1.172400000000000020e+01,5.935262438032037902e-05
1.172600000000000087e+01,-5.277865641592840995e-05
1.172799999999999976e+01,3.150921221140717821e-05
1.173000000000000043e+01,-1.655235443155309016e-05
1.173200000000000109e+01,-2.151000286276100182e-05
1.173399999999999999e+01,5.939687093419257491e-05
1.173600000000000065e+01,-5.282090103874564901e-05
1.173799999999999955e+01,3.150047254403195995e-05
1.174000000000000021e+01,-1.655650167068853373e-05
1.174200000000000088e+01,-2.179972019090287150e-05
1.174399999999999977e+01,5.825843610759995350e-05
1.174600000000000044e+01,-5.173819953233765867e-05
1.174800000000000111e+01,3.163743721340886439e-05
1.175000000000000000e+01,-1.651056515568696814e-05
1.175200000000000067e+01,-2.166755086187646673e-05
1.175399999999999956e+01,5.821330876753030847e-05
1.175600000000000023e+01,-5.169849528557923790e-05
1.175800000000000090e+01,3.164725269125603924e-05
1.175999999999999979e+01,-1.650563115697736838e-05
1.176200000000000045e+01,-2.137855037773889189e-05
1.176400000000000112e+01,5.934941504064095152e-05
1.176600000000000001e+01,-5.277559163136685827e-05
1.176800000000000068e+01,3.150984632535949737e-05
1.176999999999999957e+01,-1.655205271353793472e-05
1.177200000000000024e+01,-2.179049870346810858e-05
1.177400000000000091e+01,5.825526509044623436e-05
1.177599999999999980e+01,-5.173540929452602466e-05
1.177800000000000047e+01,3.163812716314162721e-05
1.177999999999999936e+01,-1.651021773619101851e-05
1.178200000000000003e+01,-2.138736888362968713e-05
1.178400000000000070e+01,5.935262502623772640e-05
1.178599999999999959e+01,-5.277865682446966633e-05
1.178800000000000026e+01,3.150921047903251782e-05
1.179000000000000092e+01,-1.655235420834275106e-05
1.179199999999999982e+01,-2.151000217231677225e-05
1.179400000000000048e+01,5.949808913111032105e-05
1.179599999999999937e+01,-5.295904027273826142e-05
1.179800000000000004e+01,3.151330904199028948e-05
1.180000000000000071e+01,-1.654684820182050764e-05
1.180199999999999960e+01,-2.178727271228211859e-05
1.180400000000000027e+01,5.825408600619932931e-05
1.180600000000000094e+01,-5.173437072400130510e-05
1.180799999999999983e+01,3.163838631148677139e-05
1.181000000000000050e+01,-1.651008673300008445e-05
1.181199999999999939e+01,-2.138711732291992407e-05
1.181400000000000006e+01,5.935253328825940144e-05
1.181600000000000072e+01,-5.277856910773995325e-05
1.181799999999999962e+01,3.150922782115678222e-05
1.182000000000000028e+01,-1.655234544999453772e-05
1.182200000000000095e+01,-2.150998413420410205e-05
1.182399999999999984e+01,5.939686364135957075e-05
1.182600000000000051e+01,-5.282089374104154134e-05
1.182799999999999940e+01,3.150047156057558806e-05
1.183000000000000007e+01,-1.655650057167876166e-05
1.183200000000000074e+01,-2.151848414400081566e-05
1.183399999999999963e+01,5.939995248098114966e-05
1.183600000000000030e+01,-5.282384319896249458e-05
1.183800000000000097e+01,3.149986019974904128e-05
1.183999999999999986e+01,-1.655679059342149428e-05
1.184200000000000053e+01,-2.180031842948654264e-05
1.184399999999999942e+01,5.825864079141498952e-05
1.184600000000000009e+01,-5.173837990044005686e-05
1.184800000000000075e+01,3.163739007494212330e-05
1.184999999999999964e+01,-1.651058698355287180e-05
1.185200000000000031e+01,-2.138807847535881268e-05
1.185400000000000098e+01,5.935288294839705103e-05
1.185599999999999987e+01,-5.277890286124395369e-05
1.185800000000000054e+01,3.150915753357200200e-05
1.185999999999999943e+01,-1.655237809115167602e-05
1.186200000000000010e+01,-2.179117252800594207e-05
1.186400000000000077e+01,5.825549585807693331e-05
1.186599999999999966e+01,-5.173561259745260155e-05
1.186800000000000033e+01,3.163807460001069605e-05
1.187000000000000099e+01,-1.651024247900645392e-05
1.187199999999999989e+01,-2.166405672796717363e-05
1.187400000000000055e+01,5.822591821546055368e-05
1.187599999999999945e+01,-5.170755384237973873e-05
1.187800000000000011e+01,3.164481975316893458e-05
1.188000000000000078e+01,-1.650683045510692448e-05
1.188199999999999967e+01,-2.138084192151654128e-05
1.188400000000000034e+01,5.935024903571187171e-05
1.188600000000000101e+01,-5.277638760547292973e-05
1.188799999999999990e+01,3.150967799111364931e-05
1.189000000000000057e+01,-1.655213049389300806e-05
1.189199999999999946e+01,-2.150954434074897614e-05
1.189400000000000013e+01,5.939670342407221693e-05
1.189600000000000080e+01,-5.282074051562654637e-05
1.189799999999999969e+01,3.150050137562879216e-05
1.190000000000000036e+01,-1.655648518424437943e-05
1.190200000000000102e+01,-2.179968533302240052e-05
1.190399999999999991e+01,5.825842249437829246e-05
1.190600000000000058e+01,-5.173818796489620953e-05
1.190799999999999947e+01,3.163743606245106310e-05
1.191000000000000014e+01,-1.651056272321954621e-05
1.191200000000000081e+01,-2.166754549726146450e-05
1.191399999999999970e+01,5.821330528774787405e-05
1.191600000000000037e+01,-5.169849262487077879e-05
1.191800000000000104e+01,3.164724933468754386e-05
1.191999999999999993e+01,-1.650562983042738741e-05
1.192200000000000060e+01,-2.165793553371084257e-05
1.192399999999999949e+01,5.820999505079874070e-05
1.192600000000000016e+01,-5.169557973298821718e-05
1.192800000000000082e+01,3.164797038298153287e-05
1.192999999999999972e+01,-1.650526713656980116e-05
1.193200000000000038e+01,-2.137785004444406334e-05
1.193400000000000105e+01,5.934915915802030373e-05
1.193599999999999994e+01,-5.277534667399302881e-05
1.193800000000000061e+01,3.150989237711565583e-05
1.193999999999999950e+01,-1.655202784388992709e-05
1.194200000000000017e+01,-2.150933425859591352e-05
1.194400000000000084e+01,5.939662681195279070e-05
1.194599999999999973e+01,-5.282066717772829212e-05
1.194800000000000040e+01,3.150051517878879603e-05
1.195000000000000107e+01,-1.655647774161106422e-05
1.195199999999999996e+01,-2.151843702846711892e-05
1.195400000000000063e+01,5.939993469228008194e-05
1.195599999999999952e+01,-5.282382577951813540e-05
1.195800000000000018e+01,3.149986046058206313e-05
1.196000000000000085e+01,-1.655678834209389771e-05
1.196199999999999974e+01,-2.151907216855694638e-05
1.196400000000000041e+01,5.940016546168713774e-05
1.196600000000000108e+01,-5.282404608782445554e-05
1.196799999999999997e+01,3.149981453182820745e-05
1.197000000000000064e+01,-1.655680996918637571e-05
1.197199999999999953e+01,-2.151911635651232446e-05
1.197400000000000020e+01,5.940018145376979586e-05
1.197600000000000087e+01,-5.282406133873610021e-05
1.197799999999999976e+01,3.149981111590094418e-05
1.198000000000000043e+01,-1.655681140913869975e-05
1.198200000000000109e+01,-2.180036102019528022e-05
1.198399999999999999e+01,5.825865400467880595e-05
1.198600000000000065e+01,-5.173839189177853459e-05
1.198799999999999955e+01,3.163738358897064118e-05
1.199000000000000021e+01,-1.651058759920276398e-05
1.199200000000000088e+01,-2.138807916796103825e-05
1.199399999999999977e+01,5.935288242230399303e-05
1.199600000000000044e+01,-5.277890185411207580e-05
1.199800000000000111e+01,3.150915386382693861e-05
1.200000000000000000e+01,-1.655237737411066612e-05
1.200200000000000067e+01,-2.151004876432827118e-05
1.200399999999999956e+01,5.939688612075291752e-05
1.200600000000000023e+01,-5.282091456586257561e-05
1.200800000000000090e+01,3.150046225757624496e-05
1.200999999999999979e+01,-1.655650180518164483e-05
1.201200000000000045e+01,-2.151848601953179618e-05
1.201400000000000112e+01,5.939995217707494390e-05
1.201600000000000001e+01,-5.282384225413841450e-05
1.201800000000000068e+01,3.149985540136859830e-05
1.201999999999999957e+01,-1.655678969190652050e-05
1.202200000000000024e+01,-2.180031584744085427e-05
1.202400000000000091e+01,5.825863806285108693e-05
1.202599999999999980e+01,-5.173837797000507832e-05
1.202800000000000047e+01,3.163738602559793001e-05
1.203000000000000114e+01,-1.651058560414239706e-05
1.203200000000000003e+01,-2.138807521661137412e-05
1.203400000000000070e+01,5.935288077877839963e-05
1.203599999999999959e+01,-5.277890013445987738e-05
1.203800000000000026e+01,3.150915311668153751e-05
1.204000000000000092e+01,-1.655237701464126743e-05
1.204199999999999982e+01,-2.179116958934967929e-05
1.204400000000000048e+01,5.825549301459453932e-05
1.204599999999999937e+01,-5.173561055193606761e-05
1.204800000000000004e+01,3.163807059103698749e-05
1.205000000000000071e+01,-1.651024109742063595e-05
1.205199999999999960e+01,-2.138741285672568493e-05
1.205400000000000027e+01,5.935263954683078769e-05
1.205600000000000094e+01,-5.277866971075892422e-05
1.205799999999999983e+01,3.150920031303253155e-05
1.206000000000000050e+01,-1.655235425947546024e-05
1.206199999999999939e+01,-2.179112233800448162e-05
1.206400000000000006e+01,5.825547655911172962e-05
1.206600000000000072e+01,-5.173559611624731214e-05
1.206799999999999962e+01,3.163807364674892098e-05
1.207000000000000028e+01,-1.651023917449701006e-05
1.207200000000000095e+01,-2.138740909286146463e-05
1.207399999999999984e+01,5.935263807781143708e-05
1.207600000000000051e+01,-5.277866823129653828e-05
1.207799999999999940e+01,3.150920007223556585e-05
1.208000000000000007e+01,-1.655235402539881329e-05
1.208200000000000074e+01,-2.151000073997988427e-05
1.208399999999999963e+01,5.939686824059028925e-05
1.208600000000000030e+01,-5.282089720581167880e-05
1.208800000000000097e+01,3.150046364828323897e-05
1.208999999999999986e+01,-1.655649973814066200e-05
1.209200000000000053e+01,-2.179971475339131937e-05
1.209399999999999942e+01,5.825843066193173159e-05
1.209600000000000009e+01,-5.173819564897527701e-05
1.209800000000000075e+01,3.163742941232269845e-05
1.209999999999999964e+01,-1.651056249171029000e-05
1.210200000000000031e+01,-2.166754433697778981e-05
1.210400000000000098e+01,5.831530562604506085e-05
1.210599999999999987e+01,-5.183711269635474239e-05
1.210800000000000054e+01,3.165997379792409583e-05
1.210999999999999943e+01,-1.649603483860201392e-05
1.211200000000000010e+01,-2.136637544122507726e-05
1.211400000000000077e+01,5.934491872328778728e-05
1.211599999999999966e+01,-5.277129565023699898e-05
1.211800000000000033e+01,3.151072955432168698e-05
1.212000000000000099e+01,-1.655162705075166607e-05
1.212199999999999989e+01,-2.150851449286492190e-05
1.212400000000000055e+01,5.939632790741278257e-05
1.212599999999999945e+01,-5.282038111164427674e-05
1.212800000000000011e+01,3.150056946539872560e-05
1.213000000000000078e+01,-1.655644880449100298e-05
1.213199999999999967e+01,-2.179960903438485365e-05
1.213400000000000034e+01,5.825839390418210972e-05
1.213600000000000101e+01,-5.173816340909090372e-05
1.213799999999999990e+01,3.163743638433247352e-05
1.214000000000000057e+01,-1.651055821697000603e-05
1.214199999999999946e+01,-2.166753588617176263e-05
1.214400000000000013e+01,5.821329962531554547e-05
1.214600000000000080e+01,-5.169848823432035556e-05
1.214799999999999969e+01,3.164724465182580659e-05
1.215000000000000036e+01,-1.650562782824424590e-05
1.215200000000000102e+01,-2.137854267153516119e-05
1.215399999999999991e+01,5.934941007198005214e-05
1.215600000000000058e+01,-5.277558547258850985e-05
1.215799999999999947e+01,3.150983679311297747e-05
1.216000000000000014e+01,-1.655205035759957366e-05
1.216200000000000081e+01,-2.179049228089036117e-05
1.216399999999999970e+01,5.835722793244568773e-05
1.216600000000000037e+01,-5.187400429597019413e-05
1.216800000000000104e+01,3.165085148964380535e-05
1.216999999999999993e+01,-1.650061894383283989e-05
1.217200000000000060e+01,-2.137518892463691200e-05
1.217399999999999949e+01,5.934812666838484851e-05
1.217600000000000016e+01,-5.277435874756833400e-05
1.217800000000000082e+01,3.151009300737458996e-05
1.217999999999999972e+01,-1.655192813989833645e-05
1.218200000000000038e+01,-2.150912999426130012e-05
1.218400000000000105e+01,5.939655125275500325e-05
1.218599999999999994e+01,-5.282059415565379390e-05
1.218800000000000061e+01,3.150052364496100377e-05
1.218999999999999950e+01,-1.655646947736413854e-05
1.219200000000000017e+01,-2.179965165422653728e-05
1.219400000000000084e+01,5.825840795120607041e-05
1.219599999999999973e+01,-5.173817591301588248e-05
1.219800000000000040e+01,3.163743177642466819e-05
1.220000000000000107e+01,-1.651055941131324145e-05
1.220199999999999996e+01,-2.166753795871875776e-05
1.220400000000000063e+01,5.821329971187477748e-05
1.220599999999999952e+01,-5.169848847316749207e-05
1.220800000000000018e+01,3.164724309768357502e-05
1.221000000000000085e+01,-1.650562749194381396e-05
1.221199999999999974e+01,-2.137854179153075851e-05
1.221400000000000041e+01,5.934940942660046903e-05
1.221600000000000108e+01,-5.277558464143045081e-05
1.221799999999999997e+01,3.150983528259904132e-05
1.222000000000000064e+01,-1.655205000899301337e-05
1.222199999999999953e+01,-2.179049129518231820e-05
1.222400000000000020e+01,5.825525793963157173e-05
1.222600000000000087e+01,-5.173540415833594031e-05
1.222799999999999976e+01,3.163811715984829465e-05
1.223000000000000043e+01,-1.651021427728771584e-05
1.223200000000000109e+01,-2.166686562219896639e-05
1.223399999999999999e+01,5.821306782251289835e-05
1.223600000000000065e+01,-5.169828449746657895e-05
1.223799999999999955e+01,3.164729285371273293e-05
1.224000000000000021e+01,-1.650560190620889434e-05
1.224200000000000088e+01,-2.137849251023296593e-05
1.224399999999999977e+01,5.934939131862701500e-05
1.224600000000000044e+01,-5.277556724974860614e-05
1.224800000000000111e+01,3.150983806281607014e-05
1.225000000000000000e+01,-1.655204815791816442e-05
1.225200000000000067e+01,-2.179048735600000453e-05
1.225399999999999956e+01,5.825525628007366397e-05
1.225600000000000023e+01,-5.173540278715846319e-05
1.225800000000000090e+01,3.163811675304176174e-05
1.225999999999999979e+01,-1.651021391182658227e-05
1.226200000000000045e+01,-2.166399966972015756e-05
1.226400000000000112e+01,5.832789242401700824e-05
1.226600000000000001e+01,-5.184615225859237619e-05
1.226800000000000068e+01,3.165754423401639928e-05
1.226999999999999957e+01,-1.649723169332845130e-05
1.227200000000000024e+01,-2.136866208270193912e-05
1.227400000000000091e+01,5.934575072171974219e-05
1.227599999999999980e+01,-5.277208957434054160e-05
1.227800000000000047e+01,3.151056053683071179e-05
1.228000000000000114e+01,-1.655170444361808713e-05
1.228200000000000003e+01,-2.150867217820540134e-05
1.228400000000000070e+01,5.949760355918737309e-05
1.228599999999999959e+01,-5.295857475174498008e-05
1.228800000000000026e+01,3.151339192121460631e-05
1.229000000000000092e+01,-1.654680020305582255e-05
1.229199999999999982e+01,-2.150610333749233827e-05
1.229400000000000048e+01,5.939538073703592991e-05
1.229599999999999937e+01,-5.281947479083767827e-05
1.229800000000000004e+01,3.150075536539204135e-05
1.230000000000000071e+01,-1.655635729931950739e-05
1.230199999999999960e+01,-2.151819000928076320e-05
1.230400000000000027e+01,5.939984300120867977e-05
1.230600000000000094e+01,-5.282373694844369472e-05
1.230799999999999983e+01,3.149986917723446300e-05
1.231000000000000050e+01,-1.655677803997709918e-05
1.231199999999999939e+01,-2.151904982209545958e-05
1.231400000000000006e+01,5.950137133940713863e-05
1.231600000000000072e+01,-5.296217347823539701e-05
1.231799999999999962e+01,3.151264547143067807e-05
1.232000000000000028e+01,-1.654715397225378637e-05
1.232200000000000095e+01,-2.178790424792187430e-05
1.232399999999999984e+01,5.825429783241561910e-05
1.232600000000000051e+01,-5.173455845137314713e-05
1.232799999999999940e+01,3.163832680971173650e-05
1.233000000000000007e+01,-1.651010685156314994e-05
1.233200000000000074e+01,-2.138715418547113001e-05
1.233399999999999963e+01,5.935254384029434171e-05
1.233600000000000030e+01,-5.277857730922111412e-05
1.233800000000000097e+01,3.150921169665921173e-05
1.233999999999999986e+01,-1.655234391602714017e-05
1.234200000000000053e+01,-2.150997908821269955e-05
1.234399999999999942e+01,5.939685892715831916e-05
1.234600000000000009e+01,-5.282088738550044793e-05
1.234800000000000075e+01,3.150045846478724543e-05
1.234999999999999964e+01,-1.655649759994132220e-05
1.235200000000000031e+01,-2.179970928523761176e-05
1.235400000000000098e+01,5.825842612828396883e-05
1.235599999999999987e+01,-5.173819233034518406e-05
1.235800000000000054e+01,3.163742371166053391e-05
1.235999999999999943e+01,-1.651056044309900939e-05
1.236200000000000010e+01,-2.166467415924688833e-05
1.236400000000000077e+01,5.822612610551641810e-05
1.236599999999999966e+01,-5.170773801262129599e-05
1.236800000000000033e+01,3.164476184895625988e-05
1.237000000000000099e+01,-1.650685032002566222e-05
1.237199999999999989e+01,-2.166029747538780748e-05
1.237400000000000055e+01,5.821080449736060203e-05
1.237599999999999945e+01,-5.169629319596094619e-05
1.237800000000000011e+01,3.164778241787277735e-05
1.238000000000000078e+01,-1.650535315861345609e-05
1.238199999999999967e+01,-2.165453112340509634e-05
1.238400000000000034e+01,5.822262883595913374e-05
1.238600000000000101e+01,-5.170466060977485512e-05
1.238799999999999990e+01,3.164552348017268812e-05
1.239000000000000057e+01,-1.650646704054459235e-05
1.239199999999999946e+01,-2.138014159721104979e-05
1.239400000000000013e+01,5.934999129734996881e-05
1.239600000000000080e+01,-5.277613965269656315e-05
1.239799999999999969e+01,3.150971524338436192e-05
1.240000000000000036e+01,-1.655210381810295894e-05
1.240200000000000102e+01,-2.179060204406807477e-05
1.240399999999999991e+01,5.825529418340691379e-05
1.240600000000000058e+01,-5.173543651473128113e-05
1.240799999999999947e+01,3.163810462896571307e-05
1.241000000000000014e+01,-1.651021716987666199e-05
1.241200000000000081e+01,-2.138736565207924323e-05
1.241399999999999970e+01,5.935262038641100912e-05
1.241600000000000037e+01,-5.277865011202309553e-05
1.241800000000000104e+01,3.150919437331506368e-05
1.241999999999999993e+01,-1.655235070902386085e-05
1.242200000000000060e+01,-2.179111355230314850e-05
1.242399999999999949e+01,5.825546984648821702e-05
1.242600000000000016e+01,-5.173559114201101150e-05
1.242800000000000082e+01,3.163806585974177077e-05
1.242999999999999972e+01,-1.651023629975489904e-05
1.243200000000000038e+01,-2.138740233147834457e-05
1.243400000000000105e+01,5.935263361896495060e-05
1.243599999999999994e+01,-5.277866268282166429e-05
1.243800000000000061e+01,3.150919121018211366e-05
1.243999999999999950e+01,-1.655235187409537234e-05
1.244200000000000017e+01,-2.150999495440647502e-05
1.244400000000000084e+01,5.939686413893377481e-05
1.244599999999999973e+01,-5.282089199493480991e-05
1.244800000000000040e+01,3.150045473490625803e-05
1.245000000000000107e+01,-1.655649761149111110e-05
1.245199999999999996e+01,-2.179970889591015260e-05
1.245400000000000063e+01,5.825842496482575017e-05
1.245599999999999952e+01,-5.173819155392805902e-05
1.245800000000000018e+01,3.163742139888556237e-05
1.246000000000000085e+01,-1.651055972267875815e-05
1.246199999999999974e+01,-2.166753762239750913e-05
1.246400000000000041e+01,5.821329695087501532e-05
1.246600000000000108e+01,-5.169848672396254452e-05
1.246799999999999997e+01,3.164723701121543997e-05
1.247000000000000064e+01,-1.650562565256447067e-05
1.247199999999999953e+01,-2.137853732151265285e-05
1.247400000000000020e+01,5.934940636316554663e-05
1.247600000000000087e+01,-5.277558078913002770e-05
1.247799999999999976e+01,3.150982887260844745e-05
1.248000000000000043e+01,-1.655204847019614567e-05
1.248200000000000109e+01,-2.150937438799571666e-05
1.248399999999999999e+01,5.939663841155948254e-05
1.248600000000000065e+01,-5.282067630027822980e-05
1.248799999999999955e+01,3.150049830535212037e-05
1.249000000000000021e+01,-1.655647622345393644e-05
1.249200000000000088e+01,-2.151843190410090978e-05
1.249399999999999977e+01,5.939992985664471759e-05
1.249600000000000044e+01,-5.282381921556736359e-05
1.249800000000000111e+01,3.149984684782530797e-05
1.250000000000000000e+01,-1.655678527679935175e-05
1.250200000000000067e+01,-2.180030474744146241e-05
1.250399999999999956e+01,5.825862933372949470e-05
1.250600000000000023e+01,-5.173837152431040587e-05
1.250800000000000090e+01,3.163737558907822600e-05
1.250999999999999979e+01,-1.651058179778785995e-05
1.251200000000000045e+01,-2.166471520651316873e-05
1.251400000000000112e+01,5.822613873715867805e-05
1.251600000000000001e+01,-5.170774953328419188e-05
1.251800000000000068e+01,3.164475524936732898e-05
1.251999999999999957e+01,-1.650685081483471706e-05
1.252200000000000024e+01,-2.166029785415080067e-05
1.252400000000000091e+01,5.821080310850976214e-05
1.252599999999999980e+01,-5.169629235256961719e-05
1.252800000000000047e+01,3.164777886241476601e-05
1.253000000000000114e+01,-1.650535209048523133e-05
1.253200000000000003e+01,-2.137801132783695435e-05
1.253400000000000070e+01,5.934921456417913133e-05
1.253599999999999959e+01,-5.277539742401873846e-05
1.253800000000000026e+01,3.150986521271298413e-05
1.254000000000000092e+01,-1.655203015197420635e-05
1.254199999999999982e+01,-2.150933672647598049e-05
1.254400000000000048e+01,5.939662441162285589e-05
1.254599999999999937e+01,-5.282066271740382124e-05
1.254800000000000004e+01,3.150049945016553110e-05
1.255000000000000071e+01,-1.655647460252832048e-05
1.255199999999999960e+01,-2.179966083248885411e-05
1.255400000000000027e+01,5.825840742214663526e-05
1.255600000000000094e+01,-5.173817638398636731e-05
1.255799999999999983e+01,3.163742264424354578e-05
1.256000000000000050e+01,-1.651055721022323675e-05
1.256199999999999939e+01,-2.166753233651813604e-05
1.256400000000000006e+01,5.821329409182868231e-05
1.256600000000000072e+01,-5.169848446787486673e-05
1.256799999999999962e+01,3.164723506957067833e-05
1.257000000000000028e+01,-1.650562473162406341e-05
1.257200000000000095e+01,-2.137853524954158591e-05
1.257399999999999984e+01,5.945066560144110501e-05
1.257600000000000051e+01,-5.291374596356687721e-05
1.257799999999999940e+01,3.152265899992665044e-05
1.258000000000000007e+01,-1.654239763377793326e-05
1.258200000000000074e+01,-2.177804462387758488e-05
1.258399999999999963e+01,5.835287753476470218e-05
1.258600000000000030e+01,-5.187017539744903649e-05
1.258800000000000097e+01,3.165179173006751889e-05
1.258999999999999986e+01,-1.650013819758100464e-05
1.259200000000000053e+01,-2.165359375230768713e-05
1.259399999999999942e+01,5.820843061923181017e-05
1.259600000000000009e+01,-5.169420381475470228e-05
1.259800000000000075e+01,3.164829680780967269e-05
1.259999999999999964e+01,-1.650509025713856048e-05
1.260200000000000031e+01,-2.137750805266194765e-05
1.260400000000000098e+01,5.934903097182253617e-05
1.260599999999999987e+01,-5.277522185855726411e-05
1.260800000000000054e+01,3.150989965272979476e-05
1.260999999999999943e+01,-1.655201255458191301e-05
1.261200000000000010e+01,-2.150930049779967157e-05
1.261400000000000077e+01,5.939661085715280953e-05
1.261599999999999966e+01,-5.282064951919046569e-05
1.261800000000000033e+01,3.150050025030673440e-05
1.262000000000000099e+01,-1.655647300558699131e-05
1.262199999999999989e+01,-2.151842484406432665e-05
1.262400000000000055e+01,5.939992657118600694e-05
1.262599999999999945e+01,-5.282381560671456366e-05
1.262800000000000011e+01,3.149984398426869392e-05
1.263000000000000078e+01,-1.655678432598353678e-05
1.263199999999999967e+01,-2.151906150051410838e-05
1.263400000000000034e+01,5.940015788881425340e-05
1.263600000000000101e+01,-5.282403644771282991e-05
1.263799999999999990e+01,3.149979795999402477e-05
1.264000000000000057e+01,-1.655680601151537923e-05
1.264199999999999946e+01,-2.151910578745627745e-05
1.264400000000000013e+01,5.940017393723379113e-05
1.264600000000000080e+01,-5.282405173763840556e-05
1.264799999999999969e+01,3.149979451612383574e-05
1.265000000000000036e+01,-1.655680746095664069e-05
1.265200000000000102e+01,-2.151910873854356865e-05
1.265399999999999991e+01,5.940017494334912107e-05
1.265600000000000058e+01,-5.282405266618037110e-05
1.265799999999999947e+01,3.149979404128838700e-05
1.266000000000000014e+01,-1.655680750551127844e-05
1.266200000000000081e+01,-2.151910879400267818e-05
1.266399999999999970e+01,5.940017490996957195e-05
1.266600000000000037e+01,-5.282405259399158837e-05
1.266800000000000104e+01,3.149979377075479148e-05
1.266999999999999993e+01,-1.655680745793475239e-05
1.267200000000000060e+01,-2.151910864432726722e-05
1.267399999999999949e+01,5.940017480795742322e-05
1.267600000000000016e+01,-5.282405245725721454e-05
1.267800000000000082e+01,3.149979353468668197e-05
1.267999999999999972e+01,-1.655680740243054005e-05
1.268200000000000038e+01,-2.151910849905458445e-05
1.268400000000000105e+01,5.940017468668290501e-05
1.268599999999999994e+01,-5.282405231160983150e-05
1.268800000000000061e+01,3.149979329549260076e-05
1.268999999999999950e+01,-1.655680734288095257e-05
1.269200000000000017e+01,-2.151910834202741540e-05
1.269400000000000084e+01,6.112559643724549407e-05
1.269599999999999973e+01,-5.858815370278144807e-05
1.269800000000000040e+01,3.292757183334660276e-05
1.270000000000000107e+01,-1.561353182225402869e-05
1.270199999999999996e+01,-2.035744542080303310e-05
1.270400000000000063e+01,5.777147319027675643e-05
1.270599999999999952e+01,-5.130759388018157896e-05
1.270800000000000018e+01,3.174400786814385311e-05
1.271000000000000085e+01,-1.645693957612326397e-05
1.271199999999999974e+01,-2.156310608811967677e-05
1.271400000000000041e+01,5.817732324429197854e-05
1.271600000000000108e+01,-5.166683148954964722e-05
1.271799999999999997e+01,3.165506936413792216e-05
1.272000000000000064e+01,-1.650168327096274146e-05
1.272199999999999953e+01,-2.165024576511812016e-05
1.272400000000000020e+01,5.820733811728526219e-05
1.272600000000000087e+01,-5.169324377048492569e-05
1.272799999999999976e+01,3.164852875861198789e-05
1.273000000000000043e+01,-1.650497130921066424e-05
1.273200000000000109e+01,-2.137727864535976519e-05
1.273399999999999999e+01,5.934894674432256156e-05
1.273600000000000065e+01,-5.277514096006449829e-05
1.273799999999999955e+01,3.150991280715872978e-05
1.274000000000000021e+01,-1.655200401296658130e-05
1.274200000000000088e+01,-2.150928254548989393e-05
1.274399999999999977e+01,5.939660360709461684e-05
1.274600000000000044e+01,-5.282064213309178857e-05
1.274800000000000111e+01,3.150049815030253608e-05
1.275000000000000000e+01,-1.655647168354382193e-05
1.275200000000000067e+01,-2.179965396328573113e-05
1.275399999999999956e+01,5.836036955141066240e-05
1.275600000000000023e+01,-5.187677084852321263e-05
1.275800000000000090e+01,3.165015175620941590e-05
1.275999999999999979e+01,-1.650095955446975737e-05
1.276200000000000045e+01,-2.165232914246376095e-05
1.276400000000000112e+01,5.822180370571375385e-05
1.276600000000000001e+01,-5.170393448646060097e-05
1.276800000000000068e+01,3.164569626225299803e-05
1.276999999999999957e+01,-1.650637286419731620e-05
1.277200000000000024e+01,-2.165936635688259226e-05
1.277400000000000091e+01,5.821047967458081729e-05
1.277599999999999980e+01,-5.169600839646446011e-05
1.277800000000000047e+01,3.164784289636304870e-05
1.278000000000000114e+01,-1.650531518802150766e-05
1.278200000000000003e+01,-2.137793946673308132e-05
1.278400000000000070e+01,5.934918702231450904e-05
1.278599999999999959e+01,-5.277537021732003897e-05
1.278800000000000026e+01,3.150986389054144521e-05
1.279000000000000092e+01,-1.655202634666397277e-05
1.279199999999999982e+01,-2.179043998245741576e-05
1.279400000000000048e+01,5.825523446146077533e-05
1.279600000000000115e+01,-5.173538497601354313e-05
1.279800000000000004e+01,3.163810760809654399e-05
1.280000000000000071e+01,-1.651020830203617229e-05
1.280199999999999960e+01,-2.166685188823708197e-05
1.280400000000000027e+01,5.821305724249339897e-05
1.280600000000000094e+01,-5.169827666686929724e-05
1.280799999999999983e+01,3.164728049810661137e-05
1.281000000000000050e+01,-1.650559736448425907e-05
1.281199999999999939e+01,-2.165786897878607675e-05
1.281400000000000006e+01,5.820996301342251655e-05
1.281600000000000072e+01,-5.169555383162036111e-05
1.281799999999999962e+01,3.164795447390886252e-05
1.282000000000000028e+01,-1.650525833385083074e-05
1.282200000000000095e+01,-2.137783007334290164e-05
1.282399999999999984e+01,5.934914696854518001e-05
1.282600000000000051e+01,-5.277533182618948659e-05
1.282799999999999940e+01,3.150987072794361743e-05
1.283000000000000007e+01,-1.655202239200445624e-05
1.283200000000000074e+01,-2.150931977287773300e-05
1.283399999999999963e+01,5.939661664487033699e-05
1.283600000000000030e+01,-5.282065425331675113e-05
1.283800000000000097e+01,3.150049314068828488e-05
1.283999999999999986e+01,-1.655647246672289907e-05
1.284200000000000053e+01,-2.151842295366676594e-05
1.284399999999999942e+01,5.939992468201663045e-05
1.284600000000000009e+01,-5.282381300251992595e-05
1.284800000000000075e+01,3.149983839714418088e-05
1.284999999999999964e+01,-1.655678308800159759e-05
1.285200000000000031e+01,-2.151905812435364607e-05
1.285400000000000098e+01,5.940015542593365949e-05
1.285599999999999987e+01,-5.282403330808538300e-05
1.285800000000000054e+01,3.149979248955048217e-05
1.285999999999999943e+01,-1.655680471573592327e-05
1.286200000000000010e+01,-2.180034358446533704e-05
1.286400000000000077e+01,5.825863898860014767e-05
1.286599999999999966e+01,-5.173838095598112807e-05
1.286800000000000033e+01,3.163736421416679656e-05
1.287000000000000099e+01,-1.651058071513306080e-05
1.287199999999999989e+01,-2.166757697701082730e-05
1.287400000000000055e+01,5.831530902227974322e-05
1.287599999999999945e+01,-5.183711772936000495e-05
1.287800000000000011e+01,3.165995327907358825e-05
1.288000000000000078e+01,-1.649603062406704290e-05
1.288199999999999967e+01,-2.164559004638744177e-05
1.288400000000000034e+01,5.820567080241575986e-05
1.288600000000000101e+01,-5.169177599678720370e-05
1.288799999999999990e+01,3.164889070697562978e-05
1.289000000000000057e+01,-1.650478619377379608e-05
1.289199999999999946e+01,-2.165342544357615195e-05
1.289400000000000013e+01,5.822224241753756746e-05
1.289600000000000080e+01,-5.170432187487014608e-05
1.289799999999999969e+01,3.164559455135981803e-05
1.290000000000000036e+01,-1.650642167187049703e-05
1.290200000000000102e+01,-2.165946059482296016e-05
1.290399999999999991e+01,5.821051081345007816e-05
1.290600000000000058e+01,-5.169603612520737301e-05
1.290799999999999947e+01,3.164783277046293031e-05
1.291000000000000014e+01,-1.650531782177930284e-05
1.291200000000000081e+01,-2.165446036378471106e-05
1.291399999999999970e+01,5.832459955129945528e-05
1.291600000000000037e+01,-5.184325577426221465e-05
1.291800000000000104e+01,3.165824537120984217e-05
1.291999999999999993e+01,-1.649686693228069601e-05
1.292200000000000060e+01,-2.136795869004184945e-05
1.292399999999999949e+01,5.934549108914735638e-05
1.292600000000000016e+01,-5.277183930208970142e-05
1.292800000000000082e+01,3.151059433917705044e-05
1.292999999999999972e+01,-1.655167689232697747e-05
1.293200000000000038e+01,-2.178971589964634470e-05
1.293400000000000105e+01,5.825498404010004405e-05
1.293599999999999994e+01,-5.173516497716454388e-05
1.293800000000000061e+01,3.163815854944143635e-05
1.293999999999999950e+01,-1.651018006291332663e-05
1.294200000000000017e+01,-2.166679631926751726e-05
1.294400000000000084e+01,5.821303666526597698e-05
1.294599999999999973e+01,-5.169825892398574596e-05
1.294800000000000040e+01,3.164728137070374481e-05
1.295000000000000107e+01,-1.650559426048803235e-05
1.295199999999999996e+01,-2.137847539201293001e-05
1.295400000000000063e+01,5.934938116901669614e-05
1.295599999999999952e+01,-5.277555499840977382e-05
1.295800000000000018e+01,3.150982085730474891e-05
1.296000000000000085e+01,-1.655204376319052706e-05
1.296199999999999974e+01,-2.150936298822569981e-05
1.296400000000000041e+01,5.939663162844721622e-05
1.296600000000000108e+01,-5.282066808974528183e-05
1.296799999999999997e+01,3.150048665731194908e-05
1.297000000000000064e+01,-1.655647324675518783e-05
1.297199999999999953e+01,-2.151842405710008288e-05
1.297400000000000020e+01,5.939992434780480557e-05
1.297600000000000087e+01,-5.282381222351112404e-05
1.297799999999999976e+01,3.149983496375519110e-05
1.298000000000000043e+01,-1.655678243035058061e-05
1.298200000000000109e+01,-2.180029692948337594e-05
1.298399999999999999e+01,5.825862171564971659e-05
1.298600000000000065e+01,-5.173836606192638854e-05
1.298799999999999955e+01,3.163736488683357995e-05
1.299000000000000021e+01,-1.651057810007558468e-05
1.299200000000000088e+01,-2.138805750203157108e-05
1.299399999999999977e+01,5.935286902905914652e-05
1.299600000000000044e+01,-5.277888545764108930e-05
1.299800000000000111e+01,3.150912949437256749e-05
1.300000000000000000e+01,-1.655237126501826750e-05
1.300200000000000067e+01,-2.179115379992782597e-05
1.300399999999999956e+01,5.825547773206582458e-05
1.300600000000000023e+01,-5.173559957844311996e-05
1.300800000000000090e+01,3.163804920834970003e-05
1.300999999999999979e+01,-1.651023370610391061e-05
1.301200000000000045e+01,-2.138739536533540431e-05
1.301400000000000112e+01,5.935262788817757817e-05
1.301600000000000001e+01,-5.277865511806728582e-05
1.301800000000000068e+01,3.150917667080199713e-05
1.301999999999999957e+01,-1.655234852169021331e-05
1.302200000000000024e+01,-2.150998594389191831e-05
1.302400000000000091e+01,5.939685768019051237e-05
1.302599999999999980e+01,-5.282088371917278979e-05
1.302800000000000047e+01,3.150044030483453716e-05
1.303000000000000114e+01,-1.655649418357343916e-05
1.303200000000000003e+01,-2.179969947269794206e-05
1.303400000000000070e+01,5.825841578677160015e-05
1.303599999999999959e+01,-5.173818498987667325e-05
1.303800000000000026e+01,3.163740846471099766e-05
1.304000000000000092e+01,-1.651055526665987094e-05
1.304199999999999982e+01,-2.166752676227567953e-05
1.304400000000000048e+01,5.821328725470753529e-05
1.304600000000000115e+01,-5.169847968431590113e-05
1.304800000000000004e+01,3.164722419444696011e-05
1.305000000000000071e+01,-1.650562114199199959e-05
1.305199999999999960e+01,-2.137852665578393596e-05
1.305400000000000027e+01,5.945065986254910451e-05
1.305600000000000094e+01,-5.291373878156535593e-05
1.305799999999999983e+01,3.152264717954864071e-05
1.306000000000000050e+01,-1.654239476088156802e-05
1.306199999999999939e+01,-2.149708825893020814e-05
1.306400000000000006e+01,5.939210039472217484e-05
1.306600000000000072e+01,-5.281633967491039527e-05
1.306799999999999962e+01,3.150138353164369520e-05
1.307000000000000028e+01,-1.655604549673922454e-05
1.307200000000000095e+01,-2.151754951511611336e-05
1.307399999999999984e+01,5.939960599692095666e-05
1.307600000000000051e+01,-5.282350786689829492e-05
1.307799999999999940e+01,3.149989524333166035e-05
1.308000000000000007e+01,-1.655675204229045683e-05
1.308200000000000074e+01,-2.180023358470950523e-05
1.308399999999999963e+01,5.825859890758525172e-05
1.308600000000000030e+01,-5.173834625456577574e-05
1.308800000000000097e+01,3.163736729931004854e-05
1.308999999999999986e+01,-1.651057502397371146e-05
1.309200000000000053e+01,-2.138805120710518537e-05
1.309399999999999942e+01,5.935286618523674673e-05
1.309600000000000009e+01,-5.277888239228409328e-05
1.309800000000000075e+01,3.150912735257194175e-05
1.309999999999999964e+01,-1.655237050663879717e-05
1.310200000000000031e+01,-2.151003065330170383e-05
1.310400000000000098e+01,5.939687347649574845e-05
1.310599999999999987e+01,-5.282089852437152344e-05
1.310800000000000054e+01,3.150043503962612901e-05
1.310999999999999943e+01,-1.655649529642977402e-05
1.311200000000000010e+01,-2.151846859229852860e-05
1.311400000000000077e+01,5.939993978416879816e-05
1.311599999999999966e+01,-5.282382645582436864e-05
1.311800000000000033e+01,3.149982812955878786e-05
1.312000000000000099e+01,-1.655678319879491656e-05
1.312199999999999989e+01,-2.180029796119281604e-05
1.312400000000000055e+01,5.836058705057517448e-05
1.312599999999999945e+01,-5.187696324989929386e-05
1.312800000000000011e+01,3.165009485578754167e-05
1.313000000000000078e+01,-1.650098116883630395e-05
1.313199999999999967e+01,-2.137588196616385661e-05
1.313400000000000034e+01,5.934837365750150751e-05
1.313600000000000101e+01,-5.277459113851509787e-05
1.313799999999999990e+01,3.151001820324642044e-05
1.314000000000000057e+01,-1.655194669803947138e-05
1.314199999999999946e+01,-2.179027408056102844e-05
1.314400000000000013e+01,5.825517382466657845e-05
1.314600000000000080e+01,-5.173533251670581201e-05
1.314799999999999969e+01,3.163811182134435018e-05
1.315000000000000036e+01,-1.651019960712332701e-05
1.315200000000000102e+01,-2.166396845640697344e-05
1.315399999999999991e+01,5.822587472043005974e-05
1.315600000000000058e+01,-5.170751883643714963e-05
1.315799999999999947e+01,3.164479631042119157e-05
1.316000000000000014e+01,-1.650681808927634275e-05
1.316200000000000081e+01,-2.166023172524983442e-05
1.316399999999999970e+01,5.821077375335950710e-05
1.316600000000000037e+01,-5.169626818489828080e-05
1.316800000000000104e+01,3.164776878926411907e-05
1.316999999999999993e+01,-1.650534508227871622e-05
1.317200000000000060e+01,-2.137799560791853182e-05
1.317399999999999949e+01,5.934920530028739427e-05
1.317600000000000016e+01,-5.277538627792427439e-05
1.317800000000000082e+01,3.150984973086801144e-05
1.317999999999999972e+01,-1.655202617268161647e-05
1.318200000000000038e+01,-2.179043804531252682e-05
1.318400000000000105e+01,5.835719890397855769e-05
1.318599999999999994e+01,-5.187398142830063064e-05
1.318800000000000061e+01,3.165083158713014044e-05
1.318999999999999950e+01,-1.650060967206545826e-05
1.319200000000000017e+01,-2.137516761483923555e-05
1.319400000000000084e+01,5.934811329152619996e-05
1.319599999999999973e+01,-5.277434229263369692e-05
1.319800000000000040e+01,3.151006810253945134e-05
1.320000000000000107e+01,-1.655192193881702134e-05
1.320199999999999996e+01,-2.150911353332798925e-05
1.320400000000000063e+01,5.939653963961746830e-05
1.320599999999999952e+01,-5.282057939567236238e-05
1.320800000000000018e+01,3.150049838123933355e-05
1.321000000000000085e+01,-1.655646344913414003e-05
1.321199999999999974e+01,-2.179963505088283737e-05
1.321400000000000041e+01,5.825839177369881994e-05
1.321600000000000108e+01,-5.173816432487571282e-05
1.321799999999999997e+01,3.163740904644357643e-05
1.322000000000000064e+01,-1.651055155852190759e-05
1.322199999999999953e+01,-2.138800565773188445e-05
1.322400000000000020e+01,5.935284889340905479e-05
1.322600000000000087e+01,-5.277886540312054509e-05
1.322799999999999976e+01,3.150912726280000187e-05
1.323000000000000043e+01,-1.655236826125089378e-05
1.323200000000000109e+01,-2.179114663410780528e-05
1.323399999999999999e+01,5.825547292494584473e-05
1.323600000000000065e+01,-5.173559594652543669e-05
1.323799999999999955e+01,3.163804434386588427e-05
1.324000000000000021e+01,-1.651023180436125837e-05
1.324200000000000088e+01,-2.138739093781108491e-05
1.324399999999999977e+01,5.935262501713736705e-05
1.324600000000000044e+01,-5.277865155265890063e-05
1.324800000000000111e+01,3.150917103584074952e-05
1.325000000000000000e+01,-1.655234712233041861e-05
1.325200000000000067e+01,-2.179110277909443449e-05
1.325399999999999956e+01,5.825545763584946690e-05
1.325600000000000023e+01,-5.173558254224427944e-05
1.325800000000000090e+01,3.163804716481768975e-05
1.325999999999999979e+01,-1.651023002019816333e-05
1.326200000000000045e+01,-2.138738742236967472e-05
1.326400000000000112e+01,5.935262362285337323e-05
1.326600000000000001e+01,-5.277865014615204520e-05
1.326800000000000068e+01,3.150917075856601857e-05
1.326999999999999957e+01,-1.655234689610513010e-05
1.327200000000000024e+01,-2.179110221412622339e-05
1.327400000000000091e+01,5.825545724889164001e-05
1.327599999999999980e+01,-5.173558225153584988e-05
1.327800000000000047e+01,3.163804674146883378e-05
1.328000000000000114e+01,-1.651022986486061495e-05
1.328200000000000003e+01,-2.166402691277866110e-05
1.328400000000000070e+01,5.822589355335833217e-05
1.328599999999999959e+01,-5.170753576721684452e-05
1.328800000000000026e+01,3.164478887638169646e-05
1.329000000000000092e+01,-1.650681938743583932e-05
1.329199999999999982e+01,-2.138081575540906609e-05
1.329400000000000048e+01,5.935023173832265631e-05
1.329600000000000115e+01,-5.277636600579602155e-05
1.329800000000000004e+01,3.150964332146455327e-05
1.330000000000000071e+01,-1.655212202808856170e-05
1.330199999999999960e+01,-2.179063620569993143e-05
1.330400000000000027e+01,5.825529670327317389e-05
1.330600000000000094e+01,-5.173544106012659127e-05
1.330799999999999983e+01,3.163808094535161541e-05
1.331000000000000050e+01,-1.651021211051401094e-05
1.331200000000000117e+01,-2.166399221343456860e-05
1.331400000000000006e+01,5.822588129136135882e-05
1.331600000000000072e+01,-5.170752504232364877e-05
1.331799999999999962e+01,3.164479076851745010e-05
1.332000000000000028e+01,-1.650681785130697632e-05
1.332200000000000095e+01,-2.166023067281391823e-05
1.332399999999999984e+01,5.821077175973549123e-05
1.332600000000000051e+01,-5.169626684695116658e-05
1.332799999999999940e+01,3.164776511216382815e-05
1.333000000000000007e+01,-1.650534391387306621e-05
1.333200000000000074e+01,-2.137799280614929853e-05
1.333399999999999963e+01,5.934920341540278477e-05
1.333600000000000030e+01,-5.277538388930372304e-05
1.333800000000000097e+01,3.150984578490292898e-05
1.333999999999999986e+01,-1.655202521181134423e-05
1.334200000000000053e+01,-2.179043544511122255e-05
1.334399999999999942e+01,5.825522726064444323e-05
1.334600000000000009e+01,-5.173538007088862578e-05
1.334800000000000075e+01,3.163809503645836907e-05
1.334999999999999964e+01,-1.651020425122787239e-05
1.335200000000000031e+01,-2.166684192515810903e-05
1.335400000000000098e+01,5.831505115575646991e-05
1.335599999999999987e+01,-5.183689202629612747e-05
1.335800000000000054e+01,3.165999716129436203e-05
1.335999999999999943e+01,-1.649599952210922815e-05
1.336200000000000010e+01,-2.164552763530072643e-05
1.336400000000000077e+01,5.820564437983288819e-05
1.336599999999999966e+01,-5.169175398419406653e-05
1.336800000000000033e+01,3.164888410942673369e-05
1.337000000000000099e+01,-1.650478044643716169e-05
1.337199999999999989e+01,-2.137690986131826620e-05
1.337400000000000055e+01,5.934880896777544601e-05
1.337599999999999945e+01,-5.277500708988913658e-05
1.337800000000000011e+01,3.150992277682271303e-05
1.338000000000000078e+01,-1.655198796272558392e-05
1.338199999999999967e+01,-2.150924734517153936e-05
1.338400000000000034e+01,5.949780641132870751e-05
1.338600000000000101e+01,-5.295876459370310596e-05
1.338799999999999990e+01,3.151332208595203355e-05
1.339000000000000057e+01,-1.654681389872889041e-05
1.339199999999999946e+01,-2.178719529470976579e-05
1.339400000000000013e+01,5.825404309589207741e-05
1.339600000000000080e+01,-5.173433706412433608e-05
1.339799999999999969e+01,3.163835477333273860e-05
1.340000000000000036e+01,-1.651007259863626619e-05
1.340200000000000102e+01,-2.166658562724119164e-05
1.340399999999999991e+01,5.821295937893239403e-05
1.340600000000000058e+01,-5.169819208210996164e-05
1.340799999999999947e+01,3.164728637990860127e-05
1.341000000000000014e+01,-1.650558307820723658e-05
1.341200000000000081e+01,-2.137845227205212306e-05
1.341399999999999970e+01,6.107864016147851460e-05
1.341600000000000037e+01,-5.854211493182270853e-05
1.341800000000000104e+01,3.293709119491297632e-05
1.341999999999999993e+01,-1.560903315553710535e-05
1.342200000000000060e+01,-2.008855076750248880e-05
1.342399999999999949e+01,5.887585078383911208e-05
1.342600000000000016e+01,-5.232330446219499165e-05
1.342800000000000082e+01,3.160370646049931453e-05
1.342999999999999972e+01,-1.650745216194918208e-05
1.343200000000000038e+01,-2.141821092170939633e-05
1.343400000000000105e+01,5.936350367343259937e-05
1.343599999999999994e+01,-5.278903310368399104e-05
1.343800000000000061e+01,3.150702805094704462e-05
1.343999999999999950e+01,-1.655335984427838691e-05
1.344200000000000017e+01,-2.151205531260302894e-05
1.344400000000000084e+01,5.939760734518031993e-05
1.344599999999999973e+01,-5.282159805197403357e-05
1.344800000000000040e+01,3.150028064246093717e-05
1.345000000000000107e+01,-1.655656255620738260e-05
1.345199999999999996e+01,-2.151860489126022902e-05
1.345400000000000063e+01,5.939998742611474203e-05
1.345599999999999952e+01,-5.282387072419111873e-05
1.345800000000000018e+01,3.149980949255018481e-05
1.346000000000000085e+01,-1.655678601585400256e-05
1.346199999999999974e+01,-2.180030244514422066e-05
1.346400000000000041e+01,5.825861869461490539e-05
1.346600000000000108e+01,-5.173836464686387693e-05
1.346799999999999997e+01,3.163735318633537075e-05
1.347000000000000064e+01,-1.651057491379795406e-05
1.347199999999999953e+01,-2.166756345867507094e-05
1.347400000000000020e+01,5.821329548505796425e-05
1.347600000000000087e+01,-5.169848803103851975e-05
1.347799999999999976e+01,3.164721131881237381e-05
1.348000000000000043e+01,-1.650561947997425394e-05
1.348200000000000109e+01,-2.137852198908635204e-05
1.348399999999999999e+01,5.934939521261284323e-05
1.348600000000000065e+01,-5.277556649358264296e-05
1.348799999999999955e+01,3.150980375995343641e-05
1.349000000000000021e+01,-1.655204250910341512e-05
1.349200000000000088e+01,-2.150935847537727152e-05
1.349399999999999977e+01,5.949784615694175827e-05
1.349600000000000044e+01,-5.295880215861262230e-05
1.349800000000000111e+01,3.151331122925454808e-05
1.350000000000000000e+01,-1.654681710861610755e-05
1.350200000000000067e+01,-2.178720146106885580e-05
1.350399999999999956e+01,5.825404408520834521e-05
1.350600000000000023e+01,-5.173433821911710417e-05
1.350800000000000090e+01,3.163835170645612482e-05
1.350999999999999979e+01,-1.651007203291518510e-05
1.351200000000000045e+01,-2.166371905350933380e-05
1.351400000000000112e+01,5.822578506145190125e-05
1.351600000000000001e+01,-5.170744087760678620e-05
1.351800000000000068e+01,3.164480658134072311e-05
1.351999999999999957e+01,-1.650680611418528509e-05
1.352200000000000024e+01,-2.138078949395771922e-05
1.352400000000000091e+01,5.935022090601191347e-05
1.352599999999999980e+01,-5.277635483408316119e-05
1.352800000000000047e+01,3.150963923778671294e-05
1.353000000000000114e+01,-1.655211989489216440e-05
1.353200000000000003e+01,-2.150951657682934060e-05
1.353400000000000070e+01,5.939668429159189467e-05
1.353599999999999959e+01,-5.282071632405072048e-05
1.353800000000000026e+01,3.150046082861512886e-05
1.354000000000000092e+01,-1.655647541677976453e-05
1.354199999999999982e+01,-2.179965857125945594e-05
1.354400000000000048e+01,5.825839648493369438e-05
1.354600000000000115e+01,-5.173816931753477677e-05
1.354800000000000004e+01,3.163739953445168784e-05
1.355000000000000071e+01,-1.651055011634913749e-05
1.355199999999999960e+01,-2.138800174140628729e-05
1.355400000000000027e+01,5.935284564469872626e-05
1.355600000000000094e+01,-5.277886111123425428e-05
1.355799999999999983e+01,3.150911897005850837e-05
1.356000000000000050e+01,-1.655236635006440693e-05
1.356200000000000117e+01,-2.179114136035067983e-05
1.356400000000000006e+01,5.825546771821149550e-05
1.356600000000000072e+01,-5.173559221428522537e-05
1.356799999999999962e+01,3.163803698585584967e-05
1.357000000000000028e+01,-1.651022926925371781e-05
1.357200000000000095e+01,-2.166402470886799603e-05
1.357399999999999984e+01,5.822588983793799966e-05
1.357600000000000051e+01,-5.170753323429505555e-05
1.357799999999999940e+01,3.164478218202135262e-05
1.358000000000000007e+01,-1.650681723338112694e-05
1.358200000000000074e+01,-2.138081064897642825e-05
1.358399999999999963e+01,5.935022827421865266e-05
1.358600000000000030e+01,-5.277636166131291495e-05
1.358800000000000097e+01,3.150963616271179601e-05
1.358999999999999986e+01,-1.655212030065092432e-05
1.359200000000000053e+01,-2.179063144034862343e-05
1.359399999999999942e+01,5.825529207630075756e-05
1.359600000000000009e+01,-5.173543774527125660e-05
1.359800000000000075e+01,3.163807446699903880e-05
1.359999999999999964e+01,-1.651020987232520998e-05
1.360200000000000031e+01,-2.138734749288287440e-05
1.360400000000000098e+01,5.935260720138502144e-05
1.360599999999999987e+01,-5.277863323667128514e-05
1.360800000000000054e+01,3.150916480058191249e-05
1.360999999999999943e+01,-1.655234369956140594e-05
1.361200000000000010e+01,-2.179109423488742592e-05
1.361400000000000077e+01,5.825545100332854553e-05
1.361599999999999966e+01,-5.173557762846656138e-05
1.361800000000000033e+01,3.163803932014486175e-05
1.362000000000000099e+01,-1.651022714575095529e-05
1.362199999999999989e+01,-2.166688550592210660e-05
1.362400000000000055e+01,5.821306042192234131e-05
1.362599999999999945e+01,-5.169828157129685575e-05
1.362800000000000011e+01,3.164725867825859962e-05
1.363000000000000078e+01,-1.650559282927177573e-05
1.363199999999999967e+01,-2.137847026465605760e-05
1.363400000000000034e+01,5.945063618449999976e-05
1.363600000000000101e+01,-5.291371409404249659e-05
1.363799999999999990e+01,3.152263616558112491e-05
1.364000000000000057e+01,-1.654238969145405136e-05
1.364199999999999946e+01,-2.149707577357370947e-05
1.364400000000000013e+01,5.939209267013731419e-05
1.364600000000000080e+01,-5.281633020618944907e-05
1.364799999999999969e+01,3.150136937522113323e-05
1.365000000000000036e+01,-1.655604196328097633e-05
1.365200000000000102e+01,-2.151754011068401917e-05
1.365399999999999991e+01,5.939959937263303291e-05
1.365600000000000058e+01,-5.282349943555586513e-05
1.365799999999999947e+01,3.149988085091731671e-05
1.366000000000000014e+01,-1.655674861422359867e-05
1.366200000000000081e+01,-2.180022412444360125e-05
1.366399999999999970e+01,5.825858970436373352e-05
1.366600000000000037e+01,-5.173833964752100334e-05
1.366800000000000104e+01,3.163735435750616998e-05
1.366999999999999993e+01,-1.651057056125532219e-05
1.367200000000000060e+01,-2.166468897772666491e-05
1.367399999999999949e+01,5.822611783180484113e-05
1.367600000000000016e+01,-5.170773412124102242e-05
1.367800000000000082e+01,3.164472994099040704e-05
1.367999999999999972e+01,-1.650684161880536238e-05
1.368200000000000038e+01,-2.166027562590724931e-05
1.368400000000000105e+01,5.821078355414122107e-05
1.368599999999999994e+01,-5.169627814190572157e-05
1.368800000000000061e+01,3.164775325364271863e-05
1.368999999999999950e+01,-1.650534306589165889e-05
1.369200000000000017e+01,-2.137798992346215399e-05
1.369400000000000084e+01,5.934920037719768060e-05
1.369599999999999973e+01,-5.277537968919124300e-05
1.369800000000000040e+01,3.150983663374393173e-05
1.370000000000000107e+01,-1.655202318232365521e-05
1.370199999999999996e+01,-2.150931816561479915e-05
1.370400000000000063e+01,5.949783038697656345e-05
1.370599999999999952e+01,-5.295878635431724990e-05
1.370800000000000018e+01,3.151330868527216222e-05
1.371000000000000085e+01,-1.654681460890733424e-05
1.371199999999999974e+01,-2.178719542763121741e-05
1.371400000000000041e+01,5.825403985221244696e-05
1.371600000000000108e+01,-5.173433504314720044e-05
1.371799999999999997e+01,3.163834722366351548e-05
1.372000000000000064e+01,-1.651007031024456784e-05
1.372199999999999953e+01,-2.138707920620180891e-05
1.372400000000000020e+01,5.935250888383300505e-05
1.372600000000000087e+01,-5.277853892014794379e-05
1.372799999999999976e+01,3.150918101017113893e-05
1.373000000000000043e+01,-1.655233386979940158e-05
1.373200000000000109e+01,-2.150995340660308286e-05
1.373399999999999999e+01,5.939684192511271443e-05
1.373600000000000065e+01,-5.282086612797692871e-05
1.373799999999999955e+01,3.150042423593832353e-05
1.374000000000000021e+01,-1.655648927126329717e-05
1.374200000000000088e+01,-2.179968641024751519e-05
1.374399999999999977e+01,5.825840400790552320e-05
1.374600000000000044e+01,-5.173817644851114173e-05
1.374800000000000111e+01,3.163739275421559305e-05
1.375000000000000000e+01,-1.651054975864915675e-05
1.375200000000000067e+01,-2.166751337550829049e-05
1.375399999999999956e+01,5.821327535376202844e-05
1.375600000000000023e+01,-5.169847104295396956e-05
1.375800000000000090e+01,3.164720850705113331e-05
1.375999999999999979e+01,-1.650561561234234476e-05
1.376200000000000045e+01,-2.165790095460043418e-05
1.376400000000000112e+01,5.820996428410746271e-05
1.376600000000000001e+01,-5.169555741749154443e-05
1.376800000000000068e+01,3.164792973873314930e-05
1.376999999999999957e+01,-1.650525281253478749e-05
1.377200000000000024e+01,-2.137781620050599463e-05
1.377400000000000091e+01,5.934913668542360354e-05
1.377599999999999980e+01,-5.277531858044123836e-05
1.377800000000000047e+01,3.150984707415635522e-05
1.378000000000000114e+01,-1.655201680440462897e-05
1.378200000000000003e+01,-2.150930484639060336e-05
1.378400000000000070e+01,5.939660596764387290e-05
1.378599999999999959e+01,-5.282064062941613236e-05
1.378800000000000026e+01,3.150046956682667210e-05
1.379000000000000092e+01,-1.655646685535042129e-05
1.379199999999999982e+01,-2.179963980655091893e-05
1.379400000000000048e+01,5.825838746647063471e-05
1.379600000000000115e+01,-5.173816203196332508e-05
1.379800000000000004e+01,3.163739507671542439e-05
1.380000000000000071e+01,-1.651054764698067778e-05
1.380199999999999960e+01,-2.138799613323610904e-05
1.380400000000000027e+01,5.935284222260278630e-05
1.380600000000000094e+01,-5.277885694525072391e-05
1.380799999999999983e+01,3.150911288925598019e-05
1.381000000000000050e+01,-1.655236481015384675e-05
1.381200000000000117e+01,-2.151001635605429008e-05
1.381400000000000006e+01,5.939686437447799783e-05
1.381600000000000072e+01,-5.282088728185765913e-05
1.381799999999999962e+01,3.150041762248895205e-05
1.382000000000000028e+01,-1.655649097453276708e-05
1.382200000000000095e+01,-2.179968965289671989e-05
1.382399999999999984e+01,5.836037091882378958e-05
1.382600000000000051e+01,-5.187677488887112998e-05
1.382799999999999940e+01,3.165012396345173729e-05
1.383000000000000007e+01,-1.650095333168705158e-05
1.383200000000000074e+01,-2.165517645336123564e-05
1.383399999999999963e+01,5.820896308026540789e-05
1.383600000000000030e+01,-5.169467555535614545e-05
1.383800000000000097e+01,3.164814884149338980e-05
1.383999999999999986e+01,-1.650514120423926534e-05
1.384200000000000053e+01,-2.137760172536001813e-05
1.384399999999999942e+01,5.934905823699876404e-05
1.384600000000000009e+01,-5.277524340612654852e-05
1.384800000000000075e+01,3.150986071842956648e-05
1.384999999999999964e+01,-1.655200910162524242e-05
1.385200000000000031e+01,-2.150928882456784597e-05
1.385400000000000098e+01,5.939659976493538718e-05
1.385599999999999987e+01,-5.282063445740184382e-05
1.385800000000000054e+01,3.150046889744545497e-05
1.385999999999999943e+01,-1.655646594367343738e-05
1.386200000000000010e+01,-2.179963760057246347e-05
1.386400000000000077e+01,5.825838598595006745e-05
1.386599999999999966e+01,-5.173816091002050865e-05
1.386800000000000033e+01,3.163739359087966441e-05
1.387000000000000099e+01,-1.651054706707649755e-05
1.387199999999999989e+01,-2.138799477383740433e-05
1.387400000000000055e+01,5.945409895137185319e-05
1.387599999999999945e+01,-5.291702085323188309e-05
1.387800000000000011e+01,3.152194416784076525e-05
1.388000000000000078e+01,-1.654271394256959238e-05
1.388199999999999967e+01,-2.177869482299435444e-05
1.388400000000000034e+01,5.835308767943719888e-05
1.388600000000000101e+01,-5.187036378676013193e-05
1.388799999999999990e+01,3.165171251229628724e-05
1.389000000000000057e+01,-1.650015345685748591e-05
1.389199999999999946e+01,-2.165361862603923382e-05
1.389400000000000013e+01,5.820842585855384721e-05
1.389600000000000080e+01,-5.169420297251522967e-05
1.389799999999999969e+01,3.164826436822393285e-05
1.390000000000000036e+01,-1.650508199019934397e-05
1.390200000000000102e+01,-2.137748771561392980e-05
1.390399999999999991e+01,5.934901638733960927e-05
1.390600000000000058e+01,-5.277520324600479262e-05
1.390799999999999947e+01,3.150986738196040471e-05
1.391000000000000014e+01,-1.655200487642519147e-05
1.391200000000000081e+01,-2.179039101130736400e-05
1.391399999999999970e+01,5.825520613393642133e-05
1.391600000000000037e+01,-5.173536294016817250e-05
1.391800000000000104e+01,3.163808496143422078e-05
1.391999999999999993e+01,-1.651019855068713849e-05
1.392200000000000060e+01,-2.138732465465503774e-05
1.392399999999999949e+01,5.945385497085897697e-05
1.392600000000000016e+01,-5.291678761381451990e-05
1.392800000000000082e+01,3.152199112283968208e-05
1.392999999999999972e+01,-1.654269077340855820e-05
1.393200000000000038e+01,-2.149769038697901813e-05
1.393400000000000105e+01,5.939231440942049911e-05
1.393599999999999994e+01,-5.281654089145035313e-05
1.393800000000000061e+01,3.150131767043137798e-05
1.393999999999999950e+01,-1.655606139807849764e-05
1.394200000000000017e+01,-2.151757874028006889e-05
1.394400000000000084e+01,5.939961181109301713e-05
1.394599999999999973e+01,-5.282351027885781591e-05
1.394800000000000040e+01,3.149987057182723760e-05
1.395000000000000107e+01,-1.655674836725101740e-05
1.395199999999999996e+01,-2.180022248153903885e-05
1.395400000000000063e+01,5.825858617065221567e-05
1.395599999999999952e+01,-5.173833728494559026e-05
1.395800000000000018e+01,3.163734766932838061e-05
1.396000000000000085e+01,-1.651056845718146260e-05
1.396199999999999974e+01,-2.138803557740973083e-05
1.396400000000000041e+01,5.935285569958273499e-05
1.396600000000000108e+01,-5.277886923256425167e-05
1.396799999999999997e+01,3.150910589895181135e-05
1.397000000000000064e+01,-1.655236530064690958e-05
1.397199999999999953e+01,-2.151001677379998922e-05
1.397400000000000020e+01,5.939686363591253904e-05
1.397600000000000087e+01,-5.282088600117376687e-05
1.397799999999999976e+01,3.150041345388945868e-05
1.398000000000000043e+01,-1.655649012983345658e-05
1.398200000000000109e+01,-2.179968726778377941e-05
1.398399999999999999e+01,5.825840185148464800e-05
1.398600000000000065e+01,-5.173817517040851799e-05
1.398799999999999955e+01,3.163738704804047730e-05
1.399000000000000021e+01,-1.651054808887372771e-05
1.399200000000000088e+01,-2.166750924337268458e-05
1.399399999999999977e+01,5.821327148006205654e-05
1.399600000000000044e+01,-5.169846824192372847e-05
1.399800000000000111e+01,3.164720318148475653e-05
1.400000000000000000e+01,-1.650561374907932866e-05
1.400200000000000067e+01,-2.137850922557735234e-05
1.400399999999999956e+01,6.107865269299600497e-05
1.400600000000000023e+01,-5.854212593514943053e-05
1.400800000000000090e+01,3.293707220864902641e-05
1.400999999999999979e+01,-1.560903167055482932e-05
1.401200000000000045e+01,-2.035076394300144864e-05
1.401400000000000112e+01,5.785814447607090516e-05
1.401600000000000001e+01,-5.143468201214418389e-05
1.401800000000000068e+01,3.175975071982931053e-05
1.401999999999999957e+01,-1.644582948221937069e-05
1.402200000000000024e+01,-2.126988263184692585e-05
1.402400000000000091e+01,5.930978241580966981e-05
1.402599999999999980e+01,-5.273773663399053402e-05
1.402800000000000047e+01,3.151763195667969808e-05
1.403000000000000114e+01,-1.654831657242963883e-05
1.403200000000000003e+01,-2.150173790925469230e-05
1.403400000000000070e+01,5.939385473327160603e-05
1.403599999999999959e+01,-5.281801261975554995e-05
1.403800000000000026e+01,3.150100709390854514e-05
1.404000000000000092e+01,-1.655620726588938330e-05
1.404199999999999982e+01,-2.179910090141165546e-05
1.404400000000000048e+01,5.825819959663983139e-05
1.404600000000000115e+01,-5.173799737025891465e-05
1.404800000000000004e+01,3.163742953905812616e-05
1.405000000000000071e+01,-1.651052558892737721e-05
1.405199999999999960e+01,-2.138795284034947231e-05
1.405400000000000027e+01,5.935282507820577313e-05
1.405600000000000094e+01,-5.277883966050070375e-05
1.405799999999999983e+01,3.150910951561780582e-05
1.406000000000000050e+01,-1.655236198306458961e-05
1.406200000000000117e+01,-2.151000966372010326e-05
1.406400000000000006e+01,5.939686055487711225e-05
1.406600000000000072e+01,-5.282088272125229356e-05
1.406799999999999962e+01,3.150041161715730342e-05
1.407000000000000028e+01,-1.655648940415005432e-05
1.407200000000000095e+01,-2.151845301241739339e-05
1.407399999999999984e+01,5.939992882400199625e-05
1.407600000000000051e+01,-5.282381252134232819e-05
1.407800000000000118e+01,3.149980432304647082e-05
1.408000000000000007e+01,-1.655677750374631718e-05
1.408200000000000074e+01,-2.180028232595318527e-05
1.408399999999999963e+01,5.825860542293254118e-05
1.408600000000000030e+01,-5.173835456415837308e-05
1.408800000000000097e+01,3.163734013909499931e-05
1.408999999999999986e+01,-1.651056979638104716e-05
1.409200000000000053e+01,-2.166755113130677812e-05
1.409399999999999942e+01,5.821328487933333240e-05
1.409600000000000009e+01,-5.169848030729326527e-05
1.409800000000000075e+01,3.164719767838677922e-05
1.409999999999999964e+01,-1.650561462564550941e-05
1.410200000000000031e+01,-2.137851053643849419e-05
1.410400000000000098e+01,5.934938761465932688e-05
1.410599999999999987e+01,-5.277555700646321957e-05
1.410800000000000054e+01,3.150978850103777762e-05
1.410999999999999943e+01,-1.655203878446129262e-05
1.411200000000000010e+01,-2.179046046808102988e-05
1.411400000000000077e+01,5.825522794092319323e-05
1.411599999999999966e+01,-5.173538265753133136e-05
1.411800000000000033e+01,3.163807503701182577e-05
1.412000000000000099e+01,-1.651019975805814721e-05
1.412199999999999989e+01,-2.166683024113630340e-05
1.412400000000000055e+01,5.821303625829638007e-05
1.412599999999999945e+01,-5.169826159487009298e-05
1.412800000000000011e+01,3.164725107896934619e-05
1.413000000000000078e+01,-1.650558722296122105e-05
1.413199999999999967e+01,-2.137845773332244792e-05
1.413400000000000034e+01,5.934936823312128573e-05
1.413600000000000101e+01,-5.277553839644691380e-05
1.413799999999999990e+01,3.150979151754149110e-05
1.414000000000000057e+01,-1.655203681904041102e-05
1.414199999999999946e+01,-2.179045626083883636e-05
1.414400000000000013e+01,5.835719537091929587e-05
1.414600000000000080e+01,-5.187398086691288879e-05
1.414799999999999969e+01,3.165080766889816211e-05
1.415000000000000036e+01,-1.650060354480009650e-05
1.415200000000000102e+01,-2.137515254972688350e-05
1.415399999999999991e+01,5.944936426530503248e-05
1.415600000000000058e+01,-5.291249619822704919e-05
1.415799999999999947e+01,3.152287669834150097e-05
1.416000000000000014e+01,-1.654226610385903240e-05
1.416200000000000081e+01,-2.177776629469496683e-05
1.416399999999999970e+01,5.835276580887921449e-05
1.416600000000000037e+01,-5.187008123745326382e-05
1.416800000000000104e+01,3.165177544077815708e-05
1.416999999999999993e+01,-1.650011652483060476e-05
1.417200000000000060e+01,-2.137421659445526423e-05
1.417399999999999949e+01,5.934776169104136190e-05
1.417600000000000016e+01,-5.277400300612508643e-05
1.417800000000000082e+01,3.151011116620666686e-05
1.417999999999999972e+01,-1.655188414077801706e-05
1.418200000000000038e+01,-2.150903260198649969e-05
1.418400000000000105e+01,5.939650483591588093e-05
1.418599999999999994e+01,-5.282054261081595148e-05
1.418800000000000061e+01,3.150047874519654179e-05
1.418999999999999950e+01,-1.655645541326702941e-05
1.419200000000000017e+01,-2.151838305931505491e-05
1.419400000000000084e+01,5.939990274179962615e-05
1.419599999999999973e+01,-5.282378718293387343e-05
1.419800000000000040e+01,3.149980624625112191e-05
1.420000000000000107e+01,-1.655677447978329275e-05
1.420199999999999996e+01,-2.180027556510089060e-05
1.420400000000000063e+01,5.836056832784347614e-05
1.420599999999999952e+01,-5.187694964530614739e-05
1.420800000000000018e+01,3.165007116542536969e-05
1.421000000000000085e+01,-1.650097266890984682e-05
1.421199999999999974e+01,-2.165521274383880312e-05
1.421400000000000041e+01,5.820897166840949266e-05
1.421600000000000108e+01,-5.169468410681082871e-05
1.421799999999999997e+01,3.164813720949247178e-05
1.422000000000000064e+01,-1.650513988892335360e-05
1.422199999999999953e+01,-2.137759788799209471e-05
1.422400000000000020e+01,5.934905473862009395e-05
1.422600000000000087e+01,-5.277523871016764900e-05
1.422799999999999976e+01,3.150985113685098038e-05
1.423000000000000043e+01,-1.655200691977679051e-05
1.423200000000000109e+01,-2.150928296999407574e-05
1.423399999999999999e+01,5.939659553839612971e-05
1.423600000000000065e+01,-5.282062905575049538e-05
1.423799999999999955e+01,3.150045946567758826e-05
1.424000000000000021e+01,-1.655646369570426546e-05
1.424200000000000088e+01,-2.151839980221725845e-05
1.424399999999999977e+01,5.939990853960977479e-05
1.424600000000000044e+01,-5.282379253922914186e-05
1.424800000000000111e+01,3.149980375727334803e-05
1.425000000000000000e+01,-1.655677478566708327e-05
1.425200000000000067e+01,-2.151903593820142513e-05
1.425399999999999956e+01,5.940013967057830579e-05
1.425600000000000023e+01,-5.282401320214763496e-05
1.425800000000000090e+01,3.149975774845506504e-05
1.425999999999999979e+01,-1.655679642597815415e-05
1.426200000000000045e+01,-2.151908019372081315e-05
1.426400000000000112e+01,5.940015570058548855e-05
1.426600000000000001e+01,-5.282402847773398635e-05
1.426800000000000068e+01,3.149975430781493113e-05
1.426999999999999957e+01,-1.655679788998762336e-05
1.427200000000000024e+01,-2.180032380432600503e-05
1.427400000000000091e+01,5.825861773933044274e-05
1.427599999999999980e+01,-5.173836589207961301e-05
1.427800000000000047e+01,3.163733254546788332e-05
1.428000000000000114e+01,-1.651057000393377217e-05
1.428200000000000003e+01,-2.166755083667440407e-05
1.428400000000000070e+01,5.821328283700175077e-05
1.428599999999999959e+01,-5.169847898705073885e-05
1.428800000000000026e+01,3.164719323492382053e-05
1.429000000000000092e+01,-1.650561327907681952e-05
1.429199999999999982e+01,-2.137850728126111655e-05
1.429400000000000048e+01,5.934938540025705422e-05
1.429600000000000115e+01,-5.277555420870119751e-05
1.429800000000000004e+01,3.150978380310476279e-05
1.430000000000000071e+01,-1.655203765376159208e-05
1.430199999999999960e+01,-2.150934553652589232e-05
1.430400000000000027e+01,5.939661789662598057e-05
1.430600000000000094e+01,-5.282065015257964014e-05
1.430799999999999983e+01,3.150045315611707530e-05
1.431000000000000050e+01,-1.655646545239627954e-05
1.431200000000000117e+01,-2.151840314487674100e-05
1.431400000000000006e+01,5.939990938751832372e-05
1.431600000000000072e+01,-5.282379309679702262e-05
1.431799999999999962e+01,3.149980168037219697e-05
1.432000000000000028e+01,-1.655677452354342716e-05
1.432200000000000095e+01,-2.180027516030316748e-05
1.432399999999999984e+01,5.825860049758421755e-05
1.432600000000000051e+01,-5.173835085158645652e-05
1.432800000000000118e+01,3.163733502964394262e-05
1.433000000000000007e+01,-1.651056782600232586e-05
1.433200000000000074e+01,-2.166754639825255180e-05
1.433399999999999963e+01,5.821328078342222212e-05
1.433600000000000030e+01,-5.169847732653873318e-05
1.433800000000000097e+01,3.164719239939425832e-05
1.433999999999999986e+01,-1.650561275616177492e-05
1.434200000000000053e+01,-2.137850609836358662e-05
1.434399999999999942e+01,5.934938468952002943e-05
1.434600000000000009e+01,-5.277555334321296088e-05
1.434800000000000075e+01,3.150978257942735339e-05
1.434999999999999964e+01,-1.655203733879478945e-05
1.435200000000000031e+01,-2.150934472349222415e-05
1.435400000000000098e+01,5.939661731582321358e-05
1.435599999999999987e+01,-5.282064941321273910e-05
1.435800000000000054e+01,3.150045192763101243e-05
1.435999999999999943e+01,-1.655646516777672939e-05
1.436200000000000010e+01,-2.179963399938714130e-05
1.436400000000000077e+01,5.825837961829019584e-05
1.436599999999999966e+01,-5.173815659728631111e-05
1.436800000000000033e+01,3.163738210755148716e-05
1.437000000000000099e+01,-1.651054340326071901e-05
1.437199999999999989e+01,-2.138798598949262497e-05
1.437400000000000055e+01,5.945409303675583401e-05
1.437599999999999945e+01,-5.291701342881663384e-05
1.437800000000000011e+01,3.152193182515139469e-05
1.438000000000000078e+01,-1.654271095553883075e-05
1.438199999999999967e+01,-2.149772995576129664e-05
1.438400000000000034e+01,5.939232631816879215e-05
1.438600000000000101e+01,-5.281655063982607090e-05
1.438799999999999990e+01,3.150130315202059883e-05
1.439000000000000057e+01,-1.655606031752965279e-05
1.439199999999999946e+01,-2.179879559254666033e-05
1.439400000000000013e+01,5.825809103418913559e-05
1.439600000000000080e+01,-5.173790273391154493e-05
1.439799999999999969e+01,3.163744420644695743e-05
1.440000000000000036e+01,-1.651051161542793633e-05
1.440200000000000102e+01,-2.138792480780443706e-05
1.440399999999999991e+01,5.935281295137845303e-05
1.440600000000000058e+01,-5.277882682228757227e-05
1.440799999999999947e+01,3.150910247307070478e-05
1.441000000000000014e+01,-1.655235915762331977e-05
1.441200000000000081e+01,-2.151000256217505680e-05
1.441399999999999970e+01,5.939685604712530154e-05
1.441600000000000037e+01,-5.282087715697755814e-05
1.441800000000000104e+01,3.150040307487236846e-05
1.441999999999999993e+01,-1.655648728880396159e-05
1.442200000000000060e+01,-2.179967961772263929e-05
1.442399999999999949e+01,5.825839470608926152e-05
1.442600000000000016e+01,-5.173817001900837820e-05
1.442800000000000082e+01,3.163737729089052819e-05
1.442999999999999972e+01,-1.651054469205270880e-05
1.443200000000000038e+01,-2.138798829077678820e-05
1.443400000000000105e+01,5.935283590816076149e-05
1.443599999999999994e+01,-5.277884863246623537e-05
1.443800000000000061e+01,3.150909712240287930e-05
1.443999999999999950e+01,-1.655236116727618056e-05
1.444200000000000017e+01,-2.179112710119432417e-05
1.444400000000000084e+01,5.825545379815888491e-05
1.444599999999999973e+01,-5.173558223734581185e-05
1.444800000000000040e+01,3.163801736355900673e-05
1.445000000000000107e+01,-1.651022251967018684e-05
1.445199999999999996e+01,-2.138736890048426043e-05
1.445400000000000063e+01,5.945386817348546904e-05
1.445599999999999952e+01,-5.291679835047607972e-05
1.445800000000000018e+01,3.152197420308588960e-05
1.446000000000000085e+01,-1.654268943509021317e-05
1.446199999999999974e+01,-2.177864171622190259e-05
1.446400000000000041e+01,5.825109106506742851e-05
1.446600000000000108e+01,-5.173174219841661370e-05
1.446799999999999997e+01,3.163897025946008079e-05
1.447000000000000064e+01,-1.650974297088061982e-05
1.447199999999999953e+01,-2.166307456931762521e-05
1.447400000000000020e+01,5.822555306731619362e-05
1.447600000000000087e+01,-5.170723919647318700e-05
1.447799999999999976e+01,3.164483242769008942e-05
1.448000000000000043e+01,-1.650677499435287965e-05
1.448200000000000109e+01,-2.166014284248757304e-05
1.448399999999999999e+01,5.831273449329391068e-05
1.448600000000000065e+01,-5.183485602761050970e-05
1.448799999999999955e+01,3.166047306980487863e-05
1.449000000000000021e+01,-1.649573890613945104e-05
1.449200000000000088e+01,-2.164501585160197306e-05
1.449399999999999977e+01,5.820545650814593075e-05
1.449600000000000044e+01,-5.169159158571398627e-05
1.449800000000000111e+01,3.164889596587658338e-05
1.450000000000000000e+01,-1.650475314619523348e-05
1.450200000000000067e+01,-2.165335506126853105e-05
1.450399999999999956e+01,5.822220171953357282e-05
1.450600000000000023e+01,-5.170429019772659895e-05
1.450800000000000090e+01,3.164556199286225335e-05
1.450999999999999979e+01,-1.650640763694449786e-05
1.451200000000000045e+01,-2.138002010166825673e-05
1.451400000000000112e+01,5.934993536168414741e-05
1.451600000000000001e+01,-5.277607859328209416e-05
1.451800000000000068e+01,3.150966900367785373e-05
1.451999999999999957e+01,-1.655208826193549365e-05
1.452200000000000024e+01,-2.150944824078418471e-05
1.452400000000000091e+01,5.939665400023219632e-05
1.452599999999999980e+01,-5.282068382888444047e-05
1.452800000000000047e+01,3.150044007489000153e-05
1.453000000000000114e+01,-1.655646777142666393e-05
1.453200000000000003e+01,-2.151840709264246643e-05
1.453400000000000070e+01,5.939990960477856130e-05
1.453599999999999959e+01,-5.282379250714022700e-05
1.453800000000000026e+01,3.149979570676517127e-05
1.454000000000000092e+01,-1.655677347413286871e-05
1.454199999999999982e+01,-2.180027212976554107e-05
1.454400000000000048e+01,5.825859719629095101e-05
1.454600000000000115e+01,-5.173834851423739223e-05
1.454800000000000004e+01,3.163733008385363754e-05
1.455000000000000071e+01,-1.651056614892024155e-05
1.455199999999999960e+01,-2.166754233089845938e-05
1.455400000000000027e+01,5.821327713444873764e-05
1.455600000000000094e+01,-5.169847468066215979e-05
1.455799999999999983e+01,3.164718755004417017e-05
1.456000000000000050e+01,-1.650561105423151154e-05
1.456200000000000117e+01,-2.137850206462149627e-05
1.456400000000000006e+01,5.934938201990896944e-05
1.456600000000000072e+01,-5.277555000042510880e-05
1.456799999999999962e+01,3.150977717396308275e-05
1.457000000000000028e+01,-1.655203601541588299e-05
1.457200000000000095e+01,-2.150934122156430983e-05
1.457399999999999984e+01,5.939661483994607138e-05
1.457600000000000051e+01,-5.282064625575233485e-05
1.457800000000000118e+01,3.150044645895688777e-05
1.458000000000000007e+01,-1.655646385986114799e-05
1.458200000000000074e+01,-2.179963041866114781e-05
1.458399999999999963e+01,5.836034282022048436e-05
1.458600000000000030e+01,-5.187675216374379450e-05
1.458800000000000097e+01,3.165011055128452711e-05
1.458999999999999986e+01,-1.650094570937107874e-05
1.459200000000000053e+01,-2.137580876547875985e-05
1.459399999999999942e+01,5.934833896952332322e-05
1.459600000000000009e+01,-5.277455274241976690e-05
1.459800000000000075e+01,3.150998557881201645e-05
1.459999999999999964e+01,-1.655193635213478287e-05
1.460200000000000031e+01,-2.150913778999063997e-05
1.460400000000000098e+01,5.939654073689945579e-05
1.460599999999999987e+01,-5.282057539012993685e-05
1.460800000000000054e+01,3.150046032491388148e-05
1.460999999999999943e+01,-1.655645676768013885e-05
1.461200000000000010e+01,-2.151838423351121188e-05
1.461400000000000077e+01,5.939990084444582430e-05
1.461599999999999966e+01,-5.282378385544628241e-05
1.461800000000000033e+01,3.149979527138427327e-05
1.462000000000000099e+01,-1.655677224855767182e-05
1.462199999999999989e+01,-2.151902942771483085e-05
1.462400000000000055e+01,5.940013526523763021e-05
1.462599999999999945e+01,-5.282400766457723273e-05
1.462800000000000011e+01,3.149974863985924300e-05
1.463000000000000078e+01,-1.655679423503975123e-05
1.463199999999999967e+01,-2.151907430521932119e-05
1.463400000000000034e+01,5.950136759157523270e-05
1.463600000000000101e+01,-5.296216164395878279e-05
1.463799999999999990e+01,3.151258357462355386e-05
1.464000000000000057e+01,-1.654714233637749610e-05
1.464199999999999946e+01,-2.178787082451894008e-05
1.464400000000000013e+01,5.825426255670965170e-05
1.464600000000000080e+01,-5.173453340766645536e-05
1.464799999999999969e+01,3.163827479351483118e-05
1.465000000000000036e+01,-1.651008918569785155e-05
1.465200000000000102e+01,-2.138711225309689046e-05
1.465399999999999991e+01,5.935251577781144872e-05
1.465600000000000058e+01,-5.277854214760097085e-05
1.465799999999999947e+01,3.150915453442246217e-05
1.466000000000000014e+01,-1.655233002665831843e-05
1.466200000000000081e+01,-2.150994205492307021e-05
1.466399999999999970e+01,5.939683269575932179e-05
1.466600000000000037e+01,-5.282085395573107856e-05
1.466800000000000104e+01,3.150040092876962849e-05
1.466999999999999993e+01,-1.655648389424849154e-05
1.467200000000000060e+01,-2.179967154078768510e-05
1.467399999999999949e+01,5.825838936572222404e-05
1.467600000000000016e+01,-5.173816596934499579e-05
1.467800000000000082e+01,3.163737201289026912e-05
1.467999999999999972e+01,-1.651054261518625221e-05
1.468200000000000038e+01,-2.166749601023587601e-05
1.468400000000000105e+01,5.821325984725969627e-05
1.468599999999999994e+01,-5.169845979805312575e-05
1.468800000000000061e+01,3.164718798400953381e-05
1.468999999999999950e+01,-1.650560838764580929e-05
1.469200000000000017e+01,-2.165788341960614427e-05
1.469400000000000084e+01,5.820994870522205877e-05
1.469599999999999973e+01,-5.169554610729223953e-05
1.469800000000000040e+01,3.164790921088636577e-05
1.470000000000000107e+01,-1.650524559293140014e-05
1.470199999999999996e+01,-2.137779908039857957e-05
1.470400000000000063e+01,5.934912534306946430e-05
1.470599999999999952e+01,-5.277530439926417238e-05
1.470800000000000018e+01,3.150982420631331937e-05
1.471000000000000085e+01,-1.655201122950644699e-05
1.471199999999999974e+01,-2.150928999657825136e-05
1.471400000000000041e+01,5.939659546922576583e-05
1.471600000000000108e+01,-5.282062724622227368e-05
1.471799999999999997e+01,3.150044650976346894e-05
1.472000000000000064e+01,-1.655646134426230764e-05
1.472199999999999953e+01,-2.151839326333671032e-05
1.472400000000000020e+01,6.112533346289139580e-05
1.472600000000000087e+01,-5.858789138945760810e-05
1.472799999999999976e+01,3.292756882299074928e-05
1.473000000000000043e+01,-1.561349738355213845e-05
1.473200000000000109e+01,-2.009770413270370315e-05
1.473399999999999999e+01,5.887916993709343960e-05
1.473600000000000065e+01,-5.232646912807156769e-05
1.473799999999999955e+01,3.160301435311055340e-05
1.474000000000000021e+01,-1.650775750172348011e-05
1.474200000000000088e+01,-2.169874450014958045e-05
1.474399999999999977e+01,5.822368521513771045e-05
1.474600000000000044e+01,-5.170762842253429081e-05
1.474800000000000111e+01,3.164492965819845627e-05
1.475000000000000000e+01,-1.650674185900077862e-05
1.475200000000000067e+01,-2.166009263631155091e-05
1.475399999999999956e+01,5.821070903768571503e-05
1.475600000000000023e+01,-5.169621533260976287e-05
1.475800000000000090e+01,3.164774197909198117e-05
1.475999999999999979e+01,-1.650532851664443523e-05
1.476200000000000045e+01,-2.137795830516042717e-05
1.476400000000000112e+01,5.934918294582536280e-05
1.476600000000000001e+01,-5.277535918393055914e-05
1.476800000000000068e+01,3.150981115603024296e-05
1.476999999999999957e+01,-1.655201634319716786e-05
1.477200000000000024e+01,-2.179041134839701521e-05
1.477400000000000091e+01,5.825520430497582725e-05
1.477599999999999980e+01,-5.173536355274760412e-05
1.477800000000000047e+01,3.163806321817771994e-05
1.478000000000000114e+01,-1.651019324524702347e-05
1.478200000000000003e+01,-2.138731146001521255e-05
1.478400000000000070e+01,5.935258759059980349e-05
1.478599999999999959e+01,-5.277861025014887741e-05
1.478800000000000026e+01,3.150913680393177541e-05
1.479000000000000092e+01,-1.655233613359965994e-05
1.479199999999999982e+01,-2.179107384032291650e-05
1.479400000000000048e+01,5.835740094222580110e-05
1.479600000000000115e+01,-5.187416351111820423e-05
1.479800000000000004e+01,3.165074618192986744e-05
1.480000000000000071e+01,-1.650062220670198143e-05
1.480199999999999960e+01,-2.165452788377777993e-05
1.480400000000000027e+01,5.820872973741689216e-05
1.480600000000000094e+01,-5.169447273985217084e-05
1.480799999999999983e+01,3.164817474557088395e-05
1.481000000000000050e+01,-1.650510987483838621e-05
1.481200000000000117e+01,-2.165691235222685918e-05
1.481400000000000006e+01,5.820961298589125144e-05
1.481600000000000072e+01,-5.169525099978436455e-05
1.481799999999999962e+01,3.164797927515672349e-05
1.482000000000000028e+01,-1.650520809400729538e-05
1.482200000000000095e+01,-2.165710327991024475e-05
1.482399999999999984e+01,5.820967865581908041e-05
1.482600000000000051e+01,-5.169530881169934200e-05
1.482800000000000118e+01,3.164796470619957169e-05
1.483000000000000007e+01,-1.650521523358441933e-05
1.483200000000000074e+01,-2.165711713473725264e-05
1.483399999999999963e+01,5.820968332833839631e-05
1.483600000000000030e+01,-5.169531295035403873e-05
1.483800000000000097e+01,3.164796341977721417e-05
1.483999999999999986e+01,-1.650521567191781669e-05
1.484200000000000053e+01,-2.165711798275335442e-05
1.484400000000000119e+01,5.820968351276725739e-05
1.484600000000000009e+01,-5.169531312750746954e-05
1.484800000000000075e+01,3.164796311537487750e-05
1.484999999999999964e+01,-1.650521563688334137e-05
1.485200000000000031e+01,-2.137774100085046425e-05
1.485400000000000098e+01,5.934910335899171163e-05
1.485599999999999987e+01,-5.277528285918195450e-05
1.485800000000000054e+01,3.150982448051065088e-05
1.485999999999999943e+01,-1.655200844285012463e-05
1.486200000000000010e+01,-2.150928371546720341e-05
1.486400000000000077e+01,5.939659233012914430e-05
1.486599999999999966e+01,-5.282062371036663762e-05
1.486800000000000033e+01,3.150044305774701847e-05
1.487000000000000099e+01,-1.655646034008292911e-05
1.487199999999999989e+01,-2.151839058853535769e-05
1.487400000000000055e+01,5.950111805165178569e-05
1.487599999999999945e+01,-5.296192243849084935e-05
1.487800000000000011e+01,3.151262646079733276e-05
1.488000000000000078e+01,-1.654711772798578284e-05
1.488199999999999967e+01,-2.150674306905520083e-05
1.488400000000000034e+01,5.939559893424622983e-05
1.488600000000000101e+01,-5.281967380243654531e-05
1.488799999999999990e+01,3.150064217532361210e-05
1.489000000000000057e+01,-1.655636522661721455e-05
1.489199999999999946e+01,-2.151819659009651664e-05
1.489400000000000013e+01,5.939983110206381589e-05
1.489600000000000080e+01,-5.282371624605944338e-05
1.489799999999999969e+01,3.149980148554540338e-05
1.490000000000000036e+01,-1.655676435506278632e-05
1.490200000000000102e+01,-2.180025177803135428e-05
1.490399999999999991e+01,5.825858650369136749e-05
1.490600000000000058e+01,-5.173834004207344961e-05
1.490799999999999947e+01,3.163732313567896304e-05
1.491000000000000014e+01,-1.651056283847110451e-05
1.491200000000000081e+01,-2.138802150075669317e-05
1.491399999999999970e+01,5.935284535290435981e-05
1.491600000000000037e+01,-5.277885592428269157e-05
1.491800000000000104e+01,3.150908226300791481e-05
1.491999999999999993e+01,-1.655235971908738946e-05
1.492200000000000060e+01,-2.151000182518472692e-05
1.492399999999999949e+01,5.939685295586194513e-05
1.492600000000000016e+01,-5.282087236512314488e-05
1.492800000000000082e+01,3.150038988358749847e-05
1.492999999999999972e+01,-1.655648452290187089e-05
1.493200000000000038e+01,-2.179967183583292334e-05
1.493400000000000105e+01,5.825838679499387163e-05
1.493599999999999994e+01,-5.173816436913891703e-05
1.493800000000000061e+01,3.163736586738255530e-05
1.493999999999999950e+01,-1.651054078842875694e-05
1.494200000000000017e+01,-2.166749147764629457e-05
1.494400000000000084e+01,5.821325561087067890e-05
1.494599999999999973e+01,-5.169845673373002493e-05
1.494800000000000040e+01,3.164718219026557700e-05
1.495000000000000107e+01,-1.650560636314718499e-05
1.495199999999999996e+01,-2.165787853711936828e-05
1.495400000000000063e+01,5.820994436693885388e-05
1.495599999999999952e+01,-5.169554295973363689e-05
1.495800000000000018e+01,3.164790346519424924e-05
1.496000000000000085e+01,-1.650524357064281356e-05
1.496199999999999974e+01,-2.137779429761330063e-05
1.496400000000000041e+01,5.934912214612328429e-05
1.496600000000000108e+01,-5.277530041715439157e-05
1.496799999999999997e+01,3.150981778838116143e-05
1.497000000000000064e+01,-1.655200966649977845e-05
1.497199999999999953e+01,-2.179039668761054149e-05
1.497400000000000020e+01,5.825519722376520937e-05
1.497600000000000087e+01,-5.173535783696212031e-05
1.497799999999999976e+01,3.163805961970897473e-05
1.498000000000000043e+01,-1.651019127405645159e-05
1.498200000000000109e+01,-2.138730700174118482e-05
1.498399999999999999e+01,5.935258485888911251e-05
1.498600000000000065e+01,-5.277860692100289075e-05
1.498799999999999955e+01,3.150913191117890588e-05
1.499000000000000021e+01,-1.655233489984697659e-05
1.499200000000000088e+01,-2.179107048409095748e-05
1.499399999999999977e+01,5.825542868971925192e-05
1.499600000000000044e+01,-5.173556156738354228e-05
1.499800000000000111e+01,3.163800867829469343e-05
1.500000000000000000e+01,-1.651021650448530886e-05
1.500200000000000067e+01,-2.138735542622782759e-05
1.500399999999999956e+01,5.935260237203629496e-05
1.500600000000000023e+01,-5.277862357734239285e-05
1.500800000000000090e+01,3.150912792172083643e-05
1.500999999999999979e+01,-1.655233645782294705e-05
1.501200000000000045e+01,-2.150995391239987620e-05
1.501400000000000112e+01,6.112249521774554273e-05
1.501600000000000001e+01,-5.858510779060965845e-05
1.501800000000000068e+01,3.292813808950315058e-05
1.501999999999999957e+01,-1.561322393529504526e-05
1.502200000000000024e+01,-2.009714217839075889e-05
1.502400000000000091e+01,5.887896409486129135e-05
1.502599999999999980e+01,-5.232627154598545882e-05
1.502800000000000047e+01,3.160304722484019724e-05
1.503000000000000114e+01,-1.650773674486891163e-05
1.503200000000000003e+01,-2.141878700804428215e-05
1.503400000000000070e+01,5.936370421157771693e-05
1.503599999999999959e+01,-5.278921881155668183e-05
1.503800000000000026e+01,3.150694510379095648e-05
1.504000000000000092e+01,-1.655337090718592141e-05
1.504199999999999982e+01,-2.151207200245391915e-05
1.504400000000000048e+01,5.939760457906312352e-05
1.504600000000000115e+01,-5.282158964661082257e-05
1.504800000000000004e+01,3.150023792774028775e-05
1.505000000000000071e+01,-1.655655452569362862e-05
1.505199999999999960e+01,-2.151858253604532756e-05
1.505400000000000027e+01,5.939997048050316142e-05
1.505600000000000094e+01,-5.282384875686038650e-05
1.505799999999999983e+01,3.149976958459477228e-05
1.506000000000000050e+01,-1.655677666723837094e-05
1.506200000000000117e+01,-2.151903678276542720e-05
1.506400000000000006e+01,5.940013550549336219e-05
1.506600000000000072e+01,-5.282400629257055780e-05
1.506799999999999962e+01,3.149973665525843125e-05
1.507000000000000028e+01,-1.655679210966695680e-05
1.507200000000000095e+01,-2.151906834042122130e-05
1.507399999999999984e+01,5.940014691289963178e-05
1.507600000000000051e+01,-5.282401716046394857e-05
1.507800000000000118e+01,3.149973413197476590e-05
1.508000000000000007e+01,-1.655679313649835449e-05
1.508200000000000074e+01,-2.151907038575040509e-05
1.508399999999999963e+01,5.940014758880687862e-05
1.508600000000000030e+01,-5.282401777350828609e-05
1.508800000000000097e+01,3.149973374197770348e-05
1.508999999999999986e+01,-1.655679314682689807e-05
1.509200000000000053e+01,-2.151907039657161014e-05
1.509400000000000119e+01,5.940014755087888454e-05
1.509600000000000009e+01,-5.282401770287034615e-05
1.509800000000000075e+01,3.149973346734669111e-05
1.509999999999999964e+01,-1.655679309539581645e-05
1.510200000000000031e+01,-2.180031054251421740e-05
1.510400000000000098e+01,5.836057119304113860e-05
1.510599999999999987e+01,-5.187695453893331754e-05
1.510800000000000054e+01,3.165004739981436277e-05
1.510999999999999943e+01,-1.650096760941535678e-05
1.511200000000000010e+01,-2.137584909109660480e-05
1.511400000000000077e+01,5.934835076795014208e-05
1.511599999999999966e+01,-5.277456213905601379e-05
1.511800000000000033e+01,3.150996916569462347e-05
1.512000000000000099e+01,-1.655193492517206821e-05
1.512199999999999989e+01,-2.179024176329064089e-05
1.512400000000000055e+01,5.825514240289514367e-05
1.512599999999999945e+01,-5.173530998662731473e-05
1.512800000000000011e+01,3.163806769282059839e-05
1.513000000000000078e+01,-1.651018437788184801e-05
1.513199999999999967e+01,-2.166679654365052943e-05
1.513400000000000034e+01,5.821301429934436222e-05
1.513600000000000101e+01,-5.169824489104427045e-05
1.513799999999999990e+01,3.164722987959722733e-05
1.514000000000000057e+01,-1.650557879445332943e-05
1.514199999999999946e+01,-2.165782412222663766e-05
1.514400000000000013e+01,5.820992367050817351e-05
1.514600000000000080e+01,-5.169552524282930439e-05
1.514799999999999969e+01,3.164790307067302799e-05
1.515000000000000036e+01,-1.650524017099419538e-05
1.515200000000000102e+01,-2.137778710117194114e-05
1.515399999999999991e+01,5.934911848998539186e-05
1.515600000000000058e+01,-5.277529622391141650e-05
1.515799999999999947e+01,3.150981335884109336e-05
1.516000000000000014e+01,-1.655200839939530155e-05
1.516200000000000081e+01,-2.150928252553710451e-05
1.516399999999999970e+01,5.939659025530966141e-05
1.516600000000000037e+01,-5.282062064502351939e-05
1.516800000000000104e+01,3.150043536137916989e-05
1.516999999999999993e+01,-1.655645869749061694e-05
1.517200000000000060e+01,-2.151838609543502145e-05
1.517399999999999949e+01,5.939989843091117439e-05
1.517600000000000016e+01,-5.282377953026370920e-05
1.517800000000000082e+01,3.149978060333277763e-05
1.517999999999999972e+01,-1.655676931592436896e-05
1.518200000000000038e+01,-2.180026094866435726e-05
1.518400000000000105e+01,5.825858678858153450e-05
1.518599999999999994e+01,-5.173834100347107778e-05
1.518800000000000061e+01,3.163731587186441319e-05
1.518999999999999950e+01,-1.651056121367705520e-05
1.519200000000000017e+01,-2.138801739935344837e-05
1.519400000000000084e+01,5.935284229737630701e-05
1.519599999999999973e+01,-5.277885200268353505e-05
1.519800000000000040e+01,3.150907530163199466e-05
1.520000000000000107e+01,-1.655235807909022361e-05
1.520199999999999996e+01,-2.150999741888648398e-05
1.520400000000000063e+01,5.939684982497403509e-05
1.520599999999999952e+01,-5.282086836489591208e-05
1.520800000000000018e+01,3.150038292989640332e-05
1.521000000000000085e+01,-1.655648287305494515e-05
1.521199999999999974e+01,-2.151843540562289880e-05
1.521400000000000041e+01,5.939991612933029352e-05
1.521600000000000108e+01,-5.282379628344588407e-05
1.521799999999999997e+01,3.149977602152562173e-05
1.522000000000000064e+01,-1.655677079021727893e-05
1.522199999999999953e+01,-2.151902416459156031e-05
1.522400000000000020e+01,5.940013002407595888e-05
1.522600000000000087e+01,-5.282400049829577560e-05
1.522799999999999976e+01,3.149973343415102267e-05
1.523000000000000043e+01,-1.655679082653363499e-05
1.523200000000000109e+01,-2.151906510750728474e-05
1.523399999999999999e+01,5.940014485846314973e-05
1.523600000000000065e+01,-5.282401463242714090e-05
1.523799999999999955e+01,3.149973023267027550e-05
1.524000000000000021e+01,-1.655679216164274159e-05
1.524200000000000088e+01,-2.151906782196788548e-05
1.524399999999999977e+01,5.950136191339855385e-05
1.524600000000000044e+01,-5.296215405366580531e-05
1.524800000000000111e+01,3.151256821457698587e-05
1.525000000000000000e+01,-1.654713882747599341e-05
1.525200000000000067e+01,-2.178786111876884757e-05
1.525399999999999956e+01,5.825425295400213366e-05
1.525600000000000023e+01,-5.173452652652149597e-05
1.525800000000000090e+01,3.163826118070256488e-05
1.525999999999999979e+01,-1.651008450792579296e-05
1.526200000000000045e+01,-2.138710115606040629e-05
1.526400000000000112e+01,5.935250837950031833e-05
1.526600000000000001e+01,-5.277853287179862241e-05
1.526800000000000068e+01,3.150913948617509175e-05
1.526999999999999957e+01,-1.655232635812062258e-05
1.527200000000000024e+01,-2.179105166629988211e-05
1.527400000000000091e+01,5.825541934601635718e-05
1.527599999999999980e+01,-5.173555406843763360e-05
1.527800000000000047e+01,3.163800352170079155e-05
1.528000000000000114e+01,-1.651021382232178980e-05
1.528200000000000003e+01,-2.166685332308238010e-05
1.528400000000000070e+01,5.821303232080021761e-05
1.528599999999999959e+01,-5.169826113372508192e-05
1.528800000000000026e+01,3.164722210147880022e-05
1.529000000000000092e+01,-1.650557989542333903e-05
1.529199999999999982e+01,-2.137843964855612455e-05
1.529400000000000048e+01,5.934935526669821160e-05
1.529600000000000115e+01,-5.277552181871120185e-05
1.529800000000000004e+01,3.150976274075845129e-05
1.530000000000000071e+01,-1.655202996711513386e-05
1.530199999999999960e+01,-2.179043744942460448e-05
1.530400000000000027e+01,5.825520784669135921e-05
1.530600000000000094e+01,-5.173536802632883180e-05
1.530799999999999983e+01,3.163804881207640807e-05
1.531000000000000050e+01,-1.651019047510526860e-05
1.531200000000000117e+01,-2.138730434414481962e-05
1.531400000000000006e+01,5.935258206495389044e-05
1.531600000000000072e+01,-5.277860306936860146e-05
1.531799999999999962e+01,3.150912356147950177e-05
1.532000000000000028e+01,-1.655233304254793980e-05
1.532200000000000095e+01,-2.150994578845738525e-05
1.532399999999999984e+01,5.939683040474819098e-05
1.532600000000000051e+01,-5.282084938787109940e-05
1.532800000000000118e+01,3.150038353760820087e-05
1.533000000000000007e+01,-1.655648046800656248e-05
1.533200000000000074e+01,-2.151843004806822113e-05
1.533399999999999963e+01,5.939991351534140707e-05
1.533600000000000030e+01,-5.282379336291054273e-05
1.533800000000000097e+01,3.149977330520539742e-05
1.533999999999999986e+01,-1.655676994902210986e-05
1.534200000000000053e+01,-2.180026164491644103e-05
1.534400000000000119e+01,5.825858540242992434e-05
1.534600000000000009e+01,-5.173834019328235612e-05
1.534800000000000075e+01,3.163731208010236995e-05
1.534999999999999964e+01,-1.651056012116555727e-05
1.535200000000000031e+01,-2.166752755650147577e-05
1.535400000000000098e+01,5.821326383876473942e-05
1.535599999999999987e+01,-5.169846505371361589e-05
1.535800000000000054e+01,3.164716986141583033e-05
1.535999999999999943e+01,-1.650560483112961663e-05
1.536200000000000010e+01,-2.137848737163508539e-05
1.536400000000000077e+01,5.934937225773873060e-05
1.536599999999999966e+01,-5.277553778696916775e-05
1.536800000000000033e+01,3.150975748064666071e-05
1.537000000000000099e+01,-1.655203122975443253e-05
1.537199999999999989e+01,-2.150932843177771892e-05
1.537400000000000055e+01,5.939660577694225174e-05
1.537599999999999945e+01,-5.282063472814360616e-05
1.537800000000000011e+01,3.150042664019567229e-05
1.538000000000000078e+01,-1.655645912555445132e-05
1.538199999999999967e+01,-2.151838622577520455e-05
1.538400000000000034e+01,5.939989732926809207e-05
1.538600000000000101e+01,-5.282377772289001405e-05
1.538799999999999990e+01,3.149977516545693357e-05
1.539000000000000057e+01,-1.655676821054816172e-05
1.539199999999999946e+01,-2.180025778011907001e-05
1.539400000000000013e+01,5.825858355193100357e-05
1.539600000000000080e+01,-5.173833870101077204e-05
1.539799999999999969e+01,3.163731118765306105e-05
1.540000000000000036e+01,-1.651055960572717085e-05
1.540200000000000102e+01,-2.138801360702241583e-05
1.540399999999999991e+01,5.935283975914973364e-05
1.540600000000000058e+01,-5.277884881640937387e-05
1.540799999999999947e+01,3.150907013062601014e-05
1.541000000000000014e+01,-1.655235682400738040e-05
1.541200000000000081e+01,-2.150999407165427035e-05
1.541399999999999970e+01,5.939684745122353338e-05
1.541600000000000037e+01,-5.282086535398841654e-05
1.541800000000000104e+01,3.150037774408281921e-05
1.541999999999999993e+01,-1.655648163061823608e-05
1.542200000000000060e+01,-2.151843209147533131e-05
1.542399999999999949e+01,5.950113011023161480e-05
1.542600000000000016e+01,-5.296193201384871707e-05
1.542800000000000082e+01,3.151260923581200579e-05
1.542999999999999972e+01,-1.654711617748994001e-05
1.543200000000000038e+01,-2.150673787743029308e-05
1.543400000000000105e+01,5.939559401773111813e-05
1.543599999999999994e+01,-5.281966711789473634e-05
1.543800000000000061e+01,3.150062828807115300e-05
1.543999999999999950e+01,-1.655636209174290996e-05
1.544200000000000017e+01,-2.151818816398948231e-05
1.544400000000000084e+01,5.939982501453749952e-05
1.544599999999999973e+01,-5.282370845943740179e-05
1.544800000000000040e+01,3.149978784645554586e-05
1.545000000000000107e+01,-1.655676111636875114e-05
1.545199999999999996e+01,-2.151900352998642463e-05
1.545400000000000063e+01,5.940012127832877686e-05
1.545599999999999952e+01,-5.282399131727177899e-05
1.545800000000000018e+01,3.149972896316841076e-05
1.546000000000000085e+01,-1.655678889017284106e-05
1.546199999999999974e+01,-2.180030037953264999e-05
1.546400000000000041e+01,5.825859748857104004e-05
1.546600000000000108e+01,-5.173835114334265906e-05
1.546799999999999997e+01,3.163730636207215396e-05
1.547000000000000064e+01,-1.651056071309137119e-05
1.547199999999999953e+01,-2.166752830821613851e-05
1.547400000000000020e+01,5.821326287919897924e-05
1.547600000000000087e+01,-5.169846450841369956e-05
1.547799999999999976e+01,3.164716697588026983e-05
1.548000000000000043e+01,-1.650560402202336241e-05
1.548200000000000109e+01,-2.165787194955900996e-05
1.548399999999999999e+01,5.831194225727753810e-05
1.548600000000000065e+01,-5.183416137334237450e-05
1.548799999999999955e+01,3.166062008931949667e-05
1.549000000000000021e+01,-1.649564611485437871e-05
1.549200000000000088e+01,-2.136561656273031073e-05
1.549399999999999977e+01,5.934462383992353263e-05
1.549600000000000044e+01,-5.277100187166261502e-05
1.549800000000000111e+01,3.151069653986940389e-05
1.550000000000000000e+01,-1.655158293713265838e-05
1.550200000000000067e+01,-2.178951092919254040e-05
1.550399999999999956e+01,5.825488721677984927e-05
1.550600000000000023e+01,-5.173508640486657040e-05
1.550800000000000090e+01,3.163811351623857515e-05
1.550999999999999979e+01,-1.651015418283746650e-05
1.551200000000000045e+01,-2.138723387058380498e-05
1.551400000000000112e+01,5.935255531718322541e-05
1.551600000000000001e+01,-5.277857679780034728e-05
1.551800000000000068e+01,3.150912347088530296e-05
1.551999999999999957e+01,-1.655232958129582155e-05
1.552200000000000024e+01,-2.179105728751518090e-05
1.552400000000000091e+01,5.825541872093650819e-05
1.552599999999999980e+01,-5.173555416132166740e-05
1.552800000000000047e+01,3.163799723355717464e-05
1.553000000000000114e+01,-1.651021225976267992e-05
1.553200000000000003e+01,-2.166684937613197470e-05
1.553400000000000070e+01,5.821302840126538203e-05
1.553599999999999959e+01,-5.169825832848987113e-05
1.553800000000000026e+01,3.164721653346400099e-05
1.554000000000000092e+01,-1.650557796519305787e-05
1.554199999999999982e+01,-2.165495716634213696e-05
1.554400000000000048e+01,5.822274348561001789e-05
1.554600000000000115e+01,-5.170476960083408846e-05
1.554800000000000004e+01,3.164541718431168604e-05
1.555000000000000071e+01,-1.650646081383447261e-05
1.555199999999999960e+01,-2.138011873523484874e-05
1.555400000000000027e+01,5.934996554964044879e-05
1.555600000000000094e+01,-5.277610367370594302e-05
1.555799999999999983e+01,3.150963492210001604e-05
1.556000000000000050e+01,-1.655208606415534134e-05
1.556200000000000117e+01,-2.179055260584025766e-05
1.556400000000000006e+01,5.825524478705185194e-05
1.556600000000000072e+01,-5.173540120378961049e-05
1.556799999999999962e+01,3.163803406810300478e-05
1.557000000000000028e+01,-1.651019298163844407e-05
1.557200000000000095e+01,-2.138730823047357843e-05
1.557399999999999984e+01,5.935258205348389882e-05
1.557600000000000051e+01,-5.277860211718235495e-05
1.557800000000000118e+01,3.150911654578245069e-05
1.558000000000000007e+01,-1.655233179639198360e-05
1.558200000000000074e+01,-2.150994224407037914e-05
1.558399999999999963e+01,5.939682767274953590e-05
1.558600000000000030e+01,-5.282084584676619010e-05
1.558800000000000097e+01,3.150037706264180448e-05
1.558999999999999986e+01,-1.655647894638692663e-05
1.559200000000000053e+01,-2.179965764513222548e-05
1.559400000000000119e+01,5.825837514921231031e-05
1.559600000000000009e+01,-5.173815583996849155e-05
1.559800000000000075e+01,3.163735146020571487e-05
1.559999999999999964e+01,-1.651053558844595148e-05
1.560200000000000031e+01,-2.138796678128815354e-05
1.560400000000000098e+01,5.935282161839694481e-05
1.560599999999999987e+01,-5.277883077162495717e-05
1.560800000000000054e+01,3.150906833480904279e-05
1.561000000000000121e+01,-1.655235413747929707e-05
1.561200000000000010e+01,-2.150998788475605439e-05
1.561400000000000077e+01,5.939684410347437216e-05
1.561599999999999966e+01,-5.282086141956965353e-05
1.561800000000000033e+01,3.150037300393357387e-05
1.562000000000000099e+01,-1.655648035529116990e-05
1.562199999999999989e+01,-2.151842872961592934e-05
1.562400000000000055e+01,5.939991146277842637e-05
1.562599999999999945e+01,-5.282379035052506278e-05
1.562800000000000011e+01,3.149976587753580692e-05
1.563000000000000078e+01,-1.655676837523240019e-05
1.563199999999999967e+01,-2.151901767059871684e-05
1.563400000000000034e+01,5.940012540523245677e-05
1.563600000000000101e+01,-5.282399461485620673e-05
1.563799999999999990e+01,3.149972328884628747e-05
1.564000000000000057e+01,-1.655678840427679543e-05
1.564199999999999946e+01,-2.151905864364311860e-05
1.564400000000000013e+01,5.940014026080062126e-05
1.564600000000000080e+01,-5.282400874787041012e-05
1.564799999999999969e+01,3.149972007930254558e-05
1.565000000000000036e+01,-1.655678975235469474e-05
1.565200000000000102e+01,-2.151906136271461434e-05
1.565399999999999991e+01,6.112554746698709018e-05
1.565600000000000058e+01,-5.858809919891475038e-05
1.565799999999999947e+01,3.292749942353928594e-05
1.566000000000000014e+01,-1.561351366752977698e-05
1.566200000000000081e+01,-2.036007366157388532e-05
1.566399999999999970e+01,5.775896268292793345e-05
1.566600000000000037e+01,-5.129862746707999910e-05
1.566800000000000104e+01,3.174633079432165328e-05
1.566999999999999993e+01,-1.645573797304233921e-05
1.567200000000000060e+01,-2.128264970433640935e-05
1.567399999999999949e+01,5.941577457775279458e-05
1.567600000000000016e+01,-5.288040739140700830e-05
1.567800000000000082e+01,3.152948286106599385e-05
1.567999999999999972e+01,-1.653910367395081127e-05
1.568200000000000038e+01,-2.149034845108990788e-05
1.568400000000000105e+01,5.949086202271247625e-05
1.568599999999999994e+01,-5.295212215265798772e-05
1.568800000000000061e+01,3.151463736875137478e-05
1.568999999999999950e+01,-1.654614868416143247e-05
1.569200000000000017e+01,-2.150475887465960745e-05
1.569400000000000084e+01,5.939487340037366558e-05
1.569599999999999973e+01,-5.281897808243063430e-05
1.569800000000000040e+01,3.150076382545108356e-05
1.570000000000000107e+01,-1.655629315948370373e-05
1.570199999999999996e+01,-2.179927281860047361e-05
1.570400000000000063e+01,5.825824168220403165e-05
1.570599999999999952e+01,-5.173803868534915251e-05
1.570800000000000018e+01,3.163737768424948471e-05
1.571000000000000085e+01,-1.651052032391325808e-05
1.571199999999999974e+01,-2.138793702913949213e-05
1.571400000000000041e+01,5.935281016246352070e-05
1.571600000000000108e+01,-5.277881945092016691e-05
1.571799999999999997e+01,3.150906760530230999e-05
1.572000000000000064e+01,-1.655235252743733620e-05
1.572199999999999953e+01,-2.150998415789695528e-05
1.572400000000000020e+01,5.939684213342871777e-05
1.572600000000000087e+01,-5.282085913938666666e-05
1.572799999999999976e+01,3.150037040697273305e-05
1.573000000000000043e+01,-1.655647963550235802e-05
1.573200000000000109e+01,-2.151842684682686579e-05
1.573399999999999999e+01,5.939991015522019802e-05
1.573600000000000065e+01,-5.282378870875154009e-05
1.573799999999999955e+01,3.149976316307173674e-05
1.574000000000000021e+01,-1.655676771641911849e-05
1.574200000000000088e+01,-2.180025535362256628e-05
1.574399999999999977e+01,5.825857914008858440e-05
1.574600000000000044e+01,-5.173833570498373446e-05
1.574800000000000111e+01,3.163730314612034356e-05
1.575000000000000000e+01,-1.651055705095133552e-05
1.575200000000000067e+01,-2.138800747723476614e-05
1.575399999999999956e+01,5.935283559784301777e-05
1.575600000000000023e+01,-5.277884358135045972e-05
1.575800000000000090e+01,3.150906149320883975e-05
1.575999999999999979e+01,-1.655235473468213980e-05
1.576200000000000045e+01,-2.150998850265067874e-05
1.576400000000000112e+01,5.939684350701399107e-05
1.576600000000000001e+01,-5.282086031011684613e-05
1.576800000000000068e+01,3.150036906091405187e-05
1.576999999999999957e+01,-1.655647955138908611e-05
1.577200000000000024e+01,-2.179965819821411133e-05
1.577400000000000091e+01,5.825837350169338347e-05
1.577599999999999980e+01,-5.173815485542618275e-05
1.577800000000000047e+01,3.163734716029112382e-05
1.578000000000000114e+01,-1.651053434114160834e-05
1.578200000000000003e+01,-2.166461053551560489e-05
1.578400000000000070e+01,5.822606928421181216e-05
1.578599999999999959e+01,-5.170769680773804056e-05
1.578800000000000026e+01,3.164468623553795545e-05
1.579000000000000092e+01,-1.650682376207190938e-05
1.579199999999999982e+01,-2.166023294355653994e-05
1.579400000000000048e+01,5.821074722350827457e-05
1.579600000000000115e+01,-5.169625162622717984e-05
1.579800000000000004e+01,3.164770688367929408e-05
1.580000000000000071e+01,-1.650532653966335639e-05
1.580199999999999960e+01,-2.165733030336583487e-05
1.580400000000000027e+01,5.820974681584531463e-05
1.580600000000000094e+01,-5.169537132377124977e-05
1.580799999999999983e+01,3.164792464537685701e-05
1.581000000000000050e+01,-1.650521687287034855e-05
1.581200000000000117e+01,-2.137774005567250057e-05
1.581400000000000006e+01,5.934909772942545403e-05
1.581600000000000072e+01,-5.277527402376344656e-05
1.581799999999999962e+01,3.150979964963024349e-05
1.582000000000000028e+01,-1.655200325220707036e-05
1.582200000000000095e+01,-2.150926954502807575e-05
1.582399999999999984e+01,5.939658189549681944e-05
1.582600000000000051e+01,-5.282061029167339772e-05
1.582800000000000118e+01,3.150041919734031248e-05
1.583000000000000007e+01,-1.655645470491004523e-05
1.583200000000000074e+01,-2.151837550644700170e-05
1.583399999999999963e+01,5.939989094626285659e-05
1.583600000000000030e+01,-5.282377000348156826e-05
1.583800000000000097e+01,3.149976426195660872e-05
1.583999999999999986e+01,-1.655676541372635979e-05
1.584200000000000053e+01,-2.151901088754890057e-05
1.584400000000000119e+01,5.940012179119283364e-05
1.584600000000000009e+01,-5.282399040166738113e-05
1.584800000000000075e+01,3.149971832407463812e-05
1.584999999999999964e+01,-1.655678703665550144e-05
1.585200000000000031e+01,-2.151905508740448170e-05
1.585400000000000098e+01,5.950135398384223673e-05
1.585599999999999987e+01,-5.296214431219428698e-05
1.585800000000000054e+01,3.151255332926525266e-05
1.586000000000000121e+01,-1.654713510275754307e-05
1.586200000000000010e+01,-2.150677502691170084e-05
1.586400000000000077e+01,5.939560514479913511e-05
1.586599999999999966e+01,-5.281967619820762683e-05
1.586800000000000033e+01,3.150061448155966337e-05
1.587000000000000099e+01,-1.655636106960220455e-05
1.587199999999999989e+01,-2.151818443144049020e-05
1.587400000000000055e+01,5.939982126976564580e-05
1.587599999999999945e+01,-5.282370334145150559e-05
1.587800000000000011e+01,3.149977697413167133e-05
1.588000000000000078e+01,-1.655675866897229898e-05
1.588199999999999967e+01,-2.151899696596973333e-05
1.588400000000000034e+01,5.940011650644450025e-05
1.588600000000000101e+01,-5.282398521404274572e-05
1.588799999999999990e+01,3.149971829919176458e-05
1.589000000000000057e+01,-1.655678636101540202e-05
1.589199999999999946e+01,-2.151905352448107989e-05
1.589400000000000013e+01,5.940013702669319495e-05
1.589600000000000080e+01,-5.282400478009291467e-05
1.589799999999999969e+01,3.149971397662862382e-05
1.590000000000000036e+01,-1.655678824340894861e-05
1.590200000000000102e+01,-2.151905732176301322e-05
1.590399999999999991e+01,5.950135451248880769e-05
1.590600000000000058e+01,-5.296214466168902568e-05
1.590799999999999947e+01,3.151255188487897541e-05
1.591000000000000014e+01,-1.654713491679865589e-05
1.591200000000000081e+01,-2.178785038357139436e-05
1.591399999999999970e+01,5.825424251492544725e-05
1.591600000000000037e+01,-5.173451905003678686e-05
1.591800000000000104e+01,3.163824650260008142e-05
1.591999999999999993e+01,-1.651007943388391186e-05
1.592200000000000060e+01,-2.166658957882677816e-05
1.592399999999999949e+01,5.821293490801057735e-05
1.592600000000000016e+01,-5.169817706555598913e-05
1.592800000000000082e+01,3.164722687942767010e-05
1.592999999999999972e+01,-1.650556541999900761e-05
1.593200000000000038e+01,-2.137840963256643079e-05
1.593400000000000105e+01,5.934934081141401974e-05
1.593599999999999994e+01,-5.277550571385417055e-05
1.593800000000000061e+01,3.150974832636863066e-05
1.593999999999999950e+01,-1.655202550895906732e-05
1.594200000000000017e+01,-2.150931463489047513e-05
1.594400000000000084e+01,5.939659761657750670e-05
1.594599999999999973e+01,-5.282062487561856035e-05
1.594800000000000040e+01,3.150041285816806980e-05
1.595000000000000107e+01,-1.655645560123472637e-05
1.595199999999999996e+01,-2.179960781848941376e-05
1.595400000000000063e+01,5.825835433882764480e-05
1.595599999999999952e+01,-5.173813844529598360e-05
1.595800000000000018e+01,3.163734673465590230e-05
1.596000000000000085e+01,-1.651053118617226700e-05
1.596199999999999974e+01,-2.166746894528837064e-05
1.596400000000000041e+01,5.821323740558617676e-05
1.596600000000000108e+01,-5.169844336301576693e-05
1.596799999999999997e+01,3.164715993269826000e-05
1.597000000000000064e+01,-1.650559831442230396e-05
1.597199999999999953e+01,-2.165785902187578049e-05
1.597400000000000020e+01,5.820992720237047613e-05
1.597600000000000087e+01,-5.169553048481670410e-05
1.597799999999999976e+01,3.164788096457482602e-05
1.598000000000000043e+01,-1.650523562089084573e-05
1.598200000000000109e+01,-2.137777551614386540e-05
1.598399999999999999e+01,5.934910969966275540e-05
1.598600000000000065e+01,-5.277528484426766142e-05
1.598799999999999955e+01,3.150979269683426565e-05
1.599000000000000021e+01,-1.655200356409994300e-05
1.599200000000000088e+01,-2.179037993000829121e-05
1.599399999999999977e+01,5.825518099127069416e-05
1.599600000000000044e+01,-5.173534617586295070e-05
1.599800000000000111e+01,3.163803692927263933e-05
1.600000000000000000e+01,-1.651018344968682716e-05
1.600199999999999889e+01,-2.138728842906653660e-05
1.600400000000000134e+01,5.935257247307104689e-05
1.600600000000000023e+01,-5.277859143081736759e-05
1.600799999999999912e+01,3.150910683348551178e-05
1.601000000000000156e+01,-1.655232880348050939e-05
1.601200000000000045e+01,-2.179105373831952130e-05
1.601399999999999935e+01,5.825541248209720191e-05
1.601600000000000179e+01,-5.173554993738449514e-05
1.601800000000000068e+01,3.163798598038863874e-05
1.601999999999999957e+01,-1.651020866766730877e-05
1.602200000000000202e+01,-2.138733685085048020e-05
1.602400000000000091e+01,5.935258999864925777e-05
1.602599999999999980e+01,-5.277860808152595729e-05
1.602799999999999869e+01,3.150910282003274721e-05
1.603000000000000114e+01,-1.655233034500783185e-05
1.603200000000000003e+01,-2.179105688414340047e-05
1.603399999999999892e+01,5.835738249972827196e-05
1.603600000000000136e+01,-5.187415055727187529e-05
1.603800000000000026e+01,3.165071835655938748e-05
1.603999999999999915e+01,-1.650061279020662020e-05
1.604200000000000159e+01,-2.165450492886203393e-05
1.604400000000000048e+01,5.820870912131084762e-05
1.604599999999999937e+01,-5.169445778711520556e-05
1.604800000000000182e+01,3.164814733784548917e-05
1.605000000000000071e+01,-1.650510025620263721e-05
1.605199999999999960e+01,-2.165688896224593485e-05
1.605400000000000205e+01,5.820959222890831342e-05
1.605600000000000094e+01,-5.169523593943903261e-05
1.605799999999999983e+01,3.164795190528993385e-05
1.605999999999999872e+01,-1.650519845362158344e-05
1.606200000000000117e+01,-2.137770378559528117e-05
1.606400000000000006e+01,5.934908315281470226e-05
1.606599999999999895e+01,-5.277525920815984151e-05
1.606800000000000139e+01,3.150979580905655109e-05
1.607000000000000028e+01,-1.655200066708051310e-05
1.607199999999999918e+01,-2.150926336179706522e-05
1.607400000000000162e+01,5.939657826791247541e-05
1.607600000000000051e+01,-5.282060592708484603e-05
1.607799999999999940e+01,3.150041316515167500e-05
1.608000000000000185e+01,-1.655645315361969905e-05
1.608200000000000074e+01,-2.151837140299678319e-05
1.608399999999999963e+01,5.939988806989010550e-05
1.608600000000000207e+01,-5.282376636659910640e-05
1.608800000000000097e+01,3.149975809725244491e-05
1.608999999999999986e+01,-1.655676393620339470e-05
1.609199999999999875e+01,-2.151900693600494741e-05
1.609400000000000119e+01,5.940011897235392135e-05
1.609600000000000009e+01,-5.282398679849406586e-05
1.609799999999999898e+01,3.149971212944996379e-05
1.610000000000000142e+01,-1.655678558706158432e-05
1.610200000000000031e+01,-2.180029093475435720e-05
1.610399999999999920e+01,5.825858768981548308e-05
1.610600000000000165e+01,-5.173834416189945773e-05
1.610800000000000054e+01,3.163729202587672873e-05
1.610999999999999943e+01,-1.651055584154029199e-05
1.611200000000000188e+01,-2.166751641552444596e-05
1.611400000000000077e+01,5.821325222407636168e-05
1.611599999999999966e+01,-5.169845677537726614e-05
1.611800000000000210e+01,3.164715283556981951e-05
1.612000000000000099e+01,-1.650559904510170983e-05
1.612199999999999989e+01,-2.137847363034225956e-05
1.612399999999999878e+01,5.934936305044408167e-05
1.612600000000000122e+01,-5.277552626711118355e-05
1.612800000000000011e+01,3.150973878080984281e-05
1.612999999999999901e+01,-1.655202667812105677e-05
1.613200000000000145e+01,-2.178754463582135981e-05
1.613400000000000034e+01,5.826805759755193659e-05
1.613599999999999923e+01,-5.174463953273172878e-05
1.613800000000000168e+01,3.163554442457000571e-05
1.614000000000000057e+01,-1.651141237145326013e-05
1.614199999999999946e+01,-2.138963671230800778e-05
1.614400000000000190e+01,5.935342703275101051e-05
1.614600000000000080e+01,-5.277940696243876850e-05
1.614799999999999969e+01,3.150893389588377280e-05
1.614999999999999858e+01,-1.655240841605745694e-05
1.615200000000000102e+01,-2.151009684265084432e-05
1.615399999999999991e+01,5.939688071862278540e-05
1.615599999999999881e+01,-5.282089444797952171e-05
1.615800000000000125e+01,3.150035117522112516e-05
1.616000000000000014e+01,-1.655648117180469336e-05
1.616199999999999903e+01,-2.179965995373345233e-05
1.616400000000000148e+01,5.836033687893482647e-05
1.616600000000000037e+01,-5.187675111351791601e-05
1.616799999999999926e+01,3.165007126084556921e-05
1.617000000000000171e+01,-1.650093565183988198e-05
1.617200000000000060e+01,-2.137578396115696888e-05
1.617399999999999949e+01,5.934832122690691936e-05
1.617600000000000193e+01,-5.277453011083219070e-05
1.617800000000000082e+01,3.150994639154747201e-05
1.617999999999999972e+01,-1.655192700943455830e-05
1.618199999999999861e+01,-2.179022112663506205e-05
1.618400000000000105e+01,5.825512445003719342e-05
1.618599999999999994e+01,-5.173529692272318958e-05
1.618799999999999883e+01,3.163804437065348418e-05
1.619000000000000128e+01,-1.651017611696906084e-05
1.619200000000000017e+01,-2.166677650834725188e-05
1.619399999999999906e+01,5.821299653401695862e-05
1.619600000000000151e+01,-5.169823198512141227e-05
1.619800000000000040e+01,3.164720649790828122e-05
1.619999999999999929e+01,-1.650557056185469884e-05
1.620200000000000173e+01,-2.165780410863168970e-05
1.620400000000000063e+01,5.820990592780503348e-05
1.620599999999999952e+01,-5.169551236763186841e-05
1.620800000000000196e+01,3.164787970416985119e-05
1.621000000000000085e+01,-1.650523192590208632e-05
1.621199999999999974e+01,-2.165714451164008070e-05
1.621399999999999864e+01,5.820967863549506016e-05
1.621600000000000108e+01,-5.169531236149174647e-05
1.621799999999999997e+01,3.164792895662266181e-05
1.621999999999999886e+01,-1.650520696919524632e-05
1.622200000000000131e+01,-2.137771960896567291e-05
1.622400000000000020e+01,5.934908802614213830e-05
1.622599999999999909e+01,-5.277526327853235277e-05
1.622800000000000153e+01,3.150979050210722665e-05
1.623000000000000043e+01,-1.655200035082307619e-05
1.623199999999999932e+01,-2.150926210836220931e-05
1.623400000000000176e+01,5.939657694135555555e-05
1.623600000000000065e+01,-5.282060408113437022e-05
1.623799999999999955e+01,3.150040910851817366e-05
1.624000000000000199e+01,-1.655645225585519742e-05
1.624200000000000088e+01,-2.179959971071801506e-05
1.624399999999999977e+01,5.836031537996902441e-05
1.624599999999999866e+01,-5.187673239239604106e-05
1.624800000000000111e+01,3.165007387439383590e-05
1.625000000000000000e+01,-1.650093281276368562e-05
1.625199999999999889e+01,-2.165226400928713102e-05
1.625400000000000134e+01,6.001465213081522143e-05
1.625600000000000023e+01,-5.750927533365590705e-05
1.625799999999999912e+01,3.306393660536602330e-05
1.626000000000000156e+01,-1.556823752756758550e-05
1.626200000000000045e+01,-1.996844996055360810e-05
1.626399999999999935e+01,5.883250773235440545e-05
1.626600000000000179e+01,-5.228191222658024051e-05
1.626800000000000068e+01,3.161219036302773122e-05
1.626999999999999957e+01,-1.650337586302230708e-05
1.627200000000000202e+01,-2.168965654142027133e-05
1.627400000000000091e+01,5.822054473123700058e-05
1.627599999999999980e+01,-5.170486891436718024e-05
1.627799999999999869e+01,3.164557437102671900e-05
1.628000000000000114e+01,-1.650638886388500204e-05
1.628200000000000003e+01,-2.137999301056459078e-05
1.628399999999999892e+01,5.934991523510319000e-05
1.628600000000000136e+01,-5.277605297284576613e-05
1.628800000000000026e+01,3.150962514060842712e-05
1.628999999999999915e+01,-1.655207777518166723e-05
1.629200000000000159e+01,-2.150942020158475021e-05
1.629400000000000048e+01,5.939663405489167824e-05
1.629599999999999937e+01,-5.282065840763253139e-05
1.629800000000000182e+01,3.150039617694916361e-05
1.630000000000000071e+01,-1.655645732706254036e-05
1.630199999999999960e+01,-2.179960997255800392e-05
1.630400000000000205e+01,5.836031828448592917e-05
1.630600000000000094e+01,-5.187673511983237340e-05
1.630799999999999983e+01,3.165007168803163351e-05
1.630999999999999872e+01,-1.650093277187625329e-05
1.631200000000000117e+01,-2.137577794018505339e-05
1.631400000000000006e+01,5.934831825454844889e-05
1.631599999999999895e+01,-5.277452676236832341e-05
1.631800000000000139e+01,3.150994318220495805e-05
1.632000000000000028e+01,-1.655192605568359121e-05
1.632199999999999918e+01,-2.150911036078936855e-05
1.632400000000000162e+01,5.939652128236425077e-05
1.632600000000000051e+01,-5.282055060339477248e-05
1.632799999999999940e+01,3.150041766463926307e-05
1.633000000000000185e+01,-1.655644658691765581e-05
1.633200000000000074e+01,-2.151835704447893627e-05
1.633399999999999963e+01,5.939988147262223461e-05
1.633600000000000207e+01,-5.282375915428502711e-05
1.633800000000000097e+01,3.149975262154922073e-05
1.633999999999999986e+01,-1.655676209068659976e-05
1.634199999999999875e+01,-2.151900226033884311e-05
1.634400000000000119e+01,5.940011589853841367e-05
1.634600000000000009e+01,-5.282398298633514400e-05
1.634799999999999898e+01,3.149970596313944604e-05
1.635000000000000142e+01,-1.655678406413396697e-05
1.635200000000000031e+01,-2.179740273513045001e-05
1.635399999999999920e+01,5.827144817436430424e-05
1.635600000000000165e+01,-5.174762359398676903e-05
1.635800000000000054e+01,3.163480012507990935e-05
1.635999999999999943e+01,-1.651178239040276829e-05
1.636200000000000188e+01,-2.139034724127353293e-05
1.636400000000000077e+01,5.935368446705405199e-05
1.636599999999999966e+01,-5.277965198539555369e-05
1.636800000000000210e+01,3.150887698480028809e-05
1.637000000000000099e+01,-1.655243153035959591e-05
1.637199999999999989e+01,-2.178838239165481472e-05
1.637399999999999878e+01,5.826834346344539339e-05
1.637600000000000122e+01,-5.174489169022106205e-05
1.637800000000000011e+01,3.163547595001064971e-05
1.637999999999999901e+01,-1.651144224274619932e-05
1.638200000000000145e+01,-2.138969332149062708e-05
1.638400000000000034e+01,5.945470355839949095e-05
1.638599999999999923e+01,-5.291758946911889749e-05
1.638800000000000168e+01,3.152175668971399225e-05
1.639000000000000057e+01,-1.654275854672329626e-05
1.639199999999999946e+01,-2.177877719660922806e-05
1.639400000000000190e+01,5.825111786686779092e-05
1.639600000000000080e+01,-5.173177076817775388e-05
1.639799999999999969e+01,3.163891476589200669e-05
1.639999999999999858e+01,-1.650973442925141033e-05
1.640200000000000102e+01,-2.166305072557467293e-05
1.640399999999999991e+01,5.822552516653728416e-05
1.640599999999999881e+01,-5.170721960024576846e-05
1.640800000000000125e+01,3.164478885459703905e-05
1.641000000000000014e+01,-1.650676046600560443e-05
1.641199999999999903e+01,-2.166010732378154113e-05
1.641400000000000148e+01,5.821069759290656287e-05
1.641600000000000037e+01,-5.169620955619569358e-05
1.641799999999999926e+01,3.164770174427997129e-05
1.642000000000000171e+01,-1.650531741310620748e-05
1.642200000000000060e+01,-2.165444643615482834e-05
1.642399999999999949e+01,5.822255842528531455e-05
1.642600000000000193e+01,-5.170460901826254285e-05
1.642800000000000082e+01,3.164543486174412057e-05
1.642999999999999972e+01,-1.650643530571802020e-05
1.643199999999999861e+01,-2.165947395275577558e-05
1.643400000000000105e+01,5.821047922230024319e-05
1.643599999999999994e+01,-5.169601746035298873e-05
1.643799999999999883e+01,3.164774881115467453e-05
1.644000000000000128e+01,-1.650529335484041127e-05
1.644200000000000017e+01,-2.165726332170603285e-05
1.644399999999999906e+01,5.820971718345502310e-05
1.644600000000000151e+01,-5.169534690552604617e-05
1.644800000000000040e+01,3.164791462910779285e-05
1.644999999999999929e+01,-1.650520982424477645e-05
1.645200000000000173e+01,-2.165423678148273301e-05
1.645400000000000063e+01,5.822248583570166502e-05
1.645599999999999952e+01,-5.170454523021478233e-05
1.645800000000000196e+01,3.164544991443932198e-05
1.646000000000000085e+01,-1.650642717006614579e-05
1.646199999999999974e+01,-2.138005092479008939e-05
1.646399999999999864e+01,5.934993583791084437e-05
1.646600000000000108e+01,-5.277607201829848105e-05
1.646799999999999997e+01,3.150961619065306696e-05
1.646999999999999886e+01,-1.655207885554663139e-05
1.647200000000000131e+01,-2.179053402185521238e-05
1.647400000000000020e+01,5.825522906967653403e-05
1.647599999999999909e+01,-5.173538971911528783e-05
1.647800000000000153e+01,3.163801408392549752e-05
1.648000000000000043e+01,-1.651018585840588471e-05
1.648199999999999932e+01,-2.138729138896622306e-05
1.648400000000000176e+01,5.945382893203163266e-05
1.648600000000000065e+01,-5.291675365338630033e-05
1.648799999999999955e+01,3.152192714779566973e-05
1.649000000000000199e+01,-1.654267585561933207e-05
1.649200000000000088e+01,-2.177860546571583344e-05
1.649399999999999977e+01,5.825105777747599523e-05
1.649599999999999866e+01,-5.173171815485086422e-05
1.649800000000000111e+01,3.163892526340458811e-05
1.650000000000000000e+01,-1.650972724206306586e-05
1.650199999999999889e+01,-2.166590138196269888e-05
1.650400000000000134e+01,5.821269191078407013e-05
1.650600000000000023e+01,-5.169796473174226303e-05
1.650799999999999912e+01,3.164726488746882893e-05
1.651000000000000156e+01,-1.650553535283150186e-05
1.651200000000000045e+01,-2.165773434488135751e-05
1.651399999999999935e+01,5.820987871256108614e-05
1.651600000000000179e+01,-5.169548921683461695e-05
1.651800000000000068e+01,3.164787762205065191e-05
1.651999999999999957e+01,-1.650522710291979500e-05
1.652200000000000202e+01,-2.165713392989626618e-05
1.652400000000000091e+01,5.820967179191727237e-05
1.652599999999999980e+01,-5.169530716219589150e-05
1.652799999999999869e+01,3.164792245397701764e-05
1.653000000000000114e+01,-1.650520437475322399e-05
1.653200000000000003e+01,-2.165422587308007962e-05
1.653399999999999892e+01,5.822248125808907049e-05
1.653600000000000136e+01,-5.170454139728775100e-05
1.653800000000000026e+01,3.164544883547601439e-05
1.653999999999999915e+01,-1.650642619544298584e-05
1.654200000000000159e+01,-2.165945578968403451e-05
1.654400000000000048e+01,5.821047183428296190e-05
1.654599999999999937e+01,-5.169601123439573898e-05
1.654800000000000182e+01,3.164774758714419822e-05
1.655000000000000071e+01,-1.650529191531829865e-05
1.655199999999999960e+01,-2.137788173525723145e-05
1.655400000000000205e+01,5.934914521511444607e-05
1.655600000000000094e+01,-5.277531670021956556e-05
1.655799999999999983e+01,3.150977025816181776e-05
1.655999999999999872e+01,-1.655200413186799779e-05
1.656200000000000117e+01,-2.179037883202200598e-05
1.656400000000000006e+01,5.835714414278644901e-05
1.656599999999999895e+01,-5.187394216622787102e-05
1.656800000000000139e+01,3.165075665236688485e-05
1.657000000000000028e+01,-1.650058351955127622e-05
1.657199999999999918e+01,-2.165444592863025042e-05
1.657400000000000162e+01,5.820868335150095052e-05
1.657600000000000051e+01,-5.169443648979712980e-05
1.657799999999999940e+01,3.164813930009793830e-05
1.658000000000000185e+01,-1.650509427957372321e-05
1.658200000000000074e+01,-2.137750205583391350e-05
1.658399999999999963e+01,5.934900683238555907e-05
1.658600000000000207e+01,-5.277518444865916813e-05
1.658800000000000097e+01,3.150979682058421827e-05
1.658999999999999986e+01,-1.655199096818604776e-05
1.659199999999999875e+01,-2.150924159119438350e-05
1.659400000000000119e+01,5.939656748105495709e-05
1.659600000000000009e+01,-5.282059374904501947e-05
1.659799999999999898e+01,3.150040121816313765e-05
1.660000000000000142e+01,-1.655644961747262944e-05
1.660200000000000031e+01,-2.179670882538481402e-05
1.660399999999999920e+01,5.827120678764119432e-05
1.660600000000000165e+01,-5.174741182513431514e-05
1.660800000000000054e+01,3.163484627043827713e-05
1.660999999999999943e+01,-1.651175446791552925e-05
1.661200000000000188e+01,-2.139029270405851113e-05
1.661400000000000077e+01,5.935366322210033907e-05
1.661599999999999966e+01,-5.277963079577258076e-05
1.661800000000000210e+01,3.150887442351230083e-05
1.662000000000000099e+01,-1.655242833691061843e-05
1.662199999999999989e+01,-2.151013579786142937e-05
1.662399999999999878e+01,5.939689227878880429e-05
1.662600000000000122e+01,-5.282090378696743804e-05
1.662800000000000011e+01,3.150033615807734666e-05
1.662999999999999901e+01,-1.655647997434936403e-05
1.663200000000000145e+01,-2.179677160533619040e-05
1.663400000000000034e+01,5.827122808792911668e-05
1.663599999999999923e+01,-5.174743065549172738e-05
1.663800000000000168e+01,3.163484085098519638e-05
1.664000000000000057e+01,-1.651175661713383258e-05
1.664199999999999946e+01,-2.166697389672372909e-05
1.664400000000000190e+01,5.822687582035523945e-05
1.664600000000000080e+01,-5.170840875434387640e-05
1.664799999999999969e+01,3.164448830614979835e-05
1.664999999999999858e+01,-1.650690701966370244e-05
1.665200000000000102e+01,-2.166039188528784409e-05
1.665399999999999991e+01,5.821079314511853897e-05
1.665599999999999881e+01,-5.169629427691224688e-05
1.665800000000000125e+01,3.164767473478463655e-05
1.666000000000000014e+01,-1.650532644940222449e-05
1.666199999999999903e+01,-2.137794775088769361e-05
1.666400000000000148e+01,5.934916863037723034e-05
1.666600000000000037e+01,-5.277533866726580314e-05
1.666799999999999926e+01,3.150976262976043496e-05
1.667000000000000171e+01,-1.655200579199489486e-05
1.667200000000000060e+01,-2.150927157096998998e-05
1.667399999999999949e+01,5.939657794188507589e-05
1.667600000000000193e+01,-5.282060345097178145e-05
1.667800000000000082e+01,3.150039698313414349e-05
1.667999999999999972e+01,-1.655645021798879402e-05
1.668199999999999861e+01,-2.179959369306982975e-05
1.668400000000000105e+01,5.836030881626805278e-05
1.668599999999999994e+01,-5.187672779553495483e-05
1.668799999999999883e+01,3.165006398499897733e-05
1.669000000000000128e+01,-1.650092946046607945e-05
1.669200000000000017e+01,-2.165511930033933718e-05
1.669399999999999906e+01,5.820891406622258346e-05
1.669600000000000151e+01,-5.169463982361913179e-05
1.669800000000000040e+01,3.164808595431875538e-05
1.669999999999999929e+01,-1.650511883206223773e-05
1.670200000000000173e+01,-2.137754887206883003e-05
1.670400000000000063e+01,5.934902322123070117e-05
1.670599999999999952e+01,-5.277519966713842270e-05
1.670800000000000196e+01,3.150979033406803298e-05
1.671000000000000085e+01,-1.655199191948758530e-05
1.671199999999999974e+01,-2.150924310582308374e-05
1.671399999999999864e+01,5.939656735934675802e-05
1.671600000000000108e+01,-5.282059321144033648e-05
1.671799999999999997e+01,3.150039800393217293e-05
1.671999999999999886e+01,-1.655644902371841698e-05
1.672200000000000131e+01,-2.151836056353204074e-05
1.672400000000000020e+01,5.939988061066242553e-05
1.672599999999999909e+01,-5.282375692582108595e-05
1.672800000000000153e+01,3.149974222984089356e-05
1.673000000000000043e+01,-1.655676011097506617e-05
1.673199999999999932e+01,-2.180023569400141303e-05
1.673400000000000176e+01,5.836052887451398385e-05
1.673600000000000065e+01,-5.187692159856413521e-05
1.673799999999999955e+01,3.165001474424861128e-05
1.674000000000000199e+01,-1.650095326876169222e-05
1.674200000000000088e+01,-2.165230202327145248e-05
1.674399999999999977e+01,5.822175374585111807e-05
1.674599999999999866e+01,-5.170390074823658089e-05
1.674800000000000111e+01,3.164560473074146119e-05
1.675000000000000000e+01,-1.650634373190698612e-05
1.675199999999999889e+01,-2.165929470466718132e-05
1.675400000000000134e+01,5.821041419647524084e-05
1.675600000000000023e+01,-5.169596104996967978e-05
1.675799999999999912e+01,3.164775474388120680e-05
1.676000000000000156e+01,-1.650528434780917930e-05
1.676200000000000045e+01,-2.165438076916215149e-05
1.676399999999999935e+01,5.822253231419285968e-05
1.676600000000000179e+01,-5.170458690676241198e-05
1.676800000000000068e+01,3.164543179882267632e-05
1.676999999999999957e+01,-1.650643042616292688e-05
1.677200000000000202e+01,-2.165946316936770422e-05
1.677400000000000091e+01,5.821047202156370837e-05
1.677599999999999980e+01,-5.169601199255316470e-05
1.677799999999999869e+01,3.164774162495859189e-05
1.678000000000000114e+01,-1.650529058545499583e-05
1.678200000000000003e+01,-2.165725654567143832e-05
1.678399999999999892e+01,5.820971134453192808e-05
1.678600000000000136e+01,-5.169534263850875111e-05
1.678800000000000026e+01,3.164790713735057825e-05
1.678999999999999915e+01,-1.650520716385897591e-05
1.679200000000000159e+01,-2.165423033069838188e-05
1.679400000000000048e+01,5.822248013047717774e-05
1.679599999999999937e+01,-5.170454107237751340e-05
1.679800000000000182e+01,3.164544238517391639e-05
1.680000000000000071e+01,-1.650642452559816786e-05
1.680199999999999960e+01,-2.165945156476500877e-05
1.680400000000000205e+01,5.831247294471250675e-05
1.680600000000000094e+01,-5.183463195494383835e-05
1.680799999999999983e+01,3.166047044169534308e-05
1.680999999999999872e+01,-1.649569641621467797e-05
1.681200000000000117e+01,-2.136570867735526624e-05
1.681400000000000006e+01,5.934465008610237402e-05
1.681599999999999895e+01,-5.277102217563292563e-05
1.681800000000000139e+01,3.151065563943705738e-05
1.682000000000000028e+01,-1.655157898164394403e-05
1.682199999999999918e+01,-2.150839879434471302e-05
1.682400000000000162e+01,5.939625993735611620e-05
1.682600000000000051e+01,-5.282029923311948316e-05
1.682799999999999940e+01,3.150045583083863066e-05
1.683000000000000185e+01,-1.655641962060999672e-05
1.683200000000000074e+01,-2.151830002279295218e-05
1.683399999999999963e+01,5.950107448900870954e-05
1.683600000000000207e+01,-5.296187387478917818e-05
1.683800000000000097e+01,3.151258215903715576e-05
1.683999999999999986e+01,-1.654710406113341081e-05
1.684199999999999875e+01,-2.150670793418796301e-05
1.684400000000000119e+01,5.939557534869605027e-05
1.684600000000000009e+01,-5.281964421106205565e-05
1.684799999999999898e+01,3.150059385495160291e-05
1.685000000000000142e+01,-1.655635350395964767e-05
1.685200000000000031e+01,-2.179939323384075256e-05
1.685399999999999920e+01,5.825827130258656728e-05
1.685600000000000165e+01,-5.173806772426972622e-05
1.685800000000000054e+01,3.163734162284909113e-05
1.685999999999999943e+01,-1.651051672660330816e-05
1.686200000000000188e+01,-2.138792613846224322e-05
1.686400000000000077e+01,5.935279987806518776e-05
1.686599999999999966e+01,-5.277880545871693752e-05
1.686800000000000210e+01,3.150903854190478803e-05
1.687000000000000099e+01,-1.655234598671451174e-05
1.687199999999999989e+01,-2.179108590923128919e-05
1.687399999999999878e+01,5.825541472911921481e-05
1.687600000000000122e+01,-5.173555412471900206e-05
1.687800000000000011e+01,3.163796334157420453e-05
1.687999999999999901e+01,-1.651020380978238111e-05
1.688200000000000145e+01,-2.138732451290384362e-05
1.688400000000000034e+01,5.935258074996063726e-05
1.688599999999999923e+01,-5.277859614669436206e-05
1.688800000000000168e+01,3.150908136787325398e-05
1.689000000000000057e+01,-1.655232530133401991e-05
1.689199999999999946e+01,-2.179104296818126785e-05
1.689400000000000190e+01,5.825539975140223148e-05
1.689600000000000080e+01,-5.173554100641047926e-05
1.689799999999999969e+01,3.163796607826008245e-05
1.689999999999999858e+01,-1.651020203676314968e-05
1.690200000000000102e+01,-2.138732106109209052e-05
1.690399999999999991e+01,5.935257937567453568e-05
1.690599999999999881e+01,-5.277859476037274900e-05
1.690800000000000125e+01,3.150908109431430071e-05
1.691000000000000014e+01,-1.655232508828222149e-05
1.691199999999999903e+01,-2.150992357526082532e-05
1.691400000000000148e+01,5.939681354462031382e-05
1.691600000000000037e+01,-5.282082756293340897e-05
1.691799999999999926e+01,3.150034388772413041e-05
1.692000000000000171e+01,-1.655647117420125380e-05
1.692200000000000060e+01,-2.151840512104943870e-05
1.692399999999999949e+01,5.950111216241130152e-05
1.692600000000000193e+01,-5.296190955379753706e-05
1.692800000000000082e+01,3.151257228256598708e-05
1.692999999999999972e+01,-1.654710718167196060e-05
1.693199999999999861e+01,-2.150671391175709712e-05
1.693400000000000105e+01,5.939557703162415270e-05
1.693599999999999994e+01,-5.281964549174594792e-05
1.693799999999999883e+01,3.150059108827929499e-05
1.694000000000000128e+01,-1.655635323996249020e-05
1.694200000000000017e+01,-2.151816441868861784e-05
1.694399999999999906e+01,5.939980812439890623e-05
1.694600000000000151e+01,-5.282368691384917159e-05
1.694800000000000040e+01,3.149975063855212087e-05
1.694999999999999929e+01,-1.655675226838390635e-05
1.695200000000000173e+01,-2.151897982238804019e-05
1.695400000000000063e+01,5.940010438042209184e-05
1.695599999999999952e+01,-5.282396977909428748e-05
1.695800000000000196e+01,3.149969175811340172e-05
1.696000000000000085e+01,-1.655678002235316804e-05
1.696199999999999974e+01,-2.180027600005504662e-05
1.696399999999999864e+01,5.825857372244308552e-05
1.696600000000000108e+01,-5.173833411614009448e-05
1.696799999999999997e+01,3.163727293523446726e-05
1.696999999999999886e+01,-1.651054920248987146e-05
1.697200000000000131e+01,-2.138798816794795776e-05
1.697400000000000020e+01,5.945407967794177906e-05
1.697599999999999909e+01,-5.291699142783226617e-05
1.697800000000000153e+01,3.152186427135203473e-05
1.698000000000000043e+01,-1.654269702672933606e-05
1.698199999999999932e+01,-2.149769187704403395e-05
1.698400000000000176e+01,5.939229814660648699e-05
1.698600000000000065e+01,-5.281651436309792169e-05
1.698799999999999955e+01,3.150123843877541963e-05
1.699000000000000199e+01,-1.655604505135591098e-05
1.699200000000000088e+01,-2.151753404030717909e-05
1.699399999999999977e+01,5.939957874537965532e-05
1.699599999999999866e+01,-5.282346771086007808e-05
1.699800000000000111e+01,3.149979466765193137e-05
1.700000000000000000e+01,-1.655673047155567512e-05
1.700199999999999889e+01,-2.151893509821575790e-05
1.700400000000000134e+01,5.940008784773367911e-05
1.700600000000000023e+01,-5.282395381392759881e-05
1.700799999999999912e+01,3.149969367960414601e-05
1.701000000000000156e+01,-1.655677823236140211e-05
1.701200000000000045e+01,-2.180027207806384260e-05
1.701399999999999935e+01,5.836053853496697696e-05
1.701600000000000179e+01,-5.187693083947772510e-05
1.701800000000000068e+01,3.165000546295412831e-05
1.701999999999999957e+01,-1.650095264875417467e-05
1.702200000000000202e+01,-2.137581375795741256e-05
1.702400000000000091e+01,5.944958913245770860e-05
1.702599999999999980e+01,-5.291270081406174164e-05
1.702799999999999869e+01,3.152275471741267099e-05
1.703000000000000114e+01,-1.654227326660859254e-05
1.703200000000000003e+01,-2.177776963716709924e-05
1.703399999999999892e+01,5.825076484990837633e-05
1.703600000000000136e+01,-5.173146178721887978e-05
1.703800000000000026e+01,3.163897519410652226e-05
1.703999999999999915e+01,-1.650969195604243267e-05
1.704200000000000159e+01,-2.138634041112114081e-05
1.704400000000000048e+01,5.935222164090564467e-05
1.704599999999999937e+01,-5.277825264851307430e-05
1.704800000000000182e+01,3.150914813331365250e-05
1.705000000000000071e+01,-1.655229077912254154e-05
1.705199999999999960e+01,-2.178808809047416695e-05
1.705400000000000205e+01,5.826823525376806368e-05
1.705600000000000094e+01,-5.174479822592920053e-05
1.705799999999999983e+01,3.163548204433014321e-05
1.705999999999999872e+01,-1.651142633828442396e-05
1.706200000000000117e+01,-2.166919463797434275e-05
1.706400000000000006e+01,5.821382104750222330e-05
1.706599999999999895e+01,-5.169895978327995745e-05
1.706800000000000139e+01,3.164700441495027494e-05
1.707000000000000028e+01,-1.650565573214565762e-05
1.707199999999999918e+01,-2.137857928831421450e-05
1.707400000000000162e+01,5.934939626963189885e-05
1.707600000000000051e+01,-5.277555456286928126e-05
1.707799999999999940e+01,3.150970650684509211e-05
1.708000000000000185e+01,-1.655202518721643479e-05
1.708200000000000074e+01,-2.179042039521933427e-05
1.708399999999999963e+01,5.825518374968224888e-05
1.708600000000000207e+01,-5.173535142083407479e-05
1.708800000000000097e+01,3.163800827393412063e-05
1.708999999999999986e+01,-1.651017727137202296e-05
1.709199999999999875e+01,-2.166677534604782851e-05
1.709400000000000119e+01,5.821298691357015831e-05
1.709600000000000009e+01,-5.169822584466868265e-05
1.709799999999999898e+01,3.164718542517791500e-05
1.710000000000000142e+01,-1.650556416445125851e-05
1.710200000000000031e+01,-2.165778825465730639e-05
1.710399999999999920e+01,5.831189694172761451e-05
1.710600000000000165e+01,-5.183412577583479397e-05
1.710800000000000054e+01,3.166058833489054924e-05
1.710999999999999943e+01,-1.649563148986218919e-05
1.711200000000000188e+01,-2.164479685185655145e-05
1.711400000000000077e+01,5.820535420671818505e-05
1.711599999999999966e+01,-5.169150833327085248e-05
1.711800000000000210e+01,3.164885083584839665e-05
1.712000000000000099e+01,-1.650472636886488043e-05
1.712199999999999989e+01,-2.165615671381390661e-05
1.712399999999999878e+01,5.820932903601375163e-05
1.712600000000000122e+01,-5.169500709816324258e-05
1.712800000000000011e+01,3.164798170399857336e-05
1.712999999999999901e+01,-1.650516325536408035e-05
1.713200000000000145e+01,-2.165700730277775321e-05
1.713400000000000034e+01,5.820962192108411482e-05
1.713599999999999923e+01,-5.169526485170050645e-05
1.713800000000000168e+01,3.164791763655624979e-05
1.714000000000000057e+01,-1.650519529431543342e-05
1.714199999999999946e+01,-2.137769396374361586e-05
1.714400000000000190e+01,5.934907360546221033e-05
1.714600000000000080e+01,-5.277524618125042921e-05
1.714799999999999969e+01,3.150976846424263789e-05
1.715000000000000213e+01,-1.655199453847941427e-05
1.715200000000000102e+01,-2.150924677384383199e-05
1.715399999999999991e+01,5.939656629211712002e-05
1.715599999999999881e+01,-5.282059058959662212e-05
1.715800000000000125e+01,3.150038633030483037e-05
1.716000000000000014e+01,-1.655644678831211247e-05
1.716199999999999903e+01,-2.151835438031143855e-05
1.716400000000000148e+01,5.939987592724210730e-05
1.716600000000000037e+01,-5.282375085698121087e-05
1.716799999999999926e+01,3.149973127307414966e-05
1.717000000000000171e+01,-1.655675754529475907e-05
1.717200000000000060e+01,-2.151898987156133924e-05
1.717399999999999949e+01,5.940010681611956889e-05
1.717600000000000193e+01,-5.282397130416602304e-05
1.717800000000000082e+01,3.149968532328850657e-05
1.717999999999999972e+01,-1.655677918639339441e-05
1.718199999999999861e+01,-2.151903406548416609e-05
1.718400000000000105e+01,5.940012280848672166e-05
1.718599999999999994e+01,-5.282398655040085322e-05
1.718799999999999883e+01,3.149968188788723755e-05
1.719000000000000128e+01,-1.655678063746529594e-05
1.719200000000000017e+01,-2.151903699701071537e-05
1.719399999999999906e+01,5.940012384075821217e-05
1.719600000000000151e+01,-5.282398748869196470e-05
1.719800000000000040e+01,3.149968142535791715e-05
1.719999999999999929e+01,-1.655678069803837027e-05
1.720200000000000173e+01,-2.151903705947810774e-05
1.720400000000000063e+01,5.940012379426068412e-05
1.720599999999999952e+01,-5.282398740253865799e-05
1.720800000000000196e+01,3.149968116094095660e-05
1.721000000000000085e+01,-1.655678064401561178e-05
1.721199999999999974e+01,-2.180027626792757633e-05
1.721399999999999864e+01,5.825857125050723506e-05
1.721600000000000108e+01,-5.173833257054658019e-05
1.721799999999999997e+01,3.163726703919039762e-05
1.721999999999999886e+01,-1.651054744005939212e-05
1.722200000000000131e+01,-2.138798394532223646e-05
1.722400000000000020e+01,5.935281892925983738e-05
1.722599999999999909e+01,-5.277882236428763085e-05
1.722800000000000153e+01,3.150902505070704573e-05
1.723000000000000043e+01,-1.655234603635535873e-05
1.723199999999999932e+01,-2.179108455129322164e-05
1.723400000000000176e+01,5.825541055474309227e-05
1.723600000000000065e+01,-5.173555139270299974e-05
1.723799999999999955e+01,3.163795500102026259e-05
1.724000000000000199e+01,-1.651020120287116644e-05
1.724200000000000088e+01,-2.166395628824119290e-05
1.724399999999999977e+01,5.822582880764953783e-05
1.724599999999999866e+01,-5.170748896596646937e-05
1.724800000000000111e+01,3.164470106712877207e-05
1.725000000000000000e+01,-1.650678873703001481e-05
1.725199999999999889e+01,-2.138074318816171604e-05
1.725400000000000134e+01,5.935018347419385165e-05
1.725600000000000023e+01,-5.277630562790930346e-05
1.725799999999999912e+01,3.150954582085280231e-05
1.726000000000000156e+01,-1.655209829161397028e-05
1.726200000000000045e+01,-2.179057112925916750e-05
1.726399999999999935e+01,5.825523371694174557e-05
1.726600000000000179e+01,-5.173539586264541690e-05
1.726800000000000068e+01,3.163799275217663021e-05
1.726999999999999957e+01,-1.651018166526699305e-05
1.727200000000000202e+01,-2.166678324656487464e-05
1.727400000000000091e+01,5.821298776994762725e-05
1.727599999999999980e+01,-5.169822707342189294e-05
1.727799999999999869e+01,3.164718060985963199e-05
1.728000000000000114e+01,-1.650556316789425493e-05
1.728200000000000003e+01,-2.137840068465804433e-05
1.728399999999999892e+01,5.934933010292089972e-05
1.728600000000000136e+01,-5.277549062039296746e-05
1.728800000000000026e+01,3.150971394392035330e-05
1.728999999999999915e+01,-1.655201796546199033e-05
1.729200000000000159e+01,-2.179040456640884971e-05
1.729400000000000048e+01,5.825517614660435939e-05
1.729599999999999937e+01,-5.173534528522816256e-05
1.729800000000000182e+01,3.163800452660875395e-05
1.730000000000000071e+01,-1.651017517362643461e-05
1.730199999999999960e+01,-2.138726805905877271e-05
1.730400000000000205e+01,5.935255789165858054e-05
1.730600000000000094e+01,-5.277857281054537664e-05
1.730799999999999983e+01,3.150907456102650106e-05
1.730999999999999872e+01,-1.655232112134433220e-05
1.731200000000000117e+01,-2.150991401306256989e-05
1.731400000000000006e+01,5.949802706742279845e-05
1.731599999999999895e+01,-5.295896139141317849e-05
1.731800000000000139e+01,3.151317230086839172e-05
1.732000000000000028e+01,-1.654681550004866164e-05
1.732199999999999918e+01,-2.178718285047315240e-05
1.732400000000000162e+01,5.825399852770959952e-05
1.732600000000000051e+01,-5.173430799526937407e-05
1.732799999999999940e+01,3.163826335748562424e-05
1.733000000000000185e+01,-1.651004434166311596e-05
1.733200000000000074e+01,-2.138701680777510550e-05
1.733399999999999963e+01,5.935246625879062043e-05
1.733600000000000207e+01,-5.277848519001648864e-05
1.733800000000000097e+01,3.150909188300021757e-05
1.733999999999999986e+01,-1.655231237131238320e-05
1.734199999999999875e+01,-2.150989600060992935e-05
1.734400000000000119e+01,5.939680117612172738e-05
1.734600000000000009e+01,-5.282081419642759013e-05
1.734799999999999898e+01,3.150033473387631178e-05
1.735000000000000142e+01,-1.655646793149653795e-05
1.735200000000000031e+01,-2.179962773318430691e-05
1.735399999999999920e+01,5.836031369045244221e-05
1.735600000000000165e+01,-5.187673386231050898e-05
1.735800000000000054e+01,3.165004571378110532e-05
1.735999999999999943e+01,-1.650092600008479238e-05
1.736200000000000188e+01,-2.137576132291499342e-05
1.736400000000000077e+01,5.934830641931426731e-05
1.736599999999999966e+01,-5.277451167079796890e-05
1.736800000000000210e+01,3.150991713945713868e-05
1.737000000000000099e+01,-1.655191985302714719e-05
1.737199999999999989e+01,-2.179020150201715911e-05
1.737399999999999878e+01,5.825510550185389325e-05
1.737600000000000122e+01,-5.173528332950635966e-05
1.737800000000000011e+01,3.163801785791356402e-05
1.737999999999999901e+01,-1.651016696715620902e-05
1.738200000000000145e+01,-2.166675421285887970e-05
1.738400000000000034e+01,5.821297665838109925e-05
1.738599999999999923e+01,-5.169821757350367974e-05
1.738800000000000168e+01,3.164718019944487426e-05
1.739000000000000057e+01,-1.650556131175748287e-05
1.739199999999999946e+01,-2.165778162784362526e-05
1.739400000000000190e+01,5.831189170846240444e-05
1.739600000000000080e+01,-5.183412192641748129e-05
1.739799999999999969e+01,3.166058202334898208e-05
1.740000000000000213e+01,-1.649562918704453041e-05
1.740200000000000102e+01,-2.136557745225850513e-05
1.740399999999999991e+01,5.944586408725485716e-05
1.740599999999999881e+01,-5.290914133838572897e-05
1.740800000000000125e+01,3.152348193326270920e-05
1.741000000000000014e+01,-1.654192136060425589e-05
1.741199999999999903e+01,-2.149610457286704746e-05
1.741400000000000148e+01,5.939171893296762983e-05
1.741600000000000037e+01,-5.281595972405489503e-05
1.741799999999999926e+01,3.150134142155397443e-05
1.742000000000000171e+01,-1.655598858374060511e-05
1.742200000000000060e+01,-2.179863480274851772e-05
1.742399999999999949e+01,5.835997182461818977e-05
1.742600000000000193e+01,-5.187643315341175509e-05
1.742800000000000082e+01,3.165011841154211081e-05
1.742999999999999972e+01,-1.650088814393255165e-05
1.743199999999999861e+01,-2.165503604453777875e-05
1.743400000000000105e+01,5.820887780710881643e-05
1.743599999999999994e+01,-5.169460981813492340e-05
1.743799999999999883e+01,3.164807480734999068e-05
1.744000000000000128e+01,-1.650511046987282460e-05
1.744200000000000017e+01,-2.165403993298342655e-05
1.744399999999999906e+01,5.832440880347219969e-05
1.744600000000000151e+01,-5.184309982534524019e-05
1.744800000000000040e+01,3.165817054512354289e-05
1.744999999999999929e+01,-1.649681900102797916e-05
1.745200000000000173e+01,-2.136785095979698568e-05
1.745400000000000063e+01,5.934542688997013204e-05
1.745599999999999952e+01,-5.277176166604974350e-05
1.745800000000000196e+01,3.151048460300204246e-05
1.746000000000000085e+01,-1.655164888683322011e-05
1.746199999999999974e+01,-2.150853933078830660e-05
1.746399999999999864e+01,5.949752712874900595e-05
1.746600000000000108e+01,-5.295848333763605864e-05
1.746799999999999997e+01,3.151326717833538571e-05
1.746999999999999886e+01,-1.654676779958702548e-05
1.747200000000000131e+01,-2.150601786346170718e-05
1.747400000000000020e+01,5.949654158171613361e-05
1.747599999999999909e+01,-5.295754069001290532e-05
1.747800000000000153e+01,3.151346507121455254e-05
1.748000000000000043e+01,-1.654667346578236886e-05
1.748199999999999932e+01,-2.150582546329299349e-05
1.748400000000000176e+01,5.939525112649834959e-05
1.748600000000000065e+01,-5.281933230578267358e-05
1.748799999999999955e+01,3.150064071859304260e-05
1.749000000000000199e+01,-1.655631995653786270e-05
1.749200000000000088e+01,-2.179932115758259625e-05
1.749399999999999977e+01,5.836020693581606134e-05
1.749599999999999866e+01,-5.187664026301899711e-05
1.749800000000000111e+01,3.165006538880660303e-05
1.750000000000000000e+01,-1.650091347231777417e-05
1.750199999999999889e+01,-2.165222168844238571e-05
1.750400000000000134e+01,5.822171830489539235e-05
1.750600000000000023e+01,-5.170387151733069064e-05
1.750799999999999912e+01,3.164559290617929843e-05
1.751000000000000156e+01,-1.650633533308715206e-05
1.751200000000000045e+01,-2.165927550077523245e-05
1.751399999999999935e+01,5.821039978972167295e-05
1.751600000000000179e+01,-5.169595034281576629e-05
1.751800000000000068e+01,3.164773834668857533e-05
1.751999999999999957e+01,-1.650527826999731440e-05
1.752200000000000202e+01,-2.165722981688211757e-05
1.752400000000000091e+01,5.820969457876259967e-05
1.752599999999999980e+01,-5.169532978860705286e-05
1.752799999999999869e+01,3.164789177717911017e-05
1.753000000000000114e+01,-1.650520094374427482e-05
1.753200000000000003e+01,-2.165707917946638195e-05
1.753399999999999892e+01,5.820964258712937878e-05
1.753600000000000136e+01,-5.169528407613852017e-05
1.753800000000000026e+01,3.164790283679413951e-05
1.753999999999999915e+01,-1.650519516406198650e-05
1.754200000000000159e+01,-2.165706792902136191e-05
1.754400000000000048e+01,5.820963859369532312e-05
1.754599999999999937e+01,-5.169528058028907691e-05
1.754800000000000182e+01,3.164790344227508267e-05
1.755000000000000071e+01,-1.650519468477523732e-05
1.755199999999999960e+01,-2.165706691563407116e-05
1.755400000000000205e+01,5.820963814666055280e-05
1.755600000000000094e+01,-5.169528020821517744e-05
1.755799999999999983e+01,3.164790328615343928e-05
1.755999999999999872e+01,-1.650519456941959562e-05
1.756200000000000117e+01,-2.165706667880962222e-05
1.756400000000000006e+01,5.820963796700218129e-05
1.756599999999999895e+01,-5.169528007401349989e-05
1.756800000000000139e+01,3.164790306590253843e-05
1.757000000000000028e+01,-1.650519449140214201e-05
1.757199999999999918e+01,-2.165706648337914486e-05
1.757400000000000162e+01,5.831164373404709722e-05
1.757600000000000051e+01,-5.183390416546931889e-05
1.757799999999999940e+01,3.166063143332509267e-05
1.758000000000000185e+01,-1.649560093414798034e-05
1.758200000000000074e+01,-2.136552251194578922e-05
1.758399999999999963e+01,5.934457805800708030e-05
1.758600000000000207e+01,-5.277095062351452870e-05
1.758800000000000097e+01,3.151064909054368535e-05
1.758999999999999986e+01,-1.655156849094188698e-05
1.759199999999999875e+01,-2.150837445694803174e-05
1.759400000000000119e+01,5.949746655615692492e-05
1.759600000000000009e+01,-5.295842502294964560e-05
1.759799999999999898e+01,3.151327566126502222e-05
1.760000000000000142e+01,-1.654676148103717548e-05
1.760200000000000031e+01,-2.150600444932732058e-05
1.760399999999999920e+01,5.939531551442042701e-05
1.760600000000000165e+01,-5.281939335285631976e-05
1.760800000000000054e+01,3.150062473543380204e-05
1.760999999999999943e+01,-1.655632542200621837e-05
1.761200000000000188e+01,-2.179933199813327560e-05
1.761400000000000077e+01,5.825824246902255865e-05
1.761599999999999966e+01,-5.173804429370321145e-05
1.761800000000000210e+01,3.163732835941013288e-05
1.762000000000000099e+01,-1.651050906669934704e-05
1.762199999999999989e+01,-2.138790877136143020e-05
1.762399999999999878e+01,5.935278935424725955e-05
1.762600000000000122e+01,-5.277879268252363976e-05
1.762800000000000011e+01,3.150902009880357513e-05
1.762999999999999901e+01,-1.655234131432356537e-05
1.763200000000000145e+01,-2.179107318059023135e-05
1.763400000000000034e+01,5.825540256362143898e-05
1.763599999999999923e+01,-5.173554539299879407e-05
1.763800000000000168e+01,3.163794645493281377e-05
1.764000000000000057e+01,-1.651019795130895251e-05
1.764199999999999946e+01,-2.166394844992786117e-05
1.764400000000000190e+01,5.822582202756609870e-05
1.764600000000000080e+01,-5.170748401314012588e-05
1.764799999999999969e+01,3.164469223840629675e-05
1.765000000000000213e+01,-1.650678560735988065e-05
1.765200000000000102e+01,-2.166015167420418108e-05
1.765399999999999991e+01,5.821070015124205077e-05
1.765599999999999881e+01,-5.169621501036752997e-05
1.765800000000000125e+01,3.164766928083831421e-05
1.766000000000000014e+01,-1.650531032251073560e-05
1.766199999999999903e+01,-2.165729177563621710e-05
1.766400000000000148e+01,5.820971446663172899e-05
1.766600000000000037e+01,-5.169534765793459830e-05
1.766799999999999926e+01,3.164788382768041197e-05
1.767000000000000171e+01,-1.650520227789234462e-05
1.767200000000000060e+01,-2.137770556803753053e-05
1.767399999999999949e+01,5.934907491596946860e-05
1.767600000000000193e+01,-5.277524553215506842e-05
1.767800000000000082e+01,3.150975389096949408e-05
1.767999999999999972e+01,-1.655199208524735233e-05
1.768199999999999861e+01,-2.150923980605637387e-05
1.768400000000000105e+01,5.939656082708244522e-05
1.768599999999999994e+01,-5.282058346910492586e-05
1.768799999999999883e+01,3.150037308977809980e-05
1.769000000000000128e+01,-1.655644370670075749e-05
1.769200000000000017e+01,-2.179957618327066360e-05
1.769399999999999906e+01,5.825832561143912125e-05
1.769600000000000151e+01,-5.173811766394018075e-05
1.769800000000000040e+01,3.163730818842719339e-05
1.769999999999999929e+01,-1.651051767966732475e-05
1.770200000000000173e+01,-2.138792509593159807e-05
1.770400000000000063e+01,5.935279485751523976e-05
1.770599999999999952e+01,-5.277879765382131882e-05
1.770800000000000196e+01,3.150901684681461923e-05
1.771000000000000085e+01,-1.655234145397574408e-05
1.771199999999999974e+01,-2.150995407250791414e-05
1.771399999999999864e+01,5.939682022529021999e-05
1.771600000000000108e+01,-5.282083104788531935e-05
1.771799999999999997e+01,3.150032095076971128e-05
1.771999999999999886e+01,-1.655646791327500256e-05
1.772200000000000131e+01,-2.179962624481932010e-05
1.772400000000000020e+01,5.836030940455788629e-05
1.772599999999999909e+01,-5.187673105089621317e-05
1.772800000000000153e+01,3.165003712573763450e-05
1.773000000000000043e+01,-1.650092332563385389e-05
1.773199999999999932e+01,-2.165224000908946844e-05
1.773400000000000176e+01,5.822172226969610231e-05
1.773600000000000065e+01,-5.170387559604722183e-05
1.773799999999999955e+01,3.164558611307502489e-05
1.774000000000000199e+01,-1.650633439563217730e-05
1.774200000000000088e+01,-2.137986846699468924e-05
1.774399999999999977e+01,5.934986236470415899e-05
1.774599999999999866e+01,-5.277599725228218630e-05
1.774800000000000111e+01,3.150959612371884155e-05
1.775000000000000000e+01,-1.655206572349909866e-05
1.775199999999999889e+01,-2.179050172407964725e-05
1.775400000000000134e+01,5.835717423145758698e-05
1.775600000000000023e+01,-5.187397181082020747e-05
1.775799999999999912e+01,3.165071952006270894e-05
1.776000000000000156e+01,-1.650057971876867091e-05
1.776200000000000045e+01,-2.137509427372480397e-05
1.776399999999999935e+01,5.944932341504088891e-05
1.776600000000000179e+01,-5.291244436764208636e-05
1.776800000000000068e+01,3.152278733868293936e-05
1.776999999999999957e+01,-1.654224470110793321e-05
1.777200000000000202e+01,-2.177770746950719039e-05
1.777400000000000091e+01,5.825073588503273947e-05
1.777599999999999980e+01,-5.173143820265055370e-05
1.777799999999999869e+01,3.163896244270242297e-05
1.778000000000000114e+01,-1.650968439098274287e-05
1.778200000000000003e+01,-2.166294811485613980e-05
1.778399999999999892e+01,5.822547570055389143e-05
1.778600000000000136e+01,-5.170717962628759712e-05
1.778800000000000026e+01,3.164476411337754924e-05
1.778999999999999915e+01,-1.650674683142602794e-05
1.779200000000000159e+01,-2.138066079322709090e-05
1.779400000000000048e+01,5.935015050493111510e-05
1.779599999999999937e+01,-5.277627220263633734e-05
1.779800000000000182e+01,3.150953773961226445e-05
1.780000000000000071e+01,-1.655209255919248834e-05
1.780199999999999960e+01,-2.150944483797490037e-05
1.780400000000000205e+01,5.939663468366301879e-05
1.780600000000000094e+01,-5.282065355402543183e-05
1.780799999999999983e+01,3.150035521933686189e-05
1.780999999999999872e+01,-1.655645005676706361e-05
1.781200000000000117e+01,-2.179958885904428878e-05
1.781400000000000006e+01,5.825832873256747702e-05
1.781599999999999895e+01,-5.173812072935615736e-05
1.781800000000000139e+01,3.163730442640871887e-05
1.782000000000000028e+01,-1.651051730957794894e-05
1.782199999999999918e+01,-2.138792396534291984e-05
1.782400000000000162e+01,5.945405169759457320e-05
1.782600000000000051e+01,-5.291696169677090333e-05
1.782799999999999940e+01,3.152184686420339554e-05
1.783000000000000185e+01,-1.654269026905852424e-05
1.783200000000000074e+01,-2.149767486761544610e-05
1.783399999999999963e+01,5.939228727653081408e-05
1.783600000000000207e+01,-5.281650091512948841e-05
1.783800000000000097e+01,3.150121761820792732e-05
1.783999999999999986e+01,-1.655603991756321447e-05
1.784199999999999875e+01,-2.151752035737392044e-05
1.784400000000000119e+01,5.939956910003610369e-05
1.784600000000000009e+01,-5.282345543050279146e-05
1.784799999999999898e+01,3.149977359756528372e-05
1.785000000000000142e+01,-1.655672544139188962e-05
1.785200000000000031e+01,-2.180015932100320963e-05
1.785399999999999920e+01,5.825852447701243553e-05
1.785600000000000165e+01,-5.173829306826319141e-05
1.785800000000000054e+01,3.163726075296191542e-05
1.785999999999999943e+01,-1.651053851361647395e-05
1.786200000000000188e+01,-2.138796457223576808e-05
1.786400000000000077e+01,5.935280835584269554e-05
1.786599999999999966e+01,-5.277880995478365089e-05
1.786800000000000210e+01,3.150900985258997533e-05
1.787000000000000099e+01,-1.655234193017468547e-05
1.787199999999999989e+01,-2.150995450450263191e-05
1.787399999999999878e+01,5.939681950565753321e-05
1.787600000000000122e+01,-5.282082978139146512e-05
1.787800000000000011e+01,3.150031677205331060e-05
1.787999999999999901e+01,-1.655646707676705631e-05
1.788200000000000145e+01,-2.179962385216380194e-05
1.788400000000000034e+01,5.825834005700886165e-05
1.788599999999999923e+01,-5.173813087303719138e-05
1.788800000000000168e+01,3.163730016822116631e-05
1.789000000000000057e+01,-1.651051813955639602e-05
1.789199999999999946e+01,-2.166743632037171352e-05
1.789400000000000190e+01,5.821320638621854671e-05
1.789600000000000080e+01,-5.169842105195998627e-05
1.789799999999999969e+01,3.164711701390474086e-05
1.790000000000000213e+01,-1.650558344785946208e-05
1.790200000000000102e+01,-2.137843747467352284e-05
1.790399999999999991e+01,5.934934008706982400e-05
1.790599999999999881e+01,-5.277549791677521585e-05
1.790800000000000125e+01,3.150969519194815605e-05
1.791000000000000014e+01,-1.655201589332438994e-05
1.791199999999999903e+01,-2.179039777754424034e-05
1.791400000000000148e+01,5.825516745448094946e-05
1.791600000000000037e+01,-5.173533922435066823e-05
1.791799999999999926e+01,3.163799044700321694e-05
1.792000000000000171e+01,-1.651017054313946852e-05
1.792200000000000060e+01,-2.138725699783391998e-05
1.792399999999999949e+01,5.935255044019205339e-05
1.792600000000000193e+01,-5.277856345047363118e-05
1.792800000000000082e+01,3.150905926771821464e-05
1.792999999999999972e+01,-1.655231740913323812e-05
1.793199999999999861e+01,-2.150990413246275934e-05
1.793400000000000105e+01,5.939680086872872744e-05
1.793599999999999994e+01,-5.282081178431888291e-05
1.793799999999999883e+01,3.150031883585729942e-05
1.794000000000000128e+01,-1.655646502606022974e-05
1.794200000000000017e+01,-2.179961937454066856e-05
1.794399999999999906e+01,5.825833790189249850e-05
1.794600000000000151e+01,-5.173812912696168498e-05
1.794800000000000040e+01,3.163729909254689443e-05
1.794999999999999929e+01,-1.651051755110349850e-05
1.795200000000000173e+01,-2.166456971236518925e-05
1.795400000000000063e+01,5.822603306468790429e-05
1.795599999999999952e+01,-5.170767052208036230e-05
1.795800000000000196e+01,3.164463828168526116e-05
1.796000000000000085e+01,-1.650680689235448084e-05
1.796199999999999974e+01,-2.166019195213447768e-05
1.796399999999999864e+01,5.831271596049361627e-05
1.796600000000000108e+01,-5.183484890326772732e-05
1.796799999999999997e+01,3.166038765711753911e-05
1.796999999999999886e+01,-1.649571612068190252e-05
1.797200000000000131e+01,-2.136574258592913167e-05
1.797400000000000020e+01,5.934465601539415380e-05
1.797599999999999909e+01,-5.277102366161093294e-05
1.797800000000000153e+01,3.151062312765906537e-05
1.798000000000000043e+01,-1.655157392082759471e-05
1.798199999999999932e+01,-2.178948232157626452e-05
1.798400000000000176e+01,5.825485195782090231e-05
1.798600000000000065e+01,-5.173506179097578372e-05
1.798799999999999955e+01,3.163805737944891394e-05
1.799000000000000199e+01,-1.651013558108885282e-05
1.799200000000000088e+01,-2.138718953941312617e-05
1.799399999999999977e+01,5.935252549997202531e-05
1.799599999999999866e+01,-5.277853938705223680e-05
1.799800000000000111e+01,3.150906232043948485e-05
1.800000000000000000e+01,-1.655231472875648424e-05
1.800199999999999889e+01,-2.150989839212053001e-05
1.800400000000000134e+01,5.939679839504427572e-05
1.800600000000000023e+01,-5.282080917463558012e-05
1.800799999999999912e+01,3.150031745964565477e-05
1.801000000000000156e+01,-1.655646447016462242e-05
1.801200000000000045e+01,-2.151838735921576817e-05
1.801399999999999935e+01,5.939988323048692176e-05
1.801600000000000179e+01,-5.282375477384457230e-05
1.801800000000000068e+01,3.149970685689673644e-05
1.801999999999999957e+01,-1.655675409941576026e-05
1.802200000000000202e+01,-2.151897968756880108e-05
1.802400000000000091e+01,5.940009842168858523e-05
1.802599999999999980e+01,-5.282396021761767702e-05
1.802799999999999869e+01,3.149966401119752568e-05
1.803000000000000114e+01,-1.655677426645046912e-05
1.803200000000000003e+01,-2.151902087831059074e-05
1.803399999999999892e+01,5.940011333930433901e-05
1.803600000000000136e+01,-5.282397443983136154e-05
1.803800000000000026e+01,3.149966079690064147e-05
1.803999999999999915e+01,-1.655677564030635929e-05
1.804200000000000159e+01,-2.180026254946371145e-05
1.804400000000000048e+01,5.825855802468749012e-05
1.804599999999999937e+01,-5.173832308303857874e-05
1.804800000000000182e+01,3.163724856265759389e-05
1.805000000000000071e+01,-1.651054105470187161e-05
1.805199999999999960e+01,-2.138796881073420919e-05
1.805400000000000205e+01,5.935280884276222801e-05
1.805600000000000094e+01,-5.277880973518847552e-05
1.805799999999999983e+01,3.150900461873842873e-05
1.805999999999999872e+01,-1.655234107299230484e-05
1.806200000000000117e+01,-2.150995199359448384e-05
1.806400000000000006e+01,5.939681754275547010e-05
1.806599999999999895e+01,-5.282082723255879242e-05
1.806800000000000139e+01,3.150031202731051749e-05
1.807000000000000028e+01,-1.655646595625365203e-05
1.807199999999999918e+01,-2.151839022587406780e-05
1.807400000000000162e+01,5.939988394273315597e-05
1.807600000000000051e+01,-5.282375525431787233e-05
1.807799999999999940e+01,3.149970510720606631e-05
1.808000000000000185e+01,-1.655675389433675093e-05
1.808200000000000074e+01,-2.151897898820115396e-05
1.808399999999999963e+01,5.940009785449992807e-05
1.808600000000000207e+01,-5.282395946165294176e-05
1.808800000000000097e+01,3.149966251183439203e-05
1.808999999999999986e+01,-1.655677394408333614e-05
1.809199999999999875e+01,-2.180025883815467358e-05
1.809400000000000119e+01,5.825855623880007994e-05
1.809600000000000009e+01,-5.173832164183725379e-05
1.809799999999999898e+01,3.163724767031930729e-05
1.810000000000000142e+01,-1.651054056819520333e-05
1.810200000000000031e+01,-2.166747921167333502e-05
1.810399999999999920e+01,5.821321900143297534e-05
1.810600000000000165e+01,-5.169843268607032805e-05
1.810800000000000054e+01,3.164710885473001611e-05
1.810999999999999943e+01,-1.650558357418202560e-05
1.811200000000000188e+01,-2.165782230562768307e-05
1.811400000000000077e+01,5.820989260339054505e-05
1.811599999999999966e+01,-5.169550558286467590e-05
1.811800000000000210e+01,3.164783344635629936e-05
1.812000000000000099e+01,-1.650521911119098850e-05
1.812199999999999989e+01,-2.165711239985115832e-05
1.812399999999999878e+01,5.820964798512393013e-05
1.812600000000000122e+01,-5.169529033418815422e-05
1.812800000000000011e+01,3.164788647716174075e-05
1.812999999999999901e+01,-1.650519226587335297e-05
1.813200000000000145e+01,-2.165706004073758573e-05
1.813400000000000034e+01,5.820962984351418790e-05
1.813599999999999923e+01,-5.169527440077037461e-05
1.813800000000000168e+01,3.164789018182331826e-05
1.814000000000000057e+01,-1.650519021346649740e-05
1.814199999999999946e+01,-2.137768076101650983e-05
1.814400000000000190e+01,5.934906329020314675e-05
1.814600000000000080e+01,-5.277523273655715386e-05
1.814799999999999969e+01,3.150974349816135223e-05
1.815000000000000213e+01,-1.655198872765537010e-05
1.815200000000000102e+01,-2.150923116317482453e-05
1.815399999999999991e+01,5.939655509348482076e-05
1.815599999999999881e+01,-5.282057630041914198e-05
1.815800000000000125e+01,3.150036151842311449e-05
1.816000000000000014e+01,-1.655644087461549674e-05
1.816199999999999903e+01,-2.179956846697431172e-05
1.816400000000000148e+01,5.825831813734486109e-05
1.816600000000000037e+01,-5.173811230361688440e-05
1.816799999999999926e+01,3.163729774603718514e-05
1.817000000000000171e+01,-1.651051408829706801e-05
1.817200000000000060e+01,-2.138791653001279047e-05
1.817399999999999949e+01,5.935278914711433762e-05
1.817600000000000193e+01,-5.277879050774245129e-05
1.817800000000000082e+01,3.150900527804437190e-05
1.817999999999999972e+01,-1.655233861858756983e-05
1.818199999999999861e+01,-2.179106540917824519e-05
1.818400000000000105e+01,5.825539424966080793e-05
1.818599999999999994e+01,-5.173553950834838822e-05
1.818799999999999883e+01,3.163793412481671896e-05
1.819000000000000128e+01,-1.651019377893817031e-05
1.819200000000000017e+01,-2.138730072389141701e-05
1.819399999999999906e+01,5.935256486731821379e-05
1.819600000000000151e+01,-5.277857626103873989e-05
1.819800000000000040e+01,3.150904912771826383e-05
1.819999999999999929e+01,-1.655231745315358105e-05
1.820200000000000173e+01,-2.150990322764834151e-05
1.820400000000000063e+01,5.939679906076175686e-05
1.820599999999999952e+01,-5.282080907354977373e-05
1.820800000000000196e+01,3.150031190952626292e-05
1.821000000000000085e+01,-1.655646355782497414e-05
1.821199999999999974e+01,-2.179961523668394463e-05
1.821399999999999864e+01,5.825833371613658995e-05
1.821600000000000108e+01,-5.173812614105502417e-05
1.821799999999999997e+01,3.163729304591841873e-05
1.821999999999999886e+01,-1.651051549287144149e-05
1.822200000000000131e+01,-2.166456466530519709e-05
1.822400000000000020e+01,5.822602857157022083e-05
1.822599999999999909e+01,-5.170766725665423835e-05
1.822800000000000153e+01,3.164463233473746584e-05
1.823000000000000043e+01,-1.650680479428970338e-05
1.823199999999999932e+01,-2.138077070078236996e-05
1.823400000000000176e+01,5.935018809359940417e-05
1.823600000000000065e+01,-5.277630651752060476e-05
1.823799999999999955e+01,3.150951843179303213e-05
1.824000000000000199e+01,-1.655209397290191564e-05
1.824200000000000088e+01,-2.179055825133127677e-05
1.824399999999999977e+01,5.825521924394255757e-05
1.824599999999999866e+01,-5.173538565709026593e-05
1.824800000000000111e+01,3.163797069151083607e-05
1.825000000000000000e+01,-1.651017424860942717e-05
1.825199999999999889e+01,-2.138726299957816046e-05
1.825400000000000134e+01,5.935255080813037210e-05
1.825600000000000023e+01,-5.277856262381197539e-05
1.825799999999999912e+01,3.150905028914685602e-05
1.826000000000000156e+01,-1.655231584738597883e-05
1.826200000000000045e+01,-2.150989969987998629e-05
1.826399999999999935e+01,5.939679744019349394e-05
1.826600000000000179e+01,-5.282080730914864852e-05
1.826800000000000068e+01,3.150031059652447230e-05
1.826999999999999957e+01,-1.655646311559191841e-05
1.827200000000000202e+01,-2.179961407001995699e-05
1.827400000000000091e+01,5.825833269792329849e-05
1.827599999999999980e+01,-5.173812541306443968e-05
1.827799999999999869e+01,3.163729174431376134e-05
1.828000000000000114e+01,-1.651051502120012837e-05
1.828200000000000003e+01,-2.166742877348498686e-05
1.828399999999999892e+01,5.831520294941397453e-05
1.828600000000000136e+01,-5.183703867532932219e-05
1.828800000000000026e+01,3.165983737847197221e-05
1.828999999999999915e+01,-1.649598674336241744e-05
1.829200000000000159e+01,-2.136626167268881882e-05
1.829400000000000048e+01,5.934484322155791913e-05
1.829599999999999937e+01,-5.277120125961667907e-05
1.829800000000000182e+01,3.151057743509128040e-05
1.830000000000000071e+01,-1.655158996668668059e-05
1.830199999999999960e+01,-2.150841573526907080e-05
1.830400000000000205e+01,5.939625793702218992e-05
1.830600000000000094e+01,-5.282029200992521822e-05
1.830799999999999983e+01,3.150041626806890371e-05
1.830999999999999872e+01,-1.655641224756684848e-05
1.831200000000000117e+01,-2.151827948309800731e-05
1.831400000000000006e+01,5.939984236907891457e-05
1.831599999999999895e+01,-5.282371467421956290e-05
1.831800000000000139e+01,3.149970684979824798e-05
1.832000000000000028e+01,-1.655674883672617059e-05
1.832199999999999918e+01,-2.180020590199574504e-05
1.832400000000000162e+01,5.825853567692149126e-05
1.832600000000000051e+01,-5.173830414043761872e-05
1.832799999999999940e+01,3.163724623620259302e-05
1.833000000000000185e+01,-1.651053695712542679e-05
1.833200000000000074e+01,-2.138795993850139965e-05
1.833399999999999963e+01,5.935280406819606891e-05
1.833600000000000207e+01,-5.277880416528629715e-05
1.833800000000000097e+01,3.150899800021672581e-05
1.833999999999999986e+01,-1.655233926525431776e-05
1.834199999999999875e+01,-2.150994726617116992e-05
1.834400000000000119e+01,5.939681429079426978e-05
1.834600000000000009e+01,-5.282082310729963037e-05
1.834799999999999898e+01,3.150030512418661166e-05
1.835000000000000142e+01,-1.655646431607260549e-05
1.835200000000000031e+01,-2.179961623844858809e-05
1.835399999999999920e+01,5.825833262078014552e-05
1.835600000000000165e+01,-5.173812554380707862e-05
1.835800000000000054e+01,3.163728969562268345e-05
1.835999999999999943e+01,-1.651051453649063361e-05
1.836200000000000188e+01,-2.138791674888285144e-05
1.836400000000000077e+01,5.935278818544609258e-05
1.836599999999999966e+01,-5.277878889917500538e-05
1.836800000000000210e+01,3.150900034645104375e-05
1.837000000000000099e+01,-1.655233761043220508e-05
1.837199999999999989e+01,-2.179106256165394551e-05
1.837399999999999878e+01,5.825539132657889252e-05
1.837600000000000122e+01,-5.173553742380751497e-05
1.837800000000000011e+01,3.163792987715199900e-05
1.837999999999999901e+01,-1.651019233740724790e-05
1.838200000000000145e+01,-2.166679985487682258e-05
1.838400000000000034e+01,5.821298212797462734e-05
1.838599999999999923e+01,-5.169822496817882973e-05
1.838800000000000168e+01,3.164715328324296806e-05
1.839000000000000057e+01,-1.650555597020736398e-05
1.839199999999999946e+01,-2.165776747954650805e-05
1.839400000000000190e+01,5.820987086240306252e-05
1.839600000000000080e+01,-5.169548715659375016e-05
1.839799999999999969e+01,3.164783097136386614e-05
1.840000000000000213e+01,-1.650521507063143489e-05
1.840200000000000102e+01,-2.165710347135779701e-05
1.840399999999999991e+01,5.820964202934639231e-05
1.840599999999999881e+01,-5.169528582736615530e-05
1.840800000000000125e+01,3.164788058360873402e-05
1.841000000000000014e+01,-1.650518994108368664e-05
1.841199999999999903e+01,-2.137767931455897275e-05
1.841400000000000148e+01,5.934906127326791681e-05
1.841600000000000037e+01,-5.277522984391269656e-05
1.841799999999999926e+01,3.150973659923547721e-05
1.842000000000000171e+01,-1.655198721930983830e-05
1.842200000000000060e+01,-2.179033634162885757e-05
1.842399999999999949e+01,5.825514110243540378e-05
1.842600000000000193e+01,-5.173531736636996503e-05
1.842800000000000082e+01,3.163798308390697311e-05
1.842999999999999972e+01,-1.651016462665688689e-05
1.843200000000000216e+01,-2.138724386564760938e-05
1.843400000000000105e+01,5.935254284339039343e-05
1.843599999999999994e+01,-5.277855436194855976e-05
1.843799999999999883e+01,3.150904699419920796e-05
1.844000000000000128e+01,-1.655231422698424937e-05
1.844200000000000017e+01,-2.179101380587328274e-05
1.844399999999999906e+01,5.825537384113524397e-05
1.844600000000000151e+01,-5.173552220640378896e-05
1.844800000000000040e+01,3.163793186797270174e-05
1.844999999999999929e+01,-1.651019000199413500e-05
1.845200000000000173e+01,-2.166679505452920318e-05
1.845400000000000063e+01,5.821297975104958167e-05
1.845599999999999952e+01,-5.169822304628909904e-05
1.845800000000000196e+01,3.164715199676162993e-05
1.846000000000000085e+01,-1.650555529387684461e-05
1.846199999999999974e+01,-2.137838144441323029e-05
1.846399999999999864e+01,5.934931659159342621e-05
1.846600000000000108e+01,-5.277547346793295957e-05
1.846799999999999997e+01,3.150968471415244165e-05
1.846999999999999886e+01,-1.655201095822345092e-05
1.847200000000000131e+01,-2.179038534231084179e-05
1.847400000000000020e+01,5.825515744983800204e-05
1.847599999999999909e+01,-5.173533187470893968e-05
1.847800000000000153e+01,3.163797823757530381e-05
1.848000000000000043e+01,-1.651016612223832336e-05
1.848199999999999932e+01,-2.166674844241919806e-05
1.848400000000000176e+01,5.821296339208331672e-05
1.848600000000000065e+01,-5.169820874428160407e-05
1.848799999999999955e+01,3.164715478588472908e-05
1.849000000000000199e+01,-1.650555330621680805e-05
1.849200000000000088e+01,-2.137837754831450887e-05
1.849399999999999977e+01,5.945057600631811767e-05
1.849599999999999866e+01,-5.291363937259124794e-05
1.849800000000000111e+01,3.152251688811127939e-05
1.850000000000000000e+01,-1.654236037889819655e-05
1.850199999999999889e+01,-2.149699779387115317e-05
1.850400000000000134e+01,5.939203753207999981e-05
1.850600000000000023e+01,-5.281626002769795880e-05
1.850799999999999912e+01,3.150124893562533668e-05
1.851000000000000156e+01,-1.655601321251878866e-05
1.851200000000000045e+01,-2.151746326923761887e-05
1.851399999999999935e+01,5.939954464001181988e-05
1.851600000000000179e+01,-5.282342966942202289e-05
1.851800000000000068e+01,3.149976033696780253e-05
1.851999999999999957e+01,-1.655671988049986498e-05
1.852200000000000202e+01,-2.151890783716470246e-05
1.852400000000000091e+01,5.940006955823182166e-05
1.852599999999999980e+01,-5.282393086724485043e-05
1.852799999999999869e+01,3.149965622355893613e-05
1.853000000000000114e+01,-1.655676914583473214e-05
1.853200000000000003e+01,-2.151900850794544184e-05
1.853399999999999892e+01,5.940010609128271168e-05
1.853600000000000136e+01,-5.282396571175407285e-05
1.853800000000000026e+01,3.149964871717106374e-05
1.853999999999999915e+01,-1.655677252693568691e-05
1.854200000000000159e+01,-2.151901538132577896e-05
1.854400000000000048e+01,5.940010853061616913e-05
1.854599999999999937e+01,-5.282396800593974762e-05
1.854800000000000182e+01,3.149964797343265954e-05
1.855000000000000071e+01,-1.655677271298131026e-05
1.855199999999999960e+01,-2.151901571538841762e-05
1.855400000000000205e+01,5.940010860115349511e-05
1.855600000000000094e+01,-5.282396803710578959e-05
1.855799999999999983e+01,3.149964768645388546e-05
1.855999999999999872e+01,-1.655677266554703153e-05
1.856200000000000117e+01,-2.180025432942794827e-05
1.856400000000000006e+01,5.825854987392964368e-05
1.856599999999999895e+01,-5.173831724766472795e-05
1.856800000000000139e+01,3.163723698635517723e-05
1.857000000000000028e+01,-1.651053708266042586e-05
1.857199999999999918e+01,-2.166747067279886640e-05
1.857400000000000162e+01,5.821321122833830741e-05
1.857600000000000051e+01,-5.169842706560789924e-05
1.857799999999999940e+01,3.164709847519597830e-05
1.858000000000000185e+01,-1.650557994015144914e-05
1.858200000000000074e+01,-2.137842839730272337e-05
1.858399999999999963e+01,5.934933302351175222e-05
1.858600000000000207e+01,-5.277548871941359354e-05
1.858800000000000097e+01,3.150967823124101175e-05
1.858999999999999986e+01,-1.655201191933311500e-05
1.859199999999999875e+01,-2.179038687343676228e-05
1.859400000000000119e+01,5.835712623802891130e-05
1.859600000000000009e+01,-5.187393178106985969e-05
1.859799999999999898e+01,3.165070841625039488e-05
1.860000000000000142e+01,-1.650056946114752954e-05
1.860200000000000031e+01,-2.137507166120530822e-05
1.860399999999999920e+01,5.934804851912695023e-05
1.860600000000000165e+01,-5.277426093793294304e-05
1.860800000000000054e+01,3.150993468689980426e-05
1.860999999999999943e+01,-1.655188960515696639e-05
1.861200000000000188e+01,-2.179013387709413663e-05
1.861400000000000077e+01,5.825506954066500542e-05
1.861599999999999966e+01,-5.173525488672003902e-05
1.861800000000000210e+01,3.163799380673931738e-05
1.862000000000000099e+01,-1.651015566781280364e-05
1.862199999999999989e+01,-2.166386242611825774e-05
1.862399999999999878e+01,5.822578237332093343e-05
1.862600000000000122e+01,-5.170745164368231728e-05
1.862800000000000011e+01,3.164467570593298973e-05
1.862999999999999901e+01,-1.650677544561690580e-05
1.863200000000000145e+01,-2.165726402542436646e-05
1.863400000000000034e+01,5.822350780071774978e-05
1.863599999999999923e+01,-5.170545013282942803e-05
1.863800000000000168e+01,3.164517110105374842e-05
1.864000000000000057e+01,-1.650652620383344371e-05
1.864199999999999946e+01,-2.138023373393291293e-05
1.864400000000000190e+01,5.934999036551549811e-05
1.864600000000000080e+01,-5.277611622780606360e-05
1.864799999999999969e+01,3.150954647920464757e-05
1.865000000000000213e+01,-1.655207340172173969e-05
1.865200000000000102e+01,-2.150940248034013957e-05
1.865399999999999991e+01,5.939661460396469805e-05
1.865599999999999881e+01,-5.282063131793052202e-05
1.865800000000000125e+01,3.150033624086875927e-05
1.866000000000000014e+01,-1.655644404622777510e-05
1.866199999999999903e+01,-2.179668904965514908e-05
1.866400000000000148e+01,5.827117898318801004e-05
1.866600000000000037e+01,-5.174739265507641295e-05
1.866799999999999926e+01,3.163479935290591794e-05
1.867000000000000171e+01,-1.651173917342416142e-05
1.867200000000000060e+01,-2.139025621421958290e-05
1.867399999999999949e+01,5.935363857785536101e-05
1.867600000000000193e+01,-5.277959983044852588e-05
1.867800000000000082e+01,3.150882362583373730e-05
1.867999999999999972e+01,-1.655241602345133844e-05
1.868200000000000216e+01,-2.151010298718711300e-05
1.868400000000000105e+01,5.939686899657237173e-05
1.868599999999999994e+01,-5.282087412669667081e-05
1.868799999999999883e+01,3.150028509742164307e-05
1.869000000000000128e+01,-1.655646778768796179e-05
1.869200000000000017e+01,-2.151839165985547364e-05
1.869399999999999906e+01,5.939988104227203469e-05
1.869600000000000151e+01,-5.282375023865984454e-05
1.869800000000000040e+01,3.149968894007246223e-05
1.869999999999999929e+01,-1.655675062117029084e-05
1.870200000000000173e+01,-2.180020809035981832e-05
1.870400000000000063e+01,5.825853253730098325e-05
1.870599999999999952e+01,-5.173830235017176649e-05
1.870800000000000196e+01,3.163723715276026138e-05
1.871000000000000085e+01,-1.651053435313201700e-05
1.871199999999999974e+01,-2.166746482873752044e-05
1.871399999999999864e+01,5.821320780479213863e-05
1.871600000000000108e+01,-5.169842441275426803e-05
1.871799999999999997e+01,3.164709561311040975e-05
1.871999999999999886e+01,-1.650557873286717658e-05
1.872200000000000131e+01,-2.137842557750971317e-05
1.872400000000000020e+01,5.934933122303878705e-05
1.872599999999999909e+01,-5.277548650778340900e-05
1.872800000000000153e+01,3.150967480944691368e-05
1.873000000000000043e+01,-1.655201108932344289e-05
1.873199999999999932e+01,-2.150927473601113582e-05
1.873400000000000176e+01,5.939656772907184190e-05
1.873600000000000065e+01,-5.282058627734814715e-05
1.873799999999999955e+01,3.150034336056595219e-05
1.874000000000000199e+01,-1.655643926443475800e-05
1.874200000000000088e+01,-2.151833311095710521e-05
1.874399999999999977e+01,5.939985949471662807e-05
1.874599999999999866e+01,-5.282372947272573338e-05
1.874800000000000111e+01,3.149969183538145479e-05
1.875000000000000000e+01,-1.655674835490325569e-05
1.875199999999999889e+01,-2.151896516977905294e-05
1.875400000000000134e+01,5.940008912715122324e-05
1.875600000000000023e+01,-5.282394871189421970e-05
1.875799999999999912e+01,3.149964614567943300e-05
1.876000000000000156e+01,-1.655676986863849343e-05
1.876200000000000045e+01,-2.180024774560418432e-05
1.876399999999999935e+01,5.836051235323658215e-05
1.876600000000000179e+01,-5.187691243451614254e-05
1.876800000000000068e+01,3.164996622191315612e-05
1.876999999999999957e+01,-1.650093936667387795e-05
1.877200000000000202e+01,-2.137578214953320122e-05
1.877400000000000091e+01,5.934830621584161192e-05
1.877599999999999980e+01,-5.277450639710676294e-05
1.877799999999999869e+01,3.150987907853813885e-05
1.878000000000000114e+01,-1.655191299815284012e-05
1.878200000000000003e+01,-2.150907450776048946e-05
1.878399999999999892e+01,5.939649468524044185e-05
1.878600000000000136e+01,-5.282051634982257160e-05
1.878800000000000026e+01,3.150035646078477858e-05
1.878999999999999915e+01,-1.655643216393401507e-05
1.879200000000000159e+01,-2.151831839935017254e-05
1.879400000000000048e+01,5.939985386603507944e-05
1.879599999999999937e+01,-5.282372393881559769e-05
1.879800000000000182e+01,3.149969162564991709e-05
1.880000000000000071e+01,-1.655674759381067784e-05
1.880199999999999960e+01,-2.180020138947344477e-05
1.880400000000000205e+01,5.836049602041259998e-05
1.880600000000000094e+01,-5.187689815665599835e-05
1.880799999999999983e+01,3.164996875072018101e-05
1.880999999999999872e+01,-1.650093733457716483e-05
1.881200000000000117e+01,-2.137577812448554493e-05
1.881400000000000006e+01,5.944956641538295949e-05
1.881599999999999895e+01,-5.291267274802266551e-05
1.881800000000000139e+01,3.152271092016906140e-05
1.882000000000000028e+01,-1.654226242192580187e-05
1.882199999999999918e+01,-2.149679681127253383e-05
1.882400000000000162e+01,5.939196272671670718e-05
1.882600000000000051e+01,-5.281618745286986716e-05
1.882799999999999940e+01,3.150125511050191895e-05
1.883000000000000185e+01,-1.655600463718043258e-05
1.883200000000000074e+01,-2.151744454837942189e-05
1.883399999999999963e+01,5.939953608295744925e-05
1.883600000000000207e+01,-5.282342034831563615e-05
1.883800000000000097e+01,3.149975339753960379e-05
1.883999999999999986e+01,-1.655671753781479127e-05
1.884199999999999875e+01,-2.180013899086633011e-05
1.884400000000000119e+01,5.825850734835630318e-05
1.884600000000000009e+01,-5.173828054239396068e-05
1.884799999999999898e+01,3.163723905286533467e-05
1.885000000000000142e+01,-1.651053076585570767e-05
1.885200000000000031e+01,-2.138794626726017722e-05
1.885399999999999920e+01,5.935279622103911690e-05
1.885600000000000165e+01,-5.277879481532105066e-05
1.885800000000000054e+01,3.150898553233583144e-05
1.885999999999999943e+01,-1.655233600731872978e-05
1.886200000000000188e+01,-2.150993867966466411e-05
1.886400000000000077e+01,6.112244693867036061e-05
1.886599999999999966e+01,-5.858505203147623686e-05
1.886800000000000210e+01,3.292804081038436248e-05
1.887000000000000099e+01,-1.561320177905639595e-05
1.887199999999999989e+01,-2.009708217502736982e-05
1.887399999999999878e+01,5.887892112988943327e-05
1.887600000000000122e+01,-5.232621664071762657e-05
1.887800000000000011e+01,3.160295164821719238e-05
1.887999999999999901e+01,-1.650771401663295168e-05
1.888200000000000145e+01,-2.141872625957899623e-05
1.888400000000000034e+01,5.936366090142364271e-05
1.888599999999999923e+01,-5.278916359750460141e-05
1.888800000000000168e+01,3.150684963901598246e-05
1.889000000000000057e+01,-1.655334815619732836e-05
1.889199999999999946e+01,-2.151201120300511027e-05
1.889400000000000190e+01,5.939756127477588410e-05
1.889600000000000080e+01,-5.282153441013223705e-05
1.889799999999999969e+01,3.150014246920684879e-05
1.890000000000000213e+01,-1.655653179240615391e-05
1.890200000000000102e+01,-2.151852174017698793e-05
1.890399999999999991e+01,5.939992717366587849e-05
1.890599999999999881e+01,-5.282379353738902994e-05
1.890800000000000125e+01,3.149967413235837954e-05
1.891000000000000014e+01,-1.655675393975528098e-05
1.891199999999999903e+01,-2.151897597245724936e-05
1.891400000000000148e+01,5.950130860592206528e-05
1.891600000000000037e+01,-5.296209010818148100e-05
1.891799999999999926e+01,3.151247971618434396e-05
1.892000000000000171e+01,-1.654711596747043822e-05
1.892200000000000060e+01,-2.150672447528978459e-05
1.892399999999999949e+01,5.939556990119249091e-05
1.892600000000000193e+01,-5.281963151608851104e-05
1.892800000000000082e+01,3.150053875291061733e-05
1.892999999999999972e+01,-1.655634291674451530e-05
1.893200000000000216e+01,-2.151813594179763367e-05
1.893400000000000105e+01,5.939978678264415390e-05
1.893599999999999994e+01,-5.282365936835203835e-05
1.893799999999999883e+01,3.149970110177119365e-05
1.894000000000000128e+01,-1.655674060114381563e-05
1.894200000000000017e+01,-2.151894861977463047e-05
1.894399999999999906e+01,5.940008208323716010e-05
1.894600000000000151e+01,-5.282394131340614751e-05
1.894800000000000040e+01,3.149964240532418525e-05
1.894999999999999929e+01,-1.655676827551008645e-05
1.895200000000000173e+01,-2.180024369629815495e-05
1.895400000000000063e+01,5.825854222008680638e-05
1.895599999999999952e+01,-5.173831152692834334e-05
1.895800000000000196e+01,3.163722861399681507e-05
1.896000000000000085e+01,-1.651053393397425295e-05
1.896199999999999974e+01,-2.166746305025044061e-05
1.896399999999999864e+01,5.821320462954387986e-05
1.896600000000000108e+01,-5.169842225186474516e-05
1.896799999999999997e+01,3.164708989125686323e-05
1.896999999999999886e+01,-1.650557689989937127e-05
1.897200000000000131e+01,-2.137842121619284996e-05
1.897400000000000020e+01,5.934932827326294680e-05
1.897599999999999909e+01,-5.277548276886104284e-05
1.897800000000000153e+01,3.150966863045556732e-05
1.898000000000000043e+01,-1.655200959614633316e-05
1.898199999999999932e+01,-2.179038045561562664e-05
1.898400000000000176e+01,5.825515054493773937e-05
1.898600000000000065e+01,-5.173532710774433885e-05
1.898799999999999955e+01,3.163796663216075777e-05
1.899000000000000199e+01,-1.651016234091237656e-05
1.899200000000000088e+01,-2.138723753433713348e-05
1.899399999999999977e+01,5.935253746364513305e-05
1.899599999999999866e+01,-5.277854721124144999e-05
1.899800000000000111e+01,3.150903294582216296e-05
1.900000000000000000e+01,-1.655231100759074758e-05
1.900199999999999889e+01,-2.179100489600044321e-05
1.900400000000000134e+01,5.825536504069916965e-05
1.900600000000000023e+01,-5.173551590565567126e-05
1.900799999999999912e+01,3.163791940865440244e-05
1.901000000000000156e+01,-1.651018570123993778e-05
1.901200000000000045e+01,-2.138728240913892464e-05
1.901399999999999935e+01,6.108154887582081805e-05
1.901600000000000179e+01,-5.854495484125879501e-05
1.901800000000000068e+01,3.293634347671312024e-05
1.901999999999999957e+01,-1.560928668492903015e-05
1.902200000000000202e+01,-2.008904944772807455e-05
1.902400000000000091e+01,5.887600120193722808e-05
1.902599999999999980e+01,-5.232342790674471278e-05
1.902799999999999869e+01,3.160352525927515033e-05
1.903000000000000114e+01,-1.650743905442370041e-05
1.903200000000000003e+01,-2.141816344565158903e-05
1.903399999999999892e+01,5.936345554322444706e-05
1.903600000000000136e+01,-5.278896695606535849e-05
1.903800000000000026e+01,3.150688621951502899e-05
1.903999999999999915e+01,-1.655332815295867954e-05
1.904200000000000159e+01,-2.179311510808537578e-05
1.904400000000000048e+01,5.825609018075827983e-05
1.904599999999999937e+01,-5.173615409795676023e-05
1.904800000000000182e+01,3.163776040129157030e-05
1.905000000000000071e+01,-1.651026486820111883e-05
1.905199999999999960e+01,-2.138743443839963287e-05
1.905400000000000205e+01,5.945386696468851762e-05
1.905600000000000094e+01,-5.291678087490994664e-05
1.905799999999999983e+01,3.152185024786827161e-05
1.905999999999999872e+01,-1.654266691906991493e-05
1.906200000000000117e+01,-2.149762257296766732e-05
1.906400000000000006e+01,5.939226149239903996e-05
1.906599999999999895e+01,-5.281647186691773577e-05
1.906800000000000139e+01,3.150118948853225520e-05
1.907000000000000028e+01,-1.655603153762411073e-05
1.907199999999999918e+01,-2.179871716642342583e-05
1.907400000000000162e+01,5.825801609885342125e-05
1.907600000000000051e+01,-5.173784887613219752e-05
1.907799999999999940e+01,3.163734011507254862e-05
1.908000000000000185e+01,-1.651047559846421930e-05
1.908200000000000074e+01,-2.138783940846405995e-05
1.908399999999999963e+01,5.935275606247167324e-05
1.908600000000000207e+01,-5.277875561862307996e-05
1.908800000000000097e+01,3.150898722777129013e-05
1.908999999999999986e+01,-1.655233109318712814e-05
1.909199999999999875e+01,-2.179104618638127988e-05
1.909400000000000119e+01,5.825537830635857395e-05
1.909600000000000009e+01,-5.173552782211654488e-05
1.909799999999999898e+01,3.163791417167688413e-05
1.910000000000000142e+01,-1.651018662291933725e-05
1.910200000000000031e+01,-2.138728382619289881e-05
1.910399999999999920e+01,5.935255369421063576e-05
1.910600000000000165e+01,-5.277856230575042606e-05
1.910800000000000054e+01,3.150902674119160363e-05
1.910999999999999943e+01,-1.655231199943277276e-05
1.911200000000000188e+01,-2.179100650446033627e-05
1.911400000000000077e+01,5.835733381190713609e-05
1.911599999999999966e+01,-5.187411585599877029e-05
1.911800000000000210e+01,3.165064981546991674e-05
1.912000000000000099e+01,-1.650058909521273653e-05
1.912199999999999989e+01,-2.165444725472226439e-05
1.912399999999999878e+01,5.820865767567837135e-05
1.912600000000000122e+01,-5.169442047131198037e-05
1.912800000000000011e+01,3.164807929718904678e-05
1.912999999999999901e+01,-1.650507633700962207e-05
1.913200000000000145e+01,-2.137745871340010484e-05
1.913400000000000034e+01,5.934897699187355324e-05
1.913599999999999923e+01,-5.277514676870972976e-05
1.913800000000000168e+01,3.150973382197788664e-05
1.914000000000000057e+01,-1.655197580375036837e-05
1.914199999999999946e+01,-2.179030981534421652e-05
1.914400000000000190e+01,5.825512461322610025e-05
1.914600000000000080e+01,-5.173530470864440289e-05
1.914799999999999969e+01,3.163796815118177785e-05
1.915000000000000213e+01,-1.651015855813620092e-05
1.915200000000000102e+01,-2.138722967109582540e-05
1.915399999999999991e+01,5.935253370887086377e-05
1.915599999999999881e+01,-5.277854305474338759e-05
1.915800000000000125e+01,3.150902933688956575e-05
1.916000000000000014e+01,-1.655230987476774551e-05
1.916199999999999903e+01,-2.179100189326696468e-05
1.916400000000000148e+01,5.825536236478759400e-05
1.916600000000000037e+01,-5.173551396382355949e-05
1.916799999999999926e+01,3.163791584691669212e-05
1.917000000000000171e+01,-1.651018445989957395e-05
1.917200000000000060e+01,-2.166391644265949767e-05
1.917399999999999949e+01,5.822579539901603929e-05
1.917600000000000193e+01,-5.170746450597341060e-05
1.917800000000000082e+01,3.164465870249266732e-05
1.917999999999999972e+01,-1.650677359963173552e-05
1.918200000000000216e+01,-2.166012256776470024e-05
1.918400000000000105e+01,5.821067445161559606e-05
1.918599999999999994e+01,-5.169619634539865394e-05
1.918799999999999883e+01,3.164763551797775132e-05
1.919000000000000128e+01,-1.650529841412673449e-05
1.919200000000000017e+01,-2.165726285927732642e-05
1.919399999999999906e+01,5.831169483017442645e-05
1.919600000000000151e+01,-5.183395341689170377e-05
1.919800000000000040e+01,3.166057867664759384e-05
1.919999999999999929e+01,-1.649559687881205217e-05
1.920200000000000173e+01,-2.164472162797040355e-05
1.920400000000000063e+01,5.830731635554642356e-05
1.920599999999999952e+01,-5.183009873033911363e-05
1.920800000000000196e+01,3.166153557651943395e-05
1.921000000000000085e+01,-1.649511549679794076e-05
1.921199999999999974e+01,-2.164092247348634035e-05
1.921399999999999864e+01,5.821780517740668404e-05
1.921600000000000108e+01,-5.170043248501482447e-05
1.921799999999999997e+01,3.164640167065829734e-05
1.921999999999999886e+01,-1.650589643597058509e-05
1.922200000000000131e+01,-2.137902152163709268e-05
1.922400000000000020e+01,5.934954588397711728e-05
1.922599999999999909e+01,-5.277568969859480763e-05
1.922800000000000153e+01,3.150961876450045218e-05
1.923000000000000043e+01,-1.655202882031719946e-05
1.923199999999999932e+01,-2.179041931188452352e-05
1.923400000000000176e+01,5.825516132483554710e-05
1.923600000000000065e+01,-5.173533724697060299e-05
1.923799999999999955e+01,3.163795783648476467e-05
1.924000000000000199e+01,-1.651016202542168743e-05
1.924200000000000088e+01,-2.166673763277435216e-05
1.924399999999999977e+01,5.821295187600009080e-05
1.924599999999999866e+01,-5.169820056819332543e-05
1.924800000000000111e+01,3.164713773425378851e-05
1.925000000000000000e+01,-1.650554755202801593e-05
1.925199999999999889e+01,-2.137836379636701145e-05
1.925400000000000134e+01,5.934930580158911950e-05
1.925600000000000023e+01,-5.277546030738392013e-05
1.925799999999999912e+01,3.150966548049957683e-05
1.926000000000000156e+01,-1.655200611613144579e-05
1.926200000000000045e+01,-2.179037213122930750e-05
1.926399999999999935e+01,5.825514478997526058e-05
1.926600000000000179e+01,-5.173532276963807575e-05
1.926800000000000068e+01,3.163796066260951556e-05
1.926999999999999957e+01,-1.651016003787614261e-05
1.927200000000000202e+01,-2.138723215153182089e-05
1.927400000000000091e+01,5.935253395344952665e-05
1.927599999999999980e+01,-5.277854285105562648e-05
1.927799999999999869e+01,3.150902605500091602e-05
1.928000000000000114e+01,-1.655230931366102887e-05
1.928200000000000003e+01,-2.179100026426794567e-05
1.928399999999999892e+01,5.825536057584360106e-05
1.928600000000000136e+01,-5.173551270980583650e-05
1.928800000000000026e+01,3.163791313729250043e-05
1.928999999999999915e+01,-1.651018355120978387e-05
1.929200000000000159e+01,-2.138727726293948583e-05
1.929400000000000048e+01,5.935255026269167788e-05
1.929599999999999937e+01,-5.277855835628120218e-05
1.929800000000000182e+01,3.150902227925037047e-05
1.930000000000000071e+01,-1.655231075317620260e-05
1.930199999999999960e+01,-2.150988540403769855e-05
1.930400000000000205e+01,5.939678650351137845e-05
1.930600000000000094e+01,-5.282079312685095118e-05
1.930799999999999983e+01,3.150028464918644411e-05
1.930999999999999872e+01,-1.655645704061459167e-05
1.931200000000000117e+01,-2.179959731520714206e-05
1.931400000000000006e+01,5.825831627379041144e-05
1.931599999999999895e+01,-5.173811362055996677e-05
1.931800000000000139e+01,3.163726854309503733e-05
1.932000000000000028e+01,-1.651050703362424987e-05
1.932199999999999918e+01,-2.138789903805352055e-05
1.932400000000000162e+01,5.945403445146296706e-05
1.932600000000000051e+01,-5.291693989036005963e-05
1.932799999999999940e+01,3.152180979203861311e-05
1.933000000000000185e+01,-1.654268135167433207e-05
1.933200000000000074e+01,-2.149765106945061843e-05
1.933399999999999963e+01,5.939227034893954094e-05
1.933600000000000207e+01,-5.281647935454630849e-05
1.933800000000000097e+01,3.150118043012892222e-05
1.933999999999999986e+01,-1.655603103855457503e-05
1.934199999999999875e+01,-2.151749666105817749e-05
1.934400000000000119e+01,5.939955219701198441e-05
1.934600000000000009e+01,-5.282343389094099062e-05
1.934799999999999898e+01,3.149973640912545614e-05
1.935000000000000142e+01,-1.655671657689941623e-05
1.935200000000000031e+01,-2.151889796918673992e-05
1.935399999999999920e+01,5.940006139617745595e-05
1.935600000000000165e+01,-5.282392008416209039e-05
1.935800000000000054e+01,3.149963540036160303e-05
1.935999999999999943e+01,-1.655676435911856981e-05
1.936200000000000188e+01,-2.180023388123966677e-05
1.936400000000000077e+01,5.825853463623312245e-05
1.936599999999999966e+01,-5.173830591154171543e-05
1.936800000000000210e+01,3.163721970516827908e-05
1.937000000000000099e+01,-1.651053066397539792e-05
1.937199999999999989e+01,-2.166458990952857544e-05
1.937399999999999878e+01,5.822602553364267242e-05
1.937600000000000122e+01,-5.170766753847741426e-05
1.937800000000000011e+01,3.164460339970254221e-05
1.937999999999999901e+01,-1.650679762959031405e-05
1.938200000000000145e+01,-2.138075294451022290e-05
1.938400000000000034e+01,5.935017527248370728e-05
1.938599999999999923e+01,-5.277629014335469271e-05
1.938800000000000168e+01,3.150948987346718910e-05
1.939000000000000057e+01,-1.655208718116460420e-05
1.939199999999999946e+01,-2.150942790954055162e-05
1.939400000000000190e+01,5.939661976088125850e-05
1.939600000000000080e+01,-5.282063358968622224e-05
1.939799999999999969e+01,3.150031521529511602e-05
1.940000000000000213e+01,-1.655644094653713205e-05
1.940200000000000102e+01,-2.151833408612496834e-05
1.940399999999999991e+01,5.939985620396007193e-05
1.940599999999999881e+01,-5.282372396210946452e-05
1.940800000000000125e+01,3.149967463749597796e-05
1.941000000000000014e+01,-1.655674484975222516e-05
1.941199999999999903e+01,-2.151895552014726487e-05
1.941400000000000148e+01,5.940008197096238729e-05
1.941600000000000037e+01,-5.282393951396360809e-05
1.941799999999999926e+01,3.149962971461459094e-05
1.942000000000000171e+01,-1.655676599728039822e-05
1.942200000000000060e+01,-2.151899875277307750e-05
1.942399999999999949e+01,5.940009763128265008e-05
1.942600000000000193e+01,-5.282395442774909244e-05
1.942800000000000082e+01,3.149962634005354367e-05
1.942999999999999972e+01,-1.655676740221906362e-05
1.943200000000000216e+01,-2.180023997270380542e-05
1.943400000000000105e+01,5.825853603119365842e-05
1.943599999999999994e+01,-5.173830731723672027e-05
1.943799999999999883e+01,3.163721760503918068e-05
1.944000000000000128e+01,-1.651053038476471557e-05
1.944200000000000017e+01,-2.138794351037864860e-05
1.944399999999999906e+01,5.935279196467649343e-05
1.944600000000000151e+01,-5.277878862024534823e-05
1.944800000000000040e+01,3.150897040457220633e-05
1.944999999999999929e+01,-1.655233273941542071e-05
1.945200000000000173e+01,-2.150992980809104949e-05
1.945400000000000063e+01,5.939680181191869801e-05
1.945599999999999952e+01,-5.282080720065210344e-05
1.945800000000000196e+01,3.150027758252668675e-05
1.946000000000000085e+01,-1.655645774377781376e-05
1.946199999999999974e+01,-2.151836825732209024e-05
1.946399999999999864e+01,5.939986829167631655e-05
1.946600000000000108e+01,-5.282373528505898697e-05
1.946799999999999997e+01,3.149967063704323111e-05
1.946999999999999886e+01,-1.655674569630422033e-05
1.947200000000000131e+01,-2.151895703270470528e-05
1.947400000000000020e+01,5.950129867202114120e-05
1.947599999999999909e+01,-5.296207863826271622e-05
1.947800000000000153e+01,3.151246655371670036e-05
1.948000000000000043e+01,-1.654711230129543575e-05
1.948199999999999932e+01,-2.150671490993086299e-05
1.948400000000000176e+01,5.949678369921232446e-05
1.948600000000000065e+01,-5.295776482975092514e-05
1.948799999999999955e+01,3.151336289509282240e-05
1.949000000000000199e+01,-1.654668642178322435e-05
1.949200000000000088e+01,-2.150584450616097043e-05
1.949399999999999977e+01,6.112099724396927170e-05
1.949599999999999866e+01,-5.858362807483266654e-05
1.949800000000000111e+01,3.292832083415936362e-05
1.950000000000000000e+01,-1.561305841706051023e-05
1.950199999999999889e+01,-2.035911245369323441e-05
1.950400000000000134e+01,5.775859284021592210e-05
1.950600000000000023e+01,-5.129831195078635164e-05
1.950799999999999912e+01,3.174631250638104696e-05
1.951000000000000156e+01,-1.645567460788893710e-05
1.951200000000000045e+01,-2.128251471919528903e-05
1.951399999999999935e+01,5.941570457636269342e-05
1.951600000000000179e+01,-5.288032688450378105e-05
1.951800000000000068e+01,3.152939303135635085e-05
1.951999999999999957e+01,-1.653907837920881585e-05
1.952200000000000202e+01,-2.149028253617749074e-05
1.952400000000000091e+01,5.938959154307490995e-05
1.952599999999999980e+01,-5.281392071559282142e-05
1.952799999999999869e+01,3.150170526849960240e-05
1.953000000000000114e+01,-1.655577855363271622e-05
1.953200000000000003e+01,-2.151697959722892461e-05
1.953399999999999892e+01,5.939936325134731465e-05
1.953600000000000136e+01,-5.282325277989122214e-05
1.953800000000000026e+01,3.149976864999168291e-05
1.953999999999999915e+01,-1.655669791130950919e-05
1.954200000000000159e+01,-2.180009550830849796e-05
1.954400000000000048e+01,5.825848520196741376e-05
1.954599999999999937e+01,-5.173826287416943837e-05
1.954800000000000182e+01,3.163722584293218731e-05
1.955000000000000071e+01,-1.651052418478321515e-05
1.955199999999999960e+01,-2.138793116331777489e-05
1.955400000000000205e+01,5.935278685843814461e-05
1.955600000000000094e+01,-5.277878334029179053e-05
1.955799999999999983e+01,3.150896842863890046e-05
1.955999999999999872e+01,-1.655233172766917837e-05
1.956200000000000117e+01,-2.179104555766545048e-05
1.956400000000000006e+01,5.825537327337065863e-05
1.956599999999999895e+01,-5.173552460753863547e-05
1.956800000000000139e+01,3.163790318022954851e-05
1.957000000000000028e+01,-1.651018327280054376e-05
1.957199999999999918e+01,-2.166677777941730665e-05
1.957400000000000162e+01,5.821296232638023538e-05
1.957600000000000051e+01,-5.169821061949686491e-05
1.957799999999999940e+01,3.164712696814009352e-05
1.958000000000000185e+01,-1.650554671855236633e-05
1.958200000000000074e+01,-2.137836110421148517e-05
1.958399999999999963e+01,5.934930301356930449e-05
1.958600000000000207e+01,-5.277545646455855666e-05
1.958800000000000097e+01,3.150965711491010568e-05
1.958999999999999986e+01,-1.655200424592606634e-05
1.959199999999999875e+01,-2.150925758223273809e-05
1.959400000000000119e+01,5.939655675063493234e-05
1.959600000000000009e+01,-5.282057268803444505e-05
1.959799999999999898e+01,3.150032226718196826e-05
1.960000000000000142e+01,-1.655643405757897813e-05
1.960200000000000031e+01,-2.151831926994196564e-05
1.960399999999999920e+01,5.939984971203501884e-05
1.960600000000000165e+01,-5.282371705337546297e-05
1.960800000000000054e+01,3.149967052876873064e-05
1.960999999999999943e+01,-1.655674325980530104e-05
1.961200000000000188e+01,-2.151895155554084393e-05
1.961400000000000077e+01,5.940007942556099763e-05
1.961599999999999966e+01,-5.282393636062837627e-05
1.961800000000000210e+01,3.149962480593695990e-05
1.962000000000000099e+01,-1.655676478461154399e-05
1.962199999999999989e+01,-2.180023374576817163e-05
1.962399999999999878e+01,5.825853193083124770e-05
1.962600000000000122e+01,-5.173830419618122289e-05
1.962800000000000011e+01,3.163721360634197399e-05
1.962999999999999901e+01,-1.651052881801798322e-05
1.963200000000000145e+01,-2.166745059324279299e-05
1.963400000000000034e+01,5.821319347161860169e-05
1.963599999999999923e+01,-5.169841416930581746e-05
1.963800000000000168e+01,3.164707505340716431e-05
1.964000000000000057e+01,-1.650557168155972199e-05
1.964199999999999946e+01,-2.165779342661044993e-05
1.964400000000000190e+01,5.820986696608923538e-05
1.964600000000000080e+01,-5.169548696371678576e-05
1.964799999999999969e+01,3.164779965180927745e-05
1.965000000000000213e+01,-1.650520720809789399e-05
1.965200000000000102e+01,-2.165708349320324966e-05
1.965399999999999991e+01,5.820962233372972694e-05
1.965599999999999881e+01,-5.169527173002480547e-05
1.965800000000000125e+01,3.164785270828168739e-05
1.966000000000000014e+01,-1.650518036141329636e-05
1.966199999999999903e+01,-2.137765656038542739e-05
1.966400000000000148e+01,5.934904610101904288e-05
1.966600000000000037e+01,-5.277521084256359130e-05
1.966799999999999926e+01,3.150970581846171403e-05
1.967000000000000171e+01,-1.655197973582378523e-05
1.967200000000000060e+01,-2.179031581326859590e-05
1.967399999999999949e+01,5.825512122825671213e-05
1.967600000000000193e+01,-5.173530309683996298e-05
1.967800000000000082e+01,3.163795525249965546e-05
1.967999999999999972e+01,-1.651015502139932534e-05
1.968200000000000216e+01,-2.166672234299449329e-05
1.968400000000000105e+01,5.831494552949526011e-05
1.968599999999999994e+01,-5.183681580912813391e-05
1.968799999999999883e+01,3.165985749921385040e-05
1.969000000000000128e+01,-1.649595017361865645e-05
1.969200000000000017e+01,-2.136618658621705635e-05
1.969399999999999906e+01,5.934480817021414722e-05
1.969600000000000151e+01,-5.277116274935225726e-05
1.969800000000000040e+01,3.151054651773926851e-05
1.969999999999999929e+01,-1.655157988215971709e-05
1.970200000000000173e+01,-2.178948774646943809e-05
1.970400000000000063e+01,5.825483618690507903e-05
1.970599999999999952e+01,-5.173505236171632715e-05
1.970800000000000196e+01,3.163801656346637570e-05
1.971000000000000085e+01,-1.651012363304560360e-05
1.971199999999999974e+01,-2.138716063088130781e-05
1.971399999999999864e+01,5.935250549081450000e-05
1.971600000000000108e+01,-5.277851408292885682e-05
1.971799999999999997e+01,3.150901978794806713e-05
1.971999999999999886e+01,-1.655230450745351356e-05
1.972200000000000131e+01,-2.150987108553298333e-05
1.972400000000000020e+01,5.939677898023423830e-05
1.972599999999999909e+01,-5.282078443386711841e-05
1.972800000000000153e+01,3.150027479301847899e-05
1.973000000000000043e+01,-1.655645429228871923e-05
1.973199999999999932e+01,-2.179958994947758799e-05
1.973400000000000176e+01,5.825830944213017393e-05
1.973600000000000065e+01,-5.173810870893677527e-05
1.973799999999999955e+01,3.163725923436069842e-05
1.974000000000000199e+01,-1.651050379853150063e-05
1.974200000000000088e+01,-2.166740144483175756e-05
1.974399999999999977e+01,5.831517865229410291e-05
1.974599999999999866e+01,-5.183702114989682808e-05
1.974800000000000111e+01,3.165980513620408887e-05
1.975000000000000000e+01,-1.649597537165675698e-05
1.975199999999999889e+01,-2.164259466449353075e-05
1.975400000000000134e+01,5.832038046461873737e-05
1.975600000000000023e+01,-5.183955939418172232e-05
1.975799999999999912e+01,3.165899210937073160e-05
1.976000000000000156e+01,-1.649636222399164520e-05
1.976200000000000045e+01,-2.164619695340513905e-05
1.976399999999999935e+01,5.820580980339315480e-05
1.976600000000000179e+01,-5.169191608652909387e-05
1.976800000000000068e+01,3.164868334648573978e-05
1.976999999999999957e+01,-1.650476053461844006e-05
1.977200000000000202e+01,-2.137684950220125613e-05
1.977400000000000091e+01,5.934875169459272182e-05
1.977599999999999980e+01,-5.277492932423064054e-05
1.977799999999999869e+01,3.150976110821712695e-05
1.978000000000000114e+01,-1.655195153546507036e-05
1.978200000000000003e+01,-2.150914907178211322e-05
1.978399999999999892e+01,5.939651626810094065e-05
1.978600000000000136e+01,-5.282053335276676309e-05
1.978800000000000026e+01,3.150032514811704210e-05
1.978999999999999915e+01,-1.655642933538065131e-05
1.979200000000000159e+01,-2.151830890615574754e-05
1.979400000000000048e+01,5.939984489793104228e-05
1.979599999999999937e+01,-5.282371176236130839e-05
1.979800000000000182e+01,3.149966633374245983e-05
1.980000000000000071e+01,-1.655674188406550118e-05
1.980199999999999960e+01,-2.180018557538729307e-05
1.980400000000000205e+01,5.825851351543703815e-05
1.980600000000000094e+01,-5.173828845228892193e-05
1.980799999999999983e+01,3.163721298166458085e-05
1.980999999999999872e+01,-1.651052573364147902e-05
1.981200000000000117e+01,-2.166457867249990676e-05
1.981400000000000006e+01,5.832801536487935978e-05
1.981599999999999895e+01,-5.184628034266003382e-05
1.981800000000000139e+01,3.165732342319885206e-05
1.982000000000000028e+01,-1.649720013677247188e-05
1.982199999999999918e+01,-2.136857540816286538e-05
1.982400000000000162e+01,5.934567751717315098e-05
1.982600000000000051e+01,-5.277199245733513178e-05
1.982799999999999940e+01,3.151037091177200100e-05
1.983000000000000185e+01,-1.655166091826115737e-05
1.983200000000000074e+01,-2.150855516076452534e-05
1.983399999999999963e+01,6.112197128632299026e-05
1.983600000000000207e+01,-5.858458349703235535e-05
1.983800000000000097e+01,3.292811053148825273e-05
1.983999999999999986e+01,-1.561315175016564361e-05
1.984199999999999875e+01,-2.035930449267170372e-05
1.984400000000000119e+01,5.775865539868821341e-05
1.984600000000000009e+01,-5.129836789003958120e-05
1.984799999999999898e+01,3.174629010344390267e-05
1.985000000000000142e+01,-1.645567941771161613e-05
1.985200000000000031e+01,-2.156063729582755051e-05
1.985399999999999920e+01,5.817639919832376383e-05
1.985600000000000165e+01,-5.166603678415787604e-05
1.985800000000000054e+01,3.165508699003519166e-05
1.985999999999999943e+01,-1.650153958616604188e-05
1.986200000000000188e+01,-2.164993919691327040e-05
1.986400000000000077e+01,5.820715931784820052e-05
1.986599999999999966e+01,-5.169310487888184591e-05
1.986800000000000210e+01,3.164838398397873398e-05
1.987000000000000099e+01,-1.650490927930861607e-05
1.987199999999999989e+01,-2.165363870086645104e-05
1.987399999999999878e+01,5.822224473153378432e-05
1.987600000000000122e+01,-5.170434185192834819e-05
1.987800000000000011e+01,3.164541443657561959e-05
1.987999999999999901e+01,-1.650638041647903287e-05
1.988200000000000145e+01,-2.137994925145367264e-05
1.988400000000000034e+01,5.934987996406362876e-05
1.988599999999999923e+01,-5.277600633218221260e-05
1.988800000000000168e+01,3.150953479240728439e-05
1.989000000000000057e+01,-1.655205700872366958e-05
1.989199999999999946e+01,-2.150936435577413541e-05
1.989400000000000190e+01,5.949781344617363632e-05
1.989600000000000080e+01,-5.295874820832394136e-05
1.989799999999999969e+01,3.151314490563647541e-05
1.990000000000000213e+01,-1.654678286774208251e-05
1.990200000000000102e+01,-2.150603963236435989e-05
1.990399999999999991e+01,5.939531562145980437e-05
1.990599999999999881e+01,-5.281938517517903442e-05
1.990800000000000125e+01,3.150056253260757888e-05
1.991000000000000014e+01,-1.655631426322745625e-05
1.991199999999999903e+01,-2.151807372944777863e-05
1.991400000000000148e+01,5.939975876004949251e-05
1.991600000000000037e+01,-5.282362906627868782e-05
1.991799999999999926e+01,3.149968010816850406e-05
1.992000000000000171e+01,-1.655673320570538731e-05
1.992200000000000060e+01,-2.151892986013148601e-05
1.992399999999999949e+01,5.940006983163118037e-05
1.992600000000000193e+01,-5.282392607747557478e-05
1.992800000000000082e+01,3.149961828924352503e-05
1.992999999999999972e+01,-1.655676236848174776e-05
1.993200000000000216e+01,-2.180022749951812666e-05
1.993400000000000105e+01,5.825852660075112044e-05
1.993599999999999994e+01,-5.173830030556075821e-05
1.993799999999999883e+01,3.163720677698891870e-05
1.994000000000000128e+01,-1.651052639364825048e-05
1.994200000000000017e+01,-2.166744469850670485e-05
1.994399999999999906e+01,5.821318825841373390e-05
1.994600000000000151e+01,-5.169841038225875263e-05
1.994800000000000040e+01,3.164706819579199415e-05
1.994999999999999929e+01,-1.650556926554441750e-05
1.995200000000000173e+01,-2.137840316498648696e-05
1.995400000000000063e+01,5.934931627192205350e-05
1.995599999999999952e+01,-5.277546779447472858e-05
1.995800000000000196e+01,3.150964447948614855e-05
1.996000000000000085e+01,-1.655200369773610070e-05
1.996199999999999974e+01,-2.179036431640066218e-05
1.996400000000000219e+01,5.825513492377712432e-05
1.996600000000000108e+01,-5.173531590553850923e-05
1.996799999999999997e+01,3.163794478430737023e-05
1.996999999999999886e+01,-1.651015479986125967e-05
1.997200000000000131e+01,-2.138721963576561969e-05
1.997400000000000020e+01,5.935252553764674976e-05
1.997599999999999909e+01,-5.277853227749276788e-05
1.997800000000000153e+01,3.150900877264481426e-05
1.998000000000000043e+01,-1.655230512834920953e-05
1.998199999999999932e+01,-2.150987138586912817e-05
1.998400000000000176e+01,5.939677765575204771e-05
1.998600000000000065e+01,-5.282078222373920440e-05
1.998799999999999955e+01,3.150026799862357119e-05
1.999000000000000199e+01,-1.655645290992227570e-05
1.999200000000000088e+01,-2.151835635763252319e-05
1.999399999999999977e+01,5.939986103176836396e-05
1.999599999999999866e+01,-5.282372644650062954e-05
1.999800000000000111e+01,3.149965772040672074e-05
