0.000000000000000000e+00,0.000000000000000000e+00
2.000000000000000042e-03,0.000000000000000000e+00
4.000000000000000083e-03,0.000000000000000000e+00
6.000000000000000125e-03,0.000000000000000000e+00
8.000000000000000167e-03,0.000000000000000000e+00
1.000000000000000021e-02,0.000000000000000000e+00
1.200000000000000025e-02,0.000000000000000000e+00
1.400000000000000029e-02,0.000000000000000000e+00
1.600000000000000033e-02,0.000000000000000000e+00
1.800000000000000211e-02,0.000000000000000000e+00
2.000000000000000042e-02,0.000000000000000000e+00
2.199999999999999872e-02,0.000000000000000000e+00
2.400000000000000050e-02,0.000000000000000000e+00
2.600000000000000228e-02,0.000000000000000000e+00
2.800000000000000058e-02,0.000000000000000000e+00
2.999999999999999889e-02,0.000000000000000000e+00
3.200000000000000067e-02,0.000000000000000000e+00
3.400000000000000244e-02,0.000000000000000000e+00
3.600000000000000422e-02,0.000000000000000000e+00
3.799999999999999906e-02,0.000000000000000000e+00
4.000000000000000083e-02,0.000000000000000000e+00
4.200000000000000261e-02,0.000000000000000000e+00
4.399999999999999745e-02,0.000000000000000000e+00
4.599999999999999922e-02,0.000000000000000000e+00
4.800000000000000100e-02,0.000000000000000000e+00
5.000000000000000278e-02,0.000000000000000000e+00
5.200000000000000455e-02,0.000000000000000000e+00
5.399999999999999939e-02,0.000000000000000000e+00
5.600000000000000117e-02,0.000000000000000000e+00
5.800000000000000294e-02,0.000000000000000000e+00
5.999999999999999778e-02,0.000000000000000000e+00
6.199999999999999956e-02,0.000000000000000000e+00
6.400000000000000133e-02,0.000000000000000000e+00
6.600000000000000311e-02,0.000000000000000000e+00
6.800000000000000488e-02,0.000000000000000000e+00
7.000000000000000666e-02,0.000000000000000000e+00
7.200000000000000844e-02,0.000000000000000000e+00
7.399999999999999634e-02,0.000000000000000000e+00
7.599999999999999811e-02,0.000000000000000000e+00
7.799999999999999989e-02,0.000000000000000000e+00
8.000000000000000167e-02,0.000000000000000000e+00
8.200000000000000344e-02,0.000000000000000000e+00
8.400000000000000522e-02,0.000000000000000000e+00
8.600000000000000699e-02,0.000000000000000000e+00
8.799999999999999489e-02,0.000000000000000000e+00
8.999999999999999667e-02,0.000000000000000000e+00
9.199999999999999845e-02,0.000000000000000000e+00
9.400000000000000022e-02,0.000000000000000000e+00
9.600000000000000200e-02,0.000000000000000000e+00
9.800000000000000377e-02,0.000000000000000000e+00
1.000000000000000056e-01,0.000000000000000000e+00
1.020000000000000073e-01,0.000000000000000000e+00
1.040000000000000091e-01,0.000000000000000000e+00
1.059999999999999970e-01,0.000000000000000000e+00
1.079999999999999988e-01,0.000000000000000000e+00
1.100000000000000006e-01,0.000000000000000000e+00
1.120000000000000023e-01,0.000000000000000000e+00
1.140000000000000041e-01,0.000000000000000000e+00
1.160000000000000059e-01,0.000000000000000000e+00
1.180000000000000077e-01,0.000000000000000000e+00
1.199999999999999956e-01,0.000000000000000000e+00
1.219999999999999973e-01,0.000000000000000000e+00
1.239999999999999991e-01,0.000000000000000000e+00
1.260000000000000009e-01,0.000000000000000000e+00
1.280000000000000027e-01,0.000000000000000000e+00
1.300000000000000044e-01,0.000000000000000000e+00
1.320000000000000062e-01,2.447332860310576397e+00
1.340000000000000080e-01,4.869638019171189658e-01
1.360000000000000098e-01,4.379015387770428536e-01
1.380000000000000115e-01,3.879227003965827758e-01
1.400000000000000133e-01,3.372735999899356685e-01
1.420000000000000151e-01,2.859476168713326882e-01
1.440000000000000169e-01,2.339976561307147429e-01
1.459999999999999909e-01,1.814721585509149193e-01
1.479999999999999927e-01,1.284151229757843904e-01
1.499999999999999944e-01,7.486646436033149443e-02
1.519999999999999962e-01,2.086235537554526759e-02
1.539999999999999980e-01,-3.356445542979129282e-02
1.559999999999999998e-01,-8.838429198043745716e-02
1.580000000000000016e-01,-1.435692870019658618e-01
1.600000000000000033e-01,-1.990939028860331528e-01
1.620000000000000051e-01,-2.549350473819411156e-01
1.640000000000000069e-01,-3.110717514791989657e-01
1.660000000000000087e-01,-3.674850094356175711e-01
1.680000000000000104e-01,-4.241575980595758688e-01
1.700000000000000122e-01,-4.810739090451450206e-01
1.720000000000000140e-01,-5.382197936310209041e-01
1.740000000000000158e-01,-5.707400123214334542e-01
1.759999999999999898e-01,-6.000645791026931741e-01
1.779999999999999916e-01,-6.294818456538533447e-01
1.799999999999999933e-01,-6.590304201809067397e-01
1.819999999999999951e-01,-6.049028808301785132e-01
1.839999999999999969e-01,9.794920591552770395e-01
1.859999999999999987e-01,9.791608293158734488e-01
1.880000000000000004e-01,7.577810956590623759e-01
1.900000000000000022e-01,6.097127185248660819e-01
1.920000000000000040e-01,4.399644457702931999e-01
1.940000000000000058e-01,2.557800568615675729e-01
1.960000000000000075e-01,6.331484676024909386e-02
1.980000000000000093e-01,-1.076564215243864669e-01
2.000000000000000111e-01,-1.663553045748119574e-01
2.020000000000000129e-01,-2.180164349595825890e-01
2.040000000000000147e-01,-3.082902222616363819e-01
2.060000000000000164e-01,-4.064168261955252714e-01
2.080000000000000182e-01,-5.046020646113155150e-01
2.099999999999999922e-01,-6.028477560301066518e-01
2.119999999999999940e-01,-7.011901529349271467e-01
2.139999999999999958e-01,-2.524134715059531131e-01
2.159999999999999976e-01,-3.590297181107499069e-02
2.179999999999999993e-01,6.181409937923262876e-02
2.200000000000000011e-01,3.810288446652672356e-02
2.220000000000000029e-01,5.956621547651141935e-04
2.240000000000000047e-01,1.112967752400586575e-04
2.260000000000000064e-01,7.395173142658540636e-05
2.280000000000000082e-01,1.059728833758229519e-04
2.300000000000000100e-01,1.145298111365241191e-04
2.320000000000000118e-01,7.120052226818151912e-04
2.340000000000000135e-01,-3.360993179571469076e-04
2.360000000000000153e-01,-3.088637665470405648e-04
2.380000000000000171e-01,2.318243480161248649e-04
2.399999999999999911e-01,-3.014288216537263005e-04
2.419999999999999929e-01,2.616253147673028561e-05
2.439999999999999947e-01,3.363255586281298546e-05
2.459999999999999964e-01,1.854320367828196951e-03
2.479999999999999982e-01,-9.119208202800525246e-04
2.500000000000000000e-01,-2.912200100034518634e-04
2.520000000000000018e-01,-5.580079774748965011e-06
2.540000000000000036e-01,-4.760213368555523783e-04
2.560000000000000053e-01,4.927314409339171412e-03
2.580000000000000071e-01,-5.604238263241254417e-04
2.600000000000000089e-01,-3.746307613842663267e-04
2.620000000000000107e-01,-2.757163378662121273e-04
2.640000000000000124e-01,-2.143476338607442060e-04
2.660000000000000142e-01,-1.747731026667047837e-04
2.680000000000000160e-01,-1.479968326667325043e-04
2.700000000000000178e-01,-1.847682006117276729e-04
2.720000000000000195e-01,-1.730898700087905916e-04
2.740000000000000213e-01,-1.598902364397795819e-04
2.760000000000000231e-01,-1.476072870449168187e-04
2.780000000000000249e-01,-1.361327205385422332e-04
2.800000000000000266e-01,-1.254576933009732872e-04
2.820000000000000284e-01,-1.123348155747719008e-04
2.840000000000000302e-01,-1.013911969619578574e-04
2.860000000000000320e-01,-9.328273004992088547e-05
2.880000000000000338e-01,-8.581414323044787634e-05
2.899999999999999800e-01,-7.894865854753496215e-05
2.919999999999999818e-01,-7.263251566773945784e-05
2.939999999999999836e-01,-6.682166596165678147e-05
2.959999999999999853e-01,-6.147570351545021759e-05
2.979999999999999871e-01,-5.655743615417478231e-05
2.999999999999999889e-01,-5.203264746605984427e-05
3.019999999999999907e-01,-4.786985725333049485e-05
3.039999999999999925e-01,-4.404010507752099648e-05
3.059999999999999942e-01,-4.051674574166815501e-05
3.079999999999999960e-01,-3.727526725012685922e-05
3.099999999999999978e-01,-3.429311843349665755e-05
3.119999999999999996e-01,-3.154955127655154735e-05
3.140000000000000013e-01,-2.902547945895143060e-05
3.160000000000000031e-01,-2.670334192430135381e-05
3.180000000000000049e-01,-2.456698264198492698e-05
3.200000000000000067e-01,-2.260154007092968835e-05
3.220000000000000084e-01,-2.079333978784711940e-05
3.240000000000000102e-01,1.207632540964520996e-04
3.260000000000000120e-01,3.226252931187671550e-05
3.280000000000000138e-01,5.148622479283002226e-05
3.300000000000000155e-01,1.319364364027742203e-05
3.320000000000000173e-01,1.406521499047504825e-05
3.340000000000000191e-01,1.341672391138160765e-05
3.360000000000000209e-01,1.235971511643148091e-05
3.380000000000000226e-01,1.137012006226618257e-05
3.400000000000000244e-01,1.046045057471008859e-05
3.420000000000000262e-01,9.623567290783873298e-06
3.440000000000000280e-01,8.853629529359474955e-06
3.460000000000000298e-01,8.145291268563302164e-06
3.480000000000000315e-01,7.493623281603966454e-06
3.500000000000000333e-01,6.894092333127207216e-06
3.519999999999999796e-01,6.342527204681123597e-06
3.539999999999999813e-01,5.835090260236256201e-06
3.559999999999999831e-01,5.368251033983875837e-06
3.579999999999999849e-01,4.938761601909438932e-06
3.599999999999999867e-01,4.543633357916003224e-06
3.619999999999999885e-01,4.180117582603373380e-06
3.639999999999999902e-01,3.845685235278446194e-06
3.659999999999999920e-01,3.538009468044864672e-06
3.679999999999999938e-01,3.254949100366486358e-06
3.699999999999999956e-01,2.994535249983982660e-06
3.719999999999999973e-01,2.754955904344498476e-06
3.739999999999999991e-01,2.534544111424280570e-06
3.760000000000000009e-01,2.331766364165220361e-06
3.780000000000000027e-01,2.145212417928914202e-06
3.800000000000000044e-01,1.973583172702569771e-06
3.820000000000000062e-01,1.815685671230649660e-06
3.840000000000000080e-01,1.670420587331256120e-06
3.860000000000000098e-01,1.536777471297319323e-06
3.880000000000000115e-01,1.413826622029436648e-06
3.900000000000000133e-01,1.300712519654412239e-06
3.920000000000000151e-01,1.196647987328981471e-06
3.940000000000000169e-01,1.100909274032295768e-06
3.960000000000000187e-01,1.012830306124390490e-06
3.980000000000000204e-01,9.317980364465887926e-07
4.000000000000000222e-01,8.572489322706763336e-07
4.020000000000000240e-01,7.886640073941633403e-07
4.040000000000000258e-01,7.255661397637298789e-07
4.060000000000000275e-01,6.675167388094240592e-07
4.080000000000000293e-01,6.141114634091910796e-07
4.100000000000000311e-01,5.649788937374332120e-07
4.120000000000000329e-01,5.197771373554214339e-07
4.140000000000000346e-01,4.781916397386381266e-07
4.160000000000000364e-01,4.399335630716457030e-07
4.179999999999999827e-01,4.047361231088117332e-07
4.199999999999999845e-01,3.723546864773487267e-07
4.219999999999999862e-01,3.425638252114179645e-07
4.239999999999999880e-01,3.151567318103013879e-07
4.259999999999999898e-01,2.899421372969601532e-07
4.279999999999999916e-01,2.667447482542026704e-07
4.299999999999999933e-01,2.454033899597635816e-07
4.319999999999999951e-01,2.257691565184578274e-07
4.339999999999999969e-01,2.077065106940253567e-07
4.359999999999999987e-01,1.910885162668261674e-07
4.380000000000000004e-01,1.757998877599272152e-07
4.400000000000000022e-01,1.617347247027153050e-07
4.420000000000000040e-01,1.487944397162872773e-07
4.440000000000000058e-01,1.368899102927304255e-07
4.460000000000000075e-01,1.259377511871700045e-07
4.480000000000000093e-01,1.158617957369952210e-07
4.500000000000000111e-01,1.065917485046820740e-07
4.520000000000000129e-01,9.806345281239240447e-08
4.540000000000000147e-01,9.021744207306221163e-08
4.560000000000000164e-01,8.299941229311718068e-08
4.580000000000000182e-01,7.635833554009360375e-08
4.600000000000000200e-01,7.024927163496367692e-08
4.620000000000000218e-01,6.462836695591089874e-08
4.640000000000000235e-01,5.945754848430935533e-08
4.660000000000000253e-01,5.470025190933543402e-08
4.680000000000000271e-01,5.032368182325541099e-08
4.700000000000000289e-01,4.629713078209677042e-08
4.720000000000000306e-01,4.259285641441782113e-08
4.740000000000000324e-01,3.918488061909267335e-08
4.760000000000000342e-01,3.604915325759840247e-08
4.780000000000000360e-01,3.316505765906219593e-08
4.799999999999999822e-01,3.051144503625726577e-08
4.819999999999999840e-01,2.807003921676818366e-08
4.839999999999999858e-01,2.582378559170464699e-08
4.859999999999999876e-01,2.375752947935958117e-08
4.879999999999999893e-01,2.185669062701729946e-08
4.899999999999999911e-01,2.010748452201825411e-08
4.919999999999999929e-01,1.849843676824066661e-08
4.939999999999999947e-01,1.701816296379811253e-08
4.959999999999999964e-01,1.565604932937014171e-08
4.979999999999999982e-01,1.440321903599139640e-08
5.000000000000000000e-01,1.325052987202241378e-08
5.020000000000000018e-01,1.219036798969999183e-08
5.040000000000000036e-01,1.121447342737117392e-08
5.060000000000000053e-01,1.031680393389797667e-08
5.080000000000000071e-01,9.491174923712078474e-09
5.100000000000000089e-01,8.731522380307759483e-09
5.120000000000000107e-01,8.032682471677429698e-09
5.140000000000000124e-01,7.389595866872176374e-09
5.160000000000000142e-01,6.798324789840104528e-09
5.180000000000000160e-01,6.253827580861630283e-09
5.200000000000000178e-01,5.753135857663196997e-09
5.220000000000000195e-01,5.292603887066654865e-09
5.240000000000000213e-01,4.869051049542669393e-09
5.260000000000000231e-01,4.478864922383991163e-09
5.280000000000000249e-01,4.120158707695310008e-09
5.300000000000000266e-01,3.790296551501486427e-09
5.320000000000000284e-01,3.486512954109348392e-09
5.340000000000000302e-01,3.207347079035489945e-09
5.360000000000000320e-01,2.950284892795800510e-09
5.380000000000000338e-01,2.714115401195454567e-09
5.400000000000000355e-01,2.496707776568248279e-09
5.420000000000000373e-01,2.296511865746347591e-09
5.440000000000000391e-01,2.112395457015551277e-09
5.460000000000000409e-01,1.943038163205632187e-09
5.480000000000000426e-01,1.787349148879290391e-09
5.500000000000000444e-01,1.644013216385389329e-09
5.520000000000000462e-01,1.512136194148478170e-09
5.540000000000000480e-01,1.390606866770228355e-09
5.560000000000000497e-01,1.279238335073316271e-09
5.580000000000000515e-01,1.176673390519031470e-09
5.600000000000000533e-01,1.082054777136121009e-09
5.620000000000000551e-01,9.951403594644492427e-10
5.640000000000000568e-01,9.152723706402463708e-10
5.660000000000000586e-01,8.416176135727348634e-10
5.680000000000000604e-01,7.740756509950378283e-10
5.700000000000000622e-01,7.118679532102275850e-10
5.720000000000000639e-01,6.545078692899493724e-10
5.740000000000000657e-01,6.017554586346785717e-10
5.760000000000000675e-01,5.532065592813134046e-10
5.779999999999999583e-01,5.086118272660982289e-10
5.799999999999999600e-01,4.675517282591015761e-10
5.819999999999999618e-01,4.298024948936101532e-10
5.839999999999999636e-01,3.953308677660349398e-10
5.859999999999999654e-01,3.631280018014704370e-10
5.879999999999999671e-01,3.337415990629742696e-10
5.899999999999999689e-01,3.067822538530381503e-10
5.919999999999999707e-01,2.818323583015768958e-10
5.939999999999999725e-01,2.590347718627212328e-10
5.959999999999999742e-01,2.380462042508916095e-10
5.979999999999999760e-01,2.188128338949272658e-10
5.999999999999999778e-01,2.009115203626003400e-10
6.019999999999999796e-01,1.845314820019354192e-10
6.039999999999999813e-01,1.690801717257482372e-10
6.059999999999999831e-01,1.551086945782577230e-10
6.079999999999999849e-01,1.426708390398552516e-10
6.099999999999999867e-01,1.311665155680719813e-10
6.119999999999999885e-01,1.203238652399642744e-10
6.139999999999999902e-01,1.103399040134453684e-10
6.159999999999999920e-01,1.008409406849624262e-10
6.179999999999999938e-01,9.236481144794590549e-11
6.199999999999999956e-01,8.480044396803611745e-11
6.219999999999999973e-01,7.770350377974038267e-11
6.239999999999999991e-01,7.123805074686118420e-11
6.260000000000000009e-01,6.523809420781214327e-11
6.280000000000000027e-01,5.947240021545774244e-11
6.300000000000000044e-01,5.453111829028687105e-11
6.320000000000000062e-01,4.945845271383083294e-11
6.340000000000000080e-01,4.534818487913558997e-11
6.360000000000000098e-01,4.136918552343422060e-11
6.380000000000000115e-01,3.778563965388203085e-11
6.400000000000000133e-01,3.442284027530494664e-11
6.420000000000000151e-01,3.128804107538395100e-11
6.440000000000000169e-01,2.834334554229162650e-11
6.460000000000000187e-01,2.585532222257360644e-11
6.480000000000000204e-01,2.359117053377877640e-11
6.500000000000000222e-01,2.134930038166120483e-11
6.520000000000000240e-01,1.930058796478825006e-11
6.540000000000000258e-01,1.747030772885692146e-11
6.560000000000000275e-01,1.566879887146767524e-11
6.580000000000000293e-01,1.404706048990681851e-11
6.600000000000000311e-01,1.266262188628324145e-11
6.620000000000000329e-01,1.089417886389179003e-11
6.640000000000000346e-01,9.885299632305769919e-12
6.660000000000000364e-01,8.740843926393835265e-12
6.680000000000000382e-01,7.786297072073217272e-12
6.700000000000000400e-01,7.083452487813128550e-12
6.720000000000000417e-01,6.141523783916242856e-12
6.740000000000000435e-01,5.421373454005869628e-12
6.760000000000000453e-01,4.290144019226014000e-12
6.780000000000000471e-01,3.987922961023984982e-12
6.800000000000000488e-01,3.067065141305600107e-12
6.820000000000000506e-01,2.545926451865833713e-12
6.840000000000000524e-01,2.061915579900259987e-12
6.860000000000000542e-01,1.336399480776869193e-12
6.880000000000000560e-01,1.048947027047032089e-12
6.900000000000000577e-01,5.597895267404366876e-13
6.920000000000000595e-01,6.191837839308192144e-14
6.940000000000000613e-01,-1.617597006345607854e-14
6.960000000000000631e-01,-4.818519962707217961e-13
6.980000000000000648e-01,-7.864841076896939668e-13
7.000000000000000666e-01,-1.056597350816616941e-12
7.020000000000000684e-01,-1.126769020760444196e-12
7.039999999999999591e-01,-1.405184598094028351e-12
7.059999999999999609e-01,-2.074824037490193534e-12
7.079999999999999627e-01,-1.982226382889395090e-12
7.099999999999999645e-01,-2.206813148973166912e-12
7.119999999999999662e-01,-2.301567180793107157e-12
7.139999999999999680e-01,-2.752620740071217081e-12
7.159999999999999698e-01,-2.641852602856775261e-12
7.179999999999999716e-01,-2.483688964634107097e-12
7.199999999999999734e-01,-2.730945501554174646e-12
7.219999999999999751e-01,-2.610604983300960857e-12
7.239999999999999769e-01,-2.853532489832503199e-12
7.259999999999999787e-01,-3.115531174120560420e-12
7.279999999999999805e-01,-3.196265222590097881e-12
7.299999999999999822e-01,-3.274887831697015343e-12
7.319999999999999840e-01,-3.305852755158176794e-12
7.339999999999999858e-01,-3.359457708797971543e-12
7.359999999999999876e-01,-3.629715120878013221e-12
7.379999999999999893e-01,-3.503676680735546745e-12
7.399999999999999911e-01,-3.738608599197419488e-12
7.419999999999999929e-01,-4.029991742551549259e-12
7.439999999999999947e-01,-3.886194168836581139e-12
7.459999999999999964e-01,-3.734364460364557321e-12
7.479999999999999982e-01,-3.578388561499534784e-12
7.500000000000000000e-01,-3.626153862068272366e-12
7.520000000000000018e-01,-3.867993254317672992e-12
7.540000000000000036e-01,-4.157764940475961048e-12
7.560000000000000053e-01,-4.029166013891957569e-12
7.580000000000000071e-01,-4.053031261265088482e-12
7.600000000000000089e-01,-3.914711865944504321e-12
7.620000000000000107e-01,-3.966950955471141721e-12
7.640000000000000124e-01,-3.815287384210098432e-12
7.660000000000000142e-01,-3.848003419662025914e-12
7.680000000000000160e-01,-3.917611358878595083e-12
7.700000000000000178e-01,-3.766299918464357298e-12
7.720000000000000195e-01,-4.012822370513034718e-12
7.740000000000000213e-01,-3.888477408219347729e-12
7.760000000000000231e-01,-3.924727748120834564e-12
7.780000000000000249e-01,-3.784898429744896268e-12
7.800000000000000266e-01,-4.033736840614067150e-12
7.820000000000000284e-01,-4.104568150090961888e-12
7.840000000000000302e-01,-4.153526558800608798e-12
7.860000000000000320e-01,-4.211613468250664272e-12
7.880000000000000338e-01,-4.089478885266580663e-12
7.900000000000000355e-01,-4.101322527358706305e-12
7.920000000000000373e-01,-4.176132626599849496e-12
7.940000000000000391e-01,-4.237959347126647058e-12
7.960000000000000409e-01,-4.074759513449143727e-12
7.980000000000000426e-01,-4.335810111814950610e-12
8.000000000000000444e-01,-4.011778705665434487e-12
8.020000000000000462e-01,-4.010197376944256644e-12
8.040000000000000480e-01,-4.095135656065237794e-12
8.060000000000000497e-01,-4.137816749636093415e-12
8.080000000000000515e-01,-4.209433385690067129e-12
8.100000000000000533e-01,-4.452495388400243545e-12
8.120000000000000551e-01,-4.334633949062813996e-12
8.140000000000000568e-01,-4.373133754863308761e-12
8.160000000000000586e-01,-4.229394586161323933e-12
8.180000000000000604e-01,-4.052632913528844595e-12
8.200000000000000622e-01,-4.111137955499322306e-12
8.220000000000000639e-01,-4.157991592382256098e-12
8.240000000000000657e-01,-4.445627193806548888e-12
8.260000000000000675e-01,-4.101464627547072090e-12
8.280000000000000693e-01,-4.108099805140388022e-12
8.300000000000000711e-01,-4.177595488049591755e-12
8.320000000000000728e-01,-4.244022266424677584e-12
8.339999999999999636e-01,-4.487168967227023737e-12
8.359999999999999654e-01,-4.156214578708181149e-12
8.379999999999999671e-01,-3.994731625258831612e-12
8.399999999999999689e-01,-4.033526539535456521e-12
8.419999999999999707e-01,-4.089750668861203891e-12
8.439999999999999725e-01,-4.140430471218899491e-12
8.459999999999999742e-01,-4.199671278709379119e-12
8.479999999999999760e-01,-4.261714712757652137e-12
8.499999999999999778e-01,-4.308165783234542804e-12
8.519999999999999796e-01,-4.185741350471798564e-12
8.539999999999999813e-01,-4.212971133192033495e-12
8.559999999999999831e-01,-4.276516061735471237e-12
8.579999999999999849e-01,-4.122963590525239904e-12
8.599999999999999867e-01,-3.967050542710130426e-12
8.619999999999999885e-01,-4.202591873888374311e-12
8.639999999999999902e-01,-4.090839331370430088e-12
8.659999999999999920e-01,-4.337142397306987104e-12
8.679999999999999938e-01,-4.391758803479584091e-12
8.699999999999999956e-01,-4.255320955987824169e-12
8.719999999999999973e-01,-4.510497099778709151e-12
8.739999999999999991e-01,-4.165080652142400040e-12
8.760000000000000009e-01,-3.998259331355738348e-12
8.780000000000000027e-01,-4.024342183600236652e-12
8.800000000000000044e-01,-4.089023149294816895e-12
8.820000000000000062e-01,-4.152094441916285048e-12
8.840000000000000080e-01,-3.999747494434709822e-12
8.860000000000000098e-01,-4.241175848650516966e-12
8.880000000000000115e-01,-4.127014206913955023e-12
8.900000000000000133e-01,-4.153389114161746305e-12
8.920000000000000151e-01,-4.222896120764102488e-12
8.940000000000000169e-01,-4.281228381631801205e-12
8.960000000000000187e-01,-4.315134750916913076e-12
8.980000000000000204e-01,-4.205901838479302613e-12
9.000000000000000222e-01,-4.428291259479247705e-12
9.020000000000000240e-01,-4.308007403571173824e-12
9.040000000000000258e-01,-4.143060130809897297e-12
9.060000000000000275e-01,-4.191807266552539295e-12
9.080000000000000293e-01,-4.438775974536938693e-12
9.100000000000000311e-01,-4.331502395786670776e-12
9.120000000000000329e-01,-3.957759075159734475e-12
9.140000000000000346e-01,-3.975033379730915127e-12
9.160000000000000364e-01,-4.042949169087307511e-12
9.180000000000000382e-01,-4.079849172551101663e-12
9.200000000000000400e-01,-4.362605324578134509e-12
9.220000000000000417e-01,-4.245336102922202047e-12
9.240000000000000435e-01,-4.262097555838702805e-12
9.260000000000000453e-01,-3.927390802072505010e-12
9.280000000000000471e-01,-4.147318181973267768e-12
9.300000000000000488e-01,-4.014359808969692670e-12
9.320000000000000506e-01,-4.471511480370519646e-12
9.340000000000000524e-01,-4.360975762018208330e-12
9.360000000000000542e-01,-4.186077179128385994e-12
9.380000000000000560e-01,-4.040842363414944280e-12
9.400000000000000577e-01,-4.079403336893050241e-12
9.420000000000000595e-01,-4.130587204024250716e-12
9.440000000000000613e-01,-4.186877819819579854e-12
9.460000000000000631e-01,-4.249731766389770499e-12
9.480000000000000648e-01,-4.511008104108912554e-12
9.500000000000000666e-01,-4.175722025202174029e-12
9.520000000000000684e-01,-4.193778345157404173e-12
9.540000000000000702e-01,-4.068095484599684874e-12
9.560000000000000719e-01,-3.882142538954925179e-12
9.580000000000000737e-01,-4.141746752458783000e-12
9.599999999999999645e-01,-4.233713815158802362e-12
9.619999999999999662e-01,-4.474530347254653502e-12
9.639999999999999680e-01,-3.953496045128978345e-12
9.659999999999999698e-01,-4.363633451641985453e-12
9.679999999999999716e-01,-4.039320194065108264e-12
9.699999999999999734e-01,-4.266299713855986861e-12
9.719999999999999751e-01,-4.335280068830164546e-12
9.739999999999999769e-01,-4.199247691650131319e-12
9.759999999999999787e-01,-4.022821413181625123e-12
9.779999999999999805e-01,-4.079925346292053151e-12
9.799999999999999822e-01,-4.335610661924492643e-12
9.819999999999999840e-01,-4.213770456459935237e-12
9.839999999999999858e-01,-4.258829311315694605e-12
9.859999999999999876e-01,-4.325895687634932131e-12
9.879999999999999893e-01,-4.160973152770049744e-12
9.899999999999999911e-01,-4.196645682893559032e-12
9.919999999999999929e-01,-4.060520052188193803e-12
9.939999999999999947e-01,-4.109354425060166670e-12
9.959999999999999964e-01,-4.173002606576842749e-12
9.979999999999999982e-01,-4.005691109750977826e-12
1.000000000000000000e+00,-4.267036382408445539e-12
1.002000000000000002e+00,-4.128422177386398231e-12
1.004000000000000004e+00,-4.176775226057852498e-12
1.006000000000000005e+00,-4.231900485546520946e-12
1.008000000000000007e+00,-4.291097105070576466e-12
1.010000000000000009e+00,-4.549728372684989363e-12
1.012000000000000011e+00,-4.019799074060745066e-12
1.014000000000000012e+00,-4.016887224272170600e-12
1.016000000000000014e+00,-4.076812404295796555e-12
1.018000000000000016e+00,-4.141474346397768392e-12
1.020000000000000018e+00,-4.212120492871558132e-12
1.022000000000000020e+00,-4.242943836348595169e-12
1.024000000000000021e+00,-4.525816744337157006e-12
1.026000000000000023e+00,-4.381836162446640432e-12
1.028000000000000025e+00,-4.222000336577079064e-12
1.030000000000000027e+00,-4.067930251960861690e-12
1.032000000000000028e+00,-4.102426664826104999e-12
1.034000000000000030e+00,-4.183753243136782774e-12
1.036000000000000032e+00,-4.213617111250825930e-12
1.038000000000000034e+00,-4.079346698120497513e-12
1.040000000000000036e+00,-4.120189579647877570e-12
1.042000000000000037e+00,-4.178201719350990024e-12
1.044000000000000039e+00,-4.235101231366489186e-12
1.046000000000000041e+00,-4.306388140080166491e-12
1.048000000000000043e+00,-4.346234045521524273e-12
1.050000000000000044e+00,-4.207254456442024464e-12
1.052000000000000046e+00,-4.041950232414314157e-12
1.054000000000000048e+00,-4.087950705749091216e-12
1.056000000000000050e+00,-4.152048951907498751e-12
1.058000000000000052e+00,-4.198560284393109214e-12
1.060000000000000053e+00,-4.276184338227272038e-12
1.062000000000000055e+00,-4.311908691382125425e-12
1.064000000000000057e+00,-3.977127121548823552e-12
1.066000000000000059e+00,-4.201921534268044203e-12
1.068000000000000060e+00,-4.267237366535577922e-12
1.070000000000000062e+00,-4.130058883701369369e-12
1.072000000000000064e+00,-3.968278588180796021e-12
1.074000000000000066e+00,-4.202616755950491617e-12
1.076000000000000068e+00,-4.079466154185070209e-12
1.078000000000000069e+00,-4.123807434297163645e-12
1.080000000000000071e+00,-4.194553184936759493e-12
1.082000000000000073e+00,-4.240041032934082944e-12
1.084000000000000075e+00,-4.294397995704689797e-12
1.086000000000000076e+00,-4.349277352782578538e-12
1.088000000000000078e+00,-4.224665929722321289e-12
1.090000000000000080e+00,-4.045900789478238793e-12
1.092000000000000082e+00,-4.097299982640552112e-12
1.094000000000000083e+00,-4.139836839848383985e-12
1.096000000000000085e+00,-4.221118504553098990e-12
1.098000000000000087e+00,-4.262983017625254897e-12
1.100000000000000089e+00,-4.342641084560425865e-12
1.102000000000000091e+00,-3.965558776703615244e-12
1.104000000000000092e+00,-4.201966418326021741e-12
1.106000000000000094e+00,-4.086930577248818291e-12
1.108000000000000096e+00,-4.328631065798644935e-12
1.110000000000000098e+00,-4.189499777793324449e-12
1.112000000000000099e+00,-4.227417074962418719e-12
1.114000000000000101e+00,-4.084295219784704538e-12
1.116000000000000103e+00,-4.132517816375666099e-12
1.118000000000000105e+00,-4.186964051420843532e-12
1.120000000000000107e+00,-4.249847801816842493e-12
1.122000000000000108e+00,-4.319839859250133611e-12
1.124000000000000110e+00,-4.352451486850054293e-12
1.126000000000000112e+00,-4.213322932514808775e-12
1.128000000000000114e+00,-4.261317694622832201e-12
1.130000000000000115e+00,-4.303838552376047166e-12
1.132000000000000117e+00,-4.186112721846796976e-12
1.134000000000000119e+00,-4.201783503872439874e-12
1.136000000000000121e+00,-4.271542773913070719e-12
1.138000000000000123e+00,-4.118144078527249986e-12
1.140000000000000124e+00,-4.155162147728968224e-12
1.142000000000000126e+00,-4.240501506639624501e-12
1.144000000000000128e+00,-4.067618321520281618e-12
1.146000000000000130e+00,-4.325827076424172657e-12
1.148000000000000131e+00,-4.204432496191560614e-12
1.150000000000000133e+00,-4.224090323309331093e-12
1.152000000000000135e+00,-4.294933144515798958e-12
1.153999999999999915e+00,-4.148630120466291660e-12
1.155999999999999917e+00,-4.191760294800113735e-12
1.157999999999999918e+00,-4.265224745354952519e-12
1.159999999999999920e+00,-4.304641781203072587e-12
1.161999999999999922e+00,-4.368490962052052869e-12
1.163999999999999924e+00,-4.019479953989348838e-12
1.165999999999999925e+00,-4.239437339912153214e-12
1.167999999999999927e+00,-3.912235494192633638e-12
1.169999999999999929e+00,-4.147200047280901390e-12
1.171999999999999931e+00,-4.219595662730605509e-12
1.173999999999999932e+00,-4.061628988106496815e-12
1.175999999999999934e+00,-4.116152781857760227e-12
1.177999999999999936e+00,-3.966777440872427395e-12
1.179999999999999938e+00,-4.220303673645065436e-12
1.181999999999999940e+00,-4.489726126364641094e-12
1.183999999999999941e+00,-4.355145914663031803e-12
1.185999999999999943e+00,-4.198603257486434243e-12
1.187999999999999945e+00,-4.034850064454154374e-12
1.189999999999999947e+00,-4.088704260598482391e-12
1.191999999999999948e+00,-4.131435688477525483e-12
1.193999999999999950e+00,-4.202636149280181365e-12
1.195999999999999952e+00,-4.256591590174213375e-12
1.197999999999999954e+00,-4.518796176446967400e-12
1.199999999999999956e+00,-4.386827854124986308e-12
1.201999999999999957e+00,-3.832883680371962346e-12
1.203999999999999959e+00,-4.425038920971459246e-12
1.205999999999999961e+00,-4.138995885809275627e-12
1.207999999999999963e+00,-4.164101980353164288e-12
1.209999999999999964e+00,-4.231120605988833065e-12
1.211999999999999966e+00,-4.277347015016881228e-12
1.213999999999999968e+00,-4.127228324330931869e-12
1.215999999999999970e+00,-4.164215060722069562e-12
1.217999999999999972e+00,-4.031981422104055585e-12
1.219999999999999973e+00,-4.284761569170848642e-12
1.221999999999999975e+00,-4.153152742770086725e-12
1.223999999999999977e+00,-4.395131719072594841e-12
1.225999999999999979e+00,-4.056990691839726400e-12
1.227999999999999980e+00,-4.288088870030501550e-12
1.229999999999999982e+00,-4.151937288357257823e-12
1.231999999999999984e+00,-4.199314283228520356e-12
1.233999999999999986e+00,-4.254441442867028337e-12
1.235999999999999988e+00,-4.331228715527011691e-12
1.237999999999999989e+00,-3.968350682818359825e-12
1.239999999999999991e+00,-4.186678041682749603e-12
1.241999999999999993e+00,-4.084384487269654611e-12
1.243999999999999995e+00,-4.306013486895208733e-12
1.245999999999999996e+00,-4.184510796255595671e-12
1.247999999999999998e+00,-4.433323691025082731e-12
1.250000000000000000e+00,-4.100188002520912259e-12
1.252000000000000002e+00,-4.138710186323544342e-12
1.254000000000000004e+00,-4.180690022944556794e-12
1.256000000000000005e+00,-4.229577715068189946e-12
1.258000000000000007e+00,-4.511089395089616346e-12
1.260000000000000009e+00,-4.183881421321540089e-12
1.262000000000000011e+00,-4.182078613350131133e-12
1.264000000000000012e+00,-4.045095139842659728e-12
1.266000000000000014e+00,-4.089190232797039185e-12
1.268000000000000016e+00,-4.162721833196809865e-12
1.270000000000000018e+00,-4.197707326289956221e-12
1.272000000000000020e+00,-4.471400352182675900e-12
1.274000000000000021e+00,-4.338497263690573997e-12
1.276000000000000023e+00,-4.179491354375440480e-12
1.278000000000000025e+00,-4.018737678063507999e-12
1.280000000000000027e+00,-3.853682380286468837e-12
1.282000000000000028e+00,-4.091974844660785783e-12
1.284000000000000030e+00,-4.177282604926221263e-12
1.286000000000000032e+00,-4.214606399975284641e-12
1.288000000000000034e+00,-4.299601259936219423e-12
1.290000000000000036e+00,-4.148474867514160031e-12
1.292000000000000037e+00,-4.192031485472907386e-12
1.294000000000000039e+00,-4.253123384632032634e-12
1.296000000000000041e+00,-4.296186071882227276e-12
1.298000000000000043e+00,-4.356810608279168997e-12
1.300000000000000044e+00,-4.002445494085561283e-12
1.302000000000000046e+00,-4.052522178281773877e-12
1.304000000000000048e+00,-4.282787237464164450e-12
1.306000000000000050e+00,-4.185968065969491825e-12
1.308000000000000052e+00,-4.412888466011955751e-12
1.310000000000000053e+00,-4.282192390215887313e-12
1.312000000000000055e+00,-4.121416053221606926e-12
1.314000000000000057e+00,-3.966831797331040564e-12
1.316000000000000059e+00,-4.215378650831720196e-12
1.318000000000000060e+00,-4.085847468327838556e-12
1.320000000000000062e+00,-4.326755073212816932e-12
1.322000000000000064e+00,-4.399013463363109082e-12
1.324000000000000066e+00,-4.244088175960351945e-12
1.326000000000000068e+00,-4.096614716709395459e-12
1.328000000000000069e+00,-4.343559876492525086e-12
1.330000000000000071e+00,-4.406615824622790769e-12
1.332000000000000073e+00,-4.264653170250737084e-12
1.334000000000000075e+00,-4.103988237881232072e-12
1.336000000000000076e+00,-4.139048007523728976e-12
1.338000000000000078e+00,-4.194856954724129873e-12
1.340000000000000080e+00,-4.069040101220594916e-12
1.342000000000000082e+00,-4.096267352027564638e-12
1.344000000000000083e+00,-4.152195107428859419e-12
1.346000000000000085e+00,-4.229832368882520873e-12
1.348000000000000087e+00,-4.278233989433607299e-12
1.350000000000000089e+00,-4.120861437825078239e-12
1.352000000000000091e+00,-3.973079599306539961e-12
1.354000000000000092e+00,-4.213761888459146505e-12
1.356000000000000094e+00,-4.085359984053002946e-12
1.358000000000000096e+00,-4.111635325240644697e-12
1.360000000000000098e+00,-4.184539176667786944e-12
1.362000000000000099e+00,-4.439926960517594523e-12
1.364000000000000101e+00,-3.914902810806620949e-12
1.366000000000000103e+00,-4.105138632699889925e-12
1.368000000000000105e+00,-4.198823051777540676e-12
1.370000000000000107e+00,-4.455214395226070954e-12
1.372000000000000108e+00,-4.330987276823454985e-12
1.374000000000000110e+00,-4.382830817621602541e-12
1.376000000000000112e+00,-4.010141792167865760e-12
1.378000000000000114e+00,-4.053586639412704488e-12
1.380000000000000115e+00,-4.098670345705282847e-12
1.382000000000000117e+00,-4.167033106599076522e-12
1.384000000000000119e+00,-4.216178911837710343e-12
1.386000000000000121e+00,-4.288556579855258680e-12
1.388000000000000123e+00,-4.132474601975118168e-12
1.390000000000000124e+00,-4.180891401410022624e-12
1.392000000000000126e+00,-4.229051827682523989e-12
1.394000000000000128e+00,-4.092247348190375743e-12
1.396000000000000130e+00,-4.313845300365356098e-12
1.398000000000000131e+00,-4.203007166380609860e-12
1.400000000000000133e+00,-4.053892732068926141e-12
1.402000000000000135e+00,-4.086417179921993089e-12
1.404000000000000137e+00,-4.142337425993094975e-12
1.406000000000000139e+00,-4.201100819921304519e-12
1.407999999999999918e+00,-4.274115835046904601e-12
1.409999999999999920e+00,-4.307852131955767507e-12
1.411999999999999922e+00,-4.175297906596453769e-12
1.413999999999999924e+00,-4.408312585365209714e-12
1.415999999999999925e+00,-4.081112492874589053e-12
1.417999999999999927e+00,-3.910026898143225376e-12
1.419999999999999929e+00,-4.160535429692206001e-12
1.421999999999999931e+00,-4.019843063608831285e-12
1.423999999999999932e+00,-4.069476789237684229e-12
1.425999999999999934e+00,-4.124592696588213028e-12
1.427999999999999936e+00,-4.385899403639699081e-12
1.429999999999999938e+00,-4.247861382091946499e-12
1.431999999999999940e+00,-4.306793792817682669e-12
1.433999999999999941e+00,-4.353026275873656563e-12
1.435999999999999943e+00,-4.211268780468149118e-12
1.437999999999999945e+00,-4.054926644993532614e-12
1.439999999999999947e+00,-4.085121868876123166e-12
1.441999999999999948e+00,-4.142341995637139500e-12
1.443999999999999950e+00,-4.003259867747784833e-12
1.445999999999999952e+00,-4.260811692019338901e-12
1.447999999999999954e+00,-4.322454720994938821e-12
1.449999999999999956e+00,-4.374960164977293109e-12
1.451999999999999957e+00,-4.232477690795866853e-12
1.453999999999999959e+00,-4.075446510772232123e-12
1.455999999999999961e+00,-4.121385244678866830e-12
1.457999999999999963e+00,-4.387929098546178122e-12
1.459999999999999964e+00,-4.449812234479453137e-12
1.461999999999999966e+00,-4.493665686999330871e-12
1.463999999999999968e+00,-4.161925893046080275e-12
1.465999999999999970e+00,-3.989229467574152513e-12
1.467999999999999972e+00,-4.022847680425559467e-12
1.469999999999999973e+00,-4.287215014752739087e-12
1.471999999999999975e+00,-4.170024425868730047e-12
1.473999999999999977e+00,-4.188489436507955724e-12
1.475999999999999979e+00,-3.844173512569579879e-12
1.477999999999999980e+00,-4.088710265537625721e-12
1.479999999999999982e+00,-4.352673063537085389e-12
1.481999999999999984e+00,-4.218519532601211662e-12
1.483999999999999986e+00,-4.284411162546575945e-12
1.485999999999999988e+00,-4.319963032050231443e-12
1.487999999999999989e+00,-3.978520245241673453e-12
1.489999999999999991e+00,-4.209084403973062168e-12
1.491999999999999993e+00,-4.076933926711074312e-12
1.493999999999999995e+00,-4.118419654595663552e-12
1.495999999999999996e+00,-4.178123091562471939e-12
1.497999999999999998e+00,-4.433568929225237605e-12
1.500000000000000000e+00,-4.320672616086234578e-12
1.502000000000000002e+00,-4.153936470718769173e-12
1.504000000000000004e+00,-4.168169470555906020e-12
1.506000000000000005e+00,-4.262277318262741098e-12
1.508000000000000007e+00,-4.312831523127753811e-12
1.510000000000000009e+00,-3.955516018290935779e-12
1.512000000000000011e+00,-4.189604131505010334e-12
1.514000000000000012e+00,-4.058644514814359206e-12
1.516000000000000014e+00,-4.111989437346376454e-12
1.518000000000000016e+00,-3.943334420882897979e-12
1.520000000000000018e+00,-4.411596451996077971e-12
1.522000000000000020e+00,-4.066838822013698855e-12
1.524000000000000021e+00,-4.123964804426739921e-12
1.526000000000000023e+00,-4.372908943800317653e-12
1.528000000000000025e+00,-4.260887104513807447e-12
1.530000000000000027e+00,-4.288477103814074330e-12
1.532000000000000028e+00,-3.927130207372136303e-12
1.534000000000000030e+00,-4.172232965218944671e-12
1.536000000000000032e+00,-4.231634896868722145e-12
1.538000000000000034e+00,-4.296314127859711865e-12
1.540000000000000036e+00,-4.167148914384379886e-12
1.542000000000000037e+00,-4.192455585815322250e-12
1.544000000000000039e+00,-4.244339070751271944e-12
1.546000000000000041e+00,-4.327831929487107521e-12
1.548000000000000043e+00,-4.368658451525917606e-12
1.550000000000000044e+00,-4.217756514874128315e-12
1.552000000000000046e+00,-4.075268269069173245e-12
1.554000000000000048e+00,-4.306874548938974868e-12
1.556000000000000050e+00,-4.183338134918185495e-12
1.558000000000000052e+00,-4.218955303041507308e-12
1.560000000000000053e+00,-4.290924435857325724e-12
1.562000000000000055e+00,-4.339979531463633715e-12
1.564000000000000057e+00,-4.182097488681115248e-12
1.566000000000000059e+00,-4.233769496922750955e-12
1.568000000000000060e+00,-3.893067978134034802e-12
1.570000000000000062e+00,-4.111622699849473876e-12
1.572000000000000064e+00,-4.392819309464171082e-12
1.574000000000000066e+00,-4.253121137248938372e-12
1.576000000000000068e+00,-4.126474418719181274e-12
1.578000000000000069e+00,-4.134906642688206327e-12
1.580000000000000071e+00,-4.203580162087252061e-12
1.582000000000000073e+00,-4.254395252309076913e-12
1.584000000000000075e+00,-4.318671309988183842e-12
1.586000000000000076e+00,-4.384807815648497932e-12
1.588000000000000078e+00,-4.012465850653479342e-12
1.590000000000000080e+00,-4.060015841831793731e-12
1.592000000000000082e+00,-3.907594270114136500e-12
1.594000000000000083e+00,-4.152592076402557597e-12
1.596000000000000085e+00,-4.224896704599391196e-12
1.598000000000000087e+00,-4.273095687517394191e-12
1.600000000000000089e+00,-4.136007433281795696e-12
1.602000000000000091e+00,-4.182689108573519555e-12
1.604000000000000092e+00,-4.247299113787294355e-12
1.606000000000000094e+00,-4.292235730958943955e-12
1.608000000000000096e+00,-4.158181755782426832e-12
1.610000000000000098e+00,-4.190195507581320628e-12
1.612000000000000099e+00,-4.266507373035762157e-12
1.614000000000000101e+00,-4.096502538237601974e-12
1.616000000000000103e+00,-4.153080983080667292e-12
1.618000000000000105e+00,-4.202138568543170402e-12
1.620000000000000107e+00,-4.276611929985421783e-12
1.622000000000000108e+00,-4.331184870372023140e-12
1.624000000000000110e+00,-4.583082486081354268e-12
1.626000000000000112e+00,-4.036472997260364261e-12
1.628000000000000114e+00,-3.861045409218350518e-12
1.630000000000000115e+00,-4.102017168168312402e-12
1.632000000000000117e+00,-4.166369758688329535e-12
1.634000000000000119e+00,-4.238420744120469734e-12
1.636000000000000121e+00,-4.286641260019964617e-12
1.638000000000000123e+00,-4.345152050277979024e-12
1.640000000000000124e+00,-4.002773483906520938e-12
1.642000000000000126e+00,-4.226228039898492111e-12
1.644000000000000128e+00,-4.503125762441876017e-12
1.646000000000000130e+00,-3.974359830179544826e-12
1.648000000000000131e+00,-4.177848204621989394e-12
1.650000000000000133e+00,-4.247231133298251784e-12
1.652000000000000135e+00,-4.117167730213774547e-12
1.654000000000000137e+00,-4.168806888296383589e-12
1.656000000000000139e+00,-4.209858034740297754e-12
1.658000000000000140e+00,-3.862643834126520760e-12
1.660000000000000142e+00,-4.085408887339912502e-12
1.662000000000000144e+00,-4.382255664980652325e-12
1.664000000000000146e+00,-4.240277508040563053e-12
1.665999999999999925e+00,-4.302026061542578170e-12
1.667999999999999927e+00,-4.127426940987705435e-12
1.669999999999999929e+00,-3.965972400662570141e-12
1.671999999999999931e+00,-4.225931909116982192e-12
1.673999999999999932e+00,-4.284470645870137810e-12
1.675999999999999934e+00,-4.156468601006276079e-12
1.677999999999999936e+00,-4.199549336481325697e-12
1.679999999999999938e+00,-4.057318262499786065e-12
1.681999999999999940e+00,-4.288169914914027505e-12
1.683999999999999941e+00,-4.357948053441121139e-12
1.685999999999999943e+00,-4.224197359069733907e-12
1.687999999999999945e+00,-4.263289242767603338e-12
1.689999999999999947e+00,-4.335703032692098649e-12
1.691999999999999948e+00,-4.165574690183444458e-12
1.693999999999999950e+00,-4.214864779976119450e-12
1.695999999999999952e+00,-4.282945677529833725e-12
1.697999999999999954e+00,-4.341043513022935523e-12
1.699999999999999956e+00,-4.389518724588441024e-12
1.701999999999999957e+00,-4.043599443325111225e-12
1.703999999999999959e+00,-4.053351440159254314e-12
1.705999999999999961e+00,-4.333902406890438851e-12
1.707999999999999963e+00,-4.198919193584789034e-12
1.709999999999999964e+00,-4.429950214118033378e-12
1.711999999999999966e+00,-4.532235065955078549e-12
1.713999999999999968e+00,-4.174854616758873442e-12
1.715999999999999970e+00,-4.198764452832213020e-12
1.717999999999999972e+00,-4.052704814058584615e-12
1.719999999999999973e+00,-3.897240108065719124e-12
1.721999999999999975e+00,-3.915154126877097671e-12
1.723999999999999977e+00,-4.190330050391685779e-12
1.725999999999999979e+00,-3.869686249550340196e-12
1.727999999999999980e+00,-4.088014461923789759e-12
1.729999999999999982e+00,-4.360813322290480416e-12
1.731999999999999984e+00,-4.234403743057323228e-12
1.733999999999999986e+00,-4.276752481907344788e-12
1.735999999999999988e+00,-4.347732179855119780e-12
1.737999999999999989e+00,-4.193745774268800169e-12
1.739999999999999991e+00,-4.024248545745879089e-12
1.741999999999999993e+00,-4.075306837507958505e-12
1.743999999999999995e+00,-4.133537121822339765e-12
1.745999999999999996e+00,-4.171429743222405971e-12
1.747999999999999998e+00,-4.278492839384781008e-12
1.750000000000000000e+00,-4.293172720742288059e-12
1.752000000000000002e+00,-4.162552228339107546e-12
1.754000000000000004e+00,-4.201018893092520835e-12
1.756000000000000005e+00,-4.264149629769216800e-12
1.758000000000000007e+00,-4.108391853616070821e-12
1.760000000000000009e+00,-4.566349014947716755e-12
1.762000000000000011e+00,-4.055176824515221551e-12
1.764000000000000012e+00,-4.044187893441045368e-12
1.766000000000000014e+00,-4.119021724464865982e-12
1.768000000000000016e+00,-4.376737964253642108e-12
1.770000000000000018e+00,-4.239361320946633426e-12
1.772000000000000020e+00,-4.487860672600629155e-12
1.774000000000000021e+00,-4.579239513902492307e-12
1.776000000000000023e+00,-4.015230059974190351e-12
1.778000000000000025e+00,-4.012603995305510891e-12
1.780000000000000027e+00,-3.881453107561460693e-12
1.782000000000000028e+00,-4.118679817766138204e-12
1.784000000000000030e+00,-4.200811784149891430e-12
1.786000000000000032e+00,-4.253947838506537873e-12
1.788000000000000034e+00,-3.905800066382250444e-12
1.790000000000000036e+00,-4.134019419622560089e-12
1.792000000000000037e+00,-4.214361782011937394e-12
1.794000000000000039e+00,-4.270146151781972953e-12
1.796000000000000041e+00,-4.511469441707412624e-12
1.798000000000000043e+00,-4.395633905760363558e-12
1.800000000000000044e+00,-4.231158875782940661e-12
1.802000000000000046e+00,-4.092886460754887125e-12
1.804000000000000048e+00,-3.910636927572296059e-12
1.806000000000000050e+00,-4.168310628317286672e-12
1.808000000000000052e+00,-4.228276104961789190e-12
1.810000000000000053e+00,-4.509576272183746602e-12
1.812000000000000055e+00,-4.354485916440651300e-12
1.814000000000000057e+00,-4.005965268916630081e-12
1.816000000000000059e+00,-4.038327076769854851e-12
1.818000000000000060e+00,-4.075899945317578143e-12
1.820000000000000062e+00,-4.158827512862153787e-12
1.822000000000000064e+00,-4.200749109171700411e-12
1.824000000000000066e+00,-4.254009673070837278e-12
1.826000000000000068e+00,-4.115867716434054638e-12
1.828000000000000069e+00,-4.161252648515030844e-12
1.830000000000000071e+00,-4.217511346888511498e-12
1.832000000000000073e+00,-4.260778112782508500e-12
1.834000000000000075e+00,-4.331968931095331925e-12
1.836000000000000076e+00,-3.991270630415845279e-12
1.838000000000000078e+00,-4.220137165988746322e-12
1.840000000000000080e+00,-4.063729512341959039e-12
1.842000000000000082e+00,-4.135059506556679504e-12
1.844000000000000083e+00,-4.183303687113602312e-12
1.846000000000000085e+00,-4.251637714059496916e-12
1.848000000000000087e+00,-4.283196412092457760e-12
1.850000000000000089e+00,-4.367208044441137886e-12
1.852000000000000091e+00,-4.204290319224249982e-12
1.854000000000000092e+00,-4.263141785923010626e-12
1.856000000000000094e+00,-4.092945051397617180e-12
1.858000000000000096e+00,-4.358824679076271815e-12
1.860000000000000098e+00,-4.214261273765172207e-12
1.862000000000000099e+00,-4.276659114698295049e-12
1.864000000000000101e+00,-4.126313604685689861e-12
1.866000000000000103e+00,-4.158438816447099008e-12
1.868000000000000105e+00,-4.233973077498469697e-12
1.870000000000000107e+00,-4.077541468691189246e-12
1.872000000000000108e+00,-4.327804337604421734e-12
1.874000000000000110e+00,-4.187199096854879229e-12
1.876000000000000112e+00,-4.231688128238619543e-12
1.878000000000000114e+00,-4.086334094018172275e-12
1.880000000000000115e+00,-3.925572429474134701e-12
1.882000000000000117e+00,-4.179607893002468232e-12
1.884000000000000119e+00,-4.240745716116520908e-12
1.886000000000000121e+00,-4.298051692024095544e-12
1.888000000000000123e+00,-4.164882081758493641e-12
1.890000000000000124e+00,-4.195594045440147702e-12
1.892000000000000126e+00,-4.253743850203767753e-12
1.894000000000000128e+00,-4.113371720598379359e-12
1.896000000000000130e+00,-4.147903581057213980e-12
1.898000000000000131e+00,-4.207173359672573536e-12
1.900000000000000133e+00,-4.281163607484720310e-12
1.902000000000000135e+00,-4.114187610319169109e-12
1.904000000000000137e+00,-4.176586990092164275e-12
1.906000000000000139e+00,-4.227887724940337146e-12
1.908000000000000140e+00,-4.272911214304220774e-12
1.910000000000000142e+00,-4.564353762537494329e-12
1.912000000000000144e+00,-4.212487723237185073e-12
1.914000000000000146e+00,-4.029645802589395506e-12
1.916000000000000147e+00,-4.070195964668995860e-12
1.918000000000000149e+00,-4.144882448364874567e-12
1.919999999999999929e+00,-4.184001681343336412e-12
1.921999999999999931e+00,-4.263066545480631229e-12
1.923999999999999932e+00,-4.308506083921945390e-12
1.925999999999999934e+00,-4.366108198110061163e-12
1.927999999999999936e+00,-4.234799546709191414e-12
1.929999999999999938e+00,-4.251688873841728824e-12
1.931999999999999940e+00,-4.118994899452642313e-12
1.933999999999999941e+00,-4.164127960122152587e-12
1.935999999999999943e+00,-4.212295311309934944e-12
1.937999999999999945e+00,-4.076599989050160106e-12
1.939999999999999947e+00,-4.111330785338428892e-12
1.941999999999999948e+00,-4.179537255055527378e-12
1.943999999999999950e+00,-4.031871825576921428e-12
1.945999999999999952e+00,-4.260278379582711425e-12
1.947999999999999954e+00,-4.141817592395658799e-12
1.949999999999999956e+00,-4.394635859129918336e-12
1.951999999999999957e+00,-4.063356658062455770e-12
1.953999999999999959e+00,-4.078448333880324791e-12
1.955999999999999961e+00,-4.138822280196644290e-12
1.957999999999999963e+00,-4.402866643724648692e-12
1.959999999999999964e+00,-4.052918865174826856e-12
1.961999999999999966e+00,-4.314600884916073074e-12
1.963999999999999968e+00,-4.168956583653317012e-12
1.965999999999999970e+00,-4.207262989572268073e-12
1.967999999999999972e+00,-4.272918347027937423e-12
1.969999999999999973e+00,-4.119267122459517134e-12
1.971999999999999975e+00,-4.163181898869769092e-12
1.973999999999999977e+00,-4.431916885668024137e-12
1.975999999999999979e+00,-3.698936278103638062e-12
1.977999999999999980e+00,-4.065451275276014719e-12
1.979999999999999982e+00,-4.186926726493567836e-12
1.981999999999999984e+00,-4.229875717840270861e-12
1.983999999999999986e+00,-4.294403154302727943e-12
1.985999999999999988e+00,-4.154406483289373869e-12
1.987999999999999989e+00,-4.382692076098630921e-12
1.989999999999999991e+00,-4.082774255202907902e-12
1.991999999999999993e+00,-4.086499566456848909e-12
1.993999999999999995e+00,-4.143137996948630191e-12
1.995999999999999996e+00,-4.187619586127814848e-12
1.997999999999999998e+00,-4.483792252013049345e-12
2.000000000000000000e+00,-4.326364667335092844e-12
2.002000000000000224e+00,-4.174089738258219567e-12
2.004000000000000004e+00,-4.221561878419323434e-12
2.006000000000000227e+00,-4.275846808867793364e-12
2.008000000000000007e+00,-4.119996079768787078e-12
2.010000000000000231e+00,-3.957107391270676564e-12
2.012000000000000011e+00,-4.012922915160457909e-12
2.014000000000000234e+00,-4.072816547395585526e-12
2.016000000000000014e+00,-4.121445854264677878e-12
2.018000000000000238e+00,-4.400504523068050479e-12
2.020000000000000018e+00,-4.255376424148411849e-12
2.022000000000000242e+00,-4.511875131939717344e-12
2.024000000000000021e+00,-4.362115217590739352e-12
2.026000000000000245e+00,-4.006792028799282248e-12
2.028000000000000025e+00,-4.029420731815331327e-12
2.030000000000000249e+00,-4.084546754686809935e-12
2.032000000000000028e+00,-3.956987724471983700e-12
2.034000000000000252e+00,-4.180591110853526371e-12
2.036000000000000032e+00,-4.270401508100808462e-12
2.038000000000000256e+00,-4.331860774253515668e-12
2.040000000000000036e+00,-4.174602703581518727e-12
2.042000000000000259e+00,-4.218467783797273645e-12
2.044000000000000039e+00,-4.287948193168946502e-12
2.046000000000000263e+00,-4.338383787020788688e-12
2.048000000000000043e+00,-3.971650349529060940e-12
2.049999999999999822e+00,-4.233862112707408171e-12
2.052000000000000046e+00,-4.086628848064621598e-12
2.053999999999999826e+00,-4.145290602081210194e-12
2.056000000000000050e+00,-4.193619741323201233e-12
2.057999999999999829e+00,-4.033004275550089976e-12
2.060000000000000053e+00,-4.498552255056871071e-12
2.061999999999999833e+00,-4.385516094861955758e-12
2.064000000000000057e+00,-4.420076037340652236e-12
2.065999999999999837e+00,-3.855914970699175298e-12
2.068000000000000060e+00,-4.091132780708068206e-12
2.069999999999999840e+00,-4.169993613799900753e-12
2.072000000000000064e+00,-3.796306492238248875e-12
2.073999999999999844e+00,-4.052275865493804744e-12
2.076000000000000068e+00,-4.113031492776408165e-12
2.077999999999999847e+00,-4.373227665133137427e-12
2.080000000000000071e+00,-4.448013737069662400e-12
2.081999999999999851e+00,-4.305832789406406989e-12
2.084000000000000075e+00,-4.550418784565237926e-12
2.085999999999999854e+00,-4.204309770720461302e-12
2.088000000000000078e+00,-4.234568937629456181e-12
2.089999999999999858e+00,-4.097434586568740904e-12
2.092000000000000082e+00,-4.152015765953247110e-12
2.093999999999999861e+00,-4.187065032240864640e-12
2.096000000000000085e+00,-4.266243723579830988e-12
2.097999999999999865e+00,-4.297827630032785271e-12
2.100000000000000089e+00,-4.364530574343072900e-12
2.101999999999999869e+00,-4.229373944904886545e-12
2.104000000000000092e+00,-4.062145033844913819e-12
2.105999999999999872e+00,-4.099222302711231567e-12
2.108000000000000096e+00,-3.962817195566214447e-12
2.109999999999999876e+00,-4.222578322031929559e-12
2.112000000000000099e+00,-4.267828536857877588e-12
2.113999999999999879e+00,-4.125819968733796939e-12
2.116000000000000103e+00,-4.388652465062258280e-12
2.117999999999999883e+00,-4.043878711412035346e-12
2.120000000000000107e+00,-4.278152210922872288e-12
2.121999999999999886e+00,-4.363596353417306889e-12
2.124000000000000110e+00,-4.211336431741580217e-12
2.125999999999999890e+00,-4.043084050431440615e-12
2.128000000000000114e+00,-3.880361403309506654e-12
2.129999999999999893e+00,-4.120143773740054495e-12
2.132000000000000117e+00,-4.201512818040226678e-12
2.133999999999999897e+00,-4.264648456692271548e-12
2.136000000000000121e+00,-4.317644326614319545e-12
2.137999999999999901e+00,-4.382934546428913860e-12
2.140000000000000124e+00,-4.224704545134787950e-12
2.141999999999999904e+00,-4.065892929011621829e-12
2.144000000000000128e+00,-4.130166329351351562e-12
2.145999999999999908e+00,-4.159095147589004740e-12
2.148000000000000131e+00,-4.224314209944959256e-12
2.149999999999999911e+00,-4.290391202780375520e-12
2.152000000000000135e+00,-4.344305753858478140e-12
2.153999999999999915e+00,-4.197433355354792200e-12
2.156000000000000139e+00,-4.037781484704631813e-12
2.157999999999999918e+00,-4.284955643639440586e-12
2.160000000000000142e+00,-4.360605379913406483e-12
2.161999999999999922e+00,-4.410229919663260341e-12
2.164000000000000146e+00,-4.281759399844707927e-12
2.165999999999999925e+00,-3.893020141932782127e-12
2.168000000000000149e+00,-4.146664336694854888e-12
2.169999999999999929e+00,-4.207566168025884984e-12
2.172000000000000153e+00,-4.257836946025747958e-12
2.173999999999999932e+00,-4.313457042546805002e-12
2.176000000000000156e+00,-4.185838383757448927e-12
2.177999999999999936e+00,-4.226032307375148029e-12
2.180000000000000160e+00,-4.286465604721335996e-12
2.181999999999999940e+00,-4.109557343349997581e-12
2.184000000000000163e+00,-4.171686711854930883e-12
2.185999999999999943e+00,-4.240411407160439397e-12
2.188000000000000167e+00,-4.090208997567411285e-12
2.189999999999999947e+00,-3.923253025476129683e-12
2.192000000000000171e+00,-4.174480837882453781e-12
2.193999999999999950e+00,-4.251647061411754526e-12
2.196000000000000174e+00,-4.305866034509493531e-12
2.197999999999999954e+00,-4.363373277030018038e-12
2.200000000000000178e+00,-4.430441402502131539e-12
2.201999999999999957e+00,-4.065751341397766006e-12
2.204000000000000181e+00,-4.106793306927634802e-12
2.205999999999999961e+00,-4.160761300329304396e-12
2.208000000000000185e+00,-4.208004665377311923e-12
2.209999999999999964e+00,-4.273688393625069293e-12
2.212000000000000188e+00,-4.327585724476539365e-12
2.213999999999999968e+00,-3.983498249722539408e-12
2.216000000000000192e+00,-4.206272617662044748e-12
2.217999999999999972e+00,-4.083699963110267073e-12
2.220000000000000195e+00,-3.932397439255930988e-12
2.221999999999999975e+00,-4.369511666944685969e-12
2.224000000000000199e+00,-4.248395497048571288e-12
2.225999999999999979e+00,-4.100242003779584360e-12
2.228000000000000203e+00,-4.145853824537479958e-12
2.229999999999999982e+00,-4.392955406057494178e-12
2.232000000000000206e+00,-4.478136800476741902e-12
2.233999999999999986e+00,-4.309127890166873339e-12
2.236000000000000210e+00,-4.177346119700264268e-12
2.237999999999999989e+00,-3.998260501229371998e-12
2.240000000000000213e+00,-4.043993414798304337e-12
2.241999999999999993e+00,-4.105811707725464663e-12
2.244000000000000217e+00,-4.168317927645121012e-12
2.245999999999999996e+00,-4.218001171392948755e-12
2.248000000000000220e+00,-4.274431084590284168e-12
2.250000000000000000e+00,-4.345401149559376377e-12
2.252000000000000224e+00,-4.193237014827439367e-12
2.254000000000000004e+00,-4.226437691237085878e-12
2.256000000000000227e+00,-4.098064288564108949e-12
2.258000000000000007e+00,-3.916987967418545461e-12
2.260000000000000231e+00,-3.971316574466737629e-12
2.262000000000000011e+00,-4.232234814102638993e-12
2.264000000000000234e+00,-4.304171329789833547e-12
2.266000000000000014e+00,-4.160129448921695402e-12
2.268000000000000238e+00,-4.198419830394088089e-12
2.270000000000000018e+00,-4.259348085059576195e-12
2.272000000000000242e+00,-4.322245551430255804e-12
2.274000000000000021e+00,-4.561736354068826128e-12
2.276000000000000245e+00,-4.033534347486126393e-12
2.278000000000000025e+00,-4.065566235865451792e-12
2.280000000000000249e+00,-4.090595857855047234e-12
2.282000000000000028e+00,-4.378425129271283577e-12
2.284000000000000252e+00,-4.229811807424464557e-12
2.286000000000000032e+00,-4.298515477163515891e-12
2.288000000000000256e+00,-4.132937025570956022e-12
2.290000000000000036e+00,-4.170008079293731405e-12
2.292000000000000259e+00,-4.248409099308197465e-12
2.294000000000000039e+00,-4.294393649856751067e-12
2.296000000000000263e+00,-4.144838192026395826e-12
2.298000000000000043e+00,-4.194160129094684229e-12
2.300000000000000266e+00,-4.244381573558389624e-12
2.302000000000000046e+00,-4.106245723990746103e-12
2.304000000000000270e+00,-4.139143460811616984e-12
2.306000000000000050e+00,-4.231133226185658607e-12
2.307999999999999829e+00,-4.252670500989119170e-12
2.310000000000000053e+00,-4.340954203993482188e-12
2.311999999999999833e+00,-4.157397310813264529e-12
2.314000000000000057e+00,-4.032657785149774942e-12
2.315999999999999837e+00,-4.046807423497572151e-12
2.318000000000000060e+00,-3.907925490911948078e-12
2.319999999999999840e+00,-4.151137658544011431e-12
2.322000000000000064e+00,-4.240421514208524071e-12
2.323999999999999844e+00,-4.297238945693518980e-12
2.326000000000000068e+00,-4.351631233621760482e-12
2.327999999999999847e+00,-4.000187290485435580e-12
2.330000000000000071e+00,-4.227887560076772253e-12
2.331999999999999851e+00,-4.298048191605531248e-12
2.334000000000000075e+00,-4.154383352796571868e-12
2.335999999999999854e+00,-4.395343682356682876e-12
2.338000000000000078e+00,-4.285058680788517396e-12
2.339999999999999858e+00,-4.116057077580758740e-12
2.342000000000000082e+00,-4.157576796755726059e-12
2.343999999999999861e+00,-4.214561946807049799e-12
2.346000000000000085e+00,-4.263660772851950963e-12
2.347999999999999865e+00,-4.321607855703747346e-12
2.350000000000000089e+00,-4.184529333065967558e-12
2.351999999999999869e+00,-4.024008315371228090e-12
2.354000000000000092e+00,-4.066331564845444974e-12
2.355999999999999872e+00,-4.125459821867363595e-12
2.358000000000000096e+00,-4.173444793598369248e-12
2.359999999999999876e+00,-4.437089804057660092e-12
2.362000000000000099e+00,-4.518315004894743551e-12
2.363999999999999879e+00,-4.145360688777330052e-12
2.366000000000000103e+00,-4.199252816226906186e-12
2.367999999999999883e+00,-4.460639127146173983e-12
2.370000000000000107e+00,-4.111584894518756875e-12
2.371999999999999886e+00,-4.160356772458949638e-12
2.374000000000000110e+00,-4.400282629928877463e-12
2.375999999999999890e+00,-4.087721126346541104e-12
2.378000000000000114e+00,-4.301730630280522763e-12
2.379999999999999893e+00,-3.987826972143002834e-12
2.382000000000000117e+00,-4.190391137671872349e-12
2.383999999999999897e+00,-4.478273583739500531e-12
2.386000000000000121e+00,-4.364350456630678109e-12
2.387999999999999901e+00,-3.987100192856857949e-12
2.390000000000000124e+00,-4.017496156840270712e-12
2.391999999999999904e+00,-3.865185436766998630e-12
2.394000000000000128e+00,-4.107769490695609219e-12
2.395999999999999908e+00,-4.188247535945630535e-12
2.398000000000000131e+00,-4.244730110644422540e-12
2.399999999999999911e+00,-4.105846215119730430e-12
2.402000000000000135e+00,-4.140687240951210188e-12
2.403999999999999915e+00,-4.192944933291740168e-12
2.406000000000000139e+00,-4.061318739401747989e-12
2.407999999999999918e+00,-4.305664467992182205e-12
2.410000000000000142e+00,-4.170166971437647800e-12
2.411999999999999922e+00,-4.421100720645158857e-12
2.414000000000000146e+00,-4.085220788000406996e-12
2.415999999999999925e+00,-4.098659203714270130e-12
2.418000000000000149e+00,-3.966595966460612841e-12
2.419999999999999929e+00,-4.209596079160587934e-12
2.422000000000000153e+00,-4.484867875468790918e-12
2.423999999999999932e+00,-4.356725278101632306e-12
2.426000000000000156e+00,-4.390942609302885300e-12
2.427999999999999936e+00,-3.852432743744405770e-12
2.430000000000000160e+00,-4.058918126395099035e-12
2.431999999999999940e+00,-4.137744214041813069e-12
2.434000000000000163e+00,-4.195241714338164133e-12
2.435999999999999943e+00,-4.257035142803803554e-12
2.438000000000000167e+00,-4.305874569858403563e-12
2.439999999999999947e+00,-4.161288589866866176e-12
2.442000000000000171e+00,-4.207549416310477208e-12
2.443999999999999950e+00,-4.464812921773794782e-12
2.446000000000000174e+00,-4.133274138177949417e-12
2.447999999999999954e+00,-4.158889484609708932e-12
2.450000000000000178e+00,-4.216116453794780708e-12
2.451999999999999957e+00,-4.079593255634968242e-12
2.454000000000000181e+00,-4.102582318950452761e-12
2.455999999999999961e+00,-4.172778297816721139e-12
2.458000000000000185e+00,-4.026637425637432755e-12
2.459999999999999964e+00,-4.265644766829101748e-12
2.462000000000000188e+00,-4.151210324120198730e-12
2.463999999999999968e+00,-3.992739787155747551e-12
2.466000000000000192e+00,-4.208787710286165166e-12
2.467999999999999972e+00,-4.100147419936247657e-12
2.470000000000000195e+00,-4.147912843501175013e-12
2.471999999999999975e+00,-4.201625427846510569e-12
2.474000000000000199e+00,-4.251673349548431797e-12
2.475999999999999979e+00,-4.120457758163390846e-12
2.478000000000000203e+00,-4.154233373935431567e-12
2.479999999999999982e+00,-4.217902624606138771e-12
2.482000000000000206e+00,-4.275617176986374374e-12
2.483999999999999986e+00,-4.323083035722363751e-12
2.486000000000000210e+00,-4.586036276143880105e-12
2.487999999999999989e+00,-4.066433886094243196e-12
2.490000000000000213e+00,-3.840557030921802004e-12
2.491999999999999993e+00,-4.110725881477835388e-12
2.494000000000000217e+00,-4.372983457370344234e-12
2.495999999999999996e+00,-4.271174063172370800e-12
2.498000000000000220e+00,-4.490681981420476490e-12
2.500000000000000000e+00,-4.376066609986056770e-12
2.502000000000000224e+00,-4.200177304465539018e-12
2.504000000000000004e+00,-4.050061460609512887e-12
2.506000000000000227e+00,-3.892745459995757703e-12
2.508000000000000007e+00,-4.139081921981188673e-12
2.510000000000000231e+00,-4.192388868360049797e-12
2.512000000000000011e+00,-4.263957384237404627e-12
2.514000000000000234e+00,-4.128817125702452567e-12
2.516000000000000014e+00,-4.167160874093502427e-12
2.518000000000000238e+00,-4.015015028758209433e-12
2.520000000000000018e+00,-4.248484324800772015e-12
2.522000000000000242e+00,-4.127603924027009565e-12
2.524000000000000021e+00,-4.396820725419362652e-12
2.526000000000000245e+00,-3.624524416290308085e-12
2.528000000000000025e+00,-4.455259969094653934e-12
2.530000000000000249e+00,-4.155421973402520778e-12
2.532000000000000028e+00,-4.190588236659445165e-12
2.534000000000000252e+00,-4.239810808092500534e-12
2.536000000000000032e+00,-4.097933635555672154e-12
2.538000000000000256e+00,-4.358284752047876448e-12
2.540000000000000036e+00,-4.205897261446457572e-12
2.542000000000000259e+00,-4.260443380298535200e-12
2.544000000000000039e+00,-4.312529554845279651e-12
2.546000000000000263e+00,-4.172014015699348014e-12
2.548000000000000043e+00,-4.212459998304406574e-12
2.550000000000000266e+00,-4.261342870059963220e-12
2.552000000000000046e+00,-4.127665287185234782e-12
2.554000000000000270e+00,-3.956153023987025241e-12
2.556000000000000050e+00,-4.216186190258683140e-12
2.558000000000000274e+00,-4.286590499752473573e-12
2.560000000000000053e+00,-4.338919142502124097e-12
2.561999999999999833e+00,-4.586862810907022315e-12
2.564000000000000057e+00,-4.269409843676075369e-12
2.565999999999999837e+00,-3.897683441050912667e-12
2.568000000000000060e+00,-4.105265617126760668e-12
2.569999999999999840e+00,-4.187761438785880072e-12
2.572000000000000064e+00,-4.461548738529720497e-12
2.573999999999999844e+00,-4.328405355920489368e-12
2.576000000000000068e+00,-4.153551438983492922e-12
2.577999999999999847e+00,-4.212197484848331918e-12
2.580000000000000071e+00,-4.066549471008546961e-12
2.581999999999999851e+00,-4.096173170087199978e-12
2.584000000000000075e+00,-4.166206305409812259e-12
2.585999999999999854e+00,-4.209613004876076622e-12
2.588000000000000078e+00,-4.285614125905629798e-12
2.589999999999999858e+00,-4.140756917866629930e-12
2.592000000000000082e+00,-4.368022650231693084e-12
2.593999999999999861e+00,-4.257851471919869114e-12
2.596000000000000085e+00,-4.285256036063903782e-12
2.597999999999999865e+00,-4.347060165864832145e-12
2.600000000000000089e+00,-4.212441744618932401e-12
2.601999999999999869e+00,-4.036705730952982618e-12
2.604000000000000092e+00,-4.283945650946762384e-12
2.605999999999999872e+00,-4.161991848075103436e-12
2.608000000000000096e+00,-3.982319502241891350e-12
2.609999999999999876e+00,-4.451193177438408442e-12
2.612000000000000099e+00,-4.344832278705042813e-12
2.613999999999999879e+00,-4.165234009248991884e-12
2.616000000000000103e+00,-4.223743384590627941e-12
2.617999999999999883e+00,-4.272177801281123055e-12
2.620000000000000107e+00,-4.111413233645053596e-12
2.621999999999999886e+00,-3.969166935565267753e-12
2.624000000000000110e+00,-4.206658076883793854e-12
2.625999999999999890e+00,-4.284900213333293762e-12
2.628000000000000114e+00,-4.135611835434863867e-12
2.629999999999999893e+00,-4.178806977832500590e-12
2.632000000000000117e+00,-4.247389218293344899e-12
2.633999999999999897e+00,-4.298479218491763977e-12
2.636000000000000121e+00,-4.153246884017195329e-12
2.637999999999999901e+00,-3.988524596936675827e-12
2.640000000000000124e+00,-4.031020620668997707e-12
2.641999999999999904e+00,-4.090927157190966406e-12
2.644000000000000128e+00,-4.134938375373906256e-12
2.645999999999999908e+00,-4.216269100960776796e-12
2.648000000000000131e+00,-4.258277918564632093e-12
2.649999999999999911e+00,-4.520062342807505207e-12
2.652000000000000135e+00,-4.197540477416076002e-12
2.653999999999999915e+00,-4.223363729450638035e-12
2.656000000000000139e+00,-4.063537362577296517e-12
2.657999999999999918e+00,-4.120726305972540722e-12
2.660000000000000142e+00,-4.367492637533877964e-12
2.661999999999999922e+00,-4.047018475298630158e-12
2.664000000000000146e+00,-4.067703557506148842e-12
2.665999999999999925e+00,-4.135001572459834716e-12
2.668000000000000149e+00,-3.981493613276129166e-12
2.669999999999999929e+00,-4.220444395056309685e-12
2.672000000000000153e+00,-4.302668501715151553e-12
2.673999999999999932e+00,-4.354876513431473351e-12
2.676000000000000156e+00,-4.221182154696976302e-12
2.677999999999999936e+00,-4.060001549419087528e-12
2.680000000000000160e+00,-4.104569973451205008e-12
2.681999999999999940e+00,-4.164754344638591385e-12
2.684000000000000163e+00,-4.421715808128793811e-12
2.685999999999999943e+00,-4.274107823096883398e-12
2.688000000000000167e+00,-4.113351865736924043e-12
2.689999999999999947e+00,-3.973889756844440548e-12
2.692000000000000171e+00,-4.206146566970289856e-12
2.693999999999999950e+00,-4.072611399760040429e-12
2.696000000000000174e+00,-4.320226842916290452e-12
2.697999999999999954e+00,-4.202604128893605224e-12
2.700000000000000178e+00,-4.245472315376900047e-12
2.701999999999999957e+00,-4.088781942034052172e-12
2.704000000000000181e+00,-4.132299413496910295e-12
2.705999999999999961e+00,-4.398510517777705435e-12
2.708000000000000185e+00,-4.274039792237150792e-12
2.709999999999999964e+00,-4.304457255364259048e-12
2.712000000000000188e+00,-4.578508582801274886e-12
2.713999999999999968e+00,-4.031150844570832290e-12
2.716000000000000192e+00,-4.048612209711582755e-12
2.717999999999999972e+00,-4.306144327452448889e-12
2.720000000000000195e+00,-4.177906327629365855e-12
2.721999999999999975e+00,-4.018446610276395303e-12
2.724000000000000199e+00,-4.254269363138909218e-12
2.725999999999999979e+00,-4.126836020038260029e-12
2.728000000000000203e+00,-4.168909371961930296e-12
2.729999999999999982e+00,-4.036057533642203160e-12
2.732000000000000206e+00,-4.069499536193920701e-12
2.733999999999999986e+00,-4.324706043454623411e-12
2.736000000000000210e+00,-4.198337398243063305e-12
2.737999999999999989e+00,-4.247705971302356836e-12
2.740000000000000213e+00,-4.110022726618904185e-12
2.741999999999999993e+00,-4.134265804204768183e-12
2.744000000000000217e+00,-4.399040126993107716e-12
2.745999999999999996e+00,-4.268464036115970202e-12
2.748000000000000220e+00,-4.328207688760841429e-12
2.750000000000000000e+00,-4.368009651682200098e-12
2.752000000000000224e+00,-4.029223226868119069e-12
2.754000000000000004e+00,-4.047079405504137157e-12
2.756000000000000227e+00,-4.315548864745526240e-12
2.758000000000000007e+00,-4.184034557272662919e-12
2.760000000000000231e+00,-4.225348504969784633e-12
2.762000000000000011e+00,-4.287846099259389333e-12
2.764000000000000234e+00,-3.947111052616925950e-12
2.766000000000000014e+00,-3.970156834147025720e-12
2.768000000000000238e+00,-3.809888879581249948e-12
2.770000000000000018e+00,-4.056182298955801510e-12
2.772000000000000242e+00,-4.139800329425340321e-12
2.774000000000000021e+00,-4.383833604958690863e-12
2.776000000000000245e+00,-4.280711525342844467e-12
2.778000000000000025e+00,-4.299498264125611663e-12
2.780000000000000249e+00,-4.168098329538665930e-12
2.782000000000000028e+00,-4.214774323137929902e-12
2.784000000000000252e+00,-4.267793347175167150e-12
2.786000000000000032e+00,-4.312971659070243516e-12
2.788000000000000256e+00,-4.388133108159489272e-12
2.790000000000000036e+00,-4.239342814211645498e-12
2.792000000000000259e+00,-4.069192791028412356e-12
2.794000000000000039e+00,-4.125535392190695252e-12
2.796000000000000263e+00,-4.169897577794701641e-12
2.798000000000000043e+00,-4.031606987416275733e-12
2.800000000000000266e+00,-4.270483009833298061e-12
2.802000000000000046e+00,-4.156142337759149704e-12
2.804000000000000270e+00,-4.386988315124412959e-12
2.806000000000000050e+00,-4.265429736429119964e-12
2.808000000000000274e+00,-4.292551510292855525e-12
2.810000000000000053e+00,-4.377814777580594932e-12
2.812000000000000277e+00,-4.008435335495043813e-12
2.814000000000000057e+00,-3.829161592669031373e-12
2.815999999999999837e+00,-4.082752209183713988e-12
2.818000000000000060e+00,-4.357681377042893828e-12
2.819999999999999840e+00,-4.029839872626491718e-12
2.822000000000000064e+00,-4.045903557980995985e-12
2.823999999999999844e+00,-4.099746102901214370e-12
2.826000000000000068e+00,-4.379723194612700778e-12
2.827999999999999847e+00,-4.441297367686119680e-12
2.830000000000000071e+00,-4.507522304863302063e-12
2.831999999999999851e+00,-4.159527121825690466e-12
2.834000000000000075e+00,-4.163815844030461228e-12
2.835999999999999854e+00,-4.250147099069471048e-12
2.838000000000000078e+00,-4.295435074208704512e-12
2.839999999999999858e+00,-4.158975526244418063e-12
2.842000000000000082e+00,-4.195535403863896637e-12
2.843999999999999861e+00,-4.255729945443404160e-12
2.846000000000000085e+00,-4.314162259677693637e-12
2.847999999999999865e+00,-4.357867510762029381e-12
2.850000000000000089e+00,-4.214285394527083452e-12
2.851999999999999869e+00,-4.059003855445286526e-12
2.854000000000000092e+00,-4.107444958816561251e-12
2.855999999999999872e+00,-4.174583048813080956e-12
2.858000000000000096e+00,-4.018996881728671969e-12
2.859999999999999876e+00,-4.456101295288265240e-12
2.862000000000000099e+00,-4.351471228520556757e-12
2.863999999999999879e+00,-4.189445549087800267e-12
2.866000000000000103e+00,-4.035415634082246513e-12
2.867999999999999883e+00,-4.076005501266999919e-12
2.870000000000000107e+00,-4.139467552147892530e-12
2.871999999999999886e+00,-4.397162526297193744e-12
2.874000000000000110e+00,-4.247902435887288104e-12
2.875999999999999890e+00,-4.298683324143679766e-12
2.878000000000000114e+00,-4.166738486673699085e-12
2.879999999999999893e+00,-4.207433638568935916e-12
2.882000000000000117e+00,-4.244429502416271344e-12
2.883999999999999897e+00,-4.316854163975434655e-12
2.886000000000000121e+00,-4.174161838857988943e-12
2.887999999999999901e+00,-4.003751017083940876e-12
2.890000000000000124e+00,-4.055159221256711890e-12
2.891999999999999904e+00,-4.328733617496047246e-12
2.894000000000000128e+00,-4.180103580792563646e-12
2.895999999999999908e+00,-4.240468218074268147e-12
2.898000000000000131e+00,-4.282382118882198634e-12
2.899999999999999911e+00,-4.324036101556868207e-12
2.902000000000000135e+00,-4.211300831304691980e-12
2.903999999999999915e+00,-4.034763407335407389e-12
2.906000000000000139e+00,-4.094856130130239557e-12
2.907999999999999918e+00,-4.128330244680269995e-12
2.910000000000000142e+00,-4.190447145128613973e-12
2.911999999999999922e+00,-4.043952716485587928e-12
2.914000000000000146e+00,-3.889177356147778250e-12
2.915999999999999925e+00,-4.136393538127081190e-12
2.918000000000000149e+00,-3.996398224568756982e-12
2.919999999999999929e+00,-4.256835368177550441e-12
2.922000000000000153e+00,-4.321196431126714510e-12
2.923999999999999932e+00,-4.373937076047416409e-12
2.926000000000000156e+00,-4.038263065130285665e-12
2.927999999999999936e+00,-3.868812056082347420e-12
2.930000000000000160e+00,-4.102898144505933376e-12
2.931999999999999940e+00,-3.968797679324645729e-12
2.934000000000000163e+00,-4.028987203982787186e-12
2.935999999999999943e+00,-4.264652778715417426e-12
2.938000000000000167e+00,-4.343288558635430902e-12
2.939999999999999947e+00,-4.199719912719165857e-12
2.942000000000000171e+00,-4.244869349723491751e-12
2.943999999999999950e+00,-4.502514744860727543e-12
2.946000000000000174e+00,-4.381798206338886518e-12
2.947999999999999954e+00,-4.209852405448044615e-12
2.950000000000000178e+00,-4.259739075177667383e-12
2.951999999999999957e+00,-3.917167690567295406e-12
2.954000000000000181e+00,-4.139132375748523847e-12
2.955999999999999961e+00,-4.018405575795925373e-12
2.958000000000000185e+00,-4.050648773061401676e-12
2.959999999999999964e+00,-4.303191186108290271e-12
2.962000000000000188e+00,-4.598495476289407016e-12
2.963999999999999968e+00,-4.261509986137722870e-12
2.966000000000000192e+00,-4.091743474795306400e-12
2.967999999999999972e+00,-4.324466740258536458e-12
2.970000000000000195e+00,-4.195216950833618552e-12
2.971999999999999975e+00,-4.238947059465740507e-12
2.974000000000000199e+00,-4.311643914938947923e-12
2.975999999999999979e+00,-4.155319190937001325e-12
2.978000000000000203e+00,-3.993017924061772306e-12
2.979999999999999982e+00,-4.230607077237182882e-12
2.982000000000000206e+00,-4.517474118905330110e-12
2.983999999999999986e+00,-4.184903568691755570e-12
2.986000000000000210e+00,-4.217463297047249124e-12
2.987999999999999989e+00,-4.257927873154753316e-12
2.990000000000000213e+00,-3.924386280492351508e-12
2.991999999999999993e+00,-4.150451720537423337e-12
2.994000000000000217e+00,-4.210880177666885252e-12
2.995999999999999996e+00,-4.283049871481716450e-12
2.998000000000000220e+00,-4.135227631289704656e-12
3.000000000000000000e+00,-4.375467076119811166e-12
3.002000000000000224e+00,-4.044288818869954771e-12
3.004000000000000004e+00,-4.072378939713734696e-12
3.006000000000000227e+00,-4.130521699062972615e-12
3.008000000000000007e+00,-4.405733794140676856e-12
3.010000000000000231e+00,-4.258235618922826963e-12
3.012000000000000011e+00,-4.712182270456457971e-12
3.014000000000000234e+00,-4.209098268172432364e-12
3.016000000000000014e+00,-4.194315331052714370e-12
3.018000000000000238e+00,-4.062081111463828480e-12
3.020000000000000018e+00,-4.107332383166665922e-12
3.022000000000000242e+00,-4.163202300744185061e-12
3.024000000000000021e+00,-4.431517246438795724e-12
3.026000000000000245e+00,-4.079247532799928461e-12
3.028000000000000025e+00,-4.110539691780743068e-12
3.030000000000000249e+00,-3.970119523205512217e-12
3.032000000000000028e+00,-4.213507948014184024e-12
3.034000000000000252e+00,-4.288268461087825569e-12
3.036000000000000032e+00,-4.335389866914251449e-12
3.038000000000000256e+00,-3.982147893030380076e-12
3.040000000000000036e+00,-4.025208259743065763e-12
3.042000000000000259e+00,-4.078412779742462502e-12
3.044000000000000039e+00,-4.148911771698610047e-12
3.046000000000000263e+00,-4.194360498285592044e-12
3.048000000000000043e+00,-4.253932254641107576e-12
3.050000000000000266e+00,-4.302757221068476130e-12
3.052000000000000046e+00,-4.177624268807222446e-12
3.054000000000000270e+00,-4.210945168091548665e-12
3.056000000000000050e+00,-4.260734378566871325e-12
3.058000000000000274e+00,-4.329507498110647958e-12
3.060000000000000053e+00,-4.170265958362008642e-12
3.062000000000000277e+00,-4.435604031981515142e-12
3.064000000000000057e+00,-4.071146283382604248e-12
3.066000000000000281e+00,-4.331363964485651604e-12
3.068000000000000060e+00,-4.200664432658103265e-12
3.070000000000000284e+00,-4.427458923891507281e-12
3.072000000000000064e+00,-4.311121789515371575e-12
3.073999999999999844e+00,-4.355240032870561675e-12
3.076000000000000068e+00,-4.198350846605508719e-12
3.077999999999999847e+00,-4.042686573377566467e-12
3.080000000000000071e+00,-4.084435577050772370e-12
3.081999999999999851e+00,-4.351320869693711275e-12
3.084000000000000075e+00,-4.210452727793865179e-12
3.085999999999999854e+00,-4.468731578317928655e-12
3.088000000000000078e+00,-4.129468473540134161e-12
3.089999999999999858e+00,-4.168926834333563804e-12
3.092000000000000082e+00,-4.011251036082162843e-12
3.093999999999999861e+00,-4.050206148021679793e-12
3.096000000000000085e+00,-4.120229063118890605e-12
3.097999999999999865e+00,-3.962218175692317266e-12
3.100000000000000089e+00,-4.216716595647550793e-12
3.101999999999999869e+00,-4.091654213596391800e-12
3.104000000000000092e+00,-4.119059488797267725e-12
3.105999999999999872e+00,-4.178996944513200048e-12
3.108000000000000096e+00,-4.262627871373514147e-12
3.109999999999999876e+00,-4.300342171136524787e-12
3.112000000000000099e+00,-4.146230200461963316e-12
3.113999999999999879e+00,-4.207216419465238269e-12
3.116000000000000103e+00,-4.042211502440879990e-12
3.117999999999999883e+00,-3.887844886272951187e-12
3.120000000000000107e+00,-4.144160697081939427e-12
3.121999999999999886e+00,-4.219453655799537602e-12
3.124000000000000110e+00,-4.263432991935337444e-12
3.125999999999999890e+00,-4.129226484333705448e-12
3.128000000000000114e+00,-4.162388141194587800e-12
3.129999999999999893e+00,-4.233704478628361298e-12
3.132000000000000117e+00,-4.289855983174186452e-12
3.133999999999999897e+00,-4.337107213002382865e-12
3.136000000000000121e+00,-4.191569042790088539e-12
3.137999999999999901e+00,-4.238646972510748367e-12
3.140000000000000124e+00,-4.088349501210835055e-12
3.141999999999999904e+00,-4.136004091509106618e-12
3.144000000000000128e+00,-4.181855512637619700e-12
3.145999999999999908e+00,-4.239820788240981822e-12
3.148000000000000131e+00,-4.318670015921056063e-12
3.149999999999999911e+00,-4.368711451524271221e-12
3.152000000000000135e+00,-4.228216121792123020e-12
3.153999999999999915e+00,-4.051976412948118449e-12
3.156000000000000139e+00,-4.113660224963291226e-12
3.157999999999999918e+00,-4.165378638834057535e-12
3.160000000000000142e+00,-4.206182382735355178e-12
3.161999999999999922e+00,-4.274116405948464104e-12
3.164000000000000146e+00,-4.137303879939370861e-12
3.165999999999999925e+00,-4.182948804234449614e-12
3.168000000000000149e+00,-4.216540211914653643e-12
3.169999999999999929e+00,-4.307341926907733353e-12
3.172000000000000153e+00,-4.128909440184645073e-12
3.173999999999999932e+00,-3.982991904926028227e-12
3.176000000000000156e+00,-4.027534080324635349e-12
3.177999999999999936e+00,-4.283071285592793513e-12
3.180000000000000160e+00,-4.157453633435202058e-12
3.181999999999999940e+00,-4.219291552643811383e-12
3.184000000000000163e+00,-4.234265182853158559e-12
3.185999999999999943e+00,-4.326477119143432738e-12
3.188000000000000167e+00,-4.385731462012496350e-12
3.189999999999999947e+00,-4.016557066661886069e-12
3.192000000000000171e+00,-4.251808648862756170e-12
3.193999999999999950e+00,-4.127457678445870182e-12
3.196000000000000174e+00,-4.167858410372088645e-12
3.197999999999999954e+00,-4.226564437784529788e-12
3.200000000000000178e+00,-4.487316710419665426e-12
3.201999999999999957e+00,-4.160795510100332116e-12
3.204000000000000181e+00,-4.167855340092714537e-12
3.205999999999999961e+00,-4.034753929909032383e-12
3.208000000000000185e+00,-4.278753641630454696e-12
3.209999999999999964e+00,-4.147180776511190466e-12
3.212000000000000188e+00,-4.407568972555184278e-12
3.213999999999999968e+00,-4.275117516166382585e-12
3.216000000000000192e+00,-4.093512106396256071e-12
3.217999999999999972e+00,-4.162817843337290183e-12
3.220000000000000195e+00,-4.190687878295884363e-12
3.221999999999999975e+00,-4.270754275088157134e-12
3.224000000000000199e+00,-4.326588626157414356e-12
3.225999999999999979e+00,-4.166431222527510246e-12
3.228000000000000203e+00,-4.229029606857996915e-12
3.229999999999999982e+00,-4.070887223120107100e-12
3.232000000000000206e+00,-4.125212207329457583e-12
3.233999999999999986e+00,-4.165667450450109949e-12
3.236000000000000210e+00,-4.246254778924462628e-12
3.237999999999999989e+00,-4.282516990872996656e-12
3.240000000000000213e+00,-4.140358731921228607e-12
3.241999999999999993e+00,-4.195977461587128453e-12
3.244000000000000217e+00,-4.238373588837053343e-12
3.245999999999999996e+00,-4.297593928472443941e-12
3.248000000000000220e+00,-4.159530880565158725e-12
3.250000000000000000e+00,-4.406455312012593020e-12
3.252000000000000224e+00,-4.058107208491393862e-12
3.254000000000000004e+00,-4.100843223544580929e-12
3.256000000000000227e+00,-4.160987380559802119e-12
3.258000000000000007e+00,-4.215686494232306860e-12
3.260000000000000231e+00,-4.265347812023724252e-12
3.262000000000000011e+00,-4.125008451760412730e-12
3.264000000000000234e+00,-3.983210341349494342e-12
3.266000000000000014e+00,-4.212727872902361599e-12
3.268000000000000238e+00,-4.286073811314209442e-12
3.270000000000000018e+00,-4.126144604413589630e-12
3.272000000000000242e+00,-4.177526168192136836e-12
3.274000000000000021e+00,-4.037406621705885214e-12
3.276000000000000245e+00,-4.070256617146679951e-12
3.278000000000000025e+00,-4.146952857640935753e-12
3.280000000000000249e+00,-4.183745303780036001e-12
3.282000000000000028e+00,-4.263278491410106505e-12
3.284000000000000252e+00,-4.308478798099058121e-12
3.286000000000000032e+00,-4.366224469878756107e-12
3.288000000000000256e+00,-4.229418271890002623e-12
3.290000000000000036e+00,-4.056313139273289343e-12
3.292000000000000259e+00,-4.098786824263814032e-12
3.294000000000000039e+00,-3.975740771981163787e-12
3.296000000000000263e+00,-4.200108689584142150e-12
3.298000000000000043e+00,-4.283167898703338060e-12
3.300000000000000266e+00,-4.331197701835827453e-12
3.302000000000000046e+00,-4.184864897916451594e-12
3.304000000000000270e+00,-4.030258199066468523e-12
3.306000000000000050e+00,-4.285155183215334419e-12
3.308000000000000274e+00,-4.557828006561597117e-12
3.310000000000000053e+00,-4.208447804559831358e-12
3.312000000000000277e+00,-4.250327985788365175e-12
3.314000000000000057e+00,-4.104406970891259952e-12
3.316000000000000281e+00,-4.149448889990466764e-12
3.318000000000000060e+00,-4.199363728005844413e-12
3.320000000000000284e+00,-4.260872964169578735e-12
3.322000000000000064e+00,-4.317602196292556863e-12
3.324000000000000288e+00,-4.170612894465024526e-12
3.326000000000000068e+00,-4.212894776109516344e-12
3.328000000000000291e+00,-4.062535478741534192e-12
3.330000000000000071e+00,-4.323895507042667445e-12
3.331999999999999851e+00,-4.382406725632306303e-12
3.334000000000000075e+00,-4.243789143096578757e-12
3.335999999999999854e+00,-4.295348878813201676e-12
3.338000000000000078e+00,-4.331380734633229175e-12
3.339999999999999858e+00,-4.200567808592462695e-12
3.342000000000000082e+00,-4.041890073949237779e-12
3.343999999999999861e+00,-4.085582425690296591e-12
3.346000000000000085e+00,-4.136533992731096883e-12
3.347999999999999865e+00,-4.194235167022754335e-12
3.350000000000000089e+00,-4.254621122896694720e-12
3.351999999999999869e+00,-4.108625459623575788e-12
3.354000000000000092e+00,-4.147362023759048709e-12
3.355999999999999872e+00,-4.215234135369181902e-12
3.358000000000000096e+00,-4.057168507899824166e-12
3.359999999999999876e+00,-4.303006395928330461e-12
3.362000000000000099e+00,-4.186658145191673817e-12
3.363999999999999879e+00,-4.011686617013474568e-12
3.366000000000000103e+00,-4.063843140379420531e-12
3.367999999999999883e+00,-4.130466486884114214e-12
3.370000000000000107e+00,-4.171894187047583401e-12
3.371999999999999886e+00,-4.432813378510749097e-12
3.374000000000000110e+00,-4.107575515981860063e-12
3.375999999999999890e+00,-4.135853880034642682e-12
3.378000000000000114e+00,-3.979366833107730349e-12
3.379999999999999893e+00,-4.240263273093621541e-12
3.382000000000000117e+00,-4.301756389994682593e-12
3.383999999999999897e+00,-4.148357247842160365e-12
3.386000000000000121e+00,-4.406509060180965867e-12
3.387999999999999901e+00,-4.286798605585655700e-12
3.390000000000000124e+00,-4.115459576358857890e-12
3.391999999999999904e+00,-4.152499877223069157e-12
3.394000000000000128e+00,-4.225065795838108894e-12
3.395999999999999908e+00,-4.271884597343999792e-12
3.398000000000000131e+00,-4.340670799125330798e-12
3.399999999999999911e+00,-4.394395891429833697e-12
3.402000000000000135e+00,-4.042913816456450476e-12
3.403999999999999915e+00,-4.268835625350505781e-12
3.406000000000000139e+00,-4.140375559973309406e-12
3.407999999999999918e+00,-3.982585149709665183e-12
3.410000000000000142e+00,-4.018131523009329308e-12
3.411999999999999922e+00,-4.299894866465202699e-12
3.414000000000000146e+00,-4.152719885728282561e-12
3.415999999999999925e+00,-4.196337670883415866e-12
3.418000000000000149e+00,-4.259416528660203178e-12
3.419999999999999929e+00,-4.103378600222985184e-12
3.422000000000000153e+00,-4.153193082776927305e-12
3.423999999999999932e+00,-4.421111026497657468e-12
3.426000000000000156e+00,-4.078089650006645156e-12
3.427999999999999936e+00,-4.121308566029114297e-12
3.430000000000000160e+00,-3.944824362855016227e-12
3.431999999999999940e+00,-4.219283578393919039e-12
3.434000000000000163e+00,-4.089624632870745041e-12
3.435999999999999943e+00,-4.323747522654179007e-12
3.438000000000000167e+00,-4.193092494090307157e-12
3.439999999999999947e+00,-4.036294995399885458e-12
3.442000000000000171e+00,-4.285491598832633952e-12
3.443999999999999950e+00,-4.151827844892733313e-12
3.446000000000000174e+00,-4.187884651446974749e-12
3.447999999999999954e+00,-4.256162684191084737e-12
3.450000000000000178e+00,-4.315492691647707914e-12
3.451999999999999957e+00,-4.162738732804720662e-12
3.454000000000000181e+00,-4.204374060662480580e-12
3.455999999999999961e+00,-4.252610384860665194e-12
3.458000000000000185e+00,-4.323714447716918204e-12
3.459999999999999964e+00,-3.976981426520275872e-12
3.462000000000000188e+00,-4.192973749236341647e-12
3.463999999999999968e+00,-4.076195532988708994e-12
3.466000000000000192e+00,-3.913316046500693876e-12
3.467999999999999972e+00,-3.953383103604469039e-12
3.470000000000000195e+00,-4.213880883886288547e-12
3.471999999999999975e+00,-4.092429574941224858e-12
3.474000000000000199e+00,-4.329576732215493195e-12
3.475999999999999979e+00,-4.403008109737361306e-12
3.478000000000000203e+00,-4.258258576789221208e-12
3.479999999999999982e+00,-4.298500352067639835e-12
3.482000000000000206e+00,-4.368169162876773778e-12
3.483999999999999986e+00,-4.210038864906959320e-12
3.486000000000000210e+00,-4.261259676665769062e-12
3.487999999999999989e+00,-4.507054606601828732e-12
3.490000000000000213e+00,-3.984436343102672246e-12
3.491999999999999993e+00,-4.189618764613989067e-12
3.494000000000000217e+00,-4.275922120903690368e-12
3.495999999999999996e+00,-4.331408522935304660e-12
3.498000000000000220e+00,-4.207119585414505731e-12
3.500000000000000000e+00,-4.418760284638623741e-12
3.502000000000000224e+00,-4.085912421821579995e-12
3.504000000000000004e+00,-4.123854906628389740e-12
3.506000000000000227e+00,-4.186209930537651234e-12
3.508000000000000007e+00,-4.442369907905762675e-12
3.510000000000000231e+00,-4.313947833760472127e-12
3.512000000000000011e+00,-4.554914675558491406e-12
3.514000000000000234e+00,-4.019141010792302545e-12
3.516000000000000014e+00,-4.242686359919967012e-12
3.518000000000000238e+00,-4.103444100714521759e-12
3.520000000000000018e+00,-3.946314667471948240e-12
3.522000000000000242e+00,-4.187928431950772240e-12
3.524000000000000021e+00,-4.256345501349985781e-12
3.526000000000000245e+00,-4.331835535617721937e-12
3.528000000000000025e+00,-4.374370714028068433e-12
3.530000000000000249e+00,-4.238535686609380699e-12
3.532000000000000028e+00,-4.073982937628995801e-12
3.534000000000000252e+00,-4.125368053220258862e-12
3.536000000000000032e+00,-4.176203736369025245e-12
3.538000000000000256e+00,-4.033254458169403901e-12
3.540000000000000036e+00,-4.065085054307634289e-12
3.542000000000000259e+00,-4.134958349801121870e-12
3.544000000000000039e+00,-3.981778047743469170e-12
3.546000000000000263e+00,-4.230341735172544098e-12
3.548000000000000043e+00,-4.311579175530853276e-12
3.550000000000000266e+00,-4.371497824624207626e-12
3.552000000000000046e+00,-4.219715499789984118e-12
3.554000000000000270e+00,-4.056785109162963708e-12
3.556000000000000050e+00,-4.110719022900232630e-12
3.558000000000000274e+00,-4.146406835729377582e-12
3.560000000000000053e+00,-4.235720383342545683e-12
3.562000000000000277e+00,-4.262866527417820257e-12
3.564000000000000057e+00,-3.936987603657388769e-12
3.566000000000000281e+00,-4.147223854755378113e-12
3.568000000000000060e+00,-4.232390106208767958e-12
3.570000000000000284e+00,-4.079171259253613967e-12
3.572000000000000064e+00,-4.334676695419983724e-12
3.574000000000000288e+00,-4.400165075904393364e-12
3.576000000000000068e+00,-4.048519937003158250e-12
3.578000000000000291e+00,-4.072022009887208470e-12
3.580000000000000071e+00,-4.139293431971074895e-12
3.582000000000000295e+00,-4.195880161194824692e-12
3.584000000000000075e+00,-4.263659053441632650e-12
3.585999999999999854e+00,-4.113140041093983846e-12
3.588000000000000078e+00,-4.350187867248898467e-12
3.589999999999999858e+00,-4.231606952563915614e-12
3.592000000000000082e+00,-4.268053437616260618e-12
3.593999999999999861e+00,-4.135163899898389012e-12
3.596000000000000085e+00,-4.171002049822694432e-12
3.597999999999999865e+00,-4.234491271594798718e-12
3.600000000000000089e+00,-4.277161652922616579e-12
3.601999999999999869e+00,-4.130316171514842033e-12
3.604000000000000092e+00,-4.176563272305327080e-12
3.605999999999999872e+00,-4.235190487049823238e-12
3.608000000000000096e+00,-4.304859546213714475e-12
3.609999999999999876e+00,-4.332843977328222433e-12
3.612000000000000099e+00,-4.207786293606244519e-12
3.613999999999999879e+00,-4.256659437925780959e-12
3.616000000000000103e+00,-4.307509866678201568e-12
3.617999999999999883e+00,-3.950397204500212922e-12
3.620000000000000107e+00,-4.179061940521317248e-12
3.621999999999999886e+00,-4.261677449489929066e-12
3.624000000000000110e+00,-4.523299489172808432e-12
3.625999999999999890e+00,-4.183197057116717164e-12
3.628000000000000114e+00,-4.228721573734950724e-12
3.629999999999999893e+00,-4.268198009104578674e-12
3.632000000000000117e+00,-4.142909747225971481e-12
3.633999999999999897e+00,-4.169656201453147576e-12
3.636000000000000121e+00,-4.225803651563556862e-12
3.637999999999999901e+00,-4.091428316935595184e-12
3.640000000000000124e+00,-4.124607740400963240e-12
3.641999999999999904e+00,-4.196914275229573094e-12
3.644000000000000128e+00,-4.238733161799831054e-12
3.645999999999999908e+00,-4.298527247944256945e-12
3.648000000000000131e+00,-4.167464912491379332e-12
3.649999999999999911e+00,-4.189194854876612017e-12
3.652000000000000135e+00,-4.058513561979588160e-12
3.653999999999999915e+00,-4.097636538946919349e-12
3.656000000000000139e+00,-4.167413362625359296e-12
3.657999999999999918e+00,-4.200668340108922767e-12
3.660000000000000142e+00,-4.473253026566440042e-12
3.661999999999999922e+00,-4.138825253624002795e-12
3.664000000000000146e+00,-4.179933360597812014e-12
3.665999999999999925e+00,-4.220159021895505440e-12
3.668000000000000149e+00,-4.087047282759999915e-12
3.669999999999999929e+00,-4.120580468862618000e-12
3.672000000000000153e+00,-4.186933434103996038e-12
3.673999999999999932e+00,-4.240483233332891440e-12
3.676000000000000156e+00,-3.889042468766885075e-12
3.677999999999999936e+00,-4.127269952910243148e-12
3.680000000000000160e+00,-4.396634153132538220e-12
3.681999999999999940e+00,-4.254577022858269987e-12
3.684000000000000163e+00,-4.311119925401888880e-12
3.685999999999999943e+00,-4.370450438900167646e-12
3.688000000000000167e+00,-4.018699060387076274e-12
3.689999999999999947e+00,-4.048772995201967976e-12
3.692000000000000171e+00,-4.299972541703999004e-12
3.693999999999999950e+00,-4.188138071747805393e-12
3.696000000000000174e+00,-4.208561781409494004e-12
3.697999999999999954e+00,-4.284061163184981569e-12
3.700000000000000178e+00,-4.536464795106011132e-12
3.701999999999999957e+00,-4.407929782879711662e-12
3.704000000000000181e+00,-4.250280064437267875e-12
3.705999999999999961e+00,-4.093845555116755724e-12
3.708000000000000185e+00,-4.122900782521989695e-12
3.709999999999999964e+00,-4.192790862791371587e-12
3.712000000000000188e+00,-4.254094084781904740e-12
3.713999999999999968e+00,-4.294356178863322518e-12
3.716000000000000192e+00,-4.156554055556334955e-12
3.717999999999999972e+00,-3.993248800929258545e-12
3.720000000000000195e+00,-4.241253031847223453e-12
3.721999999999999975e+00,-4.319132140915356468e-12
3.724000000000000199e+00,-3.981910006640447977e-12
3.725999999999999979e+00,-3.981432122744553063e-12
3.728000000000000203e+00,-4.262711854201247076e-12
3.729999999999999982e+00,-4.127026795814879495e-12
3.732000000000000206e+00,-4.178592005982395780e-12
3.733999999999999986e+00,-4.227260195224857998e-12
3.736000000000000210e+00,-4.286121554019161547e-12
3.737999999999999989e+00,-4.130147690144245603e-12
3.740000000000000213e+00,-4.388439718690497793e-12
3.741999999999999993e+00,-4.263402271471271225e-12
3.744000000000000217e+00,-4.089814894721334319e-12
3.745999999999999996e+00,-4.144791583541327916e-12
3.748000000000000220e+00,-4.188347430188036966e-12
3.750000000000000000e+00,-4.048501544515248138e-12
3.752000000000000224e+00,-4.092541687531019690e-12
3.754000000000000004e+00,-4.161531388489764348e-12
3.756000000000000227e+00,-4.210227855405333584e-12
3.758000000000000007e+00,-4.066032192346571816e-12
3.760000000000000231e+00,-4.297378907508907082e-12
3.762000000000000011e+00,-4.190587892755514046e-12
3.764000000000000234e+00,-4.017159127101104308e-12
3.766000000000000014e+00,-4.073943128247539451e-12
3.768000000000000238e+00,-4.119275205252025223e-12
3.770000000000000018e+00,-4.382976915976078905e-12
3.772000000000000242e+00,-4.260883952202986114e-12
3.774000000000000021e+00,-4.287712163658775984e-12
3.776000000000000245e+00,-4.155920758098653914e-12
3.778000000000000025e+00,-3.979552501134435166e-12
3.780000000000000249e+00,-4.237791599323146110e-12
3.782000000000000028e+00,-4.306764441564795676e-12
3.784000000000000252e+00,-4.363454815691965889e-12
3.786000000000000032e+00,-4.224162321356264328e-12
3.788000000000000256e+00,-4.059748626424297131e-12
3.790000000000000036e+00,-4.092205316986948446e-12
3.792000000000000259e+00,-4.167494786185503765e-12
3.794000000000000039e+00,-4.424397121579694970e-12
3.796000000000000263e+00,-4.293577084148636856e-12
3.798000000000000043e+00,-4.329171730582133455e-12
3.800000000000000266e+00,-4.403194818163529043e-12
3.802000000000000046e+00,-4.025408268680993750e-12
3.804000000000000270e+00,-4.075752703766959728e-12
3.806000000000000050e+00,-4.124462534904878174e-12
3.808000000000000274e+00,-3.987434948857904028e-12
3.810000000000000053e+00,-4.228396573508536485e-12
3.812000000000000277e+00,-4.303397156043239778e-12
3.814000000000000057e+00,-3.946240454174119991e-12
3.816000000000000281e+00,-4.185123336214447582e-12
3.818000000000000060e+00,-4.261002139314808961e-12
3.820000000000000284e+00,-4.312922418455173671e-12
3.822000000000000064e+00,-4.169358709534930282e-12
3.824000000000000288e+00,-4.213292205823837573e-12
3.826000000000000068e+00,-4.058919753333264928e-12
3.828000000000000291e+00,-4.112020583469084673e-12
3.830000000000000071e+00,-4.163103052327967806e-12
3.832000000000000295e+00,-4.431953603099881530e-12
3.834000000000000075e+00,-4.298257793810041723e-12
3.836000000000000298e+00,-4.343004524798567546e-12
3.838000000000000078e+00,-4.204334293771443258e-12
3.839999999999999858e+00,-4.044495745025794979e-12
3.842000000000000082e+00,-4.066527309932469450e-12
3.843999999999999861e+00,-4.136153983270036425e-12
3.846000000000000085e+00,-4.197887029580663596e-12
3.847999999999999865e+00,-4.237395108651569367e-12
3.850000000000000089e+00,-4.324925075565366452e-12
3.851999999999999869e+00,-4.164878933857104774e-12
3.854000000000000092e+00,-4.404895223190129639e-12
3.855999999999999872e+00,-4.282630176264468350e-12
3.858000000000000096e+00,-4.130296971503194683e-12
3.859999999999999876e+00,-3.961141276507509758e-12
3.862000000000000099e+00,-4.412081387892350900e-12
3.863999999999999879e+00,-4.082083591402417563e-12
3.866000000000000103e+00,-4.128399090688708496e-12
3.867999999999999883e+00,-4.159302561210191289e-12
3.870000000000000107e+00,-4.243746834928324313e-12
3.871999999999999886e+00,-4.496530744707369320e-12
3.874000000000000110e+00,-4.151647589137831957e-12
3.875999999999999890e+00,-4.191984067247447220e-12
3.878000000000000114e+00,-4.058666689228101285e-12
3.879999999999999893e+00,-4.087604355716265306e-12
3.882000000000000117e+00,-4.140677437388841363e-12
3.883999999999999897e+00,-4.203318581116827249e-12
3.886000000000000121e+00,-4.259230736954391829e-12
3.887999999999999901e+00,-4.328442846112918875e-12
3.890000000000000124e+00,-4.159910082057354570e-12
3.891999999999999904e+00,-4.221267614837343901e-12
3.894000000000000128e+00,-4.279926244827535198e-12
3.895999999999999908e+00,-4.124943267353245012e-12
3.898000000000000131e+00,-4.162198502974518176e-12
3.899999999999999911e+00,-4.230884157933030645e-12
3.902000000000000135e+00,-4.078026674012170493e-12
3.903999999999999915e+00,-4.124715924670823605e-12
3.906000000000000139e+00,-4.183035918781757781e-12
3.907999999999999918e+00,-4.444378742933021793e-12
3.910000000000000142e+00,-4.319959294688568377e-12
3.911999999999999922e+00,-4.149735617015749750e-12
3.914000000000000146e+00,-4.189486121222722080e-12
3.915999999999999925e+00,-4.063956664827251726e-12
3.918000000000000149e+00,-4.089551435202712340e-12
3.919999999999999929e+00,-4.350189673542974140e-12
3.922000000000000153e+00,-4.212010551057900851e-12
3.923999999999999932e+00,-4.266438313301824355e-12
3.926000000000000156e+00,-4.331317578344904311e-12
3.927999999999999936e+00,-3.775950401983771878e-12
3.930000000000000160e+00,-4.196581828269635056e-12
3.931999999999999940e+00,-4.283442935118336436e-12
3.934000000000000163e+00,-4.142211338367808127e-12
3.935999999999999943e+00,-4.179040764064420246e-12
3.938000000000000167e+00,-4.235840034249260441e-12
3.939999999999999947e+00,-4.097261627300402997e-12
3.942000000000000171e+00,-4.125779404701817662e-12
3.943999999999999950e+00,-4.177675582509130552e-12
3.946000000000000174e+00,-4.458083686711261507e-12
3.947999999999999954e+00,-4.335395202258308026e-12
3.950000000000000178e+00,-4.358687314369329980e-12
3.951999999999999957e+00,-4.037245467174042812e-12
3.954000000000000181e+00,-4.038583807890001402e-12
3.955999999999999961e+00,-4.092450907233954677e-12
3.958000000000000185e+00,-4.165919049171840282e-12
3.959999999999999964e+00,-4.426393294969609319e-12
3.962000000000000188e+00,-4.289181273631863093e-12
3.963999999999999968e+00,-3.928525658419182343e-12
3.966000000000000192e+00,-3.951210987577992315e-12
3.967999999999999972e+00,-4.003629491486462144e-12
3.970000000000000195e+00,-4.070038675250149369e-12
3.971999999999999975e+00,-4.342527609984992397e-12
3.974000000000000199e+00,-4.193188065806974708e-12
3.975999999999999979e+00,-4.043424860307382224e-12
3.978000000000000203e+00,-4.083521946016006826e-12
3.979999999999999982e+00,-4.139155798396931550e-12
3.982000000000000206e+00,-4.003667242274530182e-12
3.983999999999999986e+00,-4.232160312474227135e-12
3.986000000000000210e+00,-4.324756805834317726e-12
3.987999999999999989e+00,-4.171033224888397354e-12
3.990000000000000213e+00,-4.201567857912473909e-12
3.991999999999999993e+00,-4.279928631414996822e-12
3.994000000000000217e+00,-4.330946507887054694e-12
3.995999999999999996e+00,-3.975953245912035138e-12
3.998000000000000220e+00,-4.212513298970207875e-12
4.000000000000000000e+00,-4.288897911979198158e-12
4.001999999999999780e+00,-4.142099346391486696e-12
4.004000000000000448e+00,-4.189459269090066132e-12
4.006000000000000227e+00,-4.228818542750140099e-12
4.008000000000000007e+00,-4.499445402529774735e-12
4.009999999999999787e+00,-4.365701626946002568e-12
4.012000000000000455e+00,-4.423741925377070959e-12
4.014000000000000234e+00,-4.067738521244856240e-12
4.016000000000000014e+00,-4.298349916824785501e-12
4.017999999999999794e+00,-4.159482108487824629e-12
4.020000000000000462e+00,-4.007705696976789396e-12
4.022000000000000242e+00,-4.236241175437266335e-12
4.024000000000000021e+00,-4.530378491035669896e-12
4.025999999999999801e+00,-4.393443790482763280e-12
4.028000000000000469e+00,-4.229749600892642181e-12
4.030000000000000249e+00,-4.071580262215533127e-12
4.032000000000000028e+00,-4.119222201190824587e-12
4.033999999999999808e+00,-3.984139059914265605e-12
4.036000000000000476e+00,-4.211483303387386226e-12
4.038000000000000256e+00,-4.291180274202669838e-12
4.040000000000000036e+00,-4.146383944744900371e-12
4.041999999999999815e+00,-4.202194080671139596e-12
4.044000000000000483e+00,-4.243120561694785839e-12
4.046000000000000263e+00,-4.309877558978858553e-12
4.048000000000000043e+00,-4.561344995359377912e-12
4.049999999999999822e+00,-4.236910098840481426e-12
4.052000000000000490e+00,-3.853010769325177895e-12
4.054000000000000270e+00,-4.072430931905388950e-12
4.056000000000000050e+00,-3.965690794542294525e-12
4.057999999999999829e+00,-4.188586343832683869e-12
4.060000000000000497e+00,-4.282173691496678455e-12
4.062000000000000277e+00,-4.123424315686537896e-12
4.064000000000000057e+00,-4.368884815236314083e-12
4.065999999999999837e+00,-4.449982565317877042e-12
4.068000000000000504e+00,-4.306869072827047094e-12
4.070000000000000284e+00,-4.330777860808238567e-12
4.072000000000000064e+00,-4.213465143984597431e-12
4.073999999999999844e+00,-4.448806095477812955e-12
4.076000000000000512e+00,-4.319168000490457235e-12
4.078000000000000291e+00,-4.156968466584861948e-12
4.080000000000000071e+00,-3.987132405384586691e-12
4.081999999999999851e+00,-4.236507151587448917e-12
4.084000000000000519e+00,-4.316461825252898972e-12
4.086000000000000298e+00,-4.164481001212222902e-12
4.088000000000000078e+00,-3.997869615966941732e-12
4.089999999999999858e+00,-4.261656805810430863e-12
4.092000000000000526e+00,-4.134146193469081440e-12
4.094000000000000306e+00,-4.160452998527629640e-12
4.096000000000000085e+00,-4.229595559068303838e-12
4.097999999999999865e+00,-4.274275706697142400e-12
4.099999999999999645e+00,-3.941706912438788643e-12
4.102000000000000313e+00,-4.167129678322361288e-12
4.104000000000000092e+00,-4.237219246029508386e-12
4.105999999999999872e+00,-4.095393814188186531e-12
4.107999999999999652e+00,-4.331236019492925274e-12
4.110000000000000320e+00,-4.008649295226897142e-12
4.112000000000000099e+00,-4.030819469511256863e-12
4.113999999999999879e+00,-4.108323415896890248e-12
4.115999999999999659e+00,-4.150745579272537032e-12
4.118000000000000327e+00,-4.213104384384282858e-12
4.120000000000000107e+00,-4.474314537411011784e-12
4.121999999999999886e+00,-4.543907024402530504e-12
4.123999999999999666e+00,-4.385586497108613287e-12
4.126000000000000334e+00,-3.839821727359522475e-12
4.128000000000000114e+00,-4.042465354456032847e-12
4.129999999999999893e+00,-4.123569054725605114e-12
4.131999999999999673e+00,-4.371776081160515190e-12
4.134000000000000341e+00,-4.254180487661932553e-12
4.136000000000000121e+00,-4.497087350496189885e-12
4.137999999999999901e+00,-4.360166976847504122e-12
4.139999999999999680e+00,-3.820429985164097791e-12
4.142000000000000348e+00,-4.205143059065853607e-12
4.144000000000000128e+00,-4.110351858315162433e-12
4.145999999999999908e+00,-4.141027872849319261e-12
4.147999999999999687e+00,-4.197082780053111573e-12
4.150000000000000355e+00,-4.257600172777264774e-12
4.152000000000000135e+00,-4.112269408907928880e-12
4.153999999999999915e+00,-4.356293672678186729e-12
4.155999999999999694e+00,-4.233702250102505884e-12
4.158000000000000362e+00,-4.280488773478208775e-12
4.160000000000000142e+00,-4.329105178157167412e-12
4.161999999999999922e+00,-4.187562800874082704e-12
4.163999999999999702e+00,-4.018504491099844040e-12
4.166000000000000369e+00,-4.065331031293668911e-12
4.168000000000000149e+00,-4.316791941800374007e-12
4.169999999999999929e+00,-4.213731641564898206e-12
4.171999999999999709e+00,-4.236239095412031440e-12
4.174000000000000377e+00,-4.295032903117011412e-12
4.176000000000000156e+00,-4.172760148042877513e-12
4.177999999999999936e+00,-3.993782453410849139e-12
4.179999999999999716e+00,-4.229949278729523274e-12
4.182000000000000384e+00,-3.914202993459525445e-12
4.184000000000000163e+00,-4.133164955072342764e-12
4.185999999999999943e+00,-4.217776724912853165e-12
4.187999999999999723e+00,-4.054915995249750508e-12
4.190000000000000391e+00,-4.121884738144984904e-12
4.192000000000000171e+00,-4.165501258479404515e-12
4.193999999999999950e+00,-4.219893787676608585e-12
4.195999999999999730e+00,-4.302170648222514885e-12
4.198000000000000398e+00,-4.332106278078397559e-12
4.200000000000000178e+00,-4.401700081051561836e-12
4.201999999999999957e+00,-4.037754714107135725e-12
4.203999999999999737e+00,-4.081204926460427391e-12
4.206000000000000405e+00,-4.124416333066342427e-12
4.208000000000000185e+00,-4.194456089463657753e-12
4.209999999999999964e+00,-4.033935184645484649e-12
4.211999999999999744e+00,-4.298057476791344961e-12
4.214000000000000412e+00,-4.170859374825612216e-12
4.216000000000000192e+00,-4.204657485462377626e-12
4.217999999999999972e+00,-4.266923490999634919e-12
4.219999999999999751e+00,-4.526039940986914373e-12
4.222000000000000419e+00,-4.192756321797395268e-12
4.224000000000000199e+00,-4.019376864065672348e-12
4.225999999999999979e+00,-3.853780229225984457e-12
4.227999999999999758e+00,-4.098539779567839465e-12
4.230000000000000426e+00,-4.165927924651235344e-12
4.232000000000000206e+00,-4.036183389800733212e-12
4.233999999999999986e+00,-4.079257593679265710e-12
4.235999999999999766e+00,-4.326946929773546726e-12
4.238000000000000433e+00,-4.400803165849937085e-12
4.240000000000000213e+00,-4.268214099372748285e-12
4.241999999999999993e+00,-4.112095351402017378e-12
4.243999999999999773e+00,-4.139407145990697576e-12
4.246000000000000441e+00,-4.194205950149425091e-12
4.248000000000000220e+00,-4.267558931086989310e-12
4.250000000000000000e+00,-4.316364364105580683e-12
4.251999999999999780e+00,-4.168990269312597467e-12
4.254000000000000448e+00,-4.213361056389056549e-12
4.256000000000000227e+00,-4.472656586338804923e-12
4.258000000000000007e+00,-4.158296825219652750e-12
4.259999999999999787e+00,-4.163297376310575936e-12
4.262000000000000455e+00,-4.227960969110794175e-12
4.264000000000000234e+00,-4.090960399631817383e-12
4.266000000000000014e+00,-4.311081580352768082e-12
4.267999999999999794e+00,-4.202568544966261353e-12
4.270000000000000462e+00,-4.042062858680984136e-12
4.272000000000000242e+00,-4.262011190434648406e-12
4.274000000000000021e+00,-4.565646669074776972e-12
4.275999999999999801e+00,-4.042463631213360098e-12
4.278000000000000469e+00,-4.022968673668625152e-12
4.280000000000000249e+00,-4.094767199987886660e-12
4.282000000000000028e+00,-4.153911183746827405e-12
4.283999999999999808e+00,-4.208975698291569967e-12
4.286000000000000476e+00,-4.269736998443428068e-12
4.288000000000000256e+00,-4.319715757054031540e-12
4.290000000000000036e+00,-4.390145587698820722e-12
4.291999999999999815e+00,-4.242553671116502168e-12
4.294000000000000483e+00,-4.469320817908769486e-12
4.296000000000000263e+00,-4.160975924187394788e-12
4.298000000000000043e+00,-4.181404756222169143e-12
4.299999999999999822e+00,-4.243523001861012785e-12
4.302000000000000490e+00,-3.885554275772672098e-12
4.304000000000000270e+00,-4.116327128295981573e-12
4.306000000000000050e+00,-4.183523697005166385e-12
4.307999999999999829e+00,-4.034394868590852875e-12
4.310000000000000497e+00,-4.310068965511997899e-12
4.312000000000000277e+00,-4.570430791027019366e-12
4.314000000000000057e+00,-4.035690466101601344e-12
4.315999999999999837e+00,-4.043414902255939670e-12
4.318000000000000504e+00,-4.300046212637781586e-12
4.320000000000000284e+00,-4.179070632123884050e-12
4.322000000000000064e+00,-4.213806127563498129e-12
4.323999999999999844e+00,-4.490097685775330745e-12
4.326000000000000512e+00,-4.139508327813010478e-12
4.328000000000000291e+00,-4.179245413812936537e-12
4.330000000000000071e+00,-4.234717201180368511e-12
4.331999999999999851e+00,-4.076886044958075017e-12
4.334000000000000519e+00,-4.130405375946515273e-12
4.336000000000000298e+00,-4.193916110444536698e-12
4.338000000000000078e+00,-4.032781924783399453e-12
4.339999999999999858e+00,-4.089311605790195408e-12
4.342000000000000526e+00,-4.130051817866759116e-12
4.344000000000000306e+00,-4.203334016922895878e-12
4.346000000000000085e+00,-4.253919737043840147e-12
4.347999999999999865e+00,-4.322724219024116057e-12
4.350000000000000533e+00,-4.383165604126975810e-12
4.352000000000000313e+00,-4.221561643002166099e-12
4.354000000000000092e+00,-4.062954392901728384e-12
4.355999999999999872e+00,-4.108521375039876257e-12
4.357999999999999652e+00,-4.173376772314384760e-12
4.360000000000000320e+00,-4.232048033603258363e-12
4.362000000000000099e+00,-4.471714376310037034e-12
4.363999999999999879e+00,-3.966794548763173239e-12
4.365999999999999659e+00,-4.162324872045089079e-12
4.368000000000000327e+00,-4.245620278920902338e-12
4.370000000000000107e+00,-4.093594292495157704e-12
4.371999999999999886e+00,-4.143819030707019394e-12
4.373999999999999666e+00,-4.187115659794562782e-12
4.376000000000000334e+00,-4.245857872720124462e-12
4.378000000000000114e+00,-4.111570794719552484e-12
4.379999999999999893e+00,-4.357845970360649850e-12
4.381999999999999673e+00,-4.228424143890983847e-12
4.384000000000000341e+00,-4.262173552992667797e-12
4.386000000000000121e+00,-4.126460914255622885e-12
4.387999999999999901e+00,-3.953739367970343006e-12
4.389999999999999680e+00,-4.214442636813461368e-12
4.392000000000000348e+00,-4.278681688417345586e-12
4.394000000000000128e+00,-4.135651268543633965e-12
4.395999999999999908e+00,-4.179469524340443308e-12
4.397999999999999687e+00,-4.045190242135728754e-12
4.400000000000000355e+00,-4.268757872196972946e-12
4.402000000000000135e+00,-4.152500986948859909e-12
4.403999999999999915e+00,-3.983599522741584314e-12
4.405999999999999694e+00,-4.229727828091626261e-12
4.408000000000000362e+00,-4.108306788572621068e-12
4.410000000000000142e+00,-4.339755038205476052e-12
4.411999999999999922e+00,-4.436247070563850299e-12
4.413999999999999702e+00,-4.065672379487822107e-12
4.416000000000000369e+00,-4.105771656674187881e-12
4.418000000000000149e+00,-4.560147672883715334e-12
4.419999999999999929e+00,-4.264085857010295800e-12
4.421999999999999709e+00,-4.267115021960622232e-12
4.424000000000000377e+00,-4.332300990315183393e-12
4.426000000000000156e+00,-4.198794583143883472e-12
4.427999999999999936e+00,-4.017541693693636843e-12
4.429999999999999716e+00,-4.271336081627151357e-12
4.432000000000000384e+00,-3.937889019450422792e-12
4.434000000000000163e+00,-4.178282573994890047e-12
4.435999999999999943e+00,-4.253802182850732372e-12
4.437999999999999723e+00,-4.292543650283551991e-12
4.440000000000000391e+00,-4.157553009823623920e-12
4.442000000000000171e+00,-4.202135046709239320e-12
4.443999999999999950e+00,-4.257314216105916337e-12
4.445999999999999730e+00,-4.319483525562837542e-12
4.448000000000000398e+00,-4.157630663048871803e-12
4.450000000000000178e+00,-4.216883694221486096e-12
4.451999999999999957e+00,-4.062929733689716288e-12
4.453999999999999737e+00,-4.301198321071079631e-12
4.456000000000000405e+00,-4.189851250064521985e-12
4.458000000000000185e+00,-4.222418841909349496e-12
4.459999999999999964e+00,-3.881524355595319356e-12
4.461999999999999744e+00,-4.303477762107186625e-12
4.464000000000000412e+00,-4.203170502582751544e-12
4.466000000000000192e+00,-4.244816130854059245e-12
4.467999999999999972e+00,-4.092788634472245109e-12
4.469999999999999751e+00,-4.121095767037512030e-12
4.472000000000000419e+00,-3.997057329400856935e-12
4.474000000000000199e+00,-4.245514518290322379e-12
4.475999999999999979e+00,-4.107619255495771623e-12
4.477999999999999758e+00,-4.154088309503962281e-12
4.480000000000000426e+00,-4.201663289719453185e-12
4.482000000000000206e+00,-4.267424278269047316e-12
4.483999999999999986e+00,-4.326346344242889531e-12
4.485999999999999766e+00,-4.374600908358526879e-12
4.488000000000000433e+00,-3.827629742329933616e-12
4.490000000000000213e+00,-4.048443900745795303e-12
4.491999999999999993e+00,-4.108102848826676879e-12
4.493999999999999773e+00,-4.179900599250791191e-12
4.496000000000000441e+00,-4.235051601069459237e-12
4.498000000000000220e+00,-4.298796850413934445e-12
4.500000000000000000e+00,-4.155372245443847968e-12
4.501999999999999780e+00,-4.398097372298192354e-12
4.504000000000000448e+00,-4.266843711017152882e-12
4.506000000000000227e+00,-4.308127432879526089e-12
4.508000000000000007e+00,-4.153394584653434181e-12
4.509999999999999787e+00,-4.203527652316178234e-12
4.512000000000000455e+00,-4.264854153866493326e-12
4.514000000000000234e+00,-4.117142681775810702e-12
4.516000000000000014e+00,-3.949424023094486313e-12
4.517999999999999794e+00,-4.194770443154573707e-12
4.520000000000000462e+00,-4.293265340514454236e-12
4.522000000000000242e+00,-4.318783643689465752e-12
4.524000000000000021e+00,-4.395556950668137933e-12
4.525999999999999801e+00,-4.051396881346521537e-12
4.528000000000000469e+00,-4.056074894032076162e-12
4.530000000000000249e+00,-4.141318318113340738e-12
4.532000000000000028e+00,-4.178109819990473602e-12
4.533999999999999808e+00,-4.234054167198594388e-12
4.536000000000000476e+00,-4.294997322962309068e-12
4.538000000000000256e+00,-4.362326851827482546e-12
4.540000000000000036e+00,-4.215686168750212241e-12
4.541999999999999815e+00,-4.257575166302360811e-12
4.544000000000000483e+00,-4.308536286748371122e-12
4.546000000000000263e+00,-4.174698414718082657e-12
4.548000000000000043e+00,-4.207636450585313489e-12
4.549999999999999822e+00,-4.277147460365651427e-12
4.552000000000000490e+00,-4.115768978062452601e-12
4.554000000000000270e+00,-4.163620061085437566e-12
4.556000000000000050e+00,-4.233576061150250832e-12
4.557999999999999829e+00,-4.476782370673063444e-12
4.560000000000000497e+00,-4.362743993378100052e-12
4.562000000000000277e+00,-4.203090575486547338e-12
4.564000000000000057e+00,-4.035548075101673144e-12
4.565999999999999837e+00,-3.868467481793968122e-12
4.568000000000000504e+00,-4.124215494764066879e-12
4.570000000000000284e+00,-4.187039743709941873e-12
4.572000000000000064e+00,-4.253927382643309943e-12
4.573999999999999844e+00,-4.300897431372650440e-12
4.576000000000000512e+00,-4.175203953217837676e-12
4.578000000000000291e+00,-4.003937519188428326e-12
4.580000000000000071e+00,-4.047857731730171664e-12
4.581999999999999851e+00,-4.310016190826129661e-12
4.584000000000000519e+00,-4.172414158155229763e-12
4.586000000000000298e+00,-4.216637776175976607e-12
4.588000000000000078e+00,-4.286882771123952003e-12
4.589999999999999858e+00,-3.928250455227970702e-12
4.592000000000000526e+00,-4.155245467789090475e-12
4.594000000000000306e+00,-4.235622372777399054e-12
4.596000000000000085e+00,-4.303766677881671523e-12
4.597999999999999865e+00,-4.347580504339865915e-12
4.600000000000000533e+00,-4.398984488730707899e-12
4.602000000000000313e+00,-4.065645779829706994e-12
4.604000000000000092e+00,-4.090863422413516647e-12
4.605999999999999872e+00,-4.148292087994774247e-12
4.608000000000000540e+00,-4.011050415891605498e-12
4.610000000000000320e+00,-4.243558046857798771e-12
4.612000000000000099e+00,-4.122473974638565870e-12
4.613999999999999879e+00,-4.155420811234878288e-12
4.615999999999999659e+00,-4.214191867101352206e-12
4.618000000000000327e+00,-4.282656503725395952e-12
4.620000000000000107e+00,-4.334793648480740671e-12
4.621999999999999886e+00,-3.991559010717346054e-12
4.623999999999999666e+00,-4.206624045577536630e-12
4.626000000000000334e+00,-4.289480202110169377e-12
4.628000000000000114e+00,-4.147594405783959273e-12
4.629999999999999893e+00,-4.179916223430293589e-12
4.631999999999999673e+00,-4.239096149901513586e-12
4.634000000000000341e+00,-4.304352159460046188e-12
4.636000000000000121e+00,-4.557671681794388107e-12
4.637999999999999901e+00,-4.227455568396925053e-12
4.639999999999999680e+00,-4.056536634609690058e-12
4.642000000000000348e+00,-4.087784334377700811e-12
4.644000000000000128e+00,-3.951993912897067134e-12
4.645999999999999908e+00,-4.197832513881290985e-12
4.647999999999999687e+00,-4.276326126575079518e-12
4.650000000000000355e+00,-4.314580895069567031e-12
4.652000000000000135e+00,-4.190328465315449669e-12
4.653999999999999915e+00,-4.230786052965815829e-12
4.655999999999999694e+00,-4.281326796259955028e-12
4.658000000000000362e+00,-4.349702790020788416e-12
4.660000000000000142e+00,-4.188418836605994033e-12
4.661999999999999922e+00,-4.447537001757472575e-12
4.663999999999999702e+00,-4.108657380090293071e-12
4.666000000000000369e+00,-4.138900368176254193e-12
4.668000000000000149e+00,-4.212534487634237307e-12
4.669999999999999929e+00,-4.232000659917457834e-12
4.671999999999999709e+00,-4.111477886534549926e-12
4.674000000000000377e+00,-4.559782064978292653e-12
4.676000000000000156e+00,-4.015957974420222149e-12
4.677999999999999936e+00,-4.052785055329259842e-12
4.679999999999999716e+00,-3.911152928371412908e-12
4.682000000000000384e+00,-3.925997243127789186e-12
4.684000000000000163e+00,-4.214171790416533652e-12
4.685999999999999943e+00,-4.276232094140401827e-12
4.687999999999999723e+00,-4.336469524094588345e-12
4.690000000000000391e+00,-4.189302013505003726e-12
4.692000000000000171e+00,-4.030777621170424535e-12
4.693999999999999950e+00,-4.283345058585156409e-12
4.695999999999999730e+00,-4.353594915873892246e-12
4.698000000000000398e+00,-4.204017476680234701e-12
4.700000000000000178e+00,-4.252798093878749899e-12
4.701999999999999957e+00,-4.090887307051699986e-12
4.703999999999999737e+00,-4.357919295199690842e-12
4.706000000000000405e+00,-4.213052010990201973e-12
4.708000000000000185e+00,-4.476945842769919460e-12
4.709999999999999964e+00,-4.526132700029847735e-12
4.711999999999999744e+00,-4.409641417858241129e-12
4.714000000000000412e+00,-4.023987509032600519e-12
4.716000000000000192e+00,-4.053561681025173185e-12
4.717999999999999972e+00,-3.703423710268237736e-12
4.719999999999999751e+00,-4.144006611894847400e-12
4.722000000000000419e+00,-4.433608339471259022e-12
4.724000000000000199e+00,-4.108337367442376224e-12
4.725999999999999979e+00,-4.326803006970549862e-12
4.727999999999999758e+00,-4.197039367337259823e-12
4.730000000000000426e+00,-4.035773306651827185e-12
4.732000000000000206e+00,-4.289547911515929761e-12
4.733999999999999986e+00,-4.157483404341390111e-12
4.735999999999999766e+00,-4.405854729106676035e-12
4.738000000000000433e+00,-4.069771913345136075e-12
4.740000000000000213e+00,-4.094843586367153936e-12
4.741999999999999993e+00,-3.943209841394512559e-12
4.743999999999999773e+00,-4.203085882331157233e-12
4.746000000000000441e+00,-4.080439154754810505e-12
4.748000000000000220e+00,-4.319666902413472444e-12
4.750000000000000000e+00,-4.377400215339748231e-12
4.751999999999999780e+00,-4.250773766752089044e-12
4.754000000000000448e+00,-3.869252740655135712e-12
4.756000000000000227e+00,-4.108917033101899799e-12
4.758000000000000007e+00,-4.396149702911080647e-12
4.759999999999999787e+00,-4.246280840973874669e-12
4.762000000000000455e+00,-4.307789246487693513e-12
4.764000000000000234e+00,-3.956953606596792926e-12
4.766000000000000014e+00,-4.376868614614928883e-12
4.767999999999999794e+00,-4.266606403663379444e-12
4.770000000000000462e+00,-4.108580117408048611e-12
4.772000000000000242e+00,-4.353954552934857657e-12
4.774000000000000021e+00,-4.215163871270389030e-12
4.775999999999999801e+00,-3.855291685233967781e-12
4.778000000000000469e+00,-4.096867379555215163e-12
4.780000000000000249e+00,-4.165302240455452222e-12
4.782000000000000028e+00,-4.210026977750324096e-12
4.783999999999999808e+00,-4.273995055355428338e-12
4.786000000000000476e+00,-4.348324946205079349e-12
4.788000000000000256e+00,-4.208046877283637504e-12
4.790000000000000036e+00,-4.236888697821353477e-12
4.791999999999999815e+00,-4.076565985422552019e-12
4.794000000000000483e+00,-4.142807534832832438e-12
4.796000000000000263e+00,-4.386492356856399089e-12
4.798000000000000043e+00,-4.270202307277744889e-12
4.799999999999999822e+00,-4.311095248998747711e-12
4.802000000000000490e+00,-4.168406063598244383e-12
4.804000000000000270e+00,-4.192269773478556096e-12
4.806000000000000050e+00,-4.263237745501442692e-12
4.807999999999999829e+00,-4.118803768187814182e-12
4.810000000000000497e+00,-3.958805247699793536e-12
4.812000000000000277e+00,-4.189755852075291284e-12
4.814000000000000057e+00,-3.881853996821632360e-12
4.815999999999999837e+00,-4.288803756709103424e-12
4.818000000000000504e+00,-3.999538168171058484e-12
4.820000000000000284e+00,-4.225336931136987956e-12
4.822000000000000064e+00,-4.076835593679512241e-12
4.823999999999999844e+00,-4.336854749441304079e-12
4.826000000000000512e+00,-4.408219820619488838e-12
4.828000000000000291e+00,-4.053103831705026639e-12
4.830000000000000071e+00,-4.292671364362305973e-12
4.831999999999999851e+00,-4.156624695864903923e-12
4.834000000000000519e+00,-4.198260301324474182e-12
4.836000000000000298e+00,-4.260818774077585487e-12
4.838000000000000078e+00,-4.313527381820868119e-12
4.839999999999999858e+00,-4.175950382793728454e-12
4.842000000000000526e+00,-4.220387616365872000e-12
4.844000000000000306e+00,-4.260160110020632701e-12
4.846000000000000085e+00,-4.334902388136945432e-12
4.847999999999999865e+00,-4.605105599107700965e-12
4.850000000000000533e+00,-4.244841742098982144e-12
4.852000000000000313e+00,-4.095570548481674847e-12
4.854000000000000092e+00,-4.120545356055364353e-12
4.855999999999999872e+00,-4.392605624463883262e-12
4.858000000000000540e+00,-4.457507887217931864e-12
4.860000000000000320e+00,-4.105601054261502437e-12
4.862000000000000099e+00,-4.346420214875726630e-12
4.863999999999999879e+00,-4.017386747075633657e-12
4.865999999999999659e+00,-3.827635470816327104e-12
4.868000000000000327e+00,-4.083887245682787981e-12
4.870000000000000107e+00,-3.936261506475628752e-12
4.871999999999999886e+00,-4.203465912677472372e-12
4.873999999999999666e+00,-4.057218812987606082e-12
4.876000000000000334e+00,-4.110868928773360480e-12
4.878000000000000114e+00,-4.158993957905226265e-12
4.879999999999999893e+00,-4.222691412756347696e-12
4.881999999999999673e+00,-4.295103772494188715e-12
4.884000000000000341e+00,-4.329317018192181858e-12
4.886000000000000121e+00,-4.600292113511907641e-12
4.887999999999999901e+00,-4.066697908493296284e-12
4.889999999999999680e+00,-3.884194323907690941e-12
4.892000000000000348e+00,-4.108821449574123037e-12
4.894000000000000128e+00,-4.203080491443856380e-12
4.895999999999999908e+00,-4.258525392985884232e-12
4.897999999999999687e+00,-4.316930873826174129e-12
4.900000000000000355e+00,-4.358788871773208422e-12
4.902000000000000135e+00,-4.226012188302628670e-12
4.903999999999999915e+00,-4.053094687962216984e-12
4.905999999999999694e+00,-3.900237976832777774e-12
4.908000000000000362e+00,-4.149425648310287642e-12
4.910000000000000142e+00,-4.431467419740962599e-12
4.911999999999999922e+00,-4.092992144122115899e-12
4.913999999999999702e+00,-4.104515948518238459e-12
4.916000000000000369e+00,-4.170901219432920421e-12
4.918000000000000149e+00,-4.438110256364906923e-12
4.919999999999999929e+00,-4.093305821988173257e-12
4.921999999999999709e+00,-4.136481383326587602e-12
4.924000000000000377e+00,-4.382608955065383301e-12
4.926000000000000156e+00,-4.057564540224681364e-12
4.927999999999999936e+00,-4.085494810406795775e-12
4.929999999999999716e+00,-4.151907112126499858e-12
4.932000000000000384e+00,-4.401231405615312982e-12
4.934000000000000163e+00,-4.270516310408190846e-12
4.935999999999999943e+00,-4.331219872973376122e-12
4.937999999999999723e+00,-4.165919573570970611e-12
4.940000000000000391e+00,-4.217916509835559028e-12
4.942000000000000171e+00,-4.284478038658590862e-12
4.943999999999999950e+00,-4.121869181059533401e-12
4.945999999999999730e+00,-4.172712667346893295e-12
4.948000000000000398e+00,-4.233646356247530531e-12
4.950000000000000178e+00,-4.286505103592110244e-12
4.951999999999999957e+00,-4.140383288390342853e-12
4.953999999999999737e+00,-4.395916106617071179e-12
4.956000000000000405e+00,-4.255160647012356698e-12
4.958000000000000185e+00,-4.508011019382210624e-12
4.959999999999999964e+00,-4.166747079852628123e-12
4.961999999999999744e+00,-4.001963140581046881e-12
4.964000000000000412e+00,-4.024532295611880494e-12
4.966000000000000192e+00,-3.893507947207897548e-12
4.967999999999999972e+00,-4.341794579718093656e-12
4.969999999999999751e+00,-4.227159051186460726e-12
4.972000000000000419e+00,-4.272266763147991481e-12
4.974000000000000199e+00,-4.542023271885087764e-12
4.975999999999999979e+00,-4.202253690012033520e-12
4.977999999999999758e+00,-4.219616266976168746e-12
4.980000000000000426e+00,-3.878789563657653025e-12
4.982000000000000206e+00,-4.303308300735622054e-12
4.983999999999999986e+00,-4.191943015577304669e-12
4.985999999999999766e+00,-4.451037834945705798e-12
4.988000000000000433e+00,-4.099948788028293580e-12
4.990000000000000213e+00,-4.139562944035608811e-12
4.991999999999999993e+00,-4.190705838340298012e-12
4.993999999999999773e+00,-4.248128695500521625e-12
4.996000000000000441e+00,-4.302730551300453230e-12
4.998000000000000220e+00,-4.153656466400170595e-12
5.000000000000000000e+00,-4.009711543743163814e-12
5.001999999999999780e+00,-4.044893666003867037e-12
5.004000000000000448e+00,-4.112404555922281513e-12
5.006000000000000227e+00,-4.160574085797049839e-12
5.008000000000000007e+00,-4.423577996076579841e-12
5.009999999999999787e+00,-4.502586925434544819e-12
5.012000000000000455e+00,-4.150714914501584221e-12
5.014000000000000234e+00,-4.158609973738381316e-12
5.016000000000000014e+00,-4.451546655813237164e-12
5.017999999999999794e+00,-4.103257684947779764e-12
5.020000000000000462e+00,-4.136768849010297476e-12
5.022000000000000242e+00,-4.397508029707002594e-12
5.024000000000000021e+00,-4.270948743074813395e-12
5.025999999999999801e+00,-3.887279729581724145e-12
5.028000000000000469e+00,-4.327351160470156129e-12
5.030000000000000249e+00,-4.014392053721586343e-12
5.032000000000000028e+00,-4.264956482651664639e-12
5.033999999999999808e+00,-4.306972577551242756e-12
5.036000000000000476e+00,-4.164302671229844727e-12
5.038000000000000256e+00,-4.019677538208139594e-12
5.040000000000000036e+00,-4.053503243831954392e-12
5.041999999999999815e+00,-4.101649676637552465e-12
5.044000000000000483e+00,-4.186221442568666263e-12
5.046000000000000263e+00,-4.018596220728319868e-12
5.048000000000000043e+00,-4.274957796587855875e-12
5.049999999999999822e+00,-4.339518288011681378e-12
5.052000000000000490e+00,-4.215210199161424938e-12
5.054000000000000270e+00,-4.225222644684310756e-12
5.056000000000000050e+00,-4.109929851570486355e-12
5.057999999999999829e+00,-4.140274870083448540e-12
5.060000000000000497e+00,-3.780912899187074470e-12
5.062000000000000277e+00,-4.231593634277985127e-12
5.064000000000000057e+00,-4.106587948197498120e-12
5.065999999999999837e+00,-4.150310965899985012e-12
5.068000000000000504e+00,-4.210090180801841168e-12
5.070000000000000284e+00,-4.271250538119778310e-12
5.072000000000000064e+00,-4.337381133629239517e-12
5.073999999999999844e+00,-4.367822049927484204e-12
5.076000000000000512e+00,-4.042134435603915840e-12
5.078000000000000291e+00,-4.261649956676455930e-12
5.080000000000000071e+00,-4.126786933194646765e-12
5.081999999999999851e+00,-4.182802130017633898e-12
5.084000000000000519e+00,-4.232436016599543272e-12
5.086000000000000298e+00,-4.295813013139947161e-12
5.088000000000000078e+00,-4.166971018436925009e-12
5.089999999999999858e+00,-4.377306369313872806e-12
5.092000000000000526e+00,-4.273565593914602899e-12
5.094000000000000306e+00,-4.309987245018013070e-12
5.096000000000000085e+00,-3.956331690800508129e-12
5.097999999999999865e+00,-4.187966658676667072e-12
5.100000000000000533e+00,-4.259557681514455207e-12
5.102000000000000313e+00,-4.138861803743506256e-12
5.104000000000000092e+00,-4.155201304263633652e-12
5.105999999999999872e+00,-4.217264565678775884e-12
5.108000000000000540e+00,-4.281668098468123286e-12
5.110000000000000320e+00,-4.350788677707345510e-12
5.112000000000000099e+00,-4.387224875237090994e-12
5.113999999999999879e+00,-3.842719835725523017e-12
5.116000000000000547e+00,-4.062213761901738861e-12
5.118000000000000327e+00,-3.921719141724107942e-12
5.120000000000000107e+00,-4.177581500512374689e-12
5.121999999999999886e+00,-4.041686730735507239e-12
5.123999999999999666e+00,-4.501367362863459774e-12
5.126000000000000334e+00,-4.381504723352145311e-12
5.128000000000000114e+00,-4.208858791508693355e-12
5.129999999999999893e+00,-4.476393227360164308e-12
5.131999999999999673e+00,-4.130194731239513526e-12
5.134000000000000341e+00,-4.162996024594213848e-12
5.136000000000000121e+00,-4.205752230393369054e-12
5.137999999999999901e+00,-4.071091544781956742e-12
5.139999999999999680e+00,-4.123011954201982730e-12
5.142000000000000348e+00,-4.179368330300961141e-12
5.144000000000000128e+00,-4.229922061579315054e-12
5.145999999999999908e+00,-4.278817005767743834e-12
5.147999999999999687e+00,-4.361452974662907200e-12
5.150000000000000355e+00,-4.405583318901088893e-12
5.152000000000000135e+00,-4.058121811039490970e-12
5.153999999999999915e+00,-4.079691574098434583e-12
5.155999999999999694e+00,-3.935930632864787754e-12
5.158000000000000362e+00,-4.186307911984541036e-12
5.160000000000000142e+00,-4.470483329653292067e-12
5.161999999999999922e+00,-4.333690752942513997e-12
5.163999999999999702e+00,-4.169901357736600685e-12
5.166000000000000369e+00,-4.219767025422499261e-12
5.168000000000000149e+00,-4.669797285285195438e-12
5.169999999999999929e+00,-4.170846880506994871e-12
5.171999999999999709e+00,-3.959963209112888715e-12
5.174000000000000377e+00,-4.204638039418634751e-12
5.176000000000000156e+00,-4.096673407398780497e-12
5.177999999999999936e+00,-4.123785938651497026e-12
5.179999999999999716e+00,-4.191789365701038609e-12
5.182000000000000384e+00,-4.437261594806234445e-12
5.184000000000000163e+00,-4.318731316408791969e-12
5.185999999999999943e+00,-4.170680793454525279e-12
5.187999999999999723e+00,-3.985467007423174823e-12
5.190000000000000391e+00,-3.839461085423568354e-12
5.192000000000000171e+00,-4.080302425429203823e-12
5.193999999999999950e+00,-4.147902299259552022e-12
5.195999999999999730e+00,-4.203713747472635882e-12
5.198000000000000398e+00,-4.269051348491956283e-12
5.200000000000000178e+00,-4.323122910019415727e-12
5.201999999999999957e+00,-4.186046404021724938e-12
5.203999999999999737e+00,-4.211128772244020547e-12
5.206000000000000405e+00,-4.295343562418025703e-12
5.208000000000000185e+00,-4.336453608653385414e-12
5.209999999999999964e+00,-4.191998320335302094e-12
5.211999999999999744e+00,-4.235531181919632496e-12
5.214000000000000412e+00,-4.099401148487447681e-12
5.216000000000000192e+00,-3.930616554661256551e-12
5.217999999999999972e+00,-3.974503475837251036e-12
5.219999999999999751e+00,-4.438415586474284592e-12
5.222000000000000419e+00,-4.328017717309913355e-12
5.224000000000000199e+00,-4.358605631031482395e-12
5.225999999999999979e+00,-4.216967100220836116e-12
5.227999999999999758e+00,-4.069991586245775901e-12
5.230000000000000426e+00,-4.303518834771523705e-12
5.232000000000000206e+00,-4.188071598138520969e-12
5.233999999999999986e+00,-4.221110284566194071e-12
5.235999999999999766e+00,-4.489775818368858447e-12
5.238000000000000433e+00,-4.134874009386919521e-12
5.240000000000000213e+00,-4.186476134362318085e-12
5.241999999999999993e+00,-4.222520347555995790e-12
5.243999999999999773e+00,-4.291337607095129988e-12
5.246000000000000441e+00,-4.148169818662863490e-12
5.248000000000000220e+00,-4.406615515460314514e-12
5.250000000000000000e+00,-4.247756967064888632e-12
5.251999999999999780e+00,-4.110164228361907117e-12
5.254000000000000448e+00,-3.928789995485190726e-12
5.256000000000000227e+00,-4.186150001127634068e-12
5.258000000000000007e+00,-4.261532298667323209e-12
5.259999999999999787e+00,-4.518541917530749052e-12
5.262000000000000455e+00,-3.988570155007245672e-12
5.264000000000000234e+00,-4.210086410645542084e-12
5.266000000000000014e+00,-4.270055855648187243e-12
5.267999999999999794e+00,-4.322580120844869851e-12
5.270000000000000462e+00,-4.202395340491729796e-12
5.272000000000000242e+00,-4.024745823143741076e-12
5.274000000000000021e+00,-4.271961226976715898e-12
5.275999999999999801e+00,-4.147301363720924125e-12
5.278000000000000469e+00,-4.399029032364057728e-12
5.280000000000000249e+00,-4.255527105226499993e-12
5.282000000000000028e+00,-4.103615753740783570e-12
5.283999999999999808e+00,-4.135237080410485782e-12
5.286000000000000476e+00,-4.018879803717664533e-12
5.288000000000000256e+00,-4.025778413158452862e-12
5.290000000000000036e+00,-4.089848552803110277e-12
5.291999999999999815e+00,-4.160449799000647472e-12
5.294000000000000483e+00,-4.204220865686397186e-12
5.296000000000000263e+00,-4.282126767095879097e-12
5.298000000000000043e+00,-4.334453007545262545e-12
5.299999999999999822e+00,-4.165743768122881514e-12
5.302000000000000490e+00,-4.026139905995897825e-12
5.304000000000000270e+00,-4.269800973342347015e-12
5.306000000000000050e+00,-4.146766643235224251e-12
5.307999999999999829e+00,-4.179129602967685291e-12
5.310000000000000497e+00,-4.233477651852750991e-12
5.312000000000000277e+00,-4.299673794211473041e-12
5.314000000000000057e+00,-4.155358399219093097e-12
5.315999999999999837e+00,-4.200074928283993779e-12
5.318000000000000504e+00,-4.459366131870047599e-12
5.320000000000000284e+00,-4.108744088187257899e-12
5.322000000000000064e+00,-3.958269605813681846e-12
5.323999999999999844e+00,-4.194925054989096394e-12
5.326000000000000512e+00,-4.059078584480710893e-12
5.328000000000000291e+00,-4.309516849964590164e-12
5.330000000000000071e+00,-4.190805164449879200e-12
5.331999999999999851e+00,-4.228987030248700534e-12
5.334000000000000519e+00,-4.269951102888108606e-12
5.336000000000000298e+00,-4.348612143363052555e-12
5.338000000000000078e+00,-4.185408559413150183e-12
5.339999999999999858e+00,-4.026200659135950888e-12
5.342000000000000526e+00,-4.080671041259092014e-12
5.344000000000000306e+00,-4.130884643512039281e-12
5.346000000000000085e+00,-4.203668374043460407e-12
5.347999999999999865e+00,-4.237631266827121846e-12
5.350000000000000533e+00,-4.518981844216305956e-12
5.352000000000000313e+00,-4.185856976889265947e-12
5.354000000000000092e+00,-4.193716243030603767e-12
5.355999999999999872e+00,-4.260109714483734150e-12
5.358000000000000540e+00,-4.123821099336786053e-12
5.360000000000000320e+00,-4.364932680753130816e-12
5.362000000000000099e+00,-4.242553684688179686e-12
5.363999999999999879e+00,-4.065924702994378462e-12
5.366000000000000547e+00,-3.914692647030708033e-12
5.368000000000000327e+00,-4.154284491210530391e-12
5.370000000000000107e+00,-4.221374279953568937e-12
5.371999999999999886e+00,-4.298550838609635907e-12
5.374000000000000554e+00,-4.342190175352010384e-12
5.376000000000000334e+00,-4.210349368495435941e-12
5.378000000000000114e+00,-4.038628874557320124e-12
5.379999999999999893e+00,-4.081253564666119290e-12
5.381999999999999673e+00,-4.149036365664889737e-12
5.384000000000000341e+00,-4.201175657347840525e-12
5.386000000000000121e+00,-4.252235852230706275e-12
5.387999999999999901e+00,-4.128712111548966551e-12
5.389999999999999680e+00,-4.353073692867521537e-12
5.392000000000000348e+00,-4.241705248645148628e-12
5.394000000000000128e+00,-4.464778234134067264e-12
5.395999999999999908e+00,-4.153898807099112832e-12
5.397999999999999687e+00,-4.166248638370811123e-12
5.400000000000000355e+00,-4.027117187738086554e-12
5.402000000000000135e+00,-3.871588215342400837e-12
5.403999999999999915e+00,-4.098743055345968643e-12
5.405999999999999694e+00,-4.193726113038618900e-12
5.408000000000000362e+00,-4.249152008817788009e-12
5.410000000000000142e+00,-4.289670950965480910e-12
5.411999999999999922e+00,-4.157178417052063925e-12
5.413999999999999702e+00,-4.403282454644933770e-12
5.416000000000000369e+00,-4.066044135084594519e-12
5.418000000000000149e+00,-4.094876025679480550e-12
5.419999999999999929e+00,-4.357210926334737403e-12
5.421999999999999709e+00,-4.023363641723282510e-12
5.424000000000000377e+00,-4.256781549887130285e-12
5.426000000000000156e+00,-4.113710286930318947e-12
5.427999999999999936e+00,-4.157997089830463628e-12
5.429999999999999716e+00,-4.234327675173861473e-12
5.432000000000000384e+00,-4.277708567602889653e-12
5.434000000000000163e+00,-4.354728039926202367e-12
5.435999999999999943e+00,-4.187527740485103723e-12
5.437999999999999723e+00,-4.022243897426270200e-12
5.440000000000000391e+00,-4.078556339695815001e-12
5.442000000000000171e+00,-4.139761837247771278e-12
5.443999999999999950e+00,-4.182284894103764736e-12
5.445999999999999730e+00,-4.246932715307022374e-12
5.448000000000000398e+00,-4.309349197903248964e-12
5.450000000000000178e+00,-4.379692142909850783e-12
5.451999999999999957e+00,-4.215647958323214253e-12
5.453999999999999737e+00,-4.271510769856057691e-12
5.456000000000000405e+00,-4.313510889634152205e-12
5.458000000000000185e+00,-4.174027678501804104e-12
5.459999999999999964e+00,-4.034194770805058667e-12
5.461999999999999744e+00,-4.250409558584668212e-12
5.464000000000000412e+00,-4.135621528322445827e-12
5.466000000000000192e+00,-4.383476296569087164e-12
5.467999999999999972e+00,-4.244201518088204112e-12
5.469999999999999751e+00,-4.094357626305594511e-12
5.472000000000000419e+00,-4.130137139277525483e-12
5.474000000000000199e+00,-3.986436871847610181e-12
5.475999999999999979e+00,-3.832771947310109168e-12
5.477999999999999758e+00,-4.070238789726187324e-12
5.480000000000000426e+00,-4.144899340911188096e-12
5.482000000000000206e+00,-4.211178603161215543e-12
5.483999999999999986e+00,-4.262597773295325716e-12
5.485999999999999766e+00,-4.113906285100210975e-12
5.488000000000000433e+00,-4.361609938326696740e-12
5.490000000000000213e+00,-4.230745838187514662e-12
5.491999999999999993e+00,-4.274330705665216252e-12
5.493999999999999773e+00,-4.334036661578944557e-12
5.496000000000000441e+00,-4.190286210324100333e-12
5.498000000000000220e+00,-4.243724771063644916e-12
5.500000000000000000e+00,-4.285553788354090453e-12
5.501999999999999780e+00,-4.132927648608112409e-12
5.504000000000000448e+00,-4.392863521234635017e-12
5.506000000000000227e+00,-4.261658814621382996e-12
5.508000000000000007e+00,-4.290735825896181899e-12
5.509999999999999787e+00,-4.167932791312927390e-12
5.512000000000000455e+00,-4.207330875716729086e-12
5.514000000000000234e+00,-4.048730169096127984e-12
5.516000000000000014e+00,-4.084174652331586890e-12
5.517999999999999794e+00,-3.949718629538839249e-12
5.520000000000000462e+00,-4.204957498658921778e-12
5.522000000000000242e+00,-4.280490103195253028e-12
5.524000000000000021e+00,-4.325475210477880581e-12
5.525999999999999801e+00,-4.187479867855980094e-12
5.528000000000000469e+00,-4.025624639500699705e-12
5.530000000000000249e+00,-4.259007246615106324e-12
5.532000000000000028e+00,-4.343245490466742556e-12
5.533999999999999808e+00,-4.195093916574186308e-12
5.536000000000000476e+00,-4.456686668297173102e-12
5.538000000000000256e+00,-4.118516908663052389e-12
5.540000000000000036e+00,-4.143759225068164916e-12
5.541999999999999815e+00,-4.205066398512707767e-12
5.544000000000000483e+00,-4.262475845531229701e-12
5.546000000000000263e+00,-4.313006129132963705e-12
5.548000000000000043e+00,-4.370410279057675033e-12
5.549999999999999822e+00,-4.029407353771059845e-12
5.552000000000000490e+00,-4.047380908958304824e-12
5.554000000000000270e+00,-4.093406262428727047e-12
5.556000000000000050e+00,-4.169867388834860279e-12
5.557999999999999829e+00,-4.220192143808674732e-12
5.560000000000000497e+00,-4.491098288504296561e-12
5.562000000000000277e+00,-4.376595214144756372e-12
5.564000000000000057e+00,-3.985031545225148503e-12
5.565999999999999837e+00,-4.215265931198229262e-12
5.568000000000000504e+00,-4.508599642467162010e-12
5.570000000000000284e+00,-4.164413910012435112e-12
5.572000000000000064e+00,-4.197513416087149006e-12
5.573999999999999844e+00,-4.457380952829991953e-12
5.576000000000000512e+00,-3.910488758511260692e-12
5.578000000000000291e+00,-4.346535386519759005e-12
5.580000000000000071e+00,-4.015224236109369594e-12
5.581999999999999851e+00,-4.250157993483191429e-12
5.584000000000000519e+00,-4.324762348294853182e-12
5.586000000000000298e+00,-4.174354301070037223e-12
5.588000000000000078e+00,-4.026504515038577757e-12
5.589999999999999858e+00,-4.055036432519961969e-12
5.592000000000000526e+00,-4.117618357092568311e-12
5.594000000000000306e+00,-4.184183816163467246e-12
5.596000000000000085e+00,-4.238769296304281546e-12
5.597999999999999865e+00,-4.302119607150900080e-12
5.600000000000000533e+00,-4.137788991631042673e-12
5.602000000000000313e+00,-4.200022089287123010e-12
5.604000000000000092e+00,-4.238226178364208194e-12
5.605999999999999872e+00,-4.107499489522106544e-12
5.608000000000000540e+00,-4.366984273312024951e-12
5.610000000000000320e+00,-4.201624961819426307e-12
5.612000000000000099e+00,-4.063518958785818739e-12
5.613999999999999879e+00,-4.307820775655836044e-12
5.616000000000000547e+00,-4.384001983353898378e-12
5.618000000000000327e+00,-4.430268254128576439e-12
5.620000000000000107e+00,-4.290196335917390576e-12
5.621999999999999886e+00,-4.127008631308242339e-12
5.624000000000000554e+00,-4.162588008304101302e-12
5.626000000000000334e+00,-4.037056319598558325e-12
5.628000000000000114e+00,-4.269625097082396101e-12
5.629999999999999893e+00,-4.148347201097815478e-12
5.631999999999999673e+00,-4.187332496046459889e-12
5.634000000000000341e+00,-4.243768808801229904e-12
5.636000000000000121e+00,-4.309626655854616526e-12
5.637999999999999901e+00,-4.161998460438412022e-12
5.639999999999999680e+00,-4.192000152224601279e-12
5.642000000000000348e+00,-4.052998931199801068e-12
5.644000000000000128e+00,-4.094511994145529080e-12
5.645999999999999908e+00,-4.160693268704268972e-12
5.647999999999999687e+00,-4.216922961812915695e-12
5.650000000000000355e+00,-4.060950656770210326e-12
5.652000000000000135e+00,-4.111099267527699991e-12
5.653999999999999915e+00,-4.168953032309674764e-12
5.655999999999999694e+00,-4.229214658864122544e-12
5.658000000000000362e+00,-4.280743378325084837e-12
5.660000000000000142e+00,-4.344510702282377944e-12
5.661999999999999922e+00,-4.231683147822231558e-12
5.663999999999999702e+00,-4.016709921237922105e-12
5.666000000000000369e+00,-4.090878029565934496e-12
5.668000000000000149e+00,-3.936307002368636229e-12
5.669999999999999929e+00,-4.176093869605711318e-12
5.671999999999999709e+00,-4.052790562384368049e-12
5.674000000000000377e+00,-4.107819666607169408e-12
5.676000000000000156e+00,-3.944455709947551139e-12
5.677999999999999936e+00,-4.199088470532002058e-12
5.679999999999999716e+00,-4.269446749369272249e-12
5.682000000000000384e+00,-4.334148533744411429e-12
5.684000000000000163e+00,-4.383691722855194646e-12
5.685999999999999943e+00,-4.243069612887067810e-12
5.687999999999999723e+00,-4.074755112380198461e-12
5.690000000000000391e+00,-4.123699547165836107e-12
5.692000000000000171e+00,-4.181681767619717087e-12
5.693999999999999950e+00,-4.244816023666576985e-12
5.695999999999999730e+00,-4.295372521109318776e-12
5.698000000000000398e+00,-4.556594041437850238e-12
5.700000000000000178e+00,-4.229807468312776966e-12
5.701999999999999957e+00,-4.052582394169868935e-12
5.703999999999999737e+00,-4.085523911144885478e-12
5.706000000000000405e+00,-4.152427875529632168e-12
5.708000000000000185e+00,-3.995238579165584866e-12
5.709999999999999964e+00,-4.252338788137391675e-12
5.711999999999999744e+00,-4.123798024250253195e-12
5.714000000000000412e+00,-4.164291432844583328e-12
5.716000000000000192e+00,-4.230500928921435008e-12
5.717999999999999972e+00,-4.274738961328189030e-12
5.719999999999999751e+00,-4.542894658838129294e-12
5.722000000000000419e+00,-4.209486219806940638e-12
5.724000000000000199e+00,-4.024985232911660116e-12
5.725999999999999979e+00,-4.079277442413340249e-12
5.727999999999999758e+00,-4.337518483209680548e-12
5.730000000000000426e+00,-4.208357360709624660e-12
5.732000000000000206e+00,-4.451379779108429027e-12
5.733999999999999986e+00,-4.312464490490415181e-12
5.735999999999999766e+00,-4.364380785114609910e-12
5.738000000000000433e+00,-4.011738131465619450e-12
5.740000000000000213e+00,-3.832262599628728743e-12
5.741999999999999993e+00,-4.079236650299509638e-12
5.743999999999999773e+00,-4.157954201978120111e-12
5.746000000000000441e+00,-4.226918356629522407e-12
5.748000000000000220e+00,-4.276378430200364452e-12
5.750000000000000000e+00,-4.337076857393550072e-12
5.751999999999999780e+00,-4.196231098684439930e-12
5.754000000000000448e+00,-4.223814767536104857e-12
5.756000000000000227e+00,-4.289719012195030723e-12
5.758000000000000007e+00,-4.353446390814381982e-12
5.759999999999999787e+00,-4.413165296295736562e-12
5.762000000000000455e+00,-4.059581784626541540e-12
5.764000000000000234e+00,-3.886555350117487206e-12
5.766000000000000014e+00,-4.118327766700372868e-12
5.767999999999999794e+00,-3.988730095152513367e-12
5.770000000000000462e+00,-4.260599402923583742e-12
5.772000000000000242e+00,-4.310647786622189663e-12
5.774000000000000021e+00,-4.380193342172817645e-12
5.775999999999999801e+00,-4.217918944180491227e-12
5.778000000000000469e+00,-4.074148882180141095e-12
5.780000000000000249e+00,-3.905750111812252289e-12
5.782000000000000028e+00,-4.358914802384380828e-12
5.783999999999999808e+00,-4.230341243853399634e-12
5.786000000000000476e+00,-4.294111498149851247e-12
5.788000000000000256e+00,-3.946767490414413689e-12
5.790000000000000036e+00,-4.161966767795382519e-12
5.791999999999999815e+00,-4.239216660402526317e-12
5.794000000000000483e+00,-4.289390864817673496e-12
5.796000000000000263e+00,-4.574747376842417758e-12
5.798000000000000043e+00,-4.230021092910577083e-12
5.799999999999999822e+00,-4.047443515957303532e-12
5.802000000000000490e+00,-4.094902023651110565e-12
5.804000000000000270e+00,-3.956448530067602596e-12
5.806000000000000050e+00,-4.186327359773518681e-12
5.807999999999999829e+00,-4.472840536459765914e-12
5.810000000000000497e+00,-4.145551711700628913e-12
5.812000000000000277e+00,-4.556929944295598536e-12
5.814000000000000057e+00,-4.278191866858472641e-12
5.815999999999999837e+00,-4.069646827426627139e-12
5.818000000000000504e+00,-4.111389757294541679e-12
5.820000000000000284e+00,-4.178084562719719157e-12
5.822000000000000064e+00,-4.039055115117659863e-12
5.823999999999999844e+00,-4.279600771647461316e-12
5.826000000000000512e+00,-4.158058919898337663e-12
5.828000000000000291e+00,-4.191424587601000196e-12
5.830000000000000071e+00,-4.236542404177698920e-12
5.831999999999999851e+00,-4.308705953536094740e-12
5.834000000000000519e+00,-4.581107293423989771e-12
5.836000000000000298e+00,-4.246799642077671058e-12
5.838000000000000078e+00,-3.850825707095939807e-12
5.839999999999999858e+00,-4.092620411554431403e-12
5.842000000000000526e+00,-4.163437060488433065e-12
5.844000000000000306e+00,-4.226274393419472114e-12
5.846000000000000085e+00,-4.266781947650792960e-12
5.847999999999999865e+00,-4.335474215983451341e-12
5.850000000000000533e+00,-4.199106130358456673e-12
5.852000000000000313e+00,-4.041227308553389022e-12
5.854000000000000092e+00,-4.082186119627639415e-12
5.855999999999999872e+00,-4.130898875744404244e-12
5.858000000000000540e+00,-3.988974809102902982e-12
5.860000000000000320e+00,-4.432698300301372141e-12
5.862000000000000099e+00,-4.327307406731143642e-12
5.863999999999999879e+00,-4.153424047759129555e-12
5.866000000000000547e+00,-4.203242443382502564e-12
5.868000000000000327e+00,-4.466477695335572200e-12
5.870000000000000107e+00,-4.333290586975650233e-12
5.871999999999999886e+00,-4.380571256868184526e-12
5.874000000000000554e+00,-4.022391531029650136e-12
5.876000000000000334e+00,-3.864211899213029773e-12
5.878000000000000114e+00,-3.887054773290958432e-12
5.879999999999999893e+00,-4.166783492804674671e-12
5.882000000000000561e+00,-4.240992338074323680e-12
5.884000000000000341e+00,-4.287999232506759239e-12
5.886000000000000121e+00,-4.347615510253910037e-12
5.887999999999999901e+00,-4.189933845413077012e-12
5.889999999999999680e+00,-4.265379654713649488e-12
5.892000000000000348e+00,-4.099049942120056916e-12
5.894000000000000128e+00,-4.139701671284150782e-12
5.895999999999999908e+00,-4.195641875386061867e-12
5.897999999999999687e+00,-4.255951777687114062e-12
5.900000000000000355e+00,-4.113409760974320495e-12
5.902000000000000135e+00,-4.158413317806684871e-12
5.903999999999999915e+00,-4.206176976160905204e-12
5.905999999999999694e+00,-4.274733251340618000e-12
5.908000000000000362e+00,-4.331675161446671935e-12
5.910000000000000142e+00,-4.382762839064995244e-12
5.911999999999999922e+00,-4.037258390786991979e-12
5.913999999999999702e+00,-4.060183428366370770e-12
5.916000000000000369e+00,-4.131390032293845031e-12
5.918000000000000149e+00,-4.200286944362032996e-12
5.919999999999999929e+00,-4.234737987205887045e-12
5.921999999999999709e+00,-4.528650134845095336e-12
5.924000000000000377e+00,-4.577640925352687922e-12
5.926000000000000156e+00,-3.818932906511474323e-12
5.927999999999999936e+00,-4.239550515379093339e-12
5.929999999999999716e+00,-4.112857914256458974e-12
5.932000000000000384e+00,-4.135804087836621053e-12
5.934000000000000163e+00,-4.214246943681158412e-12
5.935999999999999943e+00,-4.272338474551942230e-12
5.937999999999999723e+00,-4.129117777793074704e-12
5.940000000000000391e+00,-4.356781942282771073e-12
5.942000000000000171e+00,-4.248016031167360132e-12
5.943999999999999950e+00,-4.283285947619692975e-12
5.945999999999999730e+00,-4.357338533962653850e-12
5.948000000000000398e+00,-4.198056113115059034e-12
5.950000000000000178e+00,-4.035354164988396921e-12
5.951999999999999957e+00,-4.285274423172302134e-12
5.953999999999999737e+00,-4.142838759899410230e-12
5.956000000000000405e+00,-4.391307279122239071e-12
5.958000000000000185e+00,-4.074397063031650959e-12
5.959999999999999964e+00,-4.305019282924003085e-12
5.961999999999999744e+00,-3.950890939224245139e-12
5.964000000000000412e+00,-4.395235033762603439e-12
5.966000000000000192e+00,-3.880069743924302161e-12
5.967999999999999972e+00,-4.083848258608689578e-12
5.969999999999999751e+00,-4.163870276985937730e-12
5.972000000000000419e+00,-4.216919440633237625e-12
5.974000000000000199e+00,-4.287726366831019407e-12
5.975999999999999979e+00,-3.928293046863480316e-12
5.977999999999999758e+00,-4.157911402687276763e-12
5.980000000000000426e+00,-4.250753504868056696e-12
5.982000000000000206e+00,-4.487320146147800090e-12
5.983999999999999986e+00,-4.378738881827364737e-12
5.985999999999999766e+00,-4.216497375739395420e-12
5.988000000000000433e+00,-4.048929116745859204e-12
5.990000000000000213e+00,-4.093121279663847212e-12
5.991999999999999993e+00,-4.148028062644432015e-12
5.993999999999999773e+00,-4.011247730227643942e-12
5.996000000000000441e+00,-4.229433307953808060e-12
5.998000000000000220e+00,-4.319756955994083953e-12
6.000000000000000000e+00,-4.378970236861318830e-12
6.001999999999999780e+00,-4.242921662388284583e-12
6.004000000000000448e+00,-4.068946016181171492e-12
6.006000000000000227e+00,-4.118429584605362646e-12
6.008000000000000007e+00,-4.177946324258892905e-12
6.009999999999999787e+00,-4.020247150904883013e-12
6.012000000000000455e+00,-4.057985972532448195e-12
6.014000000000000234e+00,-4.142519181586411018e-12
6.016000000000000014e+00,-4.185433623566649824e-12
6.017999999999999794e+00,-4.047149956586592990e-12
6.020000000000000462e+00,-4.280146432072681862e-12
6.022000000000000242e+00,-4.363168200859908417e-12
6.024000000000000021e+00,-4.429190427546930985e-12
6.025999999999999801e+00,-3.870080541312212417e-12
6.028000000000000469e+00,-4.090699395834386678e-12
6.030000000000000249e+00,-4.163182333680023965e-12
6.032000000000000028e+00,-4.213737323900109740e-12
6.033999999999999808e+00,-4.288808568383394563e-12
6.036000000000000476e+00,-4.326279125414803935e-12
6.038000000000000256e+00,-4.184321377357205921e-12
6.040000000000000036e+00,-4.232582109645378030e-12
6.041999999999999815e+00,-4.294940790379345357e-12
6.044000000000000483e+00,-4.146936875449349623e-12
6.046000000000000263e+00,-4.184377425757082424e-12
6.048000000000000043e+00,-4.250901467206247758e-12
6.049999999999999822e+00,-4.303607780069928111e-12
6.052000000000000490e+00,-4.146102288043152298e-12
6.054000000000000270e+00,-3.992414121133810230e-12
6.056000000000000050e+00,-4.245154770492578409e-12
6.057999999999999829e+00,-4.510879743329246901e-12
6.060000000000000497e+00,-4.403127182815408844e-12
6.062000000000000277e+00,-4.234853758406822376e-12
6.064000000000000057e+00,-3.860136420010852567e-12
6.065999999999999837e+00,-4.298191957147215914e-12
6.068000000000000504e+00,-3.985715034218169066e-12
6.070000000000000284e+00,-4.212552798103571577e-12
6.072000000000000064e+00,-4.276844804947317690e-12
6.073999999999999844e+00,-4.345590600313715324e-12
6.076000000000000512e+00,-4.196731423006531121e-12
6.078000000000000291e+00,-4.448974270918801342e-12
6.080000000000000071e+00,-4.115343965108642074e-12
6.081999999999999851e+00,-4.147743578113220553e-12
6.084000000000000519e+00,-4.192348914815513382e-12
6.086000000000000298e+00,-4.448999364060413380e-12
6.088000000000000078e+00,-4.133883455985566683e-12
6.089999999999999858e+00,-4.157993810659135312e-12
6.092000000000000526e+00,-4.002695013241243744e-12
6.094000000000000306e+00,-4.256435971417917061e-12
6.096000000000000085e+00,-4.318868593048031379e-12
6.097999999999999865e+00,-4.392553150383392660e-12
6.100000000000000533e+00,-4.037824827409136284e-12
6.102000000000000313e+00,-4.062703123063122499e-12
6.104000000000000092e+00,-4.135054023988102178e-12
6.105999999999999872e+00,-4.375710912916057978e-12
6.108000000000000540e+00,-4.055387500513907686e-12
6.110000000000000320e+00,-4.272367299540829090e-12
6.112000000000000099e+00,-4.356762910753443045e-12
6.113999999999999879e+00,-4.214641332833703182e-12
6.116000000000000547e+00,-4.258923952803922607e-12
6.118000000000000327e+00,-3.901109400984058750e-12
6.120000000000000107e+00,-4.123898180092237734e-12
6.121999999999999886e+00,-4.213874878118739181e-12
6.124000000000000554e+00,-4.473780071319514380e-12
6.126000000000000334e+00,-4.130533548836466061e-12
6.128000000000000114e+00,-4.379651299769975295e-12
6.129999999999999893e+00,-4.441526610233031581e-12
6.132000000000000561e+00,-4.287091460353927256e-12
6.134000000000000341e+00,-4.137098861397216339e-12
6.136000000000000121e+00,-4.164754064504962134e-12
6.137999999999999901e+00,-4.036700793142927998e-12
6.140000000000000568e+00,-4.074784189902516731e-12
6.142000000000000348e+00,-4.133271414991522758e-12
6.144000000000000128e+00,-4.189812489346443346e-12
6.145999999999999908e+00,-4.449243759258550480e-12
6.147999999999999687e+00,-4.333457955578338457e-12
6.150000000000000355e+00,-4.154521233164879958e-12
6.152000000000000135e+00,-4.199033828775768009e-12
6.153999999999999915e+00,-3.861233806092498503e-12
6.155999999999999694e+00,-4.300956046025954559e-12
6.158000000000000362e+00,-4.167815016472653087e-12
6.160000000000000142e+00,-4.004406716137536053e-12
6.161999999999999922e+00,-3.858348759966511892e-12
6.163999999999999702e+00,-4.093124181631740643e-12
6.166000000000000369e+00,-4.379407627723860580e-12
6.168000000000000149e+00,-4.254695673557312560e-12
6.169999999999999929e+00,-4.079372605636349827e-12
6.171999999999999709e+00,-4.333477648022019391e-12
6.174000000000000377e+00,-4.419576525865170790e-12
6.176000000000000156e+00,-4.259832461973447682e-12
6.177999999999999936e+00,-4.112866314886539574e-12
6.179999999999999716e+00,-4.136110085845950869e-12
6.182000000000000384e+00,-4.199340069798134364e-12
6.184000000000000163e+00,-4.266072005787370125e-12
6.185999999999999943e+00,-4.306819477154967175e-12
6.187999999999999723e+00,-4.180757736794353905e-12
6.190000000000000391e+00,-4.222450464082063611e-12
6.192000000000000171e+00,-4.268868757765320215e-12
6.193999999999999950e+00,-4.131928107682294797e-12
6.195999999999999730e+00,-3.965527893140914525e-12
6.198000000000000398e+00,-4.214293939273402593e-12
6.200000000000000178e+00,-4.085643903149818729e-12
6.201999999999999957e+00,-4.119090844204588105e-12
6.203999999999999737e+00,-4.193386903256768394e-12
6.206000000000000405e+00,-4.240061763992156496e-12
6.208000000000000185e+00,-4.300809713037674632e-12
6.209999999999999964e+00,-4.372169351453868040e-12
6.211999999999999744e+00,-4.206863747027394650e-12
6.214000000000000412e+00,-4.055925815251835292e-12
6.216000000000000192e+00,-3.896306184244728246e-12
6.217999999999999972e+00,-4.152200147427642075e-12
6.219999999999999751e+00,-4.221794888689877018e-12
6.222000000000000419e+00,-4.459835904308248813e-12
6.224000000000000199e+00,-4.139895918313904996e-12
6.225999999999999979e+00,-4.361771682237563849e-12
6.227999999999999758e+00,-4.251449063268844072e-12
6.230000000000000426e+00,-3.877406100621656831e-12
6.232000000000000206e+00,-4.310142643890464155e-12
6.233999999999999986e+00,-4.203709692855972140e-12
6.235999999999999766e+00,-4.239402292030503756e-12
6.238000000000000433e+00,-4.101444080106301304e-12
6.240000000000000213e+00,-4.131077723199893936e-12
6.241999999999999993e+00,-4.201010877040346185e-12
6.243999999999999773e+00,-4.243026862322377657e-12
6.246000000000000441e+00,-4.317874404793673384e-12
6.248000000000000220e+00,-4.371297097958630638e-12
6.250000000000000000e+00,-4.233670959858318968e-12
6.251999999999999780e+00,-4.059585450988264213e-12
6.254000000000000448e+00,-4.118851851952649321e-12
6.256000000000000227e+00,-4.371474208399667481e-12
6.258000000000000007e+00,-4.041056060704266720e-12
6.259999999999999787e+00,-4.258757779254146520e-12
6.262000000000000455e+00,-4.343406240211854504e-12
6.264000000000000234e+00,-4.199690569276385729e-12
6.266000000000000014e+00,-4.240147527268091321e-12
6.267999999999999794e+00,-4.489583092464708255e-12
6.270000000000000462e+00,-4.178967965733263575e-12
6.272000000000000242e+00,-4.199946734229003354e-12
6.274000000000000021e+00,-4.252242395346869378e-12
6.275999999999999801e+00,-4.103358416107409260e-12
6.278000000000000469e+00,-4.143594469409116407e-12
6.280000000000000249e+00,-4.415348147109166030e-12
6.282000000000000028e+00,-4.270441430812195622e-12
6.283999999999999808e+00,-4.311613792084910884e-12
6.286000000000000476e+00,-4.183437367484603585e-12
6.288000000000000256e+00,-4.015478226267275389e-12
6.290000000000000036e+00,-4.061897979310583910e-12
6.291999999999999815e+00,-4.114347173177636815e-12
6.294000000000000483e+00,-4.181597594589906894e-12
6.296000000000000263e+00,-4.233921455844960623e-12
6.298000000000000043e+00,-4.494681852600789381e-12
6.299999999999999822e+00,-4.172081470940870217e-12
6.302000000000000490e+00,-4.193011378234205623e-12
6.304000000000000270e+00,-4.247121920341529707e-12
6.306000000000000050e+00,-4.307465809928819358e-12
6.307999999999999829e+00,-4.164853489873273229e-12
6.310000000000000497e+00,-4.208676445481618160e-12
6.312000000000000277e+00,-4.055773912905359325e-12
6.314000000000000057e+00,-4.099306448270942304e-12
6.315999999999999837e+00,-4.159824607389134709e-12
6.318000000000000504e+00,-4.418923298956547809e-12
6.320000000000000284e+00,-4.284298859309532854e-12
6.322000000000000064e+00,-4.545713005723143246e-12
6.323999999999999844e+00,-4.000502593943539514e-12
6.326000000000000512e+00,-4.220487368716255856e-12
6.328000000000000291e+00,-3.891402295930026497e-12
6.330000000000000071e+00,-4.108382838890747419e-12
6.331999999999999851e+00,-3.987285685145012355e-12
6.334000000000000519e+00,-4.230891989725712298e-12
6.336000000000000298e+00,-4.302947472189922171e-12
6.338000000000000078e+00,-4.375655730575198049e-12
6.339999999999999858e+00,-4.225868084488326017e-12
6.342000000000000526e+00,-4.254276602228777555e-12
6.344000000000000306e+00,-4.120205391974465132e-12
6.346000000000000085e+00,-4.153903155568802130e-12
6.347999999999999865e+00,-4.209780025084924020e-12
6.350000000000000533e+00,-4.076058071735000589e-12
6.352000000000000313e+00,-4.118029469558795503e-12
6.354000000000000092e+00,-3.962377517651912392e-12
6.355999999999999872e+00,-4.218774446257322313e-12
6.358000000000000540e+00,-4.292865193599318546e-12
6.360000000000000320e+00,-4.340216390807634951e-12
6.362000000000000099e+00,-4.003959490945464072e-12
6.363999999999999879e+00,-4.224561264502711948e-12
6.366000000000000547e+00,-3.898720109439449339e-12
6.368000000000000327e+00,-4.120435306222731390e-12
6.370000000000000107e+00,-4.191038616960099186e-12
6.371999999999999886e+00,-4.670835459900011112e-12
6.374000000000000554e+00,-4.343318130609620486e-12
6.376000000000000334e+00,-4.176453590377645525e-12
6.378000000000000114e+00,-4.205777341212575568e-12
6.379999999999999893e+00,-4.276433499273583341e-12
6.382000000000000561e+00,-4.127165085242498157e-12
6.384000000000000341e+00,-4.170237857773342747e-12
6.386000000000000121e+00,-4.223155253543701556e-12
6.387999999999999901e+00,-4.087497995657528529e-12
6.390000000000000568e+00,-4.131791257149658502e-12
6.392000000000000348e+00,-4.173834829993807857e-12
6.394000000000000128e+00,-4.247510104364242474e-12
6.395999999999999908e+00,-4.497805085080843038e-12
6.398000000000000576e+00,-4.382925372665008820e-12
6.400000000000000355e+00,-3.798828579642231974e-12
6.402000000000000135e+00,-4.034304584102713596e-12
6.403999999999999915e+00,-3.885655382904205103e-12
6.405999999999999694e+00,-4.140583937027306229e-12
6.408000000000000362e+00,-4.223965194878385100e-12
6.410000000000000142e+00,-4.263017899454619530e-12
6.411999999999999922e+00,-4.521164736151315132e-12
6.413999999999999702e+00,-4.209916617272045305e-12
6.416000000000000369e+00,-4.427837211372936779e-12
6.418000000000000149e+00,-4.294333781772144333e-12
6.419999999999999929e+00,-4.127666488584884040e-12
6.421999999999999709e+00,-4.188742299923280510e-12
6.424000000000000377e+00,-4.431109009890777022e-12
6.426000000000000156e+00,-3.917361831401406190e-12
6.427999999999999936e+00,-4.324226924005400824e-12
6.429999999999999716e+00,-4.405286640909725101e-12
6.432000000000000384e+00,-4.283162879047022891e-12
6.434000000000000163e+00,-4.094458912346966419e-12
6.435999999999999943e+00,-4.363120232133922884e-12
6.437999999999999723e+00,-4.025791905026041733e-12
6.440000000000000391e+00,-4.045524740340596607e-12
6.442000000000000171e+00,-4.091432751403369704e-12
6.443999999999999950e+00,-4.177617771329035503e-12
6.445999999999999730e+00,-4.220285113657682474e-12
6.448000000000000398e+00,-4.289321524215489280e-12
6.450000000000000178e+00,-4.110449207952495892e-12
6.451999999999999957e+00,-4.187525871051037001e-12
6.453999999999999737e+00,-4.237070098909965679e-12
6.456000000000000405e+00,-4.102117617329297438e-12
6.458000000000000185e+00,-4.131803942316039473e-12
6.459999999999999964e+00,-4.388657664244732995e-12
6.461999999999999744e+00,-4.060578109281879446e-12
6.464000000000000412e+00,-4.097841090470548213e-12
6.466000000000000192e+00,-3.947819611277740694e-12
6.467999999999999972e+00,-4.403513418074509932e-12
6.469999999999999751e+00,-4.092013180888682084e-12
6.472000000000000419e+00,-4.506783853872954654e-12
6.474000000000000199e+00,-4.398367803770182917e-12
6.475999999999999979e+00,-4.039237837543086524e-12
6.477999999999999758e+00,-4.047975921229885609e-12
6.480000000000000426e+00,-4.125786766780727607e-12
6.482000000000000206e+00,-4.177425684296079311e-12
6.483999999999999986e+00,-4.234643263521238561e-12
6.485999999999999766e+00,-4.294975551721024589e-12
6.488000000000000433e+00,-4.147984227470251587e-12
6.490000000000000213e+00,-4.180984386222772884e-12
6.491999999999999993e+00,-4.255299576651105827e-12
6.493999999999999773e+00,-4.308818889118321086e-12
6.496000000000000441e+00,-4.171037653958735983e-12
6.498000000000000220e+00,-4.202940984393889975e-12
6.500000000000000000e+00,-4.054427201060580973e-12
6.501999999999999780e+00,-4.101236846241049565e-12
6.504000000000000448e+00,-4.157732205040637061e-12
6.506000000000000227e+00,-4.201744066373645358e-12
6.508000000000000007e+00,-4.274018711398580400e-12
6.509999999999999787e+00,-4.339257052863039055e-12
6.512000000000000455e+00,-3.981056337917213976e-12
6.514000000000000234e+00,-4.016717352379900767e-12
6.516000000000000014e+00,-4.260863969620987006e-12
6.517999999999999794e+00,-4.147211066118411383e-12
6.520000000000000462e+00,-4.189939062562373458e-12
6.522000000000000242e+00,-4.261191008195146630e-12
6.524000000000000021e+00,-4.297303563377479810e-12
6.525999999999999801e+00,-4.173812634053856790e-12
6.528000000000000469e+00,-3.993384669505054909e-12
6.530000000000000249e+00,-4.230493065494584690e-12
6.532000000000000028e+00,-4.323401523335305487e-12
6.533999999999999808e+00,-4.360191526171909643e-12
6.536000000000000476e+00,-4.239044732714997232e-12
6.538000000000000256e+00,-4.072741083599001381e-12
6.540000000000000036e+00,-4.105705161051164395e-12
6.541999999999999815e+00,-4.172681725211977688e-12
6.544000000000000483e+00,-4.020558693074167427e-12
6.546000000000000263e+00,-4.261649989339527417e-12
6.548000000000000043e+00,-4.558930184257509302e-12
6.549999999999999822e+00,-4.221953256435789956e-12
6.552000000000000490e+00,-4.243397651903903733e-12
6.554000000000000270e+00,-4.081329526039136422e-12
6.556000000000000050e+00,-4.141358071597258593e-12
6.557999999999999829e+00,-4.196435324461929883e-12
6.560000000000000497e+00,-4.263312488736989393e-12
6.562000000000000277e+00,-4.115411455802306227e-12
6.564000000000000057e+00,-4.156791072623707117e-12
6.565999999999999837e+00,-4.209633597966802338e-12
6.568000000000000504e+00,-4.271356576486502256e-12
6.570000000000000284e+00,-4.321433162161356683e-12
6.572000000000000064e+00,-4.178843353628378389e-12
6.573999999999999844e+00,-4.235203393142566812e-12
6.576000000000000512e+00,-4.277482935029377254e-12
6.578000000000000291e+00,-4.136171071385946474e-12
6.580000000000000071e+00,-4.194135028749757235e-12
6.581999999999999851e+00,-4.223744956460584682e-12
6.584000000000000519e+00,-4.313570866591385013e-12
6.586000000000000298e+00,-4.150414653543315538e-12
6.588000000000000078e+00,-4.194144675684888191e-12
6.589999999999999858e+00,-4.246042889676499197e-12
6.592000000000000526e+00,-4.101391381629518326e-12
6.594000000000000306e+00,-4.151948147195693778e-12
6.596000000000000085e+00,-4.215771231880967578e-12
6.597999999999999865e+00,-4.262190803642520215e-12
6.600000000000000533e+00,-4.117327974559283005e-12
6.602000000000000313e+00,-4.174597194188180955e-12
6.604000000000000092e+00,-4.214002949026205364e-12
6.605999999999999872e+00,-4.282881847305856468e-12
6.608000000000000540e+00,-4.335307865368864323e-12
6.610000000000000320e+00,-4.391023737583869713e-12
6.612000000000000099e+00,-4.044152945783585339e-12
6.613999999999999879e+00,-4.083522341377800990e-12
6.616000000000000547e+00,-4.120989748642309495e-12
6.618000000000000327e+00,-4.205797743489676630e-12
6.620000000000000107e+00,-4.241253465199054702e-12
6.621999999999999886e+00,-4.507491211990070319e-12
6.624000000000000554e+00,-4.394455002435767588e-12
6.626000000000000334e+00,-4.029473318879479910e-12
6.628000000000000114e+00,-4.041317015272488363e-12
6.629999999999999893e+00,-4.109544746584537113e-12
6.632000000000000561e+00,-4.154384717613448600e-12
6.634000000000000341e+00,-4.233810687756266959e-12
6.636000000000000121e+00,-4.070999785185594084e-12
6.637999999999999901e+00,-4.118290200632526928e-12
6.640000000000000568e+00,-4.176046218945502402e-12
6.642000000000000348e+00,-4.234013427354293760e-12
6.644000000000000128e+00,-4.298625880832156334e-12
6.645999999999999908e+00,-4.354623280206119427e-12
6.648000000000000576e+00,-4.002566950593440934e-12
6.650000000000000355e+00,-4.031605421837413675e-12
6.652000000000000135e+00,-4.085441061091383528e-12
6.653999999999999915e+00,-4.137046185826841668e-12
6.656000000000000583e+00,-4.196264654901508391e-12
6.658000000000000362e+00,-4.263763848925386362e-12
6.660000000000000142e+00,-4.528941122663863962e-12
6.661999999999999922e+00,-4.195753794395773339e-12
6.663999999999999702e+00,-4.208994241336673550e-12
6.666000000000000369e+00,-3.866710187222690019e-12
6.668000000000000149e+00,-4.094944987624283856e-12
6.669999999999999929e+00,-4.373683926932047376e-12
6.671999999999999709e+00,-4.049972482873278921e-12
6.674000000000000377e+00,-4.072154169335718952e-12
6.676000000000000156e+00,-4.113887586525928361e-12
6.677999999999999936e+00,-4.201883192522713468e-12
6.679999999999999716e+00,-4.257022270022900370e-12
6.682000000000000384e+00,-4.296395847206434343e-12
6.684000000000000163e+00,-4.565585925087022598e-12
6.685999999999999943e+00,-4.442351152147736298e-12
6.687999999999999723e+00,-4.077740365211446508e-12
6.690000000000000391e+00,-4.098110678424866786e-12
6.692000000000000171e+00,-4.157018229726239588e-12
6.693999999999999950e+00,-4.227936530633972257e-12
6.695999999999999730e+00,-4.265796577815622942e-12
6.698000000000000398e+00,-4.333804378956727253e-12
6.700000000000000178e+00,-4.195833270214071287e-12
6.701999999999999957e+00,-4.419436747306563954e-12
6.703999999999999737e+00,-4.105736647923070971e-12
6.706000000000000405e+00,-3.722018416697865898e-12
6.708000000000000185e+00,-4.355809769601184868e-12
6.709999999999999964e+00,-4.247780735165967248e-12
6.711999999999999744e+00,-4.305755614145590519e-12
6.714000000000000412e+00,-4.163145795562234261e-12
6.716000000000000192e+00,-4.213342404306734105e-12
6.717999999999999972e+00,-4.264820422477127243e-12
6.719999999999999751e+00,-4.312651062655746652e-12
6.722000000000000419e+00,-3.972034146227814030e-12
6.724000000000000199e+00,-4.198360121942501316e-12
6.725999999999999979e+00,-4.065831920170914489e-12
6.727999999999999758e+00,-4.316391605559360195e-12
6.730000000000000426e+00,-3.974757385623153469e-12
6.732000000000000206e+00,-4.219453539010318891e-12
6.733999999999999986e+00,-4.284726333204049167e-12
6.735999999999999766e+00,-4.347000782538975397e-12
6.738000000000000433e+00,-4.198292654614948671e-12
6.740000000000000213e+00,-4.243798498853455064e-12
6.741999999999999993e+00,-4.100229100531579536e-12
6.743999999999999773e+00,-4.133378205575581510e-12
6.746000000000000441e+00,-4.211309385951327461e-12
6.748000000000000220e+00,-4.248121892331709942e-12
6.750000000000000000e+00,-4.112414899990288548e-12
6.751999999999999780e+00,-4.163184437729968504e-12
6.754000000000000448e+00,-4.202080340844806585e-12
6.756000000000000227e+00,-4.265337115576549279e-12
6.758000000000000007e+00,-4.336734928706820342e-12
6.759999999999999787e+00,-4.388855971466055858e-12
6.762000000000000455e+00,-4.232352914298624573e-12
6.764000000000000234e+00,-4.079447478949998771e-12
6.766000000000000014e+00,-4.324860638479064560e-12
6.767999999999999794e+00,-4.409026567264143386e-12
6.770000000000000462e+00,-4.254253708497671354e-12
6.772000000000000242e+00,-4.293377860652969514e-12
6.774000000000000021e+00,-4.358595724170749399e-12
6.775999999999999801e+00,-4.199148678204668519e-12
6.778000000000000469e+00,-4.060725523880244279e-12
6.780000000000000249e+00,-3.879007849454389183e-12
6.782000000000000028e+00,-4.138586708898239285e-12
6.783999999999999808e+00,-4.211599079665598163e-12
6.786000000000000476e+00,-4.276575757657418038e-12
6.788000000000000256e+00,-4.127871436166760832e-12
6.790000000000000036e+00,-4.153623355009959271e-12
6.791999999999999815e+00,-4.229373821584577681e-12
6.794000000000000483e+00,-4.281442198200478310e-12
6.796000000000000263e+00,-4.338492630894529764e-12
6.798000000000000043e+00,-4.193398596309952421e-12
6.799999999999999822e+00,-4.026019355467330102e-12
6.802000000000000490e+00,-3.886662033478427076e-12
6.804000000000000270e+00,-4.121592367424563798e-12
6.806000000000000050e+00,-4.386789188199092489e-12
6.807999999999999829e+00,-4.456920268607094361e-12
6.810000000000000497e+00,-4.339523900929205244e-12
6.812000000000000277e+00,-3.952368623108609993e-12
6.814000000000000057e+00,-4.191625942724202199e-12
6.815999999999999837e+00,-4.265618808239698217e-12
6.818000000000000504e+00,-3.919096712109419948e-12
6.820000000000000284e+00,-4.339331084661908655e-12
6.822000000000000064e+00,-4.250896172408964375e-12
6.823999999999999844e+00,-4.075988351779552001e-12
6.826000000000000512e+00,-4.113715008095889594e-12
6.828000000000000291e+00,-4.180432970408220951e-12
6.830000000000000071e+00,-4.029938757457619455e-12
6.831999999999999851e+00,-4.278648440850617912e-12
6.834000000000000519e+00,-4.357824751984484262e-12
6.836000000000000298e+00,-4.213997480919161255e-12
6.838000000000000078e+00,-4.030966360930859844e-12
6.839999999999999858e+00,-4.094294791101819292e-12
6.842000000000000526e+00,-4.144702454006185250e-12
6.844000000000000306e+00,-4.193083636464653228e-12
6.846000000000000085e+00,-4.277365928681042633e-12
6.847999999999999865e+00,-4.125078831980988918e-12
6.850000000000000533e+00,-4.150716694682515498e-12
6.852000000000000313e+00,-4.221312707424460014e-12
6.854000000000000092e+00,-4.273641137697855104e-12
6.855999999999999872e+00,-4.335853944456989818e-12
6.858000000000000540e+00,-4.194386281219281163e-12
6.860000000000000320e+00,-4.227346748865196550e-12
6.862000000000000099e+00,-4.087825248415888992e-12
6.863999999999999879e+00,-4.122873564353783866e-12
6.866000000000000547e+00,-4.181909943301095854e-12
6.868000000000000327e+00,-4.054831608810856986e-12
6.870000000000000107e+00,-4.277575917918434181e-12
6.871999999999999886e+00,-4.376674739371272860e-12
6.874000000000000554e+00,-4.441348747326458898e-12
6.876000000000000334e+00,-3.857777679090183580e-12
6.878000000000000114e+00,-3.889535056250368534e-12
6.879999999999999893e+00,-4.136185102978373219e-12
6.882000000000000561e+00,-4.216612629070623290e-12
6.884000000000000341e+00,-4.275730767287410419e-12
6.886000000000000121e+00,-4.125575193703028146e-12
6.887999999999999901e+00,-4.373986090907898688e-12
6.890000000000000568e+00,-4.244824236555473340e-12
6.892000000000000348e+00,-4.288263476703425528e-12
6.894000000000000128e+00,-4.354977203760933859e-12
6.895999999999999908e+00,-4.180286457805416133e-12
6.898000000000000576e+00,-4.453266312078520336e-12
6.900000000000000355e+00,-4.129254525946179699e-12
6.902000000000000135e+00,-4.131814666624224596e-12
6.903999999999999915e+00,-4.205685969342563757e-12
6.906000000000000583e+00,-4.265964791255963889e-12
6.908000000000000362e+00,-4.324909048371408453e-12
6.910000000000000142e+00,-4.575775158743175628e-12
6.911999999999999922e+00,-4.037434255554977572e-12
6.913999999999999702e+00,-3.848416818261293632e-12
6.916000000000000369e+00,-3.895933468844727653e-12
6.918000000000000149e+00,-4.147456410250810015e-12
6.919999999999999929e+00,-4.217756821770779157e-12
6.921999999999999709e+00,-4.292952163216802726e-12
6.924000000000000377e+00,-4.336395223022879656e-12
6.926000000000000156e+00,-4.194150559052983470e-12
6.927999999999999936e+00,-4.241140024024373845e-12
6.929999999999999716e+00,-4.096030599919721686e-12
6.932000000000000384e+00,-4.353414724590699913e-12
6.934000000000000163e+00,-4.217280419989458273e-12
6.935999999999999943e+00,-4.258520478494262722e-12
6.937999999999999723e+00,-4.104013996523999138e-12
6.940000000000000391e+00,-4.158554744916374341e-12
6.942000000000000171e+00,-4.208933865798296792e-12
6.943999999999999950e+00,-4.277449865483975336e-12
6.945999999999999730e+00,-4.316777597235186302e-12
6.948000000000000398e+00,-4.393516479118014907e-12
6.950000000000000178e+00,-4.044262239298323019e-12
6.951999999999999957e+00,-4.053144505670928951e-12
6.953999999999999737e+00,-4.122403053185550519e-12
6.956000000000000405e+00,-4.192604382827207682e-12
6.958000000000000185e+00,-4.237111571651171010e-12
6.959999999999999964e+00,-4.508265031020267441e-12
6.961999999999999744e+00,-4.169375773535926804e-12
6.964000000000000412e+00,-3.991834932135616182e-12
6.966000000000000192e+00,-4.234967087610709333e-12
6.967999999999999972e+00,-4.323545587491170379e-12
6.969999999999999751e+00,-4.158604939070133896e-12
6.972000000000000419e+00,-4.424284446343857603e-12
6.974000000000000199e+00,-4.077652394760668565e-12
6.975999999999999979e+00,-4.114826646762534870e-12
6.977999999999999758e+00,-4.165614169059373871e-12
6.980000000000000426e+00,-4.429953195802648031e-12
6.982000000000000206e+00,-4.300899406671452805e-12
6.983999999999999986e+00,-4.543921011627066028e-12
6.985999999999999766e+00,-4.002614641785336691e-12
6.988000000000000433e+00,-4.228706804838034235e-12
6.990000000000000213e+00,-4.081236554357963205e-12
6.991999999999999993e+00,-4.137467696762533045e-12
6.993999999999999773e+00,-4.195412807257634018e-12
6.996000000000000441e+00,-4.463357188874878049e-12
6.998000000000000220e+00,-4.324876619482913034e-12
7.000000000000000000e+00,-4.170198119024691077e-12
7.001999999999999780e+00,-4.207086840388788330e-12
7.004000000000000448e+00,-4.060789197572645813e-12
7.006000000000000227e+00,-4.308852414776217213e-12
7.008000000000000007e+00,-4.379090648687161420e-12
7.009999999999999787e+00,-4.243824082794894007e-12
7.012000000000000455e+00,-3.885630604713071785e-12
7.014000000000000234e+00,-4.107683147564446176e-12
7.016000000000000014e+00,-4.374260214944244499e-12
7.017999999999999794e+00,-4.047709195327866471e-12
7.020000000000000462e+00,-4.485138537226932630e-12
7.022000000000000242e+00,-3.969961343181153333e-12
7.024000000000000021e+00,-3.965575728895409698e-12
7.025999999999999801e+00,-4.036505688262996635e-12
7.028000000000000469e+00,-4.085112916091013802e-12
7.030000000000000249e+00,-4.340539631463732475e-12
7.032000000000000028e+00,-4.226351299647754348e-12
7.033999999999999808e+00,-4.469568990896255495e-12
7.036000000000000476e+00,-4.130830828426602302e-12
7.038000000000000256e+00,-4.165631853626437101e-12
7.040000000000000036e+00,-4.222885756860946560e-12
7.041999999999999815e+00,-4.076922579704410638e-12
7.044000000000000483e+00,-4.118642184272350497e-12
7.046000000000000263e+00,-4.171553057027598121e-12
7.048000000000000043e+00,-4.235314348707346259e-12
7.049999999999999822e+00,-4.092319001478400262e-12
7.052000000000000490e+00,-3.932739681043700913e-12
7.054000000000000270e+00,-4.178687030302677000e-12
7.056000000000000050e+00,-4.246810970037892859e-12
7.057999999999999829e+00,-4.090318724171881089e-12
7.060000000000000497e+00,-4.573653901143190500e-12
7.062000000000000277e+00,-4.240527861087832537e-12
7.064000000000000057e+00,-4.250782850051587532e-12
7.065999999999999837e+00,-4.110949447162871930e-12
7.068000000000000504e+00,-4.163834634672998671e-12
7.070000000000000284e+00,-4.217557446176233820e-12
7.072000000000000064e+00,-4.283376741174609321e-12
7.073999999999999844e+00,-4.120358059315477140e-12
7.076000000000000512e+00,-3.970313425540196833e-12
7.078000000000000291e+00,-4.215517413655968261e-12
7.080000000000000071e+00,-4.501163955920952802e-12
7.081999999999999851e+00,-4.169821848302014646e-12
7.084000000000000519e+00,-3.986573857325513370e-12
7.086000000000000298e+00,-4.228872290407008367e-12
7.088000000000000078e+00,-4.119317451407201034e-12
7.089999999999999858e+00,-3.933038117626648233e-12
7.092000000000000526e+00,-4.190923542943808191e-12
7.094000000000000306e+00,-4.267763501514799522e-12
7.096000000000000085e+00,-4.318226464314063070e-12
7.097999999999999865e+00,-4.571626278662030606e-12
7.100000000000000533e+00,-4.043477203022252651e-12
7.102000000000000313e+00,-4.268226010162985356e-12
7.104000000000000092e+00,-4.122077000601569146e-12
7.105999999999999872e+00,-4.164825925973599463e-12
7.108000000000000540e+00,-4.239888086073091762e-12
7.110000000000000320e+00,-4.486309947390370846e-12
7.112000000000000099e+00,-4.168496038495701693e-12
7.113999999999999879e+00,-4.182252250413640352e-12
7.116000000000000547e+00,-4.436826509110790810e-12
7.118000000000000327e+00,-4.126819083380888398e-12
7.120000000000000107e+00,-4.334023933668336628e-12
7.121999999999999886e+00,-4.007639420756645194e-12
7.124000000000000554e+00,-4.239833588487593239e-12
7.126000000000000334e+00,-3.914169108127276061e-12
7.128000000000000114e+00,-4.142823603103324345e-12
7.129999999999999893e+00,-4.218089885267697807e-12
7.132000000000000561e+00,-4.265359021484234157e-12
7.134000000000000341e+00,-4.343525710747628091e-12
7.136000000000000121e+00,-4.179902943885946280e-12
7.137999999999999901e+00,-4.037418330848123127e-12
7.140000000000000568e+00,-3.866624017936030078e-12
7.142000000000000348e+00,-4.108478456128252177e-12
7.144000000000000128e+00,-4.188532277557332086e-12
7.145999999999999908e+00,-4.244327269380062209e-12
7.148000000000000576e+00,-4.296494189820224651e-12
7.150000000000000355e+00,-4.157234609139548353e-12
7.152000000000000135e+00,-4.192994130973386492e-12
7.153999999999999915e+00,-4.062328304611700690e-12
7.156000000000000583e+00,-3.883206625879468323e-12
7.158000000000000362e+00,-4.129199357240060116e-12
7.160000000000000142e+00,-4.415456359041189272e-12
7.161999999999999922e+00,-4.083486778837624639e-12
7.164000000000000590e+00,-4.313206539230173435e-12
7.166000000000000369e+00,-4.192665398120304271e-12
7.168000000000000149e+00,-4.226313814588453102e-12
7.169999999999999929e+00,-4.498692028524501123e-12
7.171999999999999709e+00,-4.347841682129474888e-12
7.174000000000000377e+00,-4.195575490318382467e-12
7.176000000000000156e+00,-4.244593683829338270e-12
7.177999999999999936e+00,-4.084744373613654100e-12
7.179999999999999716e+00,-4.150411149096916418e-12
7.182000000000000384e+00,-4.196769936514796450e-12
7.184000000000000163e+00,-4.251694900170222332e-12
7.185999999999999943e+00,-4.305880242537606228e-12
7.187999999999999723e+00,-4.173088483834855479e-12
7.190000000000000391e+00,-4.210809421354356121e-12
7.192000000000000171e+00,-4.261568758025413811e-12
7.193999999999999950e+00,-4.331366322260695930e-12
7.195999999999999730e+00,-4.189379073131058853e-12
7.198000000000000398e+00,-4.227979263473060762e-12
7.200000000000000178e+00,-4.077430760898828710e-12
7.201999999999999957e+00,-4.119540646607476243e-12
7.203999999999999737e+00,-4.196648060068596281e-12
7.206000000000000405e+00,-4.450106541822803400e-12
7.208000000000000185e+00,-4.305428239944987114e-12
7.209999999999999964e+00,-4.172816365862256854e-12
7.211999999999999744e+00,-3.785064811110590602e-12
7.214000000000000412e+00,-4.012143948318986601e-12
7.216000000000000192e+00,-4.085275445746100446e-12
7.217999999999999972e+00,-4.159846985510201859e-12
7.219999999999999751e+00,-4.418069200651650622e-12
7.222000000000000419e+00,-4.280210715284475333e-12
7.224000000000000199e+00,-4.124905624499795583e-12
7.225999999999999979e+00,-4.165767986185704094e-12
7.227999999999999758e+00,-4.014453367036143012e-12
7.230000000000000426e+00,-4.267281610983408059e-12
7.232000000000000206e+00,-4.333517017657502006e-12
7.233999999999999986e+00,-4.392323207275655130e-12
7.235999999999999766e+00,-4.255184687447974388e-12
7.238000000000000433e+00,-3.883290255948245131e-12
7.240000000000000213e+00,-4.122064051473113576e-12
7.241999999999999993e+00,-3.988876089451998446e-12
7.243999999999999773e+00,-4.229674196458379851e-12
7.246000000000000441e+00,-4.314104548691515145e-12
7.248000000000000220e+00,-4.364420547151355579e-12
7.250000000000000000e+00,-4.227814930673988010e-12
7.251999999999999780e+00,-4.263731680690935372e-12
7.254000000000000448e+00,-4.314358798743910003e-12
7.256000000000000227e+00,-4.184098973134024050e-12
7.258000000000000007e+00,-4.218306290834870227e-12
7.259999999999999787e+00,-4.275924265442176685e-12
7.262000000000000455e+00,-4.143260668489194194e-12
7.264000000000000234e+00,-4.180260588560358442e-12
7.266000000000000014e+00,-4.436345881122208693e-12
7.267999999999999794e+00,-4.310572984425553019e-12
7.270000000000000462e+00,-4.147693037049818873e-12
7.272000000000000242e+00,-3.978072173709092440e-12
7.274000000000000021e+00,-4.041702079518115457e-12
7.275999999999999801e+00,-4.090943315119864600e-12
7.278000000000000469e+00,-3.939419654054398297e-12
7.280000000000000249e+00,-4.190009385629271152e-12
7.282000000000000028e+00,-4.255589386238634884e-12
7.283999999999999808e+00,-4.323230011226152312e-12
7.286000000000000476e+00,-4.380630050283538484e-12
7.288000000000000256e+00,-4.246580202272574508e-12
7.290000000000000036e+00,-4.284174681890495063e-12
7.291999999999999815e+00,-4.140691366208774317e-12
7.294000000000000483e+00,-4.151273940858906416e-12
7.296000000000000263e+00,-4.039265425638722170e-12
7.298000000000000043e+00,-4.285996135961911677e-12
7.299999999999999822e+00,-4.146702590993175619e-12
7.302000000000000490e+00,-4.194585900171616408e-12
7.304000000000000270e+00,-4.253043005015888672e-12
7.306000000000000050e+00,-4.306568585537360807e-12
7.307999999999999829e+00,-4.155128976919059123e-12
7.310000000000000497e+00,-4.619726061593081171e-12
7.312000000000000277e+00,-3.873439744040774741e-12
7.314000000000000057e+00,-4.083201179334715682e-12
7.315999999999999837e+00,-4.155552002581245720e-12
7.318000000000000504e+00,-4.432399528446439242e-12
7.320000000000000284e+00,-4.085338696879224955e-12
7.322000000000000064e+00,-4.519160215450447851e-12
7.323999999999999844e+00,-4.208254908484632233e-12
7.326000000000000512e+00,-4.225159216744186672e-12
7.328000000000000291e+00,-4.091065301266260813e-12
7.330000000000000071e+00,-4.336450048937222147e-12
7.331999999999999851e+00,-4.205305482406784619e-12
7.334000000000000519e+00,-4.250753999982540071e-12
7.336000000000000298e+00,-4.306725392310303588e-12
7.338000000000000078e+00,-4.156657244327934701e-12
7.339999999999999858e+00,-4.188308209845773032e-12
7.342000000000000526e+00,-4.263230762195092902e-12
7.344000000000000306e+00,-4.318291528820488192e-12
7.346000000000000085e+00,-4.171646355793958140e-12
7.347999999999999865e+00,-4.217578485540761552e-12
7.350000000000000533e+00,-4.064126436471362471e-12
7.352000000000000313e+00,-4.311683600241358337e-12
7.354000000000000092e+00,-4.185048536092720803e-12
7.355999999999999872e+00,-4.239703440594690440e-12
7.358000000000000540e+00,-4.290355137501880470e-12
7.360000000000000320e+00,-4.133765937060001450e-12
7.362000000000000099e+00,-4.178625871187491012e-12
7.363999999999999879e+00,-4.051663470374384720e-12
7.366000000000000547e+00,-4.068198191615613849e-12
7.368000000000000327e+00,-4.140957925946831169e-12
7.370000000000000107e+00,-4.209657006627244994e-12
7.371999999999999886e+00,-4.262061241009369107e-12
7.374000000000000554e+00,-4.114566958634577898e-12
7.376000000000000334e+00,-4.137579588940665485e-12
7.378000000000000114e+00,-4.213829021444089761e-12
7.379999999999999893e+00,-4.271092630676058464e-12
7.382000000000000561e+00,-4.344064444860773014e-12
7.384000000000000341e+00,-4.190098148066185650e-12
7.386000000000000121e+00,-4.014424004236362351e-12
7.387999999999999901e+00,-4.072616112528151046e-12
7.390000000000000568e+00,-4.124774429054853229e-12
7.392000000000000348e+00,-4.183075910174303399e-12
7.394000000000000128e+00,-4.258136875626502559e-12
7.395999999999999908e+00,-4.293888194121078918e-12
7.398000000000000576e+00,-4.362445943915703640e-12
7.400000000000000355e+00,-4.410871672974814598e-12
7.402000000000000135e+00,-4.076750483145666174e-12
7.403999999999999915e+00,-4.098599696166422720e-12
7.406000000000000583e+00,-4.156036727870828723e-12
7.408000000000000362e+00,-4.407954669457838486e-12
7.410000000000000142e+00,-4.300915451001229443e-12
7.411999999999999922e+00,-4.323110259722267215e-12
7.414000000000000590e+00,-4.181402674585142128e-12
7.416000000000000369e+00,-4.029535843970143980e-12
7.418000000000000149e+00,-4.048577166072449762e-12
7.419999999999999929e+00,-4.331815785417476282e-12
7.422000000000000597e+00,-4.403267156025100832e-12
7.424000000000000377e+00,-4.042363010884980620e-12
7.426000000000000156e+00,-4.091408621677550962e-12
7.427999999999999936e+00,-4.150598572355502461e-12
7.429999999999999716e+00,-4.182559494158916223e-12
7.432000000000000384e+00,-4.255468866023902088e-12
7.434000000000000163e+00,-4.319566849071858661e-12
7.435999999999999943e+00,-4.165674068461260739e-12
7.437999999999999723e+00,-4.209376459567952458e-12
7.440000000000000391e+00,-4.261608208897465896e-12
7.442000000000000171e+00,-4.138740789861735796e-12
7.443999999999999950e+00,-4.166886930846488004e-12
7.445999999999999730e+00,-4.231803318476360232e-12
7.448000000000000398e+00,-4.076326231725043913e-12
7.450000000000000178e+00,-4.141309530409070118e-12
7.451999999999999957e+00,-4.185295694526011824e-12
7.453999999999999737e+00,-4.048632094066932639e-12
7.456000000000000405e+00,-4.270675323111732314e-12
7.458000000000000185e+00,-4.154069159332324174e-12
7.459999999999999964e+00,-4.414988911789841746e-12
7.461999999999999744e+00,-4.063496768793189647e-12
7.464000000000000412e+00,-4.076030243163991700e-12
7.466000000000000192e+00,-4.156715794243396553e-12
7.467999999999999972e+00,-4.422539268333374043e-12
7.469999999999999751e+00,-4.278201886991237844e-12
7.472000000000000419e+00,-4.522142307416675926e-12
7.474000000000000199e+00,-4.207157147089346495e-12
7.475999999999999979e+00,-4.207884639701967605e-12
7.477999999999999758e+00,-4.077096258059631391e-12
7.480000000000000426e+00,-4.125894490711742054e-12
7.482000000000000206e+00,-4.172874470423618746e-12
7.483999999999999986e+00,-4.234355074208653643e-12
7.485999999999999766e+00,-4.091021779736551586e-12
7.488000000000000433e+00,-4.143194074084766020e-12
7.490000000000000213e+00,-4.184884582705428988e-12
7.491999999999999993e+00,-4.250771223973997128e-12
7.493999999999999773e+00,-4.302647123209136611e-12
7.496000000000000441e+00,-4.376495094728488402e-12
7.498000000000000220e+00,-4.227105796959426389e-12
7.500000000000000000e+00,-4.062403074074107311e-12
7.501999999999999780e+00,-4.088742578014970012e-12
7.504000000000000448e+00,-3.970350126756553990e-12
7.506000000000000227e+00,-4.196375197627642362e-12
7.508000000000000007e+00,-4.078690588155679775e-12
7.509999999999999787e+00,-4.317772165754005467e-12
7.512000000000000455e+00,-4.207404790494675699e-12
7.514000000000000234e+00,-4.239256705953089991e-12
7.516000000000000014e+00,-4.080374781832583996e-12
7.517999999999999794e+00,-4.131942352943903897e-12
7.520000000000000462e+00,-4.003561422932285932e-12
7.522000000000000242e+00,-4.018765456765032066e-12
7.524000000000000021e+00,-3.890298119461456124e-12
7.525999999999999801e+00,-4.119783342171075943e-12
7.528000000000000469e+00,-4.209781874302287828e-12
7.530000000000000249e+00,-4.265125567278768090e-12
7.532000000000000028e+00,-4.322359235215122510e-12
7.533999999999999808e+00,-4.386684358915339850e-12
7.536000000000000476e+00,-4.437790462468492093e-12
7.538000000000000256e+00,-3.891649856530287808e-12
7.540000000000000036e+00,-4.085705273391534035e-12
7.541999999999999815e+00,-4.171112321315399202e-12
7.544000000000000483e+00,-4.244578483364319898e-12
7.546000000000000263e+00,-4.089782707949205193e-12
7.548000000000000043e+00,-4.347466191060413632e-12
7.549999999999999822e+00,-4.196863318767514226e-12
7.552000000000000490e+00,-4.257829570710776911e-12
7.554000000000000270e+00,-4.306616692931089972e-12
7.556000000000000050e+00,-4.570023996229758666e-12
7.557999999999999829e+00,-4.026016243251134862e-12
7.560000000000000497e+00,-4.445216474396647979e-12
7.562000000000000277e+00,-4.340951383671611013e-12
7.564000000000000057e+00,-4.365373668356687236e-12
7.565999999999999837e+00,-4.238453764723524626e-12
7.568000000000000504e+00,-4.284391869371203100e-12
7.570000000000000284e+00,-4.329761811086041126e-12
7.572000000000000064e+00,-3.970782265826795885e-12
7.573999999999999844e+00,-4.013648531825916553e-12
7.576000000000000512e+00,-3.868954580666798902e-12
7.578000000000000291e+00,-4.105957923803289796e-12
7.580000000000000071e+00,-4.195689532029136484e-12
7.581999999999999851e+00,-4.241398174978057740e-12
7.584000000000000519e+00,-4.303770968613326076e-12
7.586000000000000298e+00,-4.359158641044679959e-12
7.588000000000000078e+00,-4.231943291125445099e-12
7.589999999999999858e+00,-4.471687522284536582e-12
7.592000000000000526e+00,-3.926318919483935544e-12
7.594000000000000306e+00,-4.128994485162730421e-12
7.596000000000000085e+00,-4.227092336590270207e-12
7.597999999999999865e+00,-4.277791841601579855e-12
7.600000000000000533e+00,-4.126400362661568078e-12
7.602000000000000313e+00,-3.965684458122480906e-12
7.604000000000000092e+00,-4.220405273009719321e-12
7.605999999999999872e+00,-4.290760770664820149e-12
7.608000000000000540e+00,-4.354670589270114003e-12
7.610000000000000320e+00,-4.410710972937930066e-12
7.612000000000000099e+00,-4.253903859252868666e-12
7.613999999999999879e+00,-4.096642154035360461e-12
7.616000000000000547e+00,-4.141505170477080042e-12
7.618000000000000327e+00,-4.393818251051910552e-12
7.620000000000000107e+00,-4.495475265505576747e-12
7.621999999999999886e+00,-4.132416100397460331e-12
7.624000000000000554e+00,-4.161569967361330348e-12
7.626000000000000334e+00,-4.410201481552045906e-12
7.628000000000000114e+00,-4.091484200898383830e-12
7.629999999999999893e+00,-4.306638882212192679e-12
7.632000000000000561e+00,-4.182669640992784456e-12
7.634000000000000341e+00,-4.035431758614661284e-12
7.636000000000000121e+00,-3.873899397111452120e-12
7.637999999999999901e+00,-4.118440154716463142e-12
7.640000000000000568e+00,-4.176752692964387727e-12
7.642000000000000348e+00,-4.248296225611184109e-12
7.644000000000000128e+00,-4.515220297679740198e-12
7.645999999999999908e+00,-4.383822195364007947e-12
7.648000000000000576e+00,-3.796806045055661575e-12
7.650000000000000355e+00,-4.022590524340414367e-12
7.652000000000000135e+00,-4.094339453594611686e-12
7.653999999999999915e+00,-4.155639589421898835e-12
7.656000000000000583e+00,-4.217982934138951354e-12
7.658000000000000362e+00,-4.479375524672242693e-12
7.660000000000000142e+00,-4.344792633793671071e-12
7.661999999999999922e+00,-4.182611876221408873e-12
7.664000000000000590e+00,-4.227239754210274119e-12
7.666000000000000369e+00,-4.088377262087820534e-12
7.668000000000000149e+00,-4.127493746933150693e-12
7.669999999999999929e+00,-4.169482077601212524e-12
7.672000000000000597e+00,-4.249898916889131073e-12
7.674000000000000377e+00,-4.087336032620270487e-12
7.676000000000000156e+00,-4.338565140103232486e-12
7.677999999999999936e+00,-4.215135267638134401e-12
7.679999999999999716e+00,-4.271272749809203003e-12
7.682000000000000384e+00,-4.308967545913670587e-12
7.684000000000000163e+00,-4.373559272169864321e-12
7.685999999999999943e+00,-4.029838352645192715e-12
7.687999999999999723e+00,-4.031689984366175108e-12
7.690000000000000391e+00,-4.116679434225507663e-12
7.692000000000000171e+00,-4.171553733897447555e-12
7.693999999999999950e+00,-4.235273789842230316e-12
7.695999999999999730e+00,-4.280147226037577421e-12
7.698000000000000398e+00,-4.339055201387058646e-12
7.700000000000000178e+00,-4.399272850268971149e-12
7.701999999999999957e+00,-4.254742515573405257e-12
7.703999999999999737e+00,-4.103054444885031459e-12
7.706000000000000405e+00,-4.129457331948162581e-12
7.708000000000000185e+00,-4.399753257705253207e-12
7.709999999999999964e+00,-4.274462267517749123e-12
7.711999999999999744e+00,-4.099830484564942042e-12
7.714000000000000412e+00,-3.959396574817005589e-12
7.716000000000000192e+00,-4.192185373166848500e-12
7.717999999999999972e+00,-4.069151369476718624e-12
7.719999999999999751e+00,-4.312150609541295621e-12
7.722000000000000419e+00,-4.596642587029402863e-12
7.724000000000000199e+00,-3.847852276882365915e-12
7.725999999999999979e+00,-4.050544293662616204e-12
7.727999999999999758e+00,-4.117318376395868839e-12
7.730000000000000426e+00,-4.186095833439389887e-12
7.732000000000000206e+00,-4.231591674190627099e-12
7.733999999999999986e+00,-4.301222782995923327e-12
7.735999999999999766e+00,-4.145144994220422321e-12
7.738000000000000433e+00,-4.201096545010429954e-12
7.740000000000000213e+00,-4.246392957232221980e-12
7.741999999999999993e+00,-4.530851131983476026e-12
7.743999999999999773e+00,-4.181668749816713233e-12
7.746000000000000441e+00,-4.215572256044779913e-12
7.748000000000000220e+00,-4.070576235286449795e-12
7.750000000000000000e+00,-4.104674652393957200e-12
7.751999999999999780e+00,-4.174956827196185124e-12
7.754000000000000448e+00,-4.021527326898861558e-12
7.756000000000000227e+00,-4.261476196898955581e-12
7.758000000000000007e+00,-4.550826177345364119e-12
7.759999999999999787e+00,-4.214088027047588207e-12
7.762000000000000455e+00,-4.043206566755179972e-12
7.764000000000000234e+00,-3.867855938578240952e-12
7.766000000000000014e+00,-4.116838593703640981e-12
7.767999999999999794e+00,-4.004477949234323119e-12
7.770000000000000462e+00,-4.034951858936524251e-12
7.772000000000000242e+00,-4.290163668775638424e-12
7.774000000000000021e+00,-4.172960058770277412e-12
7.775999999999999801e+00,-4.213878942840346300e-12
7.778000000000000469e+00,-4.259770488812250564e-12
7.780000000000000249e+00,-4.334064797608496607e-12
7.782000000000000028e+00,-4.174942404764633991e-12
7.783999999999999808e+00,-4.224209424856340682e-12
7.786000000000000476e+00,-4.082736993399422146e-12
7.788000000000000256e+00,-4.102075568027860311e-12
7.790000000000000036e+00,-4.199091960150877697e-12
7.791999999999999815e+00,-4.235647507735713321e-12
7.794000000000000483e+00,-4.288833133901745964e-12
7.796000000000000263e+00,-4.549692306494967127e-12
7.798000000000000043e+00,-4.436365541965035176e-12
7.799999999999999822e+00,-4.058678600588949192e-12
7.802000000000000490e+00,-4.082762977314136278e-12
7.804000000000000270e+00,-4.151059637878186004e-12
7.806000000000000050e+00,-4.408950740419340638e-12
7.807999999999999829e+00,-4.278927830203986479e-12
7.810000000000000497e+00,-4.312245384667603619e-12
7.812000000000000277e+00,-4.179231020568024379e-12
7.814000000000000057e+00,-4.226471787518464228e-12
7.815999999999999837e+00,-4.280283317672882515e-12
7.818000000000000504e+00,-4.135876440086978594e-12
7.820000000000000284e+00,-4.388423621733896807e-12
7.822000000000000064e+00,-4.044480372402334972e-12
7.823999999999999844e+00,-3.868372451151391999e-12
7.826000000000000512e+00,-3.929993483788917485e-12
7.828000000000000291e+00,-4.174272109504489561e-12
7.830000000000000071e+00,-4.249386462302099369e-12
7.831999999999999851e+00,-4.314903998655755176e-12
7.834000000000000519e+00,-4.365147836769578717e-12
7.836000000000000298e+00,-4.425396618474073845e-12
7.838000000000000078e+00,-4.074250416134261812e-12
7.839999999999999858e+00,-4.106134296981636172e-12
7.842000000000000526e+00,-4.169494754787038147e-12
7.844000000000000306e+00,-4.228025804977437064e-12
7.846000000000000085e+00,-4.280761824265911811e-12
7.847999999999999865e+00,-4.336566719733099607e-12
7.850000000000000533e+00,-4.186268677290720132e-12
7.852000000000000313e+00,-4.435082938753659467e-12
7.854000000000000092e+00,-4.100175848339490285e-12
7.855999999999999872e+00,-4.154261249422980157e-12
7.858000000000000540e+00,-4.370404797562564884e-12
7.860000000000000320e+00,-4.273389134302676056e-12
7.862000000000000099e+00,-4.094112712829953946e-12
7.863999999999999879e+00,-4.153573429085350937e-12
7.866000000000000547e+00,-4.205996220629205808e-12
7.868000000000000327e+00,-4.052040020010284767e-12
7.870000000000000107e+00,-4.513612456086176429e-12
7.871999999999999886e+00,-4.201951208995512592e-12
7.874000000000000554e+00,-3.815026950948498694e-12
7.876000000000000334e+00,-4.031652406457460843e-12
7.878000000000000114e+00,-4.318460133115301605e-12
7.879999999999999893e+00,-3.997293440051948509e-12
7.882000000000000561e+00,-4.210186853377671322e-12
7.884000000000000341e+00,-4.290268761444146102e-12
7.886000000000000121e+00,-3.947076629818078116e-12
7.887999999999999901e+00,-4.181879906763989045e-12
7.890000000000000568e+00,-4.238527679397077653e-12
7.892000000000000348e+00,-4.316928802737362364e-12
7.894000000000000128e+00,-4.169611957991579262e-12
7.895999999999999908e+00,-4.409502625708193067e-12
7.898000000000000576e+00,-4.073234299296307255e-12
7.900000000000000355e+00,-4.110883427914188304e-12
7.902000000000000135e+00,-3.955857380124308536e-12
7.903999999999999915e+00,-4.208244411442068280e-12
7.906000000000000583e+00,-4.273482730785397372e-12
7.908000000000000362e+00,-4.333479622969684394e-12
7.910000000000000142e+00,-4.196475301029840691e-12
7.911999999999999922e+00,-4.235202493870623364e-12
7.914000000000000590e+00,-4.092227175307308308e-12
7.916000000000000369e+00,-3.907439590744282256e-12
7.918000000000000149e+00,-4.182122501579090400e-12
7.919999999999999929e+00,-4.247781427097697232e-12
7.922000000000000597e+00,-4.306707585479910797e-12
7.924000000000000377e+00,-4.161100411092788009e-12
7.926000000000000156e+00,-4.203944209643305871e-12
7.927999999999999936e+00,-4.064871924154527433e-12
7.930000000000000604e+00,-4.315486390336355627e-12
7.932000000000000384e+00,-4.377078066069128295e-12
7.934000000000000163e+00,-4.241001357577805807e-12
7.935999999999999943e+00,-4.061984953638975577e-12
7.937999999999999723e+00,-4.117421031277153202e-12
7.940000000000000391e+00,-3.975916904387730803e-12
7.942000000000000171e+00,-4.210692177616923746e-12
7.943999999999999950e+00,-4.297972670879962044e-12
7.945999999999999730e+00,-4.344363935671289994e-12
7.948000000000000398e+00,-4.400235431422315118e-12
7.950000000000000178e+00,-4.275245466236220730e-12
7.951999999999999957e+00,-4.094566215360091902e-12
7.953999999999999737e+00,-4.143038268669335446e-12
7.956000000000000405e+00,-4.002890520108953357e-12
7.958000000000000185e+00,-4.238449674456441962e-12
7.959999999999999964e+00,-4.329339533011053126e-12
7.961999999999999744e+00,-4.179536897132695949e-12
7.964000000000000412e+00,-4.213826466701164712e-12
7.966000000000000192e+00,-4.287437133645679758e-12
7.967999999999999972e+00,-4.737495057991584484e-12
7.969999999999999751e+00,-4.017281811267286276e-12
7.972000000000000419e+00,-4.209217628812367152e-12
7.974000000000000199e+00,-4.297071780461313178e-12
7.975999999999999979e+00,-4.337465819334537100e-12
7.977999999999999758e+00,-4.408496540385739188e-12
7.980000000000000426e+00,-4.257423007251095505e-12
7.982000000000000206e+00,-4.513155830479254212e-12
7.983999999999999986e+00,-4.172470481414121405e-12
7.985999999999999766e+00,-4.002576260699046415e-12
7.988000000000000433e+00,-4.045403734875514896e-12
7.990000000000000213e+00,-4.096901034002390205e-12
7.991999999999999993e+00,-4.165533424241446581e-12
7.993999999999999773e+00,-4.215808929431176827e-12
7.996000000000000441e+00,-4.263631564847350940e-12
7.998000000000000220e+00,-4.131811556465658093e-12
8.000000000000000000e+00,-4.185260597907236911e-12
8.002000000000000668e+00,-4.215369173415597705e-12
8.003999999999999559e+00,-4.297750239528917002e-12
8.006000000000000227e+00,-4.142684901819518937e-12
8.008000000000000895e+00,-3.985751062650196958e-12
8.009999999999999787e+00,-4.225614594319883651e-12
8.012000000000000455e+00,-4.103025436207827085e-12
8.013999999999999346e+00,-4.137575627748970910e-12
8.016000000000000014e+00,-4.204070546868407890e-12
8.018000000000000682e+00,-4.247298437101344780e-12
8.019999999999999574e+00,-4.321589550724265399e-12
8.022000000000000242e+00,-4.378773503369167958e-12
8.024000000000000909e+00,-4.225018271631013240e-12
8.025999999999999801e+00,-4.076142743053927722e-12
8.028000000000000469e+00,-4.108622439710981994e-12
8.029999999999999361e+00,-4.176215654904170547e-12
8.032000000000000028e+00,-4.223211111600014136e-12
8.034000000000000696e+00,-4.302616982601362474e-12
8.035999999999999588e+00,-4.136604084685009359e-12
8.038000000000000256e+00,-3.978780172445204045e-12
8.040000000000000924e+00,-4.225223343605376836e-12
8.041999999999999815e+00,-4.309781054187183050e-12
8.044000000000000483e+00,-4.161331853060924360e-12
8.045999999999999375e+00,-4.188110432727551430e-12
8.048000000000000043e+00,-4.072223961465191455e-12
8.050000000000000711e+00,-4.101572154323083665e-12
8.051999999999999602e+00,-4.153289964042777009e-12
8.054000000000000270e+00,-4.208627313874906328e-12
8.056000000000000938e+00,-4.269907541663939680e-12
8.057999999999999829e+00,-4.336744020052683504e-12
8.060000000000000497e+00,-4.389794018151748605e-12
8.061999999999999389e+00,-4.045494763589853153e-12
8.064000000000000057e+00,-4.272247723065646615e-12
8.066000000000000725e+00,-4.150074296591091724e-12
8.067999999999999616e+00,-4.161939950436089282e-12
8.070000000000000284e+00,-4.248281633938668672e-12
8.072000000000000952e+00,-4.109637939095564220e-12
8.073999999999999844e+00,-4.131365355689273266e-12
8.076000000000000512e+00,-3.995203650433741794e-12
8.077999999999999403e+00,-4.248375028200174860e-12
8.080000000000000071e+00,-4.321290814386725591e-12
8.082000000000000739e+00,-4.359048934348765673e-12
8.083999999999999631e+00,-4.246389175329400013e-12
8.086000000000000298e+00,-4.075019153610487522e-12
8.088000000000000966e+00,-4.300881433375464378e-12
8.089999999999999858e+00,-4.191377711759516388e-12
8.092000000000000526e+00,-4.014619865658926861e-12
8.093999999999999417e+00,-4.271002328899890426e-12
8.096000000000000085e+00,-4.359970887781729071e-12
8.098000000000000753e+00,-4.388625246037710491e-12
8.099999999999999645e+00,-4.059822749118149064e-12
8.102000000000000313e+00,-4.093734776752858419e-12
8.104000000000000981e+00,-4.128450444233767672e-12
8.105999999999999872e+00,-3.996786772243764459e-12
8.108000000000000540e+00,-4.237622879115400369e-12
8.109999999999999432e+00,-4.116031844944501953e-12
8.112000000000000099e+00,-3.956196404927102113e-12
8.114000000000000767e+00,-4.409832662918456378e-12
8.115999999999999659e+00,-4.492761501717247945e-12
8.118000000000000327e+00,-4.144047255911015618e-12
8.120000000000000995e+00,-4.367778492730414201e-12
8.121999999999999886e+00,-4.038355801894991387e-12
8.124000000000000554e+00,-4.067329455690769851e-12
8.125999999999999446e+00,-4.122863869672712780e-12
8.128000000000000114e+00,-4.391897252772611998e-12
8.130000000000000782e+00,-4.248191201548439477e-12
8.131999999999999673e+00,-4.294366265539436660e-12
8.134000000000000341e+00,-4.370795405352749242e-12
8.136000000000001009e+00,-4.208993677609747484e-12
8.137999999999999901e+00,-4.053871607411180120e-12
8.140000000000000568e+00,-4.099366575256531984e-12
8.141999999999999460e+00,-4.156104473597581702e-12
8.144000000000000128e+00,-4.212507171690531730e-12
8.146000000000000796e+00,-4.262670025160756640e-12
8.147999999999999687e+00,-3.924858579936853290e-12
8.150000000000000355e+00,-4.156006696109038013e-12
8.152000000000001023e+00,-4.229149115389832110e-12
8.153999999999999915e+00,-4.281468097900917362e-12
8.156000000000000583e+00,-4.349350077907002149e-12
8.157999999999999474e+00,-4.580332845337422965e-12
8.160000000000000142e+00,-4.071675525964085179e-12
8.162000000000000810e+00,-4.289765111660547602e-12
8.163999999999999702e+00,-4.151230536983767990e-12
8.166000000000000369e+00,-3.992944949053253195e-12
8.168000000000001037e+00,-4.241260815561923854e-12
8.169999999999999929e+00,-4.318985841987614744e-12
8.172000000000000597e+00,-4.368804781220092915e-12
8.173999999999999488e+00,-4.236035789687350876e-12
8.176000000000000156e+00,-4.061102639980804767e-12
8.178000000000000824e+00,-4.110882100697647228e-12
8.179999999999999716e+00,-3.965200863202116599e-12
8.182000000000000384e+00,-4.218983045090777178e-12
8.184000000000001052e+00,-4.288746565311992729e-12
8.185999999999999943e+00,-4.136731470542768700e-12
8.188000000000000611e+00,-4.188996096261032351e-12
8.189999999999999503e+00,-4.230150218157331583e-12
8.192000000000000171e+00,-4.311318339679690082e-12
8.194000000000000838e+00,-4.342659988816925646e-12
8.195999999999999730e+00,-4.219898646894725056e-12
8.198000000000000398e+00,-3.846351571851877174e-12
8.199999999999999289e+00,-4.083268222146093614e-12
8.201999999999999957e+00,-4.154733580615278886e-12
8.204000000000000625e+00,-4.198058703028282013e-12
8.205999999999999517e+00,-4.276875752252507944e-12
8.208000000000000185e+00,-4.321755196168532937e-12
8.210000000000000853e+00,-4.590268684671808132e-12
8.211999999999999744e+00,-4.262513313070369783e-12
8.214000000000000412e+00,-4.269972944187816149e-12
8.215999999999999304e+00,-4.138840047642742646e-12
8.217999999999999972e+00,-4.182847070409957839e-12
8.220000000000000639e+00,-4.032270571319767706e-12
8.221999999999999531e+00,-4.283712172385483400e-12
8.224000000000000199e+00,-4.150038248554827577e-12
8.226000000000000867e+00,-4.197097483995499209e-12
8.227999999999999758e+00,-4.268628662279318667e-12
8.230000000000000426e+00,-4.296469274027156187e-12
8.231999999999999318e+00,-4.173345361290911081e-12
8.233999999999999986e+00,-4.203252810208233807e-12
8.236000000000000654e+00,-4.070929141262259571e-12
8.237999999999999545e+00,-4.107463030428175747e-12
8.240000000000000213e+00,-4.158250393356595650e-12
8.242000000000000881e+00,-4.229705493622033566e-12
8.243999999999999773e+00,-4.084427085305867610e-12
8.246000000000000441e+00,-4.313051125729513854e-12
8.247999999999999332e+00,-4.205798841926527243e-12
8.250000000000000000e+00,-4.228466427156449771e-12
8.252000000000000668e+00,-4.100822989599682063e-12
8.253999999999999559e+00,-4.119712060729052354e-12
8.256000000000000227e+00,-4.195424422891529583e-12
8.258000000000000895e+00,-4.261094229632137908e-12
8.259999999999999787e+00,-4.306502655962854020e-12
8.262000000000000455e+00,-4.169298685544972825e-12
8.263999999999999346e+00,-4.408811845487665872e-12
8.266000000000000014e+00,-4.283755031407408749e-12
8.268000000000000682e+00,-4.319111115437900367e-12
8.269999999999999574e+00,-4.379897003948358269e-12
8.272000000000000242e+00,-4.245663145589365241e-12
8.274000000000000909e+00,-4.074694029730468793e-12
8.275999999999999801e+00,-4.322966642431008398e-12
8.278000000000000469e+00,-4.194745691052951169e-12
8.279999999999999361e+00,-4.242148244183844164e-12
8.282000000000000028e+00,-4.289668870438823506e-12
8.284000000000000696e+00,-4.341176677505419797e-12
8.285999999999999588e+00,-4.009735957079427213e-12
8.288000000000000256e+00,-4.036675331386414980e-12
8.290000000000000924e+00,-4.088102789964498516e-12
8.291999999999999815e+00,-4.141395298837345765e-12
8.294000000000000483e+00,-4.398578177038306094e-12
8.295999999999999375e+00,-4.284746768159766088e-12
8.298000000000000043e+00,-4.120681694925256978e-12
8.300000000000000711e+00,-4.171728532091536111e-12
8.301999999999999602e+00,-4.215545815532157108e-12
8.304000000000000270e+00,-4.472384245351291812e-12
8.306000000000000938e+00,-3.955216646596536964e-12
8.307999999999999829e+00,-4.372791411017717785e-12
8.310000000000000497e+00,-4.031910499855739195e-12
8.311999999999999389e+00,-4.081908330493261377e-12
8.314000000000000057e+00,-4.135286147196015285e-12
8.316000000000000725e+00,-4.187746731115703647e-12
8.317999999999999616e+00,-4.045135023634286260e-12
8.320000000000000284e+00,-4.284039828283862088e-12
8.322000000000000952e+00,-4.370940589815410093e-12
8.323999999999999844e+00,-4.416339775051100630e-12
8.326000000000000512e+00,-4.080680475671063810e-12
8.327999999999999403e+00,-3.894297675969824786e-12
8.330000000000000071e+00,-4.149127822339840938e-12
8.332000000000000739e+00,-4.228162569525728704e-12
8.333999999999999631e+00,-4.273927084985401715e-12
8.336000000000000298e+00,-4.142178888804153825e-12
8.338000000000000966e+00,-4.378537156008173884e-12
8.339999999999999858e+00,-4.248650753157611441e-12
8.342000000000000526e+00,-4.302989077156400783e-12
8.343999999999999417e+00,-4.150686683907629789e-12
8.346000000000000085e+00,-4.196102962660893451e-12
8.348000000000000753e+00,-4.046356865792861366e-12
8.349999999999999645e+00,-4.287608337847758355e-12
8.352000000000000313e+00,-4.170343791457086188e-12
8.354000000000000981e+00,-4.210845336460393620e-12
8.355999999999999872e+00,-4.270426019698225181e-12
8.358000000000000540e+00,-4.329433478099725704e-12
8.359999999999999432e+00,-4.164020374798752850e-12
8.362000000000000099e+00,-4.017335697076468527e-12
8.364000000000000767e+00,-4.059568729832312306e-12
8.365999999999999659e+00,-4.129542079854722387e-12
8.368000000000000327e+00,-4.181138638052626639e-12
8.370000000000000995e+00,-4.226975714526675479e-12
8.371999999999999886e+00,-4.294837194066238761e-12
8.374000000000000554e+00,-4.360662316925009798e-12
8.375999999999999446e+00,-3.997157614482359481e-12
8.378000000000000114e+00,-4.227525470575289002e-12
8.380000000000000782e+00,-4.307688193570834782e-12
8.381999999999999673e+00,-4.154868348531066074e-12
8.384000000000000341e+00,-4.215589472312054298e-12
8.386000000000001009e+00,-4.067528600288605392e-12
8.387999999999999901e+00,-3.896425007680766322e-12
8.390000000000000568e+00,-4.139687834281653562e-12
8.391999999999999460e+00,-4.218711625862820095e-12
8.394000000000000128e+00,-4.275844821861609752e-12
8.396000000000000796e+00,-4.140237247143658269e-12
8.397999999999999687e+00,-4.373266667149625941e-12
8.400000000000000355e+00,-4.253206518911436351e-12
8.402000000000001023e+00,-4.293064080422725702e-12
8.403999999999999915e+00,-4.144318192220684232e-12
8.406000000000000583e+00,-3.986455462806697574e-12
8.407999999999999474e+00,-4.435681074537319425e-12
8.410000000000000142e+00,-4.107666116791172884e-12
8.412000000000000810e+00,-4.146357294042157898e-12
8.413999999999999702e+00,-4.201227004216124786e-12
8.416000000000000369e+00,-4.259116752401499868e-12
8.418000000000001037e+00,-4.318966784498142460e-12
8.419999999999999929e+00,-4.398211764643676831e-12
8.422000000000000597e+00,-4.436194790512002747e-12
8.423999999999999488e+00,-4.079582136243200329e-12
8.426000000000000156e+00,-4.115775884494670381e-12
8.428000000000000824e+00,-4.371224633694424607e-12
8.429999999999999716e+00,-4.252307404375097802e-12
8.432000000000000384e+00,-4.290436592368997628e-12
8.434000000000001052e+00,-4.145281917363706262e-12
8.435999999999999943e+00,-4.181728905374190789e-12
8.438000000000000611e+00,-4.253481530550141025e-12
8.439999999999999503e+00,-4.093218077970733039e-12
8.442000000000000171e+00,-4.147630845411027189e-12
8.444000000000000838e+00,-4.217763801381037977e-12
8.445999999999999730e+00,-4.041268327219374099e-12
8.448000000000000398e+00,-3.908888410578790845e-12
8.449999999999999289e+00,-4.132143227127788077e-12
8.451999999999999957e+00,-4.440937233416046826e-12
8.454000000000000625e+00,-4.488847964363234667e-12
8.455999999999999517e+00,-4.347907815685937978e-12
8.458000000000000185e+00,-4.191920010647151154e-12
8.460000000000000853e+00,-4.031579993091738584e-12
8.461999999999999744e+00,-4.064085736100199838e-12
8.464000000000000412e+00,-4.129132686373372062e-12
8.465999999999999304e+00,-4.395622704623532242e-12
8.467999999999999972e+00,-4.255199927085069324e-12
8.470000000000000639e+00,-4.299041797569871048e-12
8.471999999999999531e+00,-3.966685806599480311e-12
8.474000000000000199e+00,-4.195524776063323521e-12
8.476000000000000867e+00,-4.061120910485395649e-12
8.477999999999999758e+00,-4.095528678968503659e-12
8.480000000000000426e+00,-4.155066774726039782e-12
8.481999999999999318e+00,-4.208672299286640928e-12
8.483999999999999986e+00,-4.491871187112354612e-12
8.486000000000000654e+00,-4.153978497770543048e-12
8.487999999999999545e+00,-4.164074857839529151e-12
8.490000000000000213e+00,-4.238463919159186353e-12
8.492000000000000881e+00,-4.292250148460509946e-12
8.493999999999999773e+00,-4.343572004255597251e-12
8.496000000000000441e+00,-4.196334280228427905e-12
8.497999999999999332e+00,-4.044662610159197761e-12
8.500000000000000000e+00,-4.092356302456925568e-12
8.502000000000000668e+00,-3.931073799242210372e-12
8.503999999999999559e+00,-4.185621090907363650e-12
8.506000000000000227e+00,-4.266600281974832740e-12
8.508000000000000895e+00,-4.115819841111232692e-12
8.509999999999999787e+00,-4.166429474164855905e-12
8.512000000000000455e+00,-4.208223356876079732e-12
8.513999999999999346e+00,-4.076390666770878643e-12
8.516000000000000014e+00,-4.540713358688675529e-12
8.518000000000000682e+00,-4.191458878251433883e-12
8.519999999999999574e+00,-4.033397660682243162e-12
8.522000000000000242e+00,-4.480515420193590877e-12
8.524000000000000909e+00,-4.154974742411136414e-12
8.525999999999999801e+00,-4.409797000177821957e-12
8.528000000000000469e+00,-4.249929012674635762e-12
8.529999999999999361e+00,-4.300473011491108116e-12
8.532000000000000028e+00,-4.161363766520548629e-12
8.534000000000000696e+00,-4.198689940819335362e-12
8.535999999999999588e+00,-3.852096706259156372e-12
8.538000000000000256e+00,-4.086037534153004712e-12
8.540000000000000924e+00,-4.168891354184491838e-12
8.541999999999999815e+00,-4.205526695610291700e-12
8.544000000000000483e+00,-4.290312187331402348e-12
8.545999999999999375e+00,-4.332565493402178640e-12
8.548000000000000043e+00,-4.187130042434082445e-12
8.550000000000000711e+00,-4.234832478338919243e-12
8.551999999999999602e+00,-4.086826005545428094e-12
8.554000000000000270e+00,-4.120262243762974717e-12
8.556000000000000938e+00,-4.191009923204631429e-12
8.557999999999999829e+00,-4.257743855896547901e-12
8.560000000000000497e+00,-4.091394109956177630e-12
8.561999999999999389e+00,-4.349458244512337330e-12
8.564000000000000057e+00,-4.219186037512807621e-12
8.566000000000000725e+00,-4.456353088773725115e-12
8.567999999999999616e+00,-4.323788202189817155e-12
8.570000000000000284e+00,-4.171416543875732094e-12
8.572000000000000952e+00,-4.007689235852021379e-12
8.573999999999999844e+00,-4.057973568063579199e-12
8.576000000000000512e+00,-3.911180132218886361e-12
8.577999999999999403e+00,-4.155735742627107153e-12
8.580000000000000071e+00,-4.228870660101829640e-12
8.582000000000000739e+00,-4.291279705705325699e-12
8.583999999999999631e+00,-4.345062409537288498e-12
8.586000000000000298e+00,-4.202334685412797746e-12
8.588000000000000966e+00,-4.257353686892604202e-12
8.589999999999999858e+00,-4.296363631632232525e-12
8.592000000000000526e+00,-4.163232584932244477e-12
8.593999999999999417e+00,-4.204173794309868611e-12
8.596000000000000085e+00,-4.257682634834344638e-12
8.598000000000000753e+00,-4.118252081084975788e-12
8.599999999999999645e+00,-4.150946692269485349e-12
8.602000000000000313e+00,-4.226661103354245167e-12
8.604000000000000981e+00,-4.471977179792373549e-12
8.605999999999999872e+00,-4.361683060178744804e-12
8.608000000000000540e+00,-4.184905345098515359e-12
8.609999999999999432e+00,-4.020697633651148272e-12
8.612000000000000099e+00,-4.083511751660630547e-12
8.614000000000000767e+00,-4.133072398974901128e-12
8.615999999999999659e+00,-4.178647810676446130e-12
8.618000000000000327e+00,-4.232618946389207985e-12
8.620000000000000995e+00,-4.308322369714758679e-12
8.621999999999999886e+00,-4.161192327223015678e-12
8.624000000000000554e+00,-4.192541458938893216e-12
8.625999999999999446e+00,-4.256597042446127042e-12
8.628000000000000114e+00,-3.900322008815284819e-12
8.630000000000000782e+00,-4.133292098769837078e-12
8.631999999999999673e+00,-4.213811455260355569e-12
8.634000000000000341e+00,-4.279783439463069362e-12
8.636000000000001009e+00,-4.134448063700321979e-12
8.637999999999999901e+00,-4.152280528456233284e-12
8.640000000000000568e+00,-4.237752970317541278e-12
8.641999999999999460e+00,-4.290943468252378234e-12
8.644000000000000128e+00,-4.352728318994388060e-12
8.646000000000000796e+00,-4.417466334035065686e-12
8.647999999999999687e+00,-4.055385618563558665e-12
8.650000000000000355e+00,-4.078602508196006652e-12
8.652000000000001023e+00,-4.154094562020473071e-12
8.653999999999999915e+00,-4.195455249747175216e-12
8.656000000000000583e+00,-4.255140018079815069e-12
8.657999999999999474e+00,-4.315201057019966648e-12
8.660000000000000142e+00,-4.184569178496686864e-12
8.662000000000000810e+00,-4.211451143638338137e-12
8.663999999999999702e+00,-4.275947295333102951e-12
8.666000000000000369e+00,-4.340950083272409991e-12
8.668000000000001037e+00,-4.188194275250494557e-12
8.669999999999999929e+00,-4.228426592205386659e-12
8.672000000000000597e+00,-4.082094649741857737e-12
8.673999999999999488e+00,-3.912676935048758998e-12
8.676000000000000156e+00,-3.975256768683153587e-12
8.678000000000000824e+00,-4.020983358267246952e-12
8.679999999999999716e+00,-4.286837223145369333e-12
8.682000000000000384e+00,-4.365695745048483360e-12
8.684000000000001052e+00,-4.422573349713458781e-12
8.685999999999999943e+00,-4.062542457404207537e-12
8.688000000000000611e+00,-4.311601217557691467e-12
8.689999999999999503e+00,-4.177444624562054984e-12
8.692000000000000171e+00,-4.216158749528726938e-12
8.694000000000000838e+00,-4.262808542055183116e-12
8.695999999999999730e+00,-4.335514526583214159e-12
8.698000000000000398e+00,-4.180081157847152636e-12
8.700000000000001066e+00,-4.235604172740843967e-12
8.701999999999999957e+00,-4.284044565949745636e-12
8.704000000000000625e+00,-4.127612127436919355e-12
8.705999999999999517e+00,-4.189272769820964798e-12
8.708000000000000185e+00,-4.233025451961148688e-12
8.710000000000000853e+00,-4.115694987193038704e-12
8.711999999999999744e+00,-4.149750098456502202e-12
8.714000000000000412e+00,-4.193700706666365882e-12
8.715999999999999304e+00,-4.270501316163364808e-12
8.717999999999999972e+00,-4.511606094381004678e-12
8.720000000000000639e+00,-3.988140816968060985e-12
8.721999999999999531e+00,-3.995967531970777211e-12
8.724000000000000199e+00,-3.841071858934468034e-12
8.726000000000000867e+00,-4.104902195014799003e-12
8.727999999999999758e+00,-4.173325381472379419e-12
8.730000000000000426e+00,-4.226249076657914670e-12
8.731999999999999318e+00,-4.285159241163895401e-12
8.733999999999999986e+00,-4.332490259564892980e-12
8.736000000000000654e+00,-4.208475196458210842e-12
8.737999999999999545e+00,-4.247413697985360106e-12
8.740000000000000213e+00,-4.297628155522809369e-12
8.742000000000000881e+00,-4.150352080074595101e-12
8.743999999999999773e+00,-4.204047250603017163e-12
8.746000000000000441e+00,-4.451715380462890288e-12
8.747999999999999332e+00,-4.136020956404452480e-12
8.750000000000000000e+00,-4.154589664029989468e-12
8.752000000000000668e+00,-4.214670853314054634e-12
8.753999999999999559e+00,-4.062651713678737664e-12
8.756000000000000227e+00,-4.516881575566756585e-12
8.758000000000000895e+00,-4.405016959751274390e-12
8.759999999999999787e+00,-4.059748940647591197e-12
8.762000000000000455e+00,-4.257301359607240369e-12
8.763999999999999346e+00,-4.144498028284806946e-12
8.766000000000000014e+00,-4.187363248911539669e-12
8.768000000000000682e+00,-4.242617439606936139e-12
8.769999999999999574e+00,-4.296507586281223338e-12
8.772000000000000242e+00,-4.164533383502633699e-12
8.774000000000000909e+00,-4.205801029881266605e-12
8.775999999999999801e+00,-4.249750533141806737e-12
8.778000000000000469e+00,-4.121004966059568148e-12
8.779999999999999361e+00,-4.149055204643778781e-12
8.782000000000000028e+00,-4.207753708364635171e-12
8.784000000000000696e+00,-4.265094000616434785e-12
8.785999999999999588e+00,-4.129774831013441939e-12
8.788000000000000256e+00,-4.164410175780010844e-12
8.790000000000000924e+00,-4.237921824157394189e-12
8.791999999999999815e+00,-4.294427054011311631e-12
8.794000000000000483e+00,-4.543930600651495558e-12
8.795999999999999375e+00,-4.216284714040947592e-12
8.798000000000000043e+00,-4.048921930402489830e-12
8.800000000000000711e+00,-4.071237856499372036e-12
8.801999999999999602e+00,-4.150066274411506409e-12
8.804000000000000270e+00,-4.187644368454098364e-12
8.806000000000000938e+00,-4.251228002183577798e-12
8.807999999999999829e+00,-4.119518949702345438e-12
8.810000000000000497e+00,-4.143704739356172001e-12
8.811999999999999389e+00,-4.224169345069344987e-12
8.814000000000000057e+00,-4.474642981670144652e-12
8.816000000000000725e+00,-4.163311272731036600e-12
8.817999999999999616e+00,-4.149613608903558638e-12
8.820000000000000284e+00,-4.228111772604258824e-12
8.822000000000000952e+00,-4.289089144233066171e-12
8.823999999999999844e+00,-4.148418880116449711e-12
8.826000000000000512e+00,-3.773900723085420112e-12
8.827999999999999403e+00,-4.206799456689819865e-12
8.830000000000000071e+00,-4.295664683664791806e-12
8.832000000000000739e+00,-4.367312629073554120e-12
8.833999999999999631e+00,-4.220344007884668691e-12
8.836000000000000298e+00,-3.845290842315390077e-12
8.838000000000000966e+00,-4.070991218250109775e-12
8.839999999999999858e+00,-4.163902936106297339e-12
8.842000000000000526e+00,-4.196145314595656193e-12
8.843999999999999417e+00,-4.282048202981659847e-12
8.846000000000000085e+00,-4.323271691535455326e-12
8.848000000000000753e+00,-4.179000441327962982e-12
8.849999999999999645e+00,-4.432309740114314396e-12
8.852000000000000313e+00,-4.293744594707857242e-12
8.854000000000000981e+00,-3.937680555915019274e-12
8.855999999999999872e+00,-4.368057948157149332e-12
8.858000000000000540e+00,-4.257782794866240509e-12
8.859999999999999432e+00,-4.094291110212909979e-12
8.862000000000000099e+00,-3.940516906181673474e-12
8.864000000000000767e+00,-4.173769154449946353e-12
8.865999999999999659e+00,-4.264413876626721172e-12
8.868000000000000327e+00,-4.105015435951409248e-12
8.870000000000000995e+00,-4.157734179660057572e-12
8.871999999999999886e+00,-4.414280374464367295e-12
8.874000000000000554e+00,-4.289519892817156578e-12
8.875999999999999446e+00,-4.319434738898149110e-12
8.878000000000000114e+00,-4.185688061921046073e-12
8.880000000000000782e+00,-4.216258945676056175e-12
8.881999999999999673e+00,-4.285281152437735546e-12
8.884000000000000341e+00,-4.351098025700509271e-12
8.886000000000001009e+00,-4.207100475881587920e-12
8.887999999999999901e+00,-4.249694711575895604e-12
8.890000000000000568e+00,-4.092107074934704780e-12
8.891999999999999460e+00,-4.133591422984982347e-12
8.894000000000000128e+00,-4.192805067107928106e-12
8.896000000000000796e+00,-4.263600976221685468e-12
8.897999999999999687e+00,-4.107969126547708052e-12
8.900000000000000355e+00,-4.152164266675876714e-12
8.902000000000001023e+00,-4.221497639997060345e-12
8.903999999999999915e+00,-4.256503862629184060e-12
8.906000000000000583e+00,-4.335232480593416014e-12
8.907999999999999474e+00,-4.388554435856997213e-12
8.910000000000000142e+00,-3.819982779876999571e-12
8.912000000000000810e+00,-4.256968553127222298e-12
8.913999999999999702e+00,-3.949148880592840900e-12
8.916000000000000369e+00,-3.959936156718423525e-12
8.918000000000001037e+00,-4.227296577888273586e-12
8.919999999999999929e+00,-4.296171884805333683e-12
8.922000000000000597e+00,-4.151199706662864054e-12
8.923999999999999488e+00,-4.003452720985256510e-12
8.926000000000000156e+00,-4.231031754193688370e-12
8.928000000000000824e+00,-4.327730045748018826e-12
8.929999999999999716e+00,-4.165377417974847041e-12
8.932000000000000384e+00,-4.199107253719646932e-12
8.934000000000001052e+00,-4.274217984374597401e-12
8.935999999999999943e+00,-4.122024532455558218e-12
8.938000000000000611e+00,-4.182455184883510169e-12
8.939999999999999503e+00,-4.218716220545787360e-12
8.942000000000000171e+00,-4.288133452010388765e-12
8.944000000000000838e+00,-4.338328435092748978e-12
8.945999999999999730e+00,-4.186876426141494285e-12
8.948000000000000398e+00,-4.036804436166735569e-12
8.950000000000001066e+00,-4.081863755195104889e-12
8.951999999999999957e+00,-4.134113070292270170e-12
8.954000000000000625e+00,-4.192054396579549007e-12
8.955999999999999517e+00,-4.265819363953879916e-12
8.958000000000000185e+00,-4.308778213696761034e-12
8.960000000000000853e+00,-4.161919421675792725e-12
8.961999999999999744e+00,-4.224864147711791644e-12
8.964000000000000412e+00,-4.475163562958661677e-12
8.965999999999999304e+00,-4.343392220280945719e-12
8.967999999999999972e+00,-4.181092455572759518e-12
8.970000000000000639e+00,-4.231293755568659028e-12
8.971999999999999531e+00,-4.075535060954977064e-12
8.974000000000000199e+00,-4.127937447854103276e-12
8.976000000000000867e+00,-4.176004011913790137e-12
8.977999999999999758e+00,-4.248821603076455727e-12
8.980000000000000426e+00,-4.292393976004466584e-12
8.981999999999999318e+00,-4.346452511765844248e-12
8.983999999999999986e+00,-4.421885300847929160e-12
8.986000000000000654e+00,-4.071679733295623633e-12
8.987999999999999545e+00,-3.884695311390786662e-12
8.990000000000000213e+00,-4.144135008178414376e-12
8.992000000000000881e+00,-4.202721526017207345e-12
8.993999999999999773e+00,-4.277041977354799480e-12
8.996000000000000441e+00,-4.333350915139827806e-12
8.997999999999999332e+00,-4.176380742473019984e-12
9.000000000000000000e+00,-4.218429085042575756e-12
9.002000000000000668e+00,-4.284875007908275752e-12
9.003999999999999559e+00,-4.360775952386301773e-12
9.006000000000000227e+00,-4.202834206353906466e-12
9.008000000000000895e+00,-4.242966585027844818e-12
9.009999999999999787e+00,-4.091452217387940258e-12
9.012000000000000455e+00,-4.137780874867910268e-12
9.013999999999999346e+00,-4.198062112125283542e-12
9.016000000000000014e+00,-4.249564982546947879e-12
9.018000000000000682e+00,-4.309841993110436997e-12
9.019999999999999574e+00,-4.372678340366090908e-12
9.022000000000000242e+00,-4.032626598666133710e-12
9.024000000000000909e+00,-4.045793839443151125e-12
9.025999999999999801e+00,-3.915454310906525718e-12
9.028000000000000469e+00,-4.153965415956779800e-12
9.029999999999999361e+00,-4.216376914350910010e-12
9.032000000000000028e+00,-4.278343256740228292e-12
9.034000000000000696e+00,-4.348649352848745085e-12
9.035999999999999588e+00,-4.192487345437126466e-12
9.038000000000000256e+00,-4.232718383510496233e-12
9.040000000000000924e+00,-4.496998046446113422e-12
9.041999999999999815e+00,-4.173970102458632300e-12
9.044000000000000483e+00,-4.206196158282621461e-12
9.045999999999999375e+00,-4.258730504360845152e-12
9.048000000000000043e+00,-4.107441161414135594e-12
9.050000000000000711e+00,-4.155328673177077166e-12
9.051999999999999602e+00,-4.202073378903627289e-12
9.054000000000000270e+00,-4.276185625853209818e-12
9.056000000000000938e+00,-4.532544879845162756e-12
9.057999999999999829e+00,-4.207136869359654118e-12
9.060000000000000497e+00,-4.006792298691463935e-12
9.061999999999999389e+00,-4.071662603823998948e-12
9.064000000000000057e+00,-4.335633427299411180e-12
9.066000000000000725e+00,-4.186281271437587697e-12
9.067999999999999616e+00,-4.239878992624540329e-12
9.070000000000000284e+00,-4.297689274229511575e-12
9.072000000000000952e+00,-4.152303852183970265e-12
9.073999999999999844e+00,-3.995810610948929385e-12
9.076000000000000512e+00,-4.237460765365601267e-12
9.077999999999999403e+00,-4.125989134375564119e-12
9.080000000000000071e+00,-3.947129142805594480e-12
9.082000000000000739e+00,-4.201917737620454783e-12
9.083999999999999631e+00,-4.266049535065154001e-12
9.086000000000000298e+00,-4.133187874320276112e-12
9.088000000000000966e+00,-4.162337468567690449e-12
9.089999999999999858e+00,-4.230897415520251488e-12
9.092000000000000526e+00,-4.296664035180313638e-12
9.093999999999999417e+00,-4.337461093507718075e-12
9.096000000000000085e+00,-4.404649814646603271e-12
9.098000000000000753e+00,-4.054069883857514057e-12
9.099999999999999645e+00,-4.075579643892384808e-12
9.102000000000000313e+00,-3.949547871844473836e-12
9.104000000000000981e+00,-4.187063726975616145e-12
9.105999999999999872e+00,-4.256394820470087304e-12
9.108000000000000540e+00,-4.312709148190360678e-12
9.109999999999999432e+00,-4.172199527986899171e-12
9.112000000000000099e+00,-4.198678428722620867e-12
9.114000000000000767e+00,-4.473236574295673554e-12
9.115999999999999659e+00,-3.939352898349271654e-12
9.118000000000000327e+00,-4.159109144338331955e-12
9.120000000000000995e+00,-4.629570847584963522e-12
9.121999999999999886e+00,-4.125043051195121802e-12
9.124000000000000554e+00,-4.322306563516035501e-12
9.125999999999999446e+00,-3.999629481076186146e-12
9.128000000000000114e+00,-4.216410016264219684e-12
9.130000000000000782e+00,-4.304925025951596443e-12
9.131999999999999673e+00,-4.358973139174997673e-12
9.134000000000000341e+00,-4.011495905647060339e-12
9.136000000000001009e+00,-4.041145803526098488e-12
9.137999999999999901e+00,-4.096822895316136193e-12
9.140000000000000568e+00,-4.161218913796310455e-12
9.141999999999999460e+00,-4.218464383672171116e-12
9.144000000000000128e+00,-4.277157491667722542e-12
9.146000000000000796e+00,-4.314764483548968825e-12
9.147999999999999687e+00,-4.177231038531979058e-12
9.150000000000000355e+00,-4.240548959592804617e-12
9.152000000000001023e+00,-4.276625823813846566e-12
9.153999999999999915e+00,-4.147056413029336472e-12
9.156000000000000583e+00,-4.171472542520900739e-12
9.157999999999999474e+00,-4.447982576781451456e-12
9.160000000000000142e+00,-4.106719030787274984e-12
9.162000000000000810e+00,-4.356163103710758140e-12
9.163999999999999702e+00,-4.009755779007366603e-12
9.166000000000000369e+00,-4.241285397284868663e-12
9.168000000000001037e+00,-4.303982173772356178e-12
9.169999999999999929e+00,-4.382372576522193988e-12
9.172000000000000597e+00,-4.016168170014733503e-12
9.173999999999999488e+00,-3.845963474875194570e-12
9.176000000000000156e+00,-3.898116718578549328e-12
9.178000000000000824e+00,-4.140875958480334507e-12
9.179999999999999716e+00,-4.228005461451705771e-12
9.182000000000000384e+00,-4.495804565457895378e-12
9.184000000000001052e+00,-4.169191938256334125e-12
9.185999999999999943e+00,-4.176416667560448833e-12
9.188000000000000611e+00,-4.436627182749629213e-12
9.189999999999999503e+00,-4.328517834273677120e-12
9.192000000000000171e+00,-4.157771092177548627e-12
9.194000000000000838e+00,-4.195087095943409333e-12
9.195999999999999730e+00,-4.250066737493300987e-12
9.198000000000000398e+00,-4.106110352457320511e-12
9.200000000000001066e+00,-4.353106454611012289e-12
9.201999999999999957e+00,-4.233620962197493869e-12
9.204000000000000625e+00,-4.276665280231063830e-12
9.205999999999999517e+00,-4.329639330853733973e-12
9.208000000000000185e+00,-3.980913821332427006e-12
9.210000000000000853e+00,-4.010428808356789665e-12
9.211999999999999744e+00,-4.057605322797726779e-12
9.214000000000000412e+00,-4.133638780124544488e-12
9.216000000000001080e+00,-4.398901646580816536e-12
9.217999999999999972e+00,-4.244317872035955207e-12
9.220000000000000639e+00,-4.097521332281609995e-12
9.221999999999999531e+00,-4.146847370154703072e-12
9.224000000000000199e+00,-4.184019541558695278e-12
9.226000000000000867e+00,-4.262226987873756372e-12
9.227999999999999758e+00,-4.323156933084458775e-12
9.230000000000000426e+00,-4.168156932194969767e-12
9.231999999999999318e+00,-4.003108665181342235e-12
9.233999999999999986e+00,-4.048180826084457910e-12
9.236000000000000654e+00,-4.114510152597262396e-12
9.237999999999999545e+00,-3.963460766378251440e-12
9.240000000000000213e+00,-4.213234690860263811e-12
9.242000000000000881e+00,-4.083790141070502888e-12
9.243999999999999773e+00,-4.332575459830849226e-12
9.246000000000000441e+00,-4.405859922488901326e-12
9.247999999999999332e+00,-4.262191685472822456e-12
9.250000000000000000e+00,-4.090763598775264881e-12
9.252000000000000668e+00,-4.142322335206635087e-12
9.253999999999999559e+00,-4.194705086034023906e-12
9.256000000000000227e+00,-4.054418639933114639e-12
9.258000000000000895e+00,-4.293901747700704379e-12
9.259999999999999787e+00,-3.959405245718908234e-12
9.262000000000000455e+00,-3.997412498416617028e-12
9.263999999999999346e+00,-4.261345047580123692e-12
9.266000000000000014e+00,-4.336087301149272557e-12
9.268000000000000682e+00,-4.378163510264495528e-12
9.269999999999999574e+00,-4.230490466855158780e-12
9.272000000000000242e+00,-4.074343787947006252e-12
9.274000000000000909e+00,-4.143385051905910311e-12
9.275999999999999801e+00,-4.171092731653668898e-12
9.278000000000000469e+00,-4.242754720932994632e-12
9.279999999999999361e+00,-4.496890915757146000e-12
9.282000000000000028e+00,-4.367536326388989413e-12
9.284000000000000696e+00,-4.424581633773629546e-12
9.285999999999999588e+00,-4.065827606901829920e-12
9.288000000000000256e+00,-3.892256552740601482e-12
9.290000000000000924e+00,-4.133715444670130869e-12
9.291999999999999815e+00,-4.209412383094955164e-12
9.294000000000000483e+00,-4.275741588072593789e-12
9.295999999999999375e+00,-4.329606633775903478e-12
9.298000000000000043e+00,-4.386458779825356459e-12
9.300000000000000711e+00,-4.243114232957561601e-12
9.301999999999999602e+00,-4.291644050439947392e-12
9.304000000000000270e+00,-4.539274364195436314e-12
9.306000000000000938e+00,-3.998756195054879276e-12
9.307999999999999829e+00,-4.229045663214178329e-12
9.310000000000000497e+00,-3.887931597919350447e-12
9.311999999999999389e+00,-4.122112949983496958e-12
9.314000000000000057e+00,-4.204244282490752051e-12
9.316000000000000725e+00,-4.468221160572464380e-12
9.317999999999999616e+00,-4.314518424855137548e-12
9.320000000000000284e+00,-4.590203455091860452e-12
9.322000000000000952e+00,-4.041590264722427206e-12
9.323999999999999844e+00,-4.256748280608986754e-12
9.326000000000000512e+00,-4.130782080778152515e-12
9.327999999999999403e+00,-4.161366278103841302e-12
9.330000000000000071e+00,-4.435602799596576788e-12
9.332000000000000739e+00,-4.293402224591831538e-12
9.333999999999999631e+00,-4.145898970841192101e-12
9.336000000000000298e+00,-4.170763366324191090e-12
9.338000000000000966e+00,-4.246854370733545304e-12
9.339999999999999858e+00,-4.090499379082011550e-12
9.342000000000000526e+00,-4.136150698081841569e-12
9.343999999999999417e+00,-4.203971476301820677e-12
9.346000000000000085e+00,-4.058804626378258067e-12
9.348000000000000753e+00,-4.092503929454399127e-12
9.349999999999999645e+00,-4.161551403110666587e-12
9.352000000000000313e+00,-4.224851259034427100e-12
9.354000000000000981e+00,-4.255359706203117062e-12
9.355999999999999872e+00,-4.333235623063925333e-12
9.358000000000000540e+00,-4.387049549416360378e-12
9.359999999999999432e+00,-4.047769374573233642e-12
9.362000000000000099e+00,-3.855797467971973769e-12
9.364000000000000767e+00,-4.108578606822325833e-12
9.365999999999999659e+00,-4.188646070565152011e-12
9.368000000000000327e+00,-4.439549678574449188e-12
9.370000000000000995e+00,-4.324466266971479406e-12
9.371999999999999886e+00,-4.164361520311019171e-12
9.374000000000000554e+00,-4.408420503726765513e-12
9.375999999999999446e+00,-4.260773796785803131e-12
9.378000000000000114e+00,-4.120140032772481725e-12
9.380000000000000782e+00,-4.160167211964926467e-12
9.381999999999999673e+00,-4.217879842867147373e-12
9.384000000000000341e+00,-4.064042086090593401e-12
9.386000000000001009e+00,-4.123026373249730232e-12
9.387999999999999901e+00,-4.182336499733000121e-12
9.390000000000000568e+00,-4.215940046791640181e-12
9.391999999999999460e+00,-4.284639924451588305e-12
9.394000000000000128e+00,-4.340985911985813270e-12
9.396000000000000796e+00,-4.211842426004585551e-12
9.397999999999999687e+00,-4.027273777685753892e-12
9.400000000000000355e+00,-4.076352371941543963e-12
9.402000000000001023e+00,-3.945351913784489352e-12
9.403999999999999915e+00,-4.382639582286916492e-12
9.406000000000000583e+00,-4.487332538889412080e-12
9.407999999999999474e+00,-4.530681727782222418e-12
9.410000000000000142e+00,-4.187804628588642138e-12
9.412000000000000810e+00,-4.210339775669220500e-12
9.413999999999999702e+00,-4.082158157167324308e-12
9.416000000000000369e+00,-4.101597228459062754e-12
9.418000000000001037e+00,-4.172527744847367268e-12
9.419999999999999929e+00,-4.220751003703348122e-12
9.422000000000000597e+00,-4.088358011770580002e-12
9.423999999999999488e+00,-4.124703473807667989e-12
9.426000000000000156e+00,-4.188648266253443642e-12
9.428000000000000824e+00,-4.240181326696596884e-12
9.429999999999999716e+00,-4.299082957137770971e-12
9.432000000000000384e+00,-4.560294420577369276e-12
9.434000000000001052e+00,-4.024562432849704659e-12
9.435999999999999943e+00,-4.045748668685839422e-12
9.438000000000000611e+00,-4.088026367792248871e-12
9.439999999999999503e+00,-3.948517285131176738e-12
9.442000000000000171e+00,-4.201059720237800162e-12
9.444000000000000838e+00,-4.268923630436840892e-12
9.445999999999999730e+00,-4.332664485478580613e-12
9.448000000000000398e+00,-4.179354260605126717e-12
9.450000000000001066e+00,-4.231500828073505853e-12
9.451999999999999957e+00,-4.275777006955200019e-12
9.454000000000000625e+00,-4.142822341539636736e-12
9.455999999999999517e+00,-4.179166305694357116e-12
9.458000000000000185e+00,-4.442875140742811107e-12
9.460000000000000853e+00,-4.123072027775686615e-12
9.461999999999999744e+00,-4.140558186133572796e-12
9.464000000000000412e+00,-4.214990558576931072e-12
9.466000000000001080e+00,-4.242229172506229498e-12
9.467999999999999972e+00,-4.517025974432884375e-12
9.470000000000000639e+00,-4.390857304538893693e-12
9.471999999999999531e+00,-4.246324693708963792e-12
9.474000000000000199e+00,-4.069828490646916726e-12
9.476000000000000867e+00,-4.092999631967948360e-12
9.477999999999999758e+00,-4.175666039442257896e-12
9.480000000000000426e+00,-4.222247855236165236e-12
9.481999999999999318e+00,-4.505542398962824137e-12
9.483999999999999986e+00,-4.140416257397793780e-12
9.486000000000000654e+00,-4.201474581584353319e-12
9.487999999999999545e+00,-4.233772412175537417e-12
9.490000000000000213e+00,-4.094733371416413057e-12
9.492000000000000881e+00,-4.132688353854285718e-12
9.493999999999999773e+00,-4.001199741222617906e-12
9.496000000000000441e+00,-4.032455373912884465e-12
9.497999999999999332e+00,-4.101428938766153828e-12
9.500000000000000000e+00,-4.161750159991579039e-12
9.502000000000000668e+00,-4.223226824560637196e-12
9.503999999999999559e+00,-4.274090837175260620e-12
9.506000000000000227e+00,-4.125265376562636272e-12
9.508000000000000895e+00,-4.377769664599928890e-12
9.509999999999999787e+00,-3.843122966381613667e-12
9.512000000000000455e+00,-4.041540027157737965e-12
9.513999999999999346e+00,-4.336008973806539565e-12
9.516000000000000014e+00,-3.994749379431241034e-12
9.518000000000000682e+00,-4.240802580272930807e-12
9.519999999999999574e+00,-4.302093114549166371e-12
9.522000000000000242e+00,-4.354967046555156543e-12
9.524000000000000909e+00,-4.206475195343881233e-12
9.525999999999999801e+00,-4.272197692557321872e-12
9.528000000000000469e+00,-4.324271212577334121e-12
9.529999999999999361e+00,-4.169458968458158621e-12
9.532000000000000028e+00,-4.228341535273462247e-12
9.534000000000000696e+00,-4.064153556911079714e-12
9.535999999999999588e+00,-4.125371696025625754e-12
9.538000000000000256e+00,-4.173344753221991657e-12
9.540000000000000924e+00,-4.233397482850647876e-12
9.541999999999999815e+00,-4.081495121713089530e-12
9.544000000000000483e+00,-4.344155424532226258e-12
9.545999999999999375e+00,-4.406750161336093943e-12
9.548000000000000043e+00,-4.056766317788741392e-12
9.550000000000000711e+00,-4.092991877803893257e-12
9.551999999999999602e+00,-4.136324553844771929e-12
9.554000000000000270e+00,-4.000199985108345646e-12
9.556000000000000938e+00,-3.838795164583511448e-12
9.557999999999999829e+00,-4.295586285476604093e-12
9.560000000000000497e+00,-3.970382564317560725e-12
9.561999999999999389e+00,-4.411420907380538718e-12
9.564000000000000057e+00,-4.282096707550275837e-12
9.566000000000000725e+00,-4.536555982537278937e-12
9.567999999999999616e+00,-4.194412668528301280e-12
9.570000000000000284e+00,-4.227066680719969466e-12
9.572000000000000952e+00,-3.894870551443177589e-12
9.573999999999999844e+00,-3.909611759348981620e-12
9.576000000000000512e+00,-3.955253597541380307e-12
9.577999999999999403e+00,-4.432890217131662361e-12
9.580000000000000071e+00,-4.320714335117732916e-12
9.582000000000000739e+00,-4.358953737917355288e-12
9.583999999999999631e+00,-4.220936235457074554e-12
9.586000000000000298e+00,-4.258973428034761215e-12
9.588000000000000966e+00,-4.314209801644525871e-12
9.589999999999999858e+00,-4.168102729722958494e-12
9.592000000000000526e+00,-4.415037340111272086e-12
9.593999999999999417e+00,-4.290400300294549551e-12
9.596000000000000085e+00,-4.322311896254641977e-12
9.598000000000000753e+00,-4.196792136741374359e-12
9.599999999999999645e+00,-4.227702014243514776e-12
9.602000000000000313e+00,-4.091845171675079895e-12
9.604000000000000981e+00,-4.122406957462661380e-12
9.605999999999999872e+00,-4.182078527588546056e-12
9.608000000000000540e+00,-4.452690920405866961e-12
9.609999999999999432e+00,-4.138730737314462033e-12
9.612000000000000099e+00,-4.334928015011630989e-12
9.614000000000000767e+00,-4.219660105583920159e-12
9.615999999999999659e+00,-4.256104878441810880e-12
9.618000000000000327e+00,-4.314632707171977117e-12
9.620000000000000995e+00,-4.584221427672791048e-12
9.621999999999999886e+00,-4.049019340241454738e-12
9.624000000000000554e+00,-3.857372339481241241e-12
9.625999999999999446e+00,-4.293497514513141536e-12
9.628000000000000114e+00,-4.197475215054877443e-12
9.630000000000000782e+00,-4.231513203113858246e-12
9.631999999999999673e+00,-4.288034167308656401e-12
9.634000000000000341e+00,-4.161532552022153875e-12
9.636000000000001009e+00,-4.174998710056362205e-12
9.637999999999999901e+00,-4.257127929830717480e-12
9.640000000000000568e+00,-4.316085478013842914e-12
9.641999999999999460e+00,-4.163474159951412315e-12
9.644000000000000128e+00,-4.197638304751809410e-12
9.646000000000000796e+00,-4.050010262588907150e-12
9.647999999999999687e+00,-4.314772993713108989e-12
9.650000000000000355e+00,-4.177154669385247545e-12
9.652000000000001023e+00,-4.209954838970531052e-12
9.653999999999999915e+00,-4.273529262258975246e-12
9.656000000000000583e+00,-4.339137177464599995e-12
9.657999999999999474e+00,-4.185146450045171175e-12
9.660000000000000142e+00,-4.022836146264241571e-12
9.662000000000000810e+00,-4.070261488166075593e-12
9.663999999999999702e+00,-4.133790937140288752e-12
9.666000000000000369e+00,-4.187718592358791714e-12
9.668000000000001037e+00,-4.042110174156001660e-12
9.669999999999999929e+00,-4.289616902514826043e-12
9.672000000000000597e+00,-4.168937105986680654e-12
9.673999999999999488e+00,-4.192333505148511245e-12
9.676000000000000156e+00,-4.463666800658207438e-12
9.678000000000000824e+00,-4.338123017365674898e-12
9.679999999999999716e+00,-3.979696732990467604e-12
9.682000000000000384e+00,-4.192189350846603363e-12
9.684000000000001052e+00,-4.080269688969197736e-12
9.685999999999999943e+00,-4.110593792914355857e-12
9.688000000000000611e+00,-4.186502309382082132e-12
9.689999999999999503e+00,-4.238323941484867789e-12
9.692000000000000171e+00,-4.291188015184547710e-12
9.694000000000000838e+00,-4.347150660358068400e-12
9.695999999999999730e+00,-4.008438605410406060e-12
9.698000000000000398e+00,-4.234929674877672815e-12
9.700000000000001066e+00,-4.099044041457200727e-12
9.701999999999999957e+00,-4.141987029029656099e-12
9.704000000000000625e+00,-4.210057233662213513e-12
9.705999999999999517e+00,-4.252951412411571217e-12
9.708000000000000185e+00,-4.526059640333556459e-12
9.710000000000000853e+00,-4.194134202517237451e-12
9.711999999999999744e+00,-4.204856042163450880e-12
9.714000000000000412e+00,-4.076024985628207691e-12
9.716000000000001080e+00,-4.311314661375250047e-12
9.717999999999999972e+00,-4.202082656462926228e-12
9.720000000000000639e+00,-4.235449966210702007e-12
9.721999999999999531e+00,-4.092391571566156580e-12
9.724000000000000199e+00,-4.317527780147815976e-12
9.726000000000000867e+00,-4.213286517323325008e-12
9.727999999999999758e+00,-4.230610212434119594e-12
9.730000000000000426e+00,-4.319108021979586174e-12
9.731999999999999318e+00,-4.164893435512945362e-12
9.733999999999999986e+00,-4.396574839523394932e-12
9.736000000000000654e+00,-4.065733262842705360e-12
9.737999999999999545e+00,-4.101266081431655316e-12
9.740000000000000213e+00,-4.164885813422938122e-12
9.742000000000000881e+00,-4.213061689546237624e-12
9.743999999999999773e+00,-4.281334482688037194e-12
9.746000000000000441e+00,-4.123976518471598161e-12
9.747999999999999332e+00,-4.177292579471529715e-12
9.750000000000000000e+00,-4.227380855338290653e-12
9.752000000000000668e+00,-4.308455070051914613e-12
9.753999999999999559e+00,-4.145450410215602714e-12
9.756000000000000227e+00,-4.184557141763698082e-12
9.758000000000000895e+00,-4.041058755506428483e-12
9.759999999999999787e+00,-4.294496372737496896e-12
9.762000000000000455e+00,-4.171918423249225541e-12
9.763999999999999346e+00,-4.193255809270492870e-12
9.766000000000000014e+00,-4.257612596770353226e-12
9.768000000000000682e+00,-4.321096298706361941e-12
9.769999999999999574e+00,-4.166008625382053188e-12
9.772000000000000242e+00,-4.215858498843486508e-12
9.774000000000000909e+00,-4.085005220487971540e-12
9.775999999999999801e+00,-4.317217943565357253e-12
9.778000000000000469e+00,-4.199024808456521008e-12
9.779999999999999361e+00,-4.230832481961885929e-12
9.782000000000000028e+00,-4.291876636533723961e-12
9.784000000000000696e+00,-4.151893371890291149e-12
9.785999999999999588e+00,-4.183160185064727191e-12
9.788000000000000256e+00,-4.060009422523119793e-12
9.790000000000000924e+00,-4.276096363329180957e-12
9.791999999999999815e+00,-4.163023690868095555e-12
9.794000000000000483e+00,-4.207988212382116164e-12
9.795999999999999375e+00,-4.070547420529327477e-12
9.798000000000000043e+00,-4.103374143077180945e-12
9.800000000000000711e+00,-4.163821626882414326e-12
9.801999999999999602e+00,-4.010924716201589148e-12
9.804000000000000270e+00,-4.480323582617091541e-12
9.806000000000000938e+00,-4.355520985661531078e-12
9.807999999999999829e+00,-4.186710633285773681e-12
9.810000000000000497e+00,-4.026823980233496483e-12
9.811999999999999389e+00,-4.074185995851511254e-12
9.814000000000000057e+00,-4.124399908848368398e-12
9.816000000000000725e+00,-4.185046644829259164e-12
9.817999999999999616e+00,-4.245820790815973031e-12
9.820000000000000284e+00,-4.513608570556040595e-12
9.822000000000000952e+00,-4.179560531960026431e-12
9.823999999999999844e+00,-4.008291145612895691e-12
9.826000000000000512e+00,-4.246826058017968035e-12
9.827999999999999403e+00,-4.330153695694171297e-12
9.830000000000000071e+00,-4.178915876318033719e-12
9.832000000000000739e+00,-4.213122510066648664e-12
9.833999999999999631e+00,-4.284243033478415949e-12
9.836000000000000298e+00,-4.132269372799236870e-12
9.838000000000000966e+00,-3.972912837037171751e-12
9.839999999999999858e+00,-4.223369376955524488e-12
9.842000000000000526e+00,-4.295470701985530004e-12
9.843999999999999417e+00,-4.350469330222235317e-12
9.846000000000000085e+00,-4.209010493951073690e-12
9.848000000000000753e+00,-4.058080975588037940e-12
9.849999999999999645e+00,-4.085942230426032519e-12
9.852000000000000313e+00,-4.128925490343347000e-12
9.854000000000000981e+00,-4.198540143305832165e-12
9.855999999999999872e+00,-4.479581325890169265e-12
9.858000000000000540e+00,-3.934167299675382948e-12
9.859999999999999432e+00,-4.145873122800343150e-12
9.862000000000000099e+00,-4.418022781694291289e-12
9.864000000000000767e+00,-4.093356955135979463e-12
9.865999999999999659e+00,-4.524383814705324434e-12
9.868000000000000327e+00,-4.009792470123460739e-12
9.870000000000000995e+00,-4.223352539654330941e-12
9.871999999999999886e+00,-4.085394256142948022e-12
9.874000000000000554e+00,-3.918490662694041886e-12
9.875999999999999446e+00,-4.185676617014005843e-12
9.878000000000000114e+00,-4.254741169508290535e-12
9.880000000000000782e+00,-4.313694720252900403e-12
9.881999999999999673e+00,-4.365381340703240856e-12
9.884000000000000341e+00,-4.211695445395596576e-12
9.886000000000001009e+00,-4.274723872129831101e-12
9.887999999999999901e+00,-4.119719446690520470e-12
9.890000000000000568e+00,-4.164936464341190347e-12
9.891999999999999460e+00,-4.220454481933173453e-12
9.894000000000000128e+00,-4.267823040685714898e-12
9.896000000000000796e+00,-4.146268504927387484e-12
9.897999999999999687e+00,-4.179028557614887583e-12
9.900000000000000355e+00,-4.233384757674917157e-12
9.902000000000001023e+00,-4.299275875931552666e-12
9.903999999999999915e+00,-4.568506281321582185e-12
9.906000000000000583e+00,-4.225461525789416387e-12
9.907999999999999474e+00,-3.846138653843668024e-12
9.910000000000000142e+00,-4.072187970250192285e-12
9.912000000000000810e+00,-4.154680099103160400e-12
9.913999999999999702e+00,-4.212607170050606957e-12
9.916000000000000369e+00,-4.259114254137501730e-12
9.918000000000001037e+00,-4.319176061755358854e-12
9.919999999999999929e+00,-4.384560113217634630e-12
9.922000000000000597e+00,-4.442758347411611914e-12
9.923999999999999488e+00,-4.096384573722070754e-12
9.926000000000000156e+00,-4.120224209537079431e-12
9.928000000000000824e+00,-4.166644848636111323e-12
9.929999999999999716e+00,-4.243558839442528130e-12
9.932000000000000384e+00,-4.286690991295794050e-12
9.934000000000001052e+00,-4.149833993829608442e-12
9.935999999999999943e+00,-4.194335429429689367e-12
9.938000000000000611e+00,-4.258412815487297588e-12
9.939999999999999503e+00,-4.305812053743767126e-12
9.942000000000000171e+00,-4.171037975484947568e-12
9.944000000000000838e+00,-4.203201674955944414e-12
9.945999999999999730e+00,-4.066819845768734227e-12
9.948000000000000398e+00,-4.109156795199662093e-12
9.950000000000001066e+00,-4.171083155794553101e-12
9.951999999999999957e+00,-4.230551743481085501e-12
9.954000000000000625e+00,-4.079422151716314577e-12
9.955999999999999517e+00,-4.324229025439466646e-12
9.958000000000000185e+00,-4.198548845510419731e-12
9.960000000000000853e+00,-4.431498074543245193e-12
9.961999999999999744e+00,-3.921763158625031072e-12
9.964000000000000412e+00,-4.323421683727856008e-12
9.966000000000001080e+00,-4.214531646346784652e-12
9.967999999999999972e+00,-4.246801847584556978e-12
9.970000000000000639e+00,-4.517031161414874800e-12
9.971999999999999531e+00,-3.982560964520989742e-12
9.974000000000000199e+00,-3.981480123194882873e-12
9.976000000000000867e+00,-4.464422296474252690e-12
9.977999999999999758e+00,-4.141460779579559898e-12
9.980000000000000426e+00,-4.361755323109392592e-12
9.982000000000001094e+00,-4.251634694890398744e-12
9.983999999999999986e+00,-4.065443615776727925e-12
9.986000000000000654e+00,-4.149538290441175093e-12
9.987999999999999545e+00,-4.178539742152277361e-12
9.990000000000000213e+00,-4.240479331686356291e-12
9.992000000000000881e+00,-4.302460383857210933e-12
9.993999999999999773e+00,-4.355383649859122471e-12
9.996000000000000441e+00,-4.002867868796813726e-12
9.997999999999999332e+00,-4.035285841274864862e-12
1.000000000000000000e+01,-4.098741682545704439e-12
1.000200000000000067e+01,-4.354282795490348930e-12
1.000399999999999956e+01,-4.227109803094247639e-12
1.000600000000000023e+01,-4.250287804875416666e-12
1.000800000000000090e+01,-4.132374449078247193e-12
1.000999999999999979e+01,-3.968397823160412003e-12
1.001200000000000045e+01,-4.203166779855074313e-12
1.001399999999999935e+01,-4.077520297128082580e-12
1.001600000000000001e+01,-4.326990740916665022e-12
1.001800000000000068e+01,-4.198675499040203378e-12
1.001999999999999957e+01,-4.239886682058558874e-12
1.002200000000000024e+01,-4.308968257309176874e-12
1.002400000000000091e+01,-4.150237553110458903e-12
1.002599999999999980e+01,-4.189938604559033226e-12
1.002800000000000047e+01,-4.253253466168496192e-12
1.002999999999999936e+01,-4.307001163103963409e-12
1.003200000000000003e+01,-4.377682437225251410e-12
1.003400000000000070e+01,-4.021388551295252217e-12
1.003599999999999959e+01,-4.039348064536771751e-12
1.003800000000000026e+01,-4.115153062840509263e-12
1.004000000000000092e+01,-3.957817242773148585e-12
1.004199999999999982e+01,-4.204789517915375392e-12
1.004400000000000048e+01,-4.294334962689436453e-12
1.004599999999999937e+01,-4.336355565624841751e-12
1.004800000000000004e+01,-4.206392167224507751e-12
1.005000000000000071e+01,-4.239193637874148890e-12
1.005199999999999960e+01,-4.312945094380270338e-12
1.005400000000000027e+01,-4.147494554871972166e-12
1.005600000000000094e+01,-3.978857965521585670e-12
1.005799999999999983e+01,-4.046629248462217993e-12
1.006000000000000050e+01,-4.099294877475249107e-12
1.006199999999999939e+01,-4.157845478584623851e-12
1.006400000000000006e+01,-4.415232077863405996e-12
1.006600000000000072e+01,-4.282672324354110171e-12
1.006799999999999962e+01,-4.548035901979790690e-12
1.007000000000000028e+01,-4.393677336233108261e-12
1.007200000000000095e+01,-4.052846405920462016e-12
1.007399999999999984e+01,-4.056704415980891122e-12
1.007600000000000051e+01,-4.124080835105924446e-12
1.007799999999999940e+01,-3.978785294136057230e-12
1.008000000000000007e+01,-4.225814710114356222e-12
1.008200000000000074e+01,-4.297429270215156563e-12
1.008399999999999963e+01,-4.156721483094023814e-12
1.008600000000000030e+01,-4.205951740025882091e-12
1.008800000000000097e+01,-4.258160019876777831e-12
1.008999999999999986e+01,-4.304761863601867777e-12
1.009200000000000053e+01,-4.602310876056923672e-12
1.009399999999999942e+01,-4.236794723939387307e-12
1.009600000000000009e+01,-4.066841238484364693e-12
1.009800000000000075e+01,-4.106076918346254927e-12
1.009999999999999964e+01,-4.185395371157750976e-12
1.010200000000000031e+01,-4.018200364210537402e-12
1.010400000000000098e+01,-4.280402109355411736e-12
1.010599999999999987e+01,-4.344905618666781518e-12
1.010800000000000054e+01,-4.208251703437631499e-12
1.010999999999999943e+01,-4.235996505382130348e-12
1.011200000000000010e+01,-4.093881864232660034e-12
1.011400000000000077e+01,-3.944405178555640501e-12
1.011599999999999966e+01,-4.195186638913442143e-12
1.011800000000000033e+01,-4.243004163580126602e-12
1.012000000000000099e+01,-4.320578675084887589e-12
1.012199999999999989e+01,-4.165288853712926658e-12
1.012400000000000055e+01,-4.210125847157452776e-12
1.012599999999999945e+01,-4.076146289591350919e-12
1.012800000000000011e+01,-4.315943202117590562e-12
1.013000000000000078e+01,-4.398434557986559749e-12
1.013199999999999967e+01,-4.442692254541236519e-12
1.013400000000000034e+01,-4.092260535502030534e-12
1.013600000000000101e+01,-4.131406487582559789e-12
1.013799999999999990e+01,-4.376821802040447123e-12
1.014000000000000057e+01,-4.272223840559096405e-12
1.014199999999999946e+01,-4.505318131403731965e-12
1.014400000000000013e+01,-4.377532966358863718e-12
1.014600000000000080e+01,-4.013121907534589538e-12
1.014799999999999969e+01,-4.043221244883616217e-12
1.015000000000000036e+01,-4.108177171708572768e-12
1.015200000000000102e+01,-3.948173617397449835e-12
1.015399999999999991e+01,-4.403249189645655799e-12
1.015600000000000058e+01,-4.288755357707673931e-12
1.015799999999999947e+01,-4.128715125371515787e-12
1.016000000000000014e+01,-4.167796658577314215e-12
1.016200000000000081e+01,-4.226577979921707673e-12
1.016399999999999970e+01,-4.084952859404048268e-12
1.016600000000000037e+01,-4.130204293836121867e-12
1.016800000000000104e+01,-3.981903831492725626e-12
1.016999999999999993e+01,-4.019903312303369071e-12
1.017200000000000060e+01,-4.090720081666539569e-12
1.017399999999999949e+01,-4.154998212796865089e-12
1.017600000000000016e+01,-4.191799049285660301e-12
1.017800000000000082e+01,-4.262326193223841740e-12
1.017999999999999972e+01,-4.319537331452746759e-12
1.018200000000000038e+01,-4.384881483317019781e-12
1.018400000000000105e+01,-4.238833629637710178e-12
1.018599999999999994e+01,-4.274831469711400473e-12
1.018800000000000061e+01,-4.117947218934055408e-12
1.018999999999999950e+01,-4.175348655010410285e-12
1.019200000000000017e+01,-4.223413209987971136e-12
1.019400000000000084e+01,-4.286258319338120562e-12
1.019599999999999973e+01,-4.153483276185240827e-12
1.019800000000000040e+01,-4.179735963702140829e-12
1.020000000000000107e+01,-4.243760326597494042e-12
1.020199999999999996e+01,-4.313876837461793771e-12
1.020400000000000063e+01,-4.351507557212930227e-12
1.020599999999999952e+01,-4.234942035232273538e-12
1.020800000000000018e+01,-4.046541593619281788e-12
1.021000000000000085e+01,-4.105516500580465168e-12
1.021199999999999974e+01,-4.357124116536820183e-12
1.021400000000000041e+01,-4.453000934619660015e-12
1.021600000000000108e+01,-4.700078751394358313e-12
1.021799999999999997e+01,-4.159985452663187678e-12
1.022000000000000064e+01,-3.959527047276627493e-12
1.022199999999999953e+01,-4.021299793656515184e-12
1.022400000000000020e+01,-3.870432639709851787e-12
1.022600000000000087e+01,-4.123296182366311364e-12
1.022799999999999976e+01,-4.186131252225636845e-12
1.023000000000000043e+01,-4.245879846063409895e-12
1.023200000000000109e+01,-4.304745665749135285e-12
1.023399999999999999e+01,-4.159775218183365668e-12
1.023600000000000065e+01,-4.413811156725879482e-12
1.023799999999999955e+01,-4.272424139313339089e-12
1.024000000000000021e+01,-4.120882120754731908e-12
1.024200000000000088e+01,-4.162113108465532083e-12
1.024399999999999977e+01,-4.211695012924826579e-12
1.024600000000000044e+01,-4.085981517313614792e-12
1.024799999999999933e+01,-4.116247731062062442e-12
1.025000000000000000e+01,-4.171896544646345361e-12
1.025200000000000067e+01,-4.439680931763081649e-12
1.025399999999999956e+01,-4.115831577840609656e-12
1.025600000000000023e+01,-4.329380279562465356e-12
1.025800000000000090e+01,-4.192472843877769549e-12
1.025999999999999979e+01,-4.062385109885629461e-12
1.026200000000000045e+01,-3.886752376821050974e-12
1.026399999999999935e+01,-4.124807505683168472e-12
1.026600000000000001e+01,-4.206972413491157835e-12
1.026800000000000068e+01,-4.051555409941511718e-12
1.026999999999999957e+01,-4.321300112255246464e-12
1.027200000000000024e+01,-4.373951850074049846e-12
1.027400000000000091e+01,-4.034642753676827753e-12
1.027599999999999980e+01,-4.249086530549377859e-12
1.027800000000000047e+01,-4.340216802174975727e-12
1.027999999999999936e+01,-4.397436280188003052e-12
1.028200000000000003e+01,-4.244903077790576570e-12
1.028400000000000070e+01,-4.090659640282250720e-12
1.028599999999999959e+01,-4.137779691729094558e-12
1.028800000000000026e+01,-4.187454672552117877e-12
1.029000000000000092e+01,-4.046165601943030092e-12
1.029199999999999982e+01,-4.296414536589843701e-12
1.029400000000000048e+01,-4.356407923724226605e-12
1.029599999999999937e+01,-4.437135264946795309e-12
1.029800000000000004e+01,-3.873029962318774831e-12
1.030000000000000071e+01,-4.076385250482665790e-12
1.030199999999999960e+01,-4.373123494816808179e-12
1.030400000000000027e+01,-4.454419230895020446e-12
1.030600000000000094e+01,-4.293334730103553064e-12
1.030799999999999983e+01,-4.137603982994200124e-12
1.031000000000000050e+01,-4.595554622175006942e-12
1.031199999999999939e+01,-4.053520657430089924e-12
1.031400000000000006e+01,-4.272706092008273723e-12
1.031600000000000072e+01,-4.168923746171089305e-12
1.031799999999999962e+01,-4.190440835388748455e-12
1.032000000000000028e+01,-4.030960427122613170e-12
1.032200000000000095e+01,-4.092222998105191164e-12
1.032399999999999984e+01,-4.157201881172793688e-12
1.032600000000000051e+01,-4.200888248507796553e-12
1.032799999999999940e+01,-4.072255216729257665e-12
1.033000000000000007e+01,-4.298662144806648115e-12
1.033200000000000074e+01,-4.389239892715470618e-12
1.033399999999999963e+01,-4.039864101030896111e-12
1.033600000000000030e+01,-4.040394802002306043e-12
1.033800000000000097e+01,-4.125300655677705699e-12
1.033999999999999986e+01,-4.174816439425326429e-12
1.034200000000000053e+01,-4.240647589658371834e-12
1.034399999999999942e+01,-4.103057587961827203e-12
1.034600000000000009e+01,-4.137598122378760148e-12
1.034800000000000075e+01,-4.208947810683738065e-12
1.034999999999999964e+01,-4.241037715057032331e-12
1.035200000000000031e+01,-4.325586759858503826e-12
1.035400000000000098e+01,-4.360730306800213759e-12
1.035599999999999987e+01,-4.226836221834809171e-12
1.035800000000000054e+01,-4.063577385305247542e-12
1.035999999999999943e+01,-4.107172781766895337e-12
1.036200000000000010e+01,-4.166273809710307492e-12
1.036400000000000077e+01,-4.219394288267499924e-12
1.036599999999999966e+01,-4.288171816851094957e-12
1.036800000000000033e+01,-4.350827043131506454e-12
1.037000000000000099e+01,-4.200768310650590876e-12
1.037199999999999989e+01,-4.233031500004109090e-12
1.037400000000000055e+01,-4.091948014082180236e-12
1.037599999999999945e+01,-4.134696714623233149e-12
1.037800000000000011e+01,-4.003210391170747744e-12
1.038000000000000078e+01,-4.248161076179574659e-12
1.038199999999999967e+01,-4.305867004071429417e-12
1.038400000000000034e+01,-4.169946669754179809e-12
1.038600000000000101e+01,-4.211049425695104735e-12
1.038799999999999990e+01,-4.273036168048324806e-12
1.039000000000000057e+01,-4.322078805028942086e-12
1.039199999999999946e+01,-4.192274789050575711e-12
1.039400000000000013e+01,-4.225184476165753689e-12
1.039600000000000080e+01,-4.078698204565064548e-12
1.039799999999999969e+01,-4.124966248643291517e-12
1.040000000000000036e+01,-4.183193382227928022e-12
1.040200000000000102e+01,-4.236732559313366790e-12
1.040399999999999991e+01,-4.503416805125725216e-12
1.040600000000000058e+01,-4.174390856580185456e-12
1.040799999999999947e+01,-4.193697627602663248e-12
1.041000000000000014e+01,-4.251523172809251990e-12
1.041200000000000081e+01,-3.912636593014096455e-12
1.041399999999999970e+01,-3.918519355802081678e-12
1.041600000000000037e+01,-4.404719564354261846e-12
1.041800000000000104e+01,-4.075179060127531168e-12
1.041999999999999993e+01,-4.113939303439026961e-12
1.042200000000000060e+01,-4.175720421333741802e-12
1.042399999999999949e+01,-4.223901802464955851e-12
1.042600000000000016e+01,-4.090047803098442342e-12
1.042800000000000082e+01,-4.335123823322761250e-12
1.042999999999999972e+01,-4.389611316588560164e-12
1.043200000000000038e+01,-4.264127224856918292e-12
1.043400000000000105e+01,-4.099663508693061911e-12
1.043599999999999994e+01,-4.146685707203249036e-12
1.043800000000000061e+01,-4.194098893632018558e-12
1.043999999999999950e+01,-4.253519022481927796e-12
1.044200000000000017e+01,-4.314869896728816639e-12
1.044400000000000084e+01,-4.364736822868997782e-12
1.044599999999999973e+01,-4.217905657022314733e-12
1.044800000000000040e+01,-4.275929207048721321e-12
1.045000000000000107e+01,-4.133163139052007645e-12
1.045199999999999996e+01,-4.368520110615109954e-12
1.045400000000000063e+01,-4.454390492774004878e-12
1.045599999999999952e+01,-4.513952091708762569e-12
1.045800000000000018e+01,-4.158082445397512737e-12
1.046000000000000085e+01,-4.184130024539111642e-12
1.046199999999999974e+01,-4.234208221346610386e-12
1.046400000000000041e+01,-4.097502434954480561e-12
1.046600000000000108e+01,-3.942822576487309342e-12
1.046799999999999997e+01,-3.985398129303815163e-12
1.047000000000000064e+01,-3.830122145812342280e-12
1.047199999999999953e+01,-4.082829223507069290e-12
1.047400000000000020e+01,-4.164536132203782395e-12
1.047600000000000087e+01,-4.214668813909512507e-12
1.047799999999999976e+01,-4.260538164615012866e-12
1.048000000000000043e+01,-4.325720840138261816e-12
1.048200000000000109e+01,-4.404528967264891343e-12
1.048399999999999999e+01,-4.239123084531209584e-12
1.048600000000000065e+01,-4.079475838416989810e-12
1.048799999999999955e+01,-4.129385610620383851e-12
1.049000000000000021e+01,-4.184382195593056393e-12
1.049200000000000088e+01,-4.441313153778279104e-12
1.049399999999999977e+01,-4.314707917051468329e-12
1.049600000000000044e+01,-4.154101667857725962e-12
1.049799999999999933e+01,-4.196430291900034885e-12
1.050000000000000000e+01,-4.263667649691565840e-12
1.050200000000000067e+01,-4.322114081157719865e-12
1.050399999999999956e+01,-4.377684339707880827e-12
1.050600000000000023e+01,-4.044458369299129971e-12
1.050800000000000090e+01,-3.843937399525975012e-12
1.050999999999999979e+01,-4.100131407834060186e-12
1.051200000000000045e+01,-4.169984885650913636e-12
1.051399999999999935e+01,-4.236717701320440398e-12
1.051600000000000001e+01,-4.485850357015915043e-12
1.051800000000000068e+01,-4.156010620918451081e-12
1.051999999999999957e+01,-4.395706554880036524e-12
1.052200000000000024e+01,-4.266426562200685889e-12
1.052400000000000091e+01,-4.102472815083498709e-12
1.052599999999999980e+01,-4.158940992032634528e-12
1.052800000000000047e+01,-4.190791973484482825e-12
1.052999999999999936e+01,-4.271033654265586155e-12
1.053200000000000003e+01,-4.121598233696369007e-12
1.053400000000000070e+01,-4.156338054719622897e-12
1.053599999999999959e+01,-4.025607515616728526e-12
1.053800000000000026e+01,-4.267381435902993289e-12
1.054000000000000092e+01,-4.319148619949694655e-12
1.054199999999999982e+01,-4.198690487887382690e-12
1.054400000000000048e+01,-4.231022942479128030e-12
1.054599999999999937e+01,-4.086242856401388186e-12
1.054800000000000004e+01,-3.922336826249770760e-12
1.055000000000000071e+01,-4.177034798714174767e-12
1.055199999999999960e+01,-4.264691551845542297e-12
1.055400000000000027e+01,-4.286281454665773049e-12
1.055600000000000094e+01,-4.364833256510976042e-12
1.055799999999999983e+01,-4.008075811791261744e-12
1.056000000000000050e+01,-4.248817518885903236e-12
1.056199999999999939e+01,-4.334776687089162190e-12
1.056400000000000006e+01,-4.179780221195565653e-12
1.056600000000000072e+01,-4.416439394447839902e-12
1.056799999999999962e+01,-4.293554117217565289e-12
1.057000000000000028e+01,-4.332082133113346381e-12
1.057200000000000095e+01,-4.611903278403660046e-12
1.057399999999999984e+01,-4.050953945525760355e-12
1.057600000000000051e+01,-4.283478245387838046e-12
1.057799999999999940e+01,-4.149619925530517819e-12
1.058000000000000007e+01,-4.377023193148445308e-12
1.058200000000000074e+01,-3.865522549614059387e-12
1.058399999999999963e+01,-4.082941358750823207e-12
1.058600000000000030e+01,-4.156546869719487691e-12
1.058800000000000097e+01,-4.203550122352656784e-12
1.058999999999999986e+01,-4.057516574313407279e-12
1.059200000000000053e+01,-4.301965850104382805e-12
1.059399999999999942e+01,-4.374116820940024817e-12
1.059600000000000009e+01,-4.244430189275270178e-12
1.059800000000000075e+01,-4.285832770138425796e-12
1.059999999999999964e+01,-4.141337015037827777e-12
1.060200000000000031e+01,-4.170329536030886235e-12
1.060400000000000098e+01,-4.251421633329715031e-12
1.060599999999999987e+01,-4.291361320778274889e-12
1.060800000000000054e+01,-4.145970832884883937e-12
1.060999999999999943e+01,-3.989131034394212440e-12
1.061200000000000010e+01,-4.227014262406523962e-12
1.061400000000000077e+01,-4.110901760282336846e-12
1.061599999999999966e+01,-4.353853495868833509e-12
1.061800000000000033e+01,-4.008847152131860320e-12
1.062000000000000099e+01,-4.053024495565136782e-12
1.062199999999999989e+01,-4.106635515801757041e-12
1.062400000000000055e+01,-4.153010515488591219e-12
1.062599999999999945e+01,-4.225876582748889649e-12
1.062800000000000011e+01,-4.276101278866711768e-12
1.063000000000000078e+01,-4.340942151259315344e-12
1.063199999999999967e+01,-4.199352969827551151e-12
1.063400000000000034e+01,-4.429393265449740036e-12
1.063600000000000101e+01,-4.110095461894955986e-12
1.063799999999999990e+01,-4.146257592861662719e-12
1.064000000000000057e+01,-4.179811188978386645e-12
1.064199999999999946e+01,-4.260397665904139597e-12
1.064400000000000013e+01,-4.506504727708022248e-12
1.064600000000000080e+01,-4.180775844941918096e-12
1.064799999999999969e+01,-4.205009344104737594e-12
1.065000000000000036e+01,-4.271591622519208306e-12
1.065200000000000102e+01,-4.118060645840254401e-12
1.065399999999999991e+01,-4.169442775910194366e-12
1.065600000000000058e+01,-4.218249112669764701e-12
1.065799999999999947e+01,-4.285528592679819343e-12
1.066000000000000014e+01,-4.342902244977085973e-12
1.066200000000000081e+01,-4.212177908399827199e-12
1.066399999999999970e+01,-4.241419920865901823e-12
1.066600000000000037e+01,-4.288805261758500708e-12
1.066800000000000104e+01,-3.939978129404968667e-12
1.066999999999999993e+01,-4.391581280331320091e-12
1.067200000000000060e+01,-3.858088171192170106e-12
1.067399999999999949e+01,-4.064204390266202735e-12
1.067600000000000016e+01,-4.150306913161948607e-12
1.067800000000000082e+01,-4.218063340229291125e-12
1.067999999999999972e+01,-4.278320578801021959e-12
1.068200000000000038e+01,-4.116854947943094038e-12
1.068400000000000105e+01,-4.177436483925828517e-12
1.068599999999999994e+01,-4.217847283144486437e-12
1.068800000000000061e+01,-4.094489842385103083e-12
1.068999999999999950e+01,-4.319715213959932743e-12
1.069200000000000017e+01,-4.199352136087901211e-12
1.069400000000000084e+01,-4.238835814347028217e-12
1.069599999999999973e+01,-4.092422545221627111e-12
1.069800000000000040e+01,-4.141424514636614103e-12
1.070000000000000107e+01,-4.196582933945274072e-12
1.070199999999999996e+01,-4.062471505718055028e-12
1.070400000000000063e+01,-4.293502938921098222e-12
1.070599999999999952e+01,-4.160083984671406277e-12
1.070800000000000018e+01,-4.406241412298808936e-12
1.071000000000000085e+01,-4.490102507915144113e-12
1.071199999999999974e+01,-4.150561664513453524e-12
1.071400000000000041e+01,-4.363335924334050071e-12
1.071600000000000108e+01,-4.249123519074345056e-12
1.071799999999999997e+01,-4.473681045228516656e-12
1.072000000000000064e+01,-3.953578782237712727e-12
1.072199999999999953e+01,-4.167395302043669971e-12
1.072400000000000020e+01,-4.256739374452179381e-12
1.072600000000000087e+01,-4.503339455586575262e-12
1.072799999999999976e+01,-4.159572189830811462e-12
1.073000000000000043e+01,-4.205253637278438945e-12
1.073200000000000109e+01,-4.044908183584581507e-12
1.073399999999999999e+01,-4.092562168704142288e-12
1.073600000000000065e+01,-4.151145295595648809e-12
1.073799999999999955e+01,-4.419236785034038302e-12
1.074000000000000021e+01,-4.287797094333642670e-12
1.074200000000000088e+01,-4.543792021147408242e-12
1.074399999999999977e+01,-3.992092301394182147e-12
1.074600000000000044e+01,-3.810857476818559744e-12
1.074800000000000111e+01,-4.056001343892958310e-12
1.075000000000000000e+01,-3.912528344809705751e-12
1.075200000000000067e+01,-4.162028898031803662e-12
1.075399999999999956e+01,-4.444156356295482448e-12
1.075600000000000023e+01,-4.530948321664597781e-12
1.075800000000000090e+01,-4.181562910107025327e-12
1.075999999999999979e+01,-3.999569990364416686e-12
1.076200000000000045e+01,-4.237373682310114807e-12
1.076399999999999935e+01,-4.315901230935794072e-12
1.076600000000000001e+01,-3.969035396789021368e-12
1.076800000000000068e+01,-3.984894177946078860e-12
1.076999999999999957e+01,-4.056384374828680949e-12
1.077200000000000024e+01,-4.117301703794598979e-12
1.077400000000000091e+01,-3.970127174465026747e-12
1.077599999999999980e+01,-4.206864064051297703e-12
1.077800000000000047e+01,-4.298931998705270574e-12
1.077999999999999936e+01,-4.348202105171325578e-12
1.078200000000000003e+01,-4.201565076681819969e-12
1.078400000000000070e+01,-4.252040750488674066e-12
1.078599999999999959e+01,-4.312301331462050126e-12
1.078800000000000026e+01,-4.157680811760513634e-12
1.079000000000000092e+01,-4.202432270929746318e-12
1.079199999999999982e+01,-4.256554191611886620e-12
1.079400000000000048e+01,-4.322115006142583156e-12
1.079599999999999937e+01,-4.172254782693546745e-12
1.079800000000000004e+01,-4.215975485609758808e-12
1.080000000000000071e+01,-4.280866120438921557e-12
1.080199999999999960e+01,-4.326053926286327622e-12
1.080400000000000027e+01,-3.982769651330136921e-12
1.080600000000000094e+01,-4.226306388527776280e-12
1.080799999999999983e+01,-4.289885592106525501e-12
1.081000000000000050e+01,-4.137641307240857234e-12
1.081199999999999939e+01,-3.989035714064976528e-12
1.081400000000000006e+01,-4.016933993053213842e-12
1.081600000000000072e+01,-4.288087747675383444e-12
1.081799999999999962e+01,-4.367749047794390449e-12
1.082000000000000028e+01,-4.223802255774887455e-12
1.082200000000000095e+01,-4.458349661879177613e-12
1.082399999999999984e+01,-4.126833877516496591e-12
1.082600000000000051e+01,-4.153844162585409204e-12
1.082799999999999940e+01,-4.228912669502678344e-12
1.083000000000000007e+01,-4.485440177410326777e-12
1.083200000000000074e+01,-3.939570284189803436e-12
1.083399999999999963e+01,-4.165542631133423821e-12
1.083600000000000030e+01,-4.231169450060238902e-12
1.083800000000000097e+01,-4.294485809737644699e-12
1.083999999999999986e+01,-4.561247212330227423e-12
1.084200000000000053e+01,-4.221661504963181887e-12
1.084399999999999942e+01,-3.847897527776729375e-12
1.084600000000000009e+01,-4.060547211650649196e-12
1.084800000000000075e+01,-4.146746898279731810e-12
1.084999999999999964e+01,-4.212207470691622952e-12
1.085200000000000031e+01,-4.061092260717437199e-12
1.085400000000000098e+01,-4.314132567919881830e-12
1.085599999999999987e+01,-4.367822778554726539e-12
1.085800000000000054e+01,-4.231785579893236548e-12
1.085999999999999943e+01,-4.090548864684697415e-12
1.086200000000000010e+01,-4.125890016137226153e-12
1.086400000000000077e+01,-4.159807252618659394e-12
1.086599999999999966e+01,-4.458375329644480158e-12
1.086800000000000033e+01,-4.307819829590538183e-12
1.087000000000000099e+01,-3.943170319519937565e-12
1.087199999999999989e+01,-4.177803084621365419e-12
1.087400000000000055e+01,-4.246029316532330033e-12
1.087599999999999945e+01,-4.304090762577448547e-12
1.087800000000000011e+01,-4.355702931853544564e-12
1.088000000000000078e+01,-4.221613338037967625e-12
1.088199999999999967e+01,-3.854872644549809561e-12
1.088400000000000034e+01,-4.093674168295067271e-12
1.088600000000000101e+01,-4.369924779223362421e-12
1.088799999999999990e+01,-4.244291894138046223e-12
1.089000000000000057e+01,-4.281040183370839802e-12
1.089199999999999946e+01,-4.346428057075733832e-12
1.089400000000000013e+01,-4.188856552650128772e-12
1.089600000000000080e+01,-4.223239902525982226e-12
1.089799999999999969e+01,-3.893896596423458696e-12
1.090000000000000036e+01,-4.123457973585347804e-12
1.090200000000000102e+01,-3.990909261715028201e-12
1.090399999999999991e+01,-4.019803758834876249e-12
1.090600000000000058e+01,-4.297465228564511428e-12
1.090799999999999947e+01,-4.390007333675897448e-12
1.091000000000000014e+01,-4.404651461020098208e-12
1.091200000000000081e+01,-4.272145885867966367e-12
1.091399999999999970e+01,-4.332454713291171676e-12
1.091600000000000037e+01,-3.767997967258470508e-12
1.091800000000000104e+01,-4.601789881480274941e-12
1.091999999999999993e+01,-4.106631111128747880e-12
1.092200000000000060e+01,-4.332928427327528013e-12
1.092399999999999949e+01,-4.198516961324737535e-12
1.092600000000000016e+01,-4.237748434403241874e-12
1.092800000000000082e+01,-4.099121399959922136e-12
1.092999999999999972e+01,-4.346953595822745812e-12
1.093200000000000038e+01,-4.212594998723206723e-12
1.093400000000000105e+01,-4.034744178517979575e-12
1.093599999999999994e+01,-4.095197505689183392e-12
1.093800000000000061e+01,-4.158480033680817739e-12
1.093999999999999950e+01,-4.224808579802455978e-12
1.094200000000000017e+01,-4.262788447430015842e-12
1.094400000000000084e+01,-4.112782397532438184e-12
1.094599999999999973e+01,-4.167661500479374684e-12
1.094800000000000040e+01,-4.224676682730676754e-12
1.095000000000000107e+01,-4.284340655585362068e-12
1.095199999999999996e+01,-4.355325767268512215e-12
1.095400000000000063e+01,-4.398077396813559613e-12
1.095599999999999952e+01,-3.849978378819674086e-12
1.095800000000000018e+01,-4.060731468814718850e-12
1.096000000000000085e+01,-4.145840553914468618e-12
1.096199999999999974e+01,-4.201230559195349419e-12
1.096400000000000041e+01,-4.258341297124472755e-12
1.096600000000000108e+01,-4.307933134513695827e-12
1.096799999999999997e+01,-4.375069410477844225e-12
1.097000000000000064e+01,-4.224205319142345896e-12
1.097199999999999953e+01,-4.284640610940746933e-12
1.097400000000000020e+01,-4.141733306409375301e-12
1.097600000000000087e+01,-4.163082991349731464e-12
1.097799999999999976e+01,-4.444190494308068579e-12
1.098000000000000043e+01,-4.294091136211791184e-12
1.098200000000000109e+01,-4.149547386105914639e-12
1.098399999999999999e+01,-4.181788919201616459e-12
1.098600000000000065e+01,-4.243588204290363559e-12
1.098799999999999955e+01,-4.296470286320699680e-12
1.099000000000000021e+01,-4.164614506099763663e-12
1.099200000000000088e+01,-4.197909331302972325e-12
1.099399999999999977e+01,-4.056406190415186730e-12
1.099600000000000044e+01,-4.094038428253191985e-12
1.099800000000000111e+01,-4.163646389308754274e-12
1.100000000000000000e+01,-4.218147124573713714e-12
1.100200000000000067e+01,-4.275665791181942150e-12
1.100399999999999956e+01,-4.116047875948304412e-12
1.100600000000000023e+01,-4.582714624420219307e-12
1.100800000000000090e+01,-4.064120407102965672e-12
1.100999999999999979e+01,-4.272237012603103814e-12
1.101200000000000045e+01,-4.132582179759774747e-12
1.101399999999999935e+01,-4.185327320582184626e-12
1.101600000000000001e+01,-4.048822102396150090e-12
1.101800000000000068e+01,-4.279833038088006354e-12
1.101999999999999957e+01,-3.960621065152187772e-12
1.102200000000000024e+01,-4.180723776234196832e-12
1.102400000000000091e+01,-4.448989745916574303e-12
1.102599999999999980e+01,-4.348354013036053466e-12
1.102800000000000047e+01,-4.168100528922764994e-12
1.102999999999999936e+01,-4.212566801535038264e-12
1.103200000000000003e+01,-4.079958538377949104e-12
1.103400000000000070e+01,-4.116800161046113024e-12
1.103599999999999959e+01,-4.163952358881314227e-12
1.103800000000000026e+01,-4.248473354737250328e-12
1.104000000000000092e+01,-4.283020459806739835e-12
1.104199999999999982e+01,-4.343036666829797887e-12
1.104400000000000048e+01,-4.205423933965056899e-12
1.104599999999999937e+01,-4.030192410497783069e-12
1.104800000000000004e+01,-4.090454836305288833e-12
1.105000000000000071e+01,-3.937271815005379503e-12
1.105199999999999960e+01,-4.189578498540618684e-12
1.105400000000000027e+01,-4.272102256106713004e-12
1.105600000000000094e+01,-4.129731317306444389e-12
1.105799999999999983e+01,-3.960648234025973788e-12
1.106000000000000050e+01,-4.199380043413043504e-12
1.106199999999999939e+01,-4.469384453294224403e-12
1.106400000000000006e+01,-4.155345273683835848e-12
1.106600000000000072e+01,-4.578295236371690573e-12
1.106799999999999962e+01,-4.267875997485882573e-12
1.107000000000000028e+01,-4.083037293135544746e-12
1.107200000000000095e+01,-4.350122543437158213e-12
1.107399999999999984e+01,-4.007433394310950594e-12
1.107600000000000051e+01,-4.421284431109699840e-12
1.107799999999999940e+01,-4.328418268428848196e-12
1.108000000000000007e+01,-4.362419001499270245e-12
1.108200000000000074e+01,-4.219308631547116106e-12
1.108399999999999963e+01,-3.856836126592780837e-12
1.108600000000000030e+01,-4.081087183196894093e-12
1.108800000000000097e+01,-4.159273191933426489e-12
1.108999999999999986e+01,-4.225136250081351037e-12
1.109200000000000053e+01,-4.279221073393508451e-12
1.109399999999999942e+01,-4.129372447740197501e-12
1.109600000000000009e+01,-4.181926051198014280e-12
1.109800000000000075e+01,-4.240241788628733118e-12
1.109999999999999964e+01,-4.081594587915535879e-12
1.110200000000000031e+01,-4.339445220941717945e-12
1.110400000000000098e+01,-4.196686519746055687e-12
1.110599999999999987e+01,-4.247190350885183422e-12
1.110800000000000054e+01,-3.893498453633588582e-12
1.110999999999999943e+01,-4.137143769836694630e-12
1.111200000000000010e+01,-4.209126933366302727e-12
1.111400000000000077e+01,-4.258439344698078232e-12
1.111599999999999966e+01,-4.325148339441164951e-12
1.111800000000000033e+01,-4.369149678095272322e-12
1.112000000000000099e+01,-4.246816246445403494e-12
1.112199999999999989e+01,-4.491862417207880671e-12
1.112400000000000055e+01,-4.137862521948806323e-12
1.112599999999999945e+01,-4.187260584548800932e-12
1.112800000000000011e+01,-4.225281394666058648e-12
1.113000000000000078e+01,-4.293177987906828406e-12
1.113199999999999967e+01,-3.955580421241308903e-12
1.113400000000000034e+01,-4.191408808107869595e-12
1.113600000000000101e+01,-4.451723652038032094e-12
1.113799999999999990e+01,-4.324510168379356457e-12
1.114000000000000057e+01,-4.172968119340836839e-12
1.114199999999999946e+01,-4.195802926771848767e-12
1.114400000000000013e+01,-3.861548622419510573e-12
1.114600000000000080e+01,-4.090526143218720567e-12
1.114799999999999969e+01,-4.166781645405554015e-12
1.115000000000000036e+01,-4.016772192405432366e-12
1.115200000000000102e+01,-4.264378996768423733e-12
1.115399999999999991e+01,-4.344117941880422067e-12
1.115600000000000058e+01,-4.397609716109531966e-12
1.115799999999999947e+01,-4.040528025529510320e-12
1.116000000000000014e+01,-3.872572360613002384e-12
1.116200000000000081e+01,-4.127368533425501745e-12
1.116399999999999970e+01,-3.992034371035876265e-12
1.116600000000000037e+01,-4.238492383428561905e-12
1.116800000000000104e+01,-4.311246182872083661e-12
1.116999999999999993e+01,-4.162982229867860334e-12
1.117200000000000060e+01,-4.217625407825066640e-12
1.117399999999999949e+01,-4.270324295734294994e-12
1.117600000000000016e+01,-4.341167499142909155e-12
1.117800000000000082e+01,-4.383301308742520822e-12
1.117999999999999972e+01,-4.234145961460018874e-12
1.118200000000000038e+01,-4.275348559340537537e-12
1.118400000000000105e+01,-4.142127017053975143e-12
1.118599999999999994e+01,-3.968817927126420094e-12
1.118800000000000061e+01,-4.229383355321181606e-12
1.118999999999999950e+01,-4.095945067217463245e-12
1.119200000000000017e+01,-4.348268588860239551e-12
1.119400000000000084e+01,-4.214531270597449274e-12
1.119599999999999973e+01,-4.248700553778061999e-12
1.119800000000000040e+01,-4.310486372909647213e-12
1.120000000000000107e+01,-4.391049626765682995e-12
1.120199999999999996e+01,-4.228808707247785697e-12
1.120400000000000063e+01,-4.256649750104319975e-12
1.120599999999999952e+01,-4.124905354507345712e-12
1.120800000000000018e+01,-4.158030796911924607e-12
1.121000000000000085e+01,-4.239056701696257870e-12
1.121199999999999974e+01,-4.291085589332311607e-12
1.121400000000000041e+01,-4.123445123135167532e-12
1.121600000000000108e+01,-4.193808264998439754e-12
1.121799999999999997e+01,-4.240008862843580831e-12
1.122000000000000064e+01,-4.100714155260952883e-12
1.122199999999999953e+01,-4.131144975586808459e-12
1.122400000000000020e+01,-4.006611684555738855e-12
1.122600000000000087e+01,-4.239822434279192345e-12
1.122799999999999976e+01,-4.332319681005187537e-12
1.123000000000000043e+01,-4.386207611878763916e-12
1.123200000000000109e+01,-4.211276650424303557e-12
1.123399999999999999e+01,-4.274785536928862940e-12
1.123600000000000065e+01,-4.130604861630231066e-12
1.123799999999999955e+01,-4.170866254825439927e-12
1.124000000000000021e+01,-4.234309207933235508e-12
1.124200000000000088e+01,-4.279797318548557960e-12
1.124399999999999977e+01,-4.148559355585509898e-12
1.124600000000000044e+01,-4.188033183833225980e-12
1.124800000000000111e+01,-4.250251877740286863e-12
1.125000000000000000e+01,-4.297114224548045627e-12
1.125200000000000067e+01,-4.570669380128973368e-12
1.125399999999999956e+01,-4.426355099723512186e-12
1.125600000000000023e+01,-4.067007104646609136e-12
1.125800000000000090e+01,-4.102709999531487399e-12
1.125999999999999979e+01,-4.158826847802622733e-12
1.126200000000000045e+01,-4.209823015114400505e-12
1.126399999999999935e+01,-4.294765858591342112e-12
1.126600000000000001e+01,-4.313046921222998333e-12
1.126800000000000068e+01,-4.196092845189467913e-12
1.126999999999999957e+01,-4.234626729416409206e-12
1.127200000000000024e+01,-4.096326503284470643e-12
1.127400000000000091e+01,-4.333561273840222800e-12
1.127599999999999980e+01,-4.200532949503153401e-12
1.127800000000000047e+01,-4.241267596242739256e-12
1.127999999999999936e+01,-4.312458188879558081e-12
1.128200000000000003e+01,-4.154135778399406459e-12
1.128400000000000070e+01,-4.202663555580919957e-12
1.128599999999999959e+01,-4.254307596041430346e-12
1.128800000000000026e+01,-4.123790318954528609e-12
1.129000000000000092e+01,-4.164699249041169419e-12
1.129199999999999982e+01,-4.209191886216538039e-12
1.129400000000000048e+01,-4.092229518218218334e-12
1.129599999999999937e+01,-3.920124166192912747e-12
1.129800000000000004e+01,-4.158258087904755267e-12
1.130000000000000071e+01,-4.444278701199895937e-12
1.130199999999999960e+01,-4.306504891315695178e-12
1.130400000000000027e+01,-4.347812849761134492e-12
1.130600000000000094e+01,-3.803796348699992692e-12
1.130799999999999983e+01,-4.008664356817592410e-12
1.131000000000000050e+01,-3.688996595070522747e-12
1.131199999999999939e+01,-4.115647273899868142e-12
1.131400000000000006e+01,-4.000206533913364248e-12
1.131600000000000072e+01,-4.053633539987622895e-12
1.131799999999999962e+01,-4.316568753104597195e-12
1.132000000000000028e+01,-4.171327099235843947e-12
1.132200000000000095e+01,-4.224454474511657685e-12
1.132399999999999984e+01,-4.477307594677776415e-12
1.132600000000000051e+01,-4.551129752654249791e-12
1.132799999999999940e+01,-4.414826399104187653e-12
1.133000000000000007e+01,-4.249561284524269299e-12
1.133200000000000074e+01,-4.080175356378233627e-12
1.133399999999999963e+01,-3.947067337261222422e-12
1.133600000000000030e+01,-4.171521085335823899e-12
1.133800000000000097e+01,-4.451678642013320263e-12
1.133999999999999986e+01,-4.323451797963468356e-12
1.134200000000000053e+01,-4.154845555868475333e-12
1.134399999999999942e+01,-4.214861236267848625e-12
1.134600000000000009e+01,-4.267311284291394127e-12
1.134800000000000075e+01,-4.109371155269349463e-12
1.134999999999999964e+01,-3.956993954615672607e-12
1.135200000000000031e+01,-4.219033326769458427e-12
1.135400000000000098e+01,-4.267873493851874751e-12
1.135599999999999987e+01,-3.934286290093292876e-12
1.135800000000000054e+01,-4.157863432993256461e-12
1.135999999999999943e+01,-4.245246780366353678e-12
1.136200000000000010e+01,-4.502745555782321890e-12
1.136400000000000077e+01,-4.573643517449996910e-12
1.136599999999999966e+01,-4.016140910720938886e-12
1.136800000000000033e+01,-4.033320276614371587e-12
1.137000000000000099e+01,-4.088893789357197103e-12
1.137199999999999989e+01,-4.357106762262880225e-12
1.137400000000000055e+01,-4.224606250655545448e-12
1.137599999999999945e+01,-4.468832857017622685e-12
1.137800000000000011e+01,-4.348540244654849062e-12
1.138000000000000078e+01,-4.387822658259926403e-12
1.138199999999999967e+01,-4.023637847310095061e-12
1.138400000000000034e+01,-4.069036985481391402e-12
1.138600000000000101e+01,-4.132508310342269851e-12
1.138799999999999990e+01,-4.180136969008697975e-12
1.139000000000000057e+01,-4.235162252124835937e-12
1.139199999999999946e+01,-4.306422120756867346e-12
1.139400000000000013e+01,-4.149894297769758156e-12
1.139600000000000080e+01,-4.213347528912985360e-12
1.139799999999999969e+01,-4.240926822261039363e-12
1.140000000000000036e+01,-4.531663792801099909e-12
1.140200000000000102e+01,-4.396333632132556866e-12
1.140399999999999991e+01,-4.224233786598336206e-12
1.140600000000000058e+01,-4.072850599356376239e-12
1.140799999999999947e+01,-3.903674969134534281e-12
1.141000000000000014e+01,-4.152099818938293192e-12
1.141200000000000081e+01,-4.227603793700145656e-12
1.141399999999999970e+01,-4.281675497566239773e-12
1.141600000000000037e+01,-4.549293462014542193e-12
1.141800000000000104e+01,-3.805923816293215810e-12
1.141999999999999993e+01,-3.800576918132781481e-12
1.142200000000000060e+01,-4.074118461517157499e-12
1.142399999999999949e+01,-4.143260329666433245e-12
1.142600000000000016e+01,-4.003848567225063794e-12
1.142800000000000082e+01,-4.227224437591003168e-12
1.142999999999999972e+01,-4.321588747495714383e-12
1.143200000000000038e+01,-4.169480672295876408e-12
1.143400000000000105e+01,-4.198934532753831471e-12
1.143599999999999994e+01,-4.280266105475558887e-12
1.143800000000000061e+01,-4.327446602269743776e-12
1.143999999999999950e+01,-4.398696156783194474e-12
1.144200000000000017e+01,-4.232535852756121862e-12
1.144400000000000084e+01,-4.100083410142895515e-12
1.144599999999999973e+01,-4.123127725124394071e-12
1.144800000000000040e+01,-4.197037057342015909e-12
1.145000000000000107e+01,-4.236256985012750538e-12
1.145199999999999996e+01,-4.313162731041263651e-12
1.145400000000000063e+01,-4.371675603706723646e-12
1.145599999999999952e+01,-4.418053561698078060e-12
1.145800000000000018e+01,-4.284469594072777130e-12
1.146000000000000085e+01,-4.098400544121642491e-12
1.146199999999999974e+01,-3.950845741756591295e-12
1.146400000000000041e+01,-4.212453127990968041e-12
1.146600000000000108e+01,-4.280952152497487560e-12
1.146799999999999997e+01,-4.112864489214980954e-12
1.147000000000000064e+01,-4.176702668754436695e-12
1.147199999999999953e+01,-4.023805667532173772e-12
1.147400000000000020e+01,-4.281243545986881631e-12
1.147600000000000087e+01,-4.343010126412145699e-12
1.147799999999999976e+01,-4.216480972078079382e-12
1.148000000000000043e+01,-4.248335028598697729e-12
1.148200000000000109e+01,-4.290231587574049320e-12
1.148399999999999999e+01,-4.168121847344419112e-12
1.148600000000000065e+01,-4.218671345251691477e-12
1.148799999999999955e+01,-4.262304443566217335e-12
1.149000000000000021e+01,-4.124912391713848079e-12
1.149200000000000088e+01,-4.355336380679181592e-12
1.149399999999999977e+01,-4.238876937935970689e-12
1.149600000000000044e+01,-4.067385549452214134e-12
1.149800000000000111e+01,-4.316639721371093136e-12
1.150000000000000000e+01,-4.199472892213240121e-12
1.150200000000000067e+01,-4.240914951096286922e-12
1.150399999999999956e+01,-4.085377185349331718e-12
1.150600000000000023e+01,-4.336817232888571193e-12
1.150800000000000090e+01,-4.208137030055017630e-12
1.150999999999999979e+01,-4.461604977769415167e-12
1.151200000000000045e+01,-3.905386182850028827e-12
1.151400000000000112e+01,-4.131470630955085197e-12
1.151600000000000001e+01,-4.226057253990819194e-12
1.151800000000000068e+01,-4.067265728403086725e-12
1.151999999999999957e+01,-4.104349735769949149e-12
1.152200000000000024e+01,-3.946862849328162973e-12
1.152400000000000091e+01,-4.015729281574611122e-12
1.152599999999999980e+01,-4.261050908326715104e-12
1.152800000000000047e+01,-4.349312844954538953e-12
1.152999999999999936e+01,-4.389224084103953135e-12
1.153200000000000003e+01,-4.246944016904980282e-12
1.153400000000000070e+01,-4.083575673045217703e-12
1.153599999999999959e+01,-3.950393627906810582e-12
1.153800000000000026e+01,-4.163824770743025901e-12
1.154000000000000092e+01,-4.267401616109291828e-12
1.154199999999999982e+01,-4.309234321598943392e-12
1.154400000000000048e+01,-4.157936895874289454e-12
1.154599999999999937e+01,-4.210688742079191680e-12
1.154800000000000004e+01,-4.263258323795716706e-12
1.155000000000000071e+01,-4.338723204985010570e-12
1.155199999999999960e+01,-4.593980225567685722e-12
1.155400000000000027e+01,-4.256658105745021258e-12
1.155600000000000094e+01,-4.076984619828880911e-12
1.155799999999999983e+01,-4.128411139073310072e-12
1.156000000000000050e+01,-3.982837263112261132e-12
1.156199999999999939e+01,-4.220531769142208416e-12
1.156400000000000006e+01,-4.297376902828755180e-12
1.156600000000000072e+01,-4.561304490122497501e-12
1.156799999999999962e+01,-4.433760460730589732e-12
1.157000000000000028e+01,-4.055355211864341852e-12
1.157200000000000095e+01,-4.110813370739902977e-12
1.157399999999999984e+01,-4.355545876872631083e-12
1.157600000000000051e+01,-4.223170645298252931e-12
1.157799999999999940e+01,-4.477764294358108563e-12
1.158000000000000007e+01,-4.131903600234806861e-12
1.158200000000000074e+01,-4.172411343420335162e-12
1.158399999999999963e+01,-4.223883672504351333e-12
1.158600000000000030e+01,-4.098911248685933795e-12
1.158800000000000097e+01,-4.131017365643728184e-12
1.158999999999999986e+01,-4.175123433329306935e-12
1.159200000000000053e+01,-4.235247534060865685e-12
1.159399999999999942e+01,-4.101632686797434570e-12
1.159600000000000009e+01,-4.146553723371919598e-12
1.159800000000000075e+01,-4.199397669199130523e-12
1.159999999999999964e+01,-4.245832057138418705e-12
1.160200000000000031e+01,-4.536711142352446464e-12
1.160400000000000098e+01,-4.385655695461231763e-12
1.160599999999999987e+01,-4.018676906983986710e-12
1.160800000000000054e+01,-4.261183277210047768e-12
1.160999999999999943e+01,-4.330739713061157650e-12
1.161200000000000010e+01,-4.194318358526780208e-12
1.161400000000000077e+01,-4.217746615396904786e-12
1.161599999999999966e+01,-4.499961470304559524e-12
1.161800000000000033e+01,-4.361791116447054228e-12
1.162000000000000099e+01,-3.983358453412502534e-12
1.162199999999999989e+01,-4.029701591585966671e-12
1.162400000000000055e+01,-4.288456219210140747e-12
1.162599999999999945e+01,-4.164567260669612004e-12
1.162800000000000011e+01,-4.206532453362775200e-12
1.163000000000000078e+01,-3.865893622294086099e-12
1.163199999999999967e+01,-4.078025966772995561e-12
1.163400000000000034e+01,-4.159517506710670136e-12
1.163600000000000101e+01,-4.211475606481746515e-12
1.163799999999999990e+01,-4.273054086873971486e-12
1.164000000000000057e+01,-4.341715382084826542e-12
1.164199999999999946e+01,-3.984627781161786002e-12
1.164400000000000013e+01,-4.019032509384099820e-12
1.164600000000000080e+01,-4.068926229215525611e-12
1.164799999999999969e+01,-4.141719745753127612e-12
1.165000000000000036e+01,-4.195566858688217109e-12
1.165200000000000102e+01,-4.439286387979633180e-12
1.165399999999999991e+01,-4.335193874312177555e-12
1.165600000000000058e+01,-4.375967982918830250e-12
1.165799999999999947e+01,-4.419707723572253401e-12
1.166000000000000014e+01,-3.869203402283226150e-12
1.166200000000000081e+01,-4.083016278467091969e-12
1.166399999999999970e+01,-4.165793182842130205e-12
1.166600000000000037e+01,-4.221605148159752802e-12
1.166800000000000104e+01,-4.062773826857852756e-12
1.166999999999999993e+01,-3.915563447618277113e-12
1.167200000000000060e+01,-4.359364418525355883e-12
1.167399999999999949e+01,-4.256501099717272773e-12
1.167600000000000016e+01,-4.286655371913670781e-12
1.167800000000000082e+01,-4.363693668501113002e-12
1.167999999999999972e+01,-4.188025770371044647e-12
1.168200000000000038e+01,-4.057936323774116992e-12
1.168400000000000105e+01,-4.079456931532803795e-12
1.168599999999999994e+01,-4.144785936793629994e-12
1.168800000000000061e+01,-4.207168279875516782e-12
1.168999999999999950e+01,-4.265647408691588793e-12
1.169200000000000017e+01,-4.326891282638331061e-12
1.169400000000000084e+01,-4.167722424303560496e-12
1.169599999999999973e+01,-4.220320612107659395e-12
1.169800000000000040e+01,-4.283681233514052187e-12
1.170000000000000107e+01,-4.337336502925073188e-12
1.170199999999999996e+01,-4.192357077490884827e-12
1.170400000000000063e+01,-4.241016157019991695e-12
1.170599999999999952e+01,-4.296683061398029801e-12
1.170800000000000018e+01,-4.142310091871734352e-12
1.171000000000000085e+01,-4.395684975620272521e-12
1.171199999999999974e+01,-4.269843015281189258e-12
1.171400000000000041e+01,-4.106291783882499758e-12
1.171600000000000108e+01,-4.350241627088036086e-12
1.171799999999999997e+01,-4.016625665687791251e-12
1.172000000000000064e+01,-4.053562932308341063e-12
1.172199999999999953e+01,-4.119402514450469097e-12
1.172400000000000020e+01,-4.157469118141857208e-12
1.172600000000000087e+01,-4.235303729129035673e-12
1.172799999999999976e+01,-4.275003580996397761e-12
1.173000000000000043e+01,-4.144110006755387566e-12
1.173200000000000109e+01,-4.165548834174534304e-12
1.173399999999999999e+01,-4.248176881809873437e-12
1.173600000000000065e+01,-4.293338388657753811e-12
1.173799999999999955e+01,-4.135497119536307925e-12
1.174000000000000021e+01,-4.203163733147980020e-12
1.174200000000000088e+01,-4.250642170091224078e-12
1.174399999999999977e+01,-3.901886062468952652e-12
1.174600000000000044e+01,-4.138296964988093963e-12
1.174800000000000111e+01,-4.212301565477676760e-12
1.175000000000000000e+01,-4.068413381182870094e-12
1.175200000000000067e+01,-4.117599756355820760e-12
1.175399999999999956e+01,-4.167971468186535613e-12
1.175600000000000023e+01,-4.026733924938553963e-12
1.175800000000000090e+01,-4.063553777199099791e-12
1.175999999999999979e+01,-4.745748637241241172e-12
1.176200000000000045e+01,-4.431203947867990236e-12
1.176400000000000112e+01,-4.271490414634007077e-12
1.176600000000000001e+01,-4.081291137039958858e-12
1.176800000000000068e+01,-3.942934829906616482e-12
1.176999999999999957e+01,-4.183172428993220488e-12
1.177200000000000024e+01,-4.468655449097282069e-12
1.177400000000000091e+01,-4.542036858272973488e-12
1.177599999999999980e+01,-4.172484880678909940e-12
1.177800000000000047e+01,-4.219341170086154922e-12
1.177999999999999936e+01,-4.079275372043575426e-12
1.178200000000000003e+01,-4.122323242186725378e-12
1.178400000000000070e+01,-4.163252689728271890e-12
1.178599999999999959e+01,-4.227442108936805629e-12
1.178800000000000026e+01,-4.291650111976386048e-12
1.179000000000000092e+01,-4.346531087406720321e-12
1.179199999999999982e+01,-4.207729782211399108e-12
1.179400000000000048e+01,-4.246621834243041147e-12
1.179599999999999937e+01,-4.110201000678542322e-12
1.179800000000000004e+01,-4.134437730615363047e-12
1.180000000000000071e+01,-4.407822930692441462e-12
1.180199999999999960e+01,-4.291655747882603305e-12
1.180400000000000027e+01,-4.324637449021934233e-12
1.180600000000000094e+01,-4.157264159819958623e-12
1.180799999999999983e+01,-4.029357273055677387e-12
1.181000000000000050e+01,-4.046234664673255179e-12
1.181199999999999939e+01,-4.338001028525872790e-12
1.181400000000000006e+01,-4.381586932278932871e-12
1.181600000000000072e+01,-4.046782577907809374e-12
1.181799999999999962e+01,-4.075765240402852012e-12
1.182000000000000028e+01,-4.135837214794778634e-12
1.182200000000000095e+01,-3.988075540929744422e-12
1.182399999999999984e+01,-4.221622988237336648e-12
1.182600000000000051e+01,-4.303746291696636609e-12
1.182799999999999940e+01,-4.368292374830487667e-12
1.183000000000000007e+01,-4.224074784628901058e-12
1.183200000000000074e+01,-4.045383291866967722e-12
1.183399999999999963e+01,-4.112633449875993174e-12
1.183600000000000030e+01,-4.162258285155910194e-12
1.183800000000000097e+01,-4.222672316993448996e-12
1.183999999999999986e+01,-4.479043334457856066e-12
1.184200000000000053e+01,-4.153281234384880785e-12
1.184399999999999942e+01,-4.177429202422590926e-12
1.184600000000000009e+01,-4.037508981885043931e-12
1.184800000000000075e+01,-4.276366426871179319e-12
1.184999999999999964e+01,-4.360810130788579176e-12
1.185200000000000031e+01,-4.203504649648951768e-12
1.185400000000000098e+01,-4.258261846623729781e-12
1.185599999999999987e+01,-4.099738423114857764e-12
1.185800000000000054e+01,-4.144438736297795708e-12
1.185999999999999943e+01,-4.209978319447990833e-12
1.186200000000000010e+01,-4.270557127157348720e-12
1.186400000000000077e+01,-4.529730107835900101e-12
1.186599999999999966e+01,-4.616518958313707592e-12
1.186800000000000033e+01,-4.048476342496857159e-12
1.187000000000000099e+01,-4.063706202310905631e-12
1.187199999999999989e+01,-4.120602252617027921e-12
1.187400000000000055e+01,-4.172419057016718645e-12
1.187599999999999945e+01,-4.228641531088792191e-12
1.187800000000000011e+01,-4.296482384615240380e-12
1.188000000000000078e+01,-4.155364712914044358e-12
1.188199999999999967e+01,-4.192456008332000280e-12
1.188400000000000034e+01,-4.238463476563602066e-12
1.188600000000000101e+01,-4.115955188596020988e-12
1.188799999999999990e+01,-4.137401610192654243e-12
1.189000000000000057e+01,-4.221866393521149862e-12
1.189199999999999946e+01,-4.074454229464832854e-12
1.189400000000000013e+01,-4.103838273290987323e-12
1.189600000000000080e+01,-4.157837096972660649e-12
1.189799999999999969e+01,-4.231264495366973566e-12
1.190000000000000036e+01,-4.298459538058154233e-12
1.190200000000000102e+01,-4.129190577105871004e-12
1.190399999999999991e+01,-4.382122135259959695e-12
1.190600000000000058e+01,-3.848609431184096133e-12
1.190799999999999947e+01,-4.068473012305497499e-12
1.191000000000000014e+01,-3.917272550833699695e-12
1.191200000000000081e+01,-4.204988659089318930e-12
1.191399999999999970e+01,-4.042556717189700698e-12
1.191600000000000037e+01,-4.088575750763767912e-12
1.191800000000000104e+01,-4.149904714031635786e-12
1.191999999999999993e+01,-4.221576270622321638e-12
1.192200000000000060e+01,-4.267044411586490170e-12
1.192399999999999949e+01,-4.330325894110990464e-12
1.192600000000000016e+01,-4.186366430733297089e-12
1.192800000000000082e+01,-4.434733107643645450e-12
1.192999999999999972e+01,-4.300204924488913260e-12
1.193200000000000038e+01,-4.137763419730312914e-12
1.193400000000000105e+01,-4.399242568972919331e-12
1.193599999999999994e+01,-4.256004112675636931e-12
1.193800000000000061e+01,-4.510971889668832823e-12
1.193999999999999950e+01,-4.374919860263722488e-12
1.194200000000000017e+01,-4.018203297195015468e-12
1.194400000000000084e+01,-4.035254499057983827e-12
1.194599999999999973e+01,-4.098038154384991780e-12
1.194800000000000040e+01,-4.155868978288441132e-12
1.195000000000000107e+01,-4.217790598285098976e-12
1.195199999999999996e+01,-4.278940625857713087e-12
1.195400000000000063e+01,-4.528205602643704006e-12
1.195599999999999952e+01,-4.204907140779985261e-12
1.195800000000000018e+01,-4.238709138242976743e-12
1.196000000000000085e+01,-4.497354233241594678e-12
1.196199999999999974e+01,-4.155248693683331124e-12
1.196400000000000041e+01,-4.192014444468415619e-12
1.196600000000000108e+01,-4.244645952637844014e-12
1.196799999999999997e+01,-4.100694466863350791e-12
1.197000000000000064e+01,-3.930490136926769718e-12
1.197199999999999953e+01,-4.398533120242790216e-12
1.197400000000000020e+01,-4.287770691939471086e-12
1.197600000000000087e+01,-4.519682995232001398e-12
1.197799999999999976e+01,-4.182947932502322246e-12
1.198000000000000043e+01,-4.223348593913403279e-12
1.198200000000000109e+01,-4.068485520049880610e-12
1.198399999999999999e+01,-4.115010012239286907e-12
1.198600000000000065e+01,-4.181480316191935527e-12
1.198799999999999955e+01,-4.222076228692187672e-12
1.199000000000000021e+01,-4.285712530216258059e-12
1.199200000000000088e+01,-4.146177096152734454e-12
1.199399999999999977e+01,-3.991106303501248162e-12
1.199600000000000044e+01,-4.238463670651464463e-12
1.199800000000000111e+01,-3.887171556680607462e-12
1.200000000000000000e+01,-4.120271949478282977e-12
1.200200000000000067e+01,-4.218539298641352932e-12
1.200399999999999956e+01,-4.476182020467237626e-12
1.200600000000000023e+01,-4.120173018474777591e-12
1.200800000000000090e+01,-4.168704090501424585e-12
1.200999999999999979e+01,-4.220070515724010051e-12
1.201200000000000045e+01,-4.485939485447133483e-12
1.201400000000000112e+01,-4.367048106608726152e-12
1.201600000000000001e+01,-4.390037864043078897e-12
1.201800000000000068e+01,-4.051622854055861712e-12
1.201999999999999957e+01,-4.092024673517208109e-12
1.202200000000000024e+01,-3.920061944966171859e-12
1.202400000000000091e+01,-4.188900351469728548e-12
1.202599999999999980e+01,-4.246921339929065353e-12
1.202800000000000047e+01,-4.314102910622299636e-12
1.203000000000000114e+01,-4.165759164146356126e-12
1.203200000000000003e+01,-4.202437972014049298e-12
1.203400000000000070e+01,-4.276251087260514149e-12
1.203599999999999959e+01,-4.111443268874410475e-12
1.203800000000000026e+01,-4.160298528018434068e-12
1.204000000000000092e+01,-4.229777829017172487e-12
1.204199999999999982e+01,-4.092660407638762420e-12
1.204400000000000048e+01,-4.124937424040494439e-12
1.204599999999999937e+01,-4.182945680294598511e-12
1.204800000000000004e+01,-4.436720473168738419e-12
1.205000000000000071e+01,-4.114952531917133278e-12
1.205199999999999960e+01,-4.341710617489113647e-12
1.205400000000000027e+01,-4.218260418394679358e-12
1.205600000000000094e+01,-4.046534182364216239e-12
1.205799999999999983e+01,-4.092432339295163983e-12
1.206000000000000050e+01,-4.160864842371716234e-12
1.206199999999999939e+01,-4.222429238607975893e-12
1.206400000000000006e+01,-4.053175637154069481e-12
1.206600000000000072e+01,-4.124942867914348694e-12
1.206799999999999962e+01,-4.173076815036410008e-12
1.207000000000000028e+01,-4.025299515924278072e-12
1.207200000000000095e+01,-4.254345734302393498e-12
1.207399999999999984e+01,-4.337921700053769497e-12
1.207600000000000051e+01,-4.197955747752497756e-12
1.207799999999999940e+01,-4.244767177352375123e-12
1.208000000000000007e+01,-4.108404612220999795e-12
1.208200000000000074e+01,-4.137394791989485152e-12
1.208399999999999963e+01,-4.187902155622969823e-12
1.208600000000000030e+01,-4.274597649951424786e-12
1.208800000000000097e+01,-4.310214613381425470e-12
1.208999999999999986e+01,-4.374653318852831961e-12
1.209200000000000053e+01,-4.247888865949371969e-12
1.209399999999999942e+01,-4.061059618164989080e-12
1.209600000000000009e+01,-4.109107903854580518e-12
1.209800000000000075e+01,-4.170637609791600975e-12
1.209999999999999964e+01,-4.228219641563150472e-12
1.210200000000000031e+01,-4.299607082357531655e-12
1.210400000000000098e+01,-4.349359053286469974e-12
1.210599999999999987e+01,-4.196701720486774812e-12
1.210800000000000054e+01,-4.052143629508650327e-12
1.210999999999999943e+01,-4.274465314225328092e-12
1.211200000000000010e+01,-4.568105872674365200e-12
1.211400000000000077e+01,-4.437745898986348930e-12
1.211599999999999966e+01,-4.079209497867009431e-12
1.211800000000000033e+01,-3.880764326829617480e-12
1.212000000000000099e+01,-4.169608297370184694e-12
1.212199999999999989e+01,-4.415566760668452977e-12
1.212400000000000055e+01,-4.290508739131247565e-12
1.212599999999999945e+01,-4.354959579283651749e-12
1.212800000000000011e+01,-4.176572916970998361e-12
1.213000000000000078e+01,-4.035855790776312685e-12
1.213199999999999967e+01,-4.076573695708475488e-12
1.213400000000000034e+01,-4.130251783123821889e-12
1.213600000000000101e+01,-4.193026378995642922e-12
1.213799999999999990e+01,-4.243913061129609302e-12
1.214000000000000057e+01,-4.518893500314842737e-12
1.214199999999999946e+01,-4.391992025795158168e-12
1.214400000000000013e+01,-4.209447818789571943e-12
1.214600000000000080e+01,-4.271136538720076797e-12
1.214799999999999969e+01,-4.126242096813820638e-12
1.215000000000000036e+01,-3.959424865136975543e-12
1.215200000000000102e+01,-4.005022327187205250e-12
1.215399999999999991e+01,-4.053923962027307904e-12
1.215600000000000058e+01,-4.313532646344563275e-12
1.215799999999999947e+01,-4.003620025844395373e-12
1.216000000000000014e+01,-4.218188375429114174e-12
1.216200000000000081e+01,-4.294042614817180122e-12
1.216399999999999970e+01,-4.364977383993404833e-12
1.216600000000000037e+01,-4.414512253319555391e-12
1.216800000000000104e+01,-4.069446737548484908e-12
1.216999999999999993e+01,-4.086930164538445586e-12
1.217200000000000060e+01,-3.939217557884199762e-12
1.217399999999999949e+01,-4.002192582160424153e-12
1.217600000000000016e+01,-4.250257298856134181e-12
1.217800000000000082e+01,-4.330338419745149572e-12
1.217999999999999972e+01,-4.370586281493540808e-12
1.218200000000000038e+01,-4.240454076239748353e-12
1.218400000000000105e+01,-4.072127773322753847e-12
1.218599999999999994e+01,-4.330745048097985292e-12
1.218800000000000061e+01,-4.197183610149401257e-12
1.218999999999999950e+01,-4.230134076474419755e-12
1.219200000000000017e+01,-4.096390967803345942e-12
1.219400000000000084e+01,-4.137850809937507804e-12
1.219599999999999973e+01,-4.209626222477402002e-12
1.219800000000000040e+01,-4.247690785719623078e-12
1.220000000000000107e+01,-4.317905342277851623e-12
1.220199999999999996e+01,-4.163564938686685206e-12
1.220400000000000063e+01,-4.212569677311676893e-12
1.220599999999999952e+01,-4.071364313795769338e-12
1.220800000000000018e+01,-4.123348320551078583e-12
1.221000000000000085e+01,-4.167994673203275021e-12
1.221199999999999974e+01,-4.229579328410019614e-12
1.221400000000000041e+01,-4.271124814390756794e-12
1.221600000000000108e+01,-4.357009561732529449e-12
1.221799999999999997e+01,-4.400875253009489267e-12
1.222000000000000064e+01,-4.262217445519895826e-12
1.222199999999999953e+01,-4.296079651427036207e-12
1.222400000000000020e+01,-4.155145376679790442e-12
1.222600000000000087e+01,-4.214719432811475782e-12
1.222799999999999976e+01,-4.251919172205781719e-12
1.223000000000000043e+01,-3.917171625227691246e-12
1.223200000000000109e+01,-4.135649355011496038e-12
1.223399999999999999e+01,-4.214026775771524165e-12
1.223600000000000065e+01,-4.274634940356090628e-12
1.223799999999999955e+01,-4.117383678343285182e-12
1.224000000000000021e+01,-4.378336520699294645e-12
1.224200000000000088e+01,-4.259911223561839544e-12
1.224399999999999977e+01,-4.078194048837540557e-12
1.224600000000000044e+01,-3.926576704512935994e-12
1.224800000000000111e+01,-4.164267879429198338e-12
1.225000000000000000e+01,-4.043267936117421342e-12
1.225200000000000067e+01,-4.479864318015804229e-12
1.225399999999999956e+01,-4.172289151473022980e-12
1.225600000000000023e+01,-3.988577458511480190e-12
1.225800000000000090e+01,-4.248967525818357087e-12
1.225999999999999979e+01,-4.527329601111170970e-12
1.226200000000000045e+01,-4.198433642047665326e-12
1.226400000000000112e+01,-4.428403904941052542e-12
1.226600000000000001e+01,-4.299279238931100207e-12
1.226800000000000068e+01,-3.923590221958769478e-12
1.226999999999999957e+01,-4.166885675638903073e-12
1.227200000000000024e+01,-4.243546301074007503e-12
1.227400000000000091e+01,-4.283055515253182177e-12
1.227599999999999980e+01,-4.353685105376730729e-12
1.227800000000000047e+01,-4.404236412124513086e-12
1.228000000000000114e+01,-4.054238745306365547e-12
1.228200000000000003e+01,-4.087592774462752190e-12
1.228400000000000070e+01,-3.950972424975220794e-12
1.228599999999999959e+01,-4.180535362057218079e-12
1.228800000000000026e+01,-4.261965026996524223e-12
1.229000000000000092e+01,-4.327110042773452250e-12
1.229199999999999982e+01,-4.183524046415995886e-12
1.229400000000000048e+01,-4.213535619058688550e-12
1.229599999999999937e+01,-4.284049775940208278e-12
1.229800000000000004e+01,-4.342900673642605086e-12
1.230000000000000071e+01,-4.197922568273840041e-12
1.230199999999999960e+01,-4.443195981709328580e-12
1.230400000000000027e+01,-4.107935796392455284e-12
1.230600000000000094e+01,-4.134001213834749065e-12
1.230799999999999983e+01,-4.193126411661206017e-12
1.231000000000000050e+01,-4.269399499319349180e-12
1.231199999999999939e+01,-4.315771743962726674e-12
1.231400000000000006e+01,-4.361656897198735128e-12
1.231600000000000072e+01,-4.015610038683838146e-12
1.231799999999999962e+01,-3.837907770050806011e-12
1.232000000000000028e+01,-4.101666746250088141e-12
1.232200000000000095e+01,-4.156988320077992510e-12
1.232399999999999984e+01,-4.224965307164233533e-12
1.232600000000000051e+01,-4.091593788851093813e-12
1.232799999999999940e+01,-4.330564211997411932e-12
1.233000000000000007e+01,-4.188467038365266999e-12
1.233200000000000074e+01,-4.239918524728794951e-12
1.233399999999999963e+01,-4.298312825861298686e-12
1.233600000000000030e+01,-4.145786789059503250e-12
1.233800000000000097e+01,-4.394259139167351965e-12
1.233999999999999986e+01,-4.271987154900374081e-12
1.234200000000000053e+01,-4.098410282074690652e-12
1.234399999999999942e+01,-4.158604931057696553e-12
1.234600000000000009e+01,-4.218606418275599486e-12
1.234800000000000075e+01,-4.273562453899472406e-12
1.234999999999999964e+01,-4.728206793397511271e-12
1.235200000000000031e+01,-4.223734170406535806e-12
1.235400000000000098e+01,-4.014263714606601651e-12
1.235599999999999987e+01,-4.265699768747048683e-12
1.235800000000000054e+01,-3.944836589067577165e-12
1.235999999999999943e+01,-3.970190357666626036e-12
1.236200000000000010e+01,-4.432567200019855529e-12
1.236400000000000077e+01,-4.117486562556149420e-12
1.236599999999999966e+01,-4.150177810284181394e-12
1.236800000000000033e+01,-4.195158193105700656e-12
1.237000000000000099e+01,-4.258231600710222036e-12
1.237199999999999989e+01,-4.316081743123782594e-12
1.237400000000000055e+01,-4.167146007629206124e-12
1.237599999999999945e+01,-4.224522931835286963e-12
1.237800000000000011e+01,-4.270785520299782512e-12
1.238000000000000078e+01,-4.135067554232522311e-12
1.238199999999999967e+01,-4.162741497066665833e-12
1.238400000000000034e+01,-4.237488028482829855e-12
1.238600000000000101e+01,-4.494738371287538853e-12
1.238799999999999990e+01,-4.365372648715594014e-12
1.239000000000000057e+01,-4.193533263157318660e-12
1.239199999999999946e+01,-4.043618818052766730e-12
1.239400000000000013e+01,-3.886167913673496049e-12
1.239600000000000080e+01,-4.128283448012065902e-12
1.239799999999999969e+01,-4.203991746083832482e-12
1.240000000000000036e+01,-4.056459578988623738e-12
1.240200000000000102e+01,-4.300269149673718573e-12
1.240399999999999991e+01,-4.183052882549794658e-12
1.240600000000000058e+01,-4.213293215281901246e-12
1.240799999999999947e+01,-4.061471049559248706e-12
1.241000000000000014e+01,-4.523405536395977483e-12
1.241200000000000081e+01,-4.014355831094458226e-12
1.241399999999999970e+01,-4.234117972550009144e-12
1.241600000000000037e+01,-4.494600070129432009e-12
1.241800000000000104e+01,-4.173370262427263205e-12
1.241999999999999993e+01,-4.399393185840550201e-12
1.242200000000000060e+01,-4.259127405885570561e-12
1.242399999999999949e+01,-4.096726107809337264e-12
1.242600000000000016e+01,-4.343958560333884565e-12
1.242800000000000082e+01,-4.235864694818047459e-12
1.242999999999999972e+01,-4.053907255124058422e-12
1.243200000000000038e+01,-4.104718810138821447e-12
1.243400000000000105e+01,-4.171002225304432728e-12
1.243599999999999994e+01,-4.022018925578728400e-12
1.243800000000000061e+01,-4.267399728633885225e-12
1.243999999999999950e+01,-4.343867830895347432e-12
1.244200000000000017e+01,-3.997739122795295670e-12
1.244400000000000084e+01,-4.212098516793954483e-12
1.244599999999999973e+01,-4.299150980117326273e-12
1.244800000000000040e+01,-4.150397714662373368e-12
1.245000000000000107e+01,-3.994245876996380124e-12
1.245199999999999996e+01,-4.433316668952872337e-12
1.245400000000000063e+01,-4.126217324934310462e-12
1.245599999999999952e+01,-3.948226853427966340e-12
1.245800000000000018e+01,-4.189729490617739723e-12
1.246000000000000085e+01,-4.279271660740987050e-12
1.246199999999999974e+01,-4.317820355606086217e-12
1.246400000000000041e+01,-4.380406248792458243e-12
1.246600000000000108e+01,-4.035849680088676822e-12
1.246799999999999997e+01,-4.270286861244321028e-12
1.247000000000000064e+01,-4.150164308143943124e-12
1.247199999999999953e+01,-4.180462078921619388e-12
1.247400000000000020e+01,-4.252078069334496896e-12
1.247600000000000087e+01,-4.295713187525605341e-12
1.247799999999999976e+01,-4.353370221695734335e-12
1.248000000000000043e+01,-4.214590891890133697e-12
1.248200000000000109e+01,-4.243702124051216766e-12
1.248399999999999999e+01,-4.124906570108049497e-12
1.248600000000000065e+01,-4.145519411306465168e-12
1.248799999999999955e+01,-4.218664432119053049e-12
1.249000000000000021e+01,-4.277698443849747913e-12
1.249200000000000088e+01,-4.126247059556965731e-12
1.249399999999999977e+01,-4.160902514035456039e-12
1.249600000000000044e+01,-4.226976139717353780e-12
1.249800000000000111e+01,-4.283417401027560725e-12
1.250000000000000000e+01,-4.345981884752489612e-12
1.250200000000000067e+01,-4.413198753082206534e-12
1.250399999999999956e+01,-4.058081390158789926e-12
1.250600000000000023e+01,-4.084546362074099646e-12
1.250800000000000090e+01,-4.347816617809744256e-12
1.250999999999999979e+01,-4.428595905394019720e-12
1.251200000000000045e+01,-4.274950234807738961e-12
1.251400000000000112e+01,-4.113926357644993794e-12
1.251600000000000001e+01,-3.954900893156459491e-12
1.251800000000000068e+01,-4.199565636692691062e-12
1.251999999999999957e+01,-4.074704026492909036e-12
1.252200000000000024e+01,-4.111351101083933430e-12
1.252400000000000091e+01,-3.965213946998324814e-12
1.252599999999999980e+01,-4.214144828452379664e-12
1.252800000000000047e+01,-4.287271139182418337e-12
1.253000000000000114e+01,-4.357405234411262544e-12
1.253200000000000003e+01,-4.206423105100638738e-12
1.253400000000000070e+01,-4.459867296386157072e-12
1.253599999999999959e+01,-4.318651376098804801e-12
1.253800000000000026e+01,-4.370301001017311226e-12
1.254000000000000092e+01,-4.017072225530486153e-12
1.254199999999999982e+01,-4.055672482769530223e-12
1.254400000000000048e+01,-4.093744841659626595e-12
1.254599999999999937e+01,-4.175209862809450225e-12
1.254800000000000004e+01,-4.210392654233811390e-12
1.255000000000000071e+01,-4.073218268336086875e-12
1.255199999999999960e+01,-4.322929050413564755e-12
1.255400000000000027e+01,-4.197127986164565327e-12
1.255600000000000094e+01,-4.228877873731537550e-12
1.255799999999999983e+01,-4.297912959891094869e-12
1.256000000000000050e+01,-4.157638308665856179e-12
1.256199999999999939e+01,-4.188380531831947486e-12
1.256400000000000006e+01,-3.838160467478699678e-12
1.256600000000000072e+01,-4.071953291945668986e-12
1.256799999999999962e+01,-3.950024653913264274e-12
1.257000000000000028e+01,-3.989226412594827196e-12
1.257200000000000095e+01,-4.257385777837931354e-12
1.257399999999999984e+01,-4.328001594561902457e-12
1.257600000000000051e+01,-4.387416224493640400e-12
1.257799999999999940e+01,-4.436163998486235486e-12
1.258000000000000007e+01,-4.096677501007280247e-12
1.258200000000000074e+01,-4.115103211785989995e-12
1.258399999999999963e+01,-4.179808046834631245e-12
1.258600000000000030e+01,-4.239467124655248918e-12
1.258800000000000097e+01,-4.093239794925944795e-12
1.258999999999999986e+01,-4.343799622474354163e-12
1.259200000000000053e+01,-4.206571477180216218e-12
1.259399999999999942e+01,-4.053815524280653799e-12
1.259600000000000009e+01,-4.302992406186503387e-12
1.259800000000000075e+01,-4.368637200235485812e-12
1.259999999999999964e+01,-4.023300955255665874e-12
1.260200000000000031e+01,-4.051705577402732467e-12
1.260400000000000098e+01,-4.313365169732513726e-12
1.260599999999999987e+01,-4.395522032580908157e-12
1.260800000000000054e+01,-4.050698743734566678e-12
1.260999999999999943e+01,-4.266769210580196954e-12
1.261200000000000010e+01,-4.541694350370715344e-12
1.261400000000000077e+01,-4.220014412816551712e-12
1.261599999999999966e+01,-4.047842210022216332e-12
1.261800000000000033e+01,-3.867249714605800236e-12
1.262000000000000099e+01,-4.327634977602282190e-12
1.262199999999999989e+01,-4.233153414910740693e-12
1.262400000000000055e+01,-4.254293177766053048e-12
1.262599999999999945e+01,-4.307743141835302637e-12
1.262800000000000011e+01,-4.384924667348236559e-12
1.263000000000000078e+01,-4.233960521241484930e-12
1.263199999999999967e+01,-4.277440087794542989e-12
1.263400000000000034e+01,-4.322466203858432926e-12
1.263600000000000101e+01,-4.196903178637976518e-12
1.263799999999999990e+01,-4.426423526323820630e-12
1.264000000000000057e+01,-4.312389211671676274e-12
1.264199999999999946e+01,-4.142723169417537131e-12
1.264400000000000013e+01,-4.189089478061468931e-12
1.264600000000000080e+01,-4.241956586147208591e-12
1.264799999999999969e+01,-4.303640074629221208e-12
1.265000000000000036e+01,-4.165442340352152484e-12
1.265200000000000102e+01,-4.199397442965279842e-12
1.265399999999999991e+01,-4.267603045470877826e-12
1.265600000000000058e+01,-3.897579310635919051e-12
1.265799999999999947e+01,-4.352173821291925625e-12
1.266000000000000014e+01,-4.031796917778071549e-12
1.266200000000000081e+01,-4.059174952996873329e-12
1.266399999999999970e+01,-4.321912485727169720e-12
1.266600000000000037e+01,-4.186543245453035337e-12
1.266800000000000104e+01,-4.446915856102549835e-12
1.266999999999999993e+01,-4.309290498543850308e-12
1.267200000000000060e+01,-4.144910887407411977e-12
1.267399999999999949e+01,-4.194072704482530578e-12
1.267600000000000016e+01,-4.264284357219564297e-12
1.267800000000000082e+01,-4.291203002875827742e-12
1.267999999999999972e+01,-4.177042782777085201e-12
1.268200000000000038e+01,-4.194604852117420296e-12
1.268400000000000105e+01,-4.268247833609811258e-12
1.268599999999999994e+01,-4.330300892920272159e-12
1.268800000000000061e+01,-4.165078569212076945e-12
1.268999999999999950e+01,-4.211212507320560150e-12
1.269200000000000017e+01,-4.083546378032519079e-12
1.269400000000000084e+01,-4.328240790463095647e-12
1.269599999999999973e+01,-4.191179733688691990e-12
1.269800000000000040e+01,-4.247143513310645102e-12
1.270000000000000107e+01,-4.085243560435352451e-12
1.270199999999999996e+01,-4.137376468320310436e-12
1.270400000000000063e+01,-4.409279242667056734e-12
1.270599999999999952e+01,-4.054269189976545014e-12
1.270800000000000018e+01,-4.111023185142560910e-12
1.271000000000000085e+01,-3.938435161916194627e-12
1.271199999999999974e+01,-3.991587777558055526e-12
1.271400000000000041e+01,-4.040127939293336951e-12
1.271600000000000108e+01,-4.108526864324760300e-12
1.271799999999999997e+01,-4.173492363039587091e-12
1.272000000000000064e+01,-4.232574331950230082e-12
1.272199999999999953e+01,-4.272409243161327037e-12
1.272400000000000020e+01,-4.136907991625883635e-12
1.272600000000000087e+01,-4.393343957913735670e-12
1.272799999999999976e+01,-4.255226314579667089e-12
1.273000000000000043e+01,-4.100114139266782613e-12
1.273200000000000109e+01,-4.141771400369819640e-12
1.273399999999999999e+01,-4.198791035702985175e-12
1.273600000000000065e+01,-4.254031537825540281e-12
1.273799999999999955e+01,-4.316155754485563807e-12
1.274000000000000021e+01,-4.372396258241024834e-12
1.274200000000000088e+01,-4.228601747156746152e-12
1.274399999999999977e+01,-4.265144529929644582e-12
1.274600000000000044e+01,-4.131255783946899296e-12
1.274800000000000111e+01,-4.175472164316141491e-12
1.275000000000000000e+01,-4.417287976836392754e-12
1.275200000000000067e+01,-4.328137230146012756e-12
1.275399999999999956e+01,-4.137964876155515838e-12
1.275600000000000023e+01,-4.591363250648531204e-12
1.275800000000000090e+01,-4.272050152264469372e-12
1.275999999999999979e+01,-4.505903622226075350e-12
1.276200000000000045e+01,-4.181250544151391302e-12
1.276400000000000112e+01,-4.203712313985915455e-12
1.276600000000000001e+01,-4.056587575167993999e-12
1.276800000000000068e+01,-4.098255181412008445e-12
1.276999999999999957e+01,-4.365678597074038448e-12
1.277200000000000024e+01,-4.234143751732703180e-12
1.277400000000000091e+01,-4.468700466543878409e-12
1.277599999999999980e+01,-4.349366936398361753e-12
1.277800000000000047e+01,-3.996208254530201030e-12
1.278000000000000114e+01,-4.020180718605529101e-12
1.278200000000000003e+01,-4.062422608781487775e-12
1.278400000000000070e+01,-4.128507298486247969e-12
1.278599999999999959e+01,-4.188136709189596213e-12
1.278800000000000026e+01,-4.259742934565545941e-12
1.279000000000000092e+01,-4.103554249416406153e-12
1.279199999999999982e+01,-4.353910963978673520e-12
1.279400000000000048e+01,-4.226584341098768839e-12
1.279600000000000115e+01,-4.458289170684620865e-12
1.279800000000000004e+01,-4.339260697995830466e-12
1.280000000000000071e+01,-4.178917445671701382e-12
1.280199999999999960e+01,-4.216411770395263264e-12
1.280400000000000027e+01,-4.065825607897647594e-12
1.280600000000000094e+01,-4.146164765667593339e-12
1.280799999999999983e+01,-4.177802886184013686e-12
1.281000000000000050e+01,-4.438236274649203678e-12
1.281199999999999939e+01,-4.105518369384913351e-12
1.281400000000000006e+01,-4.544373277640340143e-12
1.281600000000000072e+01,-3.811576693932663240e-12
1.281799999999999962e+01,-3.820181053442757805e-12
1.282000000000000028e+01,-4.080165375906621180e-12
1.282200000000000095e+01,-4.152600694776752166e-12
1.282399999999999984e+01,-4.206284019424411323e-12
1.282600000000000051e+01,-4.280419768976220689e-12
1.282799999999999940e+01,-4.115408797550724915e-12
1.283000000000000007e+01,-4.169730697684754429e-12
1.283200000000000074e+01,-4.233485030716700066e-12
1.283399999999999963e+01,-4.275397123316202873e-12
1.283600000000000030e+01,-4.341667573569842113e-12
1.283800000000000097e+01,-4.196379442583323764e-12
1.283999999999999986e+01,-4.031275084200175553e-12
1.284200000000000053e+01,-4.090109726589127118e-12
1.284399999999999942e+01,-4.136711375689760827e-12
1.284600000000000009e+01,-4.202398856841730489e-12
1.284800000000000075e+01,-4.241364022314186066e-12
1.284999999999999964e+01,-4.322326458329115637e-12
1.285200000000000031e+01,-4.388740746884610588e-12
1.285400000000000098e+01,-4.031251063872114135e-12
1.285599999999999987e+01,-4.037862982563783570e-12
1.285800000000000054e+01,-3.907759521541771955e-12
1.285999999999999943e+01,-3.954676102810544483e-12
1.286200000000000010e+01,-4.210153078328038760e-12
1.286400000000000077e+01,-4.079927008636283642e-12
1.286599999999999966e+01,-3.916594806051700940e-12
1.286800000000000033e+01,-4.170568756253770335e-12
1.287000000000000099e+01,-4.241564884789849702e-12
1.287199999999999989e+01,-4.309620927328106394e-12
1.287400000000000055e+01,-4.349335767679474307e-12
1.287599999999999945e+01,-4.418065796124549752e-12
1.287800000000000011e+01,-4.088067682241405491e-12
1.288000000000000078e+01,-4.091071854436251730e-12
1.288199999999999967e+01,-4.167644976965708539e-12
1.288400000000000034e+01,-4.407226633407799044e-12
1.288600000000000101e+01,-4.297772859696361594e-12
1.288799999999999990e+01,-4.330518157336310646e-12
1.289000000000000057e+01,-4.385541323055866530e-12
1.289199999999999946e+01,-4.252967609361944981e-12
1.289400000000000013e+01,-4.285435814998522032e-12
1.289600000000000080e+01,-4.138221601452979729e-12
1.289799999999999969e+01,-4.195820306347119166e-12
1.290000000000000036e+01,-4.033384073294630504e-12
1.290200000000000102e+01,-4.077797359436942865e-12
1.290399999999999991e+01,-4.156323752441833885e-12
1.290600000000000058e+01,-4.206344133342885079e-12
1.290799999999999947e+01,-4.263980764310011947e-12
1.291000000000000014e+01,-4.336166849563610013e-12
1.291200000000000081e+01,-4.575798861023571969e-12
1.291399999999999970e+01,-4.260643365624833324e-12
1.291600000000000037e+01,-3.861592938203231139e-12
1.291800000000000104e+01,-3.902071625464396767e-12
1.291999999999999993e+01,-4.364892657839997962e-12
1.292200000000000060e+01,-4.264930165129951869e-12
1.292399999999999949e+01,-4.299001184525906477e-12
1.292600000000000016e+01,-4.361762337872236852e-12
1.292800000000000082e+01,-4.201099750080395452e-12
1.292999999999999972e+01,-4.247069261922494621e-12
1.293200000000000038e+01,-4.102844076392537805e-12
1.293400000000000105e+01,-4.144334875771456952e-12
1.293599999999999994e+01,-4.207451253062156110e-12
1.293800000000000061e+01,-4.262315434747532428e-12
1.293999999999999950e+01,-3.923421629365799079e-12
1.294200000000000017e+01,-4.145681489563248771e-12
1.294400000000000084e+01,-4.011997556504649119e-12
1.294599999999999973e+01,-4.263855031202255895e-12
1.294800000000000040e+01,-4.329538817583820004e-12
1.295000000000000107e+01,-4.604656824074356294e-12
1.295199999999999996e+01,-4.468386765570915149e-12
1.295400000000000063e+01,-4.116903335986643045e-12
1.295599999999999952e+01,-3.925454183343728820e-12
1.295800000000000018e+01,-4.388266354136823699e-12
1.296000000000000085e+01,-4.270018462488252193e-12
1.296199999999999974e+01,-4.318861101661336791e-12
1.296400000000000041e+01,-4.364932346243580386e-12
1.296600000000000108e+01,-4.227433235135192958e-12
1.296799999999999997e+01,-4.056503348153444740e-12
1.297000000000000064e+01,-4.524528714786581640e-12
1.297199999999999953e+01,-4.412787935589337026e-12
1.297400000000000020e+01,-4.238036791180293099e-12
1.297600000000000087e+01,-4.475014926857568107e-12
1.297799999999999976e+01,-4.161315111362940374e-12
1.298000000000000043e+01,-4.192957319405418866e-12
1.298200000000000109e+01,-4.030820732466299421e-12
1.298399999999999999e+01,-3.879506320643303322e-12
1.298600000000000065e+01,-4.131880557729383524e-12
1.298799999999999955e+01,-4.191184467626443436e-12
1.299000000000000021e+01,-3.834265688432240945e-12
1.299200000000000088e+01,-4.084764890891199838e-12
1.299399999999999977e+01,-4.156209571907299599e-12
1.299600000000000044e+01,-4.222074982942207010e-12
1.299800000000000111e+01,-4.267651234766918721e-12
1.300000000000000000e+01,-4.336864005949513164e-12
1.300200000000000067e+01,-4.391546162479010301e-12
1.300399999999999956e+01,-4.246760959730012570e-12
1.300600000000000023e+01,-4.088824565924021399e-12
1.300800000000000090e+01,-4.343842359791619983e-12
1.300999999999999979e+01,-4.196210839831951018e-12
1.301200000000000045e+01,-4.256198395927121258e-12
1.301400000000000112e+01,-4.297542723233955499e-12
1.301600000000000001e+01,-4.381864047860713417e-12
1.301800000000000068e+01,-4.219905777473215025e-12
1.301999999999999957e+01,-4.253071632241142213e-12
1.302200000000000024e+01,-4.117935590412840189e-12
1.302400000000000091e+01,-4.163408126508508095e-12
1.302599999999999980e+01,-4.221122384665201005e-12
1.302800000000000047e+01,-3.859661073239917933e-12
1.303000000000000114e+01,-4.116829307669580207e-12
1.303200000000000003e+01,-4.179417180979317025e-12
1.303400000000000070e+01,-4.238926647336852919e-12
1.303599999999999959e+01,-4.295372750243091817e-12
1.303800000000000026e+01,-4.356233343646327390e-12
1.304000000000000092e+01,-4.211451570730256341e-12
1.304199999999999982e+01,-4.038681636024359112e-12
1.304400000000000048e+01,-4.100163712704677413e-12
1.304600000000000115e+01,-4.550117330463412910e-12
1.304800000000000004e+01,-4.244087358895411075e-12
1.305000000000000071e+01,-4.264299473092315939e-12
1.305199999999999960e+01,-4.125459079517551135e-12
1.305400000000000027e+01,-4.367395542460509640e-12
1.305600000000000094e+01,-4.251128087752120034e-12
1.305799999999999983e+01,-4.493031689985413244e-12
1.306000000000000050e+01,-4.156153592206285966e-12
1.306199999999999939e+01,-4.385881889236973634e-12
1.306400000000000006e+01,-4.260919929000496202e-12
1.306600000000000072e+01,-4.073586319823941664e-12
1.306799999999999962e+01,-4.147578317097245095e-12
1.307000000000000028e+01,-3.996211574906327949e-12
1.307200000000000095e+01,-4.241726229280741442e-12
1.307399999999999984e+01,-4.114879252136819874e-12
1.307600000000000051e+01,-4.351498864121291304e-12
1.307799999999999940e+01,-4.021810918535532151e-12
1.308000000000000007e+01,-4.071064695885386447e-12
1.308200000000000074e+01,-3.897159894782258059e-12
1.308399999999999963e+01,-4.149754298329181820e-12
1.308600000000000030e+01,-4.435259734153056469e-12
1.308800000000000097e+01,-4.295707783644179984e-12
1.308999999999999986e+01,-4.147043315897050195e-12
1.309200000000000053e+01,-4.190442973855271864e-12
1.309399999999999942e+01,-4.245107180604263617e-12
1.309600000000000009e+01,-4.506015629793808633e-12
1.309800000000000075e+01,-4.162775651338965166e-12
1.309999999999999964e+01,-4.203244185905210889e-12
1.310200000000000031e+01,-4.258430677871393965e-12
1.310400000000000098e+01,-4.113294092701654673e-12
1.310599999999999987e+01,-4.155597576719305402e-12
1.310800000000000054e+01,-4.221464007979777800e-12
1.310999999999999943e+01,-4.063676954711495323e-12
1.311200000000000010e+01,-4.125075365617665314e-12
1.311400000000000077e+01,-4.368684719646270003e-12
1.311599999999999966e+01,-3.855616103892480382e-12
1.311800000000000033e+01,-3.846312927598267269e-12
1.312000000000000099e+01,-3.911485497241721571e-12
1.312199999999999989e+01,-4.175441244535674502e-12
1.312400000000000055e+01,-4.248589735637052364e-12
1.312599999999999945e+01,-4.312973478882609631e-12
1.312800000000000011e+01,-4.164251400406514996e-12
1.313000000000000078e+01,-4.194744634156005050e-12
1.313199999999999967e+01,-4.253867431672413290e-12
1.313400000000000034e+01,-4.544183421980907983e-12
1.313600000000000101e+01,-4.386414984888006911e-12
1.313799999999999990e+01,-4.237910620884282508e-12
1.314000000000000057e+01,-4.075193600310333876e-12
1.314199999999999946e+01,-4.319083454438083472e-12
1.314400000000000013e+01,-4.196936236965935297e-12
1.314600000000000080e+01,-4.249970037516833545e-12
1.314799999999999969e+01,-4.288288129576246103e-12
1.315000000000000036e+01,-4.354411995630958591e-12
1.315200000000000102e+01,-4.218529046661924812e-12
1.315399999999999991e+01,-4.036064755042350424e-12
1.315600000000000058e+01,-4.304562017309067671e-12
1.315799999999999947e+01,-4.159566208784892409e-12
1.316000000000000014e+01,-4.406926568037838612e-12
1.316200000000000081e+01,-4.289152447109090148e-12
1.316399999999999970e+01,-4.324425046275403967e-12
1.316600000000000037e+01,-4.179139797410724944e-12
1.316800000000000104e+01,-4.230897577944832339e-12
1.316999999999999993e+01,-3.883525351587890977e-12
1.317200000000000060e+01,-4.094812479731938203e-12
1.317399999999999949e+01,-4.193189885293846060e-12
1.317600000000000016e+01,-4.253699242509843517e-12
1.317800000000000082e+01,-4.090154433944454238e-12
1.317999999999999972e+01,-4.123620639465888548e-12
1.318200000000000038e+01,-4.203432828686212470e-12
1.318400000000000105e+01,-4.262740478597192340e-12
1.318599999999999994e+01,-4.319260264999485422e-12
1.318800000000000061e+01,-4.564686152419025693e-12
1.318999999999999950e+01,-4.046191020836913002e-12
1.319200000000000017e+01,-4.050710793181741527e-12
1.319400000000000084e+01,-4.108564596199029399e-12
1.319599999999999973e+01,-4.164232128343831918e-12
1.319800000000000040e+01,-4.224171192467342810e-12
1.320000000000000107e+01,-4.294511977506989732e-12
1.320199999999999996e+01,-4.131510886970538714e-12
1.320400000000000063e+01,-4.185861610555345050e-12
1.320599999999999952e+01,-4.452842099929908396e-12
1.320800000000000018e+01,-4.320149449697234134e-12
1.321000000000000085e+01,-4.153612355588967233e-12
1.321199999999999974e+01,-4.201461815324246631e-12
1.321400000000000041e+01,-3.850329456594059578e-12
1.321600000000000108e+01,-4.086367148397190197e-12
1.321799999999999997e+01,-4.154784619425965124e-12
1.322000000000000064e+01,-4.210917040092085864e-12
1.322199999999999953e+01,-4.480536913798930082e-12
1.322400000000000020e+01,-4.345953756002922628e-12
1.322600000000000087e+01,-4.396951474059486155e-12
1.322799999999999976e+01,-4.044901855018086863e-12
1.323000000000000043e+01,-4.269983685886701401e-12
1.323200000000000109e+01,-4.142745403906899709e-12
1.323399999999999999e+01,-4.186198925860344840e-12
1.323600000000000065e+01,-4.258353445927979168e-12
1.323799999999999955e+01,-4.092011992264941592e-12
1.324000000000000021e+01,-3.956595655776243654e-12
1.324200000000000088e+01,-4.196837123064947145e-12
1.324399999999999977e+01,-4.271362758500473965e-12
1.324600000000000044e+01,-4.114182026816427740e-12
1.324800000000000111e+01,-4.152073165450770446e-12
1.325000000000000000e+01,-4.226972317283381346e-12
1.325200000000000067e+01,-4.080548506115265851e-12
1.325399999999999956e+01,-4.519465583206802369e-12
1.325600000000000023e+01,-4.007610855460656857e-12
1.325800000000000090e+01,-4.218790743014799878e-12
1.325999999999999979e+01,-4.084051935284663764e-12
1.326200000000000045e+01,-4.348646564439777400e-12
1.326400000000000112e+01,-4.208111500942245542e-12
1.326600000000000001e+01,-4.256036540654604453e-12
1.326800000000000068e+01,-4.100449947829198912e-12
1.326999999999999957e+01,-4.341058096227674115e-12
1.327200000000000024e+01,-4.237935178133198658e-12
1.327400000000000091e+01,-4.265545293484466990e-12
1.327599999999999980e+01,-4.338535044125261285e-12
1.327800000000000047e+01,-4.178508822925453503e-12
1.328000000000000114e+01,-4.217194158234588753e-12
1.328200000000000003e+01,-4.289273287858091494e-12
1.328400000000000070e+01,-3.924158808097843970e-12
1.328599999999999959e+01,-4.166521770039177860e-12
1.328800000000000026e+01,-4.242646734564612712e-12
1.329000000000000092e+01,-4.297199928927992209e-12
1.329199999999999982e+01,-4.146095478312315200e-12
1.329400000000000048e+01,-4.200816282795660424e-12
1.329600000000000115e+01,-4.270598090875075528e-12
1.329800000000000004e+01,-4.308024787096761560e-12
1.330000000000000071e+01,-4.582471562467631767e-12
1.330199999999999960e+01,-4.041606203300007579e-12
1.330400000000000027e+01,-4.039712229917005547e-12
1.330600000000000094e+01,-4.119481575892960689e-12
1.330799999999999983e+01,-4.178376011296324107e-12
1.331000000000000050e+01,-4.433086996883403506e-12
1.331200000000000117e+01,-4.298357047122493696e-12
1.331400000000000006e+01,-4.148890553161894680e-12
1.331600000000000072e+01,-3.977391246740954626e-12
1.331799999999999962e+01,-4.234101371670922251e-12
1.332000000000000028e+01,-4.305226031037643344e-12
1.332200000000000095e+01,-4.160375301205517397e-12
1.332399999999999984e+01,-4.198400511423548284e-12
1.332600000000000051e+01,-4.262504432413535752e-12
1.332799999999999940e+01,-4.111880675707361431e-12
1.333000000000000007e+01,-4.157021245748243493e-12
1.333200000000000074e+01,-4.207474125431149317e-12
1.333399999999999963e+01,-4.285538628340603990e-12
1.333600000000000030e+01,-4.137683174428393973e-12
1.333800000000000097e+01,-4.386904943713569362e-12
1.333999999999999986e+01,-4.038117244528193171e-12
1.334200000000000053e+01,-4.068937130501010965e-12
1.334399999999999942e+01,-4.129859967353904632e-12
1.334600000000000009e+01,-4.398247313301086284e-12
1.334800000000000075e+01,-4.069237592503939407e-12
1.334999999999999964e+01,-4.290843339846693454e-12
1.335200000000000031e+01,-4.152671805572943730e-12
1.335400000000000098e+01,-4.200409154410781669e-12
1.335599999999999987e+01,-4.056553002162812176e-12
1.335800000000000054e+01,-4.509192557892775603e-12
1.335999999999999943e+01,-4.203854709907215294e-12
1.336200000000000010e+01,-4.214114948769713165e-12
1.336400000000000077e+01,-4.085557015475954418e-12
1.336599999999999966e+01,-4.128484677580452592e-12
1.336800000000000033e+01,-4.173768217430286120e-12
1.337000000000000099e+01,-4.232273440572407758e-12
1.337199999999999989e+01,-4.298901315372563340e-12
1.337400000000000055e+01,-4.359018411493717045e-12
1.337599999999999945e+01,-4.421282954749671082e-12
1.337800000000000011e+01,-4.074784556495119440e-12
1.338000000000000078e+01,-4.084911547564467959e-12
1.338199999999999967e+01,-4.143923829344835399e-12
1.338400000000000034e+01,-4.204787974332472861e-12
1.338600000000000101e+01,-4.067704625328121676e-12
1.338799999999999990e+01,-4.317330665415945067e-12
1.339000000000000057e+01,-4.183788089777746016e-12
1.339199999999999946e+01,-4.225351281171216799e-12
1.339400000000000013e+01,-4.279608502878853205e-12
1.339600000000000080e+01,-4.144061034036432618e-12
1.339799999999999969e+01,-4.191019591311470359e-12
1.340000000000000036e+01,-4.019533124944013166e-12
1.340200000000000102e+01,-4.291228964079741586e-12
1.340399999999999991e+01,-3.953637598792453158e-12
1.340600000000000058e+01,-4.184388103495202624e-12
1.340799999999999947e+01,-4.263551580477718500e-12
1.341000000000000014e+01,-4.516706822632194519e-12
1.341200000000000081e+01,-4.591905144175395597e-12
1.341399999999999970e+01,-3.830874110246131310e-12
1.341600000000000037e+01,-4.046941126828038421e-12
1.341800000000000104e+01,-4.310631161062798369e-12
1.341999999999999993e+01,-4.202869589695237187e-12
1.342200000000000060e+01,-4.225667412898351107e-12
1.342399999999999949e+01,-4.089188584674176806e-12
1.342600000000000016e+01,-4.338216134970459330e-12
1.342800000000000082e+01,-4.206396944175453948e-12
1.342999999999999972e+01,-4.053491572193790608e-12
1.343200000000000038e+01,-4.276676028289187615e-12
1.343400000000000105e+01,-4.154009019678196033e-12
1.343599999999999994e+01,-4.214550622027154083e-12
1.343800000000000061e+01,-4.251072979585423704e-12
1.343999999999999950e+01,-4.119387072305649195e-12
1.344200000000000017e+01,-4.372577285964005961e-12
1.344400000000000084e+01,-4.239743830809747919e-12
1.344599999999999973e+01,-4.278275717348661909e-12
1.344800000000000040e+01,-4.536433144524902520e-12
1.345000000000000107e+01,-4.210092409217667828e-12
1.345199999999999996e+01,-4.031477435033152572e-12
1.345400000000000063e+01,-4.070971021524236499e-12
1.345599999999999952e+01,-4.131757908343414355e-12
1.345800000000000018e+01,-4.197384946705005258e-12
1.346000000000000085e+01,-4.250393782400033071e-12
1.346199999999999974e+01,-4.294212894062562382e-12
1.346400000000000041e+01,-4.177734037207155162e-12
1.346600000000000108e+01,-4.005664491930155889e-12
1.346799999999999997e+01,-4.052000177522778287e-12
1.347000000000000064e+01,-4.312312588620875884e-12
1.347199999999999953e+01,-4.179717702898993166e-12
1.347400000000000020e+01,-4.004618796639099405e-12
1.347600000000000087e+01,-4.272838072478925045e-12
1.347799999999999976e+01,-4.136197693918744610e-12
1.348000000000000043e+01,-4.176014823553740588e-12
1.348200000000000109e+01,-4.239418151466627442e-12
1.348399999999999999e+01,-4.301277720364894977e-12
1.348600000000000065e+01,-4.360757005770201094e-12
1.348799999999999955e+01,-4.415083780082707364e-12
1.349000000000000021e+01,-4.052200610177805127e-12
1.349200000000000088e+01,-4.099554752840963679e-12
1.349399999999999977e+01,-4.164326157151276579e-12
1.349600000000000044e+01,-4.418611597076809960e-12
1.349800000000000111e+01,-4.078286453897282412e-12
1.350000000000000000e+01,-4.317395716441323879e-12
1.350200000000000067e+01,-4.181622261319022164e-12
1.350399999999999956e+01,-4.227988989692453384e-12
1.350600000000000023e+01,-4.294298537583583160e-12
1.350800000000000090e+01,-4.137849530425399193e-12
1.350999999999999979e+01,-3.983026098738605317e-12
1.351200000000000045e+01,-4.429648192511020141e-12
1.351400000000000112e+01,-4.117542098072500185e-12
1.351600000000000001e+01,-4.136014930199929435e-12
1.351800000000000068e+01,-4.198911410493672147e-12
1.351999999999999957e+01,-4.266493079642519772e-12
1.352200000000000024e+01,-4.515140416319755198e-12
1.352400000000000091e+01,-4.401782873432188902e-12
1.352599999999999980e+01,-4.028978702703016741e-12
1.352800000000000047e+01,-4.048604746930081372e-12
1.353000000000000114e+01,-4.120909082112765264e-12
1.353200000000000003e+01,-4.179959814928339933e-12
1.353400000000000070e+01,-4.221125521088618767e-12
1.353599999999999959e+01,-4.294071940439280492e-12
1.353800000000000026e+01,-4.558224708645661294e-12
1.354000000000000092e+01,-4.233818232824412095e-12
1.354199999999999982e+01,-4.235311641018058710e-12
1.354400000000000048e+01,-4.094668815553388275e-12
1.354600000000000115e+01,-4.155608664974486100e-12
1.354800000000000004e+01,-4.413290361587760216e-12
1.355000000000000071e+01,-4.068172193527158306e-12
1.355199999999999960e+01,-4.102902406932521538e-12
1.355400000000000027e+01,-4.367175523370544483e-12
1.355600000000000094e+01,-4.240377155100813410e-12
1.355799999999999983e+01,-4.672348812298270620e-12
1.356000000000000050e+01,-4.170681644857908765e-12
1.356200000000000117e+01,-4.388218881972989395e-12
1.356400000000000006e+01,-4.049817806110247219e-12
1.356600000000000072e+01,-4.069968274175059084e-12
1.356799999999999962e+01,-4.138565768697381120e-12
1.357000000000000028e+01,-4.185511008116002715e-12
1.357200000000000095e+01,-4.261819211480042340e-12
1.357399999999999984e+01,-4.308536387000338149e-12
1.357600000000000051e+01,-4.159937028448119390e-12
1.357799999999999940e+01,-4.207941484011375855e-12
1.358000000000000007e+01,-3.862798092060813956e-12
1.358200000000000074e+01,-4.098524063446409036e-12
1.358399999999999963e+01,-3.957095866800100238e-12
1.358600000000000030e+01,-4.213788524192449092e-12
1.358800000000000097e+01,-4.476262891985223903e-12
1.358999999999999986e+01,-4.165720115321711998e-12
1.359200000000000053e+01,-4.183029620673377264e-12
1.359399999999999942e+01,-4.240445335052895518e-12
1.359600000000000009e+01,-4.098921729149070353e-12
1.359800000000000075e+01,-4.339647608412957368e-12
1.359999999999999964e+01,-4.424275130081868325e-12
1.360200000000000031e+01,-4.070722183925262138e-12
1.360400000000000098e+01,-3.888009983376638036e-12
1.360599999999999987e+01,-4.138004920444709857e-12
1.360800000000000054e+01,-4.218412771398558992e-12
1.360999999999999943e+01,-4.269075013428389644e-12
1.361200000000000010e+01,-4.333564255136512506e-12
1.361400000000000077e+01,-3.984607409516174993e-12
1.361599999999999966e+01,-4.211195572514192547e-12
1.361800000000000033e+01,-4.286836821613828850e-12
1.362000000000000099e+01,-4.149759392580717331e-12
1.362199999999999989e+01,-4.192755751332220390e-12
1.362400000000000055e+01,-4.254386682131518778e-12
1.362599999999999945e+01,-4.088616004989679181e-12
1.362800000000000011e+01,-4.150444565042051273e-12
1.363000000000000078e+01,-4.200769346326022087e-12
1.363199999999999967e+01,-4.252754782875679063e-12
1.363400000000000034e+01,-4.336589534382225347e-12
1.363600000000000101e+01,-4.369466449036662481e-12
1.363799999999999990e+01,-4.236082777249496922e-12
1.364000000000000057e+01,-4.075033272675759932e-12
1.364199999999999946e+01,-4.110751351601355427e-12
1.364400000000000013e+01,-4.182443182313520126e-12
1.364600000000000080e+01,-4.227743894097580186e-12
1.364799999999999969e+01,-4.300691237207616121e-12
1.365000000000000036e+01,-3.947141786029889120e-12
1.365200000000000102e+01,-4.381412159200445244e-12
1.365399999999999991e+01,-4.275494403766195845e-12
1.365600000000000058e+01,-4.513705175601802775e-12
1.365799999999999947e+01,-3.977715168090321014e-12
1.366000000000000014e+01,-4.195265926586108147e-12
1.366200000000000081e+01,-4.066410527430339981e-12
1.366399999999999970e+01,-4.104086450270110926e-12
1.366600000000000037e+01,-3.967666843845618718e-12
1.366800000000000104e+01,-4.221078788429713578e-12
1.366999999999999993e+01,-4.478909134240801206e-12
1.367200000000000060e+01,-4.359617619161141879e-12
1.367399999999999949e+01,-4.394264303030050590e-12
1.367600000000000016e+01,-4.058032272188329822e-12
1.367800000000000082e+01,-4.076280264429707179e-12
1.367999999999999972e+01,-4.143362830264952741e-12
1.368200000000000038e+01,-4.396877777336247714e-12
1.368400000000000105e+01,-4.276711673042862011e-12
1.368599999999999994e+01,-4.299738160678101746e-12
1.368800000000000061e+01,-4.385112721155444691e-12
1.368999999999999950e+01,-4.228376062025550074e-12
1.369200000000000017e+01,-4.057202650237446107e-12
1.369400000000000084e+01,-4.112073420964169458e-12
1.369599999999999973e+01,-4.171411718965784559e-12
1.369800000000000040e+01,-4.233183951755679340e-12
1.370000000000000107e+01,-4.287507897024959880e-12
1.370199999999999996e+01,-3.930590213416347126e-12
1.370400000000000063e+01,-3.964462699563269837e-12
1.370599999999999952e+01,-4.427180373577286038e-12
1.370800000000000018e+01,-4.124988628896369844e-12
1.371000000000000085e+01,-4.337099120028817858e-12
1.371199999999999974e+01,-4.423381722204933957e-12
1.371400000000000041e+01,-4.081703458580035753e-12
1.371600000000000108e+01,-4.081532309356989937e-12
1.371799999999999997e+01,-3.964163492582047371e-12
1.372000000000000064e+01,-4.001379924418296561e-12
1.372199999999999953e+01,-4.253508476688144814e-12
1.372400000000000020e+01,-4.141668101901183130e-12
1.372600000000000087e+01,-4.357483223157135674e-12
1.372799999999999976e+01,-4.251172391993998066e-12
1.373000000000000043e+01,-4.076344126686758528e-12
1.373200000000000109e+01,-4.344603187412720842e-12
1.373399999999999999e+01,-4.194000080059334040e-12
1.373600000000000065e+01,-4.039057985195053152e-12
1.373799999999999955e+01,-4.292291544329133424e-12
1.374000000000000021e+01,-4.167906538304707573e-12
1.374200000000000088e+01,-4.209904245787019390e-12
1.374399999999999977e+01,-4.260210747780895457e-12
1.374600000000000044e+01,-4.130716980251533695e-12
1.374800000000000111e+01,-4.365565254791929214e-12
1.375000000000000000e+01,-4.241430906214697756e-12
1.375200000000000067e+01,-3.863800789800063546e-12
1.375399999999999956e+01,-4.310910824157683686e-12
1.375600000000000023e+01,-4.196661979926389190e-12
1.375800000000000090e+01,-4.442444333174721732e-12
1.375999999999999979e+01,-4.316252850179736028e-12
1.376200000000000045e+01,-4.362913551510516683e-12
1.376400000000000112e+01,-4.199827393876140801e-12
1.376600000000000001e+01,-4.254694695389433202e-12
1.376800000000000068e+01,-4.117322234089847908e-12
1.376999999999999957e+01,-4.150714303261919951e-12
1.377200000000000024e+01,-4.212211839178815693e-12
1.377400000000000091e+01,-4.066295177057716577e-12
1.377599999999999980e+01,-4.304712042835012540e-12
1.377800000000000047e+01,-4.186170434427811193e-12
1.378000000000000114e+01,-4.433653479505348442e-12
1.378200000000000003e+01,-4.295760008127139046e-12
1.378400000000000070e+01,-4.347925366481930926e-12
1.378599999999999959e+01,-4.195608466229886682e-12
1.378800000000000026e+01,-4.032515620394175314e-12
1.379000000000000092e+01,-4.081422308803261496e-12
1.379199999999999982e+01,-4.131486871670442950e-12
1.379400000000000048e+01,-4.206093763140389714e-12
1.379600000000000115e+01,-4.237888040575067260e-12
1.379800000000000004e+01,-4.324334864531831438e-12
1.380000000000000071e+01,-4.180561833554524942e-12
1.380199999999999960e+01,-4.196057229580790734e-12
1.380400000000000027e+01,-4.280558172042569448e-12
1.380600000000000094e+01,-4.116813080655152597e-12
1.380799999999999983e+01,-4.171974618810299047e-12
1.381000000000000050e+01,-4.231485543393335945e-12
1.381200000000000117e+01,-4.497228393602191039e-12
1.381400000000000006e+01,-4.153294260157126029e-12
1.381600000000000072e+01,-4.386219800546075873e-12
1.381799999999999962e+01,-4.467651480710824147e-12
1.382000000000000028e+01,-4.304843830640877659e-12
1.382200000000000095e+01,-4.153725825187855146e-12
1.382399999999999984e+01,-4.211511467401426136e-12
1.382600000000000051e+01,-3.847861928509552073e-12
1.382799999999999940e+01,-4.075592359710730975e-12
1.383000000000000007e+01,-3.962153404132823732e-12
1.383200000000000074e+01,-4.196802000564811275e-12
1.383399999999999963e+01,-4.073776668065846035e-12
1.383600000000000030e+01,-4.314121979190478129e-12
1.383800000000000097e+01,-4.184515301546808498e-12
1.383999999999999986e+01,-4.235798023483786678e-12
1.384200000000000053e+01,-4.293266066835639807e-12
1.384399999999999942e+01,-4.139056020428743928e-12
1.384600000000000009e+01,-4.189640993779058229e-12
1.384800000000000075e+01,-4.462485462282057808e-12
1.384999999999999964e+01,-4.526677265699341030e-12
1.385200000000000031e+01,-4.196579515600750340e-12
1.385400000000000098e+01,-4.408893299846950679e-12
1.385599999999999987e+01,-4.282005537325452063e-12
1.385800000000000054e+01,-4.118042872677367852e-12
1.385999999999999943e+01,-4.375693594593147624e-12
1.386200000000000010e+01,-4.035706375355275188e-12
1.386400000000000077e+01,-4.053586122112913159e-12
1.386599999999999966e+01,-4.137295298596802660e-12
1.386800000000000033e+01,-4.177650222157976450e-12
1.387000000000000099e+01,-4.235911932710930992e-12
1.387199999999999989e+01,-4.302650153654298693e-12
1.387400000000000055e+01,-4.351476633441669788e-12
1.387599999999999945e+01,-4.011885589331776180e-12
1.387800000000000011e+01,-4.035611596764110360e-12
1.388000000000000078e+01,-4.109810940479950842e-12
1.388199999999999967e+01,-4.151040458465451518e-12
1.388400000000000034e+01,-3.997527580936995996e-12
1.388600000000000101e+01,-4.247771056465830918e-12
1.388799999999999990e+01,-4.132850432195210715e-12
1.389000000000000057e+01,-4.362621683322573933e-12
1.389199999999999946e+01,-4.249840501296286410e-12
1.389400000000000013e+01,-4.068805723787237569e-12
1.389600000000000080e+01,-4.551808252766604077e-12
1.389799999999999969e+01,-4.207195263172225791e-12
1.390000000000000036e+01,-4.251208032545452779e-12
1.390200000000000102e+01,-4.098617419898614681e-12
1.390399999999999991e+01,-4.148944355989665279e-12
1.390600000000000058e+01,-4.200989976902989827e-12
1.390799999999999947e+01,-4.248010352659156247e-12
1.391000000000000014e+01,-4.327025737953746890e-12
1.391200000000000081e+01,-4.378776358860762721e-12
1.391399999999999970e+01,-4.035448071939950171e-12
1.391600000000000037e+01,-4.255181191789399116e-12
1.391800000000000104e+01,-4.135157594034117503e-12
1.391999999999999993e+01,-4.173502972254607377e-12
1.392200000000000060e+01,-4.233244436894226295e-12
1.392399999999999949e+01,-4.283842484836486377e-12
1.392600000000000016e+01,-4.146633870982081941e-12
1.392800000000000082e+01,-4.396259465561963511e-12
1.392999999999999972e+01,-4.260808858038471762e-12
1.393200000000000038e+01,-4.304956527916281673e-12
1.393400000000000105e+01,-4.167179667331738287e-12
1.393599999999999994e+01,-4.209959506136534775e-12
1.393800000000000061e+01,-4.057531645445748042e-12
1.393999999999999950e+01,-4.097336144961574415e-12
1.394200000000000017e+01,-4.150565296020047006e-12
1.394400000000000084e+01,-4.238814266599481899e-12
1.394599999999999973e+01,-4.269006105362737899e-12
1.394800000000000040e+01,-4.339098809109099984e-12
1.395000000000000107e+01,-4.195196996080155485e-12
1.395199999999999996e+01,-4.249369480319744121e-12
1.395400000000000063e+01,-4.091358693114061990e-12
1.395599999999999952e+01,-3.910115741377757550e-12
1.395800000000000018e+01,-4.197703577228436505e-12
1.396000000000000085e+01,-4.054278554901572152e-12
1.396199999999999974e+01,-4.094338022192930856e-12
1.396400000000000041e+01,-4.152658213996898809e-12
1.396600000000000108e+01,-4.213807139896660665e-12
1.396799999999999997e+01,-4.263262125078099265e-12
1.397000000000000064e+01,-4.539460377798038528e-12
1.397199999999999953e+01,-3.998848037761793120e-12
1.397400000000000020e+01,-4.202552527034906256e-12
1.397600000000000087e+01,-4.083658258225827918e-12
1.397799999999999976e+01,-4.112137602058849024e-12
1.398000000000000043e+01,-4.187362852021932411e-12
1.398200000000000109e+01,-4.242557270689633813e-12
1.398399999999999999e+01,-4.300042826297971122e-12
1.398600000000000065e+01,-4.166875002609179738e-12
1.398799999999999955e+01,-4.389397970609278759e-12
1.399000000000000021e+01,-4.283512450107452288e-12
1.399200000000000088e+01,-4.113578030068708337e-12
1.399399999999999977e+01,-4.157548365681002668e-12
1.399600000000000044e+01,-4.212710024237350526e-12
1.399800000000000111e+01,-4.066792281522717354e-12
1.400000000000000000e+01,-4.523092823647467894e-12
1.400200000000000067e+01,-4.211220732391024691e-12
1.400399999999999956e+01,-4.026874593750851629e-12
1.400600000000000023e+01,-4.274136988031551673e-12
1.400800000000000090e+01,-4.361919217272782058e-12
1.400999999999999979e+01,-4.194742042210505127e-12
1.401200000000000045e+01,-4.238054610619436318e-12
1.401400000000000112e+01,-4.300337374617554104e-12
1.401600000000000001e+01,-4.155282718322718598e-12
1.401800000000000068e+01,-4.197879496869307573e-12
1.401999999999999957e+01,-4.270615190330491171e-12
1.402200000000000024e+01,-4.316109543869185309e-12
1.402400000000000091e+01,-4.394464997922957051e-12
1.402599999999999980e+01,-4.021960717543884809e-12
1.402800000000000047e+01,-4.067923284168751193e-12
1.403000000000000114e+01,-4.119284510388585512e-12
1.403200000000000003e+01,-3.977695927061451999e-12
1.403400000000000070e+01,-4.226885720685480786e-12
1.403599999999999959e+01,-4.079677923277878883e-12
1.403800000000000026e+01,-4.328256412745936716e-12
1.404000000000000092e+01,-4.210892071575618909e-12
1.404199999999999982e+01,-4.458486610460923031e-12
1.404400000000000048e+01,-4.529448281363873719e-12
1.404600000000000115e+01,-3.973800907937037494e-12
1.404800000000000004e+01,-4.191972649226019333e-12
1.405000000000000071e+01,-4.075616882509924484e-12
1.405199999999999960e+01,-4.319421271857684353e-12
1.405400000000000027e+01,-4.171356810434743558e-12
1.405600000000000094e+01,-4.432202730590586194e-12
1.405799999999999983e+01,-4.308777731104761389e-12
1.406000000000000050e+01,-4.138181122904017109e-12
1.406200000000000117e+01,-4.384584407522398665e-12
1.406400000000000006e+01,-4.071613602060410287e-12
1.406600000000000072e+01,-4.271938346052840658e-12
1.406799999999999962e+01,-4.167133964294105979e-12
1.407000000000000028e+01,-4.189282406235470695e-12
1.407200000000000095e+01,-4.250279688297274642e-12
1.407399999999999984e+01,-4.121815585651846854e-12
1.407600000000000051e+01,-4.151437929896056543e-12
1.407800000000000118e+01,-4.211371609706852379e-12
1.408000000000000007e+01,-4.478259757317000391e-12
1.408200000000000074e+01,-4.137399119737083568e-12
1.408399999999999963e+01,-4.172534768304985635e-12
1.408600000000000030e+01,-4.231617789022396061e-12
1.408800000000000097e+01,-4.089117522206951994e-12
1.408999999999999986e+01,-4.124938846375438882e-12
1.409200000000000053e+01,-4.386788392536261704e-12
1.409399999999999942e+01,-4.275746403121862606e-12
1.409600000000000009e+01,-4.297091629370747584e-12
1.409800000000000075e+01,-4.167124593807963778e-12
1.409999999999999964e+01,-3.991397472965979326e-12
1.410200000000000031e+01,-4.251590171049135142e-12
1.410400000000000098e+01,-3.913863237815967945e-12
1.410599999999999987e+01,-4.150836106825114371e-12
1.410800000000000054e+01,-4.223454147801311639e-12
1.410999999999999943e+01,-4.679775949947217317e-12
1.411200000000000010e+01,-4.166327958274179532e-12
1.411400000000000077e+01,-4.392568506849756713e-12
1.411599999999999966e+01,-4.041318754277023059e-12
1.411800000000000033e+01,-4.075475595591082303e-12
1.412000000000000099e+01,-4.129823872174400789e-12
1.412199999999999989e+01,-4.201768147169734811e-12
1.412400000000000055e+01,-4.456026711211794703e-12
1.412599999999999945e+01,-4.318679061312456816e-12
1.412800000000000011e+01,-4.168089047143163452e-12
1.413000000000000078e+01,-4.205261568974404339e-12
1.413199999999999967e+01,-4.268259159680031989e-12
1.413400000000000034e+01,-4.126403049015500793e-12
1.413600000000000101e+01,-4.157224228361561385e-12
1.413799999999999990e+01,-3.825957115018302035e-12
1.414000000000000057e+01,-4.042280894636668882e-12
1.414199999999999946e+01,-4.126512543954011908e-12
1.414400000000000013e+01,-4.176078382341617277e-12
1.414600000000000080e+01,-4.244235611108796098e-12
1.414799999999999969e+01,-4.291145028783595109e-12
1.415000000000000036e+01,-4.134945616704980073e-12
1.415200000000000102e+01,-4.002123549164526927e-12
1.415399999999999991e+01,-4.456654673703052159e-12
1.415600000000000058e+01,-4.324196133251115177e-12
1.415799999999999947e+01,-4.160173248226116721e-12
1.416000000000000014e+01,-4.214629777027245659e-12
1.416200000000000081e+01,-4.070648764503302519e-12
1.416399999999999970e+01,-4.312635375560491853e-12
1.416600000000000037e+01,-3.986866049411491788e-12
1.416800000000000104e+01,-4.214550989291188343e-12
1.416999999999999993e+01,-4.286516497819390543e-12
1.417200000000000060e+01,-4.355095628422489058e-12
1.417399999999999949e+01,-4.412210042881384892e-12
1.417600000000000016e+01,-4.055277384507155298e-12
1.417800000000000082e+01,-4.075194962188273435e-12
1.417999999999999972e+01,-3.935940498554547696e-12
1.418200000000000038e+01,-4.195099728411603857e-12
1.418400000000000105e+01,-4.271323146949677606e-12
1.418599999999999994e+01,-4.315270220107144461e-12
1.418800000000000061e+01,-4.184525188946911548e-12
1.418999999999999950e+01,-4.221208902794670205e-12
1.419200000000000017e+01,-4.269988317557784849e-12
1.419400000000000084e+01,-4.541585823693632862e-12
1.419599999999999973e+01,-4.204354511011396533e-12
1.419800000000000040e+01,-4.234813155446914063e-12
1.420000000000000107e+01,-3.892518650793609203e-12
1.420199999999999996e+01,-4.327415322844569555e-12
1.420400000000000063e+01,-4.201144130364286031e-12
1.420599999999999952e+01,-4.041866126245902233e-12
1.420800000000000018e+01,-4.503117107194466631e-12
1.421000000000000085e+01,-4.573533319487597415e-12
1.421199999999999974e+01,-4.247168135116750182e-12
1.421400000000000041e+01,-4.052173652415458039e-12
1.421600000000000108e+01,-4.105969405433942283e-12
1.421799999999999997e+01,-4.171667575055119742e-12
1.422000000000000064e+01,-4.217799626709434012e-12
1.422199999999999953e+01,-4.494898004562370223e-12
1.422400000000000020e+01,-3.944620449112229685e-12
1.422600000000000087e+01,-4.170372923988755346e-12
1.422799999999999976e+01,-4.238592354862647228e-12
1.423000000000000043e+01,-4.305485136918022786e-12
1.423200000000000109e+01,-4.167167352945047313e-12
1.423399999999999999e+01,-3.989250047710386500e-12
1.423600000000000065e+01,-4.236758117432852338e-12
1.423799999999999955e+01,-4.114659868319412388e-12
1.424000000000000021e+01,-4.153423479998626868e-12
1.424200000000000088e+01,-4.215288669045007567e-12
1.424399999999999977e+01,-4.269615516269078320e-12
1.424600000000000044e+01,-4.327594352709771215e-12
1.424800000000000111e+01,-4.199546179818170787e-12
1.425000000000000000e+01,-4.224006948053462819e-12
1.425200000000000067e+01,-4.090987911092759110e-12
1.425399999999999956e+01,-4.124780140042801467e-12
1.425600000000000023e+01,-4.181989005596051190e-12
1.425800000000000090e+01,-4.442927307162977369e-12
1.425999999999999979e+01,-4.319935893394972022e-12
1.426200000000000045e+01,-3.945791114649951190e-12
1.426400000000000112e+01,-4.203766644862392983e-12
1.426600000000000001e+01,-4.249956715440735643e-12
1.426800000000000068e+01,-4.326750345951525360e-12
1.426999999999999957e+01,-4.173749406809284280e-12
1.427200000000000024e+01,-4.214500062860522612e-12
1.427400000000000091e+01,-4.273339001187888181e-12
1.427599999999999980e+01,-4.136291566359779866e-12
1.427800000000000047e+01,-3.989414096276033696e-12
1.428000000000000114e+01,-4.196431263619568001e-12
1.428200000000000003e+01,-4.305443220401454703e-12
1.428400000000000070e+01,-4.342919925689138582e-12
1.428599999999999959e+01,-4.197843538616481615e-12
1.428800000000000026e+01,-4.043338031533748688e-12
1.429000000000000092e+01,-4.086362733926308267e-12
1.429199999999999982e+01,-4.153766540453672137e-12
1.429400000000000048e+01,-3.991998976433410467e-12
1.429600000000000115e+01,-4.260634186353251997e-12
1.429800000000000004e+01,-4.533165495475389487e-12
1.430000000000000071e+01,-3.991856266324866774e-12
1.430199999999999960e+01,-4.208430233213931150e-12
1.430400000000000027e+01,-4.275215792759633604e-12
1.430600000000000094e+01,-4.348076266200062538e-12
1.430799999999999983e+01,-3.988102705861980892e-12
1.431000000000000050e+01,-4.224842092819074254e-12
1.431200000000000117e+01,-4.097743019103015676e-12
1.431400000000000006e+01,-3.934667390452138481e-12
1.431600000000000072e+01,-4.377154052944690783e-12
1.431799999999999962e+01,-4.468729680946898992e-12
1.432000000000000028e+01,-4.332188543774143848e-12
1.432200000000000095e+01,-4.367054137335498921e-12
1.432399999999999984e+01,-4.023756021142520297e-12
1.432600000000000051e+01,-4.052468436538965878e-12
1.432800000000000118e+01,-3.906001108232524281e-12
1.433000000000000007e+01,-4.157507609395020412e-12
1.433200000000000074e+01,-4.231004312801249355e-12
1.433399999999999963e+01,-4.289728176888970625e-12
1.433600000000000030e+01,-4.355455960995088051e-12
1.433800000000000097e+01,-4.190619867228639456e-12
1.433999999999999986e+01,-4.256284913397538345e-12
1.434200000000000053e+01,-4.296176138928926809e-12
1.434399999999999942e+01,-4.351208833700526934e-12
1.434600000000000009e+01,-4.009619938563368140e-12
1.434800000000000075e+01,-4.259171279859736833e-12
1.434999999999999964e+01,-4.101951763900239984e-12
1.435200000000000031e+01,-4.362442530268367022e-12
1.435400000000000098e+01,-4.229352238793673346e-12
1.435599999999999987e+01,-4.282559892722655431e-12
1.435800000000000054e+01,-4.134269177016824097e-12
1.435999999999999943e+01,-4.578550378778924069e-12
1.436200000000000010e+01,-4.058840347650155474e-12
1.436400000000000077e+01,-3.871861049055800213e-12
1.436599999999999966e+01,-4.118357034267266427e-12
1.436800000000000033e+01,-4.183837500476535846e-12
1.437000000000000099e+01,-4.260243253662842073e-12
1.437199999999999989e+01,-4.313295354702389254e-12
1.437400000000000055e+01,-4.353243600772285987e-12
1.437599999999999945e+01,-4.226376006743095296e-12
1.437800000000000011e+01,-4.253799187660841640e-12
1.438000000000000078e+01,-4.326907042509874001e-12
1.438199999999999967e+01,-4.172160401510065156e-12
1.438400000000000034e+01,-4.226216941289008625e-12
1.438600000000000101e+01,-4.073783136836456785e-12
1.438799999999999990e+01,-4.315128319527268714e-12
1.439000000000000057e+01,-4.194108737408423136e-12
1.439199999999999946e+01,-4.247037966632936523e-12
1.439400000000000013e+01,-4.290387110489173819e-12
1.439600000000000080e+01,-4.557553656314691737e-12
1.439799999999999969e+01,-4.228407200664209222e-12
1.440000000000000036e+01,-4.043953768172637933e-12
1.440200000000000102e+01,-3.893937736745554910e-12
1.440399999999999991e+01,-4.347351002398711313e-12
1.440600000000000058e+01,-4.229840494798971404e-12
1.440799999999999947e+01,-4.056875220129034727e-12
1.441000000000000014e+01,-4.325045910911521304e-12
1.441200000000000081e+01,-4.180295372793685169e-12
1.441399999999999970e+01,-4.031749017401058758e-12
1.441600000000000037e+01,-4.278611766495919596e-12
1.441800000000000104e+01,-4.119416289528644002e-12
1.441999999999999993e+01,-3.995663744863587357e-12
1.442200000000000060e+01,-4.243843167421593406e-12
1.442399999999999949e+01,-4.294590580831017583e-12
1.442600000000000016e+01,-3.961969231167554256e-12
1.442800000000000082e+01,-4.189580853165138852e-12
1.442999999999999972e+01,-4.253502345871781219e-12
1.443200000000000038e+01,-4.315356000891311763e-12
1.443400000000000105e+01,-4.394519051873112527e-12
1.443599999999999994e+01,-4.436407554924487576e-12
1.443800000000000061e+01,-3.884110058944182517e-12
1.443999999999999950e+01,-4.096401706013147827e-12
1.444200000000000017e+01,-4.168837527591533050e-12
1.444400000000000084e+01,-4.033787747700977740e-12
1.444599999999999973e+01,-4.269946885935613869e-12
1.444800000000000040e+01,-4.362809656886151641e-12
1.445000000000000107e+01,-4.407958841939328771e-12
1.445199999999999996e+01,-4.051637710377539955e-12
1.445400000000000063e+01,-4.301776030302915159e-12
1.445599999999999952e+01,-4.354621606198205282e-12
1.445800000000000018e+01,-4.438577723376096788e-12
1.446000000000000085e+01,-4.274408537431861929e-12
1.446199999999999974e+01,-4.324028515719914891e-12
1.446400000000000041e+01,-4.181200419619001333e-12
1.446600000000000108e+01,-4.025044838782469170e-12
1.446799999999999997e+01,-4.267458331928941324e-12
1.447000000000000064e+01,-4.339768259866275107e-12
1.447199999999999953e+01,-4.199363817002248523e-12
1.447400000000000020e+01,-4.034446562442471037e-12
1.447600000000000087e+01,-4.287316919749787913e-12
1.447799999999999976e+01,-4.154312417892627981e-12
1.448000000000000043e+01,-4.192587640357750144e-12
1.448200000000000109e+01,-4.251742462972200196e-12
1.448399999999999999e+01,-4.108922842064560180e-12
1.448600000000000065e+01,-4.155023107492215431e-12
1.448799999999999955e+01,-4.215157571877178111e-12
1.449000000000000021e+01,-4.463868558546720504e-12
1.449200000000000088e+01,-4.150586370756205520e-12
1.449399999999999977e+01,-4.164206385815907548e-12
1.449600000000000044e+01,-4.024810508276531696e-12
1.449800000000000111e+01,-4.271679247113921002e-12
1.450000000000000000e+01,-4.134956308328896398e-12
1.450200000000000067e+01,-4.201400171034770339e-12
1.450399999999999956e+01,-4.231799237288658349e-12
1.450600000000000023e+01,-4.515155460025581008e-12
1.450800000000000090e+01,-4.174308771952107137e-12
1.450999999999999979e+01,-4.403450471115103899e-12
1.451200000000000045e+01,-3.857411104022242517e-12
1.451400000000000112e+01,-4.090851100888051807e-12
1.451600000000000001e+01,-4.355969730666604734e-12
1.451800000000000068e+01,-4.224067776086530130e-12
1.451999999999999957e+01,-4.281649601194945808e-12
1.452200000000000024e+01,-4.125212658169641508e-12
1.452400000000000091e+01,-4.190777273223775929e-12
1.452599999999999980e+01,-4.224240095369428632e-12
1.452800000000000047e+01,-4.083295287878711279e-12
1.453000000000000114e+01,-4.139286026809591232e-12
1.453200000000000003e+01,-4.191104918228594694e-12
1.453400000000000070e+01,-4.242687985680946649e-12
1.453599999999999959e+01,-4.107722731545555057e-12
1.453800000000000026e+01,-4.150351537577293384e-12
1.454000000000000092e+01,-4.210656628644398870e-12
1.454199999999999982e+01,-4.257265512497866949e-12
1.454400000000000048e+01,-4.529621535252666112e-12
1.454600000000000115e+01,-4.202777333540873743e-12
1.454800000000000004e+01,-4.219745344443420101e-12
1.455000000000000071e+01,-4.081248188785836880e-12
1.455199999999999960e+01,-4.326194778438224781e-12
1.455400000000000027e+01,-4.397421688249867318e-12
1.455600000000000094e+01,-4.452009570428532916e-12
1.455799999999999983e+01,-4.127215333858693582e-12
1.456000000000000050e+01,-4.339455642389783756e-12
1.456200000000000117e+01,-3.804573704651446135e-12
1.456400000000000006e+01,-3.815866148453108616e-12
1.456600000000000072e+01,-4.286281582958024660e-12
1.456799999999999962e+01,-4.171902126575716503e-12
1.457000000000000028e+01,-4.204790349221004374e-12
1.457200000000000095e+01,-4.063783967716285501e-12
1.457399999999999984e+01,-4.110135760929039089e-12
1.457600000000000051e+01,-4.171156142623558291e-12
1.457800000000000118e+01,-4.228705134391999390e-12
1.458000000000000007e+01,-4.284938557135130401e-12
1.458200000000000074e+01,-4.337757580365846418e-12
1.458399999999999963e+01,-4.410285878685778903e-12
1.458600000000000030e+01,-4.050819334559025491e-12
1.458800000000000097e+01,-4.079647390759455924e-12
1.458999999999999986e+01,-4.147794159147640561e-12
1.459200000000000053e+01,-4.201890483087540994e-12
1.459399999999999942e+01,-4.273888506606793355e-12
1.459600000000000009e+01,-4.516048759411487751e-12
1.459800000000000075e+01,-4.397122206441844520e-12
1.459999999999999964e+01,-4.240070315956422965e-12
1.460200000000000031e+01,-3.867280236883083400e-12
1.460400000000000098e+01,-4.100006370813189325e-12
1.460599999999999987e+01,-4.171369157571167729e-12
1.460800000000000054e+01,-4.236776115710919071e-12
1.460999999999999943e+01,-4.293736335359649309e-12
1.461200000000000010e+01,-4.146868316029163170e-12
1.461400000000000077e+01,-4.195270915109103627e-12
1.461599999999999966e+01,-4.041024199551674250e-12
1.461800000000000033e+01,-4.289854472020928916e-12
1.462000000000000099e+01,-4.364123936509525169e-12
1.462199999999999989e+01,-4.415197127884489428e-12
1.462400000000000055e+01,-4.080903478559457631e-12
1.462599999999999945e+01,-4.122848489603367102e-12
1.462800000000000011e+01,-4.147103967666266209e-12
1.463000000000000078e+01,-4.217329320786142211e-12
1.463199999999999967e+01,-4.279728957601122370e-12
1.463400000000000034e+01,-4.347565830293071624e-12
1.463600000000000101e+01,-4.180385542163512190e-12
1.463799999999999990e+01,-4.241316632477125892e-12
1.464000000000000057e+01,-4.098122413837391602e-12
1.464199999999999946e+01,-4.336725567855732038e-12
1.464400000000000013e+01,-4.222500941217904594e-12
1.464600000000000080e+01,-4.044422397166866839e-12
1.464799999999999969e+01,-4.103306730280944728e-12
1.465000000000000036e+01,-4.147601452780607056e-12
1.465200000000000102e+01,-4.007003364296220391e-12
1.465399999999999991e+01,-4.050270510933242937e-12
1.465600000000000058e+01,-4.110683786207301056e-12
1.465799999999999947e+01,-4.156030593020752798e-12
1.466000000000000014e+01,-4.649412359109811798e-12
1.466200000000000081e+01,-4.109692657703653755e-12
1.466399999999999970e+01,-3.727364525035128690e-12
1.466600000000000037e+01,-4.143845910132464110e-12
1.466800000000000104e+01,-4.250938940374831738e-12
1.466999999999999993e+01,-4.107329210482574319e-12
1.467200000000000060e+01,-4.348440276777164583e-12
1.467399999999999949e+01,-4.210660948982644079e-12
1.467600000000000016e+01,-4.278152165866148028e-12
1.467800000000000082e+01,-4.312358123842761542e-12
1.467999999999999972e+01,-4.178614821248790511e-12
1.468200000000000038e+01,-4.428671722792989367e-12
1.468400000000000105e+01,-4.275819911093635237e-12
1.468599999999999994e+01,-4.145735934177945059e-12
1.468800000000000061e+01,-4.176898925744697911e-12
1.468999999999999950e+01,-4.235487272909255565e-12
1.469200000000000017e+01,-4.284271347515566919e-12
1.469400000000000084e+01,-4.152042022343638007e-12
1.469599999999999973e+01,-4.388025596010525393e-12
1.469800000000000040e+01,-4.272667943261872191e-12
1.470000000000000107e+01,-4.102594781619723807e-12
1.470199999999999996e+01,-3.947417207371994527e-12
1.470400000000000063e+01,-3.987571531868864401e-12
1.470599999999999952e+01,-4.035662140641336530e-12
1.470800000000000018e+01,-4.514960191141150593e-12
1.471000000000000085e+01,-4.399186103547785856e-12
1.471199999999999974e+01,-4.237149152601135159e-12
1.471400000000000041e+01,-4.496380474443627479e-12
1.471600000000000108e+01,-4.158560699011294201e-12
1.471799999999999997e+01,-4.170152831780225374e-12
1.472000000000000064e+01,-4.232552874528697506e-12
1.472199999999999953e+01,-4.294443157243080035e-12
1.472400000000000020e+01,-4.155761986772518876e-12
1.472600000000000087e+01,-4.205213592679628152e-12
1.472799999999999976e+01,-4.269721695428512308e-12
1.473000000000000043e+01,-4.312346149207204429e-12
1.473200000000000109e+01,-4.360192551346467962e-12
1.473399999999999999e+01,-4.217426505998119400e-12
1.473600000000000065e+01,-4.086312087537733427e-12
1.473799999999999955e+01,-4.104220971416315335e-12
1.474000000000000021e+01,-4.166057894489647614e-12
1.474200000000000088e+01,-4.239144019572076313e-12
1.474399999999999977e+01,-4.092821406566244443e-12
1.474600000000000044e+01,-4.321913576889819068e-12
1.474800000000000111e+01,-4.214198627409015274e-12
1.475000000000000000e+01,-4.239588461935665754e-12
1.475200000000000067e+01,-4.100091562584200205e-12
1.475399999999999956e+01,-4.138669190979124998e-12
1.475600000000000023e+01,-4.208321516877967341e-12
1.475800000000000090e+01,-4.267748680343064426e-12
1.475999999999999979e+01,-4.320054142261219617e-12
1.476200000000000045e+01,-4.168160853637205210e-12
1.476400000000000112e+01,-4.013873688312031907e-12
1.476600000000000001e+01,-4.470277544155553374e-12
1.476800000000000068e+01,-4.353983697828371908e-12
1.476999999999999957e+01,-4.192818907548526417e-12
1.477200000000000024e+01,-4.223657355028799180e-12
1.477400000000000091e+01,-4.101660991849966215e-12
1.477599999999999980e+01,-4.336593956019503643e-12
1.477800000000000047e+01,-4.213219234163257674e-12
1.478000000000000114e+01,-4.251959911249727752e-12
1.478200000000000003e+01,-4.307689411095615602e-12
1.478400000000000070e+01,-4.566231455919218889e-12
1.478599999999999959e+01,-4.044070049803502783e-12
1.478800000000000026e+01,-3.846471794112305000e-12
1.479000000000000092e+01,-4.079933662452782505e-12
1.479199999999999982e+01,-4.381462312133525783e-12
1.479400000000000048e+01,-4.242432662693180247e-12
1.479600000000000115e+01,-4.281971990643323603e-12
1.479800000000000004e+01,-3.942026716198897685e-12
1.480000000000000071e+01,-3.951882192436900228e-12
1.480199999999999960e+01,-4.230327734619972097e-12
1.480400000000000027e+01,-4.307815330180081910e-12
1.480600000000000094e+01,-4.568348968586297834e-12
1.480799999999999983e+01,-4.215410818160816351e-12
1.481000000000000050e+01,-4.256067617370654616e-12
1.481200000000000117e+01,-3.908850113187682655e-12
1.481400000000000006e+01,-4.345098275883651793e-12
1.481600000000000072e+01,-4.227113330674620207e-12
1.481799999999999962e+01,-4.468999841058518826e-12
1.482000000000000028e+01,-4.360685335986151442e-12
1.482200000000000095e+01,-4.385625642701693041e-12
1.482399999999999984e+01,-4.026328712819058602e-12
1.482600000000000051e+01,-4.069451598807124280e-12
1.482800000000000118e+01,-4.127574055999476224e-12
1.483000000000000007e+01,-4.189347017636965692e-12
1.483200000000000074e+01,-4.230993789247835152e-12
1.483399999999999963e+01,-4.321486721160144115e-12
1.483600000000000030e+01,-4.155533409589149522e-12
1.483800000000000097e+01,-4.193343301529166015e-12
1.483999999999999986e+01,-4.275499172422292798e-12
1.484200000000000053e+01,-4.106628415139850125e-12
1.484400000000000119e+01,-4.170740743850604916e-12
1.484600000000000009e+01,-4.217509019381790200e-12
1.484800000000000075e+01,-4.075748352789348479e-12
1.484999999999999964e+01,-4.314767014064840828e-12
1.485200000000000031e+01,-4.192755110375280780e-12
1.485400000000000098e+01,-4.017149262384338988e-12
1.485599999999999987e+01,-4.279100921251342613e-12
1.485800000000000054e+01,-4.363521739336770871e-12
1.485999999999999943e+01,-3.990818369137139732e-12
1.486200000000000010e+01,-4.233982681202861440e-12
1.486400000000000077e+01,-4.123908838176795380e-12
1.486599999999999966e+01,-3.939901910363555750e-12
1.486800000000000033e+01,-4.187315611532206625e-12
1.487000000000000099e+01,-4.266974476494137897e-12
1.487199999999999989e+01,-4.120612889589646240e-12
1.487400000000000055e+01,-4.174217118656778312e-12
1.487599999999999945e+01,-4.217544999577065015e-12
1.487800000000000011e+01,-4.280752853404939893e-12
1.488000000000000078e+01,-4.357657000454482147e-12
1.488199999999999967e+01,-4.187414405064242797e-12
1.488400000000000034e+01,-4.443557853055999458e-12
1.488600000000000101e+01,-4.108834098856708677e-12
1.488799999999999990e+01,-4.131716727461195352e-12
1.489000000000000057e+01,-4.207346415802159319e-12
1.489199999999999946e+01,-4.247802773441744925e-12
1.489400000000000013e+01,-4.323265029167295911e-12
1.489600000000000080e+01,-4.377535895813535120e-12
1.489799999999999969e+01,-4.028749016941152913e-12
1.490000000000000036e+01,-4.253068751725329784e-12
1.490200000000000102e+01,-4.130565743967426529e-12
1.490399999999999991e+01,-4.167342644173275351e-12
1.490600000000000058e+01,-4.233217360011339181e-12
1.490799999999999947e+01,-4.291856918077452775e-12
1.491000000000000014e+01,-4.139294523835217023e-12
1.491200000000000081e+01,-4.187712473744930277e-12
1.491399999999999970e+01,-4.450109590182390491e-12
1.491600000000000037e+01,-4.117560668067033418e-12
1.491800000000000104e+01,-4.155526437275449270e-12
1.491999999999999993e+01,-4.196867224572901853e-12
1.492200000000000060e+01,-4.269908235998086507e-12
1.492399999999999949e+01,-3.913456176279709781e-12
1.492600000000000016e+01,-4.142819913061306933e-12
1.492800000000000082e+01,-4.216282305324546657e-12
1.492999999999999972e+01,-4.271599348600167381e-12
1.493200000000000038e+01,-4.349605254074092887e-12
1.493400000000000105e+01,-4.393568347355142988e-12
1.493599999999999994e+01,-4.049915223777817465e-12
1.493800000000000061e+01,-4.065969465648292612e-12
1.493999999999999950e+01,-3.940121637768130225e-12
1.494200000000000017e+01,-3.971654287195015919e-12
1.494400000000000084e+01,-4.239235082470116250e-12
1.494599999999999973e+01,-4.298149121428146184e-12
1.494800000000000040e+01,-4.176019170463223462e-12
1.495000000000000107e+01,-3.991439491540972689e-12
1.495199999999999996e+01,-4.264779237712788066e-12
1.495400000000000063e+01,-4.324274844617112555e-12
1.495599999999999952e+01,-4.200106605319787562e-12
1.495800000000000018e+01,-4.012884889537920348e-12
1.496000000000000085e+01,-4.069448218775528876e-12
1.496199999999999974e+01,-4.118089181357966060e-12
1.496400000000000041e+01,-3.979975411906421522e-12
1.496600000000000108e+01,-4.226639303529091617e-12
1.496799999999999997e+01,-4.298361186420695860e-12
1.497000000000000064e+01,-4.374341521746538496e-12
1.497199999999999953e+01,-4.412297533404889182e-12
1.497400000000000020e+01,-4.285051222287487467e-12
1.497600000000000087e+01,-4.320533060354850585e-12
1.497799999999999976e+01,-4.166093211405759511e-12
1.498000000000000043e+01,-4.218086516345332708e-12
1.498200000000000109e+01,-4.278550577292548545e-12
1.498399999999999999e+01,-4.322325654075477008e-12
1.498600000000000065e+01,-4.184941456899699046e-12
1.498799999999999955e+01,-4.444186736195650077e-12
1.499000000000000021e+01,-4.313613866460842930e-12
1.499200000000000088e+01,-4.140919322870227728e-12
1.499399999999999977e+01,-4.194819310407242844e-12
1.499600000000000044e+01,-4.235038356656323958e-12
1.499800000000000111e+01,-4.113224158377473692e-12
1.500000000000000000e+01,-4.136825235294966235e-12
1.500200000000000067e+01,-4.220533845978780795e-12
1.500399999999999956e+01,-4.262490929367667998e-12
1.500600000000000023e+01,-4.325998004121817971e-12
1.500800000000000090e+01,-4.581691079132141020e-12
1.500999999999999979e+01,-4.043142341056505668e-12
1.501200000000000045e+01,-4.060630456107091924e-12
1.501400000000000112e+01,-4.117783944335697899e-12
1.501600000000000001e+01,-4.385771808144111765e-12
1.501800000000000068e+01,-4.244850773720914700e-12
1.501999999999999957e+01,-4.286448512266215783e-12
1.502200000000000024e+01,-4.354819520608418909e-12
1.502400000000000091e+01,-4.204109269660887138e-12
1.502599999999999980e+01,-4.254593239640731914e-12
1.502800000000000047e+01,-3.902433559769052302e-12
1.503000000000000114e+01,-4.147157297135258997e-12
1.503200000000000003e+01,-4.211888125907670241e-12
1.503400000000000070e+01,-4.270823604790586457e-12
1.503599999999999959e+01,-4.134620768143245901e-12
1.503800000000000026e+01,-4.157571459168439671e-12
1.504000000000000092e+01,-4.234270649232008303e-12
1.504199999999999982e+01,-4.281018149884532383e-12
1.504400000000000048e+01,-4.128780732515036958e-12
1.504600000000000115e+01,-4.396121903768263628e-12
1.504800000000000004e+01,-3.855751751533004988e-12
1.505000000000000071e+01,-4.060289393652803968e-12
1.505199999999999960e+01,-4.136004464782372152e-12
1.505400000000000027e+01,-3.992608846306678178e-12
1.505600000000000094e+01,-4.052452854060806325e-12
1.505799999999999983e+01,-4.298345056373711898e-12
1.506000000000000050e+01,-4.378706830425658800e-12
1.506200000000000117e+01,-4.228348221948564685e-12
1.506400000000000006e+01,-4.270019055549351036e-12
1.506600000000000072e+01,-4.343809868001130502e-12
1.506799999999999962e+01,-4.604992195707173553e-12
1.507000000000000028e+01,-4.257662411441189463e-12
1.507200000000000095e+01,-4.295325161745641644e-12
1.507399999999999984e+01,-4.135780569190522647e-12
1.507600000000000051e+01,-4.192493377897861245e-12
1.507800000000000118e+01,-4.250530569228272952e-12
1.508000000000000007e+01,-4.310225500638709579e-12
1.508200000000000074e+01,-4.378777552919165464e-12
1.508399999999999963e+01,-4.223158994968306155e-12
1.508600000000000030e+01,-4.063586990573454929e-12
1.508800000000000097e+01,-4.104439621030496367e-12
1.508999999999999986e+01,-4.154178359634126381e-12
1.509200000000000053e+01,-4.235393505206898181e-12
1.509400000000000119e+01,-4.082601668320844265e-12
1.509600000000000009e+01,-4.322274505494861947e-12
1.509800000000000075e+01,-4.188195586214182214e-12
1.509999999999999964e+01,-4.240402579815922527e-12
1.510200000000000031e+01,-4.308667221044947044e-12
1.510400000000000098e+01,-3.947523230893673951e-12
1.510599999999999987e+01,-4.180734148825416527e-12
1.510800000000000054e+01,-4.269289928082257356e-12
1.510999999999999943e+01,-4.314278792126700033e-12
1.511200000000000010e+01,-4.352104189676042387e-12
1.511400000000000077e+01,-4.239744063335688485e-12
1.511599999999999966e+01,-4.273222669956214688e-12
1.511800000000000033e+01,-4.126030851055532570e-12
1.512000000000000099e+01,-4.370801713257513764e-12
1.512199999999999989e+01,-4.052717872695055677e-12
1.512400000000000055e+01,-4.066364426673180576e-12
1.512599999999999945e+01,-4.342605646688647904e-12
1.512800000000000011e+01,-4.199904564993389054e-12
1.513000000000000078e+01,-4.237931513780116082e-12
1.513199999999999967e+01,-4.310153411383754617e-12
1.513400000000000034e+01,-4.363928459124386473e-12
1.513600000000000101e+01,-4.214730166885969948e-12
1.513799999999999990e+01,-3.854209826437821954e-12
1.514000000000000057e+01,-4.091377114732115611e-12
1.514199999999999946e+01,-4.147174376668245267e-12
1.514400000000000013e+01,-4.225981955637089712e-12
1.514600000000000080e+01,-4.080836895958833790e-12
1.514799999999999969e+01,-4.332433450666196564e-12
1.515000000000000036e+01,-4.184530802591838173e-12
1.515200000000000102e+01,-4.440795528318290020e-12
1.515399999999999991e+01,-4.521299408479710165e-12
1.515600000000000058e+01,-4.172885735603315212e-12
1.515799999999999947e+01,-3.977835207860909405e-12
1.516000000000000014e+01,-4.242485994980790972e-12
1.516200000000000081e+01,-4.108784445350910865e-12
1.516399999999999970e+01,-4.338369133870402284e-12
1.516600000000000037e+01,-4.230064098171715363e-12
1.516800000000000104e+01,-4.272517375614853036e-12
1.516999999999999993e+01,-4.323931526631537630e-12
1.517200000000000060e+01,-4.177957458900326716e-12
1.517399999999999949e+01,-4.247406131589950190e-12
1.517600000000000016e+01,-4.070667601162504092e-12
1.517800000000000082e+01,-4.123996072550529943e-12
1.517999999999999972e+01,-4.179304985525105707e-12
1.518200000000000038e+01,-4.259174426846458620e-12
1.518400000000000105e+01,-4.298993486924148236e-12
1.518599999999999994e+01,-3.964853655245425804e-12
1.518800000000000061e+01,-4.172685772246203911e-12
1.518999999999999950e+01,-4.262652353490765557e-12
1.519200000000000017e+01,-4.304957548548291224e-12
1.519400000000000084e+01,-4.170721166229721928e-12
1.519599999999999973e+01,-4.216159705683426226e-12
1.519800000000000040e+01,-4.068006278941176770e-12
1.520000000000000107e+01,-4.318258835687489309e-12
1.520199999999999996e+01,-4.176332061428324323e-12
1.520400000000000063e+01,-4.639625777557110196e-12
1.520599999999999952e+01,-4.327543134229939509e-12
1.520800000000000018e+01,-4.353023703810325581e-12
1.521000000000000085e+01,-4.002300722725309089e-12
1.521199999999999974e+01,-3.816826972574498715e-12
1.521400000000000041e+01,-4.081345613418432673e-12
1.521600000000000108e+01,-4.142527669634121362e-12
1.521799999999999997e+01,-4.214095149760071996e-12
1.522000000000000064e+01,-4.252525190544592437e-12
1.522199999999999953e+01,-4.127658260305627574e-12
1.522400000000000020e+01,-4.168861005082348985e-12
1.522600000000000087e+01,-4.228820536095007937e-12
1.522799999999999976e+01,-4.279951158962331100e-12
1.523000000000000043e+01,-4.352394333407978178e-12
1.523200000000000109e+01,-4.189034579695758722e-12
1.523399999999999999e+01,-4.238868632761020588e-12
1.523600000000000065e+01,-3.882924407577347101e-12
1.523799999999999955e+01,-4.111618775784014450e-12
1.524000000000000021e+01,-4.203879695118227497e-12
1.524200000000000088e+01,-4.253405358337093102e-12
1.524399999999999977e+01,-4.303824960860405008e-12
1.524600000000000044e+01,-4.180234370758910049e-12
1.524800000000000111e+01,-4.204112377177279629e-12
1.525000000000000000e+01,-4.272331066325240641e-12
1.525200000000000067e+01,-3.912909060307883730e-12
1.525399999999999956e+01,-4.149481285890071199e-12
1.525600000000000023e+01,-4.234265818110312415e-12
1.525800000000000090e+01,-4.282390928508200630e-12
1.525999999999999979e+01,-4.145078602758191690e-12
1.526200000000000045e+01,-4.393537204823413216e-12
1.526400000000000112e+01,-4.276905843572767287e-12
1.526600000000000001e+01,-4.294351813169048569e-12
1.526800000000000068e+01,-4.367444086627354498e-12
1.526999999999999957e+01,-4.205540297443237276e-12
1.527200000000000024e+01,-4.063144114070884184e-12
1.527400000000000091e+01,-4.092769415705888917e-12
1.527599999999999980e+01,-4.163965039151496830e-12
1.527800000000000047e+01,-4.211308241861742301e-12
1.528000000000000114e+01,-4.270509831506860835e-12
1.528200000000000003e+01,-4.146944572959192265e-12
1.528400000000000070e+01,-4.368036510249264617e-12
1.528599999999999959e+01,-4.257280755864672415e-12
1.528800000000000026e+01,-4.286909855123739549e-12
1.529000000000000092e+01,-3.937153612742074836e-12
1.529199999999999982e+01,-4.362586735145018440e-12
1.529400000000000048e+01,-4.066782786067153298e-12
1.529600000000000115e+01,-4.297275188916445108e-12
1.529800000000000004e+01,-3.964002625449948664e-12
1.530000000000000071e+01,-4.194500379902048171e-12
1.530199999999999960e+01,-4.262948065242889126e-12
1.530400000000000027e+01,-4.332315147609073102e-12
1.530600000000000094e+01,-4.373482841622933616e-12
1.530799999999999983e+01,-4.233019049676413980e-12
1.531000000000000050e+01,-4.084140783005834082e-12
1.531200000000000117e+01,-4.130272044436312823e-12
1.531400000000000006e+01,-4.172362175541350380e-12
1.531600000000000072e+01,-4.245054035005593928e-12
1.531799999999999962e+01,-4.288815363454564452e-12
1.532000000000000028e+01,-4.350036475474560844e-12
1.532200000000000095e+01,-4.226762575750234971e-12
1.532399999999999984e+01,-4.240064347959432364e-12
1.532600000000000051e+01,-4.115946696908365366e-12
1.532800000000000118e+01,-4.161444373073567629e-12
1.533000000000000007e+01,-4.208511706154598957e-12
1.533200000000000074e+01,-4.270673901000827802e-12
1.533399999999999963e+01,-4.328567384807621728e-12
1.533600000000000030e+01,-4.192235232736812511e-12
1.533800000000000097e+01,-4.228819330149600547e-12
1.533999999999999986e+01,-4.289874744526904640e-12
1.534200000000000053e+01,-4.351362547272292370e-12
1.534400000000000119e+01,-4.209689784172018829e-12
1.534600000000000009e+01,-4.242201669898209279e-12
1.534800000000000075e+01,-3.895300688698011341e-12
1.534999999999999964e+01,-4.123107905155878339e-12
1.535200000000000031e+01,-4.214323057491829237e-12
1.535400000000000098e+01,-4.262521032677695447e-12
1.535599999999999987e+01,-4.308818038169412762e-12
1.535800000000000054e+01,-4.588163366938901212e-12
1.535999999999999943e+01,-4.061140197095906108e-12
1.536200000000000010e+01,-4.054270404737910087e-12
1.536400000000000077e+01,-4.125390262383993376e-12
1.536599999999999966e+01,-4.187135008794392230e-12
1.536800000000000033e+01,-4.231657250709814460e-12
1.537000000000000099e+01,-4.295719161748675361e-12
1.537199999999999989e+01,-3.952114488277490378e-12
1.537400000000000055e+01,-4.176207378985914511e-12
1.537599999999999945e+01,-4.255214159943024359e-12
1.537800000000000011e+01,-4.319754502674000895e-12
1.538000000000000078e+01,-4.371293116495362962e-12
1.538199999999999967e+01,-4.216003136113374281e-12
1.538400000000000034e+01,-4.066881692024549005e-12
1.538600000000000101e+01,-4.106400875553560789e-12
1.538799999999999990e+01,-4.165601414301497945e-12
1.539000000000000057e+01,-4.219767374666366718e-12
1.539199999999999946e+01,-4.300023285269162518e-12
1.539400000000000013e+01,-4.343827391182671284e-12
1.539600000000000080e+01,-4.389069920665990366e-12
1.539799999999999969e+01,-4.065572791817154982e-12
1.540000000000000036e+01,-4.087355387592811671e-12
1.540200000000000102e+01,-4.334797460167511642e-12
1.540399999999999991e+01,-4.011850924795505286e-12
1.540600000000000058e+01,-4.439447177041091200e-12
1.540799999999999947e+01,-4.344241652548201588e-12
1.541000000000000014e+01,-4.378495179342336339e-12
1.541200000000000081e+01,-4.435274653121790740e-12
1.541399999999999970e+01,-4.088514964655288507e-12
1.541600000000000037e+01,-4.103528471167533597e-12
1.541800000000000104e+01,-4.171965697772359783e-12
1.541999999999999993e+01,-4.229178476023744543e-12
1.542200000000000060e+01,-4.292254190030712238e-12
1.542399999999999949e+01,-4.137157143768537530e-12
1.542600000000000016e+01,-3.987232736568861738e-12
1.542800000000000082e+01,-4.229964498110232436e-12
1.542999999999999972e+01,-4.508091147758143324e-12
1.543200000000000038e+01,-4.388924097526286275e-12
1.543400000000000105e+01,-4.009429449435961673e-12
1.543599999999999994e+01,-4.045570732143186551e-12
1.543800000000000061e+01,-4.103686252308583654e-12
1.543999999999999950e+01,-4.169800903959382375e-12
1.544200000000000017e+01,-4.222826836784705141e-12
1.544400000000000084e+01,-4.261815287556122887e-12
1.544599999999999973e+01,-4.142295123749612948e-12
1.544800000000000040e+01,-4.174981635644516538e-12
1.545000000000000107e+01,-4.239819685945520252e-12
1.545199999999999996e+01,-4.299344556665639012e-12
1.545400000000000063e+01,-4.160076031660606430e-12
1.545599999999999952e+01,-4.190850738280609780e-12
1.545800000000000018e+01,-4.261611202311039577e-12
1.546000000000000085e+01,-4.099573028780241853e-12
1.546199999999999974e+01,-4.165279659098154709e-12
1.546400000000000041e+01,-4.205397945767498015e-12
1.546600000000000108e+01,-4.284789808415352100e-12
1.546799999999999997e+01,-4.325390000168549369e-12
1.547000000000000064e+01,-4.399842099057013255e-12
1.547199999999999953e+01,-3.837906986162774924e-12
1.547400000000000020e+01,-4.038214761736758206e-12
1.547600000000000087e+01,-4.123623945211456292e-12
1.547799999999999976e+01,-4.188528695587389859e-12
1.548000000000000043e+01,-4.241931826673934188e-12
1.548200000000000109e+01,-4.304523801004550766e-12
1.548399999999999999e+01,-4.154351475486380996e-12
1.548600000000000065e+01,-4.208955400892344149e-12
1.548799999999999955e+01,-4.254552968060442146e-12
1.549000000000000021e+01,-4.527560210246304686e-12
1.549200000000000088e+01,-4.181929010031684539e-12
1.549399999999999977e+01,-4.016638024750245384e-12
1.549600000000000044e+01,-4.248739350999315724e-12
1.549800000000000111e+01,-4.131682486088175000e-12
1.550000000000000000e+01,-4.182725065636847675e-12
1.550200000000000067e+01,-4.440543909888227921e-12
1.550399999999999956e+01,-4.315016621678133936e-12
1.550600000000000023e+01,-4.156018341856800823e-12
1.550800000000000090e+01,-4.597676135462955101e-12
1.550999999999999979e+01,-3.879137888184006433e-12
1.551200000000000045e+01,-4.064085170560479187e-12
1.551400000000000112e+01,-4.147382746254310118e-12
1.551600000000000001e+01,-4.214409133504305989e-12
1.551800000000000068e+01,-4.268632774990759795e-12
1.551999999999999957e+01,-4.318051287959402803e-12
1.552200000000000024e+01,-4.192966137177297624e-12
1.552400000000000091e+01,-4.236986843131356647e-12
1.552599999999999980e+01,-4.275623865859914469e-12
1.552800000000000047e+01,-4.139930818908968502e-12
1.553000000000000114e+01,-4.385633186530925183e-12
1.553200000000000003e+01,-4.247861457706099875e-12
1.553400000000000070e+01,-4.105705326278125725e-12
1.553599999999999959e+01,-3.938556702784269994e-12
1.553800000000000026e+01,-4.167610747437223895e-12
1.554000000000000092e+01,-4.275606793530069479e-12
1.554199999999999982e+01,-4.099023823332043027e-12
1.554400000000000048e+01,-4.368253089615976733e-12
1.554600000000000115e+01,-4.022595664230047206e-12
1.554800000000000004e+01,-4.054309993412516888e-12
1.555000000000000071e+01,-4.111848878851833822e-12
1.555199999999999960e+01,-4.167151438169240099e-12
1.555400000000000027e+01,-4.232121476628412056e-12
1.555600000000000094e+01,-4.299201294736064961e-12
1.555799999999999983e+01,-4.555841790714861608e-12
1.556000000000000050e+01,-4.232447145753738780e-12
1.556200000000000117e+01,-4.234732661456430871e-12
1.556400000000000006e+01,-4.095903010747919652e-12
1.556600000000000072e+01,-4.161030294569829348e-12
1.556799999999999962e+01,-3.994699075736572633e-12
1.557000000000000028e+01,-4.246182185587413867e-12
1.557200000000000095e+01,-4.130388141053029384e-12
1.557399999999999984e+01,-4.158738028978153277e-12
1.557600000000000051e+01,-4.220802726165583823e-12
1.557800000000000118e+01,-4.280828186905095389e-12
1.558000000000000007e+01,-4.332588353314096778e-12
1.558200000000000074e+01,-4.391127528294458710e-12
1.558399999999999963e+01,-4.051784885085110746e-12
1.558600000000000030e+01,-4.081219027410687532e-12
1.558800000000000097e+01,-4.133179693666994353e-12
1.558999999999999986e+01,-4.395102282106037046e-12
1.559200000000000053e+01,-4.262016460868533691e-12
1.559400000000000119e+01,-4.509713544589787445e-12
1.559600000000000009e+01,-4.193418440931313227e-12
1.559800000000000075e+01,-4.213082310026716417e-12
1.559999999999999964e+01,-4.063458453866115812e-12
1.560200000000000031e+01,-4.100969160141094115e-12
1.560400000000000098e+01,-4.173267493676164048e-12
1.560599999999999987e+01,-4.229669268692637238e-12
1.560800000000000054e+01,-4.285192293605746801e-12
1.561000000000000121e+01,-4.149652988822411688e-12
1.561200000000000010e+01,-4.175543452152020799e-12
1.561400000000000077e+01,-4.029192161731662056e-12
1.561599999999999966e+01,-4.093277178816877603e-12
1.561800000000000033e+01,-4.344142085733552671e-12
1.562000000000000099e+01,-4.643108858944862286e-12
1.562199999999999989e+01,-4.079630060696811384e-12
1.562400000000000055e+01,-4.098985658241627764e-12
1.562599999999999945e+01,-4.166122815032943389e-12
1.562800000000000011e+01,-4.221354598643752780e-12
1.563000000000000078e+01,-4.270872166440605228e-12
1.563199999999999967e+01,-4.136810183404876504e-12
1.563400000000000034e+01,-4.178318311925675886e-12
1.563600000000000101e+01,-4.229106728571296626e-12
1.563799999999999990e+01,-4.086455635744197112e-12
1.564000000000000057e+01,-4.135840000943613428e-12
1.564199999999999946e+01,-4.000315812039315398e-12
1.564400000000000013e+01,-4.225563796635147401e-12
1.564600000000000080e+01,-4.335399816788741420e-12
1.564799999999999969e+01,-4.159411032747953745e-12
1.565000000000000036e+01,-4.410968092412872279e-12
1.565200000000000102e+01,-4.072204793593737278e-12
1.565399999999999991e+01,-4.316948559995444200e-12
1.565600000000000058e+01,-3.970610687257452080e-12
1.565799999999999947e+01,-4.208481434245811975e-12
1.566000000000000014e+01,-4.078054495161404734e-12
1.566200000000000081e+01,-4.121204467758850424e-12
1.566399999999999970e+01,-3.970131254872434780e-12
1.566600000000000037e+01,-4.225141236566513568e-12
1.566800000000000104e+01,-4.293229074949066339e-12
1.566999999999999993e+01,-4.360457140544788165e-12
1.567200000000000060e+01,-4.408678783700613497e-12
1.567399999999999949e+01,-4.285707191319396128e-12
1.567600000000000016e+01,-4.318740746708231786e-12
1.567800000000000082e+01,-3.969345435461154923e-12
1.567999999999999972e+01,-4.199255351554291519e-12
1.568200000000000038e+01,-4.274789577776953521e-12
1.568400000000000105e+01,-4.133706229080918983e-12
1.568599999999999994e+01,-4.168708619963302429e-12
1.568800000000000061e+01,-4.024123990488900722e-12
1.568999999999999950e+01,-4.261885226311682470e-12
1.569200000000000017e+01,-4.562431124183126249e-12
1.569400000000000084e+01,-4.404421329354409087e-12
1.569599999999999973e+01,-4.278482570885351635e-12
1.569800000000000040e+01,-4.093629878079497823e-12
1.570000000000000107e+01,-4.143669465866431572e-12
1.570199999999999996e+01,-4.197977592106852439e-12
1.570400000000000063e+01,-4.472882025217495771e-12
1.570599999999999952e+01,-4.529741024435201470e-12
1.570800000000000018e+01,-3.988067840698156063e-12
1.571000000000000085e+01,-4.198041413202335067e-12
1.571199999999999974e+01,-4.094799504941551528e-12
1.571400000000000041e+01,-3.906686359320024201e-12
1.571600000000000108e+01,-4.366725746515106945e-12
1.571799999999999997e+01,-4.260218854351003484e-12
1.572000000000000064e+01,-4.300657701473189141e-12
1.572199999999999953e+01,-3.945001545816247223e-12
1.572400000000000020e+01,-4.184391615789775074e-12
1.572600000000000087e+01,-4.252986535360265970e-12
1.572799999999999976e+01,-4.313653953628497389e-12
1.573000000000000043e+01,-4.365063020775019229e-12
1.573200000000000109e+01,-4.231374784800918052e-12
1.573399999999999999e+01,-4.069165677260552989e-12
1.573600000000000065e+01,-4.100475418165900520e-12
1.573799999999999955e+01,-4.157718772125772623e-12
1.574000000000000021e+01,-4.436075429775331448e-12
1.574200000000000088e+01,-4.291757963489317218e-12
1.574399999999999977e+01,-4.144544024906288605e-12
1.574600000000000044e+01,-3.979644162074356378e-12
1.574800000000000111e+01,-4.424493984584190907e-12
1.575000000000000000e+01,-4.132545147790688859e-12
1.575200000000000067e+01,-4.344210312753904769e-12
1.575399999999999956e+01,-4.417550346644913121e-12
1.575600000000000023e+01,-4.274424678139313749e-12
1.575800000000000090e+01,-4.121106451725121485e-12
1.575999999999999979e+01,-4.370033266524876255e-12
1.576200000000000045e+01,-4.033925671437680337e-12
1.576400000000000112e+01,-4.255369735317607265e-12
1.576600000000000001e+01,-4.337929352461808151e-12
1.576800000000000068e+01,-4.192452190714903310e-12
1.576999999999999957e+01,-4.033043041291983826e-12
1.577200000000000024e+01,-4.058258153966299795e-12
1.577400000000000091e+01,-4.133112192391055950e-12
1.577599999999999980e+01,-4.190486900361819298e-12
1.577800000000000047e+01,-4.267014481375256039e-12
1.578000000000000114e+01,-4.300178914452835433e-12
1.578200000000000003e+01,-4.372741010392529172e-12
1.578400000000000070e+01,-4.223138544645847392e-12
1.578599999999999959e+01,-4.049878491735956819e-12
1.578800000000000026e+01,-4.113277301873037481e-12
1.579000000000000092e+01,-4.165017459782532466e-12
1.579199999999999982e+01,-4.225338009133897056e-12
1.579400000000000048e+01,-4.279247298220375462e-12
1.579600000000000115e+01,-4.123967366302130777e-12
1.579800000000000004e+01,-4.183652251857289810e-12
1.580000000000000071e+01,-4.443810364149306893e-12
1.580199999999999960e+01,-4.306801187726925838e-12
1.580400000000000027e+01,-4.355891039979512786e-12
1.580600000000000094e+01,-4.217661219742448836e-12
1.580799999999999983e+01,-4.046576606286900181e-12
1.581000000000000050e+01,-3.901494696586206281e-12
1.581200000000000117e+01,-4.129311197699420267e-12
1.581400000000000006e+01,-4.214250499452256616e-12
1.581600000000000072e+01,-4.279398554648602867e-12
1.581799999999999962e+01,-4.333645482251955873e-12
1.582000000000000028e+01,-4.197573567081635770e-12
1.582200000000000095e+01,-4.216228146882734966e-12
1.582399999999999984e+01,-4.093815297785601282e-12
1.582600000000000051e+01,-4.123699205247838815e-12
1.582800000000000118e+01,-4.187582250113734811e-12
1.583000000000000007e+01,-4.246241533592814364e-12
1.583200000000000074e+01,-4.306591035279572912e-12
1.583399999999999963e+01,-4.156793459971534324e-12
1.583600000000000030e+01,-4.198497327524530999e-12
1.583800000000000097e+01,-4.276047772052908220e-12
1.583999999999999986e+01,-4.307419488645440316e-12
1.584200000000000053e+01,-4.384774374602810535e-12
1.584400000000000119e+01,-4.040228601245612067e-12
1.584600000000000009e+01,-4.263307924661505364e-12
1.584800000000000075e+01,-4.135344809032400285e-12
1.584999999999999964e+01,-4.185409351093148324e-12
1.585200000000000031e+01,-4.015203546465919831e-12
1.585400000000000098e+01,-4.301909138536756696e-12
1.585599999999999987e+01,-4.341365137254176835e-12
1.585800000000000054e+01,-4.209804976667427830e-12
1.586000000000000121e+01,-4.258371216985329975e-12
1.586200000000000010e+01,-4.108982111924225884e-12
1.586400000000000077e+01,-4.152797471146925652e-12
1.586599999999999966e+01,-4.215079594240547402e-12
1.586800000000000033e+01,-4.068637936677839360e-12
1.587000000000000099e+01,-4.324124697083342423e-12
1.587199999999999989e+01,-4.180569806537408424e-12
1.587400000000000055e+01,-4.226836279043829602e-12
1.587599999999999945e+01,-4.288276305705358585e-12
1.587800000000000011e+01,-4.344662153005020561e-12
1.588000000000000078e+01,-4.203919490977823765e-12
1.588199999999999967e+01,-4.250636978657184422e-12
1.588400000000000034e+01,-4.100633749183879506e-12
1.588600000000000101e+01,-4.346829254307901639e-12
1.588799999999999990e+01,-4.211725462627084178e-12
1.589000000000000057e+01,-4.256039422972185892e-12
1.589199999999999946e+01,-4.524749216260575949e-12
1.589400000000000013e+01,-4.399179609789263722e-12
1.589600000000000080e+01,-3.834429995305528941e-12
1.589799999999999969e+01,-4.029504046632079268e-12
1.590000000000000036e+01,-4.119586494615532242e-12
1.590200000000000102e+01,-3.976451203949336243e-12
1.590399999999999991e+01,-4.212642727099133644e-12
1.590600000000000058e+01,-4.309977442441813979e-12
1.590799999999999947e+01,-3.943240340042022009e-12
1.591000000000000014e+01,-4.171859737955908801e-12
1.591200000000000081e+01,-4.251779946276203988e-12
1.591399999999999970e+01,-4.310171216173261000e-12
1.591600000000000037e+01,-4.358134771254787164e-12
1.591800000000000104e+01,-4.034115349764876659e-12
1.591999999999999993e+01,-4.236573258628689171e-12
1.592200000000000060e+01,-4.132277917606294817e-12
1.592399999999999949e+01,-4.365512109624444382e-12
1.592600000000000016e+01,-4.237483491691075190e-12
1.592800000000000082e+01,-4.278198033661211655e-12
1.592999999999999972e+01,-4.343083635484045927e-12
1.593200000000000038e+01,-4.407422969822806920e-12
1.593400000000000105e+01,-4.045948331630089681e-12
1.593599999999999994e+01,-4.085721062882934833e-12
1.593800000000000061e+01,-4.140362139406946118e-12
1.593999999999999950e+01,-4.403098669050806500e-12
1.594200000000000017e+01,-4.273810152805213439e-12
1.594400000000000084e+01,-4.301757376253256720e-12
1.594599999999999973e+01,-4.179985896130920341e-12
1.594800000000000040e+01,-4.221711560460767029e-12
1.595000000000000107e+01,-4.468265435683892749e-12
1.595199999999999996e+01,-4.143751995087810482e-12
1.595400000000000063e+01,-4.380805822621424583e-12
1.595599999999999952e+01,-4.465881158759781101e-12
1.595800000000000018e+01,-4.302823201157837445e-12
1.596000000000000085e+01,-4.141239041735521460e-12
1.596199999999999974e+01,-4.184608920737177284e-12
1.596400000000000041e+01,-4.245260225601826964e-12
1.596600000000000108e+01,-4.312219666414916374e-12
1.596799999999999997e+01,-4.155091280312632257e-12
1.597000000000000064e+01,-3.795843586162747996e-12
1.597199999999999953e+01,-4.027338095362386245e-12
1.597400000000000020e+01,-4.318251522408915472e-12
1.597600000000000087e+01,-4.181467136875903857e-12
1.597799999999999976e+01,-4.222582745206964079e-12
1.598000000000000043e+01,-4.271253343062115424e-12
1.598200000000000109e+01,-4.133809243914053887e-12
1.598399999999999999e+01,-4.190717774245353259e-12
1.598600000000000065e+01,-4.247042572537210603e-12
1.598799999999999955e+01,-4.283840446348542763e-12
1.599000000000000021e+01,-4.155026604370043617e-12
1.599200000000000088e+01,-4.011463182712493666e-12
1.599399999999999977e+01,-4.240635928518047677e-12
1.599600000000000044e+01,-4.318483800518343931e-12
1.599800000000000111e+01,-4.181689493463420729e-12
1.600000000000000000e+01,-4.406596191340774921e-12
1.600199999999999889e+01,-4.286372815236563932e-12
1.600400000000000134e+01,-4.345936129944589790e-12
1.600600000000000023e+01,-4.377169278430798237e-12
1.600799999999999912e+01,-4.050234452834004328e-12
1.601000000000000156e+01,-4.072902617336848196e-12
1.601200000000000045e+01,-4.129821305301330076e-12
1.601399999999999935e+01,-4.181860968937346381e-12
1.601600000000000179e+01,-4.246094977958314706e-12
1.601800000000000068e+01,-4.313613730923005333e-12
1.601999999999999957e+01,-4.162288031793158681e-12
1.602200000000000202e+01,-3.995513435785854954e-12
1.602400000000000091e+01,-4.243990768942994619e-12
1.602599999999999980e+01,-4.126248087405190702e-12
1.602799999999999869e+01,-4.352429334926781151e-12
1.603000000000000114e+01,-4.230857259392133444e-12
1.603200000000000003e+01,-4.076341831681028169e-12
1.603399999999999892e+01,-3.907825244525892387e-12
1.603600000000000136e+01,-4.166819083087302118e-12
1.603800000000000026e+01,-4.229656103947816150e-12
1.603999999999999915e+01,-4.293512128361582405e-12
1.604200000000000159e+01,-4.353769560444548353e-12
1.604400000000000048e+01,-4.620399513642368842e-12
1.604599999999999937e+01,-3.874427128947219487e-12
1.604800000000000182e+01,-4.275238856323502563e-12
1.605000000000000071e+01,-4.151987936135080078e-12
1.605199999999999960e+01,-4.013354447314206956e-12
1.605400000000000205e+01,-4.454085525256315624e-12
1.605600000000000094e+01,-4.552204662566762316e-12
1.605799999999999983e+01,-4.206768448462734683e-12
1.605999999999999872e+01,-4.221548237323639391e-12
1.606200000000000117e+01,-4.084889493362762228e-12
1.606400000000000006e+01,-4.119384024520040631e-12
1.606599999999999895e+01,-4.385556712265209818e-12
1.606800000000000139e+01,-4.266585071531830290e-12
1.607000000000000028e+01,-4.098439650849095096e-12
1.607199999999999918e+01,-4.137907830620727444e-12
1.607400000000000162e+01,-4.199871329594103681e-12
1.607600000000000051e+01,-4.059434294586213416e-12
1.607799999999999940e+01,-4.287353696496579527e-12
1.608000000000000185e+01,-4.185827726995339822e-12
1.608200000000000074e+01,-4.006279819618535469e-12
1.608399999999999963e+01,-4.271761508453532236e-12
1.608600000000000207e+01,-4.119533413333096355e-12
1.608800000000000097e+01,-4.191515368785365049e-12
1.608999999999999986e+01,-4.230918950006263742e-12
1.609199999999999875e+01,-4.094596399809197830e-12
1.609400000000000119e+01,-4.533047590858748880e-12
1.609600000000000009e+01,-4.212828560219110764e-12
1.609799999999999898e+01,-4.263743397709238918e-12
1.610000000000000142e+01,-4.092758988954316643e-12
1.610200000000000031e+01,-4.142917026461336711e-12
1.610399999999999920e+01,-4.011199166480833794e-12
1.610600000000000165e+01,-4.252392517821763461e-12
1.610800000000000054e+01,-3.917374954721629662e-12
1.610999999999999943e+01,-4.152806367001653282e-12
1.611200000000000188e+01,-4.217652664565458104e-12
1.611400000000000077e+01,-4.294033350278930256e-12
1.611599999999999966e+01,-4.350773058917055666e-12
1.611800000000000210e+01,-4.390949554512006223e-12
1.612000000000000099e+01,-4.050174614139195845e-12
1.612199999999999989e+01,-4.085770789744970523e-12
1.612399999999999878e+01,-4.134271024041671374e-12
1.612600000000000122e+01,-4.202669223835430127e-12
1.612800000000000011e+01,-4.246680557581225576e-12
1.612999999999999901e+01,-4.523351041083916211e-12
1.613200000000000145e+01,-3.976120758244224271e-12
1.613400000000000034e+01,-4.195718093880211606e-12
1.613599999999999923e+01,-4.473684063144449125e-12
1.613800000000000168e+01,-3.939794314283390276e-12
1.614000000000000057e+01,-4.356704529047653223e-12
1.614199999999999946e+01,-4.236082696044456444e-12
1.614400000000000190e+01,-4.096475331606160081e-12
1.614600000000000080e+01,-4.125165246410960626e-12
1.614799999999999969e+01,-4.190775239117389441e-12
1.614999999999999858e+01,-4.243667091678706192e-12
1.615200000000000102e+01,-4.304856215198766949e-12
1.615399999999999991e+01,-4.569504802717269138e-12
1.615599999999999881e+01,-4.247375363622448317e-12
1.615800000000000125e+01,-4.058444613579784990e-12
1.616000000000000014e+01,-3.896306361275312156e-12
1.616199999999999903e+01,-4.147335361060347200e-12
1.616400000000000148e+01,-4.222639357353791042e-12
1.616600000000000037e+01,-4.286326923729436660e-12
1.616799999999999926e+01,-4.329474218180559598e-12
1.617000000000000171e+01,-4.193669734155014578e-12
1.617200000000000060e+01,-4.244232216216296760e-12
1.617399999999999949e+01,-4.298000708435772127e-12
1.617600000000000193e+01,-3.962303373472465716e-12
1.617800000000000082e+01,-4.178063100521638596e-12
1.617999999999999972e+01,-4.453786066321492739e-12
1.618199999999999861e+01,-4.127788933861596716e-12
1.618400000000000105e+01,-4.157484289311888062e-12
1.618599999999999994e+01,-4.411863076089892349e-12
1.618799999999999883e+01,-4.502576348617987889e-12
1.619000000000000128e+01,-4.539096250984588652e-12
1.619200000000000017e+01,-4.203972564300205298e-12
1.619399999999999906e+01,-4.015389220882623153e-12
1.619600000000000151e+01,-4.087806243154405098e-12
1.619800000000000040e+01,-4.123966817348924293e-12
1.619999999999999929e+01,-4.189375066727768219e-12
1.620200000000000173e+01,-4.249757431322420501e-12
1.620400000000000063e+01,-4.300672874283823688e-12
1.620599999999999952e+01,-4.157357863245231113e-12
1.620800000000000196e+01,-3.996216015337761262e-12
1.621000000000000085e+01,-4.255566986054981395e-12
1.621199999999999974e+01,-4.113307283431958886e-12
1.621399999999999864e+01,-4.152725014022716486e-12
1.621600000000000108e+01,-4.224606704348084001e-12
1.621799999999999997e+01,-4.279546377621310525e-12
1.621999999999999886e+01,-4.133786647162759577e-12
1.622200000000000131e+01,-4.181694814003909752e-12
1.622400000000000020e+01,-4.026902121682380261e-12
1.622599999999999909e+01,-4.287027475065358897e-12
1.622800000000000153e+01,-4.342802809617063965e-12
1.623000000000000043e+01,-4.423120409263044833e-12
1.623199999999999932e+01,-4.072038042603796632e-12
1.623400000000000176e+01,-4.090252860509884933e-12
1.623600000000000065e+01,-4.158467641531566426e-12
1.623799999999999955e+01,-4.000260562824105846e-12
1.624000000000000199e+01,-4.258380316057043095e-12
1.624200000000000088e+01,-4.326749812020924504e-12
1.624399999999999977e+01,-3.989621049494971419e-12
1.624599999999999866e+01,-4.412514081332710266e-12
1.624800000000000111e+01,-4.508090959704709707e-12
1.625000000000000000e+01,-4.153785487254055570e-12
1.625199999999999889e+01,-4.186954779235708761e-12
1.625400000000000134e+01,-4.240721127212611175e-12
1.625600000000000023e+01,-4.309443020417291767e-12
1.625799999999999912e+01,-4.153531609456859168e-12
1.626000000000000156e+01,-4.412342369144339084e-12
1.626200000000000045e+01,-4.471159911527725581e-12
1.626399999999999935e+01,-3.919604154350896061e-12
1.626600000000000179e+01,-4.152409437777124239e-12
1.626800000000000068e+01,-3.997543265029555284e-12
1.626999999999999957e+01,-4.059417539481550210e-12
1.627200000000000202e+01,-4.136829931731126710e-12
1.627400000000000091e+01,-4.171534721384181899e-12
1.627599999999999980e+01,-4.230611068359400604e-12
1.627799999999999869e+01,-4.294092282756558263e-12
1.628000000000000114e+01,-4.363362971416777381e-12
1.628200000000000003e+01,-4.207494756585928626e-12
1.628399999999999892e+01,-4.044688039908944908e-12
1.628600000000000136e+01,-4.287901374537025963e-12
1.628800000000000026e+01,-4.166876386778738539e-12
1.628999999999999915e+01,-4.012976647519738734e-12
1.629200000000000159e+01,-4.448360484249124171e-12
1.629400000000000048e+01,-4.349301220870293882e-12
1.629599999999999937e+01,-3.980369174463403191e-12
1.629800000000000182e+01,-4.004789383326719514e-12
1.630000000000000071e+01,-4.262091390290591601e-12
1.630199999999999960e+01,-4.348998901588060274e-12
1.630400000000000205e+01,-4.412792685508524061e-12
1.630600000000000094e+01,-4.040546473909423117e-12
1.630799999999999983e+01,-4.090453229491481318e-12
1.630999999999999872e+01,-4.136206704399747744e-12
1.631200000000000117e+01,-4.195004791208519413e-12
1.631400000000000006e+01,-4.267933972803519468e-12
1.631599999999999895e+01,-4.308241900520023282e-12
1.631800000000000139e+01,-4.374330873831180165e-12
1.632000000000000028e+01,-4.238775532807618539e-12
1.632199999999999918e+01,-4.058764781994278473e-12
1.632400000000000162e+01,-4.123945704071460477e-12
1.632600000000000051e+01,-4.179421462167401110e-12
1.632799999999999940e+01,-4.024791374825662240e-12
1.633000000000000185e+01,-4.288083682286409592e-12
1.633200000000000074e+01,-4.140798984539975484e-12
1.633399999999999963e+01,-4.188607022051385622e-12
1.633600000000000207e+01,-4.247681481954311756e-12
1.633800000000000097e+01,-4.316567731954662720e-12
1.633999999999999986e+01,-4.162580002652893251e-12
1.634199999999999875e+01,-4.406614525206011319e-12
1.634400000000000119e+01,-4.278191208374430498e-12
1.634600000000000009e+01,-4.113721457101467933e-12
1.634799999999999898e+01,-4.173799027936171379e-12
1.635000000000000142e+01,-4.429538203786999549e-12
1.635200000000000031e+01,-4.302257124116364152e-12
1.635399999999999920e+01,-4.317271748387081453e-12
1.635600000000000165e+01,-4.207977468956664252e-12
1.635800000000000054e+01,-4.032276726425181696e-12
1.635999999999999943e+01,-4.079054009220269226e-12
1.636200000000000188e+01,-3.927600894559570164e-12
1.636400000000000077e+01,-4.174762167473426574e-12
1.636599999999999966e+01,-4.269643147751790315e-12
1.636800000000000210e+01,-4.309054955361743262e-12
1.637000000000000099e+01,-4.163292059390591831e-12
1.637199999999999989e+01,-4.212143051451445507e-12
1.637399999999999878e+01,-4.274890719542294820e-12
1.637600000000000122e+01,-4.134414204088492801e-12
1.637800000000000011e+01,-4.364800001214550082e-12
1.637999999999999901e+01,-4.251549516576381314e-12
1.638200000000000145e+01,-4.087457755375347531e-12
1.638400000000000034e+01,-4.342010387455844202e-12
1.638599999999999923e+01,-4.195607178671541029e-12
1.638800000000000168e+01,-4.243500248359183035e-12
1.639000000000000057e+01,-4.099091519735364287e-12
1.639199999999999946e+01,-4.352098479201746652e-12
1.639400000000000190e+01,-4.214509275324578289e-12
1.639600000000000080e+01,-4.065613757623421556e-12
1.639799999999999969e+01,-4.102164999544061136e-12
1.639999999999999858e+01,-4.364509590054327384e-12
1.640200000000000102e+01,-4.229625606101972344e-12
1.640399999999999991e+01,-4.083727163969270259e-12
1.640599999999999881e+01,-4.121857363829183178e-12
1.640800000000000125e+01,-4.170155807515031662e-12
1.641000000000000014e+01,-4.228078737349018507e-12
1.641199999999999903e+01,-4.297979118686655984e-12
1.641400000000000148e+01,-4.361653400343962179e-12
1.641600000000000037e+01,-4.198240527080310361e-12
1.641799999999999926e+01,-4.263398893730976619e-12
1.642000000000000171e+01,-4.104006935762425382e-12
1.642200000000000060e+01,-4.150317528940304549e-12
1.642399999999999949e+01,-4.211073609684708369e-12
1.642600000000000193e+01,-4.264160967234039492e-12
1.642800000000000082e+01,-4.336728069367431092e-12
1.642999999999999972e+01,-4.381714078555590875e-12
1.643199999999999861e+01,-4.251542348262360125e-12
1.643400000000000105e+01,-4.091695479813180854e-12
1.643599999999999994e+01,-4.117944165289939347e-12
1.643799999999999883e+01,-4.177397875355047019e-12
1.644000000000000128e+01,-4.247579209633006852e-12
1.644200000000000017e+01,-4.514385048606123607e-12
1.644399999999999906e+01,-4.161459130173629233e-12
1.644600000000000151e+01,-4.208055952862350900e-12
1.644800000000000040e+01,-4.264066602346808415e-12
1.644999999999999929e+01,-4.119727164561627956e-12
1.645200000000000173e+01,-4.157976071409403413e-12
1.645400000000000063e+01,-4.216247509173141080e-12
1.645599999999999952e+01,-3.873379760315522697e-12
1.645800000000000196e+01,-3.901934780488327658e-12
1.646000000000000085e+01,-4.186354078624338058e-12
1.646199999999999974e+01,-4.213775011042750293e-12
1.646399999999999864e+01,-4.304940057742287002e-12
1.646600000000000108e+01,-4.351918205565454197e-12
1.646799999999999997e+01,-4.421097821646374496e-12
1.646999999999999886e+01,-4.464475980321763078e-12
1.647200000000000131e+01,-4.125432355303240968e-12
1.647400000000000020e+01,-4.163054516208120123e-12
1.647599999999999909e+01,-4.208724000674554632e-12
1.647800000000000153e+01,-4.276633937739698579e-12
1.648000000000000043e+01,-4.316794409206594072e-12
1.648199999999999932e+01,-4.383556224863162795e-12
1.648400000000000176e+01,-4.245636381017131899e-12
1.648600000000000065e+01,-4.474966361104537204e-12
1.648799999999999955e+01,-4.158889013622427241e-12
1.649000000000000199e+01,-4.173143895561157343e-12
1.649200000000000088e+01,-4.249775229409845412e-12
1.649399999999999977e+01,-4.087323683675593955e-12
1.649599999999999866e+01,-4.146066127944552659e-12
1.649800000000000111e+01,-4.186977228441704265e-12
1.650000000000000000e+01,-4.270165004866064549e-12
1.650199999999999889e+01,-4.315305671558286904e-12
1.650400000000000134e+01,-4.381136538277801071e-12
1.650600000000000023e+01,-4.020879260383988898e-12
1.650799999999999912e+01,-4.061166838575339182e-12
1.651000000000000156e+01,-4.126104937146482455e-12
1.651200000000000045e+01,-4.163472567557323392e-12
1.651399999999999935e+01,-4.227379707885255836e-12
1.651600000000000179e+01,-4.309837453891715835e-12
1.651800000000000068e+01,-4.132940873463653434e-12
1.651999999999999957e+01,-4.194227362569426711e-12
1.652200000000000202e+01,-4.247249052850582287e-12
1.652400000000000091e+01,-4.108504458344868889e-12
1.652599999999999980e+01,-3.951623090990424550e-12
1.652799999999999869e+01,-4.186265115948507188e-12
1.653000000000000114e+01,-4.260268270074590802e-12
1.653200000000000003e+01,-4.322820148866543283e-12
1.653399999999999892e+01,-4.190034921366798673e-12
1.653600000000000136e+01,-4.027908676197295461e-12
1.653800000000000026e+01,-4.259678421354999732e-12
1.653999999999999915e+01,-4.550486683084751457e-12
1.654200000000000159e+01,-4.221147457967684958e-12
1.654400000000000048e+01,-4.037982098695863054e-12
1.654599999999999937e+01,-4.079880420202554418e-12
1.654800000000000182e+01,-4.139216126918970559e-12
1.655000000000000071e+01,-4.415122438228481230e-12
1.655199999999999960e+01,-4.270374500308964763e-12
1.655400000000000205e+01,-4.103321191549789650e-12
1.655600000000000094e+01,-4.357907459822920528e-12
1.655799999999999983e+01,-4.437977525986252355e-12
1.655999999999999872e+01,-4.075650415221728493e-12
1.656200000000000117e+01,-4.108436681483967424e-12
1.656400000000000006e+01,-4.186407208159639273e-12
1.656599999999999895e+01,-4.226595505328249596e-12
1.656800000000000139e+01,-4.086769429884670381e-12
1.657000000000000028e+01,-3.924671901812409231e-12
1.657199999999999918e+01,-4.155690026108914018e-12
1.657400000000000162e+01,-4.247444548138107445e-12
1.657600000000000051e+01,-4.308193252551433652e-12
1.657799999999999940e+01,-4.357169535888180251e-12
1.658000000000000185e+01,-4.429523806120363539e-12
1.658200000000000074e+01,-4.072320443566100759e-12
1.658399999999999963e+01,-4.106240999244031087e-12
1.658600000000000207e+01,-4.158192469459784465e-12
1.658800000000000097e+01,-4.432982879696960934e-12
1.658999999999999986e+01,-4.294777792653800038e-12
1.659199999999999875e+01,-4.549492342205083670e-12
1.659400000000000119e+01,-4.212629439169132208e-12
1.659600000000000009e+01,-4.242601978058623146e-12
1.659799999999999898e+01,-3.890021736392267645e-12
1.660000000000000142e+01,-4.123327991643182909e-12
1.660200000000000031e+01,-4.179585274775161227e-12
1.660399999999999920e+01,-4.058770581901512385e-12
1.660600000000000165e+01,-4.304525538545697138e-12
1.660800000000000054e+01,-4.169143586890298212e-12
1.660999999999999943e+01,-4.619150066860285698e-12
1.661200000000000188e+01,-4.511730218860367752e-12
1.661400000000000077e+01,-4.145210517521740553e-12
1.661599999999999966e+01,-4.168262275159065411e-12
1.661800000000000210e+01,-4.028031745148954014e-12
1.662000000000000099e+01,-3.867383729578607618e-12
1.662199999999999989e+01,-4.113389704394803661e-12
1.662399999999999878e+01,-4.187631195103639958e-12
1.662600000000000122e+01,-4.245460948147962106e-12
1.662800000000000011e+01,-4.524029900552377322e-12
1.662999999999999901e+01,-4.165097463058066047e-12
1.663200000000000145e+01,-4.204875377741013116e-12
1.663400000000000034e+01,-4.455543785950040420e-12
1.663599999999999923e+01,-4.136621081925736904e-12
1.663800000000000168e+01,-3.955645438604831181e-12
1.664000000000000057e+01,-4.419018199873729402e-12
1.664199999999999946e+01,-4.291132862222298898e-12
1.664400000000000190e+01,-3.728539472992142538e-12
1.664600000000000080e+01,-3.952701789683540462e-12
1.664799999999999969e+01,-4.209273901961900480e-12
1.664999999999999858e+01,-4.507074040857986153e-12
1.665200000000000102e+01,-4.574856761959563794e-12
1.665399999999999991e+01,-4.624792400553358686e-12
1.665599999999999881e+01,-3.869846263002589748e-12
1.665800000000000125e+01,-4.085180790214207607e-12
1.666000000000000014e+01,-4.347250075218194456e-12
1.666199999999999903e+01,-4.437295437242488615e-12
1.666400000000000148e+01,-4.280155449554205800e-12
1.666600000000000037e+01,-4.132592086522702522e-12
1.666799999999999926e+01,-3.962439818846417355e-12
1.667000000000000171e+01,-4.215386004632001391e-12
1.667200000000000060e+01,-4.077070801386965572e-12
1.667399999999999949e+01,-4.139380356296534243e-12
1.667600000000000193e+01,-4.176735567476325124e-12
1.667800000000000082e+01,-4.449837248475475009e-12
1.667999999999999972e+01,-4.112072116881033952e-12
1.668199999999999861e+01,-4.148436825892217513e-12
1.668400000000000105e+01,-4.204393777559337790e-12
1.668599999999999994e+01,-4.475119254304940723e-12
1.668799999999999883e+01,-4.333198481841473605e-12
1.669000000000000128e+01,-4.176006532410142934e-12
1.669200000000000017e+01,-4.017677945014211600e-12
1.669399999999999906e+01,-3.858018981559727613e-12
1.669600000000000151e+01,-4.309675007032572247e-12
1.669800000000000040e+01,-4.196519092478139992e-12
1.669999999999999929e+01,-4.229812816696754289e-12
1.670200000000000173e+01,-4.082918829087974512e-12
1.670400000000000063e+01,-4.128403725482515078e-12
1.670599999999999952e+01,-4.406793317034750269e-12
1.670800000000000196e+01,-4.269159167298435028e-12
1.671000000000000085e+01,-4.113549221418268702e-12
1.671199999999999974e+01,-4.358241467039273016e-12
1.671399999999999864e+01,-4.216523566238582049e-12
1.671600000000000108e+01,-4.272437016589760491e-12
1.671799999999999997e+01,-4.117094124355286764e-12
1.671999999999999886e+01,-4.155616197063202111e-12
1.672200000000000131e+01,-4.232410234671572493e-12
1.672400000000000020e+01,-4.298334269736238965e-12
1.672599999999999909e+01,-4.330855060376265439e-12
1.672800000000000153e+01,-4.415768074059125648e-12
1.673000000000000043e+01,-4.048824036705122261e-12
1.673199999999999932e+01,-4.086212907458951198e-12
1.673400000000000176e+01,-4.348704212645460445e-12
1.673600000000000065e+01,-4.016223647408100346e-12
1.673799999999999955e+01,-4.242460005210508905e-12
1.674000000000000199e+01,-4.117918511549010722e-12
1.674200000000000088e+01,-4.157858696236790950e-12
1.674399999999999977e+01,-4.217704071380577143e-12
1.674599999999999866e+01,-4.267540722626127981e-12
1.674800000000000111e+01,-4.132304386029917268e-12
1.675000000000000000e+01,-3.980319468104984959e-12
1.675199999999999889e+01,-4.412171414971577883e-12
1.675400000000000134e+01,-4.105093324536459507e-12
1.675600000000000023e+01,-4.122752131392063217e-12
1.675799999999999912e+01,-4.189309592124760961e-12
1.676000000000000156e+01,-4.046097130421235764e-12
1.676200000000000045e+01,-4.297246643081661059e-12
1.676399999999999935e+01,-4.576692942109906270e-12
1.676600000000000179e+01,-4.244877935473213633e-12
1.676800000000000068e+01,-4.056523980429523107e-12
1.676999999999999957e+01,-4.120067777336398863e-12
1.677200000000000202e+01,-4.150503042878455037e-12
1.677400000000000091e+01,-4.225277167375340253e-12
1.677599999999999980e+01,-4.078425169717896089e-12
1.677799999999999869e+01,-4.326413639434437815e-12
1.678000000000000114e+01,-4.211062996790512310e-12
1.678200000000000003e+01,-4.231827467499905231e-12
1.678399999999999892e+01,-4.091821867257077021e-12
1.678600000000000136e+01,-4.136591648089898592e-12
1.678800000000000026e+01,-4.197227597672567108e-12
1.678999999999999915e+01,-4.268928899346777568e-12
1.679200000000000159e+01,-4.308717400974008761e-12
1.679400000000000048e+01,-4.182502412682587377e-12
1.679599999999999937e+01,-4.415423229634002738e-12
1.679800000000000182e+01,-4.296569666553837643e-12
1.680000000000000071e+01,-4.544738122408561490e-12
1.680199999999999960e+01,-4.206076481964723606e-12
1.680400000000000205e+01,-4.229157247266802348e-12
1.680600000000000094e+01,-4.095094020718226356e-12
1.680799999999999983e+01,-4.336938001463078488e-12
1.680999999999999872e+01,-4.209825673467769461e-12
1.681200000000000117e+01,-4.244814860566958824e-12
1.681400000000000006e+01,-4.306762240229597266e-12
1.681599999999999895e+01,-4.363903581650441307e-12
1.681800000000000139e+01,-4.233743466651072690e-12
1.682000000000000028e+01,-4.059276382544763616e-12
1.682199999999999918e+01,-3.909864594011540625e-12
1.682400000000000162e+01,-4.149533654105478808e-12
1.682600000000000051e+01,-4.221396191253673309e-12
1.682799999999999940e+01,-4.282639359481163209e-12
1.683000000000000185e+01,-4.128273505173767283e-12
1.683200000000000074e+01,-3.981636451315078189e-12
1.683399999999999963e+01,-4.220957213047998902e-12
1.683600000000000207e+01,-4.307051432731489088e-12
1.683800000000000097e+01,-3.944314003925945064e-12
1.683999999999999986e+01,-4.181264330898086927e-12
1.684199999999999875e+01,-4.055471667223196083e-12
1.684400000000000119e+01,-4.096708270396294426e-12
1.684600000000000009e+01,-4.167739816423036193e-12
1.684799999999999898e+01,-4.215832296204054371e-12
1.685000000000000142e+01,-4.266160175578616240e-12
1.685200000000000031e+01,-4.128016658567915882e-12
1.685399999999999920e+01,-4.376080412820055793e-12
1.685600000000000165e+01,-4.231823680130341915e-12
1.685800000000000054e+01,-4.289687920233386750e-12
1.685999999999999943e+01,-4.151427672518211061e-12
1.686200000000000188e+01,-4.175052124610562400e-12
1.686400000000000077e+01,-4.051162465667607461e-12
1.686599999999999966e+01,-4.290729268723088374e-12
1.686800000000000210e+01,-4.168662795485821479e-12
1.687000000000000099e+01,-4.402473105722301478e-12
1.687199999999999989e+01,-4.293452895333287812e-12
1.687399999999999878e+01,-4.523105870181910162e-12
1.687600000000000122e+01,-4.209415119040430323e-12
1.687800000000000011e+01,-4.225533142479146512e-12
1.687999999999999901e+01,-4.074145019174165652e-12
1.688200000000000145e+01,-4.121153360959103061e-12
1.688400000000000034e+01,-4.175383982497275679e-12
1.688599999999999923e+01,-4.242622550067772071e-12
1.688800000000000168e+01,-4.296132193312801165e-12
1.689000000000000057e+01,-4.362833546509061868e-12
1.689199999999999946e+01,-4.413663586076857211e-12
1.689400000000000190e+01,-3.867829581669415356e-12
1.689600000000000080e+01,-4.278013804242022941e-12
1.689799999999999969e+01,-3.965379678969054540e-12
1.689999999999999858e+01,-4.203304196973454457e-12
1.690200000000000102e+01,-4.274054099708800408e-12
1.690399999999999991e+01,-4.329737573579769562e-12
1.690599999999999881e+01,-4.192337762535066932e-12
1.690800000000000125e+01,-4.224222937975329592e-12
1.691000000000000014e+01,-4.090459447072974557e-12
1.691199999999999903e+01,-4.125360638977043739e-12
1.691400000000000148e+01,-4.189276063808905728e-12
1.691600000000000037e+01,-4.254555992162749363e-12
1.691799999999999926e+01,-4.100992392287456068e-12
1.692000000000000171e+01,-4.149865900154146423e-12
1.692200000000000060e+01,-4.211315211895305462e-12
1.692399999999999949e+01,-4.242599892008328262e-12
1.692600000000000193e+01,-4.337200455097785671e-12
1.692800000000000082e+01,-4.169212029697748652e-12
1.692999999999999972e+01,-4.225587570144685867e-12
1.693199999999999861e+01,-4.074877184655523876e-12
1.693400000000000105e+01,-4.113597472263810043e-12
1.693599999999999994e+01,-4.394354481468042985e-12
1.693799999999999883e+01,-4.243102952898302785e-12
1.694000000000000128e+01,-4.299874442177623637e-12
1.694200000000000017e+01,-4.153375977557901269e-12
1.694399999999999906e+01,-4.206319302356431369e-12
1.694600000000000151e+01,-4.252095845026978499e-12
1.694800000000000040e+01,-4.309930292521072508e-12
1.694999999999999929e+01,-4.163438898232757348e-12
1.695200000000000173e+01,-4.215927310687310684e-12
1.695400000000000063e+01,-4.271285354334465800e-12
1.695599999999999952e+01,-4.336351478329057279e-12
1.695800000000000196e+01,-4.190336743443969460e-12
1.696000000000000085e+01,-4.220314995269789756e-12
1.696199999999999974e+01,-4.287390578533919039e-12
1.696399999999999864e+01,-4.359262817919469829e-12
1.696600000000000108e+01,-4.203107736827398923e-12
1.696799999999999997e+01,-4.040107890171821884e-12
1.696999999999999886e+01,-4.082854911394259171e-12
1.697200000000000131e+01,-4.154276734293345175e-12
1.697400000000000020e+01,-4.401136764230631190e-12
1.697599999999999909e+01,-4.284648038036108763e-12
1.697800000000000153e+01,-4.524401377224793107e-12
1.698000000000000043e+01,-4.408152639414421742e-12
1.698199999999999932e+01,-4.237547424023893738e-12
1.698400000000000176e+01,-4.071411636994427505e-12
1.698600000000000065e+01,-4.329611719151754665e-12
1.698799999999999955e+01,-4.193420628185519467e-12
1.699000000000000199e+01,-4.239332338180039407e-12
1.699200000000000088e+01,-4.305143128790400219e-12
1.699399999999999977e+01,-4.349668434287212215e-12
1.699599999999999866e+01,-4.212045844613284375e-12
1.699800000000000111e+01,-4.258807305979975174e-12
1.700000000000000000e+01,-4.116958536384618255e-12
1.700199999999999889e+01,-4.356362190366021565e-12
1.700400000000000134e+01,-4.024861302898979080e-12
1.700600000000000023e+01,-3.842532189795854973e-12
1.700799999999999912e+01,-4.092191991252732334e-12
1.701000000000000156e+01,-4.172590422117564289e-12
1.701200000000000045e+01,-4.432579565125100720e-12
1.701399999999999935e+01,-4.299859808637774277e-12
1.701600000000000179e+01,-4.154364499927911546e-12
1.701800000000000068e+01,-4.171986044771472551e-12
1.701999999999999957e+01,-4.255554234235044209e-12
1.702200000000000202e+01,-4.100133295367955889e-12
1.702400000000000091e+01,-4.139848077131281815e-12
1.702599999999999980e+01,-4.203105916863195082e-12
1.702799999999999869e+01,-4.270275940276974496e-12
1.703000000000000114e+01,-3.912897072572186477e-12
1.703200000000000003e+01,-4.151130098442097769e-12
1.703399999999999892e+01,-4.007675195878619248e-12
1.703600000000000136e+01,-4.256766547971610435e-12
1.703800000000000026e+01,-4.341070375951381715e-12
1.703999999999999915e+01,-4.203014547483807940e-12
1.704200000000000159e+01,-4.027248980926042718e-12
1.704400000000000048e+01,-4.269680071810655385e-12
1.704599999999999937e+01,-4.146255133395276320e-12
1.704800000000000182e+01,-4.001346247403697319e-12
1.705000000000000071e+01,-4.228811736834005531e-12
1.705199999999999960e+01,-4.519609147614942519e-12
1.705400000000000205e+01,-4.170161993711062143e-12
1.705600000000000094e+01,-4.222632801371231753e-12
1.705799999999999983e+01,-4.263448066288948118e-12
1.705999999999999872e+01,-4.141264139332740252e-12
1.706200000000000117e+01,-4.159385814432194266e-12
1.706400000000000006e+01,-4.222790098047131668e-12
1.706599999999999895e+01,-4.299619158153339689e-12
1.706800000000000139e+01,-4.139655339003836858e-12
1.707000000000000028e+01,-4.203213553851293407e-12
1.707199999999999918e+01,-4.236991545428471425e-12
1.707400000000000162e+01,-4.321824435895389562e-12
1.707600000000000051e+01,-4.347095998657794886e-12
1.707799999999999940e+01,-4.204063941748950150e-12
1.708000000000000185e+01,-4.067462048692414546e-12
1.708200000000000074e+01,-4.099098177430740032e-12
1.708399999999999963e+01,-4.172813729812510952e-12
1.708600000000000207e+01,-4.411713638954109270e-12
1.708800000000000097e+01,-4.085919870630158254e-12
1.708999999999999986e+01,-4.332018350660056817e-12
1.709199999999999875e+01,-4.182199464395482540e-12
1.709400000000000119e+01,-4.240021297211074822e-12
1.709600000000000009e+01,-4.291225168253536860e-12
1.709799999999999898e+01,-4.144868001029690769e-12
1.710000000000000142e+01,-4.195397204721990895e-12
1.710200000000000031e+01,-4.048379031804919656e-12
1.710399999999999920e+01,-3.896319116170299731e-12
1.710600000000000165e+01,-4.148139499580638258e-12
1.710800000000000054e+01,-4.400865607340989932e-12
1.710999999999999943e+01,-4.291976076068560448e-12
1.711200000000000188e+01,-4.319265939666684211e-12
1.711400000000000077e+01,-4.387122700956684799e-12
1.711599999999999966e+01,-4.039855956331035833e-12
1.711800000000000210e+01,-4.060598519255302379e-12
1.712000000000000099e+01,-4.129576701105246557e-12
1.712199999999999989e+01,-4.179608667933216537e-12
1.712399999999999878e+01,-4.248938087358743940e-12
1.712600000000000122e+01,-4.303787283492741931e-12
1.712800000000000011e+01,-4.361313015581607901e-12
1.712999999999999901e+01,-4.213880775265268358e-12
1.713200000000000145e+01,-4.271393945335809129e-12
1.713400000000000034e+01,-4.113088813611460049e-12
1.713599999999999923e+01,-4.160421889777254113e-12
1.713800000000000168e+01,-4.004961148830341763e-12
1.714000000000000057e+01,-4.270232615636347345e-12
1.714199999999999946e+01,-4.131128507525818390e-12
1.714400000000000190e+01,-4.181006870386487362e-12
1.714600000000000080e+01,-4.235725971828366041e-12
1.714799999999999969e+01,-4.296778994112204355e-12
1.715000000000000213e+01,-4.351014397147867285e-12
1.715200000000000102e+01,-4.403970771112221543e-12
1.715399999999999991e+01,-4.062929382640287230e-12
1.715599999999999881e+01,-4.100778162858063758e-12
1.715800000000000125e+01,-3.944484814812104029e-12
1.716000000000000014e+01,-4.194051275872998477e-12
1.716199999999999903e+01,-4.268691395611499949e-12
1.716400000000000148e+01,-4.124224302016984633e-12
1.716600000000000037e+01,-4.368711867554380642e-12
1.716799999999999926e+01,-4.255138903145493374e-12
1.717000000000000171e+01,-4.279390326971877199e-12
1.717200000000000060e+01,-4.134287831505186337e-12
1.717399999999999949e+01,-4.179153265810997080e-12
1.717600000000000193e+01,-4.251999326676329647e-12
1.717800000000000082e+01,-4.288851839284520696e-12
1.717999999999999972e+01,-4.153590523321797329e-12
1.718199999999999861e+01,-4.198146917513452910e-12
1.718400000000000105e+01,-4.260265107243580618e-12
1.718599999999999994e+01,-4.320591295952681815e-12
1.718799999999999883e+01,-4.378087032802323246e-12
1.719000000000000128e+01,-4.227156319615248318e-12
1.719200000000000017e+01,-4.077731408345493291e-12
1.719399999999999906e+01,-4.330269379711769331e-12
1.719600000000000151e+01,-4.400169615439036127e-12
1.719800000000000040e+01,-4.054011307953632751e-12
1.719999999999999929e+01,-4.259345991543485952e-12
1.720200000000000173e+01,-4.561233178711578955e-12
1.720400000000000063e+01,-4.239883087332794476e-12
1.720599999999999952e+01,-4.038453619829767050e-12
1.720800000000000196e+01,-4.078327972409774075e-12
1.721000000000000085e+01,-3.941357878392981039e-12
1.721199999999999974e+01,-4.203997005540589175e-12
1.721399999999999864e+01,-4.050225767137985313e-12
1.721600000000000108e+01,-4.119576388780080614e-12
1.721799999999999997e+01,-4.159992424764180536e-12
1.721999999999999886e+01,-4.027214993316634521e-12
1.722200000000000131e+01,-4.269174162427061545e-12
1.722400000000000020e+01,-4.335200585273129909e-12
1.722599999999999909e+01,-4.405756071683841968e-12
1.722800000000000153e+01,-4.257962680168200327e-12
1.723000000000000043e+01,-4.098404232850550263e-12
1.723199999999999932e+01,-3.935638756131851173e-12
1.723400000000000176e+01,-4.188314282924362800e-12
1.723600000000000065e+01,-4.262863141680791815e-12
1.723799999999999955e+01,-4.311547144513404409e-12
1.724000000000000199e+01,-4.575009530760406662e-12
1.724200000000000088e+01,-4.045358077819125777e-12
1.724399999999999977e+01,-4.038252311014681904e-12
1.724599999999999866e+01,-4.334615422380754953e-12
1.724800000000000111e+01,-4.178496831931506357e-12
1.725000000000000000e+01,-4.227350786792146457e-12
1.725199999999999889e+01,-4.511299109859890573e-12
1.725400000000000134e+01,-4.156684559592302045e-12
1.725600000000000023e+01,-4.196873543994119956e-12
1.725799999999999912e+01,-4.246275505419707754e-12
1.726000000000000156e+01,-4.314786768063210666e-12
1.726200000000000045e+01,-4.370319521101388347e-12
1.726399999999999935e+01,-4.227983423364004247e-12
1.726600000000000179e+01,-4.056002856367812973e-12
1.726800000000000068e+01,-4.110087554320347889e-12
1.726999999999999957e+01,-4.171272382764353856e-12
1.727200000000000202e+01,-4.225404348317066547e-12
1.727400000000000091e+01,-4.285611737169443749e-12
1.727599999999999980e+01,-4.336335957343666830e-12
1.727799999999999869e+01,-4.193280617586786386e-12
1.728000000000000114e+01,-4.242172767381116727e-12
1.728200000000000003e+01,-4.098424415020248419e-12
1.728399999999999892e+01,-4.142411584448068283e-12
1.728600000000000136e+01,-4.402734538937752547e-12
1.728800000000000026e+01,-4.079963888434813589e-12
1.728999999999999915e+01,-4.494623780973319847e-12
1.729200000000000159e+01,-4.190547684800693606e-12
1.729400000000000048e+01,-4.212385761105568534e-12
1.729599999999999937e+01,-4.271843994855377633e-12
1.729800000000000182e+01,-4.130851516842260773e-12
1.730000000000000071e+01,-4.174351019255214152e-12
1.730199999999999960e+01,-4.445333525996592712e-12
1.730400000000000205e+01,-4.305354709819752174e-12
1.730600000000000094e+01,-4.147816894796890784e-12
1.730799999999999983e+01,-4.201799657087063696e-12
1.730999999999999872e+01,-4.238102364921771613e-12
1.731200000000000117e+01,-4.317211779199086003e-12
1.731400000000000006e+01,-4.366980296082056009e-12
1.731599999999999895e+01,-4.024457147051184692e-12
1.731800000000000139e+01,-4.046991131867411519e-12
1.732000000000000028e+01,-4.305034479049257956e-12
1.732199999999999918e+01,-4.170312103130020165e-12
1.732400000000000162e+01,-4.239498274678763191e-12
1.732600000000000051e+01,-4.284343993585466164e-12
1.732799999999999940e+01,-4.131670373963554121e-12
1.733000000000000185e+01,-4.187779221719953929e-12
1.733200000000000074e+01,-4.230075153253936389e-12
1.733399999999999963e+01,-4.303614157434484118e-12
1.733600000000000207e+01,-4.170680420326054318e-12
1.733800000000000097e+01,-4.400673472353283013e-12
1.733999999999999986e+01,-4.068525701238466055e-12
1.734199999999999875e+01,-4.092983151659306128e-12
1.734400000000000119e+01,-4.148446528555537890e-12
1.734600000000000009e+01,-4.014646420157099468e-12
1.734799999999999898e+01,-4.257181011746242996e-12
1.735000000000000142e+01,-4.339620272176324668e-12
1.735200000000000031e+01,-4.590167925829209419e-12
1.735399999999999920e+01,-4.064017888748773605e-12
1.735600000000000165e+01,-3.851598924922075034e-12
1.735800000000000054e+01,-4.124040160335017878e-12
1.735999999999999943e+01,-4.190260771105528665e-12
1.736200000000000188e+01,-4.056406286809563043e-12
1.736400000000000077e+01,-4.289116488165914922e-12
1.736599999999999966e+01,-4.172146187916898594e-12
1.736800000000000210e+01,-4.211255572022419033e-12
1.737000000000000099e+01,-4.259070729281112802e-12
1.737199999999999989e+01,-4.539473084104398956e-12
1.737399999999999878e+01,-4.192738834963147225e-12
1.737600000000000122e+01,-4.234946598232157006e-12
1.737800000000000011e+01,-4.082744623125685344e-12
1.737999999999999901e+01,-4.109720556119585868e-12
1.738200000000000145e+01,-4.194943368365384867e-12
1.738400000000000034e+01,-4.441883884354035306e-12
1.738599999999999923e+01,-4.314518736606008150e-12
1.738800000000000168e+01,-4.553201022468308936e-12
1.739000000000000057e+01,-4.021862963255414701e-12
1.739199999999999946e+01,-4.044127101411948027e-12
1.739400000000000190e+01,-4.303778836816372180e-12
1.739600000000000080e+01,-4.372103055179434283e-12
1.739799999999999969e+01,-4.036750250604601459e-12
1.740000000000000213e+01,-4.260710922019102046e-12
1.740200000000000102e+01,-4.328414040967402631e-12
1.740399999999999991e+01,-4.193375090285145437e-12
1.740599999999999881e+01,-4.024740248194207992e-12
1.740800000000000125e+01,-4.078974843649932255e-12
1.741000000000000014e+01,-4.125544409733458829e-12
1.741199999999999903e+01,-4.196036265502121801e-12
1.741400000000000148e+01,-4.254114171246484522e-12
1.741600000000000037e+01,-4.092838051676313663e-12
1.741799999999999926e+01,-4.143351609645894310e-12
1.742000000000000171e+01,-4.213407558104736762e-12
1.742200000000000060e+01,-4.069231379754603470e-12
1.742399999999999949e+01,-4.303386427295106979e-12
1.742600000000000193e+01,-4.175995210456925320e-12
1.742800000000000082e+01,-4.038439450958254400e-12
1.742999999999999972e+01,-4.038607314945811470e-12
1.743199999999999861e+01,-4.129673242721369573e-12
1.743400000000000105e+01,-3.976806178657034260e-12
1.743599999999999994e+01,-4.215227862229450932e-12
1.743799999999999883e+01,-4.309407962406467549e-12
1.744000000000000128e+01,-4.353987123215204414e-12
1.744200000000000017e+01,-4.209595424392140127e-12
1.744399999999999906e+01,-4.260412432781635176e-12
1.744600000000000151e+01,-4.103930477105619485e-12
1.744800000000000040e+01,-4.167625560403884692e-12
1.744999999999999929e+01,-4.217210346032720372e-12
1.745200000000000173e+01,-4.270599506907896481e-12
1.745400000000000063e+01,-3.929575789150647692e-12
1.745599999999999952e+01,-4.160321095048129728e-12
1.745800000000000196e+01,-4.440380165741670536e-12
1.746000000000000085e+01,-4.296923990949953151e-12
1.746199999999999974e+01,-4.347290253228607393e-12
1.746399999999999864e+01,-4.416322359455533945e-12
1.746600000000000108e+01,-4.052561032783154870e-12
1.746799999999999997e+01,-4.084248834756067652e-12
1.746999999999999886e+01,-4.147979817943062248e-12
1.747200000000000131e+01,-4.208384689303880752e-12
1.747400000000000020e+01,-4.259626890247940762e-12
1.747599999999999909e+01,-4.120164733235643617e-12
1.747800000000000153e+01,-4.156415642562716207e-12
1.748000000000000043e+01,-4.223713136835237772e-12
1.748199999999999932e+01,-4.479994178868926647e-12
1.748400000000000176e+01,-4.359195045917119512e-12
1.748600000000000065e+01,-4.005426735025808643e-12
1.748799999999999955e+01,-4.213089640190067655e-12
1.749000000000000199e+01,-4.301127140658518723e-12
1.749200000000000088e+01,-4.148739766275690761e-12
1.749399999999999977e+01,-4.200187424006130202e-12
1.749599999999999866e+01,-4.461953329298418089e-12
1.749800000000000111e+01,-4.539251197165555323e-12
1.750000000000000000e+01,-4.393794559823160143e-12
1.750199999999999889e+01,-4.030316171264175634e-12
1.750400000000000134e+01,-4.043946062381117121e-12
1.750600000000000023e+01,-4.111913735684435624e-12
1.750799999999999912e+01,-3.974504686146794675e-12
1.751000000000000156e+01,-4.204697808096056083e-12
1.751200000000000045e+01,-4.286609438361056371e-12
1.751399999999999935e+01,-4.360758572317873402e-12
1.751600000000000179e+01,-3.985314334119640588e-12
1.751800000000000068e+01,-4.239878556536501436e-12
1.751999999999999957e+01,-4.319113826063447253e-12
1.752200000000000202e+01,-4.162290937994392851e-12
1.752400000000000091e+01,-4.200492905399348005e-12
1.752599999999999980e+01,-4.265026776928962781e-12
1.752799999999999869e+01,-3.915930372302198971e-12
1.753000000000000114e+01,-4.143506807914735269e-12
1.753200000000000003e+01,-4.227705655397829973e-12
1.753399999999999892e+01,-4.283638454793741493e-12
1.753600000000000136e+01,-4.333419921559082420e-12
1.753800000000000026e+01,-4.396950646294240279e-12
1.753999999999999915e+01,-4.052155349239586064e-12
1.754200000000000159e+01,-3.870762242237640241e-12
1.754400000000000048e+01,-4.133096770128671561e-12
1.754599999999999937e+01,-4.190026703031974578e-12
1.754800000000000182e+01,-4.460281349692145859e-12
1.755000000000000071e+01,-4.537285440633458042e-12
1.755199999999999960e+01,-4.586143649269830317e-12
1.755400000000000205e+01,-4.255006877529888964e-12
1.755600000000000094e+01,-4.268432569406307521e-12
1.755799999999999983e+01,-4.126169657172620595e-12
1.755999999999999872e+01,-3.964574438111842715e-12
1.756200000000000117e+01,-4.219276805818599608e-12
1.756400000000000006e+01,-4.290506704419676676e-12
1.756599999999999895e+01,-4.152024501270921496e-12
1.756800000000000139e+01,-4.183704697667266583e-12
1.757000000000000028e+01,-4.253356086007189942e-12
1.757199999999999918e+01,-4.304322970713555802e-12
1.757400000000000162e+01,-4.372767700862821314e-12
1.757600000000000051e+01,-4.015501840751918664e-12
1.757799999999999940e+01,-4.044915906746332959e-12
1.758000000000000185e+01,-4.097758984287194070e-12
1.758200000000000074e+01,-3.962603508436862281e-12
1.758399999999999963e+01,-4.431374892726000613e-12
1.758600000000000207e+01,-4.290838669128125099e-12
1.758800000000000097e+01,-4.125170722755107241e-12
1.758999999999999986e+01,-4.193200515312268112e-12
1.759199999999999875e+01,-4.035747189649090393e-12
1.759400000000000119e+01,-4.287776029792571640e-12
1.759600000000000009e+01,-4.161282538438946190e-12
1.759799999999999898e+01,-3.992146468853750471e-12
1.760000000000000142e+01,-4.245413949104666288e-12
1.760200000000000031e+01,-4.108579280788902988e-12
1.760399999999999920e+01,-4.144474318215751466e-12
1.760600000000000165e+01,-4.223331048145855007e-12
1.760800000000000054e+01,-4.268384818866919424e-12
1.760999999999999943e+01,-4.347476602276404707e-12
1.761200000000000188e+01,-4.388284299803217060e-12
1.761400000000000077e+01,-4.240254748753148564e-12
1.761599999999999966e+01,-4.079069043755071690e-12
1.761800000000000210e+01,-4.140013930101403471e-12
1.762000000000000099e+01,-4.187892629714790290e-12
1.762199999999999989e+01,-4.253495704090647178e-12
1.762399999999999878e+01,-4.304916351929396467e-12
1.762600000000000122e+01,-4.362611574028189834e-12
1.762800000000000011e+01,-4.225205769249770276e-12
1.762999999999999901e+01,-4.468284236365008480e-12
1.763200000000000145e+01,-3.930906136697191782e-12
1.763400000000000034e+01,-4.129017948671689035e-12
1.763599999999999923e+01,-4.228996493933174107e-12
1.763800000000000168e+01,-4.082520384058897226e-12
1.764000000000000057e+01,-3.926064618525753653e-12
1.764199999999999946e+01,-4.166792660895448721e-12
1.764400000000000190e+01,-4.241595503991906436e-12
1.764600000000000080e+01,-4.497030317603536411e-12
1.764799999999999969e+01,-4.388676761470181529e-12
1.765000000000000213e+01,-4.417696461340303712e-12
1.765200000000000102e+01,-3.866716476718503156e-12
1.765399999999999991e+01,-3.885741354454958431e-12
1.765599999999999881e+01,-4.147291529502307182e-12
1.765800000000000125e+01,-4.412397958934240156e-12
1.766000000000000014e+01,-4.297002447956649587e-12
1.766199999999999903e+01,-4.124689028744225883e-12
1.766400000000000148e+01,-4.383480631530282132e-12
1.766600000000000037e+01,-4.241517340837931824e-12
1.766799999999999926e+01,-4.490449984661914751e-12
1.767000000000000171e+01,-4.167067356317140795e-12
1.767200000000000060e+01,-4.179649079136186334e-12
1.767399999999999949e+01,-4.252296120379229098e-12
1.767600000000000193e+01,-4.311438618956015899e-12
1.767800000000000082e+01,-4.151882440249029418e-12
1.767999999999999972e+01,-4.218064428727624031e-12
1.768199999999999861e+01,-4.262412272751003261e-12
1.768400000000000105e+01,-4.307891494375044397e-12
1.768599999999999994e+01,-4.182418624748680758e-12
1.768799999999999883e+01,-4.426226230128914460e-12
1.769000000000000128e+01,-3.892693373370755880e-12
1.769200000000000017e+01,-4.312913934926638588e-12
1.769399999999999906e+01,-4.205375597801551320e-12
1.769600000000000151e+01,-4.230606605867494947e-12
1.769800000000000040e+01,-4.302487904286654080e-12
1.769999999999999929e+01,-4.357523597057773747e-12
1.770200000000000173e+01,-4.403960400937861232e-12
1.770400000000000063e+01,-4.071969066745131222e-12
1.770599999999999952e+01,-4.095466964759331540e-12
1.770800000000000196e+01,-4.172559446127212498e-12
1.771000000000000085e+01,-4.205094935850773344e-12
1.771199999999999974e+01,-4.274044728438263188e-12
1.771399999999999864e+01,-4.322900496999455616e-12
1.771600000000000108e+01,-4.192938083095220234e-12
1.771799999999999997e+01,-4.230503400834938805e-12
1.771999999999999886e+01,-4.297417483795401998e-12
1.772200000000000131e+01,-4.134734326885196078e-12
1.772400000000000020e+01,-4.183174199150672755e-12
1.772599999999999909e+01,-4.245504097475278343e-12
1.772800000000000153e+01,-4.117295335166443490e-12
1.773000000000000043e+01,-4.346798573910015870e-12
1.773199999999999932e+01,-4.223468806465560414e-12
1.773400000000000176e+01,-4.266776701147914073e-12
1.773600000000000065e+01,-4.318166151452351204e-12
1.773799999999999955e+01,-4.581756402147424281e-12
1.774000000000000199e+01,-4.255234561084312736e-12
1.774200000000000088e+01,-4.291603252288898690e-12
1.774399999999999977e+01,-4.336469865420889774e-12
1.774599999999999866e+01,-4.397497040101490801e-12
1.774800000000000111e+01,-4.045666444894008794e-12
1.775000000000000000e+01,-4.281753581200846825e-12
1.775199999999999889e+01,-4.147439083601016555e-12
1.775400000000000134e+01,-3.793656389265733489e-12
1.775600000000000023e+01,-4.015992997028326034e-12
1.775799999999999912e+01,-4.104633849682913005e-12
1.776000000000000156e+01,-4.155115920317789218e-12
1.776200000000000045e+01,-4.215681765508038939e-12
1.776399999999999935e+01,-4.086568380352673925e-12
1.776600000000000179e+01,-4.104217430582747555e-12
1.776800000000000068e+01,-4.173689831272165718e-12
1.776999999999999957e+01,-4.229588754422624179e-12
1.777200000000000202e+01,-4.497226855345984301e-12
1.777400000000000091e+01,-4.364675017125626586e-12
1.777599999999999980e+01,-4.007927956332714123e-12
1.777799999999999869e+01,-4.043078491533113058e-12
1.778000000000000114e+01,-4.079409553927638154e-12
1.778200000000000003e+01,-4.156104293907010317e-12
1.778399999999999892e+01,-4.197892516183904025e-12
1.778600000000000136e+01,-4.261770438701878662e-12
1.778800000000000026e+01,-4.537991998085663821e-12
1.778999999999999915e+01,-4.191124597941558065e-12
1.779200000000000159e+01,-4.230877723251659810e-12
1.779400000000000048e+01,-4.275839493779498596e-12
1.779599999999999937e+01,-4.137603361081224884e-12
1.779800000000000182e+01,-4.378480404987032703e-12
1.780000000000000071e+01,-4.054765459693893073e-12
1.780199999999999960e+01,-3.872303854431047982e-12
1.780400000000000205e+01,-4.326552708920012723e-12
1.780600000000000094e+01,-4.213239725466441181e-12
1.780799999999999983e+01,-4.269705666571912392e-12
1.780999999999999872e+01,-4.302785433310902799e-12
1.781200000000000117e+01,-4.378813560161037802e-12
1.781400000000000006e+01,-3.811221409945237732e-12
1.781599999999999895e+01,-4.034833386508827621e-12
1.781800000000000139e+01,-4.119464627633084458e-12
1.782000000000000028e+01,-4.182950626754808760e-12
1.782199999999999918e+01,-4.239646169197973256e-12
1.782400000000000162e+01,-4.288275745206206784e-12
1.782600000000000051e+01,-4.539387506655621101e-12
1.782799999999999940e+01,-4.430198970656253731e-12
1.783000000000000185e+01,-4.264741058433742948e-12
1.783200000000000074e+01,-4.102796392187870610e-12
1.783399999999999963e+01,-4.150739598500540778e-12
1.783600000000000207e+01,-4.221290203782748028e-12
1.783800000000000097e+01,-4.257421249696175271e-12
1.783999999999999986e+01,-4.120933909547077626e-12
1.784199999999999875e+01,-3.958164505361803655e-12
1.784400000000000119e+01,-4.206295126517616691e-12
1.784600000000000009e+01,-4.278901180569117213e-12
1.784799999999999898e+01,-4.341890307655504428e-12
1.785000000000000142e+01,-4.417279676557623250e-12
1.785200000000000031e+01,-4.250364952109185057e-12
1.785399999999999920e+01,-4.306795152536869046e-12
1.785600000000000165e+01,-3.960653673056355976e-12
1.785800000000000054e+01,-4.176005570979046734e-12
1.785999999999999943e+01,-4.245356969418854754e-12
1.786200000000000188e+01,-4.320613011163666927e-12
1.786400000000000077e+01,-4.171241985177642207e-12
1.786599999999999966e+01,-4.412491568727928464e-12
1.786800000000000210e+01,-4.289886968730486209e-12
1.787000000000000099e+01,-4.123989262262589934e-12
1.787199999999999989e+01,-4.185957856534253511e-12
1.787399999999999878e+01,-4.230415028287970251e-12
1.787600000000000122e+01,-4.093342840049283433e-12
1.787800000000000011e+01,-4.128415561540222250e-12
1.787999999999999901e+01,-4.201499050585260249e-12
1.788200000000000145e+01,-4.239513619129983918e-12
1.788400000000000034e+01,-4.108494796145073732e-12
1.788599999999999923e+01,-4.360561529523415594e-12
1.788800000000000168e+01,-4.019910027576605406e-12
1.789000000000000057e+01,-4.041816724056634404e-12
1.789199999999999946e+01,-4.101516701913597316e-12
1.789400000000000190e+01,-4.374978866647183651e-12
1.789600000000000080e+01,-4.235770877758448156e-12
1.789799999999999969e+01,-4.078122986642601145e-12
1.790000000000000213e+01,-4.322854324298477307e-12
1.790200000000000102e+01,-4.416311851475009695e-12
1.790399999999999991e+01,-4.462585922612932792e-12
1.790599999999999881e+01,-4.098796468321349235e-12
1.790800000000000125e+01,-4.135621708654818087e-12
1.791000000000000014e+01,-4.207257944185640458e-12
1.791199999999999903e+01,-4.252194192460449736e-12
1.791400000000000148e+01,-4.101107617571566227e-12
1.791600000000000037e+01,-4.370857954890951996e-12
1.791799999999999926e+01,-4.241080554868429508e-12
1.792000000000000171e+01,-4.471876220630512893e-12
1.792200000000000060e+01,-4.154038287607986005e-12
1.792399999999999949e+01,-4.170404425388899501e-12
1.792600000000000193e+01,-4.026019921400220845e-12
1.792800000000000082e+01,-4.085621696637223927e-12
1.792999999999999972e+01,-4.135418831468971525e-12
1.793199999999999861e+01,-4.401835933196999416e-12
1.793400000000000105e+01,-4.257622964377370290e-12
1.793599999999999994e+01,-4.507109637335272272e-12
1.793799999999999883e+01,-4.390303309720682711e-12
1.794000000000000128e+01,-4.028024670678742957e-12
1.794200000000000017e+01,-3.835104260069405423e-12
1.794399999999999906e+01,-4.094022625379185023e-12
1.794600000000000151e+01,-4.164262409851373786e-12
1.794800000000000040e+01,-4.015662318810672367e-12
1.794999999999999929e+01,-4.260565936656533428e-12
1.795200000000000173e+01,-4.137709067744415567e-12
1.795400000000000063e+01,-4.187190161851596368e-12
1.795599999999999952e+01,-4.241129995125898950e-12
1.795800000000000196e+01,-4.299859088502799473e-12
1.796000000000000085e+01,-4.367180842476552881e-12
1.796199999999999974e+01,-4.212183592951919934e-12
1.796399999999999864e+01,-4.048714681241618433e-12
1.796600000000000108e+01,-3.896446028895186386e-12
1.796799999999999997e+01,-4.147416103437708789e-12
1.796999999999999886e+01,-4.211162345390426727e-12
1.797200000000000131e+01,-4.276110321553752945e-12
1.797400000000000020e+01,-4.346879519449989555e-12
1.797599999999999909e+01,-4.388616961548631424e-12
1.797800000000000153e+01,-4.253449825702709434e-12
1.798000000000000043e+01,-4.078270251932862085e-12
1.798199999999999932e+01,-4.145913387039853307e-12
1.798400000000000176e+01,-4.188373274048592982e-12
1.798600000000000065e+01,-4.259111699825927944e-12
1.798799999999999955e+01,-4.299072457118522459e-12
1.799000000000000199e+01,-4.159922086859722526e-12
1.799200000000000088e+01,-4.210946072086060908e-12
1.799399999999999977e+01,-4.267070616598336080e-12
1.799599999999999866e+01,-4.318264743099158634e-12
1.799800000000000111e+01,-4.185568782749613635e-12
1.800000000000000000e+01,-4.225931659989265006e-12
1.800199999999999889e+01,-3.870921562265705456e-12
1.800400000000000134e+01,-4.121564636455698927e-12
1.800600000000000023e+01,-4.179781893890249796e-12
1.800799999999999912e+01,-4.035974608210805642e-12
1.801000000000000156e+01,-4.293200451432309861e-12
1.801200000000000045e+01,-4.358200059353854269e-12
1.801399999999999935e+01,-4.207769732046488495e-12
1.801600000000000179e+01,-4.274128605192033864e-12
1.801800000000000068e+01,-4.322969080561997151e-12
1.801999999999999957e+01,-4.358629646463313134e-12
1.802200000000000202e+01,-4.229595574466551245e-12
1.802400000000000091e+01,-4.078715095309601796e-12
1.802599999999999980e+01,-4.312758355330748645e-12
1.802799999999999869e+01,-4.190198130433686624e-12
1.803000000000000114e+01,-4.231067508540160233e-12
1.803200000000000003e+01,-4.506429254958351000e-12
1.803399999999999892e+01,-4.357445697971975805e-12
1.803600000000000136e+01,-4.202362561624547808e-12
1.803800000000000026e+01,-3.847768600053808211e-12
1.803999999999999915e+01,-4.060608972901674840e-12
1.804200000000000159e+01,-4.167531700714956565e-12
1.804400000000000048e+01,-4.202163317136764390e-12
1.804599999999999937e+01,-4.274127168963501320e-12
1.804800000000000182e+01,-4.336341338568010980e-12
1.805000000000000071e+01,-4.169269421374627456e-12
1.805199999999999960e+01,-4.029746929360332058e-12
1.805400000000000205e+01,-4.257489288812892606e-12
1.805600000000000094e+01,-4.340768765538397144e-12
1.805799999999999983e+01,-4.205258602397849371e-12
1.805999999999999872e+01,-4.241655911341357843e-12
1.806200000000000117e+01,-4.513722577163372297e-12
1.806400000000000006e+01,-4.179664402625152690e-12
1.806599999999999895e+01,-4.199585221434528797e-12
1.806800000000000139e+01,-4.258111594664442340e-12
1.807000000000000028e+01,-4.306464305571766092e-12
1.807199999999999918e+01,-4.179856578256710203e-12
1.807400000000000162e+01,-4.226568274824879288e-12
1.807600000000000051e+01,-4.073066745708902701e-12
1.807799999999999940e+01,-4.100283929775644687e-12
1.808000000000000185e+01,-4.176231061666811499e-12
1.808200000000000074e+01,-4.241692663758995343e-12
1.808399999999999963e+01,-4.288914224907042109e-12
1.808600000000000207e+01,-4.353375884748742983e-12
1.808800000000000097e+01,-4.015296393042131511e-12
1.808999999999999986e+01,-4.423812035045628171e-12
1.809199999999999875e+01,-4.114232383856504565e-12
1.809400000000000119e+01,-4.163036206291115513e-12
1.809600000000000009e+01,-3.993416661243392141e-12
1.809799999999999898e+01,-4.464349118510848021e-12
1.810000000000000142e+01,-4.360082782036901528e-12
1.810200000000000031e+01,-4.186841189457167328e-12
1.810399999999999920e+01,-4.224924734558731578e-12
1.810600000000000165e+01,-4.493416339694569496e-12
1.810800000000000054e+01,-4.161624579356986476e-12
1.810999999999999943e+01,-4.184930043014591851e-12
1.811200000000000188e+01,-4.241712791730246991e-12
1.811400000000000077e+01,-4.105769827387562410e-12
1.811599999999999966e+01,-4.138497425067962817e-12
1.811800000000000210e+01,-4.402580683975949270e-12
1.812000000000000099e+01,-4.290273034919690243e-12
1.812199999999999989e+01,-4.321064905603262671e-12
1.812399999999999878e+01,-4.173187222725644213e-12
1.812600000000000122e+01,-4.036126419660629567e-12
1.812800000000000011e+01,-4.057810956593016210e-12
1.812999999999999901e+01,-3.911976459851705372e-12
1.813200000000000145e+01,-4.168562616532043079e-12
1.813400000000000034e+01,-4.021381395627358065e-12
1.813599999999999923e+01,-4.492547216975326896e-12
1.813800000000000168e+01,-4.163492594415464527e-12
1.814000000000000057e+01,-4.192807937314813127e-12
1.814199999999999946e+01,-4.256267547109690179e-12
1.814400000000000190e+01,-4.323164031411507048e-12
1.814600000000000080e+01,-4.175441462065639164e-12
1.814799999999999969e+01,-4.006375226309335437e-12
1.815000000000000213e+01,-4.253947088132318185e-12
1.815200000000000102e+01,-3.915393813189186974e-12
1.815399999999999991e+01,-4.356576004310717785e-12
1.815599999999999881e+01,-4.437417149755264256e-12
1.815800000000000125e+01,-4.303992560314833165e-12
1.816000000000000014e+01,-4.547393231275427444e-12
1.816199999999999903e+01,-4.004381325300827076e-12
1.816400000000000148e+01,-4.030402265878584846e-12
1.816600000000000037e+01,-4.084020366381683164e-12
1.816799999999999926e+01,-3.938950385462584797e-12
1.817000000000000171e+01,-4.190732522033162545e-12
1.817200000000000060e+01,-4.465520983214839208e-12
1.817399999999999949e+01,-4.332222658645975911e-12
1.817600000000000193e+01,-4.176961233988829450e-12
1.817800000000000082e+01,-4.418511034617521654e-12
1.817999999999999972e+01,-4.299459310733210819e-12
1.818199999999999861e+01,-4.139318950391593256e-12
1.818400000000000105e+01,-4.168789043859212988e-12
1.818599999999999994e+01,-4.247287937747926578e-12
1.818799999999999883e+01,-4.084895671860038570e-12
1.819000000000000128e+01,-4.130248950339278443e-12
1.819200000000000017e+01,-3.995761536574500014e-12
1.819399999999999906e+01,-4.019854220513028335e-12
1.819600000000000151e+01,-4.293171490630317629e-12
1.819800000000000040e+01,-4.378955858713095048e-12
1.819999999999999929e+01,-4.643627578507909691e-12
1.820200000000000173e+01,-4.074525678230924189e-12
1.820400000000000063e+01,-4.127344785099533573e-12
1.820599999999999952e+01,-3.948838862148563465e-12
1.820800000000000196e+01,-4.227915418902151961e-12
1.821000000000000085e+01,-4.069872877343216427e-12
1.821199999999999974e+01,-4.337808309534877296e-12
1.821399999999999864e+01,-4.207445909064652145e-12
1.821600000000000108e+01,-4.241674904086639409e-12
1.821799999999999997e+01,-4.308867950717515390e-12
1.821999999999999886e+01,-4.167355916198903898e-12
1.822200000000000131e+01,-4.198872807964579877e-12
1.822400000000000020e+01,-4.264390174138749348e-12
1.822599999999999909e+01,-4.117525600568109917e-12
1.822800000000000153e+01,-4.157291130763825399e-12
1.823000000000000043e+01,-4.219483359525642323e-12
1.823199999999999932e+01,-4.479704581198812550e-12
1.823400000000000176e+01,-4.153698371565300359e-12
1.823600000000000065e+01,-4.392283853810228709e-12
1.823799999999999955e+01,-4.250351784528038389e-12
1.824000000000000199e+01,-4.088966127639629339e-12
1.824200000000000088e+01,-4.138501712689409381e-12
1.824399999999999977e+01,-4.406501829322066460e-12
1.824599999999999866e+01,-4.268893942129052402e-12
1.824800000000000111e+01,-4.315300958251642935e-12
1.825000000000000000e+01,-4.149430579333602409e-12
1.825199999999999889e+01,-4.223017094072860197e-12
1.825400000000000134e+01,-4.267378201724262540e-12
1.825600000000000023e+01,-4.130904941112242523e-12
1.825799999999999912e+01,-4.173315565610749308e-12
1.826000000000000156e+01,-4.223635368339410159e-12
1.826200000000000045e+01,-4.285131198558242190e-12
1.826399999999999935e+01,-4.153996382057230940e-12
1.826600000000000179e+01,-4.390662086429570315e-12
1.826800000000000068e+01,-4.261429383870286234e-12
1.826999999999999957e+01,-4.507352542839472286e-12
1.827200000000000202e+01,-4.187241588460815463e-12
1.827400000000000091e+01,-4.202915011341790003e-12
1.827599999999999980e+01,-4.065803043788316317e-12
1.827799999999999869e+01,-4.105957431699297949e-12
1.828000000000000114e+01,-4.165921813860794018e-12
1.828200000000000003e+01,-4.223601889080539168e-12
1.828399999999999892e+01,-4.277469110660352984e-12
1.828600000000000136e+01,-4.346439532255857419e-12
1.828800000000000026e+01,-4.203806786961447059e-12
1.828999999999999915e+01,-3.827719937546099704e-12
1.829200000000000159e+01,-4.055696333629075928e-12
1.829400000000000048e+01,-4.344507946241033673e-12
1.829599999999999937e+01,-3.998313994128003201e-12
1.829800000000000182e+01,-4.250679197131706960e-12
1.830000000000000071e+01,-4.109108511489765688e-12
1.830199999999999960e+01,-4.148230828902779956e-12
1.830400000000000205e+01,-4.203597756892809504e-12
1.830600000000000094e+01,-4.077941059321714902e-12
1.830799999999999983e+01,-4.312326333391984364e-12
1.830999999999999872e+01,-4.379567234733248577e-12
1.831200000000000117e+01,-4.244708997493024603e-12
1.831400000000000006e+01,-4.095676974858085658e-12
1.831599999999999895e+01,-4.136221370855822208e-12
1.831800000000000139e+01,-4.185014227354320583e-12
1.832000000000000028e+01,-4.258202396702137873e-12
1.832199999999999918e+01,-4.312687372399003642e-12
1.832400000000000162e+01,-4.365328114711871326e-12
1.832600000000000051e+01,-4.215712810230421604e-12
1.832799999999999940e+01,-4.270368142619682378e-12
1.833000000000000185e+01,-4.127651633989187615e-12
1.833200000000000074e+01,-4.372292378764109914e-12
1.833399999999999963e+01,-4.224650571473736830e-12
1.833600000000000207e+01,-4.290028475765516050e-12
1.833800000000000097e+01,-4.127626103484718881e-12
1.833999999999999986e+01,-4.190561795274831823e-12
1.834199999999999875e+01,-4.239459153901862755e-12
1.834400000000000119e+01,-4.492241031322841008e-12
1.834600000000000009e+01,-3.972687877173866287e-12
1.834799999999999898e+01,-3.981527358621625961e-12
1.835000000000000142e+01,-4.025386314102206809e-12
1.835200000000000031e+01,-3.890159986808393450e-12
1.835399999999999920e+01,-4.138335317818833978e-12
1.835600000000000165e+01,-4.014440729538200033e-12
1.835800000000000054e+01,-4.269300821430241952e-12
1.835999999999999943e+01,-4.337344317032794903e-12
1.836200000000000188e+01,-4.395441549446406331e-12
1.836400000000000077e+01,-4.251498339012693680e-12
1.836599999999999966e+01,-4.297949295276286842e-12
1.836800000000000210e+01,-4.138580859635064002e-12
1.837000000000000099e+01,-4.387468391161661962e-12
1.837199999999999989e+01,-4.256143517439621801e-12
1.837399999999999878e+01,-4.127133018793350980e-12
1.837600000000000122e+01,-4.149770223923515437e-12
1.837800000000000011e+01,-4.201837591799630316e-12
1.837999999999999901e+01,-4.070484793121100376e-12
1.838200000000000145e+01,-4.511372789385362301e-12
1.838400000000000034e+01,-4.395325890555935633e-12
1.838599999999999923e+01,-4.246911874326641859e-12
1.838800000000000168e+01,-4.281069748766166322e-12
1.839000000000000057e+01,-4.136527999794200454e-12
1.839199999999999946e+01,-4.190381631942229908e-12
1.839400000000000190e+01,-4.239080203417142344e-12
1.839600000000000080e+01,-4.094049140439407123e-12
1.839799999999999969e+01,-4.341258243022832327e-12
1.840000000000000213e+01,-4.215243711885155845e-12
1.840200000000000102e+01,-3.870166759331407930e-12
1.840399999999999991e+01,-3.857842982096034870e-12
1.840599999999999881e+01,-4.149157086336302279e-12
1.840800000000000125e+01,-4.217168199057979076e-12
1.841000000000000014e+01,-4.278741923328443579e-12
1.841199999999999903e+01,-4.327918407869186348e-12
1.841400000000000148e+01,-4.196258616382557736e-12
1.841600000000000037e+01,-4.238800618236254425e-12
1.841799999999999926e+01,-4.288607390339485614e-12
1.842000000000000171e+01,-4.355465508526099991e-12
1.842200000000000060e+01,-4.402948588676840043e-12
1.842399999999999949e+01,-4.061600269665426339e-12
1.842600000000000193e+01,-4.086012759995785673e-12
1.842800000000000082e+01,-4.159729187506938162e-12
1.842999999999999972e+01,-4.400214881999707635e-12
1.843200000000000216e+01,-4.300642971305656531e-12
1.843400000000000105e+01,-4.319931369998971976e-12
1.843599999999999994e+01,-4.405671835542429015e-12
1.843799999999999883e+01,-4.238521703655988229e-12
1.844000000000000128e+01,-4.084339126145950739e-12
1.844200000000000017e+01,-4.330581856015245468e-12
1.844399999999999906e+01,-4.189599327230370802e-12
1.844600000000000151e+01,-4.243182826684591400e-12
1.844800000000000040e+01,-4.501097847478487978e-12
1.844999999999999929e+01,-4.387215206482586608e-12
1.845200000000000173e+01,-4.417505443286222106e-12
1.845400000000000063e+01,-4.065404287926276377e-12
1.845599999999999952e+01,-4.109965370258790016e-12
1.845800000000000196e+01,-3.947682712550721709e-12
1.846000000000000085e+01,-4.196856314038328791e-12
1.846199999999999974e+01,-4.079800340056353454e-12
1.846399999999999864e+01,-4.119290293062154365e-12
1.846600000000000108e+01,-4.175769736825102952e-12
1.846799999999999997e+01,-4.227130888475155964e-12
1.846999999999999886e+01,-4.306908869496807804e-12
1.847200000000000131e+01,-4.350267251759568894e-12
1.847400000000000020e+01,-4.202418519246592240e-12
1.847599999999999909e+01,-4.255755834086486179e-12
1.847800000000000153e+01,-4.103119820925887782e-12
1.848000000000000043e+01,-4.162106041531137546e-12
1.848199999999999932e+01,-4.207140195011596337e-12
1.848400000000000176e+01,-4.064377395748069719e-12
1.848600000000000065e+01,-4.511249391947191401e-12
1.848799999999999955e+01,-4.194519226660548258e-12
1.849000000000000199e+01,-4.223738368153351556e-12
1.849200000000000088e+01,-4.284366521676744397e-12
1.849399999999999977e+01,-4.133694503305512785e-12
1.849599999999999866e+01,-4.203724793663653255e-12
1.849800000000000111e+01,-4.240926587933175497e-12
1.850000000000000000e+01,-4.097365057224445128e-12
1.850199999999999889e+01,-4.141844881699692055e-12
1.850400000000000134e+01,-4.410706510785012555e-12
1.850600000000000023e+01,-4.281424566663561061e-12
1.850799999999999912e+01,-4.311407613626550058e-12
1.851000000000000156e+01,-4.178841845974203089e-12
1.851200000000000045e+01,-4.021366090602445115e-12
1.851399999999999935e+01,-4.052258510043682618e-12
1.851600000000000179e+01,-4.117878990687078473e-12
1.851800000000000068e+01,-4.184234178991862384e-12
1.851999999999999957e+01,-4.229928978616140152e-12
1.852200000000000202e+01,-4.295542844580747745e-12
1.852400000000000091e+01,-3.944871626398251144e-12
1.852599999999999980e+01,-4.182669518446344252e-12
1.852799999999999869e+01,-4.256064806559161672e-12
1.853000000000000114e+01,-4.320685449813570977e-12
1.853200000000000003e+01,-4.373782074415041090e-12
1.853399999999999892e+01,-4.226293070839513675e-12
1.853600000000000136e+01,-4.271958883959185199e-12
1.853800000000000026e+01,-3.728989786824619273e-12
1.853999999999999915e+01,-4.132260230963590668e-12
1.854200000000000159e+01,-4.236214998062002904e-12
1.854400000000000048e+01,-4.276388787084147290e-12
1.854599999999999937e+01,-4.344255618517737544e-12
1.854800000000000182e+01,-4.422176017718218574e-12
1.855000000000000071e+01,-4.042765433491836101e-12
1.855199999999999960e+01,-4.090139258081108833e-12
1.855400000000000205e+01,-3.940329208416132154e-12
1.855600000000000094e+01,-4.394397735667183284e-12
1.855799999999999983e+01,-4.272840849516498677e-12
1.855999999999999872e+01,-4.524027257215962669e-12
1.856200000000000117e+01,-4.205992522518697449e-12
1.856400000000000006e+01,-4.221466815944619140e-12
1.856599999999999895e+01,-4.292446263515897562e-12
1.856800000000000139e+01,-4.141522211599161511e-12
1.857000000000000028e+01,-4.172367492411231897e-12
1.857199999999999918e+01,-4.238222486892245111e-12
1.857400000000000162e+01,-4.099759670123086194e-12
1.857600000000000051e+01,-4.132071962085021605e-12
1.857799999999999940e+01,-4.204427627059589183e-12
1.858000000000000185e+01,-4.244167561901134449e-12
1.858200000000000074e+01,-4.309980900677294004e-12
1.858399999999999963e+01,-4.588641678534864140e-12
1.858600000000000207e+01,-4.031483723741854081e-12
1.858800000000000097e+01,-4.257289708602361065e-12
1.858999999999999986e+01,-4.129500571805938649e-12
1.859199999999999875e+01,-4.173213671448950635e-12
1.859400000000000119e+01,-4.019576243381329252e-12
1.859600000000000009e+01,-4.285466056891785789e-12
1.859799999999999898e+01,-4.350276312810147301e-12
1.860000000000000142e+01,-4.203844024499631550e-12
1.860200000000000031e+01,-4.236692896992254418e-12
1.860399999999999920e+01,-4.329966729585037603e-12
1.860600000000000165e+01,-4.145570282507132814e-12
1.860800000000000054e+01,-4.211740971511418417e-12
1.860999999999999943e+01,-4.260950506824208772e-12
1.861200000000000188e+01,-4.319511286607994332e-12
1.861400000000000077e+01,-4.182579766039885100e-12
1.861599999999999966e+01,-4.226396140260297298e-12
1.861800000000000210e+01,-4.282934688358849440e-12
1.862000000000000099e+01,-4.329140748256360923e-12
1.862199999999999989e+01,-4.395843668728863955e-12
1.862399999999999878e+01,-4.053864605134032671e-12
1.862600000000000122e+01,-4.063431603870380811e-12
1.862800000000000011e+01,-3.956235338822735559e-12
1.862999999999999901e+01,-4.187203660699746273e-12
1.863200000000000145e+01,-4.247601885107246464e-12
1.863400000000000034e+01,-4.314024924786317846e-12
1.863599999999999923e+01,-4.168917645171682775e-12
1.863800000000000168e+01,-4.219314728475823863e-12
1.864000000000000057e+01,-4.469237225868280404e-12
1.864199999999999946e+01,-3.952715727590580741e-12
1.864400000000000190e+01,-4.158665006878416376e-12
1.864600000000000080e+01,-4.433571605222739804e-12
1.864799999999999969e+01,-4.313675414742254026e-12
1.865000000000000213e+01,-4.139920069205564707e-12
1.865200000000000102e+01,-4.402193049716214032e-12
1.865399999999999991e+01,-4.271060802115474265e-12
1.865599999999999881e+01,-4.303417273242627219e-12
1.865800000000000125e+01,-4.165680168242647856e-12
1.866000000000000014e+01,-4.203008488468841165e-12
1.866199999999999903e+01,-4.059152347967912351e-12
1.866400000000000148e+01,-4.122742307486285826e-12
1.866600000000000037e+01,-4.161808508989413940e-12
1.866799999999999926e+01,-4.225901377535947929e-12
1.867000000000000171e+01,-4.289500321352833487e-12
1.867200000000000060e+01,-4.336021000238093224e-12
1.867399999999999949e+01,-4.199953219009271576e-12
1.867600000000000193e+01,-4.037609991912859319e-12
1.867800000000000082e+01,-4.284773190577093249e-12
1.867999999999999972e+01,-3.961673008245253685e-12
1.868200000000000216e+01,-4.192779903919955786e-12
1.868400000000000105e+01,-4.062160919849937417e-12
1.868599999999999994e+01,-4.081765863967744673e-12
1.868799999999999883e+01,-4.366345898399436943e-12
1.869000000000000128e+01,-4.237079267239388607e-12
1.869200000000000017e+01,-4.059447553212345644e-12
1.869399999999999906e+01,-4.128262595038958333e-12
1.869600000000000151e+01,-4.583055441322942280e-12
1.869800000000000040e+01,-4.467470956667150751e-12
1.869999999999999929e+01,-4.102758364348324216e-12
1.870200000000000173e+01,-3.931360840676442619e-12
1.870400000000000063e+01,-4.178217973820715889e-12
1.870599999999999952e+01,-4.257207215798421263e-12
1.870800000000000196e+01,-4.318485165989563341e-12
1.871000000000000085e+01,-4.374618033114467593e-12
1.871199999999999974e+01,-4.220869411776310700e-12
1.871399999999999864e+01,-4.061301233160528494e-12
1.871600000000000108e+01,-3.910300090132655032e-12
1.871799999999999997e+01,-4.157887139583853483e-12
1.871999999999999886e+01,-4.224877015012431015e-12
1.872200000000000131e+01,-4.279528535463922393e-12
1.872400000000000020e+01,-4.152742183545899749e-12
1.872599999999999909e+01,-4.189769542508067643e-12
1.872800000000000153e+01,-4.246371313514742362e-12
1.873000000000000043e+01,-4.109334258196440046e-12
1.873199999999999932e+01,-4.334912097902684925e-12
1.873400000000000176e+01,-4.218770761115106029e-12
1.873600000000000065e+01,-3.859478924985020897e-12
1.873799999999999955e+01,-4.080931522246419271e-12
1.874000000000000199e+01,-4.159646501927294023e-12
1.874200000000000088e+01,-4.014143246387274898e-12
1.874399999999999977e+01,-4.068756867315598673e-12
1.874599999999999866e+01,-4.324927013469925533e-12
1.874800000000000111e+01,-4.393635182431183312e-12
1.875000000000000000e+01,-4.441896400113633762e-12
1.875199999999999889e+01,-4.322384490400575634e-12
1.875400000000000134e+01,-4.145498527358856587e-12
1.875600000000000023e+01,-4.201586746820059852e-12
1.875799999999999912e+01,-4.235990605551408970e-12
1.876000000000000156e+01,-4.315260461048877007e-12
1.876200000000000045e+01,-4.174841574933638255e-12
1.876399999999999935e+01,-4.214938107955944225e-12
1.876600000000000179e+01,-4.264828465353357135e-12
1.876800000000000068e+01,-4.338796089773347398e-12
1.876999999999999957e+01,-4.389848338111064905e-12
1.877200000000000202e+01,-4.246387422932601173e-12
1.877400000000000091e+01,-4.082121890251152086e-12
1.877599999999999980e+01,-4.141796289233654908e-12
1.877799999999999869e+01,-4.188294051122891658e-12
1.878000000000000114e+01,-4.239857308497206912e-12
1.878200000000000003e+01,-4.510463142458342272e-12
1.878399999999999892e+01,-4.372644141837062443e-12
1.878600000000000136e+01,-4.028245162879803493e-12
1.878800000000000026e+01,-3.832855364988228386e-12
1.878999999999999915e+01,-3.890379323382869822e-12
1.879200000000000159e+01,-4.144358192180031686e-12
1.879400000000000048e+01,-4.224403058535269408e-12
1.879599999999999937e+01,-4.086638813633854759e-12
1.879800000000000182e+01,-4.527919221328516355e-12
1.880000000000000071e+01,-4.404367087160318037e-12
1.880199999999999960e+01,-4.046653761424614393e-12
1.880400000000000205e+01,-4.487237567610459128e-12
1.880600000000000094e+01,-4.382074533096796755e-12
1.880799999999999983e+01,-4.405422564400766827e-12
1.880999999999999872e+01,-4.278141971404440266e-12
1.881200000000000117e+01,-4.124550240238259002e-12
1.881400000000000006e+01,-4.154369438537475003e-12
1.881599999999999895e+01,-4.207868645584636664e-12
1.881800000000000139e+01,-4.276644250513825644e-12
1.882000000000000028e+01,-4.337308991936303764e-12
1.882199999999999918e+01,-4.387070737686849748e-12
1.882400000000000162e+01,-4.043675124298845690e-12
1.882600000000000051e+01,-4.065402255716545563e-12
1.882799999999999940e+01,-4.150512717336978015e-12
1.883000000000000185e+01,-4.175480985980549651e-12
1.883200000000000074e+01,-4.249258861197810679e-12
1.883399999999999963e+01,-4.305600575436978434e-12
1.883600000000000207e+01,-3.956240267700380167e-12
1.883800000000000097e+01,-4.191461498801076879e-12
1.883999999999999986e+01,-4.270049335898419186e-12
1.884199999999999875e+01,-4.317456645338546188e-12
1.884400000000000119e+01,-4.188189558755806033e-12
1.884600000000000009e+01,-4.227361132902380030e-12
1.884799999999999898e+01,-4.081605197000265525e-12
1.885000000000000142e+01,-4.123374067569350485e-12
1.885200000000000031e+01,-4.177845079154900347e-12
1.885399999999999920e+01,-4.046218275787438293e-12
1.885600000000000165e+01,-4.081655776928124669e-12
1.885800000000000054e+01,-4.339960317612519625e-12
1.885999999999999943e+01,-4.421490529663254407e-12
1.886200000000000188e+01,-4.477516380657789795e-12
1.886400000000000077e+01,-4.123813038524942727e-12
1.886599999999999966e+01,-4.166030344412445420e-12
1.886800000000000210e+01,-4.007447785202143744e-12
1.887000000000000099e+01,-4.255083039636369846e-12
1.887199999999999989e+01,-4.129020161395640982e-12
1.887399999999999878e+01,-4.170922774911682061e-12
1.887600000000000122e+01,-4.240088166938360472e-12
1.887800000000000011e+01,-4.287745772698393135e-12
1.887999999999999901e+01,-4.151799523419101812e-12
1.888200000000000145e+01,-4.193959981103117505e-12
1.888400000000000034e+01,-4.252942587273927793e-12
1.888599999999999923e+01,-4.104711932398429501e-12
1.888800000000000168e+01,-4.149272099246346929e-12
1.889000000000000057e+01,-4.218970897131938493e-12
1.889199999999999946e+01,-4.261599960375375202e-12
1.889400000000000190e+01,-4.332058610329222838e-12
1.889600000000000080e+01,-4.595095945652439840e-12
1.889799999999999969e+01,-4.254463355503985018e-12
1.890000000000000213e+01,-4.086570610615894584e-12
1.890200000000000102e+01,-4.111555854801078180e-12
1.890399999999999991e+01,-4.192522336000665395e-12
1.890599999999999881e+01,-4.252265438362884489e-12
1.890800000000000125e+01,-4.288000067455249633e-12
1.891000000000000014e+01,-4.368909118123645660e-12
1.891199999999999903e+01,-4.020599598853023431e-12
1.891400000000000148e+01,-4.246216572820192584e-12
1.891600000000000037e+01,-4.329047695470050289e-12
1.891799999999999926e+01,-4.167295547894912260e-12
1.892000000000000171e+01,-4.209700997793737546e-12
1.892200000000000060e+01,-4.305851322292831960e-12
1.892399999999999949e+01,-4.127555486058261406e-12
1.892600000000000193e+01,-4.177552359471055899e-12
1.892800000000000082e+01,-4.033623121466499013e-12
1.892999999999999972e+01,-4.476357649837068420e-12
1.893200000000000216e+01,-4.569041130249759040e-12
1.893400000000000105e+01,-4.233285731954333173e-12
1.893599999999999994e+01,-4.041182422355937911e-12
1.893799999999999883e+01,-4.100335213207420307e-12
1.894000000000000128e+01,-4.146027704682056474e-12
1.894200000000000017e+01,-4.003306780649823711e-12
1.894399999999999906e+01,-4.252611468381042137e-12
1.894600000000000151e+01,-4.335085480450043117e-12
1.894800000000000040e+01,-4.177932885487148675e-12
1.894999999999999929e+01,-4.224009287212104680e-12
1.895200000000000173e+01,-4.300671927402262545e-12
1.895400000000000063e+01,-4.140692092380224849e-12
1.895599999999999952e+01,-4.193736301756090451e-12
1.895800000000000196e+01,-4.239563484465768384e-12
1.896000000000000085e+01,-4.109318426589725625e-12
1.896199999999999974e+01,-4.126540468520514302e-12
1.896399999999999864e+01,-4.212821032135663055e-12
1.896600000000000108e+01,-4.268639552769702823e-12
1.896799999999999997e+01,-4.315514536642374708e-12
1.896999999999999886e+01,-4.388947751769665384e-12
1.897200000000000131e+01,-4.434480371871153908e-12
1.897400000000000020e+01,-3.883574105954036885e-12
1.897599999999999909e+01,-4.095660908960414652e-12
1.897800000000000153e+01,-4.191901412219480707e-12
1.898000000000000043e+01,-4.251545270892642840e-12
1.898199999999999932e+01,-4.301771554415000427e-12
1.898400000000000176e+01,-4.141591181412685990e-12
1.898600000000000065e+01,-4.207097698269614900e-12
1.898799999999999955e+01,-4.252613055311712975e-12
1.899000000000000199e+01,-3.901746139913588831e-12
1.899200000000000088e+01,-4.140137306003633087e-12
1.899399999999999977e+01,-4.222038998179945249e-12
1.899599999999999866e+01,-4.461772792118757098e-12
1.899800000000000111e+01,-4.340408358219195679e-12
1.900000000000000000e+01,-4.187813080828553564e-12
1.900199999999999889e+01,-4.433210580119914149e-12
1.900400000000000134e+01,-4.300807843222953770e-12
1.900600000000000023e+01,-4.349821106611791120e-12
1.900799999999999912e+01,-4.211147274087210159e-12
1.901000000000000156e+01,-4.037937208695788350e-12
1.901200000000000045e+01,-3.890079830778469512e-12
1.901399999999999935e+01,-4.123758541090558954e-12
1.901600000000000179e+01,-4.207142377466644450e-12
1.901800000000000068e+01,-4.259307866622326407e-12
1.901999999999999957e+01,-4.120146655337629333e-12
1.902200000000000202e+01,-4.365846639238967604e-12
1.902400000000000091e+01,-4.238664804348166554e-12
1.902599999999999980e+01,-4.485644829116850663e-12
1.902799999999999869e+01,-4.149317913712532819e-12
1.903000000000000114e+01,-4.188461560310722520e-12
1.903200000000000003e+01,-4.247175188110438019e-12
1.903399999999999892e+01,-4.296444235598208616e-12
1.903600000000000136e+01,-4.369571931994374536e-12
1.903800000000000026e+01,-4.424856342474367032e-12
1.903999999999999915e+01,-4.071806050166486190e-12
1.904200000000000159e+01,-4.300855397405212050e-12
1.904400000000000048e+01,-4.166502108516965484e-12
1.904599999999999937e+01,-4.221520222695631221e-12
1.904800000000000182e+01,-3.867687350187091994e-12
1.905000000000000071e+01,-4.101811599465938171e-12
1.905199999999999960e+01,-3.966816441101565206e-12
1.905400000000000205e+01,-4.223910757994046258e-12
1.905600000000000094e+01,-4.286962422623397744e-12
1.905799999999999983e+01,-4.562614487522198014e-12
1.905999999999999872e+01,-4.230067869089915645e-12
1.906200000000000117e+01,-4.249341018005356633e-12
1.906400000000000006e+01,-4.109758303781124447e-12
1.906599999999999895e+01,-4.150984294300641778e-12
1.906800000000000139e+01,-4.202663451636600429e-12
1.907000000000000028e+01,-4.270283751857878352e-12
1.907199999999999918e+01,-4.119385323718299804e-12
1.907400000000000162e+01,-4.165759663527612392e-12
1.907600000000000051e+01,-4.435616614773315779e-12
1.907799999999999940e+01,-4.297396270596433848e-12
1.908000000000000185e+01,-4.138118152350500640e-12
1.908200000000000074e+01,-3.994410404995699522e-12
1.908399999999999963e+01,-4.226303287764863550e-12
1.908600000000000207e+01,-4.112979039782930804e-12
1.908800000000000097e+01,-3.925730497939908664e-12
1.908999999999999986e+01,-4.197697876261843588e-12
1.909199999999999875e+01,-4.043246301249714453e-12
1.909400000000000119e+01,-4.301689242475499043e-12
1.909600000000000009e+01,-4.368332839980313435e-12
1.909799999999999898e+01,-4.037974284333692020e-12
1.910000000000000142e+01,-4.474349806045849061e-12
1.910200000000000031e+01,-4.143959687389130198e-12
1.910399999999999920e+01,-4.376577285100174526e-12
1.910600000000000165e+01,-4.259669927095144408e-12
1.910800000000000054e+01,-4.491746508970793654e-12
1.910999999999999943e+01,-4.180412829022647548e-12
1.911200000000000188e+01,-4.187293686168781376e-12
1.911400000000000077e+01,-4.247685865712627007e-12
1.911599999999999966e+01,-4.306868124632912686e-12
1.911800000000000210e+01,-4.182408467583707519e-12
1.912000000000000099e+01,-4.406220036700252260e-12
1.912199999999999989e+01,-4.072866056785327359e-12
1.912399999999999878e+01,-4.108058381571627291e-12
1.912600000000000122e+01,-4.182948618537044486e-12
1.912800000000000011e+01,-4.012102390653825615e-12
1.912999999999999901e+01,-4.285575485039170213e-12
1.913200000000000145e+01,-4.138957326369654016e-12
1.913400000000000034e+01,-4.385925616426788294e-12
1.913599999999999923e+01,-3.859280657323816008e-12
1.913800000000000168e+01,-4.067908218462325084e-12
1.914000000000000057e+01,-4.164396484739206651e-12
1.914199999999999946e+01,-3.984966028337256405e-12
1.914400000000000190e+01,-4.048408123640713084e-12
1.914600000000000080e+01,-4.317348372167300047e-12
1.914799999999999969e+01,-3.973305913822582053e-12
1.915000000000000213e+01,-4.196601840089035696e-12
1.915200000000000102e+01,-4.490085904938460473e-12
1.915399999999999991e+01,-4.349902726269127130e-12
1.915599999999999881e+01,-4.403720672017226825e-12
1.915800000000000125e+01,-4.463160000981429741e-12
1.916000000000000014e+01,-4.102609961661601965e-12
1.916199999999999903e+01,-4.133425092102359904e-12
1.916400000000000148e+01,-4.209228899990400989e-12
1.916600000000000037e+01,-4.255296070114775921e-12
1.916799999999999926e+01,-4.116475462901275545e-12
1.917000000000000171e+01,-4.350143527314727110e-12
1.917200000000000060e+01,-4.235465770937940084e-12
1.917399999999999949e+01,-4.069526575223566533e-12
1.917600000000000193e+01,-4.111507255875222507e-12
1.917800000000000082e+01,-4.173708036073466926e-12
1.917999999999999972e+01,-4.212308143063522275e-12
1.918200000000000216e+01,-4.302384614573075696e-12
1.918400000000000105e+01,-4.348830867639866725e-12
1.918599999999999994e+01,-4.211831637475991137e-12
1.918799999999999883e+01,-4.238072343839318012e-12
1.919000000000000128e+01,-4.309627135482052555e-12
1.919200000000000017e+01,-4.363584356125895607e-12
1.919399999999999906e+01,-4.425533367444493869e-12
1.919600000000000151e+01,-4.075200821996068478e-12
1.919800000000000040e+01,-3.897699893462904897e-12
1.919999999999999929e+01,-4.144919042770465609e-12
1.920200000000000173e+01,-4.019495886789065362e-12
1.920400000000000063e+01,-4.279470702305581114e-12
1.920599999999999952e+01,-4.347844639791497932e-12
1.920800000000000196e+01,-4.410180316461091965e-12
1.921000000000000085e+01,-4.042347036742602597e-12
1.921199999999999974e+01,-4.073071779784977660e-12
1.921399999999999864e+01,-4.139610695048400290e-12
1.921600000000000108e+01,-4.190855959480871411e-12
1.921799999999999997e+01,-4.269440207042951117e-12
1.921999999999999886e+01,-4.305029501921318418e-12
1.922200000000000131e+01,-4.172602925012976683e-12
1.922400000000000020e+01,-4.011636710346382950e-12
1.922599999999999909e+01,-4.263748974668615711e-12
1.922800000000000153e+01,-4.325121017713695401e-12
1.923000000000000043e+01,-4.395423133445323468e-12
1.923199999999999932e+01,-4.257973704503842527e-12
1.923400000000000176e+01,-4.487282838178613908e-12
1.923600000000000065e+01,-4.365410459169030854e-12
1.923799999999999955e+01,-4.016326734032113790e-12
1.924000000000000199e+01,-4.234427177352131841e-12
1.924200000000000088e+01,-4.313372304973248891e-12
1.924399999999999977e+01,-4.173485808009929367e-12
1.924599999999999866e+01,-4.194260053584562922e-12
1.924800000000000111e+01,-4.074703625112728064e-12
1.925000000000000000e+01,-4.118032321693802008e-12
1.925199999999999889e+01,-4.155533852156343904e-12
1.925400000000000134e+01,-4.234815930868179202e-12
1.925600000000000023e+01,-4.080582284955908358e-12
1.925799999999999912e+01,-4.318491828637419663e-12
1.926000000000000156e+01,-4.197859974239667166e-12
1.926200000000000045e+01,-4.246270935410674631e-12
1.926399999999999935e+01,-4.317693754322026068e-12
1.926600000000000179e+01,-4.153401122131818572e-12
1.926800000000000068e+01,-4.201061073169126276e-12
1.926999999999999957e+01,-4.259672033223179902e-12
1.927200000000000202e+01,-4.122825491225724809e-12
1.927400000000000091e+01,-4.151783934712958872e-12
1.927599999999999980e+01,-4.235930915543400459e-12
1.927799999999999869e+01,-4.275818695833584461e-12
1.928000000000000114e+01,-4.337289931259756279e-12
1.928200000000000003e+01,-4.387946369510424777e-12
1.928399999999999892e+01,-4.453631773644004692e-12
1.928600000000000136e+01,-4.106111461625563257e-12
1.928800000000000026e+01,-3.936402253547468015e-12
1.928999999999999915e+01,-3.961645261223703409e-12
1.929200000000000159e+01,-4.248090829167288668e-12
1.929400000000000048e+01,-4.315287204284850788e-12
1.929599999999999937e+01,-4.363148121588463777e-12
1.929800000000000182e+01,-4.031537619965897788e-12
1.930000000000000071e+01,-4.056028154486564410e-12
1.930199999999999960e+01,-4.529507671830174042e-12
1.930400000000000205e+01,-4.191739911492993654e-12
1.930600000000000094e+01,-4.230030667269618610e-12
1.930799999999999983e+01,-4.287143636601859495e-12
1.930999999999999872e+01,-4.138172368406396808e-12
1.931200000000000117e+01,-4.189520519425071671e-12
1.931400000000000006e+01,-4.240268092443283617e-12
1.931599999999999895e+01,-4.307733591795922034e-12
1.931800000000000139e+01,-4.366038504285661716e-12
1.932000000000000028e+01,-4.219538668434169528e-12
1.932199999999999918e+01,-4.042457626585059772e-12
1.932400000000000162e+01,-4.113175026800785123e-12
1.932600000000000051e+01,-4.169929854880906935e-12
1.932799999999999940e+01,-4.028840560374789989e-12
1.933000000000000185e+01,-4.251214670557908329e-12
1.933200000000000074e+01,-4.338571054123417362e-12
1.933399999999999963e+01,-4.189781235722740913e-12
1.933600000000000207e+01,-4.036494687990135390e-12
1.933800000000000097e+01,-4.080230551598509759e-12
1.933999999999999986e+01,-4.346056991433055233e-12
1.934199999999999875e+01,-4.216285670781739079e-12
1.934400000000000119e+01,-4.060258966042943523e-12
1.934600000000000009e+01,-4.491949867443287463e-12
1.934799999999999898e+01,-3.992150430600179507e-12
1.935000000000000142e+01,-4.193147043809918765e-12
1.935200000000000031e+01,-4.057732195384013483e-12
1.935399999999999920e+01,-4.328525073024893352e-12
1.935600000000000165e+01,-4.381481586909311995e-12
1.935800000000000054e+01,-4.241798978749378863e-12
1.935999999999999943e+01,-4.088056676102513768e-12
1.936200000000000188e+01,-4.127577985040624944e-12
1.936400000000000077e+01,-4.198453847165111433e-12
1.936599999999999966e+01,-4.040771833769781982e-12
1.936800000000000210e+01,-4.291382021878639002e-12
1.937000000000000099e+01,-4.374577630876578210e-12
1.937199999999999989e+01,-4.428531104712917017e-12
1.937399999999999878e+01,-4.278106251795113690e-12
1.937600000000000122e+01,-4.126215024821160681e-12
1.937800000000000011e+01,-3.956805273725607176e-12
1.937999999999999901e+01,-4.212656774661879929e-12
1.938200000000000145e+01,-4.071506702092890541e-12
1.938400000000000034e+01,-4.325218743044525508e-12
1.938599999999999923e+01,-4.199137516994739501e-12
1.938800000000000168e+01,-4.247586914121556641e-12
1.939000000000000057e+01,-4.290899008270678497e-12
1.939199999999999946e+01,-4.569280445954311274e-12
1.939400000000000190e+01,-4.216162731874938024e-12
1.939600000000000080e+01,-4.269410411310820752e-12
1.939799999999999969e+01,-4.109107210967660490e-12
1.940000000000000213e+01,-4.358359601861330651e-12
1.940200000000000102e+01,-4.229808417379586113e-12
1.940399999999999991e+01,-4.274739853188304192e-12
1.940599999999999881e+01,-4.343760794690665426e-12
1.940800000000000125e+01,-4.393172047486073236e-12
1.941000000000000014e+01,-4.048664075742094269e-12
1.941199999999999903e+01,-4.082001942572979630e-12
1.941400000000000148e+01,-4.124870793823721085e-12
1.941600000000000037e+01,-4.184324612856116121e-12
1.941799999999999926e+01,-4.262453628867716760e-12
1.942000000000000171e+01,-4.304573311292580856e-12
1.942200000000000060e+01,-3.971673419027886978e-12
1.942399999999999949e+01,-4.183515234648432170e-12
1.942600000000000193e+01,-4.284220309394713770e-12
1.942800000000000082e+01,-4.326762850104643258e-12
1.942999999999999972e+01,-4.181299067079051575e-12
1.943200000000000216e+01,-4.446964784312134982e-12
1.943400000000000105e+01,-3.890645637029447820e-12
1.943599999999999994e+01,-4.114979616661699223e-12
1.943799999999999883e+01,-4.188170397409428794e-12
1.944000000000000128e+01,-4.444546979360262829e-12
1.944200000000000017e+01,-4.320178599293478578e-12
1.944399999999999906e+01,-4.161381360690486434e-12
1.944600000000000151e+01,-4.401791374236076040e-12
1.944800000000000040e+01,-4.080857037285929401e-12
1.944999999999999929e+01,-4.113430158052579290e-12
1.945200000000000173e+01,-4.148005543764240457e-12
1.945400000000000063e+01,-4.217796127911089546e-12
1.945599999999999952e+01,-4.284824933845633118e-12
1.945800000000000196e+01,-4.133303872348378421e-12
1.946000000000000085e+01,-4.180153428033780290e-12
1.946199999999999974e+01,-4.229741660639183157e-12
1.946399999999999864e+01,-4.093120758038902135e-12
1.946600000000000108e+01,-4.354769660550302014e-12
1.946799999999999997e+01,-4.217551974104594623e-12
1.946999999999999886e+01,-4.060143902947745288e-12
1.947200000000000131e+01,-4.294453613973685075e-12
1.947400000000000020e+01,-4.190826579240894687e-12
1.947599999999999909e+01,-4.212986169442287381e-12
1.947800000000000153e+01,-4.268531085378638784e-12
1.948000000000000043e+01,-4.335061104645569243e-12
1.948199999999999932e+01,-4.189546179667106768e-12
1.948400000000000176e+01,-3.813257469701732084e-12
1.948600000000000065e+01,-4.259205731523077183e-12
1.948799999999999955e+01,-4.157092259541048634e-12
1.949000000000000199e+01,-3.979964486897325114e-12
1.949200000000000088e+01,-4.237153039712210246e-12
1.949399999999999977e+01,-4.303802327410687060e-12
1.949599999999999866e+01,-4.361901286017114123e-12
1.949800000000000111e+01,-4.223398311913542873e-12
1.950000000000000000e+01,-4.258333025299047421e-12
1.950199999999999889e+01,-4.334446969526534825e-12
1.950400000000000134e+01,-4.386013707824644649e-12
1.950600000000000023e+01,-4.241124868993658601e-12
1.950799999999999912e+01,-4.080246023270873678e-12
1.951000000000000156e+01,-4.115494553297999462e-12
1.951200000000000045e+01,-4.181533236387148550e-12
1.951399999999999935e+01,-4.237385281685124350e-12
1.951600000000000179e+01,-4.301682385378530194e-12
1.951800000000000068e+01,-4.371582315645974221e-12
1.951999999999999957e+01,-4.415301018988250998e-12
1.952200000000000202e+01,-4.274530473678989971e-12
1.952400000000000091e+01,-4.120996127101734361e-12
1.952599999999999980e+01,-4.352434788730906347e-12
1.952799999999999869e+01,-4.044883975231098329e-12
1.953000000000000114e+01,-4.254440000013919691e-12
1.953200000000000003e+01,-4.339235554032862786e-12
1.953399999999999892e+01,-4.380672693949434834e-12
1.953600000000000136e+01,-4.060133476393913609e-12
1.953800000000000026e+01,-4.071667914070624297e-12
1.953999999999999915e+01,-4.132590810576984737e-12
1.954200000000000159e+01,-4.189647105137609462e-12
1.954400000000000048e+01,-4.250638789622311048e-12
1.954599999999999937e+01,-4.318681079059619629e-12
1.954800000000000182e+01,-3.958268263310030410e-12
1.955000000000000071e+01,-3.984186517456949913e-12
1.955199999999999960e+01,-4.256446990217120676e-12
1.955400000000000205e+01,-4.332798183534283330e-12
1.955600000000000094e+01,-4.190060823707809882e-12
1.955799999999999983e+01,-4.233832327224787150e-12
1.955999999999999872e+01,-3.869111055518424042e-12
1.956200000000000117e+01,-4.113554500689495580e-12
1.956400000000000006e+01,-4.188425832336293700e-12
1.956599999999999895e+01,-4.248931567075843438e-12
1.956800000000000139e+01,-4.305376916040504085e-12
1.957000000000000028e+01,-4.354326049937128041e-12
1.957199999999999918e+01,-4.228857587477162502e-12
1.957400000000000162e+01,-4.257871579532931997e-12
1.957600000000000051e+01,-4.329227940426267076e-12
1.957799999999999940e+01,-4.379058284670534954e-12
1.958000000000000185e+01,-4.235786262048185641e-12
1.958200000000000074e+01,-4.077256056691539440e-12
1.958399999999999963e+01,-4.112306917693300912e-12
1.958600000000000207e+01,-4.185537127515206142e-12
1.958800000000000097e+01,-4.038668177064078921e-12
1.958999999999999986e+01,-4.288881184706885394e-12
1.959199999999999875e+01,-4.555643544580779322e-12
1.959400000000000119e+01,-4.430599181020226609e-12
1.959600000000000009e+01,-4.071737050138739039e-12
1.959799999999999898e+01,-4.100271887063748393e-12
1.960000000000000142e+01,-4.157505524295415354e-12
1.960200000000000031e+01,-4.221980794530666247e-12
1.960399999999999920e+01,-4.278162238070680808e-12
1.960600000000000165e+01,-4.330171379538141347e-12
1.960800000000000054e+01,-4.193127758857020899e-12
1.960999999999999943e+01,-4.230631551136488611e-12
1.961200000000000188e+01,-4.088447297762920799e-12
1.961400000000000077e+01,-4.125961335909406691e-12
1.961599999999999966e+01,-4.185049358566448680e-12
1.961800000000000210e+01,-4.259694151802073115e-12
1.962000000000000099e+01,-4.303635136329445777e-12
1.962199999999999989e+01,-4.153058350397041376e-12
1.962399999999999878e+01,-4.219133271053598734e-12
1.962600000000000122e+01,-4.254981883252053939e-12
1.962800000000000011e+01,-4.332102303384460977e-12
1.962999999999999901e+01,-4.580571470978229063e-12
1.963200000000000145e+01,-4.261498759377164238e-12
1.963400000000000034e+01,-4.078670093913423385e-12
1.963599999999999923e+01,-4.119441376353764326e-12
1.963800000000000168e+01,-4.388356529432773769e-12
1.964000000000000057e+01,-4.262162066160086464e-12
1.964199999999999946e+01,-4.091544169425810938e-12
1.964400000000000190e+01,-4.354890430597759486e-12
1.964600000000000080e+01,-4.197671888272799651e-12
1.964799999999999969e+01,-4.265776816803169446e-12
1.965000000000000213e+01,-4.110578662473761325e-12
1.965200000000000102e+01,-4.171296273957846615e-12
1.965399999999999991e+01,-4.197959088639196427e-12
1.965599999999999881e+01,-4.284793056908700228e-12
1.965800000000000125e+01,-4.127334273942906382e-12
1.966000000000000014e+01,-4.169269508752758518e-12
1.966199999999999903e+01,-4.441422711699191245e-12
1.966400000000000148e+01,-4.312605604611609486e-12
1.966600000000000037e+01,-4.149013307974856157e-12
1.966799999999999926e+01,-4.395401992213825609e-12
1.967000000000000171e+01,-4.275582127537161109e-12
1.967200000000000060e+01,-4.100385858731439541e-12
1.967399999999999949e+01,-4.156425796444876975e-12
1.967600000000000193e+01,-4.005410044706444769e-12
1.967800000000000082e+01,-4.244247097656816799e-12
1.967999999999999972e+01,-4.322032337892400315e-12
1.968200000000000216e+01,-3.997624565446665226e-12
1.968400000000000105e+01,-4.198312853699798883e-12
1.968599999999999994e+01,-4.082614066618138906e-12
1.968799999999999883e+01,-4.129505788691426680e-12
1.969000000000000128e+01,-3.978508310303329001e-12
1.969200000000000017e+01,-4.228258317900426580e-12
1.969399999999999906e+01,-4.307212306510349948e-12
1.969600000000000151e+01,-4.153179147983666270e-12
1.969800000000000040e+01,-4.407971307595630596e-12
1.969999999999999929e+01,-4.275570171132543528e-12
1.970200000000000173e+01,-4.327345636033828867e-12
1.970400000000000063e+01,-4.167544234409965700e-12
1.970599999999999952e+01,-4.425512759988141842e-12
1.970800000000000196e+01,-4.091679233283770100e-12
1.971000000000000085e+01,-4.117806439496115422e-12
1.971199999999999974e+01,-4.179194263492901204e-12
1.971399999999999864e+01,-4.253630398153779876e-12
1.971600000000000108e+01,-4.293983256506424281e-12
1.971799999999999997e+01,-4.354933140974629211e-12
1.971999999999999886e+01,-4.009712650198333315e-12
1.972200000000000131e+01,-4.023869384174456812e-12
1.972400000000000020e+01,-4.101389743539652382e-12
1.972599999999999909e+01,-4.149780710797602242e-12
1.972800000000000153e+01,-4.204669203798828213e-12
1.973000000000000043e+01,-4.280983453436647237e-12
1.973199999999999932e+01,-4.333657350317592946e-12
1.973400000000000176e+01,-4.177837735445573967e-12
1.973600000000000065e+01,-4.429650223759096947e-12
1.973799999999999955e+01,-4.302079199099878581e-12
1.974000000000000199e+01,-4.143217379607573615e-12
1.974200000000000088e+01,-3.991938575894309104e-12
1.974399999999999977e+01,-4.244346355013572891e-12
1.974599999999999866e+01,-3.886342415484087540e-12
1.974800000000000111e+01,-3.929374926156652813e-12
1.975000000000000000e+01,-4.199229628965650326e-12
1.975199999999999889e+01,-4.258249279676987368e-12
1.975400000000000134e+01,-4.531337461838285909e-12
1.975600000000000023e+01,-4.384274470244835135e-12
1.975799999999999912e+01,-4.247237084571802361e-12
1.976000000000000156e+01,-4.087226297119479658e-12
1.976200000000000045e+01,-4.114995249728575525e-12
1.976399999999999935e+01,-4.187498208857635640e-12
1.976600000000000179e+01,-4.247438596993618045e-12
1.976800000000000068e+01,-4.289717347473060676e-12
1.976999999999999957e+01,-4.163502532949095043e-12
1.977200000000000202e+01,-4.192659133514615875e-12
1.977400000000000091e+01,-4.251589478163045525e-12
1.977599999999999980e+01,-4.314925462164192417e-12
1.977799999999999869e+01,-4.165307879554428316e-12
1.978000000000000114e+01,-4.637461246451308160e-12
1.978200000000000003e+01,-4.104195981860889163e-12
1.978399999999999892e+01,-4.105301043454536864e-12
1.978600000000000136e+01,-4.188055200640986502e-12
1.978800000000000026e+01,-4.033505898220313543e-12
1.978999999999999915e+01,-4.060299809291867103e-12
1.979200000000000159e+01,-4.343520181298277740e-12
1.979400000000000048e+01,-4.408395234470720561e-12
1.979599999999999937e+01,-4.073118753351537934e-12
1.979800000000000182e+01,-4.085096275611384520e-12
1.980000000000000071e+01,-3.946215141915383220e-12
1.980199999999999960e+01,-4.190352464437880631e-12
1.980400000000000205e+01,-4.274963565171630031e-12
1.980600000000000094e+01,-4.317032608956120085e-12
1.980799999999999983e+01,-4.178439798875981506e-12
1.980999999999999872e+01,-4.036599308795117806e-12
1.981200000000000117e+01,-4.259993426915869311e-12
1.981400000000000006e+01,-4.350596349542783968e-12
1.981599999999999895e+01,-4.191875125968687183e-12
1.981800000000000139e+01,-4.237879283580757375e-12
1.982000000000000028e+01,-4.100363869193690432e-12
1.982199999999999918e+01,-3.938017949990028842e-12
1.982400000000000162e+01,-4.193337296786103264e-12
1.982600000000000051e+01,-4.259167942149615279e-12
1.982799999999999940e+01,-4.327026640573228077e-12
1.983000000000000185e+01,-4.380321237195987262e-12
1.983200000000000074e+01,-4.444434904567026404e-12
1.983399999999999963e+01,-4.298000278173137349e-12
1.983600000000000207e+01,-3.930975578446959909e-12
1.983800000000000097e+01,-4.169003123806295874e-12
1.983999999999999986e+01,-4.240677316322401736e-12
1.984199999999999875e+01,-4.089626081593209851e-12
1.984400000000000119e+01,-4.349584671379142080e-12
1.984600000000000009e+01,-4.617498487105342759e-12
1.984799999999999898e+01,-4.493756121159290368e-12
1.985000000000000142e+01,-3.915296001095045566e-12
1.985200000000000031e+01,-4.149300649188783884e-12
1.985399999999999920e+01,-4.209708074586931066e-12
1.985600000000000165e+01,-4.265658895654817811e-12
1.985800000000000054e+01,-4.137095053740645411e-12
1.985999999999999943e+01,-4.173275138554473714e-12
1.986200000000000188e+01,-4.232630560014695289e-12
1.986400000000000077e+01,-4.091958547555986873e-12
1.986599999999999966e+01,-4.336929955244546975e-12
1.986800000000000210e+01,-4.406935697887821915e-12
1.987000000000000099e+01,-4.064697265824468237e-12
1.987199999999999989e+01,-4.092144905874870537e-12
1.987399999999999878e+01,-4.156667822337419360e-12
1.987600000000000122e+01,-4.209058817764119218e-12
1.987800000000000011e+01,-4.257608583395937396e-12
1.987999999999999901e+01,-4.326244863403995653e-12
1.988200000000000145e+01,-3.970862961664476091e-12
1.988400000000000034e+01,-4.010052230820717636e-12
1.988599999999999923e+01,-4.269557038515159165e-12
1.988800000000000168e+01,-4.136373342630950026e-12
1.989000000000000057e+01,-4.393344415929036901e-12
1.989199999999999946e+01,-4.260253449529421594e-12
1.989400000000000190e+01,-4.508487772537037652e-12
1.989600000000000080e+01,-3.967966694252304230e-12
1.989799999999999969e+01,-4.391267160443185222e-12
1.990000000000000213e+01,-4.478931296584611361e-12
1.990200000000000102e+01,-4.550000525811419853e-12
1.990399999999999991e+01,-3.985599484590884554e-12
1.990599999999999881e+01,-4.196649092569288914e-12
1.990800000000000125e+01,-4.074198012852495072e-12
1.991000000000000014e+01,-4.115459720934789131e-12
1.991199999999999903e+01,-4.177730362358032723e-12
1.991400000000000148e+01,-4.234936159644753807e-12
1.991600000000000037e+01,-4.293734053495066731e-12
1.991799999999999926e+01,-4.349705634795643612e-12
1.992000000000000171e+01,-4.216772805615927911e-12
1.992200000000000060e+01,-4.246763915947536734e-12
1.992399999999999949e+01,-4.104629041175570892e-12
1.992600000000000193e+01,-4.157175780783763011e-12
1.992800000000000082e+01,-4.423490265768934494e-12
1.992999999999999972e+01,-4.290834998743857842e-12
1.993200000000000216e+01,-4.111290364789765739e-12
1.993400000000000105e+01,-3.976449164649925217e-12
1.993599999999999994e+01,-4.217715719568501757e-12
1.993799999999999883e+01,-4.293424282966322570e-12
1.994000000000000128e+01,-4.338182775440669148e-12
1.994200000000000017e+01,-4.205577085794162810e-12
1.994399999999999906e+01,-4.260882979836955612e-12
1.994600000000000151e+01,-4.109325960999088767e-12
1.994800000000000040e+01,-4.136640365347828802e-12
1.994999999999999929e+01,-3.810552378713106245e-12
1.995200000000000173e+01,-4.228283781512313790e-12
1.995400000000000063e+01,-4.324134177094828904e-12
1.995599999999999952e+01,-4.597551831523287853e-12
1.995800000000000196e+01,-4.043288718192857606e-12
1.996000000000000085e+01,-4.266349542213873733e-12
1.996199999999999974e+01,-4.147207483344718595e-12
1.996400000000000219e+01,-4.379606532741453469e-12
1.996600000000000108e+01,-4.253925686607231966e-12
1.996799999999999997e+01,-4.298556550908922294e-12
1.996999999999999886e+01,-4.157810896440196473e-12
1.997200000000000131e+01,-4.192088407424688408e-12
1.997400000000000020e+01,-4.264515310055382617e-12
1.997599999999999909e+01,-4.122197556799030173e-12
1.997800000000000153e+01,-4.351682919837061294e-12
1.998000000000000043e+01,-4.240495079268693359e-12
1.998199999999999932e+01,-4.285916034619111390e-12
1.998400000000000176e+01,-4.322805288853205626e-12
1.998600000000000065e+01,-4.196364230739245378e-12
1.998799999999999955e+01,-4.634952237374613308e-12
1.999000000000000199e+01,-4.325787423482219720e-12
1.999200000000000088e+01,-4.152313893549036037e-12
1.999399999999999977e+01,-3.979827159698638547e-12
1.999599999999999866e+01,-3.829656386025567114e-12
1.999800000000000111e+01,-4.069514575606818071e-12
