0.000000000000000000e+00,0.000000000000000000e+00
2.000000000000000042e-03,0.000000000000000000e+00
4.000000000000000083e-03,0.000000000000000000e+00
6.000000000000000125e-03,0.000000000000000000e+00
8.000000000000000167e-03,0.000000000000000000e+00
1.000000000000000021e-02,0.000000000000000000e+00
1.200000000000000025e-02,0.000000000000000000e+00
1.400000000000000029e-02,0.000000000000000000e+00
1.600000000000000033e-02,0.000000000000000000e+00
1.800000000000000211e-02,0.000000000000000000e+00
2.000000000000000042e-02,0.000000000000000000e+00
2.199999999999999872e-02,0.000000000000000000e+00
2.400000000000000050e-02,0.000000000000000000e+00
2.600000000000000228e-02,0.000000000000000000e+00
2.800000000000000058e-02,0.000000000000000000e+00
2.999999999999999889e-02,0.000000000000000000e+00
3.200000000000000067e-02,0.000000000000000000e+00
3.400000000000000244e-02,0.000000000000000000e+00
3.600000000000000422e-02,0.000000000000000000e+00
3.799999999999999906e-02,0.000000000000000000e+00
4.000000000000000083e-02,0.000000000000000000e+00
4.200000000000000261e-02,0.000000000000000000e+00
4.399999999999999745e-02,0.000000000000000000e+00
4.599999999999999922e-02,0.000000000000000000e+00
4.800000000000000100e-02,0.000000000000000000e+00
5.000000000000000278e-02,0.000000000000000000e+00
5.200000000000000455e-02,0.000000000000000000e+00
5.399999999999999939e-02,0.000000000000000000e+00
5.600000000000000117e-02,0.000000000000000000e+00
5.800000000000000294e-02,0.000000000000000000e+00
5.999999999999999778e-02,0.000000000000000000e+00
6.199999999999999956e-02,0.000000000000000000e+00
6.400000000000000133e-02,0.000000000000000000e+00
6.600000000000000311e-02,0.000000000000000000e+00
6.800000000000000488e-02,0.000000000000000000e+00
7.000000000000000666e-02,0.000000000000000000e+00
7.200000000000000844e-02,0.000000000000000000e+00
7.399999999999999634e-02,0.000000000000000000e+00
7.599999999999999811e-02,0.000000000000000000e+00
7.799999999999999989e-02,0.000000000000000000e+00
8.000000000000000167e-02,0.000000000000000000e+00
8.200000000000000344e-02,0.000000000000000000e+00
8.400000000000000522e-02,0.000000000000000000e+00
8.600000000000000699e-02,0.000000000000000000e+00
8.799999999999999489e-02,0.000000000000000000e+00
8.999999999999999667e-02,0.000000000000000000e+00
9.199999999999999845e-02,0.000000000000000000e+00
9.400000000000000022e-02,0.000000000000000000e+00
9.600000000000000200e-02,0.000000000000000000e+00
9.800000000000000377e-02,0.000000000000000000e+00
1.000000000000000056e-01,0.000000000000000000e+00
1.020000000000000073e-01,0.000000000000000000e+00
1.040000000000000091e-01,0.000000000000000000e+00
1.059999999999999970e-01,0.000000000000000000e+00
1.079999999999999988e-01,0.000000000000000000e+00
1.100000000000000006e-01,0.000000000000000000e+00
1.120000000000000023e-01,0.000000000000000000e+00
1.140000000000000041e-01,0.000000000000000000e+00
1.160000000000000059e-01,0.000000000000000000e+00
1.180000000000000077e-01,0.000000000000000000e+00
1.199999999999999956e-01,0.000000000000000000e+00
1.219999999999999973e-01,0.000000000000000000e+00
1.239999999999999991e-01,0.000000000000000000e+00
1.260000000000000009e-01,0.000000000000000000e+00
1.280000000000000027e-01,0.000000000000000000e+00
1.300000000000000044e-01,0.000000000000000000e+00
1.320000000000000062e-01,2.943210975055065339e-05
1.340000000000000080e-01,4.245418445502667569e-05
1.360000000000000098e-01,5.668952284235689859e-05
1.380000000000000115e-01,7.098729703858380996e-05
1.400000000000000133e-01,8.489099086472107908e-05
1.420000000000000151e-01,9.780241349673129058e-05
1.440000000000000169e-01,1.092086535304915255e-04
1.459999999999999909e-01,1.186701727494573718e-04
1.479999999999999927e-01,1.258241393078625751e-04
1.499999999999999944e-01,1.303874294500727900e-04
1.519999999999999962e-01,1.321593157190786676e-04
1.539999999999999980e-01,1.310238716653346340e-04
1.559999999999999998e-01,1.269521120760831962e-04
1.580000000000000016e-01,1.200038189162696309e-04
1.600000000000000033e-01,1.103294162620761798e-04
1.620000000000000051e-01,9.817155769911085667e-05
1.640000000000000069e-01,8.386650261303016114e-05
1.660000000000000087e-01,6.784535642988594347e-05
1.680000000000000104e-01,5.063519357218510816e-05
1.700000000000000122e-01,3.286008224529186948e-05
1.720000000000000140e-01,1.524203070996916350e-05
1.740000000000000158e-01,-8.408588411812178861e-07
1.759999999999999898e-01,-1.528059593367003550e-05
1.779999999999999916e-01,-2.723583300288537500e-05
1.799999999999999933e-01,-3.612564312829650551e-05
1.819999999999999951e-01,-4.293393574552524538e-05
1.839999999999999969e-01,-4.872650589425826171e-05
1.859999999999999987e-01,-5.505784176631979988e-05
1.880000000000000004e-01,-5.936812926214470759e-05
1.900000000000000022e-01,-6.162557268635450892e-05
1.920000000000000040e-01,-6.182819028690669295e-05
1.940000000000000058e-01,-6.088256649274622381e-05
1.960000000000000075e-01,-5.855359908864085801e-05
1.980000000000000093e-01,-5.900425370248614965e-05
2.000000000000000111e-01,-5.905824242081316936e-05
2.020000000000000129e-01,-6.314856982818890601e-05
2.040000000000000147e-01,-6.352365220903822261e-05
2.060000000000000164e-01,-6.418719498118786646e-05
2.080000000000000182e-01,-6.479973618329806610e-05
2.099999999999999922e-01,-6.530848979336211044e-05
2.119999999999999940e-01,-6.542821623962498574e-05
2.139999999999999958e-01,-6.411170811795351208e-05
2.159999999999999976e-01,-6.308651140290000672e-05
2.179999999999999993e-01,-6.308123609153751591e-05
2.200000000000000011e-01,-6.309351830621050554e-05
2.220000000000000029e-01,-6.310327348220997733e-05
2.240000000000000047e-01,-6.311120695384478060e-05
2.260000000000000064e-01,-6.311597510965686003e-05
2.280000000000000082e-01,-6.311810200553817261e-05
2.300000000000000100e-01,-6.311843123705877226e-05
2.320000000000000118e-01,-6.311118893017334452e-05
2.340000000000000135e-01,-6.312734874138942512e-05
2.360000000000000153e-01,-6.314355029969218253e-05
2.380000000000000171e-01,-6.315033651806461134e-05
2.399999999999999911e-01,-6.316648771497670610e-05
2.419999999999999929e-01,-6.318098417551797953e-05
2.439999999999999947e-01,-6.319550748421207717e-05
2.459999999999999964e-01,-6.321543992561976075e-05
2.479999999999999982e-01,-6.319553761651909996e-05
2.500000000000000000e-01,-6.319263338171132412e-05
2.520000000000000018e-01,-6.319445384765148214e-05
2.540000000000000036e-01,-6.323308902887221509e-05
2.560000000000000053e-01,-6.317332214420557095e-05
2.580000000000000071e-01,-6.314594244251327748e-05
2.600000000000000089e-01,-6.312049586557057451e-05
2.620000000000000107e-01,-6.309502960919919842e-05
2.640000000000000124e-01,-6.306955275714751046e-05
2.660000000000000142e-01,-6.304406968438543363e-05
2.680000000000000160e-01,-6.301858288310720375e-05
2.700000000000000178e-01,-6.299308296263471212e-05
2.720000000000000195e-01,-6.296759216120925001e-05
2.740000000000000213e-01,-6.294210118750404915e-05
2.760000000000000231e-01,-6.291660965701962975e-05
2.780000000000000249e-01,-6.289111767352752961e-05
2.800000000000000266e-01,-6.286562529665945098e-05
2.820000000000000284e-01,-6.284013208027553756e-05
2.840000000000000302e-01,-6.281463885292658614e-05
2.860000000000000320e-01,-6.278914572555220164e-05
2.880000000000000338e-01,-6.276365233163031800e-05
2.899999999999999800e-01,-6.273815869226083766e-05
2.919999999999999818e-01,-6.271266483130446190e-05
2.939999999999999836e-01,-6.268717076891753908e-05
2.959999999999999853e-01,-6.266167652323706395e-05
2.979999999999999871e-01,-6.263618211063148064e-05
2.999999999999999889e-01,-6.261068754588781601e-05
3.019999999999999907e-01,-6.258519284237920241e-05
3.039999999999999925e-01,-6.255969801221424010e-05
3.059999999999999942e-01,-6.253420306636784688e-05
3.079999999999999960e-01,-6.250870801479737617e-05
3.099999999999999978e-01,-6.248321286654465396e-05
3.119999999999999996e-01,-6.245771762982848835e-05
3.140000000000000013e-01,-6.243222231212591702e-05
3.160000000000000031e-01,-6.240672692024273448e-05
3.180000000000000049e-01,-6.238123146038149875e-05
3.200000000000000067e-01,-6.235573593819530771e-05
3.220000000000000084e-01,-6.233024035884265977e-05
3.240000000000000102e-01,-6.229578211333572379e-05
3.260000000000000120e-01,-6.223339918958539785e-05
3.280000000000000138e-01,-6.216241306306025637e-05
3.300000000000000155e-01,-6.209143430274868391e-05
3.320000000000000173e-01,-6.202049674630777626e-05
3.340000000000000191e-01,-6.194956015827962365e-05
3.360000000000000209e-01,-6.187862348348785338e-05
3.380000000000000226e-01,-6.180768686949089034e-05
3.400000000000000244e-01,-6.173675031640847111e-05
3.420000000000000262e-01,-6.166581381881965258e-05
3.440000000000000280e-01,-6.159487737241542231e-05
3.460000000000000298e-01,-6.152394097326953186e-05
3.480000000000000315e-01,-6.145300461776061045e-05
3.500000000000000333e-01,-6.138206830255544112e-05
3.519999999999999796e-01,-6.131113202458284505e-05
3.539999999999999813e-01,-6.124019578101450468e-05
3.559999999999999831e-01,-6.116925956924617995e-05
3.579999999999999849e-01,-6.109832338688071340e-05
3.599999999999999867e-01,-6.102738723170905667e-05
3.619999999999999885e-01,-6.095645110169919126e-05
3.639999999999999902e-01,-6.088551499498029922e-05
3.659999999999999920e-01,-6.081457890982946811e-05
3.679999999999999938e-01,-6.074364284466122164e-05
3.699999999999999956e-01,-6.067270679801620338e-05
3.719999999999999973e-01,-6.060177076854994163e-05
3.739999999999999991e-01,-6.053083475502744204e-05
3.760000000000000009e-01,-6.045989875630918101e-05
3.780000000000000027e-01,-6.038896277134945910e-05
3.800000000000000044e-01,-6.031802679918353289e-05
3.820000000000000062e-01,-6.024709083892573118e-05
3.840000000000000080e-01,-6.017615488975830803e-05
3.860000000000000098e-01,-6.010521895093013495e-05
3.880000000000000115e-01,-6.003428302175121213e-05
3.900000000000000133e-01,-5.996334710158476053e-05
3.920000000000000151e-01,-5.989241118984544649e-05
3.940000000000000169e-01,-5.982147528599491621e-05
3.960000000000000187e-01,-5.975053938953747923e-05
3.980000000000000204e-01,-5.967960350001685584e-05
4.000000000000000222e-01,-5.960866761701424585e-05
4.020000000000000240e-01,-5.953773174014292111e-05
4.040000000000000258e-01,-5.946679586904851016e-05
4.060000000000000275e-01,-5.939586000340398372e-05
4.080000000000000293e-01,-5.932492414290742538e-05
4.100000000000000311e-01,-5.925398828728296668e-05
4.120000000000000329e-01,-5.918305243627571845e-05
4.140000000000000346e-01,-5.911211658965158790e-05
4.160000000000000364e-01,-5.904118074719609950e-05
4.179999999999999827e-01,-5.897024490870985493e-05
4.199999999999999845e-01,-5.889930907401087762e-05
4.219999999999999862e-01,-5.882837324293159736e-05
4.239999999999999880e-01,-5.875743741531664797e-05
4.259999999999999898e-01,-5.868650159102502896e-05
4.279999999999999916e-01,-5.861556576992537569e-05
4.299999999999999933e-01,-5.854462995189805321e-05
4.319999999999999951e-01,-5.847369413683159201e-05
4.339999999999999969e-01,-5.840275832462541198e-05
4.359999999999999987e-01,-5.833182251518480809e-05
4.380000000000000004e-01,-5.826088670842429097e-05
4.400000000000000022e-01,-5.818995090426309436e-05
4.420000000000000040e-01,-5.811901510262930176e-05
4.440000000000000058e-01,-5.804807930345674973e-05
4.460000000000000075e-01,-5.797714350668263587e-05
4.480000000000000093e-01,-5.790620771225056811e-05
4.500000000000000111e-01,-5.783527192010858606e-05
4.520000000000000129e-01,-5.776433613020793450e-05
4.540000000000000147e-01,-5.769340034250443897e-05
4.560000000000000164e-01,-5.762246455695823472e-05
4.580000000000000182e-01,-5.755152877353092065e-05
4.600000000000000200e-01,-5.748059299218862223e-05
4.620000000000000218e-01,-5.740965721290003311e-05
4.640000000000000235e-01,-5.733872143563482953e-05
4.660000000000000253e-01,-5.726778566036713969e-05
4.680000000000000271e-01,-5.719684988707190499e-05
4.700000000000000289e-01,-5.712591411572633685e-05
4.720000000000000306e-01,-5.705497834630944239e-05
4.740000000000000324e-01,-5.698404257880226842e-05
4.760000000000000342e-01,-5.691310681318716277e-05
4.780000000000000360e-01,-5.684217104944903469e-05
4.799999999999999822e-01,-5.677123528757134334e-05
4.819999999999999840e-01,-5.670029952754099695e-05
4.839999999999999858e-01,-5.662936376934436848e-05
4.859999999999999876e-01,-5.655842801297145616e-05
4.879999999999999893e-01,-5.648749225841078776e-05
4.899999999999999911e-01,-5.641655650565133154e-05
4.919999999999999929e-01,-5.634562075468528802e-05
4.939999999999999947e-01,-5.627468500550427495e-05
4.959999999999999964e-01,-5.620374925810054029e-05
4.979999999999999982e-01,-5.613281351246707061e-05
5.000000000000000000e-01,-5.606187776859677794e-05
5.020000000000000018e-01,-5.599094202648483080e-05
5.040000000000000036e-01,-5.592000628612460200e-05
5.060000000000000053e-01,-5.584907054751126008e-05
5.080000000000000071e-01,-5.577813481064087479e-05
5.100000000000000089e-01,-5.570719907550839104e-05
5.120000000000000107e-01,-5.563626334210956012e-05
5.140000000000000124e-01,-5.556532761044188158e-05
5.160000000000000142e-01,-5.549439188050208927e-05
5.180000000000000160e-01,-5.542345615228600901e-05
5.200000000000000178e-01,-5.535252042579155371e-05
5.220000000000000195e-01,-5.528158470101590444e-05
5.240000000000000213e-01,-5.521064897795700799e-05
5.260000000000000231e-01,-5.513971325661184893e-05
5.280000000000000249e-01,-5.506877753697852991e-05
5.300000000000000266e-01,-5.499784181905648849e-05
5.320000000000000284e-01,-5.492690610284230943e-05
5.340000000000000302e-01,-5.485597038833536256e-05
5.360000000000000320e-01,-5.478503467553410286e-05
5.380000000000000338e-01,-5.471409896443752070e-05
5.400000000000000355e-01,-5.464316325504391521e-05
5.420000000000000373e-01,-5.457222754735210055e-05
5.440000000000000391e-01,-5.450129184136104675e-05
5.460000000000000409e-01,-5.443035613707016424e-05
5.480000000000000426e-01,-5.435942043447830786e-05
5.500000000000000444e-01,-5.428848473358455603e-05
5.520000000000000462e-01,-5.421754903438808204e-05
5.540000000000000480e-01,-5.414661333688993621e-05
5.560000000000000497e-01,-5.407567764108711666e-05
5.580000000000000515e-01,-5.400474194697975214e-05
5.600000000000000533e-01,-5.393380625456743608e-05
5.620000000000000551e-01,-5.386287056384980932e-05
5.640000000000000568e-01,-5.379193487482591642e-05
5.660000000000000586e-01,-5.372099918749621139e-05
5.680000000000000604e-01,-5.365006350186027410e-05
5.700000000000000622e-01,-5.357912781791671541e-05
5.720000000000000639e-01,-5.350819213566574540e-05
5.740000000000000657e-01,-5.343725645510757411e-05
5.760000000000000675e-01,-5.336632077624141551e-05
5.779999999999999583e-01,-5.329538509906696467e-05
5.799999999999999600e-01,-5.322444942358469592e-05
5.819999999999999618e-01,-5.315351374979407394e-05
5.839999999999999636e-01,-5.308257807769526813e-05
5.859999999999999654e-01,-5.301164240728680805e-05
5.879999999999999671e-01,-5.294070673856947297e-05
5.899999999999999689e-01,-5.286977107154312735e-05
5.919999999999999707e-01,-5.279883540620632109e-05
5.939999999999999725e-01,-5.272789974256099897e-05
5.959999999999999742e-01,-5.265696408060640204e-05
5.979999999999999760e-01,-5.258602842034145288e-05
5.999999999999999778e-01,-5.251509276176647675e-05
6.019999999999999796e-01,-5.244415710488224615e-05
6.039999999999999813e-01,-5.237322144968750069e-05
6.059999999999999831e-01,-5.230228579618329747e-05
6.079999999999999849e-01,-5.223135014436887754e-05
6.099999999999999867e-01,-5.216041449424455939e-05
6.119999999999999885e-01,-5.208947884580992290e-05
6.139999999999999902e-01,-5.201854319906519845e-05
6.159999999999999920e-01,-5.194760755400873941e-05
6.179999999999999938e-01,-5.187667191064301235e-05
6.199999999999999956e-01,-5.180573626896702792e-05
6.219999999999999973e-01,-5.173480062898058962e-05
6.239999999999999991e-01,-5.166386499068371100e-05
6.260000000000000009e-01,-5.159292935407689350e-05
6.280000000000000027e-01,-5.152199371915847017e-05
6.300000000000000044e-01,-5.145105808592997243e-05
6.320000000000000062e-01,-5.138012245438998405e-05
6.340000000000000080e-01,-5.130918682454071409e-05
6.360000000000000098e-01,-5.123825119638057690e-05
6.380000000000000115e-01,-5.116731556990948440e-05
6.400000000000000133e-01,-5.109637994512747724e-05
6.420000000000000151e-01,-5.102544432203458253e-05
6.440000000000000169e-01,-5.095450870063177604e-05
6.460000000000000187e-01,-5.088357308091847502e-05
6.480000000000000204e-01,-5.081263746289386632e-05
6.500000000000000222e-01,-5.074170184655860046e-05
6.520000000000000240e-01,-5.067076623191246060e-05
6.540000000000000258e-01,-5.059983061895628699e-05
6.560000000000000275e-01,-5.052889500768845333e-05
6.580000000000000293e-01,-5.045795939811031488e-05
6.600000000000000311e-01,-5.038702379022118723e-05
6.620000000000000329e-01,-5.031608818402047407e-05
6.640000000000000346e-01,-5.024515257950989657e-05
6.660000000000000364e-01,-5.017421697668916335e-05
6.680000000000000382e-01,-5.010328137555796949e-05
6.700000000000000400e-01,-5.003234577611478354e-05
6.720000000000000417e-01,-4.996141017836211272e-05
6.740000000000000435e-01,-4.989047458229862211e-05
6.760000000000000453e-01,-4.981953898792359343e-05
6.780000000000000471e-01,-4.974860339523779916e-05
6.800000000000000488e-01,-4.967766780424088017e-05
6.820000000000000506e-01,-4.960673221493404263e-05
6.840000000000000524e-01,-4.953579662731586353e-05
6.860000000000000542e-01,-4.946486104138712891e-05
6.880000000000000560e-01,-4.939392545714793364e-05
6.900000000000000577e-01,-4.932298987459737648e-05
6.920000000000000595e-01,-4.925205429373629768e-05
6.940000000000000613e-01,-4.918111871456479212e-05
6.960000000000000631e-01,-4.911018313708201953e-05
6.980000000000000648e-01,-4.903924756128875918e-05
7.000000000000000666e-01,-4.896831198718463839e-05
7.020000000000000684e-01,-4.889737641477009082e-05
7.039999999999999591e-01,-4.882644084404462182e-05
7.059999999999999609e-01,-4.875550527500783159e-05
7.079999999999999627e-01,-4.868456970766148195e-05
7.099999999999999645e-01,-4.861363414200337740e-05
7.119999999999999662e-01,-4.854269857803458857e-05
7.139999999999999680e-01,-4.847176301575447852e-05
7.159999999999999698e-01,-4.840082745516397557e-05
7.179999999999999716e-01,-4.832989189626296455e-05
7.199999999999999734e-01,-4.825895633905081524e-05
7.219999999999999751e-01,-4.818802078352882193e-05
7.239999999999999769e-01,-4.811708522969549383e-05
7.259999999999999787e-01,-4.804614967755167798e-05
7.279999999999999805e-01,-4.797521412709706266e-05
7.299999999999999822e-01,-4.790427857833246781e-05
7.319999999999999840e-01,-4.783334303125651106e-05
7.339999999999999858e-01,-4.776240748586947703e-05
7.359999999999999876e-01,-4.769147194217169774e-05
7.379999999999999893e-01,-4.762053640016375596e-05
7.399999999999999911e-01,-4.754960085984367301e-05
7.419999999999999929e-01,-4.747866532121397645e-05
7.439999999999999947e-01,-4.740772978427352109e-05
7.459999999999999964e-01,-4.733679424902215784e-05
7.479999999999999982e-01,-4.726585871546090315e-05
7.500000000000000000e-01,-4.719492318358927590e-05
7.520000000000000018e-01,-4.712398765340596827e-05
7.540000000000000036e-01,-4.705305212491155625e-05
7.560000000000000053e-01,-4.698211659810790330e-05
7.580000000000000071e-01,-4.691118107299194656e-05
7.600000000000000089e-01,-4.684024554956555628e-05
7.620000000000000107e-01,-4.676931002782894930e-05
7.640000000000000124e-01,-4.669837450778170548e-05
7.660000000000000142e-01,-4.662743898942303878e-05
7.680000000000000160e-01,-4.655650347275443998e-05
7.700000000000000178e-01,-4.648556795777519758e-05
7.720000000000000195e-01,-4.641463244448455939e-05
7.740000000000000213e-01,-4.634369693288350800e-05
7.760000000000000231e-01,-4.627276142297192819e-05
7.780000000000000249e-01,-4.620182591475032819e-05
7.800000000000000266e-01,-4.613089040821781353e-05
7.820000000000000284e-01,-4.605995490337454006e-05
7.840000000000000302e-01,-4.598901940022056200e-05
7.860000000000000320e-01,-4.591808389875579125e-05
7.880000000000000338e-01,-4.584714839898105452e-05
7.900000000000000355e-01,-4.577621290089572840e-05
7.920000000000000373e-01,-4.570527740449931820e-05
7.940000000000000391e-01,-4.563434190979265065e-05
7.960000000000000409e-01,-4.556340641677466185e-05
7.980000000000000426e-01,-4.549247092544619886e-05
8.000000000000000444e-01,-4.542153543580776989e-05
8.020000000000000462e-01,-4.535059994785747758e-05
8.040000000000000480e-01,-4.527966446159715152e-05
8.060000000000000497e-01,-4.520872897702641225e-05
8.080000000000000515e-01,-4.513779349414515134e-05
8.100000000000000533e-01,-4.506685801295310452e-05
8.120000000000000551e-01,-4.499592253345070547e-05
8.140000000000000568e-01,-4.492498705563732401e-05
8.160000000000000586e-01,-4.485405157951373938e-05
8.180000000000000604e-01,-4.478311610507954504e-05
8.200000000000000622e-01,-4.471218063233388038e-05
8.220000000000000639e-01,-4.464124516127804644e-05
8.240000000000000657e-01,-4.457030969191180607e-05
8.260000000000000675e-01,-4.449937422423551163e-05
8.280000000000000693e-01,-4.442843875824833641e-05
8.300000000000000711e-01,-4.435750329395010422e-05
8.320000000000000728e-01,-4.428656783134170955e-05
8.339999999999999636e-01,-4.421563237042245442e-05
8.359999999999999654e-01,-4.414469691119316555e-05
8.379999999999999671e-01,-4.407376145365353123e-05
8.399999999999999689e-01,-4.400282599780314487e-05
8.419999999999999707e-01,-4.393189054364160669e-05
8.439999999999999725e-01,-4.386095509116980437e-05
8.459999999999999742e-01,-4.379001964038793443e-05
8.479999999999999760e-01,-4.371908419129485167e-05
8.499999999999999778e-01,-4.364814874389106431e-05
8.519999999999999796e-01,-4.357721329817715512e-05
8.539999999999999813e-01,-4.350627785415281238e-05
8.559999999999999831e-01,-4.343534241181712808e-05
8.579999999999999849e-01,-4.336440697117120675e-05
8.599999999999999867e-01,-4.329347153221519746e-05
8.619999999999999885e-01,-4.322253609494800924e-05
8.639999999999999902e-01,-4.315160065937109898e-05
8.659999999999999920e-01,-4.308066522548360610e-05
8.679999999999999938e-01,-4.300972979328527987e-05
8.699999999999999956e-01,-4.293879436277669629e-05
8.719999999999999973e-01,-4.286785893395795698e-05
8.739999999999999991e-01,-4.279692350682913650e-05
8.760000000000000009e-01,-4.272598808138907610e-05
8.780000000000000027e-01,-4.265505265763844662e-05
8.800000000000000044e-01,-4.258411723557745815e-05
8.820000000000000062e-01,-4.251318181520564310e-05
8.840000000000000080e-01,-4.244224639652344872e-05
8.860000000000000098e-01,-4.237131097953032613e-05
8.880000000000000115e-01,-4.230037556422675644e-05
8.900000000000000133e-01,-4.222944015061291584e-05
8.920000000000000151e-01,-4.215850473868845873e-05
8.940000000000000169e-01,-4.208756932845411018e-05
8.960000000000000187e-01,-4.201663391990845394e-05
8.980000000000000204e-01,-4.194569851305362455e-05
9.000000000000000222e-01,-4.187476310788713511e-05
9.020000000000000240e-01,-4.180382770441046285e-05
9.040000000000000258e-01,-4.173289230262332316e-05
9.060000000000000275e-01,-4.166195690252589223e-05
9.080000000000000293e-01,-4.159102150411762795e-05
9.100000000000000311e-01,-4.152008610739999400e-05
9.120000000000000329e-01,-4.144915071237147928e-05
9.140000000000000346e-01,-4.137821531903257844e-05
9.160000000000000364e-01,-4.130727992738321696e-05
9.180000000000000382e-01,-4.123634453742302890e-05
9.200000000000000400e-01,-4.116540914915195329e-05
9.220000000000000417e-01,-4.109447376257161644e-05
9.240000000000000435e-01,-4.102353837768009387e-05
9.260000000000000453e-01,-4.095260299447866630e-05
9.280000000000000471e-01,-4.088166761296590395e-05
9.300000000000000488e-01,-4.081073223314308075e-05
9.320000000000000506e-01,-4.073979685500970881e-05
9.340000000000000524e-01,-4.066886147856651996e-05
9.360000000000000542e-01,-4.059792610381253843e-05
9.380000000000000560e-01,-4.052699073074819111e-05
9.400000000000000577e-01,-4.045605535937325440e-05
9.420000000000000595e-01,-4.038511998968800611e-05
9.440000000000000613e-01,-4.031418462169239204e-05
9.460000000000000631e-01,-4.024324925538641219e-05
9.480000000000000648e-01,-4.017231389076999202e-05
9.500000000000000666e-01,-4.010137852784395146e-05
9.520000000000000684e-01,-4.003044316660642025e-05
9.540000000000000702e-01,-3.995950780705911280e-05
9.560000000000000719e-01,-3.988857244920069418e-05
9.580000000000000737e-01,-3.981763709303184879e-05
9.599999999999999645e-01,-3.974670173855326103e-05
9.619999999999999662e-01,-3.967576638576428039e-05
9.639999999999999680e-01,-3.960483103466586909e-05
9.659999999999999698e-01,-3.953389568525654313e-05
9.679999999999999716e-01,-3.946296033753683106e-05
9.699999999999999734e-01,-3.939202499150591295e-05
9.719999999999999751e-01,-3.932108964716431057e-05
9.739999999999999769e-01,-3.925015430451306747e-05
9.759999999999999787e-01,-3.917921896355124175e-05
9.779999999999999805e-01,-3.910828362427917223e-05
9.799999999999999822e-01,-3.903734828669652685e-05
9.819999999999999840e-01,-3.896641295080424753e-05
9.839999999999999858e-01,-3.889547761660154144e-05
9.859999999999999876e-01,-3.882454228408881516e-05
9.879999999999999893e-01,-3.875360695326531652e-05
9.899999999999999911e-01,-3.868267162413083546e-05
9.919999999999999929e-01,-3.861173629668657138e-05
9.939999999999999947e-01,-3.854080097093131132e-05
9.959999999999999964e-01,-3.846986564686653251e-05
9.979999999999999982e-01,-3.839893032449115753e-05
1.000000000000000000e+00,-3.832799500380548453e-05
1.002000000000000002e+00,-3.825705968480987265e-05
1.004000000000000004e+00,-3.818612436750395598e-05
1.006000000000000005e+00,-3.811518905188711109e-05
1.008000000000000007e+00,-3.804425373796075423e-05
1.010000000000000009e+00,-3.797331842572308292e-05
1.012000000000000011e+00,-3.790238311517645528e-05
1.014000000000000012e+00,-3.783144780631879779e-05
1.016000000000000014e+00,-3.776051249915061866e-05
1.018000000000000016e+00,-3.768957719367240579e-05
1.020000000000000018e+00,-3.761864188988384746e-05
1.022000000000000020e+00,-3.754770658778467263e-05
1.024000000000000021e+00,-3.747677128737545728e-05
1.026000000000000023e+00,-3.740583598865618108e-05
1.028000000000000025e+00,-3.733490069162666107e-05
1.030000000000000027e+00,-3.726396539628689725e-05
1.032000000000000028e+00,-3.719303010263695061e-05
1.034000000000000030e+00,-3.712209481067671273e-05
1.036000000000000032e+00,-3.705115952040610906e-05
1.038000000000000034e+00,-3.698022423182547165e-05
1.040000000000000036e+00,-3.690928894493385859e-05
1.042000000000000037e+00,-3.683835365973206271e-05
1.044000000000000039e+00,-3.676741837622052447e-05
1.046000000000000041e+00,-3.669648309439852557e-05
1.048000000000000043e+00,-3.662554781426660813e-05
1.050000000000000044e+00,-3.655461253582498898e-05
1.052000000000000046e+00,-3.648367725907277365e-05
1.054000000000000048e+00,-3.641274198400998926e-05
1.056000000000000050e+00,-3.634180671063709658e-05
1.058000000000000052e+00,-3.627087143895367548e-05
1.060000000000000053e+00,-3.619993616896009867e-05
1.062000000000000055e+00,-3.612900090065647457e-05
1.064000000000000057e+00,-3.605806563404351467e-05
1.066000000000000059e+00,-3.598713036911966044e-05
1.068000000000000060e+00,-3.591619510588531168e-05
1.070000000000000062e+00,-3.584525984434105793e-05
1.072000000000000064e+00,-3.577432458448717023e-05
1.074000000000000066e+00,-3.570338932632202228e-05
1.076000000000000068e+00,-3.563245406984698289e-05
1.078000000000000069e+00,-3.556151881506186232e-05
1.080000000000000071e+00,-3.549058356196622689e-05
1.082000000000000073e+00,-3.541964831056065936e-05
1.084000000000000075e+00,-3.534871306084484124e-05
1.086000000000000076e+00,-3.527777781281884708e-05
1.088000000000000078e+00,-3.520684256648273785e-05
1.090000000000000080e+00,-3.513590732183668298e-05
1.092000000000000082e+00,-3.506497207888058758e-05
1.094000000000000083e+00,-3.499403683761397054e-05
1.096000000000000085e+00,-3.492310159803708260e-05
1.098000000000000087e+00,-3.485216636015004571e-05
1.100000000000000089e+00,-3.478123112395342231e-05
1.102000000000000091e+00,-3.471029588944664996e-05
1.104000000000000092e+00,-3.463936065662916625e-05
1.106000000000000094e+00,-3.456842542550184530e-05
1.108000000000000096e+00,-3.449749019606426022e-05
1.110000000000000098e+00,-3.442655496831689888e-05
1.112000000000000099e+00,-3.435561974225903625e-05
1.114000000000000101e+00,-3.428468451789101789e-05
1.116000000000000103e+00,-3.421374929521245757e-05
1.118000000000000105e+00,-3.414281407422429040e-05
1.120000000000000107e+00,-3.407187885492581167e-05
1.122000000000000108e+00,-3.400094363731738728e-05
1.124000000000000110e+00,-3.393000842139829896e-05
1.126000000000000112e+00,-3.385907320716972577e-05
1.128000000000000114e+00,-3.378813799463091554e-05
1.130000000000000115e+00,-3.371720278378122454e-05
1.132000000000000117e+00,-3.364626757462245524e-05
1.134000000000000119e+00,-3.357533236715312365e-05
1.136000000000000121e+00,-3.350439716137411069e-05
1.138000000000000123e+00,-3.343346195728461674e-05
1.140000000000000124e+00,-3.336252675488454017e-05
1.142000000000000126e+00,-3.329159155417524979e-05
1.144000000000000128e+00,-3.322065635515556651e-05
1.146000000000000130e+00,-3.314972115782589015e-05
1.148000000000000131e+00,-3.307878596218658663e-05
1.150000000000000133e+00,-3.300785076823675469e-05
1.152000000000000135e+00,-3.293691557597669249e-05
1.153999999999999915e+00,-3.286598038540663720e-05
1.155999999999999917e+00,-3.279504519652603995e-05
1.157999999999999918e+00,-3.272411000933626954e-05
1.159999999999999920e+00,-3.265317482383597750e-05
1.161999999999999922e+00,-3.258223964002552296e-05
1.163999999999999924e+00,-3.251130445790566487e-05
1.165999999999999925e+00,-3.244036927747520382e-05
1.167999999999999927e+00,-3.236943409873492588e-05
1.169999999999999929e+00,-3.229849892168486491e-05
1.171999999999999931e+00,-3.222756374632422809e-05
1.173999999999999932e+00,-3.215662857265366595e-05
1.175999999999999934e+00,-3.208569340067283289e-05
1.177999999999999936e+00,-3.201475823038230491e-05
1.179999999999999938e+00,-3.194382306178173640e-05
1.181999999999999940e+00,-3.187288789487114770e-05
1.183999999999999941e+00,-3.180195272965082341e-05
1.185999999999999943e+00,-3.173101756612022143e-05
1.187999999999999945e+00,-3.166008240427983642e-05
1.189999999999999947e+00,-3.158914724412918050e-05
1.191999999999999948e+00,-3.151821208566809782e-05
1.193999999999999950e+00,-3.144727692889761158e-05
1.195999999999999952e+00,-3.137634177381646818e-05
1.197999999999999954e+00,-3.130540662042577893e-05
1.199999999999999956e+00,-3.123447146872503560e-05
1.201999999999999957e+00,-3.116353631871521398e-05
1.203999999999999959e+00,-3.109260117039359001e-05
1.205999999999999961e+00,-3.102166602376240663e-05
1.207999999999999963e+00,-3.095073087882088458e-05
1.209999999999999964e+00,-3.087979573557069081e-05
1.211999999999999966e+00,-3.080886059401035488e-05
1.213999999999999968e+00,-3.073792545413986323e-05
1.215999999999999970e+00,-3.066699031595881606e-05
1.217999999999999972e+00,-3.059605517946774192e-05
1.219999999999999973e+00,-3.052512004466745397e-05
1.221999999999999975e+00,-3.045418491155743381e-05
1.223999999999999977e+00,-3.038324978013668873e-05
1.225999999999999979e+00,-3.031231465040617757e-05
1.227999999999999980e+00,-3.024137952236498214e-05
1.229999999999999982e+00,-3.017044439601452885e-05
1.231999999999999984e+00,-3.009950927135400455e-05
1.233999999999999986e+00,-3.002857414838337196e-05
1.235999999999999988e+00,-2.995763902710332904e-05
1.237999999999999989e+00,-2.988670390751338113e-05
1.239999999999999991e+00,-2.981576878961261342e-05
1.241999999999999993e+00,-2.974483367340250992e-05
1.243999999999999995e+00,-2.967389855888233542e-05
1.245999999999999996e+00,-2.960296344605240499e-05
1.247999999999999998e+00,-2.953202833491212233e-05
1.250000000000000000e+00,-2.946109322546280204e-05
1.252000000000000002e+00,-2.939015811770347172e-05
1.254000000000000004e+00,-2.931922301163391114e-05
1.256000000000000005e+00,-2.924828790725422534e-05
1.258000000000000007e+00,-2.917735280456470909e-05
1.260000000000000009e+00,-2.910641770356614503e-05
1.262000000000000011e+00,-2.903548260425697463e-05
1.264000000000000012e+00,-2.896454750663771290e-05
1.266000000000000014e+00,-2.889361241070858682e-05
1.268000000000000016e+00,-2.882267731646942361e-05
1.270000000000000018e+00,-2.875174222392037912e-05
1.272000000000000020e+00,-2.868080713306186670e-05
1.274000000000000021e+00,-2.860987204389333071e-05
1.276000000000000023e+00,-2.853893695641527257e-05
1.278000000000000025e+00,-2.846800187062735688e-05
1.280000000000000027e+00,-2.839706678652930918e-05
1.282000000000000028e+00,-2.832613170412101090e-05
1.284000000000000030e+00,-2.825519662340296009e-05
1.286000000000000032e+00,-2.818426154437423517e-05
1.288000000000000034e+00,-2.811332646703644213e-05
1.290000000000000036e+00,-2.804239139138920488e-05
1.292000000000000037e+00,-2.797145631743171366e-05
1.294000000000000039e+00,-2.790052124516479177e-05
1.296000000000000041e+00,-2.782958617458741602e-05
1.298000000000000043e+00,-2.775865110570084339e-05
1.300000000000000044e+00,-2.768771603850437592e-05
1.302000000000000046e+00,-2.761678097299832534e-05
1.304000000000000048e+00,-2.754584590918130927e-05
1.306000000000000050e+00,-2.747491084705537415e-05
1.308000000000000052e+00,-2.740397578661931720e-05
1.310000000000000053e+00,-2.733304072787362630e-05
1.312000000000000055e+00,-2.726210567081753235e-05
1.314000000000000057e+00,-2.719117061545226185e-05
1.316000000000000059e+00,-2.712023556177690678e-05
1.318000000000000060e+00,-2.704930050979275464e-05
1.320000000000000062e+00,-2.697836545949741679e-05
1.322000000000000064e+00,-2.690743041089254663e-05
1.324000000000000066e+00,-2.683649536397792395e-05
1.326000000000000068e+00,-2.676556031875357245e-05
1.328000000000000069e+00,-2.669462527521891616e-05
1.330000000000000071e+00,-2.662369023337516125e-05
1.332000000000000073e+00,-2.655275519322122013e-05
1.334000000000000075e+00,-2.648182015475779414e-05
1.336000000000000076e+00,-2.641088511798410062e-05
1.338000000000000078e+00,-2.633995008290049872e-05
1.340000000000000080e+00,-2.626901504950759491e-05
1.342000000000000082e+00,-2.619808001780443374e-05
1.344000000000000083e+00,-2.612714498779167250e-05
1.346000000000000085e+00,-2.605620995946917568e-05
1.348000000000000087e+00,-2.598527493283732273e-05
1.350000000000000089e+00,-2.591433990789536489e-05
1.352000000000000091e+00,-2.584340488464413225e-05
1.354000000000000092e+00,-2.577246986308256093e-05
1.356000000000000094e+00,-2.570153484321149119e-05
1.358000000000000096e+00,-2.563059982503028606e-05
1.360000000000000098e+00,-2.555966480853943682e-05
1.362000000000000099e+00,-2.548872979373840815e-05
1.364000000000000101e+00,-2.541779478062871115e-05
1.366000000000000103e+00,-2.534685976920857383e-05
1.368000000000000105e+00,-2.527592475947857217e-05
1.370000000000000107e+00,-2.520498975143886541e-05
1.372000000000000108e+00,-2.513405474508993806e-05
1.374000000000000110e+00,-2.506311974043124463e-05
1.376000000000000112e+00,-2.499218473746277495e-05
1.378000000000000114e+00,-2.492124973618465100e-05
1.380000000000000115e+00,-2.485031473659637133e-05
1.382000000000000117e+00,-2.477937973869855597e-05
1.384000000000000119e+00,-2.470844474249061877e-05
1.386000000000000121e+00,-2.463750974797357279e-05
1.388000000000000123e+00,-2.456657475514682510e-05
1.390000000000000124e+00,-2.449563976401057560e-05
1.392000000000000126e+00,-2.442470477456406197e-05
1.394000000000000128e+00,-2.435376978680781613e-05
1.396000000000000130e+00,-2.428283480074119435e-05
1.398000000000000131e+00,-2.421189981636543329e-05
1.400000000000000133e+00,-2.414096483368043130e-05
1.402000000000000135e+00,-2.407002985268607320e-05
1.404000000000000137e+00,-2.399909487338161020e-05
1.406000000000000139e+00,-2.392815989576686274e-05
1.407999999999999918e+00,-2.385722491984333852e-05
1.409999999999999920e+00,-2.378628994561002790e-05
1.411999999999999922e+00,-2.371535497306722224e-05
1.413999999999999924e+00,-2.364442000221431169e-05
1.415999999999999925e+00,-2.357348503305207213e-05
1.417999999999999927e+00,-2.350255006558010375e-05
1.419999999999999929e+00,-2.343161509979840994e-05
1.421999999999999931e+00,-2.336068013570664513e-05
1.423999999999999932e+00,-2.328974517330514133e-05
1.425999999999999934e+00,-2.321881021259473543e-05
1.427999999999999936e+00,-2.314787525357481077e-05
1.429999999999999938e+00,-2.307694029624468636e-05
1.431999999999999940e+00,-2.300600534060501270e-05
1.433999999999999941e+00,-2.293507038665580674e-05
1.435999999999999943e+00,-2.286413543439688213e-05
1.437999999999999945e+00,-2.279320048382860479e-05
1.439999999999999947e+00,-2.272226553495028693e-05
1.441999999999999948e+00,-2.265133058776225381e-05
1.443999999999999950e+00,-2.258039564226514240e-05
1.445999999999999952e+00,-2.250946069845835299e-05
1.447999999999999954e+00,-2.243852575634208211e-05
1.449999999999999956e+00,-2.236759081591551998e-05
1.451999999999999957e+00,-2.229665587717963223e-05
1.453999999999999959e+00,-2.222572094013412409e-05
1.455999999999999961e+00,-2.215478600477922594e-05
1.457999999999999963e+00,-2.208385107111421951e-05
1.459999999999999964e+00,-2.201291613914047022e-05
1.461999999999999966e+00,-2.194198120885644323e-05
1.463999999999999968e+00,-2.187104628026356157e-05
1.465999999999999970e+00,-2.180011135336087317e-05
1.467999999999999972e+00,-2.172917642814820523e-05
1.469999999999999973e+00,-2.165824150462577460e-05
1.471999999999999975e+00,-2.158730658279429279e-05
1.473999999999999977e+00,-2.151637166265289242e-05
1.475999999999999979e+00,-2.144543674420226130e-05
1.477999999999999980e+00,-2.137450182744127117e-05
1.479999999999999982e+00,-2.130356691237101301e-05
1.481999999999999984e+00,-2.123263199899157492e-05
1.483999999999999986e+00,-2.116169708730271972e-05
1.485999999999999988e+00,-2.109076217730402052e-05
1.487999999999999989e+00,-2.101982726899628368e-05
1.489999999999999991e+00,-2.094889236237851987e-05
1.491999999999999993e+00,-2.087795745745117294e-05
1.493999999999999995e+00,-2.080702255421396167e-05
1.495999999999999996e+00,-2.073608765266745526e-05
1.497999999999999998e+00,-2.066515275281107774e-05
1.500000000000000000e+00,-2.059421785464591670e-05
1.502000000000000002e+00,-2.052328295817109461e-05
1.504000000000000004e+00,-2.045234806338609647e-05
1.506000000000000005e+00,-2.038141317029261635e-05
1.508000000000000007e+00,-2.031047827888966492e-05
1.510000000000000009e+00,-2.023954338917722861e-05
1.512000000000000011e+00,-2.016860850115395897e-05
1.514000000000000012e+00,-2.009767361482209553e-05
1.516000000000000014e+00,-2.002673873018080144e-05
1.518000000000000016e+00,-1.995580384723032741e-05
1.520000000000000018e+00,-1.988486896596920300e-05
1.522000000000000020e+00,-1.981393408639841753e-05
1.524000000000000021e+00,-1.974299920851860460e-05
1.526000000000000023e+00,-1.967206433232957446e-05
1.528000000000000025e+00,-1.960112945783189632e-05
1.530000000000000027e+00,-1.953019458502404553e-05
1.532000000000000028e+00,-1.945925971390700463e-05
1.534000000000000030e+00,-1.938832484447982834e-05
1.536000000000000032e+00,-1.931738997674331288e-05
1.538000000000000034e+00,-1.924645511069703472e-05
1.540000000000000036e+00,-1.917552024634200353e-05
1.542000000000000037e+00,-1.910458538367728758e-05
1.544000000000000039e+00,-1.903365052270260903e-05
1.546000000000000041e+00,-1.896271566341946544e-05
1.548000000000000043e+00,-1.889178080582595268e-05
1.550000000000000044e+00,-1.882084594992296182e-05
1.552000000000000046e+00,-1.874991109571105192e-05
1.554000000000000048e+00,-1.867897624318849841e-05
1.556000000000000050e+00,-1.860804139235786950e-05
1.558000000000000052e+00,-1.853710654321715263e-05
1.560000000000000053e+00,-1.846617169576782503e-05
1.562000000000000055e+00,-1.839523685000881605e-05
1.564000000000000057e+00,-1.832430200594037980e-05
1.566000000000000059e+00,-1.825336716356212665e-05
1.568000000000000060e+00,-1.818243232287518145e-05
1.570000000000000062e+00,-1.811149748387766718e-05
1.572000000000000064e+00,-1.804056264657055285e-05
1.574000000000000066e+00,-1.796962781095418066e-05
1.576000000000000068e+00,-1.789869297702960092e-05
1.578000000000000069e+00,-1.782775814479486208e-05
1.580000000000000071e+00,-1.775682331425046897e-05
1.582000000000000073e+00,-1.768588848539679766e-05
1.584000000000000075e+00,-1.761495365823375329e-05
1.586000000000000076e+00,-1.754401883276171195e-05
1.588000000000000078e+00,-1.747308400897965041e-05
1.590000000000000080e+00,-1.740214918688847331e-05
1.592000000000000082e+00,-1.733121436648752336e-05
1.594000000000000083e+00,-1.726027954777710548e-05
1.596000000000000085e+00,-1.718934473075801249e-05
1.598000000000000087e+00,-1.711840991542938381e-05
1.600000000000000089e+00,-1.704747510179159892e-05
1.602000000000000091e+00,-1.697654028984412248e-05
1.604000000000000092e+00,-1.690560547958776765e-05
1.606000000000000094e+00,-1.683467067102172805e-05
1.608000000000000096e+00,-1.676373586414658644e-05
1.610000000000000098e+00,-1.669280105896092997e-05
1.612000000000000099e+00,-1.662186625546746576e-05
1.614000000000000101e+00,-1.655093145366438794e-05
1.616000000000000103e+00,-1.647999665355159485e-05
1.618000000000000105e+00,-1.640906185512871381e-05
1.620000000000000107e+00,-1.633812705839699165e-05
1.622000000000000108e+00,-1.626719226335609294e-05
1.624000000000000110e+00,-1.619625747000600751e-05
1.626000000000000112e+00,-1.612532267834681330e-05
1.628000000000000114e+00,-1.605438788837821893e-05
1.630000000000000115e+00,-1.598345310009992963e-05
1.632000000000000117e+00,-1.591251831351196572e-05
1.634000000000000119e+00,-1.584158352861503533e-05
1.636000000000000121e+00,-1.577064874540853875e-05
1.638000000000000123e+00,-1.569971396389282836e-05
1.640000000000000124e+00,-1.562877918406816843e-05
1.642000000000000126e+00,-1.555784440593357639e-05
1.644000000000000128e+00,-1.548690962948944867e-05
1.646000000000000130e+00,-1.541597485473730991e-05
1.648000000000000131e+00,-1.534504008167449706e-05
1.650000000000000133e+00,-1.527410531030258219e-05
1.652000000000000135e+00,-1.520317054062212944e-05
1.654000000000000137e+00,-1.513223577263235615e-05
1.656000000000000139e+00,-1.506130100633334363e-05
1.658000000000000140e+00,-1.499036624172514270e-05
1.660000000000000142e+00,-1.491943147880691142e-05
1.662000000000000144e+00,-1.484849671757915122e-05
1.664000000000000146e+00,-1.477756195804295647e-05
1.665999999999999925e+00,-1.470662720019810865e-05
1.667999999999999927e+00,-1.463569244404340326e-05
1.669999999999999929e+00,-1.456475768957899955e-05
1.671999999999999931e+00,-1.449382293680476370e-05
1.673999999999999932e+00,-1.442288818572172737e-05
1.675999999999999934e+00,-1.435195343632936542e-05
1.677999999999999936e+00,-1.428101868862786420e-05
1.679999999999999938e+00,-1.421008394261753879e-05
1.681999999999999940e+00,-1.413914919829745407e-05
1.683999999999999941e+00,-1.406821445566817756e-05
1.685999999999999943e+00,-1.399727971472982107e-05
1.687999999999999945e+00,-1.392634497548233038e-05
1.689999999999999947e+00,-1.385541023792588675e-05
1.691999999999999948e+00,-1.378447550205962961e-05
1.693999999999999950e+00,-1.371354076788402822e-05
1.695999999999999952e+00,-1.364260603539972800e-05
1.697999999999999954e+00,-1.357167130460618685e-05
1.699999999999999956e+00,-1.350073657550335397e-05
1.701999999999999957e+00,-1.342980184809195948e-05
1.703999999999999959e+00,-1.335886712237049059e-05
1.705999999999999961e+00,-1.328793239833967066e-05
1.707999999999999963e+00,-1.321699767599991813e-05
1.709999999999999964e+00,-1.314606295535011492e-05
1.711999999999999966e+00,-1.307512823639222105e-05
1.713999999999999968e+00,-1.300419351912536748e-05
1.715999999999999970e+00,-1.293325880354930517e-05
1.717999999999999972e+00,-1.286232408966350728e-05
1.719999999999999973e+00,-1.279138937746883776e-05
1.721999999999999975e+00,-1.272045466696416839e-05
1.723999999999999977e+00,-1.264951995815048509e-05
1.725999999999999979e+00,-1.257858525102846551e-05
1.727999999999999980e+00,-1.250765054559670864e-05
1.729999999999999982e+00,-1.243671584185549401e-05
1.731999999999999984e+00,-1.236578113980523327e-05
1.733999999999999986e+00,-1.229484643944577566e-05
1.735999999999999988e+00,-1.222391174077773443e-05
1.737999999999999989e+00,-1.215297704380044210e-05
1.739999999999999991e+00,-1.208204234851421548e-05
1.741999999999999993e+00,-1.201110765491816180e-05
1.743999999999999995e+00,-1.194017296301361088e-05
1.745999999999999996e+00,-1.186923827279903977e-05
1.747999999999999998e+00,-1.179830358427670497e-05
1.750000000000000000e+00,-1.172736889744397728e-05
1.752000000000000002e+00,-1.165643421230249317e-05
1.754000000000000004e+00,-1.158549952885147506e-05
1.756000000000000005e+00,-1.151456484709196142e-05
1.758000000000000007e+00,-1.144363016702289346e-05
1.760000000000000009e+00,-1.137269548864441008e-05
1.762000000000000011e+00,-1.130176081195787672e-05
1.764000000000000012e+00,-1.123082613696091658e-05
1.766000000000000014e+00,-1.115989146365545922e-05
1.768000000000000016e+00,-1.108895679204075754e-05
1.770000000000000018e+00,-1.101802212211755017e-05
1.772000000000000020e+00,-1.094708745388492400e-05
1.774000000000000021e+00,-1.087615278734337031e-05
1.776000000000000023e+00,-1.080521812249376832e-05
1.778000000000000025e+00,-1.073428345933352781e-05
1.780000000000000027e+00,-1.066334879786456475e-05
1.782000000000000028e+00,-1.059241413808608634e-05
1.784000000000000030e+00,-1.052147947999828738e-05
1.786000000000000032e+00,-1.045054482360192004e-05
1.788000000000000034e+00,-1.037961016889731128e-05
1.790000000000000036e+00,-1.030867551588251462e-05
1.792000000000000037e+00,-1.023774086455935625e-05
1.794000000000000039e+00,-1.016680621492699593e-05
1.796000000000000041e+00,-1.009587156698489493e-05
1.798000000000000043e+00,-1.002493692073395450e-05
1.800000000000000044e+00,-9.954002276173622385e-06
1.802000000000000046e+00,-9.883067633305370715e-06
1.804000000000000048e+00,-9.812132992127336022e-06
1.806000000000000050e+00,-9.741198352639560658e-06
1.808000000000000052e+00,-9.670263714843526929e-06
1.810000000000000053e+00,-9.599329078738548740e-06
1.812000000000000055e+00,-9.528394444324400780e-06
1.814000000000000057e+00,-9.457459811601469295e-06
1.816000000000000059e+00,-9.386525180569730569e-06
1.818000000000000060e+00,-9.315590551228491729e-06
1.820000000000000062e+00,-9.244655923578548986e-06
1.822000000000000064e+00,-9.173721297619543197e-06
1.824000000000000066e+00,-9.102786673351000025e-06
1.826000000000000068e+00,-9.031852050773361620e-06
1.828000000000000069e+00,-8.960917429886895645e-06
1.830000000000000071e+00,-8.889982810691358155e-06
1.832000000000000073e+00,-8.819048193186618706e-06
1.834000000000000075e+00,-8.748113577373446405e-06
1.836000000000000076e+00,-8.677178963251795511e-06
1.838000000000000078e+00,-8.606244350821037526e-06
1.840000000000000080e+00,-8.535309740080809920e-06
1.842000000000000082e+00,-8.464375131031531127e-06
1.844000000000000083e+00,-8.393440523673285851e-06
1.846000000000000085e+00,-8.322505918006016493e-06
1.848000000000000087e+00,-8.251571314029174177e-06
1.850000000000000089e+00,-8.180636711743929500e-06
1.852000000000000091e+00,-8.109702111149501500e-06
1.854000000000000092e+00,-8.038767512247167502e-06
1.856000000000000094e+00,-7.967832915034432146e-06
1.858000000000000096e+00,-7.896898319512765882e-06
1.860000000000000098e+00,-7.825963725682360140e-06
1.862000000000000099e+00,-7.755029133542957421e-06
1.864000000000000101e+00,-7.684094543095050699e-06
1.866000000000000103e+00,-7.613159954337395681e-06
1.868000000000000105e+00,-7.542225367271428090e-06
1.870000000000000107e+00,-7.471290781896799794e-06
1.872000000000000108e+00,-7.400356198212863661e-06
1.874000000000000110e+00,-7.329421616220048288e-06
1.876000000000000112e+00,-7.258487035917917455e-06
1.878000000000000114e+00,-7.187552457307133540e-06
1.880000000000000115e+00,-7.116617880387248463e-06
1.882000000000000117e+00,-7.045683305158545981e-06
1.884000000000000119e+00,-6.974748731620776218e-06
1.886000000000000121e+00,-6.903814159773519894e-06
1.888000000000000123e+00,-6.832879589617799377e-06
1.890000000000000124e+00,-6.761945021153133552e-06
1.892000000000000126e+00,-6.691010454379646087e-06
1.894000000000000128e+00,-6.620075889297516551e-06
1.896000000000000130e+00,-6.549141325905999557e-06
1.898000000000000131e+00,-6.478206764205427988e-06
1.900000000000000133e+00,-6.407272204196286347e-06
1.902000000000000135e+00,-6.336337645877941053e-06
1.904000000000000137e+00,-6.265403089251450051e-06
1.906000000000000139e+00,-6.194468534316008659e-06
1.908000000000000140e+00,-6.123533981070735963e-06
1.910000000000000142e+00,-6.052599429517341275e-06
1.912000000000000144e+00,-5.981664879655573874e-06
1.914000000000000146e+00,-5.910730331484234361e-06
1.916000000000000147e+00,-5.839795785003797074e-06
1.918000000000000149e+00,-5.768861240214821056e-06
1.919999999999999929e+00,-5.697926697116338147e-06
1.921999999999999931e+00,-5.626992155709297025e-06
1.923999999999999932e+00,-5.556057615993374969e-06
1.925999999999999934e+00,-5.485123077968352599e-06
1.927999999999999936e+00,-5.414188541635475899e-06
1.929999999999999938e+00,-5.343254006992986430e-06
1.931999999999999940e+00,-5.272319474042146271e-06
1.933999999999999941e+00,-5.201384942782260007e-06
1.935999999999999943e+00,-5.130450413213292063e-06
1.937999999999999945e+00,-5.059515885335425398e-06
1.939999999999999947e+00,-4.988581359148575309e-06
1.941999999999999948e+00,-4.917646834653284744e-06
1.943999999999999950e+00,-4.846712311849140351e-06
1.945999999999999952e+00,-4.775777790735185830e-06
1.947999999999999954e+00,-4.704843271313409167e-06
1.949999999999999956e+00,-4.633908753582229799e-06
1.951999999999999957e+00,-4.562974237543419718e-06
1.953999999999999959e+00,-4.492039723194817296e-06
1.955999999999999961e+00,-4.421105210537418645e-06
1.957999999999999963e+00,-4.350170699570871398e-06
1.959999999999999964e+00,-4.279236190296153878e-06
1.961999999999999966e+00,-4.208301682712497828e-06
1.963999999999999968e+00,-4.137367176820462287e-06
1.965999999999999970e+00,-4.066432672618893598e-06
1.967999999999999972e+00,-3.995498170109039441e-06
1.969999999999999973e+00,-3.924563669290607588e-06
1.971999999999999975e+00,-3.853629170163054244e-06
1.973999999999999977e+00,-3.782694672726392115e-06
1.975999999999999979e+00,-3.711760176982272916e-06
1.977999999999999980e+00,-3.640825682927223811e-06
1.979999999999999982e+00,-3.569891190563997234e-06
1.981999999999999984e+00,-3.498956699892323404e-06
1.983999999999999986e+00,-3.428022210911477686e-06
1.985999999999999988e+00,-3.357087723622153375e-06
1.987999999999999989e+00,-3.286153238023018935e-06
1.989999999999999991e+00,-3.215218754116967832e-06
1.991999999999999993e+00,-3.144284271901563999e-06
1.993999999999999995e+00,-3.073349791377075521e-06
1.995999999999999996e+00,-3.002415312543594725e-06
1.997999999999999998e+00,-2.931480835402083417e-06
2.000000000000000000e+00,-2.860546359951709811e-06
2.002000000000000224e+00,-2.789611886193145180e-06
2.004000000000000004e+00,-2.718677414125145232e-06
2.006000000000000227e+00,-2.647742943748346091e-06
2.008000000000000007e+00,-2.576808475062336097e-06
2.010000000000000231e+00,-2.505874008067542578e-06
2.012000000000000011e+00,-2.434939542764137906e-06
2.014000000000000234e+00,-2.364005079152846718e-06
2.016000000000000014e+00,-2.293070617232159601e-06
2.018000000000000238e+00,-2.222136157002497107e-06
2.020000000000000018e+00,-2.151201698464910403e-06
2.022000000000000242e+00,-2.080267241618602431e-06
2.024000000000000021e+00,-2.009332786463320777e-06
2.026000000000000245e+00,-1.938398332999900190e-06
2.028000000000000025e+00,-1.867463881227433711e-06
2.030000000000000249e+00,-1.796529431145597348e-06
2.032000000000000028e+00,-1.725594982755590713e-06
2.034000000000000252e+00,-1.654660536056657405e-06
2.036000000000000032e+00,-1.583726091048944808e-06
2.038000000000000256e+00,-1.512791647732953095e-06
2.040000000000000036e+00,-1.441857206108063297e-06
2.042000000000000259e+00,-1.370922766174339999e-06
2.044000000000000039e+00,-1.299988327931936726e-06
2.046000000000000263e+00,-1.229053891381512682e-06
2.048000000000000043e+00,-1.158119456522035123e-06
2.049999999999999822e+00,-1.087185023353297371e-06
2.052000000000000046e+00,-1.016250591876363300e-06
2.053999999999999826e+00,-9.453161620909899183e-07
2.056000000000000050e+00,-8.743817339966096071e-07
2.057999999999999829e+00,-8.034473075927474988e-07
2.060000000000000053e+00,-7.325128828806142152e-07
2.061999999999999833e+00,-6.615784598606052149e-07
2.064000000000000057e+00,-5.906440385314329018e-07
2.065999999999999837e+00,-5.197096188940415060e-07
2.068000000000000060e+00,-4.487752009475279315e-07
2.069999999999999840e+00,-3.778407846926733545e-07
2.072000000000000064e+00,-3.069063701294154121e-07
2.073999999999999844e+00,-2.359719572572696015e-07
2.076000000000000068e+00,-1.650375460769777118e-07
2.077999999999999847e+00,-9.410313658733691651e-08
2.080000000000000071e+00,-2.316872878898368813e-08
2.081999999999999851e+00,4.776567731732340905e-08
2.084000000000000075e+00,1.187000817327170367e-07
2.085999999999999854e+00,1.896344844562266077e-07
2.088000000000000078e+00,2.605688854890074616e-07
2.089999999999999858e+00,3.315032848300871252e-07
2.092000000000000082e+00,4.024376824796882093e-07
2.093999999999999861e+00,4.733720784381069109e-07
2.096000000000000085e+00,5.443064727050298807e-07
2.097999999999999865e+00,6.152408652809778320e-07
2.100000000000000089e+00,6.861752561651541835e-07
2.101999999999999869e+00,7.571096453580387793e-07
2.104000000000000092e+00,8.280440328593689333e-07
2.105999999999999872e+00,8.989784186701187333e-07
2.108000000000000096e+00,9.699128027889155625e-07
2.109999999999999876e+00,1.040847185215591285e-06
2.112000000000000099e+00,1.111781565951101777e-06
2.113999999999999879e+00,1.182715944995226175e-06
2.116000000000000103e+00,1.253650322347927422e-06
2.117999999999999883e+00,1.324584698009076344e-06
2.120000000000000107e+00,1.395519071979366662e-06
2.121999999999999886e+00,1.466453444258061033e-06
2.124000000000000110e+00,1.537387814845349617e-06
2.125999999999999890e+00,1.608322183740956281e-06
2.128000000000000114e+00,1.679256550945541498e-06
2.129999999999999893e+00,1.750190916458587520e-06
2.132000000000000117e+00,1.821125280279760193e-06
2.133999999999999897e+00,1.892059642409700507e-06
2.136000000000000121e+00,1.962994002847923327e-06
2.137999999999999901e+00,2.033928361594904683e-06
2.140000000000000124e+00,2.104862718650166849e-06
2.141999999999999904e+00,2.175797074014129107e-06
2.144000000000000128e+00,2.246731427686617815e-06
2.145999999999999908e+00,2.317665779668125522e-06
2.148000000000000131e+00,2.388600129957718798e-06
2.149999999999999911e+00,2.459534478555967697e-06
2.152000000000000135e+00,2.530468825462643096e-06
2.153999999999999915e+00,2.601403170677797934e-06
2.156000000000000139e+00,2.672337514200954485e-06
2.157999999999999918e+00,2.743271856033375251e-06
2.160000000000000142e+00,2.814206196173617313e-06
2.161999999999999922e+00,2.885140534622875409e-06
2.164000000000000146e+00,2.956074871379565165e-06
2.165999999999999925e+00,3.027009206445251051e-06
2.168000000000000149e+00,3.097943539819936878e-06
2.169999999999999929e+00,3.168877871503011088e-06
2.172000000000000153e+00,3.239812201495092016e-06
2.173999999999999932e+00,3.310746529796144933e-06
2.176000000000000156e+00,3.381680856404551583e-06
2.177999999999999936e+00,3.452615181321953092e-06
2.180000000000000160e+00,3.523549504547280504e-06
2.181999999999999940e+00,3.594483826081089897e-06
2.184000000000000163e+00,3.665418145924117766e-06
2.185999999999999943e+00,3.736352464075253227e-06
2.188000000000000167e+00,3.807286780534514067e-06
2.189999999999999947e+00,3.878221095302298816e-06
2.192000000000000171e+00,3.949155408378951793e-06
2.193999999999999950e+00,4.020089719763544649e-06
2.196000000000000174e+00,4.091024029456588993e-06
2.197999999999999954e+00,4.161958337458167833e-06
2.200000000000000178e+00,4.232892643767802596e-06
2.201999999999999957e+00,4.303826948385508529e-06
2.204000000000000181e+00,4.374761251311860767e-06
2.205999999999999961e+00,4.445695552546868628e-06
2.208000000000000185e+00,4.516629852090284777e-06
2.209999999999999964e+00,4.587564149942151566e-06
2.212000000000000188e+00,4.658498446102919617e-06
2.213999999999999968e+00,4.729432740571728345e-06
2.216000000000000192e+00,4.800367033349299421e-06
2.217999999999999972e+00,4.871301324435111921e-06
2.220000000000000195e+00,4.942235613828753338e-06
2.221999999999999975e+00,5.013169901531502694e-06
2.224000000000000199e+00,5.084104187542508720e-06
2.225999999999999979e+00,5.155038471861890846e-06
2.228000000000000203e+00,5.225972754489619429e-06
2.229999999999999982e+00,5.296907035426092572e-06
2.232000000000000206e+00,5.367841314670989250e-06
2.233999999999999986e+00,5.438775592224616090e-06
2.236000000000000210e+00,5.509709868086254807e-06
2.237999999999999989e+00,5.580644142255940129e-06
2.240000000000000213e+00,5.651578414734373401e-06
2.241999999999999993e+00,5.722512685520926970e-06
2.244000000000000217e+00,5.793446954615559332e-06
2.245999999999999996e+00,5.864381222018920161e-06
2.248000000000000220e+00,5.935315487730964565e-06
2.250000000000000000e+00,6.006249751751125031e-06
2.252000000000000224e+00,6.077184014079220294e-06
2.254000000000000004e+00,6.148118274716563256e-06
2.256000000000000227e+00,6.219052533661183717e-06
2.258000000000000007e+00,6.289986790914419990e-06
2.260000000000000231e+00,6.360921046476108598e-06
2.262000000000000011e+00,6.431855300346484168e-06
2.264000000000000234e+00,6.502789552525279039e-06
2.266000000000000014e+00,6.573723803011470840e-06
2.268000000000000238e+00,6.644658051806731617e-06
2.270000000000000018e+00,6.715592298909994953e-06
2.272000000000000242e+00,6.786526544321470066e-06
2.274000000000000021e+00,6.857460788041882017e-06
2.276000000000000245e+00,6.928395030070202506e-06
2.278000000000000025e+00,6.999329270406866063e-06
2.280000000000000249e+00,7.070263509052716333e-06
2.282000000000000028e+00,7.141197746006760591e-06
2.284000000000000252e+00,7.212131981268318671e-06
2.286000000000000032e+00,7.283066214838080058e-06
2.288000000000000256e+00,7.354000446715960049e-06
2.290000000000000036e+00,7.424934676903216487e-06
2.292000000000000259e+00,7.495868905398605928e-06
2.294000000000000039e+00,7.566803132202091103e-06
2.296000000000000263e+00,7.637737357313921038e-06
2.298000000000000043e+00,7.708671580734077948e-06
2.300000000000000266e+00,7.779605802462288239e-06
2.302000000000000046e+00,7.850540022498638310e-06
2.304000000000000270e+00,7.921474240844100553e-06
2.306000000000000050e+00,7.992408457496850461e-06
2.307999999999999829e+00,8.063342672458192464e-06
2.310000000000000053e+00,8.134276885727037277e-06
2.311999999999999833e+00,8.205211097305187387e-06
2.314000000000000057e+00,8.276145307190372745e-06
2.315999999999999837e+00,8.347079515384573715e-06
2.318000000000000060e+00,8.418013721886829760e-06
2.319999999999999840e+00,8.488947926698052289e-06
2.322000000000000064e+00,8.559882129816747136e-06
2.323999999999999844e+00,8.630816331244078123e-06
2.326000000000000068e+00,8.701750530979174500e-06
2.327999999999999847e+00,8.772684729022551265e-06
2.330000000000000071e+00,8.843618925375074083e-06
2.331999999999999851e+00,8.914553120035350434e-06
2.334000000000000075e+00,8.985487313004079967e-06
2.335999999999999854e+00,9.056421504281767513e-06
2.338000000000000078e+00,9.127355693866397133e-06
2.339999999999999858e+00,9.198289881759840771e-06
2.342000000000000082e+00,9.269224067961630864e-06
2.343999999999999861e+00,9.340158252470918686e-06
2.346000000000000085e+00,9.411092435288698652e-06
2.347999999999999865e+00,9.482026616415016503e-06
2.350000000000000089e+00,9.552960795849296257e-06
2.351999999999999869e+00,9.623894973591461680e-06
2.354000000000000092e+00,9.694829149642373358e-06
2.355999999999999872e+00,9.765763324001382463e-06
2.358000000000000096e+00,9.836697496668653321e-06
2.359999999999999876e+00,9.907631667644606059e-06
2.362000000000000099e+00,9.978565836928242873e-06
2.363999999999999879e+00,1.004950000452015838e-05
2.366000000000000103e+00,1.012043417042034750e-05
2.367999999999999883e+00,1.019136833462832233e-05
2.370000000000000107e+00,1.026230249714414557e-05
2.371999999999999886e+00,1.033323665796777655e-05
2.374000000000000110e+00,1.040417081710066539e-05
2.375999999999999890e+00,1.047510497454064708e-05
2.378000000000000114e+00,1.054603913028956475e-05
2.379999999999999893e+00,1.061697328434553123e-05
2.382000000000000117e+00,1.068790743671038457e-05
2.383999999999999897e+00,1.075884158738392488e-05
2.386000000000000121e+00,1.082977573636469017e-05
2.387999999999999901e+00,1.090070988365339025e-05
2.390000000000000124e+00,1.097164402925088233e-05
2.391999999999999904e+00,1.104257817315654468e-05
2.394000000000000128e+00,1.111351231537068563e-05
2.395999999999999908e+00,1.118444645589303242e-05
2.398000000000000131e+00,1.125538059472375955e-05
2.399999999999999911e+00,1.132631473186178620e-05
2.402000000000000135e+00,1.139724886730836937e-05
2.403999999999999915e+00,1.146818300106323123e-05
2.406000000000000139e+00,1.153911713312559252e-05
2.407999999999999918e+00,1.161005126349688810e-05
2.410000000000000142e+00,1.168098539217571191e-05
2.411999999999999922e+00,1.175191951916319049e-05
2.414000000000000146e+00,1.182285364445777885e-05
2.415999999999999925e+00,1.189378776806142349e-05
2.418000000000000149e+00,1.196472188997230327e-05
2.419999999999999929e+00,1.203565601019207500e-05
2.422000000000000153e+00,1.210659012871984929e-05
2.423999999999999932e+00,1.217752424555577013e-05
2.426000000000000156e+00,1.224845836070005776e-05
2.427999999999999936e+00,1.231939247415145517e-05
2.430000000000000160e+00,1.239032658591156327e-05
2.431999999999999940e+00,1.246126069597929106e-05
2.434000000000000163e+00,1.253219480435523318e-05
2.435999999999999943e+00,1.260312891103920157e-05
2.438000000000000167e+00,1.267406301603159265e-05
2.439999999999999947e+00,1.274499711933238270e-05
2.442000000000000171e+00,1.281593122094049429e-05
2.443999999999999950e+00,1.288686532085736908e-05
2.446000000000000174e+00,1.295779941908212107e-05
2.447999999999999954e+00,1.302873351561511279e-05
2.450000000000000178e+00,1.309966761045563443e-05
2.451999999999999957e+00,1.317060170360371308e-05
2.454000000000000181e+00,1.324153579506092254e-05
2.455999999999999961e+00,1.331246988482612610e-05
2.458000000000000185e+00,1.338340397289923395e-05
2.459999999999999964e+00,1.345433805928062389e-05
2.462000000000000188e+00,1.352527214396888137e-05
2.463999999999999968e+00,1.359620622696550393e-05
2.466000000000000192e+00,1.366714030827133523e-05
2.467999999999999972e+00,1.373807438788425937e-05
2.470000000000000195e+00,1.380900846580551642e-05
2.471999999999999975e+00,1.387994254203483024e-05
2.474000000000000199e+00,1.395087661657216864e-05
2.475999999999999979e+00,1.402181068941679471e-05
2.478000000000000203e+00,1.409274476056960460e-05
2.479999999999999982e+00,1.416367883003088122e-05
2.482000000000000206e+00,1.423461289780000116e-05
2.483999999999999986e+00,1.430554696387711519e-05
2.486000000000000210e+00,1.437648102826240288e-05
2.487999999999999989e+00,1.444741509095420066e-05
2.490000000000000213e+00,1.451834915195558157e-05
2.491999999999999993e+00,1.458928321126531062e-05
2.494000000000000217e+00,1.466021726888318792e-05
2.495999999999999996e+00,1.473115132480769898e-05
2.498000000000000220e+00,1.480208537904089869e-05
2.500000000000000000e+00,1.487301943158174013e-05
2.502000000000000224e+00,1.494395348243139220e-05
2.504000000000000004e+00,1.501488753158856910e-05
2.506000000000000227e+00,1.508582157905394338e-05
2.508000000000000007e+00,1.515675562482626820e-05
2.510000000000000231e+00,1.522768966890735622e-05
2.512000000000000011e+00,1.529862371129659757e-05
2.514000000000000234e+00,1.536955775199298597e-05
2.516000000000000014e+00,1.544049179099719906e-05
2.518000000000000238e+00,1.551142582830933509e-05
2.520000000000000018e+00,1.558235986393013945e-05
2.522000000000000242e+00,1.565329389785889046e-05
2.524000000000000021e+00,1.572422793009485291e-05
2.526000000000000245e+00,1.579516196063878233e-05
2.528000000000000025e+00,1.586609598949182055e-05
2.530000000000000249e+00,1.593703001665179236e-05
2.532000000000000028e+00,1.600796404211977521e-05
2.534000000000000252e+00,1.607889806589597577e-05
2.536000000000000032e+00,1.614983208798004505e-05
2.538000000000000256e+00,1.622076610837192885e-05
2.540000000000000036e+00,1.629170012707119688e-05
2.542000000000000259e+00,1.636263414407867583e-05
2.544000000000000039e+00,1.643356815939414888e-05
2.546000000000000263e+00,1.650450217301788707e-05
2.548000000000000043e+00,1.657543618494914162e-05
2.550000000000000266e+00,1.664637019518878667e-05
2.552000000000000046e+00,1.671730420373583289e-05
2.554000000000000270e+00,1.678823821059057843e-05
2.556000000000000050e+00,1.685917221575343325e-05
2.558000000000000274e+00,1.693010621922427878e-05
2.560000000000000053e+00,1.700104022100309468e-05
2.561999999999999833e+00,1.707197422108972849e-05
2.564000000000000057e+00,1.714290821948403112e-05
2.565999999999999837e+00,1.721384221618586029e-05
2.568000000000000060e+00,1.728477621119651702e-05
2.569999999999999840e+00,1.735571020451446989e-05
2.572000000000000064e+00,1.742664419614008142e-05
2.573999999999999844e+00,1.749757818607365655e-05
2.576000000000000068e+00,1.756851217431529692e-05
2.577999999999999847e+00,1.763944616086481618e-05
2.580000000000000071e+00,1.771038014572159770e-05
2.581999999999999851e+00,1.778131412888702721e-05
2.584000000000000075e+00,1.785224811035968171e-05
2.585999999999999854e+00,1.792318209014073349e-05
2.588000000000000078e+00,1.799411606822926436e-05
2.589999999999999858e+00,1.806505004462524383e-05
2.592000000000000082e+00,1.813598401932958669e-05
2.593999999999999861e+00,1.820691799234144931e-05
2.596000000000000085e+00,1.827785196366144154e-05
2.597999999999999865e+00,1.834878593328904500e-05
2.600000000000000089e+00,1.841971990122386667e-05
2.601999999999999869e+00,1.849065386746660789e-05
2.604000000000000092e+00,1.856158783201833593e-05
2.605999999999999872e+00,1.863252179487687220e-05
2.608000000000000096e+00,1.870345575604396500e-05
2.609999999999999876e+00,1.877438971551933649e-05
2.612000000000000099e+00,1.884532367330132309e-05
2.613999999999999879e+00,1.891625762939165616e-05
2.616000000000000103e+00,1.898719158378925825e-05
2.617999999999999883e+00,1.905812553649522374e-05
2.620000000000000107e+00,1.912905948750910539e-05
2.621999999999999886e+00,1.919999343683032722e-05
2.624000000000000110e+00,1.927092738446001748e-05
2.625999999999999890e+00,1.934186133039698016e-05
2.628000000000000114e+00,1.941279527464185223e-05
2.629999999999999893e+00,1.948372921719458624e-05
2.632000000000000117e+00,1.955466315805478580e-05
2.633999999999999897e+00,1.962559709722220356e-05
2.636000000000000121e+00,1.969653103469772045e-05
2.637999999999999901e+00,1.976746497048092311e-05
2.640000000000000124e+00,1.983839890457208597e-05
2.641999999999999904e+00,1.990933283697107013e-05
2.644000000000000128e+00,1.998026676767813647e-05
2.645999999999999908e+00,2.005120069669286148e-05
2.648000000000000131e+00,2.012213462401509946e-05
2.649999999999999911e+00,2.019306854964580586e-05
2.652000000000000135e+00,2.026400247358357124e-05
2.653999999999999915e+00,2.033493639582883265e-05
2.656000000000000139e+00,2.040587031638165785e-05
2.657999999999999918e+00,2.047680423524205363e-05
2.660000000000000142e+00,2.054773815241122954e-05
2.661999999999999922e+00,2.061867206788680712e-05
2.664000000000000146e+00,2.068960598167108014e-05
2.665999999999999925e+00,2.076053989376292034e-05
2.668000000000000149e+00,2.083147380416251407e-05
2.669999999999999929e+00,2.090240771287000024e-05
2.672000000000000153e+00,2.097334161988480627e-05
2.673999999999999932e+00,2.104427552520798247e-05
2.676000000000000156e+00,2.111520942883848191e-05
2.677999999999999936e+00,2.118614333077621311e-05
2.680000000000000160e+00,2.125707723102166735e-05
2.681999999999999940e+00,2.132801112957522072e-05
2.684000000000000163e+00,2.139894502643616508e-05
2.685999999999999943e+00,2.146987892160527294e-05
2.688000000000000167e+00,2.154081281508159562e-05
2.689999999999999947e+00,2.161174670686540417e-05
2.692000000000000171e+00,2.168268059695714582e-05
2.693999999999999950e+00,2.175361448535641400e-05
2.696000000000000174e+00,2.182454837206362544e-05
2.697999999999999954e+00,2.189548225707837697e-05
2.700000000000000178e+00,2.196641614040073295e-05
2.701999999999999957e+00,2.203735002203023260e-05
2.704000000000000181e+00,2.210828390196838364e-05
2.705999999999999961e+00,2.217921778021455248e-05
2.708000000000000185e+00,2.225015165676706540e-05
2.709999999999999964e+00,2.232108553162773164e-05
2.712000000000000188e+00,2.239201940479618869e-05
2.713999999999999968e+00,2.246295327627148786e-05
2.716000000000000192e+00,2.253388714605508944e-05
2.717999999999999972e+00,2.260482101414727465e-05
2.720000000000000195e+00,2.267575488054646461e-05
2.721999999999999975e+00,2.274668874525269998e-05
2.724000000000000199e+00,2.281762260826726487e-05
2.725999999999999979e+00,2.288855646958917332e-05
2.728000000000000203e+00,2.295949032921916735e-05
2.729999999999999982e+00,2.303042418715629149e-05
2.732000000000000206e+00,2.310135804340129114e-05
2.733999999999999986e+00,2.317229189795392912e-05
2.736000000000000210e+00,2.324322575081390728e-05
2.737999999999999989e+00,2.331415960198153733e-05
2.740000000000000213e+00,2.338509345145607050e-05
2.741999999999999993e+00,2.345602729923901788e-05
2.744000000000000217e+00,2.352696114532959682e-05
2.745999999999999996e+00,2.359789498972791235e-05
2.748000000000000220e+00,2.366882883243362905e-05
2.750000000000000000e+00,2.373976267344716704e-05
2.752000000000000224e+00,2.381069651276776400e-05
2.754000000000000004e+00,2.388163035039633133e-05
2.756000000000000227e+00,2.395256418633227949e-05
2.758000000000000007e+00,2.402349802057551024e-05
2.760000000000000231e+00,2.409443185312602019e-05
2.762000000000000011e+00,2.416536568398433449e-05
2.764000000000000234e+00,2.423629951314967726e-05
2.766000000000000014e+00,2.430723334062322079e-05
2.768000000000000238e+00,2.437816716640426036e-05
2.770000000000000018e+00,2.444910099049325675e-05
2.772000000000000242e+00,2.452003481288944425e-05
2.774000000000000021e+00,2.459096863359391721e-05
2.776000000000000245e+00,2.466190245260499513e-05
2.778000000000000025e+00,2.473283626992415184e-05
2.780000000000000249e+00,2.480377008555022860e-05
2.782000000000000028e+00,2.487470389948363538e-05
2.784000000000000252e+00,2.494563771172490411e-05
2.786000000000000032e+00,2.501657152227430923e-05
2.788000000000000256e+00,2.508750533113038368e-05
2.790000000000000036e+00,2.515843913829416423e-05
2.792000000000000259e+00,2.522937294376581351e-05
2.794000000000000039e+00,2.530030674754469794e-05
2.796000000000000263e+00,2.537124054963146464e-05
2.798000000000000043e+00,2.544217435002526321e-05
2.800000000000000266e+00,2.551310814872704909e-05
2.802000000000000046e+00,2.558404194573601253e-05
2.804000000000000270e+00,2.565497574105249232e-05
2.806000000000000050e+00,2.572590953467645799e-05
2.808000000000000274e+00,2.579684332660836014e-05
2.810000000000000053e+00,2.586777711684731449e-05
2.812000000000000277e+00,2.593871090539304319e-05
2.814000000000000057e+00,2.600964469224722339e-05
2.815999999999999837e+00,2.608057847740916389e-05
2.818000000000000060e+00,2.615151226087821418e-05
2.819999999999999840e+00,2.622244604265460804e-05
2.822000000000000064e+00,2.629337982273885030e-05
2.823999999999999844e+00,2.636431360113109681e-05
2.826000000000000068e+00,2.643524737783046666e-05
2.827999999999999847e+00,2.650618115283756294e-05
2.830000000000000071e+00,2.657711492615142003e-05
2.831999999999999851e+00,2.664804869777220395e-05
2.834000000000000075e+00,2.671898246770142580e-05
2.835999999999999854e+00,2.678991623593761175e-05
2.838000000000000078e+00,2.686085000248146992e-05
2.839999999999999858e+00,2.693178376733249886e-05
2.842000000000000082e+00,2.700271753049074939e-05
2.843999999999999861e+00,2.707365129195670603e-05
2.846000000000000085e+00,2.714458505173012143e-05
2.847999999999999865e+00,2.721551880981099559e-05
2.850000000000000089e+00,2.728645256619931158e-05
2.851999999999999869e+00,2.735738632089529978e-05
2.854000000000000092e+00,2.742832007389855702e-05
2.855999999999999872e+00,2.749925382520906634e-05
2.858000000000000096e+00,2.757018757482654654e-05
2.859999999999999876e+00,2.764112132275281026e-05
2.862000000000000099e+00,2.771205506898577042e-05
2.863999999999999879e+00,2.778298881352589457e-05
2.866000000000000103e+00,2.785392255637300993e-05
2.867999999999999883e+00,2.792485629752795335e-05
2.870000000000000107e+00,2.799579003698984733e-05
2.871999999999999886e+00,2.806672377475929154e-05
2.874000000000000110e+00,2.813765751083609966e-05
2.875999999999999890e+00,2.820859124522109837e-05
2.878000000000000114e+00,2.827952497791310184e-05
2.879999999999999893e+00,2.835045870891131725e-05
2.882000000000000117e+00,2.842139243821856012e-05
2.883999999999999897e+00,2.849232616583315334e-05
2.886000000000000121e+00,2.856325989175448365e-05
2.887999999999999901e+00,2.863419361598376061e-05
2.890000000000000124e+00,2.870512733852033710e-05
2.891999999999999904e+00,2.877606105936397594e-05
2.894000000000000128e+00,2.884699477851534799e-05
2.895999999999999908e+00,2.891792849597292180e-05
2.898000000000000131e+00,2.898886221173863201e-05
2.899999999999999911e+00,2.905979592581238035e-05
2.902000000000000135e+00,2.913072963819265910e-05
2.903999999999999915e+00,2.920166334888013912e-05
2.906000000000000139e+00,2.927259705787489495e-05
2.907999999999999918e+00,2.934353076517723152e-05
2.910000000000000142e+00,2.941446447078678291e-05
2.911999999999999922e+00,2.948539817470359993e-05
2.914000000000000146e+00,2.955633187692785201e-05
2.915999999999999925e+00,2.962726557745971531e-05
2.918000000000000149e+00,2.969819927629882393e-05
2.919999999999999929e+00,2.976913297344551329e-05
2.922000000000000153e+00,2.984006666889933953e-05
2.923999999999999932e+00,2.991100036266077024e-05
2.926000000000000156e+00,2.998193405472861955e-05
2.927999999999999936e+00,3.005286774510363963e-05
2.930000000000000160e+00,3.012380143378695874e-05
2.931999999999999940e+00,3.019473512077664563e-05
2.934000000000000163e+00,3.026566880607325596e-05
2.935999999999999943e+00,3.033660248967793831e-05
2.938000000000000167e+00,3.040753617159044195e-05
2.939999999999999947e+00,3.047846985180989614e-05
2.942000000000000171e+00,3.054940353033706320e-05
2.943999999999999950e+00,3.062033720717127229e-05
2.946000000000000174e+00,3.069127088231268265e-05
2.947999999999999954e+00,3.076220455576154499e-05
2.950000000000000178e+00,3.083313822751724946e-05
2.951999999999999957e+00,3.090407189757989092e-05
2.954000000000000181e+00,3.097500556595059423e-05
2.955999999999999961e+00,3.104593923262771954e-05
2.958000000000000185e+00,3.111687289761294058e-05
2.959999999999999964e+00,3.118780656090555263e-05
2.962000000000000188e+00,3.125874022250545403e-05
2.963999999999999968e+00,3.132967388241181809e-05
2.966000000000000192e+00,3.140060754062514624e-05
2.967999999999999972e+00,3.147154119714625842e-05
2.970000000000000195e+00,3.154247485197399589e-05
2.971999999999999975e+00,3.161340850510957836e-05
2.974000000000000199e+00,3.168434215655172514e-05
2.975999999999999979e+00,3.175527580630149331e-05
2.978000000000000203e+00,3.182620945435823913e-05
2.979999999999999982e+00,3.189714310072334496e-05
2.982000000000000206e+00,3.196807674539519126e-05
2.983999999999999986e+00,3.203901038837387970e-05
2.986000000000000210e+00,3.210994402965945769e-05
2.987999999999999989e+00,3.218087766925299589e-05
2.990000000000000213e+00,3.225181130715292220e-05
2.991999999999999993e+00,3.232274494336044281e-05
2.994000000000000217e+00,3.239367857787575422e-05
2.995999999999999996e+00,3.246461221069773834e-05
2.998000000000000220e+00,3.253554584182714057e-05
3.000000000000000000e+00,3.260647947126371697e-05
3.002000000000000224e+00,3.267741309900691865e-05
3.004000000000000004e+00,3.274834672505773494e-05
3.006000000000000227e+00,3.281928034941577284e-05
3.008000000000000007e+00,3.289021397208090358e-05
3.010000000000000231e+00,3.296114759305313394e-05
3.012000000000000011e+00,3.303208121233315510e-05
3.014000000000000234e+00,3.310301482991853439e-05
3.016000000000000014e+00,3.317394844581248375e-05
3.018000000000000238e+00,3.324488206001307872e-05
3.020000000000000018e+00,3.331581567252107825e-05
3.022000000000000242e+00,3.338674928333609608e-05
3.024000000000000021e+00,3.345768289245811190e-05
3.026000000000000245e+00,3.352861649988696984e-05
3.028000000000000025e+00,3.359955010562383542e-05
3.030000000000000249e+00,3.367048370966767187e-05
3.032000000000000028e+00,3.374141731201908906e-05
3.034000000000000252e+00,3.381235091267748390e-05
3.036000000000000032e+00,3.388328451164277508e-05
3.038000000000000256e+00,3.395421810891552502e-05
3.040000000000000036e+00,3.402515170449518485e-05
3.042000000000000259e+00,3.409608529838173424e-05
3.044000000000000039e+00,3.416701889057545101e-05
3.046000000000000263e+00,3.423795248107649780e-05
3.048000000000000043e+00,3.430888606988421731e-05
3.050000000000000266e+00,3.437981965699991735e-05
3.052000000000000046e+00,3.445075324242216137e-05
3.054000000000000270e+00,3.452168682615186415e-05
3.056000000000000050e+00,3.459262040818844293e-05
3.058000000000000274e+00,3.466355398853232463e-05
3.060000000000000053e+00,3.473448756718286549e-05
3.062000000000000277e+00,3.480542114414085834e-05
3.064000000000000057e+00,3.487635471940594403e-05
3.066000000000000281e+00,3.494728829297849527e-05
3.068000000000000060e+00,3.501822186485749561e-05
3.070000000000000284e+00,3.508915543504407668e-05
3.072000000000000064e+00,3.516008900353712719e-05
3.073999999999999844e+00,3.523102257033781942e-05
3.076000000000000068e+00,3.530195613544574680e-05
3.077999999999999847e+00,3.537288969886027913e-05
3.080000000000000071e+00,3.544382326058196530e-05
3.081999999999999851e+00,3.551475682061079175e-05
3.084000000000000075e+00,3.558569037894690078e-05
3.085999999999999854e+00,3.565662393559036015e-05
3.088000000000000078e+00,3.572755749054022797e-05
3.089999999999999858e+00,3.579849104379703278e-05
3.092000000000000082e+00,3.586942459536076103e-05
3.093999999999999861e+00,3.594035814523249692e-05
3.096000000000000085e+00,3.601129169341033633e-05
3.097999999999999865e+00,3.608222523989553963e-05
3.100000000000000089e+00,3.615315878468800518e-05
3.101999999999999869e+00,3.622409232778661491e-05
3.104000000000000092e+00,3.629502586919291379e-05
3.105999999999999872e+00,3.636595940890654946e-05
3.108000000000000096e+00,3.643689294692647839e-05
3.109999999999999876e+00,3.650782648325370344e-05
3.112000000000000099e+00,3.657876001788779773e-05
3.113999999999999879e+00,3.664969355082941177e-05
3.116000000000000103e+00,3.672062708207824740e-05
3.117999999999999883e+00,3.679156061163330174e-05
3.120000000000000107e+00,3.686249413949604524e-05
3.121999999999999886e+00,3.693342766566502100e-05
3.124000000000000110e+00,3.700436119014167914e-05
3.125999999999999890e+00,3.707529471292431205e-05
3.128000000000000114e+00,3.714622823401478996e-05
3.129999999999999893e+00,3.721716175341187961e-05
3.132000000000000117e+00,3.728809527111602145e-05
3.133999999999999897e+00,3.735902878712707317e-05
3.136000000000000121e+00,3.742996230144538715e-05
3.137999999999999901e+00,3.750089581407088884e-05
3.140000000000000124e+00,3.757182932500314457e-05
3.141999999999999904e+00,3.764276283424258123e-05
3.144000000000000128e+00,3.771369634178894134e-05
3.145999999999999908e+00,3.778462984764248915e-05
3.148000000000000131e+00,3.785556335180220147e-05
3.149999999999999911e+00,3.792649685426902019e-05
3.152000000000000135e+00,3.799743035504257261e-05
3.153999999999999915e+00,3.806836385412348215e-05
3.156000000000000139e+00,3.813929735151088822e-05
3.157999999999999918e+00,3.821023084720517031e-05
3.160000000000000142e+00,3.828116434120699247e-05
3.161999999999999922e+00,3.835209783351613787e-05
3.164000000000000146e+00,3.842303132413153586e-05
3.165999999999999925e+00,3.849396481305320677e-05
3.168000000000000149e+00,3.856489830028317670e-05
3.169999999999999929e+00,3.863583178581946021e-05
3.172000000000000153e+00,3.870676526966294499e-05
3.173999999999999932e+00,3.877769875181373267e-05
3.176000000000000156e+00,3.884863223227109821e-05
3.177999999999999936e+00,3.891956571103591573e-05
3.180000000000000160e+00,3.899049918810738565e-05
3.181999999999999940e+00,3.906143266348531822e-05
3.184000000000000163e+00,3.913236613717141428e-05
3.185999999999999943e+00,3.920329960916362063e-05
3.188000000000000167e+00,3.927423307946168655e-05
3.189999999999999947e+00,3.934516654806675045e-05
3.192000000000000171e+00,3.941610001497938831e-05
3.193999999999999950e+00,3.948703348019884797e-05
3.196000000000000174e+00,3.955796694372504133e-05
3.197999999999999954e+00,3.962890040555802260e-05
3.200000000000000178e+00,3.969983386569808317e-05
3.201999999999999957e+00,3.977076732414440988e-05
3.204000000000000181e+00,3.984170078089839865e-05
3.205999999999999961e+00,3.991263423595877552e-05
3.208000000000000185e+00,3.998356768932663827e-05
3.209999999999999964e+00,4.005450114100124150e-05
3.212000000000000188e+00,4.012543459098295113e-05
3.213999999999999968e+00,4.019636803927078460e-05
3.216000000000000192e+00,4.026730148586611072e-05
3.217999999999999972e+00,4.033823493076770975e-05
3.220000000000000195e+00,4.040916837397720123e-05
3.221999999999999975e+00,4.048010181549272169e-05
3.224000000000000199e+00,4.055103525531513170e-05
3.225999999999999979e+00,4.062196869344372654e-05
3.228000000000000203e+00,4.069290212987989534e-05
3.229999999999999982e+00,4.076383556462284528e-05
3.232000000000000206e+00,4.083476899767227142e-05
3.233999999999999986e+00,4.090570242902881074e-05
3.236000000000000210e+00,4.097663585869186015e-05
3.237999999999999989e+00,4.104756928666253096e-05
3.240000000000000213e+00,4.111850271294024040e-05
3.241999999999999993e+00,4.118943613752407368e-05
3.244000000000000217e+00,4.126036956041533862e-05
3.245999999999999996e+00,4.133130298161312720e-05
3.248000000000000220e+00,4.140223640111715482e-05
3.250000000000000000e+00,4.147316981892833627e-05
3.252000000000000224e+00,4.154410323504629209e-05
3.254000000000000004e+00,4.161503664947142206e-05
3.256000000000000227e+00,4.168597006220280463e-05
3.258000000000000007e+00,4.175690347324140879e-05
3.260000000000000231e+00,4.182783688258692284e-05
3.262000000000000011e+00,4.189877029023876401e-05
3.264000000000000234e+00,4.196970369619716271e-05
3.266000000000000014e+00,4.204063710046257972e-05
3.268000000000000238e+00,4.211157050303427642e-05
3.270000000000000018e+00,4.218250390391327603e-05
3.272000000000000242e+00,4.225343730309923297e-05
3.274000000000000021e+00,4.232437070059163900e-05
3.276000000000000245e+00,4.239530409639089394e-05
3.278000000000000025e+00,4.246623749049663186e-05
3.280000000000000249e+00,4.253717088290940164e-05
3.282000000000000028e+00,4.260810427362863407e-05
3.284000000000000252e+00,4.267903766265489159e-05
3.286000000000000032e+00,4.274997104998868241e-05
3.288000000000000256e+00,4.282090443562892911e-05
3.290000000000000036e+00,4.289183781957506248e-05
3.292000000000000259e+00,4.296277120182885790e-05
3.294000000000000039e+00,4.303370458238893980e-05
3.296000000000000263e+00,4.310463796125605355e-05
3.298000000000000043e+00,4.317557133842986035e-05
3.300000000000000266e+00,4.324650471391018402e-05
3.302000000000000046e+00,4.331743808769713297e-05
3.304000000000000270e+00,4.338837145979089016e-05
3.306000000000000050e+00,4.345930483019199092e-05
3.308000000000000274e+00,4.353023819889873441e-05
3.310000000000000053e+00,4.360117156591229970e-05
3.312000000000000277e+00,4.367210493123281553e-05
3.314000000000000057e+00,4.374303829486026835e-05
3.316000000000000281e+00,4.381397165679444132e-05
3.318000000000000060e+00,4.388490501703551741e-05
3.320000000000000284e+00,4.395583837558288674e-05
3.322000000000000064e+00,4.402677173243697622e-05
3.324000000000000288e+00,4.409770508759756224e-05
3.326000000000000068e+00,4.416863844106494295e-05
3.328000000000000291e+00,4.423957179283911835e-05
3.330000000000000071e+00,4.431050514292007489e-05
3.331999999999999851e+00,4.438143849130842244e-05
3.334000000000000075e+00,4.445237183800253468e-05
3.335999999999999854e+00,4.452330518300355681e-05
3.338000000000000078e+00,4.459423852631112968e-05
3.339999999999999858e+00,4.466517186792496870e-05
3.342000000000000082e+00,4.473610520784546010e-05
3.343999999999999861e+00,4.480703854607315278e-05
3.346000000000000085e+00,4.487797188260722679e-05
3.347999999999999865e+00,4.494890521744831911e-05
3.350000000000000089e+00,4.501983855059627388e-05
3.351999999999999869e+00,4.509077188205042026e-05
3.354000000000000092e+00,4.516170521181170691e-05
3.355999999999999872e+00,4.523263853987873116e-05
3.358000000000000096e+00,4.530357186625251622e-05
3.359999999999999876e+00,4.537450519093367873e-05
3.362000000000000099e+00,4.544543851392056528e-05
3.363999999999999879e+00,4.551637183521445659e-05
3.366000000000000103e+00,4.558730515481479022e-05
3.367999999999999883e+00,4.565823847272149164e-05
3.370000000000000107e+00,4.572917178893553663e-05
3.371999999999999886e+00,4.580010510345649150e-05
3.374000000000000110e+00,4.587103841628312976e-05
3.375999999999999890e+00,4.594197172741688119e-05
3.378000000000000114e+00,4.601290503685692587e-05
3.379999999999999893e+00,4.608383834460384656e-05
3.382000000000000117e+00,4.615477165065680299e-05
3.383999999999999897e+00,4.622570495501714366e-05
3.386000000000000121e+00,4.629663825768429934e-05
3.387999999999999901e+00,4.636757155865689446e-05
3.390000000000000124e+00,4.643850485793658920e-05
3.391999999999999904e+00,4.650943815552280758e-05
3.394000000000000128e+00,4.658037145141573934e-05
3.395999999999999908e+00,4.665130474561524217e-05
3.398000000000000131e+00,4.672223803812140417e-05
3.399999999999999911e+00,4.679317132893398817e-05
3.402000000000000135e+00,4.686410461805324488e-05
3.403999999999999915e+00,4.693503790547914043e-05
3.406000000000000139e+00,4.700597119121174936e-05
3.407999999999999918e+00,4.707690447525025173e-05
3.410000000000000142e+00,4.714783775759574531e-05
3.411999999999999922e+00,4.721877103824776930e-05
3.414000000000000146e+00,4.728970431720618819e-05
3.415999999999999925e+00,4.736063759447140176e-05
3.418000000000000149e+00,4.743157087004315931e-05
3.419999999999999929e+00,4.750250414392122365e-05
3.422000000000000153e+00,4.757343741610596072e-05
3.423999999999999932e+00,4.764437068659745859e-05
3.426000000000000156e+00,4.771530395539533103e-05
3.427999999999999936e+00,4.778623722249927309e-05
3.430000000000000160e+00,4.785717048791028768e-05
3.431999999999999940e+00,4.792810375162738544e-05
3.434000000000000163e+00,4.799903701365041054e-05
3.435999999999999943e+00,4.806997027398088085e-05
3.438000000000000167e+00,4.814090353261786802e-05
3.439999999999999947e+00,4.821183678956089094e-05
3.442000000000000171e+00,4.828277004481068823e-05
3.443999999999999950e+00,4.835370329836680587e-05
3.446000000000000174e+00,4.842463655023037549e-05
3.447999999999999954e+00,4.849556980039974370e-05
3.450000000000000178e+00,4.856650304887550002e-05
3.451999999999999957e+00,4.863743629565769866e-05
3.454000000000000181e+00,4.870836954074673944e-05
3.455999999999999961e+00,4.877930278414211411e-05
3.458000000000000185e+00,4.885023602584368717e-05
3.459999999999999964e+00,4.892116926585158058e-05
3.462000000000000188e+00,4.899210250416649907e-05
3.463999999999999968e+00,4.906303574078767693e-05
3.466000000000000192e+00,4.913396897571524290e-05
3.467999999999999972e+00,4.920490220894972554e-05
3.470000000000000195e+00,4.927583544049051498e-05
3.471999999999999975e+00,4.934676867033772641e-05
3.474000000000000199e+00,4.941770189849139372e-05
3.475999999999999979e+00,4.948863512495180829e-05
3.478000000000000203e+00,4.955956834971814341e-05
3.479999999999999982e+00,4.963050157279145618e-05
3.482000000000000206e+00,4.970143479417015418e-05
3.483999999999999986e+00,4.977236801385560622e-05
3.486000000000000210e+00,4.984330123184799524e-05
3.487999999999999989e+00,4.991423444814740935e-05
3.490000000000000213e+00,4.998516766275197830e-05
3.491999999999999993e+00,5.005610087566393147e-05
3.494000000000000217e+00,5.012703408688219144e-05
3.495999999999999996e+00,5.019796729640690729e-05
3.498000000000000220e+00,5.026890050423689317e-05
3.500000000000000000e+00,5.033983371037422939e-05
3.502000000000000224e+00,5.041076691481740485e-05
3.504000000000000004e+00,5.048170011756742922e-05
3.506000000000000227e+00,5.055263331862387558e-05
3.508000000000000007e+00,5.062356651798664907e-05
3.510000000000000231e+00,5.069449971565550574e-05
3.512000000000000011e+00,5.076543291163130618e-05
3.514000000000000234e+00,5.083636610591303395e-05
3.516000000000000014e+00,5.090729929850139378e-05
3.518000000000000238e+00,5.097823248939553864e-05
3.520000000000000018e+00,5.104916567859628168e-05
3.522000000000000242e+00,5.112009886610413111e-05
3.524000000000000021e+00,5.119103205191856518e-05
3.526000000000000245e+00,5.126196523603938736e-05
3.528000000000000025e+00,5.133289841846628594e-05
3.530000000000000249e+00,5.140383159919955909e-05
3.532000000000000028e+00,5.147476477823912549e-05
3.534000000000000252e+00,5.154569795558479540e-05
3.536000000000000032e+00,5.161663113123675178e-05
3.538000000000000256e+00,5.168756430519500818e-05
3.540000000000000036e+00,5.175849747745995085e-05
3.542000000000000259e+00,5.182943064803139006e-05
3.544000000000000039e+00,5.190036381690895989e-05
3.546000000000000263e+00,5.197129698409332440e-05
3.548000000000000043e+00,5.204223014958355526e-05
3.550000000000000266e+00,5.211316331338007937e-05
3.552000000000000046e+00,5.218409647548283574e-05
3.554000000000000270e+00,5.225502963589200733e-05
3.556000000000000050e+00,5.232596279460701138e-05
3.558000000000000274e+00,5.239689595162944031e-05
3.560000000000000053e+00,5.246782910695747809e-05
3.562000000000000277e+00,5.253876226059210727e-05
3.564000000000000057e+00,5.260969541253242662e-05
3.566000000000000281e+00,5.268062856277980492e-05
3.568000000000000060e+00,5.275156171133321898e-05
3.570000000000000284e+00,5.282249485819303470e-05
3.572000000000000064e+00,5.289342800335962479e-05
3.574000000000000288e+00,5.296436114683196602e-05
3.576000000000000068e+00,5.303529428861005840e-05
3.578000000000000291e+00,5.310622742869507422e-05
3.580000000000000071e+00,5.317716056708667467e-05
3.582000000000000295e+00,5.324809370378439218e-05
3.584000000000000075e+00,5.331902683878826063e-05
3.585999999999999854e+00,5.338995997209823938e-05
3.588000000000000078e+00,5.346089310371482985e-05
3.589999999999999858e+00,5.353182623363722569e-05
3.592000000000000082e+00,5.360275936186607062e-05
3.593999999999999861e+00,5.367369248840064637e-05
3.596000000000000085e+00,5.374462561324163735e-05
3.597999999999999865e+00,5.381555873638871828e-05
3.600000000000000089e+00,5.388649185784224831e-05
3.601999999999999869e+00,5.395742497760230876e-05
3.604000000000000092e+00,5.402835809566856082e-05
3.605999999999999872e+00,5.409929121204148559e-05
3.608000000000000096e+00,5.417022432672001920e-05
3.609999999999999876e+00,5.424115743970557113e-05
3.612000000000000099e+00,5.431209055099698940e-05
3.613999999999999879e+00,5.438302366059460604e-05
3.616000000000000103e+00,5.445395676849844817e-05
3.617999999999999883e+00,5.452488987470804145e-05
3.620000000000000107e+00,5.459582297922480889e-05
3.621999999999999886e+00,5.466675608204781537e-05
3.624000000000000110e+00,5.473768918317699990e-05
3.625999999999999890e+00,5.480862228261193557e-05
3.628000000000000114e+00,5.487955538035306285e-05
3.629999999999999893e+00,5.495048847640068666e-05
3.632000000000000117e+00,5.502142157075391255e-05
3.633999999999999897e+00,5.509235466341337747e-05
3.636000000000000121e+00,5.516328775437984036e-05
3.637999999999999901e+00,5.523422084365210184e-05
3.640000000000000124e+00,5.530515393123060913e-05
3.641999999999999904e+00,5.537608701711503698e-05
3.644000000000000128e+00,5.544702010130597491e-05
3.645999999999999908e+00,5.551795318380275208e-05
3.648000000000000131e+00,5.558888626460613421e-05
3.649999999999999911e+00,5.565981934371548432e-05
3.652000000000000135e+00,5.573075242113098538e-05
3.653999999999999915e+00,5.580168549685315916e-05
3.656000000000000139e+00,5.587261857088073172e-05
3.657999999999999918e+00,5.594355164321517351e-05
3.660000000000000142e+00,5.601448471385605084e-05
3.661999999999999922e+00,5.608541778280220499e-05
3.664000000000000146e+00,5.615635085005455074e-05
3.665999999999999925e+00,5.622728391561300000e-05
3.668000000000000149e+00,5.629821697947733593e-05
3.669999999999999929e+00,5.636915004164829037e-05
3.672000000000000153e+00,5.644008310212544319e-05
3.673999999999999932e+00,5.651101616090882149e-05
3.676000000000000156e+00,5.658194921799757147e-05
3.677999999999999936e+00,5.665288227339367857e-05
3.680000000000000160e+00,5.672381532709578754e-05
3.681999999999999940e+00,5.679474837910427785e-05
3.684000000000000163e+00,5.686568142941822793e-05
3.685999999999999943e+00,5.693661447803811888e-05
3.688000000000000167e+00,5.700754752496384908e-05
3.689999999999999947e+00,5.707848057019581153e-05
3.692000000000000171e+00,5.714941361373430441e-05
3.693999999999999950e+00,5.722034665557812152e-05
3.696000000000000174e+00,5.729127969572885530e-05
3.697999999999999954e+00,5.736221273418593654e-05
3.700000000000000178e+00,5.743314577094883668e-05
3.701999999999999957e+00,5.750407880601727113e-05
3.704000000000000181e+00,5.757501183939238508e-05
3.705999999999999961e+00,5.764594487107339924e-05
3.708000000000000185e+00,5.771687790106063890e-05
3.709999999999999964e+00,5.778781092935433443e-05
3.712000000000000188e+00,5.785874395595325256e-05
3.713999999999999968e+00,5.792967698085906025e-05
3.716000000000000192e+00,5.800061000407095112e-05
3.717999999999999972e+00,5.807154302558904715e-05
3.720000000000000195e+00,5.814247604541311116e-05
3.721999999999999975e+00,5.821340906354279080e-05
3.724000000000000199e+00,5.828434207997769303e-05
3.725999999999999979e+00,5.835527509472016245e-05
3.728000000000000203e+00,5.842620810776866084e-05
3.729999999999999982e+00,5.849714111912274775e-05
3.732000000000000206e+00,5.856807412878253837e-05
3.733999999999999986e+00,5.863900713674893394e-05
3.736000000000000210e+00,5.870994014302121619e-05
3.737999999999999989e+00,5.878087314759950708e-05
3.740000000000000213e+00,5.885180615048415221e-05
3.741999999999999993e+00,5.892273915167414868e-05
3.744000000000000217e+00,5.899367215117066202e-05
3.745999999999999996e+00,5.906460514897291295e-05
3.748000000000000220e+00,5.913553814508145035e-05
3.750000000000000000e+00,5.920647113949569146e-05
3.752000000000000224e+00,5.927740413221599543e-05
3.754000000000000004e+00,5.934833712324217930e-05
3.756000000000000227e+00,5.941927011257452088e-05
3.758000000000000007e+00,5.949020310021234934e-05
3.760000000000000231e+00,5.956113608615712834e-05
3.762000000000000011e+00,5.963206907040691311e-05
3.764000000000000234e+00,5.970300205296331637e-05
3.766000000000000014e+00,5.977393503382557243e-05
3.768000000000000238e+00,5.984486801299425727e-05
3.770000000000000018e+00,5.991580099046938442e-05
3.772000000000000242e+00,5.998673396624930727e-05
3.774000000000000021e+00,6.005766694033585541e-05
3.776000000000000245e+00,6.012859991272800561e-05
3.778000000000000025e+00,6.019953288342703860e-05
3.780000000000000249e+00,6.027046585243198536e-05
3.782000000000000028e+00,6.034139881974256130e-05
3.784000000000000252e+00,6.041233178535888838e-05
3.786000000000000032e+00,6.048326474928123088e-05
3.788000000000000256e+00,6.055419771150933808e-05
3.790000000000000036e+00,6.062513067204396215e-05
3.792000000000000259e+00,6.069606363088389013e-05
3.794000000000000039e+00,6.076699658803038240e-05
3.796000000000000263e+00,6.083792954348268681e-05
3.798000000000000043e+00,6.090886249724084401e-05
3.800000000000000266e+00,6.097979544930500986e-05
3.802000000000000046e+00,6.105072839967485231e-05
3.804000000000000270e+00,6.112166134835098801e-05
3.806000000000000050e+00,6.119259429533301716e-05
3.808000000000000274e+00,6.126352724062125146e-05
3.810000000000000053e+00,6.133446018421563671e-05
3.812000000000000277e+00,6.140539312611601028e-05
3.814000000000000057e+00,6.147632606632155901e-05
3.816000000000000281e+00,6.154725900483332644e-05
3.818000000000000060e+00,6.161819194165077049e-05
3.820000000000000284e+00,6.168912487677422995e-05
3.822000000000000064e+00,6.176005781020339313e-05
3.824000000000000288e+00,6.183099074193858528e-05
3.826000000000000068e+00,6.190192367197980641e-05
3.828000000000000291e+00,6.197285660032707006e-05
3.830000000000000071e+00,6.204378952698007808e-05
3.832000000000000295e+00,6.211472245193996888e-05
3.834000000000000075e+00,6.218565537520485866e-05
3.836000000000000298e+00,6.225658829677543861e-05
3.838000000000000078e+00,6.232752121665169516e-05
3.839999999999999858e+00,6.239845413483364187e-05
3.842000000000000082e+00,6.246938705132214610e-05
3.843999999999999861e+00,6.254031996611624563e-05
3.846000000000000085e+00,6.261125287921633347e-05
3.847999999999999865e+00,6.268218579062266713e-05
3.850000000000000089e+00,6.275311870033484002e-05
3.851999999999999869e+00,6.282405160835206610e-05
3.854000000000000092e+00,6.289498451467602589e-05
3.855999999999999872e+00,6.296591741930535058e-05
3.858000000000000096e+00,6.303685032224018924e-05
3.859999999999999876e+00,6.310778322348063675e-05
3.862000000000000099e+00,6.317871612302773665e-05
3.863999999999999879e+00,6.324964902088017434e-05
3.866000000000000103e+00,6.332058191703853259e-05
3.867999999999999883e+00,6.339151481150329928e-05
3.870000000000000107e+00,6.346244770427381034e-05
3.871999999999999886e+00,6.353338059535002511e-05
3.874000000000000110e+00,6.360431348473249925e-05
3.875999999999999890e+00,6.367524637242028408e-05
3.878000000000000114e+00,6.374617925841266131e-05
3.879999999999999893e+00,6.381711214271192133e-05
3.882000000000000117e+00,6.388804502531721032e-05
3.883999999999999897e+00,6.395897790622805394e-05
3.886000000000000121e+00,6.402991078544492654e-05
3.887999999999999901e+00,6.410084366296761127e-05
3.890000000000000124e+00,6.417177653879629787e-05
3.891999999999999904e+00,6.424270941293074239e-05
3.894000000000000128e+00,6.431364228537033497e-05
3.895999999999999908e+00,6.438457515611610560e-05
3.898000000000000131e+00,6.445550802516801362e-05
3.899999999999999911e+00,6.452644089252570667e-05
3.902000000000000135e+00,6.459737375818911699e-05
3.903999999999999915e+00,6.466830662215802773e-05
3.906000000000000139e+00,6.473923948443326560e-05
3.907999999999999918e+00,6.481017234501465442e-05
3.910000000000000142e+00,6.488110520390075761e-05
3.911999999999999922e+00,6.495203806109274070e-05
3.914000000000000146e+00,6.502297091659128131e-05
3.915999999999999925e+00,6.509390377039494288e-05
3.918000000000000149e+00,6.516483662250418618e-05
3.919999999999999929e+00,6.523576947291987859e-05
3.922000000000000153e+00,6.530670232164085458e-05
3.923999999999999932e+00,6.537763516866791375e-05
3.926000000000000156e+00,6.544856801400050046e-05
3.927999999999999936e+00,6.551950085763811325e-05
3.930000000000000160e+00,6.559043369958266303e-05
3.931999999999999940e+00,6.566136653983252350e-05
3.934000000000000163e+00,6.573229937838819610e-05
3.935999999999999943e+00,6.580323221524904387e-05
3.938000000000000167e+00,6.587416505041589351e-05
3.939999999999999947e+00,6.594509788388860949e-05
3.942000000000000171e+00,6.601603071566685299e-05
3.943999999999999950e+00,6.608696354575149139e-05
3.946000000000000174e+00,6.615789637414214522e-05
3.947999999999999954e+00,6.622882920083733723e-05
3.950000000000000178e+00,6.629976202583888348e-05
3.951999999999999957e+00,6.637069484914484595e-05
3.954000000000000181e+00,6.644162767075792160e-05
3.955999999999999961e+00,6.651256049067668741e-05
3.958000000000000185e+00,6.658349330890102140e-05
3.959999999999999964e+00,6.665442612543128950e-05
3.962000000000000188e+00,6.672535894026644817e-05
3.963999999999999968e+00,6.679629175340721567e-05
3.966000000000000192e+00,6.686722456485398505e-05
3.967999999999999972e+00,6.693815737460667497e-05
3.970000000000000195e+00,6.700909018266501440e-05
3.971999999999999975e+00,6.708002298902863742e-05
3.974000000000000199e+00,6.715095579369792349e-05
3.975999999999999979e+00,6.722188859667336050e-05
3.978000000000000203e+00,6.729282139795418952e-05
3.979999999999999982e+00,6.736375419754131856e-05
3.982000000000000206e+00,6.743468699543329751e-05
3.983999999999999986e+00,6.750561979163163069e-05
3.986000000000000210e+00,6.757655258613523390e-05
3.987999999999999989e+00,6.764748537894447306e-05
3.990000000000000213e+00,6.771841817005971409e-05
3.991999999999999993e+00,6.778935095947994055e-05
3.994000000000000217e+00,6.786028374720612822e-05
3.995999999999999996e+00,6.793121653323766723e-05
3.998000000000000220e+00,6.800214931757546561e-05
4.000000000000000000e+00,6.807308210021907613e-05
4.001999999999999780e+00,6.814401488116769918e-05
4.004000000000000448e+00,6.821494766042202594e-05
4.006000000000000227e+00,6.828588043798206996e-05
4.008000000000000007e+00,6.835681321384784481e-05
4.009999999999999787e+00,6.842774598801944534e-05
4.012000000000000455e+00,6.849867876049635655e-05
4.014000000000000234e+00,6.856961153127883596e-05
4.016000000000000014e+00,6.864054430036696487e-05
4.017999999999999794e+00,6.871147706776062130e-05
4.020000000000000462e+00,6.878240983345935804e-05
4.022000000000000242e+00,6.885334259746453032e-05
4.024000000000000021e+00,6.892427535977563671e-05
4.025999999999999801e+00,6.899520812039186405e-05
4.028000000000000469e+00,6.906614087931353761e-05
4.030000000000000249e+00,6.913707363654091487e-05
4.032000000000000028e+00,6.920800639207387388e-05
4.033999999999999808e+00,6.927893914591150661e-05
4.036000000000000476e+00,6.934987189805548002e-05
4.038000000000000256e+00,6.942080464850542820e-05
4.040000000000000036e+00,6.949173739726078193e-05
4.041999999999999815e+00,6.956267014432159542e-05
4.044000000000000483e+00,6.963360288968815329e-05
4.046000000000000263e+00,6.970453563335975080e-05
4.048000000000000043e+00,6.977546837533745859e-05
4.049999999999999822e+00,6.984640111562028734e-05
4.052000000000000490e+00,6.991733385420829125e-05
4.054000000000000270e+00,6.998826659110235124e-05
4.056000000000000050e+00,7.005919932630212850e-05
4.057999999999999829e+00,7.013013205980816512e-05
4.060000000000000497e+00,7.020106479161875349e-05
4.062000000000000277e+00,7.027199752173508623e-05
4.064000000000000057e+00,7.034293025015714979e-05
4.065999999999999837e+00,7.041386297688479508e-05
4.068000000000000504e+00,7.048479570191733094e-05
4.070000000000000284e+00,7.055572842525638367e-05
4.072000000000000064e+00,7.062666114689975774e-05
4.073999999999999844e+00,7.069759386684916079e-05
4.076000000000000512e+00,7.076852658510376611e-05
4.078000000000000291e+00,7.083945930166357370e-05
4.080000000000000071e+00,7.091039201652954579e-05
4.081999999999999851e+00,7.098132472970128935e-05
4.084000000000000519e+00,7.105225744117857399e-05
4.086000000000000298e+00,7.112319015096106090e-05
4.088000000000000078e+00,7.119412285904950903e-05
4.089999999999999858e+00,7.126505556544328139e-05
4.092000000000000526e+00,7.133598827014187656e-05
4.094000000000000306e+00,7.140692097314651425e-05
4.096000000000000085e+00,7.147785367445661170e-05
4.097999999999999865e+00,7.154878637407268392e-05
4.099999999999999645e+00,7.161971907199344341e-05
4.102000000000000313e+00,7.169065176821986596e-05
4.104000000000000092e+00,7.176158446275191091e-05
4.105999999999999872e+00,7.183251715558982219e-05
4.107999999999999652e+00,7.190344984673277312e-05
4.110000000000000320e+00,7.197438253618085855e-05
4.112000000000000099e+00,7.204531522393457994e-05
4.113999999999999879e+00,7.211624790999347648e-05
4.115999999999999659e+00,7.218718059435837490e-05
4.118000000000000327e+00,7.225811327702770309e-05
4.120000000000000107e+00,7.232904595800297893e-05
4.121999999999999886e+00,7.239997863728376876e-05
4.123999999999999666e+00,7.247091131487011322e-05
4.126000000000000334e+00,7.254184399076122627e-05
4.128000000000000114e+00,7.261277666495919499e-05
4.129999999999999893e+00,7.268370933746185099e-05
4.131999999999999673e+00,7.275464200827076635e-05
4.134000000000000341e+00,7.282557467738421991e-05
4.136000000000000121e+00,7.289650734480389218e-05
4.137999999999999901e+00,7.296744001052844146e-05
4.139999999999999680e+00,7.303837267455732564e-05
4.142000000000000348e+00,7.310930533689245564e-05
4.144000000000000128e+00,7.318023799753296409e-05
4.145999999999999908e+00,7.325117065647889164e-05
4.147999999999999687e+00,7.332210331373042805e-05
4.150000000000000355e+00,7.339303596928776303e-05
4.152000000000000135e+00,7.346396862315062554e-05
4.153999999999999915e+00,7.353490127531875809e-05
4.155999999999999694e+00,7.360583392579195738e-05
4.158000000000000362e+00,7.367676657457006078e-05
4.160000000000000142e+00,7.374769922165378658e-05
4.161999999999999922e+00,7.381863186704270110e-05
4.163999999999999702e+00,7.388956451073778011e-05
4.166000000000000369e+00,7.396049715273798008e-05
4.168000000000000149e+00,7.403142979304437165e-05
4.169999999999999929e+00,7.410236243165469155e-05
4.171999999999999709e+00,7.417329506857071517e-05
4.174000000000000377e+00,7.424422770379248315e-05
4.176000000000000156e+00,7.431516033731839631e-05
4.177999999999999936e+00,7.438609296915082633e-05
4.179999999999999716e+00,7.445702559928848573e-05
4.182000000000000384e+00,7.452795822773090016e-05
4.184000000000000163e+00,7.459889085447937067e-05
4.185999999999999943e+00,7.466982347953255556e-05
4.187999999999999723e+00,7.474075610289181008e-05
4.190000000000000391e+00,7.481168872455614489e-05
4.192000000000000171e+00,7.488262134452570908e-05
4.193999999999999950e+00,7.495355396280076014e-05
4.195999999999999730e+00,7.502448657937979375e-05
4.198000000000000398e+00,7.509541919426576434e-05
4.200000000000000178e+00,7.516635180745648997e-05
4.201999999999999957e+00,7.523728441895271603e-05
4.203999999999999737e+00,7.530821702875432054e-05
4.206000000000000405e+00,7.537914963686152034e-05
4.208000000000000185e+00,7.545008224327350228e-05
4.209999999999999964e+00,7.552101484799130990e-05
4.211999999999999744e+00,7.559194745101450953e-05
4.214000000000000412e+00,7.566288005234254551e-05
4.216000000000000192e+00,7.573381265197651560e-05
4.217999999999999972e+00,7.580474524991521362e-05
4.219999999999999751e+00,7.587567784615945271e-05
4.222000000000000419e+00,7.594661044070806738e-05
4.224000000000000199e+00,7.601754303356246707e-05
4.225999999999999979e+00,7.608847562472217745e-05
4.227999999999999758e+00,7.615940821418774062e-05
4.230000000000000426e+00,7.623034080195843830e-05
4.232000000000000206e+00,7.630127338803413496e-05
4.233999999999999986e+00,7.637220597241512875e-05
4.235999999999999766e+00,7.644313855510178560e-05
4.238000000000000433e+00,7.651407113609327881e-05
4.240000000000000213e+00,7.658500371538989296e-05
4.241999999999999993e+00,7.665593629299181780e-05
4.243999999999999773e+00,7.672686886889899913e-05
4.246000000000000441e+00,7.679780144311139627e-05
4.248000000000000220e+00,7.686873401562906345e-05
4.250000000000000000e+00,7.693966658645172961e-05
4.251999999999999780e+00,7.701059915557989619e-05
4.254000000000000448e+00,7.708153172301345478e-05
4.256000000000000227e+00,7.715246428875244603e-05
4.258000000000000007e+00,7.722339685279527074e-05
4.259999999999999787e+00,7.729432941514427350e-05
4.262000000000000455e+00,7.736526197579868182e-05
4.264000000000000234e+00,7.743619453475818399e-05
4.266000000000000014e+00,7.750712709202395908e-05
4.267999999999999794e+00,7.757805964759415039e-05
4.270000000000000462e+00,7.764899220146912384e-05
4.272000000000000242e+00,7.771992475365041087e-05
4.274000000000000021e+00,7.779085730413645293e-05
4.275999999999999801e+00,7.786178985292631491e-05
4.278000000000000469e+00,7.793272240002246335e-05
4.280000000000000249e+00,7.800365494542373275e-05
4.282000000000000028e+00,7.807458748913035350e-05
4.283999999999999808e+00,7.814552003114208164e-05
4.286000000000000476e+00,7.821645257145912048e-05
4.288000000000000256e+00,7.828738511008125317e-05
4.290000000000000036e+00,7.835831764700830352e-05
4.291999999999999815e+00,7.842925018224086785e-05
4.294000000000000483e+00,7.850018271577904102e-05
4.296000000000000263e+00,7.857111524762161686e-05
4.298000000000000043e+00,7.864204777776959826e-05
4.299999999999999822e+00,7.871298030622237536e-05
4.302000000000000490e+00,7.878391283298050380e-05
4.304000000000000270e+00,7.885484535804378030e-05
4.306000000000000050e+00,7.892577788141295024e-05
4.307999999999999829e+00,7.899671040308732246e-05
4.310000000000000497e+00,7.906764292306607024e-05
4.312000000000000277e+00,7.913857544135022358e-05
4.314000000000000057e+00,7.920950795793911840e-05
4.315999999999999837e+00,7.928044047283335101e-05
4.318000000000000504e+00,7.935137298603313826e-05
4.320000000000000284e+00,7.942230549753754503e-05
4.322000000000000064e+00,7.949323800734704563e-05
4.323999999999999844e+00,7.956417051546173496e-05
4.326000000000000512e+00,7.963510302188145037e-05
4.328000000000000291e+00,7.970603552660677463e-05
4.330000000000000071e+00,7.977696802963655577e-05
4.331999999999999851e+00,7.984790053097208127e-05
4.334000000000000519e+00,7.991883303061259221e-05
4.336000000000000298e+00,7.998976552855822410e-05
4.338000000000000078e+00,8.006069802480889563e-05
4.339999999999999858e+00,8.013163051936495916e-05
4.342000000000000526e+00,8.020256301222562865e-05
4.344000000000000306e+00,8.027349550339209672e-05
4.346000000000000085e+00,8.034442799286379416e-05
4.347999999999999865e+00,8.041536048063998915e-05
4.350000000000000533e+00,8.048629296672103403e-05
4.352000000000000313e+00,8.055722545110738961e-05
4.354000000000000092e+00,8.062815793379832403e-05
4.355999999999999872e+00,8.069909041479516546e-05
4.357999999999999652e+00,8.077002289409662640e-05
4.360000000000000320e+00,8.084095537170331671e-05
4.362000000000000099e+00,8.091188784761580560e-05
4.363999999999999879e+00,8.098282032183161297e-05
4.365999999999999659e+00,8.105375279435377456e-05
4.368000000000000327e+00,8.112468526518078606e-05
4.370000000000000107e+00,8.119561773431255259e-05
4.371999999999999886e+00,8.126655020174946718e-05
4.373999999999999666e+00,8.133748266749201772e-05
4.376000000000000334e+00,8.140841513153909291e-05
4.378000000000000114e+00,8.147934759389185825e-05
4.379999999999999893e+00,8.155028005454996139e-05
4.381999999999999673e+00,8.162121251351199286e-05
4.384000000000000341e+00,8.169214497077926726e-05
4.386000000000000121e+00,8.176307742635182524e-05
4.387999999999999901e+00,8.183400988022943641e-05
4.389999999999999680e+00,8.190494233241176196e-05
4.392000000000000348e+00,8.197587478289899163e-05
4.394000000000000128e+00,8.204680723169184369e-05
4.395999999999999908e+00,8.211773967879015552e-05
4.397999999999999687e+00,8.218867212419211107e-05
4.400000000000000355e+00,8.225960456790032600e-05
4.402000000000000135e+00,8.233053700991284872e-05
4.403999999999999915e+00,8.240146945023046530e-05
4.405999999999999694e+00,8.247240188885328414e-05
4.408000000000000362e+00,8.254333432578037013e-05
4.410000000000000142e+00,8.261426676101393232e-05
4.411999999999999922e+00,8.268519919455109759e-05
4.413999999999999702e+00,8.275613162639355999e-05
4.416000000000000369e+00,8.282706405654100782e-05
4.418000000000000149e+00,8.289799648499422712e-05
4.419999999999999929e+00,8.296892891175117147e-05
4.421999999999999709e+00,8.303986133681362980e-05
4.424000000000000377e+00,8.311079376018112776e-05
4.426000000000000156e+00,8.318172618185327234e-05
4.427999999999999936e+00,8.325265860183009064e-05
4.429999999999999716e+00,8.332359102011268042e-05
4.432000000000000384e+00,8.339452343670040470e-05
4.434000000000000163e+00,8.346545585159315507e-05
4.435999999999999943e+00,8.353638826479025390e-05
4.437999999999999723e+00,8.360732067629271763e-05
4.440000000000000391e+00,8.367825308609993639e-05
4.442000000000000171e+00,8.374918549421209992e-05
4.443999999999999950e+00,8.382011790062912691e-05
4.445999999999999730e+00,8.389105030535130196e-05
4.448000000000000398e+00,8.396198270837817784e-05
4.450000000000000178e+00,8.403291510970995783e-05
4.451999999999999957e+00,8.410384750934641154e-05
4.453999999999999737e+00,8.417477990728874514e-05
4.456000000000000405e+00,8.424571230353561694e-05
4.458000000000000185e+00,8.431664469808736575e-05
4.459999999999999964e+00,8.438757709094335459e-05
4.461999999999999744e+00,8.445850948210552149e-05
4.464000000000000412e+00,8.452944187157187422e-05
4.466000000000000192e+00,8.460037425934292777e-05
4.467999999999999972e+00,8.467130664541887188e-05
4.469999999999999751e+00,8.474223902980087208e-05
4.472000000000000419e+00,8.481317141248711231e-05
4.474000000000000199e+00,8.488410379347782297e-05
4.475999999999999979e+00,8.495503617277320736e-05
4.477999999999999758e+00,8.502596855037357717e-05
4.480000000000000426e+00,8.509690092627912215e-05
4.482000000000000206e+00,8.516783330049015400e-05
4.483999999999999986e+00,8.523876567300501931e-05
4.485999999999999766e+00,8.530969804382558834e-05
4.488000000000000433e+00,8.538063041295011280e-05
4.490000000000000213e+00,8.545156278037963624e-05
4.491999999999999993e+00,8.552249514611501248e-05
4.493999999999999773e+00,8.559342751015488625e-05
4.496000000000000441e+00,8.566435987249950150e-05
4.498000000000000220e+00,8.573529223314907508e-05
4.500000000000000000e+00,8.580622459210313264e-05
4.501999999999999780e+00,8.587715694936202656e-05
4.504000000000000448e+00,8.594808930492612274e-05
4.506000000000000227e+00,8.601902165879471646e-05
4.508000000000000007e+00,8.608995401096836337e-05
4.509999999999999787e+00,8.616088636144730742e-05
4.512000000000000455e+00,8.623181871023066769e-05
4.514000000000000234e+00,8.630275105731875589e-05
4.516000000000000014e+00,8.637368340271145005e-05
4.517999999999999794e+00,8.644461574640975306e-05
4.520000000000000462e+00,8.651554808841236386e-05
4.522000000000000242e+00,8.658648042871996010e-05
4.524000000000000021e+00,8.665741276733220295e-05
4.525999999999999801e+00,8.672834510424845544e-05
4.528000000000000469e+00,8.679927743947091310e-05
4.530000000000000249e+00,8.687020977299740750e-05
4.532000000000000028e+00,8.694114210482880602e-05
4.533999999999999808e+00,8.701207443496588115e-05
4.536000000000000476e+00,8.708300676340708789e-05
4.538000000000000256e+00,8.715393909015287349e-05
4.540000000000000036e+00,8.722487141520387491e-05
4.541999999999999815e+00,8.729580373855923834e-05
4.544000000000000483e+00,8.736673606021969562e-05
4.546000000000000263e+00,8.743766838018474531e-05
4.548000000000000043e+00,8.750860069845449582e-05
4.549999999999999822e+00,8.757953301502893360e-05
4.552000000000000490e+00,8.765046532990832971e-05
4.554000000000000270e+00,8.772139764309352440e-05
4.556000000000000050e+00,8.779232995458230860e-05
4.557999999999999829e+00,8.786326226437632218e-05
4.560000000000000497e+00,8.793419457247499593e-05
4.562000000000000277e+00,8.800512687887835695e-05
4.564000000000000057e+00,8.807605918358673051e-05
4.565999999999999837e+00,8.814699148659937121e-05
4.568000000000000504e+00,8.821792378791679405e-05
4.570000000000000284e+00,8.828885608753905324e-05
4.572000000000000064e+00,8.835978838546599970e-05
4.573999999999999844e+00,8.843072068169840593e-05
4.576000000000000512e+00,8.850165297623494378e-05
4.578000000000000291e+00,8.857258526907625022e-05
4.580000000000000071e+00,8.864351756022185091e-05
4.581999999999999851e+00,8.871444984967297913e-05
4.584000000000000519e+00,8.878538213742869975e-05
4.586000000000000298e+00,8.885631442348874173e-05
4.588000000000000078e+00,8.892724670785359295e-05
4.589999999999999858e+00,8.899817899052245383e-05
4.592000000000000526e+00,8.906911127149658473e-05
4.594000000000000306e+00,8.914004355077621605e-05
4.596000000000000085e+00,8.921097582835997900e-05
4.597999999999999865e+00,8.928190810424872738e-05
4.600000000000000533e+00,8.935284037844256960e-05
4.602000000000000313e+00,8.942377265093977095e-05
4.604000000000000092e+00,8.949470492174206615e-05
4.605999999999999872e+00,8.956563719084906217e-05
4.608000000000000540e+00,8.963656945826082678e-05
4.610000000000000320e+00,8.970750172397761748e-05
4.612000000000000099e+00,8.977843398799878374e-05
4.613999999999999879e+00,8.984936625032454241e-05
4.615999999999999659e+00,8.992029851095523229e-05
4.618000000000000327e+00,8.999123076989016222e-05
4.620000000000000107e+00,9.006216302712998271e-05
4.621999999999999886e+00,9.013309528267390771e-05
4.623999999999999666e+00,9.020402753652342800e-05
4.626000000000000334e+00,9.027495978867716123e-05
4.628000000000000114e+00,9.034589203913558173e-05
4.629999999999999893e+00,9.041682428789905542e-05
4.631999999999999673e+00,9.048775653496689113e-05
4.634000000000000341e+00,9.055868878033889911e-05
4.636000000000000121e+00,9.062962102401680054e-05
4.637999999999999901e+00,9.070055326599872516e-05
4.639999999999999680e+00,9.077148550628505246e-05
4.642000000000000348e+00,9.084241774487652782e-05
4.644000000000000128e+00,9.091334998177201282e-05
4.645999999999999908e+00,9.098428221697256457e-05
4.647999999999999687e+00,9.105521445047734281e-05
4.650000000000000355e+00,9.112614668228722844e-05
4.652000000000000135e+00,9.119707891240115083e-05
4.653999999999999915e+00,9.126801114082003154e-05
4.655999999999999694e+00,9.133894336754359953e-05
4.658000000000000362e+00,9.140987559257147531e-05
4.660000000000000142e+00,9.148080781590448561e-05
4.661999999999999922e+00,9.155174003754221028e-05
4.663999999999999702e+00,9.162267225748389038e-05
4.666000000000000369e+00,9.169360447572993250e-05
4.668000000000000149e+00,9.176453669228075676e-05
4.669999999999999929e+00,9.183546890713698658e-05
4.671999999999999709e+00,9.190640112029734802e-05
4.674000000000000377e+00,9.197733333176247804e-05
4.676000000000000156e+00,9.204826554153218692e-05
4.677999999999999936e+00,9.211919774960612229e-05
4.679999999999999716e+00,9.219012995598454164e-05
4.682000000000000384e+00,9.226106216066833944e-05
4.684000000000000163e+00,9.233199436365609268e-05
4.685999999999999943e+00,9.240292656494853319e-05
4.687999999999999723e+00,9.247385876454583716e-05
4.690000000000000391e+00,9.254479096244751669e-05
4.692000000000000171e+00,9.261572315865362599e-05
4.693999999999999950e+00,9.268665535316461231e-05
4.695999999999999730e+00,9.275758754597987932e-05
4.698000000000000398e+00,9.282851973709929151e-05
4.700000000000000178e+00,9.289945192652387885e-05
4.701999999999999957e+00,9.297038411425262493e-05
4.703999999999999737e+00,9.304131630028612604e-05
4.706000000000000405e+00,9.311224848462396205e-05
4.708000000000000185e+00,9.318318066726649889e-05
4.709999999999999964e+00,9.325411284821400761e-05
4.711999999999999744e+00,9.332504502746461796e-05
4.714000000000000412e+00,9.339597720502085070e-05
4.716000000000000192e+00,9.346690938088173006e-05
4.717999999999999972e+00,9.353784155504651064e-05
4.719999999999999751e+00,9.360877372751633086e-05
4.722000000000000419e+00,9.367970589829063507e-05
4.724000000000000199e+00,9.375063806736846103e-05
4.725999999999999979e+00,9.382157023475190939e-05
4.727999999999999758e+00,9.389250240043950293e-05
4.730000000000000426e+00,9.396343456443177018e-05
4.732000000000000206e+00,9.403436672672861628e-05
4.733999999999999986e+00,9.410529888732955335e-05
4.735999999999999766e+00,9.417623104623546230e-05
4.738000000000000433e+00,9.424716320344531312e-05
4.740000000000000213e+00,9.431809535895987833e-05
4.741999999999999993e+00,9.438902751277885976e-05
4.743999999999999773e+00,9.445995966490248780e-05
4.746000000000000441e+00,9.453089181532971892e-05
4.748000000000000220e+00,9.460182396406186770e-05
4.750000000000000000e+00,9.467275611109860888e-05
4.751999999999999780e+00,9.474368825643960366e-05
4.754000000000000448e+00,9.481462040008539413e-05
4.756000000000000227e+00,9.488555254203583122e-05
4.758000000000000007e+00,9.495648468229049479e-05
4.759999999999999787e+00,9.502741682084946617e-05
4.762000000000000455e+00,9.509834895771302995e-05
4.764000000000000234e+00,9.516928109288052206e-05
4.766000000000000014e+00,9.524021322635347394e-05
4.767999999999999794e+00,9.531114535813038126e-05
4.770000000000000462e+00,9.538207748821156927e-05
4.772000000000000242e+00,9.545300961659724127e-05
4.774000000000000021e+00,9.552394174328749212e-05
4.775999999999999801e+00,9.559487386828196946e-05
4.778000000000000469e+00,9.566580599158129670e-05
4.780000000000000249e+00,9.573673811318497240e-05
4.782000000000000028e+00,9.580767023309286104e-05
4.783999999999999808e+00,9.587860235130564023e-05
4.786000000000000476e+00,9.594953446782251039e-05
4.788000000000000256e+00,9.602046658264234665e-05
4.790000000000000036e+00,9.609139869576719545e-05
4.791999999999999815e+00,9.616233080719754466e-05
4.794000000000000483e+00,9.623326291693106327e-05
4.796000000000000263e+00,9.630419502496987902e-05
4.798000000000000043e+00,9.637512713131286704e-05
4.799999999999999822e+00,9.644605923596023063e-05
4.802000000000000490e+00,9.651699133891182070e-05
4.804000000000000270e+00,9.658792344016805739e-05
4.806000000000000050e+00,9.665885553972892715e-05
4.807999999999999829e+00,9.672978763759311537e-05
4.810000000000000497e+00,9.680071973376213994e-05
4.812000000000000277e+00,9.687165182823625836e-05
4.814000000000000057e+00,9.694258392101403406e-05
4.815999999999999837e+00,9.701351601209694427e-05
4.818000000000000504e+00,9.708444810148318649e-05
4.820000000000000284e+00,9.715538018917427862e-05
4.822000000000000064e+00,9.722631227516971922e-05
4.823999999999999844e+00,9.729724435946934564e-05
4.826000000000000512e+00,9.736817644207334762e-05
4.828000000000000291e+00,9.743910852298171162e-05
4.830000000000000071e+00,9.751004060219447829e-05
4.831999999999999851e+00,9.758097267971156631e-05
4.834000000000000519e+00,9.765190475553327384e-05
4.836000000000000298e+00,9.772283682965932983e-05
4.838000000000000078e+00,9.779376890208935481e-05
4.839999999999999858e+00,9.786470097282370115e-05
4.842000000000000526e+00,9.793563304186266700e-05
4.844000000000000306e+00,9.800656510920598130e-05
4.846000000000000085e+00,9.807749717485365762e-05
4.847999999999999865e+00,9.814842923880523517e-05
4.850000000000000533e+00,9.821936130106128315e-05
4.852000000000000313e+00,9.829029336162135432e-05
4.854000000000000092e+00,9.836122542048635672e-05
4.855999999999999872e+00,9.843215747765539586e-05
4.858000000000000540e+00,9.850308953312870216e-05
4.860000000000000320e+00,9.857402158690628914e-05
4.862000000000000099e+00,9.864495363898822459e-05
4.863999999999999879e+00,9.871588568937383088e-05
4.865999999999999659e+00,9.878681773806381272e-05
4.868000000000000327e+00,9.885774978505879355e-05
4.870000000000000107e+00,9.892868183035814994e-05
4.871999999999999886e+00,9.899961387396158375e-05
4.873999999999999666e+00,9.907054591586914917e-05
4.876000000000000334e+00,9.914147795608084621e-05
4.878000000000000114e+00,9.921240999459723052e-05
4.879999999999999893e+00,9.928334203141747541e-05
4.881999999999999673e+00,9.935427406654212296e-05
4.884000000000000341e+00,9.942520609997114608e-05
4.886000000000000121e+00,9.949613813170421950e-05
4.887999999999999901e+00,9.956707016174176335e-05
4.889999999999999680e+00,9.963800219008333041e-05
4.892000000000000348e+00,9.970893421672957118e-05
4.894000000000000128e+00,9.977986624167959121e-05
4.895999999999999908e+00,9.985079826493332273e-05
4.897999999999999687e+00,9.992173028649156533e-05
4.900000000000000355e+00,9.999266230635445456e-05
4.902000000000000135e+00,1.000635943245213941e-04
4.903999999999999915e+00,1.001345263409924923e-04
4.905999999999999694e+00,1.002054583557680339e-04
4.908000000000000362e+00,1.002763903688481001e-04
4.910000000000000142e+00,1.003473223802324064e-04
4.911999999999999922e+00,1.004182543899198821e-04
4.913999999999999702e+00,1.004891863979129395e-04
4.916000000000000369e+00,1.005601184042093018e-04
4.918000000000000149e+00,1.006310504088104462e-04
4.919999999999999929e+00,1.007019824117160204e-04
4.921999999999999709e+00,1.007729144129250758e-04
4.924000000000000377e+00,1.008438464124392249e-04
4.926000000000000156e+00,1.009147784102574379e-04
4.927999999999999936e+00,1.009857104063794573e-04
4.929999999999999716e+00,1.010566424008049849e-04
4.932000000000000384e+00,1.011275743935351727e-04
4.934000000000000163e+00,1.011985063845699935e-04
4.935999999999999943e+00,1.012694383739081599e-04
4.937999999999999723e+00,1.013403703615510813e-04
4.940000000000000391e+00,1.014113023474985274e-04
4.942000000000000171e+00,1.014822343317496172e-04
4.943999999999999950e+00,1.015531663143049741e-04
4.945999999999999730e+00,1.016240982951642865e-04
4.948000000000000398e+00,1.016950302743277441e-04
4.950000000000000178e+00,1.017659622517949131e-04
4.951999999999999957e+00,1.018368942275668643e-04
4.953999999999999737e+00,1.019078262016431233e-04
4.956000000000000405e+00,1.019787581740232428e-04
4.958000000000000185e+00,1.020496901447077651e-04
4.959999999999999964e+00,1.021206221136961614e-04
4.961999999999999744e+00,1.021915540809886894e-04
4.964000000000000412e+00,1.022624860465858504e-04
4.966000000000000192e+00,1.023334180104863434e-04
4.967999999999999972e+00,1.024043499726915780e-04
4.969999999999999751e+00,1.024752819332002123e-04
4.972000000000000419e+00,1.025462138920131951e-04
4.974000000000000199e+00,1.026171458491306618e-04
4.975999999999999979e+00,1.026880778045515555e-04
4.977999999999999758e+00,1.027590097582769467e-04
4.980000000000000426e+00,1.028299417103063475e-04
4.982000000000000206e+00,1.029008736606407609e-04
4.983999999999999986e+00,1.029718056092789670e-04
4.985999999999999766e+00,1.030427375562212235e-04
4.988000000000000433e+00,1.031136695014672457e-04
4.990000000000000213e+00,1.031846014450170878e-04
4.991999999999999993e+00,1.032555333868714003e-04
4.993999999999999773e+00,1.033264653270302510e-04
4.996000000000000441e+00,1.033973972654930843e-04
4.998000000000000220e+00,1.034683292022596019e-04
5.000000000000000000e+00,1.035392611373297768e-04
5.001999999999999780e+00,1.036101930707045848e-04
5.004000000000000448e+00,1.036811250023832398e-04
5.006000000000000227e+00,1.037520569323661078e-04
5.008000000000000007e+00,1.038229888606530260e-04
5.009999999999999787e+00,1.038939207872434796e-04
5.012000000000000455e+00,1.039648527121376311e-04
5.014000000000000234e+00,1.040357846353375540e-04
5.016000000000000014e+00,1.041067165568406735e-04
5.017999999999999794e+00,1.041776484766476264e-04
5.020000000000000462e+00,1.042485803947587109e-04
5.022000000000000242e+00,1.043195123111741982e-04
5.024000000000000021e+00,1.043904442258927870e-04
5.025999999999999801e+00,1.044613761389161851e-04
5.028000000000000469e+00,1.045323080502442569e-04
5.030000000000000249e+00,1.046032399598757691e-04
5.032000000000000028e+00,1.046741718678105050e-04
5.033999999999999808e+00,1.047451037740497926e-04
5.036000000000000476e+00,1.048160356785936726e-04
5.038000000000000256e+00,1.048869675814407626e-04
5.040000000000000036e+00,1.049578994825923638e-04
5.041999999999999815e+00,1.050288313820484760e-04
5.044000000000000483e+00,1.050997632798077440e-04
5.046000000000000263e+00,1.051706951758710353e-04
5.048000000000000043e+00,1.052416270702392171e-04
5.049999999999999822e+00,1.053125589629106226e-04
5.052000000000000490e+00,1.053834908538855768e-04
5.054000000000000270e+00,1.054544227431648660e-04
5.056000000000000050e+00,1.055253546307474602e-04
5.057999999999999829e+00,1.055962865166347009e-04
5.060000000000000497e+00,1.056672184008266966e-04
5.062000000000000277e+00,1.057381502833223090e-04
5.064000000000000057e+00,1.058090821641216329e-04
5.065999999999999837e+00,1.058800140432257660e-04
5.068000000000000504e+00,1.059509459206329737e-04
5.070000000000000284e+00,1.060218777963440554e-04
5.072000000000000064e+00,1.060928096703593501e-04
5.073999999999999844e+00,1.061637415426787764e-04
5.076000000000000512e+00,1.062346734133020904e-04
5.078000000000000291e+00,1.063056052822298477e-04
5.080000000000000071e+00,1.063765371494616554e-04
5.081999999999999851e+00,1.064474690149968899e-04
5.084000000000000519e+00,1.065184008788361069e-04
5.086000000000000298e+00,1.065893327409792523e-04
5.088000000000000078e+00,1.066602646014255671e-04
5.089999999999999858e+00,1.067311964601771112e-04
5.092000000000000526e+00,1.068021283172316486e-04
5.094000000000000306e+00,1.068730601725904395e-04
5.096000000000000085e+00,1.069439920262529691e-04
5.097999999999999865e+00,1.070149238782197115e-04
5.100000000000000533e+00,1.070858557284905585e-04
5.102000000000000313e+00,1.071567875770641141e-04
5.104000000000000092e+00,1.072277194239425061e-04
5.105999999999999872e+00,1.072986512691249754e-04
5.108000000000000540e+00,1.073695831126112918e-04
5.110000000000000320e+00,1.074405149544012113e-04
5.112000000000000099e+00,1.075114467944955876e-04
5.113999999999999879e+00,1.075823786328930791e-04
5.116000000000000547e+00,1.076533104695946480e-04
5.118000000000000327e+00,1.077242423046000639e-04
5.120000000000000107e+00,1.077951741379099096e-04
5.121999999999999886e+00,1.078661059695233720e-04
5.123999999999999666e+00,1.079370377994413725e-04
5.126000000000000334e+00,1.080079696276628405e-04
5.128000000000000114e+00,1.080789014541875593e-04
5.129999999999999893e+00,1.081498332790163013e-04
5.131999999999999673e+00,1.082207651021490394e-04
5.134000000000000341e+00,1.082916969235856922e-04
5.136000000000000121e+00,1.083626287433264902e-04
5.137999999999999901e+00,1.084335605613712437e-04
5.139999999999999680e+00,1.085044923777189090e-04
5.142000000000000348e+00,1.085754241923708822e-04
5.144000000000000128e+00,1.086463560053266075e-04
5.145999999999999908e+00,1.087172878165870607e-04
5.147999999999999687e+00,1.087882196261505342e-04
5.150000000000000355e+00,1.088591514340179090e-04
5.152000000000000135e+00,1.089300832401882227e-04
5.153999999999999915e+00,1.090010150446635897e-04
5.155999999999999694e+00,1.090719468474420176e-04
5.158000000000000362e+00,1.091428786485248753e-04
5.160000000000000142e+00,1.092138104479115800e-04
5.161999999999999922e+00,1.092847422456020369e-04
5.163999999999999702e+00,1.093556740415961239e-04
5.166000000000000369e+00,1.094266058358942206e-04
5.168000000000000149e+00,1.094975376284966658e-04
5.169999999999999929e+00,1.095684694194020906e-04
5.171999999999999709e+00,1.096394012086116470e-04
5.174000000000000377e+00,1.097103329961255654e-04
5.176000000000000156e+00,1.097812647819423415e-04
5.177999999999999936e+00,1.098521965660628156e-04
5.179999999999999716e+00,1.099231283484873264e-04
5.182000000000000384e+00,1.099940601292163212e-04
5.184000000000000163e+00,1.100649919082486480e-04
5.185999999999999943e+00,1.101359236855842391e-04
5.187999999999999723e+00,1.102068554612242328e-04
5.190000000000000391e+00,1.102777872351675450e-04
5.192000000000000171e+00,1.103487190074151243e-04
5.193999999999999950e+00,1.104196507779664558e-04
5.195999999999999730e+00,1.104905825468215395e-04
5.198000000000000398e+00,1.105615143139805244e-04
5.200000000000000178e+00,1.106324460794436544e-04
5.201999999999999957e+00,1.107033778432101029e-04
5.203999999999999737e+00,1.107743096052808050e-04
5.206000000000000405e+00,1.108452413656543919e-04
5.208000000000000185e+00,1.109161731243326932e-04
5.209999999999999964e+00,1.109871048813138250e-04
5.211999999999999744e+00,1.110580366365987632e-04
5.214000000000000412e+00,1.111289683901870199e-04
5.216000000000000192e+00,1.111999001420790965e-04
5.217999999999999972e+00,1.112708318922753860e-04
5.219999999999999751e+00,1.113417636407757665e-04
5.222000000000000419e+00,1.114126953875788827e-04
5.224000000000000199e+00,1.114836271326866726e-04
5.225999999999999979e+00,1.115545588760974964e-04
5.227999999999999758e+00,1.116254906178123433e-04
5.230000000000000426e+00,1.116964223578313219e-04
5.232000000000000206e+00,1.117673540961533344e-04
5.233999999999999986e+00,1.118382858327794920e-04
5.235999999999999766e+00,1.119092175677096593e-04
5.238000000000000433e+00,1.119801493009429553e-04
5.240000000000000213e+00,1.120510810324796647e-04
5.241999999999999993e+00,1.121220127623210613e-04
5.243999999999999773e+00,1.121929444904659932e-04
5.246000000000000441e+00,1.122638762169142842e-04
5.248000000000000220e+00,1.123348079416662597e-04
5.250000000000000000e+00,1.124057396647220008e-04
5.251999999999999780e+00,1.124766713860814941e-04
5.254000000000000448e+00,1.125476031057446447e-04
5.256000000000000227e+00,1.126185348237116965e-04
5.258000000000000007e+00,1.126894665399819854e-04
5.259999999999999787e+00,1.127603982545561485e-04
5.262000000000000455e+00,1.128313299674334945e-04
5.264000000000000234e+00,1.129022616786146333e-04
5.266000000000000014e+00,1.129731933880998360e-04
5.267999999999999794e+00,1.130441250958886688e-04
5.270000000000000462e+00,1.131150568019808744e-04
5.272000000000000242e+00,1.131859885063768591e-04
5.274000000000000021e+00,1.132569202090768265e-04
5.275999999999999801e+00,1.133278519100800851e-04
5.278000000000000469e+00,1.133987836093872857e-04
5.280000000000000249e+00,1.134697153069975337e-04
5.282000000000000028e+00,1.135406470029117913e-04
5.283999999999999808e+00,1.136115786971302212e-04
5.286000000000000476e+00,1.136825103896506279e-04
5.288000000000000256e+00,1.137534420804758438e-04
5.290000000000000036e+00,1.138243737696045273e-04
5.291999999999999815e+00,1.138953054570370849e-04
5.294000000000000483e+00,1.139662371427733133e-04
5.296000000000000263e+00,1.140371688268132261e-04
5.298000000000000043e+00,1.141081005091563354e-04
5.299999999999999822e+00,1.141790321898036035e-04
5.302000000000000490e+00,1.142499638687540680e-04
5.304000000000000270e+00,1.143208955460085557e-04
5.306000000000000050e+00,1.143918272215656301e-04
5.307999999999999829e+00,1.144627588954269851e-04
5.310000000000000497e+00,1.145336905675918077e-04
5.312000000000000277e+00,1.146046222380605586e-04
5.314000000000000057e+00,1.146755539068323841e-04
5.315999999999999837e+00,1.147464855739083547e-04
5.318000000000000504e+00,1.148174172392874947e-04
5.320000000000000284e+00,1.148883489029705631e-04
5.322000000000000064e+00,1.149592805649566924e-04
5.323999999999999844e+00,1.150302122252466145e-04
5.326000000000000512e+00,1.151011438838399906e-04
5.328000000000000291e+00,1.151720755407371324e-04
5.330000000000000071e+00,1.152430071959371997e-04
5.331999999999999851e+00,1.153139388494412495e-04
5.334000000000000519e+00,1.153848705012490921e-04
5.336000000000000298e+00,1.154558021513603074e-04
5.338000000000000078e+00,1.155267337997752342e-04
5.339999999999999858e+00,1.155976654464931948e-04
5.342000000000000526e+00,1.156685970915147314e-04
5.344000000000000306e+00,1.157395287348400879e-04
5.346000000000000085e+00,1.158104603764690340e-04
5.347999999999999865e+00,1.158813920164019083e-04
5.350000000000000533e+00,1.159523236546376946e-04
5.352000000000000313e+00,1.160232552911764605e-04
5.354000000000000092e+00,1.160941869260201983e-04
5.355999999999999872e+00,1.161651185591668073e-04
5.358000000000000540e+00,1.162360501906165993e-04
5.360000000000000320e+00,1.163069818203706719e-04
5.362000000000000099e+00,1.163779134484277242e-04
5.363999999999999879e+00,1.164488450747884203e-04
5.366000000000000547e+00,1.165197766994523942e-04
5.368000000000000327e+00,1.165907083224210553e-04
5.370000000000000107e+00,1.166616399436923437e-04
5.371999999999999886e+00,1.167325715632670997e-04
5.374000000000000554e+00,1.168035031811451470e-04
5.376000000000000334e+00,1.168744347973271091e-04
5.378000000000000114e+00,1.169453664118117934e-04
5.379999999999999893e+00,1.170162980246003788e-04
5.381999999999999673e+00,1.170872296356920795e-04
5.384000000000000341e+00,1.171581612450876950e-04
5.386000000000000121e+00,1.172290928527873472e-04
5.387999999999999901e+00,1.173000244587898299e-04
5.389999999999999680e+00,1.173709560630960513e-04
5.392000000000000348e+00,1.174418876657055234e-04
5.394000000000000128e+00,1.175128192666188831e-04
5.395999999999999908e+00,1.175837508658344907e-04
5.397999999999999687e+00,1.176546824633548533e-04
5.400000000000000355e+00,1.177256140591779923e-04
5.402000000000000135e+00,1.177965456533042871e-04
5.403999999999999915e+00,1.178674772457350930e-04
5.405999999999999694e+00,1.179384088364692851e-04
5.408000000000000362e+00,1.180093404255059148e-04
5.410000000000000142e+00,1.180802720128467439e-04
5.411999999999999922e+00,1.181512035984907559e-04
5.413999999999999702e+00,1.182221351824385607e-04
5.416000000000000369e+00,1.182930667646898330e-04
5.418000000000000149e+00,1.183639983452440444e-04
5.419999999999999929e+00,1.184349299241015471e-04
5.421999999999999709e+00,1.185058615012626394e-04
5.424000000000000377e+00,1.185767930767275244e-04
5.426000000000000156e+00,1.186477246504950774e-04
5.427999999999999936e+00,1.187186562225670873e-04
5.429999999999999716e+00,1.187895877929417380e-04
5.432000000000000384e+00,1.188605193616202357e-04
5.434000000000000163e+00,1.189314509286015640e-04
5.435999999999999943e+00,1.190023824938863056e-04
5.437999999999999723e+00,1.190733140574751247e-04
5.440000000000000391e+00,1.191442456193668692e-04
5.442000000000000171e+00,1.192151771795621083e-04
5.443999999999999950e+00,1.192861087380604626e-04
5.445999999999999730e+00,1.193570402948626233e-04
5.448000000000000398e+00,1.194279718499684006e-04
5.450000000000000178e+00,1.194989034033767510e-04
5.451999999999999957e+00,1.195698349550886774e-04
5.453999999999999737e+00,1.196407665051041661e-04
5.456000000000000405e+00,1.197116980534234070e-04
5.458000000000000185e+00,1.197826296000455869e-04
5.459999999999999964e+00,1.198535611449703128e-04
5.461999999999999744e+00,1.199244926881996582e-04
5.464000000000000412e+00,1.199954242297316987e-04
5.466000000000000192e+00,1.200663557695669763e-04
5.467999999999999972e+00,1.201372873077059789e-04
5.469999999999999751e+00,1.202082188441476495e-04
5.472000000000000419e+00,1.202791503788931942e-04
5.474000000000000199e+00,1.203500819119418947e-04
5.475999999999999979e+00,1.204210134432940357e-04
5.477999999999999758e+00,1.204919449729502406e-04
5.480000000000000426e+00,1.205628765009090592e-04
5.482000000000000206e+00,1.206338080271714537e-04
5.483999999999999986e+00,1.207047395517374107e-04
5.485999999999999766e+00,1.207756710746064828e-04
5.488000000000000433e+00,1.208466025957787108e-04
5.490000000000000213e+00,1.209175341152546502e-04
5.491999999999999993e+00,1.209884656330337727e-04
5.493999999999999773e+00,1.210593971491156850e-04
5.496000000000000441e+00,1.211303286635012817e-04
5.498000000000000220e+00,1.212012601761895735e-04
5.500000000000000000e+00,1.212721916871818884e-04
5.501999999999999780e+00,1.213431231964778471e-04
5.504000000000000448e+00,1.214140547040762705e-04
5.506000000000000227e+00,1.214849862099778768e-04
5.508000000000000007e+00,1.215559177141836824e-04
5.509999999999999787e+00,1.216268492166922780e-04
5.512000000000000455e+00,1.216977807175039617e-04
5.514000000000000234e+00,1.217687122166186115e-04
5.516000000000000014e+00,1.218396437140375555e-04
5.517999999999999794e+00,1.219105752097594385e-04
5.520000000000000462e+00,1.219815067037842199e-04
5.522000000000000242e+00,1.220524381961127669e-04
5.524000000000000021e+00,1.221233696867439413e-04
5.525999999999999801e+00,1.221943011756784748e-04
5.528000000000000469e+00,1.222652326629164758e-04
5.530000000000000249e+00,1.223361641484580257e-04
5.532000000000000028e+00,1.224070956323027720e-04
5.533999999999999808e+00,1.224780271144505794e-04
5.536000000000000476e+00,1.225489585949014748e-04
5.538000000000000256e+00,1.226198900736554312e-04
5.540000000000000036e+00,1.226908215507127467e-04
5.541999999999999815e+00,1.227617530260731774e-04
5.544000000000000483e+00,1.228326844997364793e-04
5.546000000000000263e+00,1.229036159717033301e-04
5.548000000000000043e+00,1.229745474419736485e-04
5.549999999999999822e+00,1.230454789105469464e-04
5.552000000000000490e+00,1.231164103774237933e-04
5.554000000000000270e+00,1.231873418426042161e-04
5.556000000000000050e+00,1.232582733060874289e-04
5.557999999999999829e+00,1.233292047678739194e-04
5.560000000000000497e+00,1.234001362279638233e-04
5.562000000000000277e+00,1.234710676863561105e-04
5.564000000000000057e+00,1.235419991430515671e-04
5.565999999999999837e+00,1.236129305980513857e-04
5.568000000000000504e+00,1.236838620513536961e-04
5.570000000000000284e+00,1.237547935029591488e-04
5.572000000000000064e+00,1.238257249528677438e-04
5.573999999999999844e+00,1.238966564010802400e-04
5.576000000000000512e+00,1.239675878475949026e-04
5.578000000000000291e+00,1.240385192924134124e-04
5.580000000000000071e+00,1.241094507355347662e-04
5.581999999999999851e+00,1.241803821769596418e-04
5.584000000000000519e+00,1.242513136166880120e-04
5.586000000000000298e+00,1.243222450547184132e-04
5.588000000000000078e+00,1.243931764910523091e-04
5.589999999999999858e+00,1.244641079256898081e-04
5.592000000000000526e+00,1.245350393586308016e-04
5.594000000000000306e+00,1.246059707898739617e-04
5.596000000000000085e+00,1.246769022194208062e-04
5.597999999999999865e+00,1.247478336472705219e-04
5.600000000000000533e+00,1.248187650734233799e-04
5.602000000000000313e+00,1.248896964978793531e-04
5.604000000000000092e+00,1.249606279206383602e-04
5.605999999999999872e+00,1.250315593417011329e-04
5.608000000000000540e+00,1.251024907610657469e-04
5.610000000000000320e+00,1.251734221787345603e-04
5.612000000000000099e+00,1.252443535947064888e-04
5.613999999999999879e+00,1.253152850089818036e-04
5.616000000000000547e+00,1.253862164215597457e-04
5.618000000000000327e+00,1.254571478324408300e-04
5.620000000000000107e+00,1.255280792416250837e-04
5.621999999999999886e+00,1.255990106491124527e-04
5.624000000000000554e+00,1.256699420549035602e-04
5.626000000000000334e+00,1.257408734589969426e-04
5.628000000000000114e+00,1.258118048613942263e-04
5.629999999999999893e+00,1.258827362620943541e-04
5.631999999999999673e+00,1.259536676610972989e-04
5.634000000000000341e+00,1.260245990584035487e-04
5.636000000000000121e+00,1.260955304540124528e-04
5.637999999999999901e+00,1.261664618479244450e-04
5.639999999999999680e+00,1.262373932401402842e-04
5.642000000000000348e+00,1.263083246306585881e-04
5.644000000000000128e+00,1.263792560194798987e-04
5.645999999999999908e+00,1.264501874066038638e-04
5.647999999999999687e+00,1.265211187920320011e-04
5.650000000000000355e+00,1.265920501757631181e-04
5.652000000000000135e+00,1.266629815577967268e-04
5.653999999999999915e+00,1.267339129381336946e-04
5.655999999999999694e+00,1.268048443167729645e-04
5.658000000000000362e+00,1.268757756937156206e-04
5.660000000000000142e+00,1.269467070689613106e-04
5.661999999999999922e+00,1.270176384425084353e-04
5.663999999999999702e+00,1.270885698143604640e-04
5.666000000000000369e+00,1.271595011845153640e-04
5.668000000000000149e+00,1.272304325529727558e-04
5.669999999999999929e+00,1.273013639197340487e-04
5.671999999999999709e+00,1.273722952847982401e-04
5.674000000000000377e+00,1.274432266481651400e-04
5.676000000000000156e+00,1.275141580098348569e-04
5.677999999999999936e+00,1.275850893698082041e-04
5.679999999999999716e+00,1.276560207280842869e-04
5.682000000000000384e+00,1.277269520846633765e-04
5.684000000000000163e+00,1.277978834395454458e-04
5.685999999999999943e+00,1.278688147927299526e-04
5.687999999999999723e+00,1.279397461442180353e-04
5.690000000000000391e+00,1.280106774940090977e-04
5.692000000000000171e+00,1.280816088421034922e-04
5.693999999999999950e+00,1.281525401885003242e-04
5.695999999999999730e+00,1.282234715332004340e-04
5.698000000000000398e+00,1.282944028762035506e-04
5.700000000000000178e+00,1.283653342175091860e-04
5.701999999999999957e+00,1.284362655571178553e-04
5.703999999999999737e+00,1.285071968950299379e-04
5.706000000000000405e+00,1.285781282312446208e-04
5.708000000000000185e+00,1.286490595657622832e-04
5.709999999999999964e+00,1.287199908985835759e-04
5.711999999999999744e+00,1.287909222297076042e-04
5.714000000000000412e+00,1.288618535591345309e-04
5.716000000000000192e+00,1.289327848868643831e-04
5.717999999999999972e+00,1.290037162128974317e-04
5.719999999999999751e+00,1.290746475372334058e-04
5.722000000000000419e+00,1.291455788598718445e-04
5.724000000000000199e+00,1.292165101808138050e-04
5.725999999999999979e+00,1.292874415000587994e-04
5.727999999999999758e+00,1.293583728176065566e-04
5.730000000000000426e+00,1.294293041334571850e-04
5.732000000000000206e+00,1.295002354476112267e-04
5.733999999999999986e+00,1.295711667600681126e-04
5.735999999999999766e+00,1.296420980708278697e-04
5.738000000000000433e+00,1.297130293798899831e-04
5.740000000000000213e+00,1.297839606872552929e-04
5.741999999999999993e+00,1.298548919929233927e-04
5.743999999999999773e+00,1.299258232968952852e-04
5.746000000000000441e+00,1.299967545991694798e-04
5.748000000000000220e+00,1.300676858997464643e-04
5.750000000000000000e+00,1.301386171986264014e-04
5.751999999999999780e+00,1.302095484958089387e-04
5.754000000000000448e+00,1.302804797912947537e-04
5.756000000000000227e+00,1.303514110850837653e-04
5.758000000000000007e+00,1.304223423771757023e-04
5.759999999999999787e+00,1.304932736675701581e-04
5.762000000000000455e+00,1.305642049562675394e-04
5.764000000000000234e+00,1.306351362432669788e-04
5.766000000000000014e+00,1.307060675285702110e-04
5.767999999999999794e+00,1.307769988121763416e-04
5.770000000000000462e+00,1.308479300940842863e-04
5.772000000000000242e+00,1.309188613742963761e-04
5.774000000000000021e+00,1.309897926528107409e-04
5.775999999999999801e+00,1.310607239296279227e-04
5.778000000000000469e+00,1.311316552047476775e-04
5.780000000000000249e+00,1.312025864781704663e-04
5.782000000000000028e+00,1.312735177498970749e-04
5.783999999999999808e+00,1.313444490199257417e-04
5.786000000000000476e+00,1.314153802882576320e-04
5.788000000000000256e+00,1.314863115548914449e-04
5.790000000000000036e+00,1.315572428198291048e-04
5.791999999999999815e+00,1.316281740830695004e-04
5.794000000000000483e+00,1.316991053446131738e-04
5.796000000000000263e+00,1.317700366044590680e-04
5.798000000000000043e+00,1.318409678626080231e-04
5.799999999999999822e+00,1.319118991190590905e-04
5.802000000000000490e+00,1.319828303738136525e-04
5.804000000000000270e+00,1.320537616268701100e-04
5.806000000000000050e+00,1.321246928782303604e-04
5.807999999999999829e+00,1.321956241278936716e-04
5.810000000000000497e+00,1.322665553758589326e-04
5.812000000000000277e+00,1.323374866221280405e-04
5.814000000000000057e+00,1.324084178666978784e-04
5.815999999999999837e+00,1.324793491095719428e-04
5.818000000000000504e+00,1.325502803507491224e-04
5.820000000000000284e+00,1.326212115902289021e-04
5.822000000000000064e+00,1.326921428280111465e-04
5.823999999999999844e+00,1.327630740640963977e-04
5.826000000000000512e+00,1.328340052984839509e-04
5.828000000000000291e+00,1.329049365311749174e-04
5.830000000000000071e+00,1.329758677621689720e-04
5.831999999999999851e+00,1.330467989914660334e-04
5.834000000000000519e+00,1.331177302190656949e-04
5.836000000000000298e+00,1.331886614449663575e-04
5.838000000000000078e+00,1.332595926691708941e-04
5.839999999999999858e+00,1.333305238916782207e-04
5.842000000000000526e+00,1.334014551124884727e-04
5.844000000000000306e+00,1.334723863316016230e-04
5.846000000000000085e+00,1.335433175490172381e-04
5.847999999999999865e+00,1.336142487647356430e-04
5.850000000000000533e+00,1.336851799787565939e-04
5.852000000000000313e+00,1.337561111910799010e-04
5.854000000000000092e+00,1.338270424017062963e-04
5.855999999999999872e+00,1.338979736106356440e-04
5.858000000000000540e+00,1.339689048178676462e-04
5.860000000000000320e+00,1.340398360234031701e-04
5.862000000000000099e+00,1.341107672272406166e-04
5.863999999999999879e+00,1.341816984293811240e-04
5.866000000000000547e+00,1.342526296298246111e-04
5.868000000000000327e+00,1.343235608285709695e-04
5.870000000000000107e+00,1.343944920256194943e-04
5.871999999999999886e+00,1.344654232209710259e-04
5.874000000000000554e+00,1.345363544146252119e-04
5.876000000000000334e+00,1.346072856065817812e-04
5.878000000000000114e+00,1.346782167968416284e-04
5.879999999999999893e+00,1.347491479854036420e-04
5.882000000000000561e+00,1.348200791722683372e-04
5.884000000000000341e+00,1.348910103574357409e-04
5.886000000000000121e+00,1.349619415409060701e-04
5.887999999999999901e+00,1.350328727226785387e-04
5.889999999999999680e+00,1.351038039027537701e-04
5.892000000000000348e+00,1.351747350811317373e-04
5.894000000000000128e+00,1.352456662578127924e-04
5.895999999999999908e+00,1.353165974327963936e-04
5.897999999999999687e+00,1.353875286060825679e-04
5.900000000000000355e+00,1.354584597776716133e-04
5.902000000000000135e+00,1.355293909475629066e-04
5.903999999999999915e+00,1.356003221157572880e-04
5.905999999999999694e+00,1.356712532822542696e-04
5.908000000000000362e+00,1.357421844470538242e-04
5.910000000000000142e+00,1.358131156101565482e-04
5.911999999999999922e+00,1.358840467715611948e-04
5.913999999999999702e+00,1.359549779312697697e-04
5.916000000000000369e+00,1.360259090892804840e-04
5.918000000000000149e+00,1.360968402455933106e-04
5.919999999999999929e+00,1.361677714002094692e-04
5.921999999999999709e+00,1.362387025531270354e-04
5.924000000000000377e+00,1.363096337043473644e-04
5.926000000000000156e+00,1.363805648538702123e-04
5.927999999999999936e+00,1.364514960016962025e-04
5.929999999999999716e+00,1.365224271478246302e-04
5.932000000000000384e+00,1.365933582922565525e-04
5.934000000000000163e+00,1.366642894349906956e-04
5.935999999999999943e+00,1.367352205760280351e-04
5.937999999999999723e+00,1.368061517153671889e-04
5.940000000000000391e+00,1.368770828530097559e-04
5.942000000000000171e+00,1.369480139889535408e-04
5.943999999999999950e+00,1.370189451232004408e-04
5.945999999999999730e+00,1.370898762557498597e-04
5.948000000000000398e+00,1.371608073866018246e-04
5.950000000000000178e+00,1.372317385157560915e-04
5.951999999999999957e+00,1.373026696432132026e-04
5.953999999999999737e+00,1.373736007689730222e-04
5.956000000000000405e+00,1.374445318930361468e-04
5.958000000000000185e+00,1.375154630154012481e-04
5.959999999999999964e+00,1.375863941360687328e-04
5.961999999999999744e+00,1.376573252550393597e-04
5.964000000000000412e+00,1.377282563723129392e-04
5.966000000000000192e+00,1.377991874878881431e-04
5.967999999999999972e+00,1.378701186017661641e-04
5.969999999999999751e+00,1.379410497139472189e-04
5.972000000000000419e+00,1.380119808244308197e-04
5.974000000000000199e+00,1.380829119332167767e-04
5.975999999999999979e+00,1.381538430403050357e-04
5.977999999999999758e+00,1.382247741456958678e-04
5.980000000000000426e+00,1.382957052493891375e-04
5.982000000000000206e+00,1.383666363513854952e-04
5.983999999999999986e+00,1.384375674516832876e-04
5.985999999999999766e+00,1.385084985502839513e-04
5.988000000000000433e+00,1.385794296471872964e-04
5.990000000000000213e+00,1.386503607423932689e-04
5.991999999999999993e+00,1.387212918359019228e-04
5.993999999999999773e+00,1.387922229277128517e-04
5.996000000000000441e+00,1.388631540178271668e-04
5.998000000000000220e+00,1.389340851062432689e-04
6.000000000000000000e+00,1.390050161929623778e-04
6.001999999999999780e+00,1.390759472779836260e-04
6.004000000000000448e+00,1.391468783613072577e-04
6.006000000000000227e+00,1.392178094429336521e-04
6.008000000000000007e+00,1.392887405228623485e-04
6.009999999999999787e+00,1.393596716010933199e-04
6.012000000000000455e+00,1.394306026776277860e-04
6.014000000000000234e+00,1.395015337524636596e-04
6.016000000000000014e+00,1.395724648256026755e-04
6.017999999999999794e+00,1.396433958970437223e-04
6.020000000000000462e+00,1.397143269667880470e-04
6.022000000000000242e+00,1.397852580348347821e-04
6.024000000000000021e+00,1.398561891011835753e-04
6.025999999999999801e+00,1.399271201658345079e-04
6.028000000000000469e+00,1.399980512287881220e-04
6.030000000000000249e+00,1.400689822900439839e-04
6.032000000000000028e+00,1.401399133496027171e-04
6.033999999999999808e+00,1.402108444074635354e-04
6.036000000000000476e+00,1.402817754636269268e-04
6.038000000000000256e+00,1.403527065180932166e-04
6.040000000000000036e+00,1.404236375708614018e-04
6.041999999999999815e+00,1.404945686219322685e-04
6.044000000000000483e+00,1.405654996713052475e-04
6.046000000000000263e+00,1.406364307189811519e-04
6.048000000000000043e+00,1.407073617649592229e-04
6.049999999999999822e+00,1.407782928092395959e-04
6.052000000000000490e+00,1.408492238518229485e-04
6.054000000000000270e+00,1.409201548927086845e-04
6.056000000000000050e+00,1.409910859318971833e-04
6.057999999999999829e+00,1.410620169693886888e-04
6.060000000000000497e+00,1.411329480051812767e-04
6.062000000000000277e+00,1.412038790392762208e-04
6.064000000000000057e+00,1.412748100716735753e-04
6.065999999999999837e+00,1.413457411023743703e-04
6.068000000000000504e+00,1.414166721313763560e-04
6.070000000000000284e+00,1.414876031586815382e-04
6.072000000000000064e+00,1.415585341842891308e-04
6.073999999999999844e+00,1.416294652081986460e-04
6.076000000000000512e+00,1.417003962304114661e-04
6.078000000000000291e+00,1.417713272509263985e-04
6.080000000000000071e+00,1.418422582697432535e-04
6.081999999999999851e+00,1.419131892868626815e-04
6.084000000000000519e+00,1.419841203022844929e-04
6.086000000000000298e+00,1.420550513160091484e-04
6.088000000000000078e+00,1.421259823280350218e-04
6.089999999999999858e+00,1.421969133383636037e-04
6.092000000000000526e+00,1.422678443469944335e-04
6.094000000000000306e+00,1.423387753539281887e-04
6.096000000000000085e+00,1.424097063591638936e-04
6.097999999999999865e+00,1.424806373627022799e-04
6.100000000000000533e+00,1.425515683645422907e-04
6.102000000000000313e+00,1.426224993646855251e-04
6.104000000000000092e+00,1.426934303631311699e-04
6.105999999999999872e+00,1.427643613598796046e-04
6.108000000000000540e+00,1.428352923549294740e-04
6.110000000000000320e+00,1.429062233482821876e-04
6.112000000000000099e+00,1.429771543399371489e-04
6.113999999999999879e+00,1.430480853298940599e-04
6.116000000000000547e+00,1.431190163181537338e-04
6.118000000000000327e+00,1.431899473047155470e-04
6.120000000000000107e+00,1.432608782895807193e-04
6.121999999999999886e+00,1.433318092727471366e-04
6.124000000000000554e+00,1.434027402542160186e-04
6.126000000000000334e+00,1.434736712339870128e-04
6.128000000000000114e+00,1.435446022120604988e-04
6.129999999999999893e+00,1.436155331884365850e-04
6.132000000000000561e+00,1.436864641631150003e-04
6.134000000000000341e+00,1.437573951360949045e-04
6.136000000000000121e+00,1.438283261073784931e-04
6.137999999999999901e+00,1.438992570769637061e-04
6.140000000000000568e+00,1.439701880448510855e-04
6.142000000000000348e+00,1.440411190110404147e-04
6.144000000000000128e+00,1.441120499755325609e-04
6.145999999999999908e+00,1.441829809383272801e-04
6.147999999999999687e+00,1.442539118994234882e-04
6.150000000000000355e+00,1.443248428588227844e-04
6.152000000000000135e+00,1.443957738165242742e-04
6.153999999999999915e+00,1.444667047725270632e-04
6.155999999999999694e+00,1.445376357268325607e-04
6.158000000000000362e+00,1.446085666794401706e-04
6.160000000000000142e+00,1.446794976303510311e-04
6.161999999999999922e+00,1.447504285795635974e-04
6.163999999999999702e+00,1.448213595270788181e-04
6.166000000000000369e+00,1.448922904728962323e-04
6.168000000000000149e+00,1.449632214170152439e-04
6.169999999999999929e+00,1.450341523594368286e-04
6.171999999999999709e+00,1.451050833001610947e-04
6.174000000000000377e+00,1.451760142391868226e-04
6.176000000000000156e+00,1.452469451765147984e-04
6.177999999999999936e+00,1.453178761121448593e-04
6.179999999999999716e+00,1.453888070460777643e-04
6.182000000000000384e+00,1.454597379783129172e-04
6.184000000000000163e+00,1.455306689088496945e-04
6.185999999999999943e+00,1.456015998376888822e-04
6.187999999999999723e+00,1.456725307648301822e-04
6.190000000000000391e+00,1.457434616902739198e-04
6.192000000000000171e+00,1.458143926140194986e-04
6.193999999999999950e+00,1.458853235360672168e-04
6.195999999999999730e+00,1.459562544564177520e-04
6.198000000000000398e+00,1.460271853750701014e-04
6.200000000000000178e+00,1.460981162920241836e-04
6.201999999999999957e+00,1.461690472072813267e-04
6.203999999999999737e+00,1.462399781208409617e-04
6.206000000000000405e+00,1.463109090327025191e-04
6.208000000000000185e+00,1.463818399428662160e-04
6.209999999999999964e+00,1.464527708513314289e-04
6.211999999999999744e+00,1.465237017580994588e-04
6.214000000000000412e+00,1.465946326631695738e-04
6.216000000000000192e+00,1.466655635665418554e-04
6.217999999999999972e+00,1.467364944682161680e-04
6.219999999999999751e+00,1.468074253681928639e-04
6.222000000000000419e+00,1.468783562664725936e-04
6.224000000000000199e+00,1.469492871630534599e-04
6.225999999999999979e+00,1.470202180579371161e-04
6.227999999999999758e+00,1.470911489511221256e-04
6.230000000000000426e+00,1.471620798426094372e-04
6.232000000000000206e+00,1.472330107323998097e-04
6.233999999999999986e+00,1.473039416204918067e-04
6.235999999999999766e+00,1.473748725068860243e-04
6.238000000000000433e+00,1.474458033915817309e-04
6.240000000000000213e+00,1.475167342745800105e-04
6.241999999999999993e+00,1.475876651558802669e-04
6.243999999999999773e+00,1.476585960354835300e-04
6.246000000000000441e+00,1.477295269133880652e-04
6.248000000000000220e+00,1.478004577895949837e-04
6.250000000000000000e+00,1.478713886641038519e-04
6.251999999999999780e+00,1.479423195369147239e-04
6.254000000000000448e+00,1.480132504080277896e-04
6.256000000000000227e+00,1.480841812774435367e-04
6.258000000000000007e+00,1.481551121451604475e-04
6.259999999999999787e+00,1.482260430111806632e-04
6.262000000000000455e+00,1.482969738755024491e-04
6.264000000000000234e+00,1.483679047381259949e-04
6.266000000000000014e+00,1.484388355990517614e-04
6.267999999999999794e+00,1.485097664582805347e-04
6.270000000000000462e+00,1.485806973158102819e-04
6.272000000000000242e+00,1.486516281716423039e-04
6.274000000000000021e+00,1.487225590257766281e-04
6.275999999999999801e+00,1.487934898782130916e-04
6.278000000000000469e+00,1.488644207289516674e-04
6.280000000000000249e+00,1.489353515779922200e-04
6.282000000000000028e+00,1.490062824253348577e-04
6.283999999999999808e+00,1.490772132709802583e-04
6.286000000000000476e+00,1.491481441149270935e-04
6.288000000000000256e+00,1.492190749571760140e-04
6.290000000000000036e+00,1.492900057977269383e-04
6.291999999999999815e+00,1.493609366365798664e-04
6.294000000000000483e+00,1.494318674737350153e-04
6.296000000000000263e+00,1.495027983091920054e-04
6.298000000000000043e+00,1.495737291429517855e-04
6.299999999999999822e+00,1.496446599750124581e-04
6.302000000000000490e+00,1.497155908053754870e-04
6.304000000000000270e+00,1.497865216340409263e-04
6.306000000000000050e+00,1.498574524610090471e-04
6.307999999999999829e+00,1.499283832862782231e-04
6.310000000000000497e+00,1.499993141098492132e-04
6.312000000000000277e+00,1.500702449317225596e-04
6.314000000000000057e+00,1.501411757518978556e-04
6.315999999999999837e+00,1.502121065703750200e-04
6.318000000000000504e+00,1.502830373871545948e-04
6.320000000000000284e+00,1.503539682022361193e-04
6.322000000000000064e+00,1.504248990156198103e-04
6.323999999999999844e+00,1.504958298273048275e-04
6.326000000000000512e+00,1.505667606372927431e-04
6.328000000000000291e+00,1.506376914455817139e-04
6.330000000000000071e+00,1.507086222521735288e-04
6.331999999999999851e+00,1.507795530570670765e-04
6.334000000000000519e+00,1.508504838602629534e-04
6.336000000000000298e+00,1.509214146617610238e-04
6.338000000000000078e+00,1.509923454615602579e-04
6.339999999999999858e+00,1.510632762596610893e-04
6.342000000000000526e+00,1.511342070560648190e-04
6.344000000000000306e+00,1.512051378507699292e-04
6.346000000000000085e+00,1.512760686437775040e-04
6.347999999999999865e+00,1.513469994350875435e-04
6.350000000000000533e+00,1.514179302246994243e-04
6.352000000000000313e+00,1.514888610126127126e-04
6.354000000000000092e+00,1.515597917988277066e-04
6.355999999999999872e+00,1.516307225833453279e-04
6.358000000000000540e+00,1.517016533661647904e-04
6.360000000000000320e+00,1.517725841472862840e-04
6.362000000000000099e+00,1.518435149267087514e-04
6.363999999999999879e+00,1.519144457044343339e-04
6.366000000000000547e+00,1.519853764804611073e-04
6.368000000000000327e+00,1.520563072547905892e-04
6.370000000000000107e+00,1.521272380274222647e-04
6.371999999999999886e+00,1.521981687983554291e-04
6.374000000000000554e+00,1.522690995675902450e-04
6.376000000000000334e+00,1.523400303351269021e-04
6.378000000000000114e+00,1.524109611009656444e-04
6.379999999999999893e+00,1.524818918651063093e-04
6.382000000000000561e+00,1.525528226275485444e-04
6.384000000000000341e+00,1.526237533882931899e-04
6.386000000000000121e+00,1.526946841473395954e-04
6.387999999999999901e+00,1.527656149046878692e-04
6.390000000000000568e+00,1.528365456603380656e-04
6.392000000000000348e+00,1.529074764142904013e-04
6.394000000000000128e+00,1.529784071665446867e-04
6.395999999999999908e+00,1.530493379171007321e-04
6.398000000000000576e+00,1.531202686659585374e-04
6.400000000000000355e+00,1.531911994131179941e-04
6.402000000000000135e+00,1.532621301585793735e-04
6.403999999999999915e+00,1.533330609023425941e-04
6.405999999999999694e+00,1.534039916444077914e-04
6.408000000000000362e+00,1.534749223847751282e-04
6.410000000000000142e+00,1.535458531234445501e-04
6.411999999999999922e+00,1.536167838604163554e-04
6.413999999999999702e+00,1.536877145956890803e-04
6.416000000000000369e+00,1.537586453292638091e-04
6.418000000000000149e+00,1.538295760611406503e-04
6.419999999999999929e+00,1.539005067913194410e-04
6.421999999999999709e+00,1.539714375197999646e-04
6.424000000000000377e+00,1.540423682465824921e-04
6.426000000000000156e+00,1.541132989716664000e-04
6.427999999999999936e+00,1.541842296950530979e-04
6.429999999999999716e+00,1.542551604167413930e-04
6.432000000000000384e+00,1.543260911367309873e-04
6.434000000000000163e+00,1.543970218550226397e-04
6.435999999999999943e+00,1.544679525716155370e-04
6.437999999999999723e+00,1.545388832865106821e-04
6.440000000000000391e+00,1.546098139997076413e-04
6.442000000000000171e+00,1.546807447112071466e-04
6.443999999999999950e+00,1.547516754210078425e-04
6.445999999999999730e+00,1.548226061291106508e-04
6.448000000000000398e+00,1.548935368355149208e-04
6.450000000000000178e+00,1.549644675402210862e-04
6.451999999999999957e+00,1.550353982432292285e-04
6.453999999999999737e+00,1.551063289445393475e-04
6.456000000000000405e+00,1.551772596441503590e-04
6.458000000000000185e+00,1.552481903420639166e-04
6.459999999999999964e+00,1.553191210382797219e-04
6.461999999999999744e+00,1.553900517327968264e-04
6.464000000000000412e+00,1.554609824256155011e-04
6.466000000000000192e+00,1.555319131167358544e-04
6.467999999999999972e+00,1.556028438061584827e-04
6.469999999999999751e+00,1.556737744938818950e-04
6.472000000000000419e+00,1.557447051799083684e-04
6.474000000000000199e+00,1.558156358642356801e-04
6.475999999999999979e+00,1.558865665468647517e-04
6.477999999999999758e+00,1.559574972277960982e-04
6.480000000000000426e+00,1.560284279070288523e-04
6.482000000000000206e+00,1.560993585845632579e-04
6.483999999999999986e+00,1.561702892603998572e-04
6.485999999999999766e+00,1.562412199345383790e-04
6.488000000000000433e+00,1.563121506069787149e-04
6.490000000000000213e+00,1.563830812777211902e-04
6.491999999999999993e+00,1.564540119467646123e-04
6.493999999999999773e+00,1.565249426141103635e-04
6.496000000000000441e+00,1.565958732797569531e-04
6.498000000000000220e+00,1.566668039437060073e-04
6.500000000000000000e+00,1.567377346059560896e-04
6.501999999999999780e+00,1.568086652665082301e-04
6.504000000000000448e+00,1.568795959253622388e-04
6.506000000000000227e+00,1.569505265825189020e-04
6.508000000000000007e+00,1.570214572379763493e-04
6.509999999999999787e+00,1.570923878917352583e-04
6.512000000000000455e+00,1.571633185437956021e-04
6.514000000000000234e+00,1.572342491941581936e-04
6.516000000000000014e+00,1.573051798428233040e-04
6.517999999999999794e+00,1.573761104897895239e-04
6.520000000000000462e+00,1.574470411350572326e-04
6.522000000000000242e+00,1.575179717786260778e-04
6.524000000000000021e+00,1.575889024204975774e-04
6.525999999999999801e+00,1.576598330606698612e-04
6.528000000000000469e+00,1.577307636991442572e-04
6.530000000000000249e+00,1.578016943359210095e-04
6.532000000000000028e+00,1.578726249709989796e-04
6.533999999999999808e+00,1.579435556043796583e-04
6.536000000000000476e+00,1.580144862360608501e-04
6.538000000000000256e+00,1.580854168660435308e-04
6.540000000000000036e+00,1.581563474943285948e-04
6.541999999999999815e+00,1.582272781209153375e-04
6.544000000000000483e+00,1.582982087458035961e-04
6.546000000000000263e+00,1.583691393689936147e-04
6.548000000000000043e+00,1.584400699904847968e-04
6.549999999999999822e+00,1.585110006102775221e-04
6.552000000000000490e+00,1.585819312283717362e-04
6.554000000000000270e+00,1.586528618447683608e-04
6.556000000000000050e+00,1.587237924594668537e-04
6.557999999999999829e+00,1.587947230724670253e-04
6.560000000000000497e+00,1.588656536837680623e-04
6.562000000000000277e+00,1.589365842933711302e-04
6.564000000000000057e+00,1.590075149012756871e-04
6.565999999999999837e+00,1.590784455074823291e-04
6.568000000000000504e+00,1.591493761119902161e-04
6.570000000000000284e+00,1.592203067147998359e-04
6.572000000000000064e+00,1.592912373159108361e-04
6.573999999999999844e+00,1.593621679153235692e-04
6.576000000000000512e+00,1.594330985130381706e-04
6.578000000000000291e+00,1.595040291090541525e-04
6.580000000000000071e+00,1.595749597033714335e-04
6.581999999999999851e+00,1.596458902959913960e-04
6.584000000000000519e+00,1.597168208869118174e-04
6.586000000000000298e+00,1.597877514761339988e-04
6.588000000000000078e+00,1.598586820636584008e-04
6.589999999999999858e+00,1.599296126494841833e-04
6.592000000000000526e+00,1.600005432336116444e-04
6.594000000000000306e+00,1.600714738160404589e-04
6.596000000000000085e+00,1.601424043967708706e-04
6.597999999999999865e+00,1.602133349758032321e-04
6.600000000000000533e+00,1.602842655531375160e-04
6.602000000000000313e+00,1.603551961287729907e-04
6.604000000000000092e+00,1.604261267027101440e-04
6.605999999999999872e+00,1.604970572749485423e-04
6.608000000000000540e+00,1.605679878454890257e-04
6.610000000000000320e+00,1.606389184143309438e-04
6.612000000000000099e+00,1.607098489814740797e-04
6.613999999999999879e+00,1.607807795469180540e-04
6.616000000000000547e+00,1.608517101106645200e-04
6.618000000000000327e+00,1.609226406727124207e-04
6.620000000000000107e+00,1.609935712330620814e-04
6.621999999999999886e+00,1.610645017917133664e-04
6.624000000000000554e+00,1.611354323486659235e-04
6.626000000000000334e+00,1.612063629039188310e-04
6.628000000000000114e+00,1.612772934574743659e-04
6.629999999999999893e+00,1.613482240093312811e-04
6.632000000000000561e+00,1.614191545594898208e-04
6.634000000000000341e+00,1.614900851079496867e-04
6.636000000000000121e+00,1.615610156547112584e-04
6.637999999999999901e+00,1.616319461997749965e-04
6.640000000000000568e+00,1.617028767431396544e-04
6.642000000000000348e+00,1.617738072848062076e-04
6.644000000000000128e+00,1.618447378247737890e-04
6.645999999999999908e+00,1.619156683630429677e-04
6.648000000000000576e+00,1.619865988996134184e-04
6.650000000000000355e+00,1.620575294344854121e-04
6.652000000000000135e+00,1.621284599676594098e-04
6.653999999999999915e+00,1.621993904991354384e-04
6.656000000000000583e+00,1.622703210289123325e-04
6.658000000000000362e+00,1.623412515569903089e-04
6.660000000000000142e+00,1.624121820833703976e-04
6.661999999999999922e+00,1.624831126080514331e-04
6.663999999999999702e+00,1.625540431310339574e-04
6.666000000000000369e+00,1.626249736523178080e-04
6.668000000000000149e+00,1.626959041719042859e-04
6.669999999999999929e+00,1.627668346897916834e-04
6.671999999999999709e+00,1.628377652059800819e-04
6.674000000000000377e+00,1.629086957204702675e-04
6.676000000000000156e+00,1.629796262332628635e-04
6.677999999999999936e+00,1.630505567443564605e-04
6.679999999999999716e+00,1.631214872537509230e-04
6.682000000000000384e+00,1.631924177614470369e-04
6.684000000000000163e+00,1.632633482674442603e-04
6.685999999999999943e+00,1.633342787717431894e-04
6.687999999999999723e+00,1.634052092743428755e-04
6.690000000000000391e+00,1.634761397752442945e-04
6.692000000000000171e+00,1.635470702744465518e-04
6.693999999999999950e+00,1.636180007719510298e-04
6.695999999999999730e+00,1.636889312677573219e-04
6.698000000000000398e+00,1.637598617618648319e-04
6.700000000000000178e+00,1.638307922542735597e-04
6.701999999999999957e+00,1.639017227449840746e-04
6.703999999999999737e+00,1.639726532339957801e-04
6.706000000000000405e+00,1.640435837213084324e-04
6.708000000000000185e+00,1.641145142069229531e-04
6.709999999999999964e+00,1.641854446908391524e-04
6.711999999999999744e+00,1.642563751730567593e-04
6.714000000000000412e+00,1.643273056535750419e-04
6.716000000000000192e+00,1.643982361323950573e-04
6.717999999999999972e+00,1.644691666095160194e-04
6.719999999999999751e+00,1.645400970849392565e-04
6.722000000000000419e+00,1.646110275586632236e-04
6.724000000000000199e+00,1.646819580306891132e-04
6.725999999999999979e+00,1.647528885010160309e-04
6.727999999999999758e+00,1.648238189696446001e-04
6.730000000000000426e+00,1.648947494365739534e-04
6.732000000000000206e+00,1.649656799018050938e-04
6.733999999999999986e+00,1.650366103653383193e-04
6.735999999999999766e+00,1.651075408271722477e-04
6.738000000000000433e+00,1.651784712873072855e-04
6.740000000000000213e+00,1.652494017457444898e-04
6.741999999999999993e+00,1.653203322024820717e-04
6.743999999999999773e+00,1.653912626575216303e-04
6.746000000000000441e+00,1.654621931108617020e-04
6.748000000000000220e+00,1.655331235625037776e-04
6.750000000000000000e+00,1.656040540124476131e-04
6.751999999999999780e+00,1.656749844606924225e-04
6.754000000000000448e+00,1.657459149072388292e-04
6.756000000000000227e+00,1.658168453520865622e-04
6.758000000000000007e+00,1.658877757952357298e-04
6.759999999999999787e+00,1.659587062366858984e-04
6.762000000000000455e+00,1.660296366764375559e-04
6.764000000000000234e+00,1.661005671144909733e-04
6.766000000000000014e+00,1.661714975508453646e-04
6.767999999999999794e+00,1.662424279855006213e-04
6.770000000000000462e+00,1.663133584184575567e-04
6.772000000000000242e+00,1.663842888497157641e-04
6.774000000000000021e+00,1.664552192792751080e-04
6.775999999999999801e+00,1.665261497071362660e-04
6.778000000000000469e+00,1.665970801332977203e-04
6.780000000000000249e+00,1.666680105577607990e-04
6.782000000000000028e+00,1.667389409805255021e-04
6.783999999999999808e+00,1.668098714015918296e-04
6.786000000000000476e+00,1.668808018209587516e-04
6.788000000000000256e+00,1.669517322386271081e-04
6.790000000000000036e+00,1.670226626545972788e-04
6.791999999999999815e+00,1.670935930688678271e-04
6.794000000000000483e+00,1.671645234814398643e-04
6.796000000000000263e+00,1.672354538923137427e-04
6.798000000000000043e+00,1.673063843014888931e-04
6.799999999999999822e+00,1.673773147089656409e-04
6.802000000000000490e+00,1.674482451147429017e-04
6.804000000000000270e+00,1.675191755188218412e-04
6.806000000000000050e+00,1.675901059212020797e-04
6.807999999999999829e+00,1.676610363218840783e-04
6.810000000000000497e+00,1.677319667208664814e-04
6.812000000000000277e+00,1.678028971181508072e-04
6.814000000000000057e+00,1.678738275137360797e-04
6.815999999999999837e+00,1.679447579076227056e-04
6.818000000000000504e+00,1.680156882998098174e-04
6.820000000000000284e+00,1.680866186902991229e-04
6.822000000000000064e+00,1.681575490790887517e-04
6.823999999999999844e+00,1.682284794661800321e-04
6.826000000000000512e+00,1.682994098515723676e-04
6.828000000000000291e+00,1.683703402352661107e-04
6.830000000000000071e+00,1.684412706172609090e-04
6.831999999999999851e+00,1.685122009975575756e-04
6.834000000000000519e+00,1.685831313761545927e-04
6.836000000000000298e+00,1.686540617530526379e-04
6.838000000000000078e+00,1.687249921282523617e-04
6.839999999999999858e+00,1.687959225017533575e-04
6.842000000000000526e+00,1.688668528735558423e-04
6.844000000000000306e+00,1.689377832436593822e-04
6.846000000000000085e+00,1.690087136120640586e-04
6.847999999999999865e+00,1.690796439787691939e-04
6.850000000000000533e+00,1.691505743437767668e-04
6.852000000000000313e+00,1.692215047070852864e-04
6.854000000000000092e+00,1.692924350686945360e-04
6.855999999999999872e+00,1.693633654286050576e-04
6.858000000000000540e+00,1.694342957868165531e-04
6.860000000000000320e+00,1.695052261433295103e-04
6.862000000000000099e+00,1.695761564981434415e-04
6.863999999999999879e+00,1.696470868512587259e-04
6.866000000000000547e+00,1.697180172026756619e-04
6.868000000000000327e+00,1.697889475523931923e-04
6.870000000000000107e+00,1.698598779004122116e-04
6.871999999999999886e+00,1.699308082467320693e-04
6.874000000000000554e+00,1.700017385913525755e-04
6.876000000000000334e+00,1.700726689342745978e-04
6.878000000000000114e+00,1.701435992754979463e-04
6.879999999999999893e+00,1.702145296150232444e-04
6.882000000000000561e+00,1.702854599528486220e-04
6.884000000000000341e+00,1.703563902889754884e-04
6.886000000000000121e+00,1.704273206234034914e-04
6.887999999999999901e+00,1.704982509561329832e-04
6.890000000000000568e+00,1.705691812871636115e-04
6.892000000000000348e+00,1.706401116164954306e-04
6.894000000000000128e+00,1.707110419441277627e-04
6.895999999999999908e+00,1.707819722700619361e-04
6.898000000000000576e+00,1.708529025942968937e-04
6.900000000000000355e+00,1.709238329168317680e-04
6.902000000000000135e+00,1.709947632376689986e-04
6.903999999999999915e+00,1.710656935568070404e-04
6.906000000000000583e+00,1.711366238742460290e-04
6.908000000000000362e+00,1.712075541899865877e-04
6.910000000000000142e+00,1.712784845040277951e-04
6.911999999999999922e+00,1.713494148163694072e-04
6.913999999999999702e+00,1.714203451270133755e-04
6.916000000000000369e+00,1.714912754359576401e-04
6.918000000000000149e+00,1.715622057432034477e-04
6.919999999999999929e+00,1.716331360487507443e-04
6.921999999999999709e+00,1.717040663525983913e-04
6.924000000000000377e+00,1.717749966547470935e-04
6.926000000000000156e+00,1.718459269551972032e-04
6.927999999999999936e+00,1.719168572539483411e-04
6.929999999999999716e+00,1.719877875510003715e-04
6.932000000000000384e+00,1.720587178463531589e-04
6.934000000000000163e+00,1.721296481400071371e-04
6.935999999999999943e+00,1.722005784319624415e-04
6.937999999999999723e+00,1.722715087222183945e-04
6.940000000000000391e+00,1.723424390107762159e-04
6.942000000000000171e+00,1.724133692976350654e-04
6.943999999999999950e+00,1.724842995827946990e-04
6.945999999999999730e+00,1.725552298662553065e-04
6.948000000000000398e+00,1.726261601480166710e-04
6.950000000000000178e+00,1.726970904280789552e-04
6.951999999999999957e+00,1.727680207064429452e-04
6.953999999999999737e+00,1.728389509831080716e-04
6.956000000000000405e+00,1.729098812580737925e-04
6.958000000000000185e+00,1.729808115313408938e-04
6.959999999999999964e+00,1.730517418029091316e-04
6.961999999999999744e+00,1.731226720727778012e-04
6.964000000000000412e+00,1.731936023409476886e-04
6.966000000000000192e+00,1.732645326074189294e-04
6.967999999999999972e+00,1.733354628721912524e-04
6.969999999999999751e+00,1.734063931352645494e-04
6.972000000000000419e+00,1.734773233966386576e-04
6.974000000000000199e+00,1.735482536563134415e-04
6.975999999999999979e+00,1.736191839142897685e-04
6.977999999999999758e+00,1.736901141705673676e-04
6.980000000000000426e+00,1.737610444251452087e-04
6.982000000000000206e+00,1.738319746780238068e-04
6.983999999999999986e+00,1.739029049292040835e-04
6.985999999999999766e+00,1.739738351786848192e-04
6.988000000000000433e+00,1.740447654264670437e-04
6.990000000000000213e+00,1.741156956725496187e-04
6.991999999999999993e+00,1.741866259169330320e-04
6.993999999999999773e+00,1.742575561596173650e-04
6.996000000000000441e+00,1.743284864006032682e-04
6.998000000000000220e+00,1.743994166398897387e-04
7.000000000000000000e+00,1.744703468774775083e-04
7.001999999999999780e+00,1.745412771133663602e-04
7.004000000000000448e+00,1.746122073475558337e-04
7.006000000000000227e+00,1.746831375800468231e-04
7.008000000000000007e+00,1.747540678108382985e-04
7.009999999999999787e+00,1.748249980399305310e-04
7.012000000000000455e+00,1.748959282673228429e-04
7.014000000000000234e+00,1.749668584930173484e-04
7.016000000000000014e+00,1.750377887170125296e-04
7.017999999999999794e+00,1.751087189393078444e-04
7.020000000000000462e+00,1.751796491599055697e-04
7.022000000000000242e+00,1.752505793788025612e-04
7.024000000000000021e+00,1.753215095960015024e-04
7.025999999999999801e+00,1.753924398115013904e-04
7.028000000000000469e+00,1.754633700253020354e-04
7.030000000000000249e+00,1.755343002374046843e-04
7.032000000000000028e+00,1.756052304478075753e-04
7.033999999999999808e+00,1.756761606565115485e-04
7.036000000000000476e+00,1.757470908635156554e-04
7.038000000000000256e+00,1.758180210688208987e-04
7.040000000000000036e+00,1.758889512724268449e-04
7.041999999999999815e+00,1.759598814743338463e-04
7.044000000000000483e+00,1.760308116745421198e-04
7.046000000000000263e+00,1.761017418730506353e-04
7.048000000000000043e+00,1.761726720698603415e-04
7.049999999999999822e+00,1.762436022649710758e-04
7.052000000000000490e+00,1.763145324583822147e-04
7.054000000000000270e+00,1.763854626500946528e-04
7.056000000000000050e+00,1.764563928401077396e-04
7.057999999999999829e+00,1.765273230284220983e-04
7.060000000000000497e+00,1.765982532150371328e-04
7.062000000000000277e+00,1.766691833999523280e-04
7.064000000000000057e+00,1.767401135831689037e-04
7.065999999999999837e+00,1.768110437646865617e-04
7.068000000000000504e+00,1.768819739445052477e-04
7.070000000000000284e+00,1.769529041226246095e-04
7.072000000000000064e+00,1.770238342990445928e-04
7.073999999999999844e+00,1.770947644737657126e-04
7.076000000000000512e+00,1.771656946467875353e-04
7.078000000000000291e+00,1.772366248181107384e-04
7.080000000000000071e+00,1.773075549877343191e-04
7.081999999999999851e+00,1.773784851556582231e-04
7.084000000000000519e+00,1.774494153218830197e-04
7.086000000000000298e+00,1.775203454864097388e-04
7.088000000000000078e+00,1.775912756492360224e-04
7.089999999999999858e+00,1.776622058103633341e-04
7.092000000000000526e+00,1.777331359697917009e-04
7.094000000000000306e+00,1.778040661275206080e-04
7.096000000000000085e+00,1.778749962835507600e-04
7.097999999999999865e+00,1.779459264378821298e-04
7.100000000000000533e+00,1.780168565905137145e-04
7.102000000000000313e+00,1.780877867414463274e-04
7.104000000000000092e+00,1.781587168906793991e-04
7.105999999999999872e+00,1.782296470382143392e-04
7.108000000000000540e+00,1.783005771840489521e-04
7.110000000000000320e+00,1.783715073281849726e-04
7.112000000000000099e+00,1.784424374706211538e-04
7.113999999999999879e+00,1.785133676113581462e-04
7.116000000000000547e+00,1.785842977503963023e-04
7.118000000000000327e+00,1.786552278877346733e-04
7.120000000000000107e+00,1.787261580233748314e-04
7.121999999999999886e+00,1.787970881573148249e-04
7.124000000000000554e+00,1.788680182895562259e-04
7.126000000000000334e+00,1.789389484200977606e-04
7.128000000000000114e+00,1.790098785489410281e-04
7.129999999999999893e+00,1.790808086760843480e-04
7.132000000000000561e+00,1.791517388015290754e-04
7.134000000000000341e+00,1.792226689252740719e-04
7.136000000000000121e+00,1.792935990473201507e-04
7.137999999999999901e+00,1.793645291676659024e-04
7.140000000000000568e+00,1.794354592863127906e-04
7.142000000000000348e+00,1.795063894032608424e-04
7.144000000000000128e+00,1.795773195185096783e-04
7.145999999999999908e+00,1.796482496320588919e-04
7.148000000000000576e+00,1.797191797439091877e-04
7.150000000000000355e+00,1.797901098540599153e-04
7.152000000000000135e+00,1.798610399625118878e-04
7.153999999999999915e+00,1.799319700692639126e-04
7.156000000000000583e+00,1.800029001743165319e-04
7.158000000000000362e+00,1.800738302776706671e-04
7.160000000000000142e+00,1.801447603793257220e-04
7.161999999999999922e+00,1.802156904792809647e-04
7.164000000000000590e+00,1.802866205775373440e-04
7.166000000000000369e+00,1.803575506740937755e-04
7.168000000000000149e+00,1.804284807689511268e-04
7.169999999999999929e+00,1.804994108621088013e-04
7.171999999999999709e+00,1.805703409535676937e-04
7.174000000000000377e+00,1.806412710433269908e-04
7.176000000000000156e+00,1.807122011313866926e-04
7.177999999999999936e+00,1.807831312177472869e-04
7.179999999999999716e+00,1.808540613024077980e-04
7.182000000000000384e+00,1.809249913853698793e-04
7.184000000000000163e+00,1.809959214666325821e-04
7.185999999999999943e+00,1.810668515461961233e-04
7.187999999999999723e+00,1.811377816240602318e-04
7.190000000000000391e+00,1.812087117002250160e-04
7.192000000000000171e+00,1.812796417746911264e-04
7.193999999999999950e+00,1.813505718474570723e-04
7.195999999999999730e+00,1.814215019185233687e-04
7.198000000000000398e+00,1.814924319878900155e-04
7.200000000000000178e+00,1.815633620555575820e-04
7.201999999999999957e+00,1.816342921215261224e-04
7.203999999999999737e+00,1.817052221857949049e-04
7.206000000000000405e+00,1.817761522483645799e-04
7.208000000000000185e+00,1.818470823092353372e-04
7.209999999999999964e+00,1.819180123684054420e-04
7.211999999999999744e+00,1.819889424258768190e-04
7.214000000000000412e+00,1.820598724816499287e-04
7.216000000000000192e+00,1.821308025357236328e-04
7.217999999999999972e+00,1.822017325880977959e-04
7.219999999999999751e+00,1.822726626387720654e-04
7.222000000000000419e+00,1.823435926877469836e-04
7.224000000000000199e+00,1.824145227350222793e-04
7.225999999999999979e+00,1.824854527805984405e-04
7.227999999999999758e+00,1.825563828244750335e-04
7.230000000000000426e+00,1.826273128666526817e-04
7.232000000000000206e+00,1.826982429071307616e-04
7.233999999999999986e+00,1.827691729459094902e-04
7.235999999999999766e+00,1.828401029829886506e-04
7.238000000000000433e+00,1.829110330183682427e-04
7.240000000000000213e+00,1.829819630520484563e-04
7.241999999999999993e+00,1.830528930840297794e-04
7.243999999999999773e+00,1.831238231143113987e-04
7.246000000000000441e+00,1.831947531428934769e-04
7.248000000000000220e+00,1.832656831697757971e-04
7.250000000000000000e+00,1.833366131949589286e-04
7.251999999999999780e+00,1.834075432184424377e-04
7.254000000000000448e+00,1.834784732402268664e-04
7.256000000000000227e+00,1.835494032603115914e-04
7.258000000000000007e+00,1.836203332786973715e-04
7.259999999999999787e+00,1.836912632953832853e-04
7.262000000000000455e+00,1.837621933103696580e-04
7.264000000000000234e+00,1.838331233236569775e-04
7.266000000000000014e+00,1.839040533352448914e-04
7.267999999999999794e+00,1.839749833451329118e-04
7.270000000000000462e+00,1.840459133533217705e-04
7.272000000000000242e+00,1.841168433598114134e-04
7.274000000000000021e+00,1.841877733646004852e-04
7.275999999999999801e+00,1.842587033676908290e-04
7.278000000000000469e+00,1.843296333690813064e-04
7.280000000000000249e+00,1.844005633687731643e-04
7.282000000000000028e+00,1.844714933667651287e-04
7.283999999999999808e+00,1.845424233630579586e-04
7.286000000000000476e+00,1.846133533576507053e-04
7.288000000000000256e+00,1.846842833505438295e-04
7.290000000000000036e+00,1.847552133417375481e-04
7.291999999999999815e+00,1.848261433312314546e-04
7.294000000000000483e+00,1.848970733190267687e-04
7.296000000000000263e+00,1.849680033051221892e-04
7.298000000000000043e+00,1.850389332895180686e-04
7.299999999999999822e+00,1.851098632722138920e-04
7.302000000000000490e+00,1.851807932532106079e-04
7.304000000000000270e+00,1.852517232325074574e-04
7.306000000000000050e+00,1.853226532101057145e-04
7.307999999999999829e+00,1.853935831860040510e-04
7.310000000000000497e+00,1.854645131602029819e-04
7.312000000000000277e+00,1.855354431327020464e-04
7.314000000000000057e+00,1.856063731035017595e-04
7.315999999999999837e+00,1.856773030726021484e-04
7.318000000000000504e+00,1.857482330400027522e-04
7.320000000000000284e+00,1.858191630057034625e-04
7.322000000000000064e+00,1.858900929697056888e-04
7.323999999999999844e+00,1.859610229320075609e-04
7.326000000000000512e+00,1.860319528926106779e-04
7.328000000000000291e+00,1.861028828515134948e-04
7.330000000000000071e+00,1.861738128087167977e-04
7.331999999999999851e+00,1.862447427642206950e-04
7.334000000000000519e+00,1.863156727180247259e-04
7.336000000000000298e+00,1.863866026701297579e-04
7.338000000000000078e+00,1.864575326205348421e-04
7.339999999999999858e+00,1.865284625692411441e-04
7.342000000000000526e+00,1.865993925162476611e-04
7.344000000000000306e+00,1.866703224615547183e-04
7.346000000000000085e+00,1.867412524051615839e-04
7.347999999999999865e+00,1.868121823470685018e-04
7.350000000000000533e+00,1.868831122872758785e-04
7.352000000000000313e+00,1.869540422257843647e-04
7.354000000000000092e+00,1.870249721625934724e-04
7.355999999999999872e+00,1.870959020977017921e-04
7.358000000000000540e+00,1.871668320311108147e-04
7.360000000000000320e+00,1.872377619628206756e-04
7.362000000000000099e+00,1.873086918928310225e-04
7.363999999999999879e+00,1.873796218211406898e-04
7.366000000000000547e+00,1.874505517477518732e-04
7.368000000000000327e+00,1.875214816726633528e-04
7.370000000000000107e+00,1.875924115958743697e-04
7.371999999999999886e+00,1.876633415173859811e-04
7.374000000000000554e+00,1.877342714371978616e-04
7.376000000000000334e+00,1.878052013553110954e-04
7.378000000000000114e+00,1.878761312717243815e-04
7.379999999999999893e+00,1.879470611864380181e-04
7.382000000000000561e+00,1.880179910994521136e-04
7.384000000000000341e+00,1.880889210107658549e-04
7.386000000000000121e+00,1.881598509203805428e-04
7.387999999999999901e+00,1.882307808282955542e-04
7.390000000000000568e+00,1.883017107345112142e-04
7.392000000000000348e+00,1.883726406390267367e-04
7.394000000000000128e+00,1.884435705418422574e-04
7.395999999999999908e+00,1.885145004429586977e-04
7.398000000000000576e+00,1.885854303423752988e-04
7.400000000000000355e+00,1.886563602400923045e-04
7.402000000000000135e+00,1.887272901361093625e-04
7.403999999999999915e+00,1.887982200304272589e-04
7.406000000000000583e+00,1.888691499230452347e-04
7.408000000000000362e+00,1.889400798139640218e-04
7.410000000000000142e+00,1.890110097031827527e-04
7.411999999999999922e+00,1.890819395907019425e-04
7.414000000000000590e+00,1.891528694765212389e-04
7.416000000000000369e+00,1.892237993606405062e-04
7.418000000000000149e+00,1.892947292430608558e-04
7.419999999999999929e+00,1.893656591237810138e-04
7.422000000000000597e+00,1.894365890028016578e-04
7.424000000000000377e+00,1.895075188801222999e-04
7.426000000000000156e+00,1.895784487557429401e-04
7.427999999999999936e+00,1.896493786296639579e-04
7.429999999999999716e+00,1.897203085018859224e-04
7.432000000000000384e+00,1.897912383724079664e-04
7.434000000000000163e+00,1.898621682412305776e-04
7.435999999999999943e+00,1.899330981083527533e-04
7.437999999999999723e+00,1.900040279737762281e-04
7.440000000000000391e+00,1.900749578374999720e-04
7.442000000000000171e+00,1.901458876995228738e-04
7.443999999999999950e+00,1.902168175598462345e-04
7.445999999999999730e+00,1.902877474184702167e-04
7.448000000000000398e+00,1.903586772753946036e-04
7.450000000000000178e+00,1.904296071306179586e-04
7.451999999999999957e+00,1.905005369841424772e-04
7.453999999999999737e+00,1.905714668359662892e-04
7.456000000000000405e+00,1.906423966860920237e-04
7.458000000000000185e+00,1.907133265345179189e-04
7.459999999999999964e+00,1.907842563812429991e-04
7.461999999999999744e+00,1.908551862262687008e-04
7.464000000000000412e+00,1.909261160695951325e-04
7.466000000000000192e+00,1.909970459112216978e-04
7.467999999999999972e+00,1.910679757511485051e-04
7.469999999999999751e+00,1.911389055893751750e-04
7.472000000000000419e+00,1.912098354259028187e-04
7.474000000000000199e+00,1.912807652607296204e-04
7.475999999999999979e+00,1.913516950938577482e-04
7.477999999999999758e+00,1.914226249252850881e-04
7.480000000000000426e+00,1.914935547550126972e-04
7.482000000000000206e+00,1.915644845830408735e-04
7.483999999999999986e+00,1.916354144093696172e-04
7.485999999999999766e+00,1.917063442339980879e-04
7.488000000000000433e+00,1.917772740569272344e-04
7.490000000000000213e+00,1.918482038781565144e-04
7.491999999999999993e+00,1.919191336976856029e-04
7.493999999999999773e+00,1.919900635155152586e-04
7.496000000000000441e+00,1.920609933316451835e-04
7.498000000000000220e+00,1.921319231460749167e-04
7.500000000000000000e+00,1.922028529588046481e-04
7.501999999999999780e+00,1.922737827698347841e-04
7.504000000000000448e+00,1.923447125791649453e-04
7.506000000000000227e+00,1.924156423867959991e-04
7.508000000000000007e+00,1.924865721927274576e-04
7.509999999999999787e+00,1.925575019969587244e-04
7.512000000000000455e+00,1.926284317994897725e-04
7.514000000000000234e+00,1.926993616003207373e-04
7.516000000000000014e+00,1.927702913994522424e-04
7.517999999999999794e+00,1.928412211968838811e-04
7.520000000000000462e+00,1.929121509926152197e-04
7.522000000000000242e+00,1.929830807866471257e-04
7.524000000000000021e+00,1.930540105789784334e-04
7.525999999999999801e+00,1.931249403696106066e-04
7.528000000000000469e+00,1.931958701585426424e-04
7.530000000000000249e+00,1.932667999457748931e-04
7.532000000000000028e+00,1.933377297313077111e-04
7.533999999999999808e+00,1.934086595151399580e-04
7.536000000000000476e+00,1.934795892972722301e-04
7.538000000000000256e+00,1.935505190777041750e-04
7.540000000000000036e+00,1.936214488564374191e-04
7.541999999999999815e+00,1.936923786334709052e-04
7.544000000000000483e+00,1.937633084088040099e-04
7.546000000000000263e+00,1.938342381824372483e-04
7.548000000000000043e+00,1.939051679543700240e-04
7.549999999999999822e+00,1.939760977246032857e-04
7.552000000000000490e+00,1.940470274931370333e-04
7.554000000000000270e+00,1.941179572599703454e-04
7.556000000000000050e+00,1.941888870251045230e-04
7.557999999999999829e+00,1.942598167885379126e-04
7.560000000000000497e+00,1.943307465502724116e-04
7.562000000000000277e+00,1.944016763103065563e-04
7.564000000000000057e+00,1.944726060686410515e-04
7.565999999999999837e+00,1.945435358252754364e-04
7.568000000000000504e+00,1.946144655802090875e-04
7.570000000000000284e+00,1.946853953334430891e-04
7.572000000000000064e+00,1.947563250849779020e-04
7.573999999999999844e+00,1.948272548348125503e-04
7.576000000000000512e+00,1.948981845829469257e-04
7.578000000000000291e+00,1.949691143293821936e-04
7.580000000000000071e+00,1.950400440741168904e-04
7.581999999999999851e+00,1.951109738171516396e-04
7.584000000000000519e+00,1.951819035584866037e-04
7.586000000000000298e+00,1.952528332981212948e-04
7.588000000000000078e+00,1.953237630360558214e-04
7.589999999999999858e+00,1.953946927722905358e-04
7.592000000000000526e+00,1.954656225068248146e-04
7.594000000000000306e+00,1.955365522396604197e-04
7.596000000000000085e+00,1.956074819707953182e-04
7.597999999999999865e+00,1.956784117002304316e-04
7.600000000000000533e+00,1.957493414279654618e-04
7.602000000000000313e+00,1.958202711540009237e-04
7.604000000000000092e+00,1.958912008783364922e-04
7.605999999999999872e+00,1.959621306009716793e-04
7.608000000000000540e+00,1.960330603219063224e-04
7.610000000000000320e+00,1.961039900411411534e-04
7.612000000000000099e+00,1.961749197586763348e-04
7.613999999999999879e+00,1.962458494745115956e-04
7.616000000000000547e+00,1.963167791886466919e-04
7.618000000000000327e+00,1.963877089010822741e-04
7.620000000000000107e+00,1.964586386118174479e-04
7.621999999999999886e+00,1.965295683208527283e-04
7.624000000000000554e+00,1.966004980281875730e-04
7.626000000000000334e+00,1.966714277338229579e-04
7.628000000000000114e+00,1.967423574377576362e-04
7.629999999999999893e+00,1.968132871399935595e-04
7.632000000000000561e+00,1.968842168405283424e-04
7.634000000000000341e+00,1.969551465393631505e-04
7.636000000000000121e+00,1.970260762364972520e-04
7.637999999999999901e+00,1.970970059319320563e-04
7.640000000000000568e+00,1.971679356256675092e-04
7.642000000000000348e+00,1.972388653177023911e-04
7.644000000000000128e+00,1.973097950080372439e-04
7.645999999999999908e+00,1.973807246966714714e-04
7.648000000000000576e+00,1.974516543836060223e-04
7.650000000000000355e+00,1.975225840688406525e-04
7.652000000000000135e+00,1.975935137523752538e-04
7.653999999999999915e+00,1.976644434342102869e-04
7.656000000000000583e+00,1.977353731143447488e-04
7.658000000000000362e+00,1.978063027927793444e-04
7.660000000000000142e+00,1.978772324695135586e-04
7.661999999999999922e+00,1.979481621445482046e-04
7.664000000000000590e+00,1.980190918178824421e-04
7.666000000000000369e+00,1.980900214895164337e-04
7.668000000000000149e+00,1.981609511594508571e-04
7.669999999999999929e+00,1.982318808276852787e-04
7.672000000000000597e+00,1.983028104942187767e-04
7.674000000000000377e+00,1.983737401590529505e-04
7.676000000000000156e+00,1.984446698221872037e-04
7.677999999999999936e+00,1.985155994836210213e-04
7.679999999999999716e+00,1.985865291433537528e-04
7.682000000000000384e+00,1.986574588013868077e-04
7.684000000000000163e+00,1.987283884577194541e-04
7.685999999999999943e+00,1.987993181123516107e-04
7.687999999999999723e+00,1.988702477652852291e-04
7.690000000000000391e+00,1.989411774165180595e-04
7.692000000000000171e+00,1.990121070660506983e-04
7.693999999999999950e+00,1.990830367138831725e-04
7.695999999999999730e+00,1.991539663600158346e-04
7.698000000000000398e+00,1.992248960044483051e-04
7.700000000000000178e+00,1.992958256471808820e-04
7.701999999999999957e+00,1.993667552882133216e-04
7.703999999999999737e+00,1.994376849275449732e-04
7.706000000000000405e+00,1.995086145651767313e-04
7.708000000000000185e+00,1.995795442011086501e-04
7.709999999999999964e+00,1.996504738353401876e-04
7.711999999999999744e+00,1.997214034678712353e-04
7.714000000000000412e+00,1.997923330987022269e-04
7.716000000000000192e+00,1.998632627278337857e-04
7.717999999999999972e+00,1.999341923552646922e-04
7.719999999999999751e+00,2.000051219809952173e-04
7.722000000000000419e+00,2.000760516050258217e-04
7.724000000000000199e+00,2.001469812273559364e-04
7.725999999999999979e+00,2.002179108479861577e-04
7.727999999999999758e+00,2.002888404669167022e-04
7.730000000000000426e+00,2.003597700841467841e-04
7.732000000000000206e+00,2.004306996996765389e-04
7.733999999999999986e+00,2.005016293135061019e-04
7.735999999999999766e+00,2.005725589256355547e-04
7.738000000000000433e+00,2.006434885360644093e-04
7.740000000000000213e+00,2.007144181447939667e-04
7.741999999999999993e+00,2.007853477518229800e-04
7.743999999999999773e+00,2.008562773571510428e-04
7.746000000000000441e+00,2.009272069607796187e-04
7.748000000000000220e+00,2.009981365627082470e-04
7.750000000000000000e+00,2.010690661629360330e-04
7.751999999999999780e+00,2.011399957614638985e-04
7.754000000000000448e+00,2.012109253582911386e-04
7.756000000000000227e+00,2.012818549534190003e-04
7.758000000000000007e+00,2.013527845468462366e-04
7.759999999999999787e+00,2.014237141385728205e-04
7.762000000000000455e+00,2.014946437285992670e-04
7.764000000000000234e+00,2.015655733169253593e-04
7.766000000000000014e+00,2.016365029035518020e-04
7.767999999999999794e+00,2.017074324884769146e-04
7.770000000000000462e+00,2.017783620717030282e-04
7.772000000000000242e+00,2.018492916532290858e-04
7.774000000000000021e+00,2.019202212330538132e-04
7.775999999999999801e+00,2.019911508111787285e-04
7.778000000000000469e+00,2.020620803876033980e-04
7.780000000000000249e+00,2.021330099623279029e-04
7.782000000000000028e+00,2.022039395353525414e-04
7.783999999999999808e+00,2.022748691066767715e-04
7.786000000000000476e+00,2.023457986762999155e-04
7.788000000000000256e+00,2.024167282442238165e-04
7.790000000000000036e+00,2.024876578104470651e-04
7.791999999999999815e+00,2.025585873749694986e-04
7.794000000000000483e+00,2.026295169377923639e-04
7.796000000000000263e+00,2.027004464989148750e-04
7.798000000000000043e+00,2.027713760583366794e-04
7.799999999999999822e+00,2.028423056160585632e-04
7.802000000000000490e+00,2.029132351720798759e-04
7.804000000000000270e+00,2.029841647264015933e-04
7.806000000000000050e+00,2.030550942790227396e-04
7.807999999999999829e+00,2.031260238299428540e-04
7.810000000000000497e+00,2.031969533791632375e-04
7.812000000000000277e+00,2.032678829266828060e-04
7.814000000000000057e+00,2.033388124725027792e-04
7.815999999999999837e+00,2.034097420166218560e-04
7.818000000000000504e+00,2.034806715590406598e-04
7.820000000000000284e+00,2.035516010997596515e-04
7.822000000000000064e+00,2.036225306387782889e-04
7.823999999999999844e+00,2.036934601760959757e-04
7.826000000000000512e+00,2.037643897117137691e-04
7.828000000000000291e+00,2.038353192456313979e-04
7.830000000000000071e+00,2.039062487778485911e-04
7.831999999999999851e+00,2.039771783083651319e-04
7.834000000000000519e+00,2.040481078371813998e-04
7.836000000000000298e+00,2.041190373642975302e-04
7.838000000000000078e+00,2.041899668897131980e-04
7.839999999999999858e+00,2.042608964134288367e-04
7.842000000000000526e+00,2.043318259354436875e-04
7.844000000000000306e+00,2.044027554557583195e-04
7.846000000000000085e+00,2.044736849743722721e-04
7.847999999999999865e+00,2.045446144912860871e-04
7.850000000000000533e+00,2.046155440064995480e-04
7.852000000000000313e+00,2.046864735200130069e-04
7.854000000000000092e+00,2.047574030318257050e-04
7.855999999999999872e+00,2.048283325419372899e-04
7.858000000000000540e+00,2.048992620503497131e-04
7.860000000000000320e+00,2.049701915570612671e-04
7.862000000000000099e+00,2.050411210620726294e-04
7.863999999999999879e+00,2.051120505653837730e-04
7.866000000000000547e+00,2.051829800669946436e-04
7.868000000000000327e+00,2.052539095669054039e-04
7.870000000000000107e+00,2.053248390651155389e-04
7.871999999999999886e+00,2.053957685616243168e-04
7.874000000000000554e+00,2.054666980564322524e-04
7.876000000000000334e+00,2.055376275495414873e-04
7.878000000000000114e+00,2.056085570409502865e-04
7.879999999999999893e+00,2.056794865306576473e-04
7.882000000000000561e+00,2.057504160186656567e-04
7.884000000000000341e+00,2.058213455049732576e-04
7.886000000000000121e+00,2.058922749895799079e-04
7.887999999999999901e+00,2.059632044724862311e-04
7.890000000000000568e+00,2.060341339536923898e-04
7.892000000000000348e+00,2.061050634331977605e-04
7.894000000000000128e+00,2.061759929110018553e-04
7.895999999999999908e+00,2.062469223871062193e-04
7.898000000000000576e+00,2.063178518615096870e-04
7.900000000000000355e+00,2.063887813342132069e-04
7.902000000000000135e+00,2.064597108052160202e-04
7.903999999999999915e+00,2.065306402745187232e-04
7.906000000000000583e+00,2.066015697421211262e-04
7.908000000000000362e+00,2.066724992080235272e-04
7.910000000000000142e+00,2.067434286722245982e-04
7.911999999999999922e+00,2.068143581347254233e-04
7.914000000000000590e+00,2.068852875955252437e-04
7.916000000000000369e+00,2.069562170546252518e-04
7.918000000000000149e+00,2.070271465120248787e-04
7.919999999999999929e+00,2.070980759677239886e-04
7.922000000000000597e+00,2.071690054217223105e-04
7.924000000000000377e+00,2.072399348740196277e-04
7.926000000000000156e+00,2.073108643246170514e-04
7.927999999999999936e+00,2.073817937735140937e-04
7.930000000000000604e+00,2.074527232207105379e-04
7.932000000000000384e+00,2.075236526662067903e-04
7.934000000000000163e+00,2.075945821100017399e-04
7.935999999999999943e+00,2.076655115520970670e-04
7.937999999999999723e+00,2.077364409924913893e-04
7.940000000000000391e+00,2.078073704311846526e-04
7.942000000000000171e+00,2.078782998681790795e-04
7.943999999999999950e+00,2.079492293034725830e-04
7.945999999999999730e+00,2.080201587370651087e-04
7.948000000000000398e+00,2.080910881689574971e-04
7.950000000000000178e+00,2.081620175991486367e-04
7.951999999999999957e+00,2.082329470276393678e-04
7.953999999999999737e+00,2.083038764544299344e-04
7.956000000000000405e+00,2.083748058795200384e-04
7.958000000000000185e+00,2.084457353029098151e-04
7.959999999999999964e+00,2.085166647245986684e-04
7.961999999999999744e+00,2.085875941445867879e-04
7.964000000000000412e+00,2.086585235628746887e-04
7.966000000000000192e+00,2.087294529794615848e-04
7.967999999999999972e+00,2.088003823943485331e-04
7.969999999999999751e+00,2.088713118075336635e-04
7.972000000000000419e+00,2.089422412190192798e-04
7.974000000000000199e+00,2.090131706288038643e-04
7.975999999999999979e+00,2.090841000368883927e-04
7.977999999999999758e+00,2.091550294432719434e-04
7.980000000000000426e+00,2.092259588479551940e-04
7.982000000000000206e+00,2.092968882509379819e-04
7.983999999999999986e+00,2.093678176522202259e-04
7.985999999999999766e+00,2.094387470518008416e-04
7.988000000000000433e+00,2.095096764496820788e-04
7.990000000000000213e+00,2.095806058458624197e-04
7.991999999999999993e+00,2.096515352403419726e-04
7.993999999999999773e+00,2.097224646331210629e-04
7.996000000000000441e+00,2.097933940242002596e-04
7.998000000000000220e+00,2.098643234135777198e-04
8.000000000000000000e+00,2.099352528012545004e-04
8.002000000000000668e+00,2.100061821872314688e-04
8.003999999999999559e+00,2.100771115715080017e-04
8.006000000000000227e+00,2.101480409540833129e-04
8.008000000000000895e+00,2.102189703349578633e-04
8.009999999999999787e+00,2.102898997141327100e-04
8.012000000000000455e+00,2.103608290916059284e-04
8.013999999999999346e+00,2.104317584673790365e-04
8.016000000000000014e+00,2.105026878414512483e-04
8.018000000000000682e+00,2.105736172138235394e-04
8.019999999999999574e+00,2.106445465844944192e-04
8.022000000000000242e+00,2.107154759534651345e-04
8.024000000000000909e+00,2.107864053207350076e-04
8.025999999999999801e+00,2.108573346863036591e-04
8.028000000000000469e+00,2.109282640501727423e-04
8.029999999999999361e+00,2.109991934123404955e-04
8.032000000000000028e+00,2.110701227728082740e-04
8.034000000000000696e+00,2.111410521315744784e-04
8.035999999999999588e+00,2.112119814886409520e-04
8.038000000000000256e+00,2.112829108440065563e-04
8.040000000000000924e+00,2.113538401976716437e-04
8.041999999999999815e+00,2.114247695496356450e-04
8.044000000000000483e+00,2.114956988998987499e-04
8.045999999999999375e+00,2.115666282484615006e-04
8.048000000000000043e+00,2.116375575953230567e-04
8.050000000000000711e+00,2.117084869404844754e-04
8.051999999999999602e+00,2.117794162839451875e-04
8.054000000000000270e+00,2.118503456257055453e-04
8.056000000000000938e+00,2.119212749657654134e-04
8.057999999999999829e+00,2.119922043041238971e-04
8.060000000000000497e+00,2.120631336407822977e-04
8.061999999999999389e+00,2.121340629757398019e-04
8.064000000000000057e+00,2.122049923089960844e-04
8.066000000000000725e+00,2.122759216405520398e-04
8.067999999999999616e+00,2.123468509704082643e-04
8.070000000000000284e+00,2.124177802985627794e-04
8.072000000000000952e+00,2.124887096250156933e-04
8.073999999999999844e+00,2.125596389497687950e-04
8.076000000000000512e+00,2.126305682728215696e-04
8.077999999999999403e+00,2.127014975941736105e-04
8.080000000000000071e+00,2.127724269138244568e-04
8.082000000000000739e+00,2.128433562317750573e-04
8.083999999999999631e+00,2.129142855480239212e-04
8.086000000000000298e+00,2.129852148625720513e-04
8.088000000000000966e+00,2.130561441754206945e-04
8.089999999999999858e+00,2.131270734865679535e-04
8.092000000000000526e+00,2.131980027960147226e-04
8.093999999999999417e+00,2.132689321037607309e-04
8.096000000000000085e+00,2.133398614098051111e-04
8.098000000000000753e+00,2.134107907141500043e-04
8.099999999999999645e+00,2.134817200167931067e-04
8.102000000000000313e+00,2.135526493177356108e-04
8.104000000000000981e+00,2.136235786169777878e-04
8.105999999999999872e+00,2.136945079145188245e-04
8.108000000000000540e+00,2.137654372103597509e-04
8.109999999999999432e+00,2.138363665044992388e-04
8.112000000000000099e+00,2.139072957969381013e-04
8.114000000000000767e+00,2.139782250876767994e-04
8.115999999999999659e+00,2.140491543767141674e-04
8.118000000000000327e+00,2.141200836640506661e-04
8.120000000000000995e+00,2.141910129496861330e-04
8.121999999999999886e+00,2.142619422336208119e-04
8.124000000000000554e+00,2.143328715158551094e-04
8.125999999999999446e+00,2.144038007963885105e-04
8.128000000000000114e+00,2.144747300752211237e-04
8.130000000000000782e+00,2.145456593523527051e-04
8.131999999999999673e+00,2.146165886277837966e-04
8.134000000000000341e+00,2.146875179015138291e-04
8.136000000000001009e+00,2.147584471735435616e-04
8.137999999999999901e+00,2.148293764438713406e-04
8.140000000000000568e+00,2.149003057124987924e-04
8.141999999999999460e+00,2.149712349794256189e-04
8.144000000000000128e+00,2.150421642446519557e-04
8.146000000000000796e+00,2.151130935081771521e-04
8.147999999999999687e+00,2.151840227700012895e-04
8.150000000000000355e+00,2.152549520301251539e-04
8.152000000000001023e+00,2.153258812885473902e-04
8.153999999999999915e+00,2.153968105452694619e-04
8.156000000000000583e+00,2.154677398002905289e-04
8.157999999999999474e+00,2.155386690536118378e-04
8.160000000000000142e+00,2.156095983052313831e-04
8.162000000000000810e+00,2.156805275551502488e-04
8.163999999999999702e+00,2.157514568033675134e-04
8.166000000000000369e+00,2.158223860498836649e-04
8.168000000000001037e+00,2.158933152947003294e-04
8.169999999999999929e+00,2.159642445378153386e-04
8.172000000000000597e+00,2.160351737792301561e-04
8.173999999999999488e+00,2.161061030189428305e-04
8.176000000000000156e+00,2.161770322569554488e-04
8.178000000000000824e+00,2.162479614932671706e-04
8.179999999999999716e+00,2.163188907278777522e-04
8.182000000000000384e+00,2.163898199607879253e-04
8.184000000000001052e+00,2.164607491919968497e-04
8.185999999999999943e+00,2.165316784215045524e-04
8.188000000000000611e+00,2.166026076493117924e-04
8.189999999999999503e+00,2.166735368754182174e-04
8.192000000000000171e+00,2.167444660998230413e-04
8.194000000000000838e+00,2.168153953225278904e-04
8.195999999999999730e+00,2.168863245435312739e-04
8.198000000000000398e+00,2.169572537628333274e-04
8.199999999999999289e+00,2.170281829804354874e-04
8.201999999999999957e+00,2.170991121963362089e-04
8.204000000000000625e+00,2.171700414105366033e-04
8.205999999999999517e+00,2.172409706230355863e-04
8.208000000000000185e+00,2.173118998338338355e-04
8.210000000000000853e+00,2.173828290429317305e-04
8.211999999999999744e+00,2.174537582503276178e-04
8.214000000000000412e+00,2.175246874560232322e-04
8.215999999999999304e+00,2.175956166600178689e-04
8.217999999999999972e+00,2.176665458623114737e-04
8.220000000000000639e+00,2.177374750629036129e-04
8.221999999999999531e+00,2.178084042617955062e-04
8.224000000000000199e+00,2.178793334589856088e-04
8.226000000000000867e+00,2.179502626544755467e-04
8.227999999999999758e+00,2.180211918482640463e-04
8.230000000000000426e+00,2.180921210403520289e-04
8.231999999999999318e+00,2.181630502307384918e-04
8.233999999999999986e+00,2.182339794194245461e-04
8.236000000000000654e+00,2.183049086064092433e-04
8.237999999999999545e+00,2.183758377916928002e-04
8.240000000000000213e+00,2.184467669752760029e-04
8.242000000000000881e+00,2.185176961571579568e-04
8.243999999999999773e+00,2.185886253373383909e-04
8.246000000000000441e+00,2.186595545158186063e-04
8.247999999999999332e+00,2.187304836925973561e-04
8.250000000000000000e+00,2.188014128676752637e-04
8.252000000000000668e+00,2.188723420410522208e-04
8.253999999999999559e+00,2.189432712127289320e-04
8.256000000000000227e+00,2.190142003827038524e-04
8.258000000000000895e+00,2.190851295509776053e-04
8.259999999999999787e+00,2.191560587175509769e-04
8.262000000000000455e+00,2.192269878824229371e-04
8.263999999999999346e+00,2.192979170455936486e-04
8.266000000000000014e+00,2.193688462070636806e-04
8.268000000000000682e+00,2.194397753668326265e-04
8.269999999999999574e+00,2.195107045249007573e-04
8.272000000000000242e+00,2.195816336812672599e-04
8.274000000000000909e+00,2.196525628359327848e-04
8.275999999999999801e+00,2.197234919888973591e-04
8.278000000000000469e+00,2.197944211401609829e-04
8.279999999999999361e+00,2.198653502897243337e-04
8.282000000000000028e+00,2.199362794375863816e-04
8.284000000000000696e+00,2.200072085837476686e-04
8.285999999999999588e+00,2.200781377282072190e-04
8.288000000000000256e+00,2.201490668709656833e-04
8.290000000000000924e+00,2.202199960120230073e-04
8.291999999999999815e+00,2.202909251513797059e-04
8.294000000000000483e+00,2.203618542890361045e-04
8.295999999999999375e+00,2.204327834249906039e-04
8.298000000000000043e+00,2.205037125592437461e-04
8.300000000000000711e+00,2.205746416917961274e-04
8.301999999999999602e+00,2.206455708226477208e-04
8.304000000000000270e+00,2.207164999517989600e-04
8.306000000000000938e+00,2.207874290792474867e-04
8.307999999999999829e+00,2.208583582049957134e-04
8.310000000000000497e+00,2.209292873290428811e-04
8.311999999999999389e+00,2.210002164513888000e-04
8.314000000000000057e+00,2.210711455720335786e-04
8.316000000000000725e+00,2.211420746909778404e-04
8.317999999999999616e+00,2.212130038082202842e-04
8.320000000000000284e+00,2.212839329237621569e-04
8.322000000000000952e+00,2.213548620376032145e-04
8.323999999999999844e+00,2.214257911497430776e-04
8.326000000000000512e+00,2.214967202601811228e-04
8.327999999999999403e+00,2.215676493689182716e-04
8.330000000000000071e+00,2.216385784759540903e-04
8.332000000000000739e+00,2.217095075812889585e-04
8.333999999999999631e+00,2.217804366849226050e-04
8.336000000000000298e+00,2.218513657868550842e-04
8.338000000000000966e+00,2.219222948870870193e-04
8.339999999999999858e+00,2.219932239856174075e-04
8.342000000000000526e+00,2.220641530824461133e-04
8.343999999999999417e+00,2.221350821775738686e-04
8.346000000000000085e+00,2.222060112710002124e-04
8.348000000000000753e+00,2.222769403627258768e-04
8.349999999999999645e+00,2.223478694527513495e-04
8.352000000000000313e+00,2.224187985410743809e-04
8.354000000000000981e+00,2.224897276276963532e-04
8.355999999999999872e+00,2.225606567126173208e-04
8.358000000000000540e+00,2.226315857958369312e-04
8.359999999999999432e+00,2.227025148773559163e-04
8.362000000000000099e+00,2.227734439571735171e-04
8.364000000000000767e+00,2.228443730352903300e-04
8.365999999999999659e+00,2.229153021117054605e-04
8.368000000000000327e+00,2.229862311864195320e-04
8.370000000000000995e+00,2.230571602594329239e-04
8.371999999999999886e+00,2.231280893307446063e-04
8.374000000000000554e+00,2.231990184003551213e-04
8.375999999999999446e+00,2.232699474682645774e-04
8.378000000000000114e+00,2.233408765344731912e-04
8.380000000000000782e+00,2.234118055989800684e-04
8.381999999999999673e+00,2.234827346617860493e-04
8.384000000000000341e+00,2.235536637228909169e-04
8.386000000000001009e+00,2.236245927822938853e-04
8.387999999999999901e+00,2.236955218399959032e-04
8.390000000000000568e+00,2.237664508959971059e-04
8.391999999999999460e+00,2.238373799502970600e-04
8.394000000000000128e+00,2.239083090028961718e-04
8.396000000000000796e+00,2.239792380537929508e-04
8.397999999999999687e+00,2.240501671029898633e-04
8.400000000000000355e+00,2.241210961504842532e-04
8.402000000000001023e+00,2.241920251962778552e-04
8.403999999999999915e+00,2.242629542403702897e-04
8.406000000000000583e+00,2.243338832827615568e-04
8.407999999999999474e+00,2.244048123234520901e-04
8.410000000000000142e+00,2.244757413624409411e-04
8.412000000000000810e+00,2.245466703997287873e-04
8.413999999999999702e+00,2.246175994353153034e-04
8.416000000000000369e+00,2.246885284692010044e-04
8.418000000000001037e+00,2.247594575013850502e-04
8.419999999999999929e+00,2.248303865318666546e-04
8.422000000000000597e+00,2.249013155606480944e-04
8.423999999999999488e+00,2.249722445877275537e-04
8.426000000000000156e+00,2.250431736131063335e-04
8.428000000000000824e+00,2.251141026367843524e-04
8.429999999999999716e+00,2.251850316587602281e-04
8.432000000000000384e+00,2.252559606790352617e-04
8.434000000000001052e+00,2.253268896976088026e-04
8.435999999999999943e+00,2.253978187144813387e-04
8.438000000000000611e+00,2.254687477296520297e-04
8.439999999999999503e+00,2.255396767431224478e-04
8.442000000000000171e+00,2.256106057548911564e-04
8.444000000000000838e+00,2.256815347649581012e-04
8.445999999999999730e+00,2.257524637733242039e-04
8.448000000000000398e+00,2.258233927799884074e-04
8.449999999999999289e+00,2.258943217849523379e-04
8.451999999999999957e+00,2.259652507882141522e-04
8.454000000000000625e+00,2.260361797897753142e-04
8.455999999999999517e+00,2.261071087896347938e-04
8.458000000000000185e+00,2.261780377877922927e-04
8.460000000000000853e+00,2.262489667842490580e-04
8.461999999999999744e+00,2.263198957790047371e-04
8.464000000000000412e+00,2.263908247720596554e-04
8.465999999999999304e+00,2.264617537634127829e-04
8.467999999999999972e+00,2.265326827530645261e-04
8.470000000000000639e+00,2.266036117410152916e-04
8.471999999999999531e+00,2.266745407272632092e-04
8.474000000000000199e+00,2.267454697118103930e-04
8.476000000000000867e+00,2.268163986946563823e-04
8.477999999999999758e+00,2.268873276758013398e-04
8.480000000000000426e+00,2.269582566552451298e-04
8.481999999999999318e+00,2.270291856329872374e-04
8.483999999999999986e+00,2.271001146090280691e-04
8.486000000000000654e+00,2.271710435833670830e-04
8.487999999999999545e+00,2.272419725560052275e-04
8.490000000000000213e+00,2.273129015269424215e-04
8.492000000000000881e+00,2.273838304961777975e-04
8.493999999999999773e+00,2.274547594637123856e-04
8.496000000000000441e+00,2.275256884295446408e-04
8.497999999999999332e+00,2.275966173936754303e-04
8.500000000000000000e+00,2.276675463561054049e-04
8.502000000000000668e+00,2.277384753168339951e-04
8.503999999999999559e+00,2.278094042758613638e-04
8.506000000000000227e+00,2.278803332331877547e-04
8.508000000000000895e+00,2.279512621888126259e-04
8.509999999999999787e+00,2.280221911427351912e-04
8.512000000000000455e+00,2.280931200949568873e-04
8.513999999999999346e+00,2.281640490454773889e-04
8.516000000000000014e+00,2.282349779942958014e-04
8.518000000000000682e+00,2.283059069414131008e-04
8.519999999999999574e+00,2.283768358868289888e-04
8.522000000000000242e+00,2.284477648305439533e-04
8.524000000000000909e+00,2.285186937725568559e-04
8.525999999999999801e+00,2.285896227128680490e-04
8.528000000000000469e+00,2.286605516514779934e-04
8.529999999999999361e+00,2.287314805883869059e-04
8.532000000000000028e+00,2.288024095235940546e-04
8.534000000000000696e+00,2.288733384571002257e-04
8.535999999999999588e+00,2.289442673889044162e-04
8.538000000000000256e+00,2.290151963190070598e-04
8.540000000000000924e+00,2.290861252474090239e-04
8.541999999999999815e+00,2.291570541741098747e-04
8.544000000000000483e+00,2.292279830991083927e-04
8.545999999999999375e+00,2.292989120224056890e-04
8.548000000000000043e+00,2.293698409440019263e-04
8.550000000000000711e+00,2.294407698638961559e-04
8.551999999999999602e+00,2.295116987820887845e-04
8.554000000000000270e+00,2.295826276985806250e-04
8.556000000000000938e+00,2.296535566133711356e-04
8.557999999999999829e+00,2.297244855264596384e-04
8.560000000000000497e+00,2.297954144378464860e-04
8.561999999999999389e+00,2.298663433475318138e-04
8.564000000000000057e+00,2.299372722555159199e-04
8.566000000000000725e+00,2.300082011617988586e-04
8.567999999999999616e+00,2.300791300663799794e-04
8.570000000000000284e+00,2.301500589692602038e-04
8.572000000000000952e+00,2.302209878704386103e-04
8.573999999999999844e+00,2.302919167699152530e-04
8.576000000000000512e+00,2.303628456676902404e-04
8.577999999999999403e+00,2.304337745637642773e-04
8.580000000000000071e+00,2.305047034581364149e-04
8.582000000000000739e+00,2.305756323508069514e-04
8.583999999999999631e+00,2.306465612417767813e-04
8.586000000000000298e+00,2.307174901310445763e-04
8.588000000000000966e+00,2.307884190186108245e-04
8.589999999999999858e+00,2.308593479044752006e-04
8.592000000000000526e+00,2.309302767886381924e-04
8.593999999999999417e+00,2.310012056710998812e-04
8.596000000000000085e+00,2.310721345518602129e-04
8.598000000000000753e+00,2.311430634309186182e-04
8.599999999999999645e+00,2.312139923082761814e-04
8.602000000000000313e+00,2.312849211839315743e-04
8.604000000000000981e+00,2.313558500578859894e-04
8.605999999999999872e+00,2.314267789301379633e-04
8.608000000000000540e+00,2.314977078006884986e-04
8.609999999999999432e+00,2.315686366695380834e-04
8.612000000000000099e+00,2.316395655366856334e-04
8.614000000000000767e+00,2.317104944021312570e-04
8.615999999999999659e+00,2.317814232658757404e-04
8.618000000000000327e+00,2.318523521279198694e-04
8.620000000000000995e+00,2.319232809882616926e-04
8.621999999999999886e+00,2.319942098469015895e-04
8.624000000000000554e+00,2.320651387038405900e-04
8.625999999999999446e+00,2.321360675590772033e-04
8.628000000000000114e+00,2.322069964126124053e-04
8.630000000000000782e+00,2.322779252644464128e-04
8.631999999999999673e+00,2.323488541145793613e-04
8.634000000000000341e+00,2.324197829630099768e-04
8.636000000000001009e+00,2.324907118097383678e-04
8.637999999999999901e+00,2.325616406547656727e-04
8.640000000000000568e+00,2.326325694980918102e-04
8.641999999999999460e+00,2.327034983397161568e-04
8.644000000000000128e+00,2.327744271796387669e-04
8.646000000000000796e+00,2.328453560178597216e-04
8.647999999999999687e+00,2.329162848543793463e-04
8.650000000000000355e+00,2.329872136891972072e-04
8.652000000000001023e+00,2.330581425223132502e-04
8.653999999999999915e+00,2.331290713537274753e-04
8.656000000000000583e+00,2.332000001834405871e-04
8.657999999999999474e+00,2.332709290114517455e-04
8.660000000000000142e+00,2.333418578377610588e-04
8.662000000000000810e+00,2.334127866623687169e-04
8.663999999999999702e+00,2.334837154852750449e-04
8.666000000000000369e+00,2.335546443064800428e-04
8.668000000000001037e+00,2.336255731259826807e-04
8.669999999999999929e+00,2.336965019437843409e-04
8.672000000000000597e+00,2.337674307598844000e-04
8.673999999999999488e+00,2.338383595742831291e-04
8.676000000000000156e+00,2.339092883869794168e-04
8.678000000000000824e+00,2.339802171979745641e-04
8.679999999999999716e+00,2.340511460072681918e-04
8.682000000000000384e+00,2.341220748148598659e-04
8.684000000000001052e+00,2.341930036207501829e-04
8.685999999999999943e+00,2.342639324249384651e-04
8.688000000000000611e+00,2.343348612274245770e-04
8.689999999999999503e+00,2.344057900282090336e-04
8.692000000000000171e+00,2.344767188272921059e-04
8.694000000000000838e+00,2.345476476246737940e-04
8.695999999999999730e+00,2.346185764203539623e-04
8.698000000000000398e+00,2.346895052143316621e-04
8.700000000000001066e+00,2.347604340066077337e-04
8.701999999999999957e+00,2.348313627971823940e-04
8.704000000000000625e+00,2.349022915860553176e-04
8.705999999999999517e+00,2.349732203732270196e-04
8.708000000000000185e+00,2.350441491586964429e-04
8.710000000000000853e+00,2.351150779424639127e-04
8.711999999999999744e+00,2.351860067245296188e-04
8.714000000000000412e+00,2.352569355048943201e-04
8.715999999999999304e+00,2.353278642835564445e-04
8.717999999999999972e+00,2.353987930605179436e-04
8.720000000000000639e+00,2.354697218357767845e-04
8.721999999999999531e+00,2.355406506093340243e-04
8.724000000000000199e+00,2.356115793811896088e-04
8.726000000000000867e+00,2.356825081513438632e-04
8.727999999999999758e+00,2.357534369197961100e-04
8.730000000000000426e+00,2.358243656865466472e-04
8.731999999999999318e+00,2.358952944515957731e-04
8.733999999999999986e+00,2.359662232149431894e-04
8.736000000000000654e+00,2.360371519765881373e-04
8.737999999999999545e+00,2.361080807365314841e-04
8.740000000000000213e+00,2.361790094947736906e-04
8.742000000000000881e+00,2.362499382513139165e-04
8.743999999999999773e+00,2.363208670061523516e-04
8.746000000000000441e+00,2.363917957592894296e-04
8.747999999999999332e+00,2.364627245107240932e-04
8.750000000000000000e+00,2.365336532604578334e-04
8.752000000000000668e+00,2.366045820084889967e-04
8.753999999999999559e+00,2.366755107548182337e-04
8.756000000000000227e+00,2.367464394994469267e-04
8.758000000000000895e+00,2.368173682423735035e-04
8.759999999999999787e+00,2.368882969835970156e-04
8.762000000000000455e+00,2.369592257231200379e-04
8.763999999999999346e+00,2.370301544609409170e-04
8.766000000000000014e+00,2.371010831970598969e-04
8.768000000000000682e+00,2.371720119314768690e-04
8.769999999999999574e+00,2.372429406641929719e-04
8.772000000000000242e+00,2.373138693952063082e-04
8.774000000000000909e+00,2.373847981245179621e-04
8.775999999999999801e+00,2.374557268521281233e-04
8.778000000000000469e+00,2.375266555780358160e-04
8.779999999999999361e+00,2.375975843022420703e-04
8.782000000000000028e+00,2.376685130247468860e-04
8.784000000000000696e+00,2.377394417455497755e-04
8.785999999999999588e+00,2.378103704646500609e-04
8.788000000000000256e+00,2.378812991820492332e-04
8.790000000000000924e+00,2.379522278977464519e-04
8.791999999999999815e+00,2.380231566117412836e-04
8.794000000000000483e+00,2.380940853240350562e-04
8.795999999999999375e+00,2.381650140346261435e-04
8.798000000000000043e+00,2.382359427435157924e-04
8.800000000000000711e+00,2.383068714507036775e-04
8.801999999999999602e+00,2.383778001561895549e-04
8.804000000000000270e+00,2.384487288599741836e-04
8.806000000000000938e+00,2.385196575620574823e-04
8.807999999999999829e+00,2.385905862624375265e-04
8.810000000000000497e+00,2.386615149611166472e-04
8.811999999999999389e+00,2.387324436580932994e-04
8.814000000000000057e+00,2.388033723533687029e-04
8.816000000000000725e+00,2.388743010469401742e-04
8.817999999999999616e+00,2.389452297388112642e-04
8.820000000000000284e+00,2.390161584289809428e-04
8.822000000000000952e+00,2.390870871174482343e-04
8.823999999999999844e+00,2.391580158042134639e-04
8.826000000000000512e+00,2.392289444892769840e-04
8.827999999999999403e+00,2.392998731726393366e-04
8.830000000000000071e+00,2.393708018542997087e-04
8.832000000000000739e+00,2.394417305342576936e-04
8.833999999999999631e+00,2.395126592125134540e-04
8.836000000000000298e+00,2.395835878890673423e-04
8.838000000000000966e+00,2.396545165639196024e-04
8.839999999999999858e+00,2.397254452370698276e-04
8.842000000000000526e+00,2.397963739085186687e-04
8.843999999999999417e+00,2.398673025782653394e-04
8.846000000000000085e+00,2.399382312463103819e-04
8.848000000000000753e+00,2.400091599126534438e-04
8.849999999999999645e+00,2.400800885772949589e-04
8.852000000000000313e+00,2.401510172402342494e-04
8.854000000000000981e+00,2.402219459014705836e-04
8.855999999999999872e+00,2.402928745610063467e-04
8.858000000000000540e+00,2.403638032188399123e-04
8.859999999999999432e+00,2.404347318749709011e-04
8.862000000000000099e+00,2.405056605293998280e-04
8.864000000000000767e+00,2.405765891821270454e-04
8.865999999999999659e+00,2.406475178331520383e-04
8.868000000000000327e+00,2.407184464824753758e-04
8.870000000000000995e+00,2.407893751300963804e-04
8.871999999999999886e+00,2.408603037760161905e-04
8.874000000000000554e+00,2.409312324202336948e-04
8.875999999999999446e+00,2.410021610627491914e-04
8.878000000000000114e+00,2.410730897035629242e-04
8.880000000000000782e+00,2.411440183426744597e-04
8.881999999999999673e+00,2.412149469800838790e-04
8.884000000000000341e+00,2.412858756157915347e-04
8.886000000000001009e+00,2.413568042497960984e-04
8.887999999999999901e+00,2.414277328820994947e-04
8.890000000000000568e+00,2.414986615127006665e-04
8.891999999999999460e+00,2.415695901416009962e-04
8.894000000000000128e+00,2.416405187687991826e-04
8.896000000000000796e+00,2.417114473942947651e-04
8.897999999999999687e+00,2.417823760180885838e-04
8.900000000000000355e+00,2.418533046401804491e-04
8.902000000000001023e+00,2.419242332605697646e-04
8.903999999999999915e+00,2.419951618792579940e-04
8.906000000000000583e+00,2.420660904962435652e-04
8.907999999999999474e+00,2.421370191115271829e-04
8.910000000000000142e+00,2.422079477251086845e-04
8.912000000000000810e+00,2.422788763369890729e-04
8.913999999999999702e+00,2.423498049471662611e-04
8.916000000000000369e+00,2.424207335556419023e-04
8.918000000000001037e+00,2.424916621624151564e-04
8.919999999999999929e+00,2.425625907674871346e-04
8.922000000000000597e+00,2.426335193708568341e-04
8.923999999999999488e+00,2.427044479725237128e-04
8.926000000000000156e+00,2.427753765724897765e-04
8.928000000000000824e+00,2.428463051707533446e-04
8.929999999999999716e+00,2.429172337673146881e-04
8.932000000000000384e+00,2.429881623621739156e-04
8.934000000000001052e+00,2.430590909553320569e-04
8.935999999999999943e+00,2.431300195467872962e-04
8.938000000000000611e+00,2.432009481365396061e-04
8.939999999999999503e+00,2.432718767245907487e-04
8.942000000000000171e+00,2.433428053109397480e-04
8.944000000000000838e+00,2.434137338955865229e-04
8.945999999999999730e+00,2.434846624785319406e-04
8.948000000000000398e+00,2.435555910597748085e-04
8.950000000000001066e+00,2.436265196393158584e-04
8.951999999999999957e+00,2.436974482171544941e-04
8.954000000000000625e+00,2.437683767932915830e-04
8.955999999999999517e+00,2.438393053677259865e-04
8.958000000000000185e+00,2.439102339404582197e-04
8.960000000000000853e+00,2.439811625114886621e-04
8.961999999999999744e+00,2.440520910808166360e-04
8.964000000000000412e+00,2.441230196484426836e-04
8.965999999999999304e+00,2.441939482143667506e-04
8.967999999999999972e+00,2.442648767785884304e-04
8.970000000000000639e+00,2.443358053411084007e-04
8.971999999999999531e+00,2.444067339019259568e-04
8.974000000000000199e+00,2.444776624610416407e-04
8.976000000000000867e+00,2.445485910184550188e-04
8.977999999999999758e+00,2.446195195741661995e-04
8.980000000000000426e+00,2.446904481281749659e-04
8.981999999999999318e+00,2.447613766804828360e-04
8.983999999999999986e+00,2.448323052310878039e-04
8.986000000000000654e+00,2.449032337799900323e-04
8.987999999999999545e+00,2.449741623271909307e-04
8.990000000000000213e+00,2.450450908726896316e-04
8.992000000000000881e+00,2.451160194164866231e-04
8.993999999999999773e+00,2.451869479585808750e-04
8.996000000000000441e+00,2.452578764989727668e-04
8.997999999999999332e+00,2.453288050376621360e-04
9.000000000000000000e+00,2.453997335746500668e-04
9.002000000000000668e+00,2.454706621099356917e-04
9.003999999999999559e+00,2.455415906435189023e-04
9.006000000000000227e+00,2.456125191753994277e-04
9.008000000000000895e+00,2.456834477055782977e-04
9.009999999999999787e+00,2.457543762340552956e-04
9.012000000000000455e+00,2.458253047608299335e-04
9.013999999999999346e+00,2.458962332859024823e-04
9.016000000000000014e+00,2.459671618092733759e-04
9.018000000000000682e+00,2.460380903309415299e-04
9.019999999999999574e+00,2.461090188509073781e-04
9.022000000000000242e+00,2.461799473691710831e-04
9.024000000000000909e+00,2.462508758857328618e-04
9.025999999999999801e+00,2.463218044005914130e-04
9.028000000000000469e+00,2.463927329137486884e-04
9.029999999999999361e+00,2.464636614252039832e-04
9.032000000000000028e+00,2.465345899349574601e-04
9.034000000000000696e+00,2.466055184430079807e-04
9.035999999999999588e+00,2.466764469493563038e-04
9.038000000000000256e+00,2.467473754540029174e-04
9.040000000000000924e+00,2.468183039569472252e-04
9.041999999999999815e+00,2.468892324581884682e-04
9.044000000000000483e+00,2.469601609577278391e-04
9.045999999999999375e+00,2.470310894555646872e-04
9.048000000000000043e+00,2.471020179516995549e-04
9.050000000000000711e+00,2.471729464461322251e-04
9.051999999999999602e+00,2.472438749388634026e-04
9.054000000000000270e+00,2.473148034298918948e-04
9.056000000000000938e+00,2.473857319192183522e-04
9.057999999999999829e+00,2.474566604068417991e-04
9.060000000000000497e+00,2.475275888927633196e-04
9.061999999999999389e+00,2.475985173769832933e-04
9.064000000000000057e+00,2.476694458595000395e-04
9.066000000000000725e+00,2.477403743403150762e-04
9.067999999999999616e+00,2.478113028194273734e-04
9.070000000000000284e+00,2.478822312968380153e-04
9.072000000000000952e+00,2.479531597725459177e-04
9.073999999999999844e+00,2.480240882465516768e-04
9.076000000000000512e+00,2.480950167188558349e-04
9.077999999999999403e+00,2.481659451894562777e-04
9.080000000000000071e+00,2.482368736583548483e-04
9.082000000000000739e+00,2.483078021255507879e-04
9.083999999999999631e+00,2.483787305910456142e-04
9.086000000000000298e+00,2.484496590548369963e-04
9.088000000000000966e+00,2.485205875169271567e-04
9.089999999999999858e+00,2.485915159773146861e-04
9.092000000000000526e+00,2.486624444359990423e-04
9.093999999999999417e+00,2.487333728929818515e-04
9.096000000000000085e+00,2.488043013482626260e-04
9.098000000000000753e+00,2.488752298018404984e-04
9.099999999999999645e+00,2.489461582537174744e-04
9.102000000000000313e+00,2.490170867038908977e-04
9.104000000000000981e+00,2.490880151523624489e-04
9.105999999999999872e+00,2.491589435991310437e-04
9.108000000000000540e+00,2.492298720441974411e-04
9.109999999999999432e+00,2.493008004875612075e-04
9.112000000000000099e+00,2.493717289292233185e-04
9.114000000000000767e+00,2.494426573691834489e-04
9.115999999999999659e+00,2.495135858074405688e-04
9.118000000000000327e+00,2.495845142439957081e-04
9.120000000000000995e+00,2.496554426788490837e-04
9.121999999999999886e+00,2.497263711119983103e-04
9.124000000000000554e+00,2.497972995434466405e-04
9.125999999999999446e+00,2.498682279731916892e-04
9.128000000000000114e+00,2.499391564012352993e-04
9.130000000000000782e+00,2.500100848275760615e-04
9.131999999999999673e+00,2.500810132522148432e-04
9.134000000000000341e+00,2.501519416751508311e-04
9.136000000000001009e+00,2.502228700963845132e-04
9.137999999999999901e+00,2.502937985159158353e-04
9.140000000000000568e+00,2.503647269337445805e-04
9.141999999999999460e+00,2.504356553498706946e-04
9.144000000000000128e+00,2.505065837642949907e-04
9.146000000000000796e+00,2.505775121770170894e-04
9.147999999999999687e+00,2.506484405880367197e-04
9.150000000000000355e+00,2.507193689973535020e-04
9.152000000000001023e+00,2.507902974049684122e-04
9.153999999999999915e+00,2.508612258108803661e-04
9.156000000000000583e+00,2.509321542150907730e-04
9.157999999999999474e+00,2.510030826175986573e-04
9.160000000000000142e+00,2.510740110184036936e-04
9.162000000000000810e+00,2.511449394175060447e-04
9.163999999999999702e+00,2.512158678149059815e-04
9.166000000000000369e+00,2.512867962106042088e-04
9.168000000000001037e+00,2.513577246045996965e-04
9.169999999999999929e+00,2.514286529968926074e-04
9.172000000000000597e+00,2.514995813874833751e-04
9.173999999999999488e+00,2.515705097763721622e-04
9.176000000000000156e+00,2.516414381635574508e-04
9.178000000000000824e+00,2.517123665490409758e-04
9.179999999999999716e+00,2.517832949328224117e-04
9.182000000000000384e+00,2.518542233149006202e-04
9.184000000000001052e+00,2.519251516952758724e-04
9.185999999999999943e+00,2.519960800739495235e-04
9.188000000000000611e+00,2.520670084509210856e-04
9.189999999999999503e+00,2.521379368261887697e-04
9.192000000000000171e+00,2.522088651997549070e-04
9.194000000000000838e+00,2.522797935716191721e-04
9.195999999999999730e+00,2.523507219417808604e-04
9.198000000000000398e+00,2.524216503102399718e-04
9.200000000000001066e+00,2.524925786769971568e-04
9.201999999999999957e+00,2.525635070420505723e-04
9.204000000000000625e+00,2.526344354054019530e-04
9.205999999999999517e+00,2.527053637670503773e-04
9.208000000000000185e+00,2.527762921269969838e-04
9.210000000000000853e+00,2.528472204852407423e-04
9.211999999999999744e+00,2.529181488417823575e-04
9.214000000000000412e+00,2.529890771966210165e-04
9.216000000000001080e+00,2.530600055497570443e-04
9.217999999999999972e+00,2.531309339011907663e-04
9.220000000000000639e+00,2.532018622509217489e-04
9.221999999999999531e+00,2.532727905989509134e-04
9.224000000000000199e+00,2.533437189452773927e-04
9.226000000000000867e+00,2.534146472899019456e-04
9.227999999999999758e+00,2.534855756328231627e-04
9.230000000000000426e+00,2.535565039740414776e-04
9.231999999999999318e+00,2.536274323135580288e-04
9.233999999999999986e+00,2.536983606513722742e-04
9.236000000000000654e+00,2.537692889874839969e-04
9.237999999999999545e+00,2.538402173218922211e-04
9.240000000000000213e+00,2.539111456545984106e-04
9.242000000000000881e+00,2.539820739856016437e-04
9.243999999999999773e+00,2.540530023149032758e-04
9.246000000000000441e+00,2.541239306425020598e-04
9.247999999999999332e+00,2.541948589683975081e-04
9.250000000000000000e+00,2.542657872925914095e-04
9.252000000000000668e+00,2.543367156150827340e-04
9.253999999999999559e+00,2.544076439358713732e-04
9.256000000000000227e+00,2.544785722549573271e-04
9.258000000000000895e+00,2.545495005723405956e-04
9.259999999999999787e+00,2.546204288880213416e-04
9.262000000000000455e+00,2.546913572019991311e-04
9.263999999999999346e+00,2.547622855142749401e-04
9.266000000000000014e+00,2.548332138248476843e-04
9.268000000000000682e+00,2.549041421337187733e-04
9.269999999999999574e+00,2.549750704408865806e-04
9.272000000000000242e+00,2.550459987463519194e-04
9.274000000000000909e+00,2.551169270501147356e-04
9.275999999999999801e+00,2.551878553521749748e-04
9.278000000000000469e+00,2.552587836525325288e-04
9.279999999999999361e+00,2.553297119511881564e-04
9.282000000000000028e+00,2.554006402481409361e-04
9.284000000000000696e+00,2.554715685433908137e-04
9.285999999999999588e+00,2.555424968369378433e-04
9.288000000000000256e+00,2.556134251287818081e-04
9.290000000000000924e+00,2.556843534189245514e-04
9.291999999999999815e+00,2.557552817073640130e-04
9.294000000000000483e+00,2.558262099941001387e-04
9.295999999999999375e+00,2.558971382791346092e-04
9.298000000000000043e+00,2.559680665624662860e-04
9.300000000000000711e+00,2.560389948440947895e-04
9.301999999999999602e+00,2.561099231240211499e-04
9.304000000000000270e+00,2.561808514022449333e-04
9.306000000000000938e+00,2.562517796787661941e-04
9.307999999999999829e+00,2.563227079535848238e-04
9.310000000000000497e+00,2.563936362267000093e-04
9.311999999999999389e+00,2.564645644981128347e-04
9.314000000000000057e+00,2.565354927678229749e-04
9.316000000000000725e+00,2.566064210358309718e-04
9.317999999999999616e+00,2.566773493021363918e-04
9.320000000000000284e+00,2.567482775667391808e-04
9.322000000000000952e+00,2.568192058296386881e-04
9.323999999999999844e+00,2.568901340908362149e-04
9.326000000000000512e+00,2.569610623503307853e-04
9.327999999999999403e+00,2.570319906081229414e-04
9.330000000000000071e+00,2.571029188642123581e-04
9.332000000000000739e+00,2.571738471185988726e-04
9.333999999999999631e+00,2.572447753712817802e-04
9.336000000000000298e+00,2.573157036222631952e-04
9.338000000000000966e+00,2.573866318715408948e-04
9.339999999999999858e+00,2.574575601191169934e-04
9.342000000000000526e+00,2.575284883649900272e-04
9.343999999999999417e+00,2.575994166091607009e-04
9.346000000000000085e+00,2.576703448516280389e-04
9.348000000000000753e+00,2.577412730923931794e-04
9.349999999999999645e+00,2.578122013314557430e-04
9.352000000000000313e+00,2.578831295688150250e-04
9.354000000000000981e+00,2.579540578044720012e-04
9.355999999999999872e+00,2.580249860384259668e-04
9.358000000000000540e+00,2.580959142706776809e-04
9.359999999999999432e+00,2.581668425012256254e-04
9.362000000000000099e+00,2.582377707300713182e-04
9.364000000000000767e+00,2.583086989572147053e-04
9.365999999999999659e+00,2.583796271826548649e-04
9.368000000000000327e+00,2.584505554063926645e-04
9.370000000000000995e+00,2.585214836284277246e-04
9.371999999999999886e+00,2.585924118487595573e-04
9.374000000000000554e+00,2.586633400673890300e-04
9.375999999999999446e+00,2.587342682843159257e-04
9.378000000000000114e+00,2.588051964995398109e-04
9.380000000000000782e+00,2.588761247130611735e-04
9.381999999999999673e+00,2.589470529248792544e-04
9.384000000000000341e+00,2.590179811349944332e-04
9.386000000000001009e+00,2.590889093434073603e-04
9.387999999999999901e+00,2.591598375501176022e-04
9.390000000000000568e+00,2.592307657551255382e-04
9.391999999999999460e+00,2.593016939584310058e-04
9.394000000000000128e+00,2.593726221600340049e-04
9.396000000000000796e+00,2.594435503599329634e-04
9.397999999999999687e+00,2.595144785581295619e-04
9.400000000000000355e+00,2.595854067546234751e-04
9.402000000000001023e+00,2.596563349494140525e-04
9.403999999999999915e+00,2.597272631425024867e-04
9.406000000000000583e+00,2.597981913338877477e-04
9.407999999999999474e+00,2.598691195235704318e-04
9.410000000000000142e+00,2.599400477115496716e-04
9.412000000000000810e+00,2.600109758978264973e-04
9.413999999999999702e+00,2.600819040824003665e-04
9.416000000000000369e+00,2.601528322652713878e-04
9.418000000000001037e+00,2.602237604464400491e-04
9.419999999999999929e+00,2.602946886259062962e-04
9.422000000000000597e+00,2.603656168036687195e-04
9.423999999999999488e+00,2.604365449797289454e-04
9.426000000000000156e+00,2.605074731540861607e-04
9.428000000000000824e+00,2.605784013267405282e-04
9.429999999999999716e+00,2.606493294976923187e-04
9.432000000000000384e+00,2.607202576669412071e-04
9.434000000000001052e+00,2.607911858344869765e-04
9.435999999999999943e+00,2.608621140003297353e-04
9.438000000000000611e+00,2.609330421644703510e-04
9.439999999999999503e+00,2.610039703269073055e-04
9.442000000000000171e+00,2.610748984876419001e-04
9.444000000000000838e+00,2.611458266466735924e-04
9.445999999999999730e+00,2.612167548040027622e-04
9.448000000000000398e+00,2.612876829596287587e-04
9.450000000000001066e+00,2.613586111135521783e-04
9.451999999999999957e+00,2.614295392657729126e-04
9.454000000000000625e+00,2.615004674162904738e-04
9.455999999999999517e+00,2.615713955651046449e-04
9.458000000000000185e+00,2.616423237122171065e-04
9.460000000000000853e+00,2.617132518576256901e-04
9.461999999999999744e+00,2.617841800013318053e-04
9.464000000000000412e+00,2.618551081433344763e-04
9.466000000000001080e+00,2.619260362836345704e-04
9.467999999999999972e+00,2.619969644222323586e-04
9.470000000000000639e+00,2.620678925591264858e-04
9.471999999999999531e+00,2.621388206943174939e-04
9.474000000000000199e+00,2.622097488278058710e-04
9.476000000000000867e+00,2.622806769595917797e-04
9.477999999999999758e+00,2.623516050896745693e-04
9.480000000000000426e+00,2.624225332180549447e-04
9.481999999999999318e+00,2.624934613447323637e-04
9.483999999999999986e+00,2.625643894697069890e-04
9.486000000000000654e+00,2.626353175929777906e-04
9.487999999999999545e+00,2.627062457145466117e-04
9.490000000000000213e+00,2.627771738344120969e-04
9.492000000000000881e+00,2.628481019525753305e-04
9.493999999999999773e+00,2.629190300690345235e-04
9.496000000000000441e+00,2.629899581837913565e-04
9.497999999999999332e+00,2.630608862968448537e-04
9.500000000000000000e+00,2.631318144081955571e-04
9.502000000000000668e+00,2.632027425178431416e-04
9.503999999999999559e+00,2.632736706257880950e-04
9.506000000000000227e+00,2.633445987320298209e-04
9.508000000000000895e+00,2.634155268365688074e-04
9.509999999999999787e+00,2.634864549394042954e-04
9.512000000000000455e+00,2.635573830405383991e-04
9.513999999999999346e+00,2.636283111399687334e-04
9.516000000000000014e+00,2.636992392376960028e-04
9.518000000000000682e+00,2.637701673337204244e-04
9.519999999999999574e+00,2.638410954280416185e-04
9.522000000000000242e+00,2.639120235206600731e-04
9.524000000000000909e+00,2.639829516115761135e-04
9.525999999999999801e+00,2.640538797007880049e-04
9.528000000000000469e+00,2.641248077882971568e-04
9.529999999999999361e+00,2.641957358741031355e-04
9.532000000000000028e+00,2.642666639582063747e-04
9.534000000000000696e+00,2.643375920406070912e-04
9.535999999999999588e+00,2.644085201213044176e-04
9.538000000000000256e+00,2.644794482002984083e-04
9.540000000000000924e+00,2.645503762775897136e-04
9.541999999999999815e+00,2.646213043531781169e-04
9.544000000000000483e+00,2.646922324270632927e-04
9.545999999999999375e+00,2.647631604992453495e-04
9.548000000000000043e+00,2.648340885697237452e-04
9.550000000000000711e+00,2.649050166384994557e-04
9.551999999999999602e+00,2.649759447055730229e-04
9.554000000000000270e+00,2.650468727709431459e-04
9.556000000000000938e+00,2.651178008346104210e-04
9.557999999999999829e+00,2.651887288965748481e-04
9.560000000000000497e+00,2.652596569568355057e-04
9.561999999999999389e+00,2.653305850153938033e-04
9.564000000000000057e+00,2.654015130722487108e-04
9.566000000000000725e+00,2.654724411274013126e-04
9.567999999999999616e+00,2.655433691808500906e-04
9.570000000000000284e+00,2.656142972325964001e-04
9.572000000000000952e+00,2.656852252826387233e-04
9.573999999999999844e+00,2.657561533309782528e-04
9.576000000000000512e+00,2.658270813776150970e-04
9.577999999999999403e+00,2.658980094225493643e-04
9.580000000000000071e+00,2.659689374657801331e-04
9.582000000000000739e+00,2.660398655073075661e-04
9.583999999999999631e+00,2.661107935471324765e-04
9.586000000000000298e+00,2.661817215852540510e-04
9.588000000000000966e+00,2.662526496216729402e-04
9.589999999999999858e+00,2.663235776563884394e-04
9.592000000000000526e+00,2.663945056894012533e-04
9.593999999999999417e+00,2.664654337207102435e-04
9.596000000000000085e+00,2.665363617503173073e-04
9.598000000000000753e+00,2.666072897782205474e-04
9.599999999999999645e+00,2.666782178044207227e-04
9.602000000000000313e+00,2.667491458289175080e-04
9.604000000000000981e+00,2.668200738517114996e-04
9.605999999999999872e+00,2.668910018728025890e-04
9.608000000000000540e+00,2.669619298921906679e-04
9.609999999999999432e+00,2.670328579098745435e-04
9.612000000000000099e+00,2.671037859258565471e-04
9.614000000000000767e+00,2.671747139401344558e-04
9.615999999999999659e+00,2.672456419527098419e-04
9.618000000000000327e+00,2.673165699635814043e-04
9.620000000000000995e+00,2.673874979727504440e-04
9.621999999999999886e+00,2.674584259802153348e-04
9.624000000000000554e+00,2.675293539859776486e-04
9.625999999999999446e+00,2.676002819900380361e-04
9.628000000000000114e+00,2.676712099923944372e-04
9.630000000000000782e+00,2.677421379930481531e-04
9.631999999999999673e+00,2.678130659919982079e-04
9.634000000000000341e+00,2.678839939892443847e-04
9.636000000000001009e+00,2.679549219847886894e-04
9.637999999999999901e+00,2.680258499786298209e-04
9.640000000000000568e+00,2.680967779707667492e-04
9.641999999999999460e+00,2.681677059612008296e-04
9.644000000000000128e+00,2.682386339499316825e-04
9.646000000000000796e+00,2.683095619369600129e-04
9.647999999999999687e+00,2.683804899222848989e-04
9.650000000000000355e+00,2.684514179059060697e-04
9.652000000000001023e+00,2.685223458878252057e-04
9.653999999999999915e+00,2.685932738680411143e-04
9.656000000000000583e+00,2.686642018465531449e-04
9.657999999999999474e+00,2.687351298233618398e-04
9.660000000000000142e+00,2.688060577984675240e-04
9.662000000000000810e+00,2.688769857718704688e-04
9.663999999999999702e+00,2.689479137435694272e-04
9.666000000000000369e+00,2.690188417135656461e-04
9.668000000000001037e+00,2.690897696818585292e-04
9.669999999999999929e+00,2.691606976484487270e-04
9.672000000000000597e+00,2.692316256133351010e-04
9.673999999999999488e+00,2.693025535765189524e-04
9.676000000000000156e+00,2.693734815379996849e-04
9.678000000000000824e+00,2.694444094977767562e-04
9.679999999999999716e+00,2.695153374558498954e-04
9.682000000000000384e+00,2.695862654122205661e-04
9.684000000000001052e+00,2.696571933668874131e-04
9.685999999999999943e+00,2.697281213198513580e-04
9.688000000000000611e+00,2.697990492711118586e-04
9.689999999999999503e+00,2.698699772206689692e-04
9.692000000000000171e+00,2.699409051685233403e-04
9.694000000000000838e+00,2.700118331146744840e-04
9.695999999999999730e+00,2.700827610591219666e-04
9.698000000000000398e+00,2.701536890018662760e-04
9.700000000000001066e+00,2.702246169429071954e-04
9.701999999999999957e+00,2.702955448822450500e-04
9.704000000000000625e+00,2.703664728198797314e-04
9.705999999999999517e+00,2.704374007558116191e-04
9.708000000000000185e+00,2.705083286900409299e-04
9.710000000000000853e+00,2.705792566225654954e-04
9.711999999999999744e+00,2.706501845533874299e-04
9.714000000000000412e+00,2.707211124825060285e-04
9.716000000000001080e+00,2.707920404099217250e-04
9.717999999999999972e+00,2.708629683356337061e-04
9.720000000000000639e+00,2.709338962596424057e-04
9.721999999999999531e+00,2.710048241819471731e-04
9.724000000000000199e+00,2.710757521025500684e-04
9.726000000000000867e+00,2.711466800214487605e-04
9.727999999999999758e+00,2.712176079386446046e-04
9.730000000000000426e+00,2.712885358541370045e-04
9.731999999999999318e+00,2.713594637679256892e-04
9.733999999999999986e+00,2.714303916800117969e-04
9.736000000000000654e+00,2.715013195903941351e-04
9.737999999999999545e+00,2.715722474990736254e-04
9.740000000000000213e+00,2.716431754060491836e-04
9.742000000000000881e+00,2.717141033113215686e-04
9.743999999999999773e+00,2.717850312148913767e-04
9.746000000000000441e+00,2.718559591167574695e-04
9.747999999999999332e+00,2.719268870169206059e-04
9.750000000000000000e+00,2.719978149153801897e-04
9.752000000000000668e+00,2.720687428121355161e-04
9.753999999999999559e+00,2.721396707071880488e-04
9.756000000000000227e+00,2.722105986005377335e-04
9.758000000000000895e+00,2.722815264921836487e-04
9.759999999999999787e+00,2.723524543821260113e-04
9.762000000000000455e+00,2.724233822703642791e-04
9.763999999999999346e+00,2.724943101569002411e-04
9.766000000000000014e+00,2.725652380417333551e-04
9.768000000000000682e+00,2.726361659248627538e-04
9.769999999999999574e+00,2.727070938062888168e-04
9.772000000000000242e+00,2.727780216860117607e-04
9.774000000000000909e+00,2.728489495640302846e-04
9.775999999999999801e+00,2.729198774403462859e-04
9.778000000000000469e+00,2.729908053149586260e-04
9.779999999999999361e+00,2.730617331878675762e-04
9.782000000000000028e+00,2.731326610590729736e-04
9.784000000000000696e+00,2.732035889285751437e-04
9.785999999999999588e+00,2.732745167963741948e-04
9.788000000000000256e+00,2.733454446624691511e-04
9.790000000000000924e+00,2.734163725268620184e-04
9.791999999999999815e+00,2.734873003895508452e-04
9.794000000000000483e+00,2.735582282505363361e-04
9.795999999999999375e+00,2.736291561098181118e-04
9.798000000000000043e+00,2.737000839673965516e-04
9.800000000000000711e+00,2.737710118232714387e-04
9.801999999999999602e+00,2.738419396774430443e-04
9.804000000000000270e+00,2.739128675299110430e-04
9.806000000000000938e+00,2.739837953806750553e-04
9.807999999999999829e+00,2.740547232297365992e-04
9.810000000000000497e+00,2.741256510770944278e-04
9.811999999999999389e+00,2.741965789227493000e-04
9.814000000000000057e+00,2.742675067667004027e-04
9.816000000000000725e+00,2.743384346089482238e-04
9.817999999999999616e+00,2.744093624494930886e-04
9.820000000000000284e+00,2.744802902883343465e-04
9.822000000000000952e+00,2.745512181254716180e-04
9.823999999999999844e+00,2.746221459609053911e-04
9.826000000000000512e+00,2.746930737946360452e-04
9.827999999999999403e+00,2.747640016266627671e-04
9.830000000000000071e+00,2.748349294569859907e-04
9.832000000000000739e+00,2.749058572856067457e-04
9.833999999999999631e+00,2.749767851125229723e-04
9.836000000000000298e+00,2.750477129377360257e-04
9.838000000000000966e+00,2.751186407612456349e-04
9.839999999999999858e+00,2.751895685830519083e-04
9.842000000000000526e+00,2.752604964031546832e-04
9.843999999999999417e+00,2.753314242215539054e-04
9.846000000000000085e+00,2.754023520382487618e-04
9.848000000000000753e+00,2.754732798532404992e-04
9.849999999999999645e+00,2.755442076665290093e-04
9.852000000000000313e+00,2.756151354781147798e-04
9.854000000000000981e+00,2.756860632879972145e-04
9.855999999999999872e+00,2.757569910961753376e-04
9.858000000000000540e+00,2.758279189026497996e-04
9.859999999999999432e+00,2.758988467074212510e-04
9.862000000000000099e+00,2.759697745104895293e-04
9.864000000000000767e+00,2.760407023118538754e-04
9.865999999999999659e+00,2.761116301115148857e-04
9.868000000000000327e+00,2.761825579094715844e-04
9.870000000000000995e+00,2.762534857057252183e-04
9.871999999999999886e+00,2.763244135002754622e-04
9.874000000000000554e+00,2.763953412931228039e-04
9.875999999999999446e+00,2.764662690842665388e-04
9.878000000000000114e+00,2.765371968737061247e-04
9.880000000000000782e+00,2.766081246614425374e-04
9.881999999999999673e+00,2.766790524474756143e-04
9.884000000000000341e+00,2.767499802318048132e-04
9.886000000000001009e+00,2.768209080144307306e-04
9.887999999999999901e+00,2.768918357953526616e-04
9.890000000000000568e+00,2.769627635745712567e-04
9.891999999999999460e+00,2.770336913520864619e-04
9.894000000000000128e+00,2.771046191278987107e-04
9.896000000000000796e+00,2.771755469020067563e-04
9.897999999999999687e+00,2.772464746744111408e-04
9.900000000000000355e+00,2.773174024451120811e-04
9.902000000000001023e+00,2.773883302141096313e-04
9.903999999999999915e+00,2.774592579814037915e-04
9.906000000000000583e+00,2.775301857469930438e-04
9.907999999999999474e+00,2.776011135108790145e-04
9.910000000000000142e+00,2.776720412730625167e-04
9.912000000000000810e+00,2.777429690335418699e-04
9.913999999999999702e+00,2.778138967923176163e-04
9.916000000000000369e+00,2.778848245493899726e-04
9.918000000000001037e+00,2.779557523047592642e-04
9.919999999999999929e+00,2.780266800584245152e-04
9.922000000000000597e+00,2.780976078103859425e-04
9.923999999999999488e+00,2.781685355606432750e-04
9.926000000000000156e+00,2.782394633091974886e-04
9.928000000000000824e+00,2.783103910560485832e-04
9.929999999999999716e+00,2.783813188011957998e-04
9.932000000000000384e+00,2.784522465446393554e-04
9.934000000000001052e+00,2.785231742863794125e-04
9.935999999999999943e+00,2.785941020264154832e-04
9.938000000000000611e+00,2.786650297647482182e-04
9.939999999999999503e+00,2.787359575013776173e-04
9.942000000000000171e+00,2.788068852363029216e-04
9.944000000000000838e+00,2.788778129695251612e-04
9.945999999999999730e+00,2.789487407010434687e-04
9.948000000000000398e+00,2.790196684308582776e-04
9.950000000000001066e+00,2.790905961589687208e-04
9.951999999999999957e+00,2.791615238853755029e-04
9.954000000000000625e+00,2.792324516100784071e-04
9.955999999999999517e+00,2.793033793330781923e-04
9.958000000000000185e+00,2.793743070543739369e-04
9.960000000000000853e+00,2.794452347739667794e-04
9.961999999999999744e+00,2.795161624918549308e-04
9.964000000000000412e+00,2.795870902080406679e-04
9.966000000000001080e+00,2.796580179225222561e-04
9.967999999999999972e+00,2.797289456353007253e-04
9.970000000000000639e+00,2.797998733463749913e-04
9.971999999999999531e+00,2.798708010557447831e-04
9.974000000000000199e+00,2.799417287634118354e-04
9.976000000000000867e+00,2.800126564693756061e-04
9.977999999999999758e+00,2.800835841736346856e-04
9.980000000000000426e+00,2.801545118761912426e-04
9.982000000000001094e+00,2.802254395770429458e-04
9.983999999999999986e+00,2.802963672761912589e-04
9.986000000000000654e+00,2.803672949736353147e-04
9.987999999999999545e+00,2.804382226693761973e-04
9.990000000000000213e+00,2.805091503634136898e-04
9.992000000000000881e+00,2.805800780557476839e-04
9.993999999999999773e+00,2.806510057463778001e-04
9.996000000000000441e+00,2.807219334353039841e-04
9.997999999999999332e+00,2.807928611225263445e-04
1.000000000000000000e+01,2.808637888080447727e-04
1.000200000000000067e+01,2.809347164918602987e-04
1.000399999999999956e+01,2.810056441739715132e-04
1.000600000000000023e+01,2.810765718543798797e-04
1.000800000000000090e+01,2.811474995330833383e-04
1.000999999999999979e+01,2.812184272100830816e-04
1.001200000000000045e+01,2.812893548853799769e-04
1.001399999999999935e+01,2.813602825589733196e-04
1.001600000000000001e+01,2.814312102308624591e-04
1.001800000000000068e+01,2.815021379010475581e-04
1.001999999999999957e+01,2.815730655695290502e-04
1.002200000000000024e+01,2.816439932363072065e-04
1.002400000000000091e+01,2.817149209013809427e-04
1.002599999999999980e+01,2.817858485647513431e-04
1.002800000000000047e+01,2.818567762264178656e-04
1.002999999999999936e+01,2.819277038863806186e-04
1.003200000000000003e+01,2.819986315446397647e-04
1.003400000000000070e+01,2.820695592011950872e-04
1.003599999999999959e+01,2.821404868560469111e-04
1.003800000000000026e+01,2.822114145091948571e-04
1.004000000000000092e+01,2.822823421606392505e-04
1.004199999999999982e+01,2.823532698103796575e-04
1.004400000000000048e+01,2.824241974584152650e-04
1.004599999999999937e+01,2.824951251047479704e-04
1.004800000000000004e+01,2.825660527493764184e-04
1.005000000000000071e+01,2.826369803923018016e-04
1.005199999999999960e+01,2.827079080335230901e-04
1.005400000000000027e+01,2.827788356730403922e-04
1.005600000000000094e+01,2.828497633108541416e-04
1.005799999999999983e+01,2.829206909469642842e-04
1.006000000000000050e+01,2.829916185813700067e-04
1.006199999999999939e+01,2.830625462140727729e-04
1.006400000000000006e+01,2.831334738450714985e-04
1.006600000000000072e+01,2.832044014743665089e-04
1.006799999999999962e+01,2.832753291019567739e-04
1.007000000000000028e+01,2.833462567278432153e-04
1.007200000000000095e+01,2.834171843520259955e-04
1.007399999999999984e+01,2.834881119745054942e-04
1.007600000000000051e+01,2.835590395952812233e-04
1.007799999999999940e+01,2.836299672143522614e-04
1.008000000000000007e+01,2.837008948317202889e-04
1.008200000000000074e+01,2.837718224473844385e-04
1.008399999999999963e+01,2.838427500613443307e-04
1.008600000000000030e+01,2.839136776736002365e-04
1.008800000000000097e+01,2.839846052841524813e-04
1.008999999999999986e+01,2.840555328930018239e-04
1.009200000000000053e+01,2.841264605001460959e-04
1.009399999999999942e+01,2.841973881055867611e-04
1.009600000000000009e+01,2.842683157093235484e-04
1.009800000000000075e+01,2.843392433113564577e-04
1.009999999999999964e+01,2.844101709116852723e-04
1.010200000000000031e+01,2.844810985103107511e-04
1.010400000000000098e+01,2.845520261072322977e-04
1.010599999999999987e+01,2.846229537024500206e-04
1.010800000000000054e+01,2.846938812959631609e-04
1.010999999999999943e+01,2.847648088877727485e-04
1.011200000000000010e+01,2.848357364778784581e-04
1.011400000000000077e+01,2.849066640662803983e-04
1.011599999999999966e+01,2.849775916529788400e-04
1.011800000000000033e+01,2.850485192379729701e-04
1.012000000000000099e+01,2.851194468212637102e-04
1.012199999999999989e+01,2.851903744028501386e-04
1.012400000000000055e+01,2.852613019827321471e-04
1.012599999999999945e+01,2.853322295609100065e-04
1.012800000000000011e+01,2.854031571373851265e-04
1.013000000000000078e+01,2.854740847121559890e-04
1.013199999999999967e+01,2.855450122852228653e-04
1.013400000000000034e+01,2.856159398565855383e-04
1.013600000000000101e+01,2.856868674262444960e-04
1.013799999999999990e+01,2.857577949941997385e-04
1.014000000000000057e+01,2.858287225604505609e-04
1.014199999999999946e+01,2.858996501249970717e-04
1.014400000000000013e+01,2.859705776878400840e-04
1.014600000000000080e+01,2.860415052489786764e-04
1.014799999999999969e+01,2.861124328084136618e-04
1.015000000000000036e+01,2.861833603661444441e-04
1.015200000000000102e+01,2.862542879221714569e-04
1.015399999999999991e+01,2.863252154764951338e-04
1.015600000000000058e+01,2.863961430291142823e-04
1.015799999999999947e+01,2.864670705800297697e-04
1.016000000000000014e+01,2.865379981292412708e-04
1.016200000000000081e+01,2.866089256767491108e-04
1.016399999999999970e+01,2.866798532225529102e-04
1.016600000000000037e+01,2.867507807666527233e-04
1.016800000000000104e+01,2.868217083090484959e-04
1.016999999999999993e+01,2.868926358497410410e-04
1.017200000000000060e+01,2.869635633887294372e-04
1.017399999999999949e+01,2.870344909260129254e-04
1.017600000000000016e+01,2.871054184615924815e-04
1.017800000000000082e+01,2.871763459954685934e-04
1.017999999999999972e+01,2.872472735276407731e-04
1.018200000000000038e+01,2.873182010581082075e-04
1.018400000000000105e+01,2.873891285868710051e-04
1.018599999999999994e+01,2.874600561139300874e-04
1.018800000000000061e+01,2.875309836392856170e-04
1.018999999999999950e+01,2.876019111629374314e-04
1.019200000000000017e+01,2.876728386848852593e-04
1.019400000000000084e+01,2.877437662051292636e-04
1.019599999999999973e+01,2.878146937236685768e-04
1.019800000000000040e+01,2.878856212405041205e-04
1.020000000000000107e+01,2.879565487556355152e-04
1.020199999999999996e+01,2.880274762690625983e-04
1.020400000000000063e+01,2.880984037807861830e-04
1.020599999999999952e+01,2.881693312908052934e-04
1.020800000000000018e+01,2.882402587991203633e-04
1.021000000000000085e+01,2.883111863057314468e-04
1.021199999999999974e+01,2.883821138106391403e-04
1.021400000000000041e+01,2.884530413138420343e-04
1.021600000000000108e+01,2.885239688153413214e-04
1.021799999999999997e+01,2.885948963151359174e-04
1.022000000000000064e+01,2.886658238132272861e-04
1.022199999999999953e+01,2.887367513096141805e-04
1.022400000000000020e+01,2.888076788042967633e-04
1.022600000000000087e+01,2.888786062972752513e-04
1.022799999999999976e+01,2.889495337885501325e-04
1.023000000000000043e+01,2.890204612781209189e-04
1.023200000000000109e+01,2.890913887659875563e-04
1.023399999999999999e+01,2.891623162521500447e-04
1.023600000000000065e+01,2.892332437366086553e-04
1.023799999999999955e+01,2.893041712193631168e-04
1.024000000000000021e+01,2.893750987004132125e-04
1.024200000000000088e+01,2.894460261797592677e-04
1.024399999999999977e+01,2.895169536574017702e-04
1.024600000000000044e+01,2.895878811333394190e-04
1.024799999999999933e+01,2.896588086075731899e-04
1.025000000000000000e+01,2.897297360801033539e-04
1.025200000000000067e+01,2.898006635509292606e-04
1.025399999999999956e+01,2.898715910200499882e-04
1.025600000000000023e+01,2.899425184874674885e-04
1.025800000000000090e+01,2.900134459531814360e-04
1.025999999999999979e+01,2.900843734171905841e-04
1.026200000000000045e+01,2.901553008794948243e-04
1.026399999999999935e+01,2.902262283400962707e-04
1.026600000000000001e+01,2.902971557989929719e-04
1.026800000000000068e+01,2.903680832561860120e-04
1.026999999999999957e+01,2.904390107116744694e-04
1.027200000000000024e+01,2.905099381654590489e-04
1.027400000000000091e+01,2.905808656175389916e-04
1.027599999999999980e+01,2.906517930679155984e-04
1.027800000000000047e+01,2.907227205165877851e-04
1.027999999999999936e+01,2.907936479635558772e-04
1.028200000000000003e+01,2.908645754088195492e-04
1.028400000000000070e+01,2.909355028523792348e-04
1.028599999999999959e+01,2.910064302942348799e-04
1.028800000000000026e+01,2.910773577343858339e-04
1.029000000000000092e+01,2.911482851728326932e-04
1.029199999999999982e+01,2.912192126095759456e-04
1.029400000000000048e+01,2.912901400446152658e-04
1.029599999999999937e+01,2.913610674779500034e-04
1.029800000000000004e+01,2.914319949095799415e-04
1.030000000000000071e+01,2.915029223395066522e-04
1.030199999999999960e+01,2.915738497677288887e-04
1.030400000000000027e+01,2.916447771942468135e-04
1.030600000000000094e+01,2.917157046190604268e-04
1.030799999999999983e+01,2.917866320421693489e-04
1.031000000000000050e+01,2.918575594635748811e-04
1.031199999999999939e+01,2.919284868832751800e-04
1.031400000000000006e+01,2.919994143012730648e-04
1.031600000000000072e+01,2.920703417175650658e-04
1.031799999999999962e+01,2.921412691321538394e-04
1.032000000000000028e+01,2.922121965450382472e-04
1.032200000000000095e+01,2.922831239562183434e-04
1.032399999999999984e+01,2.923540513656939653e-04
1.032600000000000051e+01,2.924249787734656009e-04
1.032799999999999940e+01,2.924959061795322744e-04
1.033000000000000007e+01,2.925668335838956663e-04
1.033200000000000074e+01,2.926377609865542587e-04
1.033399999999999963e+01,2.927086883875081600e-04
1.033600000000000030e+01,2.927796157867587254e-04
1.033800000000000097e+01,2.928505431843046541e-04
1.033999999999999986e+01,2.929214705801465963e-04
1.034200000000000053e+01,2.929923979742844438e-04
1.034399999999999942e+01,2.930633253667177629e-04
1.034600000000000009e+01,2.931342527574464993e-04
1.034800000000000075e+01,2.932051801464704904e-04
1.034999999999999964e+01,2.932761075337912541e-04
1.035200000000000031e+01,2.933470349194069473e-04
1.035400000000000098e+01,2.934179623033194672e-04
1.035599999999999987e+01,2.934888896855270251e-04
1.035800000000000054e+01,2.935598170660303798e-04
1.035999999999999943e+01,2.936307444448296397e-04
1.036200000000000010e+01,2.937016718219245879e-04
1.036400000000000077e+01,2.937725991973154415e-04
1.036599999999999966e+01,2.938435265710015497e-04
1.036800000000000033e+01,2.939144539429833464e-04
1.037000000000000099e+01,2.939853813132607772e-04
1.037199999999999989e+01,2.940563086818348180e-04
1.037400000000000055e+01,2.941272360487041135e-04
1.037599999999999945e+01,2.941981634138692058e-04
1.037800000000000011e+01,2.942690907773290649e-04
1.038000000000000078e+01,2.943400181390853172e-04
1.038199999999999967e+01,2.944109454991375289e-04
1.038400000000000034e+01,2.944818728574849411e-04
1.038600000000000101e+01,2.945528002141286380e-04
1.038799999999999990e+01,2.946237275690678607e-04
1.039000000000000057e+01,2.946946549223024465e-04
1.039199999999999946e+01,2.947655822738323413e-04
1.039400000000000013e+01,2.948365096236584123e-04
1.039600000000000080e+01,2.949074369717799007e-04
1.039799999999999969e+01,2.949783643181975112e-04
1.040000000000000036e+01,2.950492916629103221e-04
1.040200000000000102e+01,2.951202190059189299e-04
1.040399999999999991e+01,2.951911463472238766e-04
1.040600000000000058e+01,2.952620736868230480e-04
1.040799999999999947e+01,2.953330010247185583e-04
1.041000000000000014e+01,2.954039283609099197e-04
1.041200000000000081e+01,2.954748556953963189e-04
1.041399999999999970e+01,2.955457830281787860e-04
1.041600000000000037e+01,2.956167103592574836e-04
1.041800000000000104e+01,2.956876376886309480e-04
1.041999999999999993e+01,2.957585650163003718e-04
1.042200000000000060e+01,2.958294923422658093e-04
1.042399999999999949e+01,2.959004196665269352e-04
1.042600000000000016e+01,2.959713469890837495e-04
1.042800000000000082e+01,2.960422743099357643e-04
1.042999999999999972e+01,2.961132016290836844e-04
1.043200000000000038e+01,2.961841289465268591e-04
1.043400000000000105e+01,2.962550562622658849e-04
1.043599999999999994e+01,2.963259835763002738e-04
1.043800000000000061e+01,2.963969108886305680e-04
1.043999999999999950e+01,2.964678381992562253e-04
1.044200000000000017e+01,2.965387655081776251e-04
1.044400000000000084e+01,2.966096928153943340e-04
1.044599999999999973e+01,2.966806201209074901e-04
1.044800000000000040e+01,2.967515474247153589e-04
1.045000000000000107e+01,2.968224747268185908e-04
1.045199999999999996e+01,2.968934020272179990e-04
1.045400000000000063e+01,2.969643293259126076e-04
1.045599999999999952e+01,2.970352566229030131e-04
1.045800000000000018e+01,2.971061839181885649e-04
1.046000000000000085e+01,2.971771112117698593e-04
1.046199999999999974e+01,2.972480385036471674e-04
1.046400000000000041e+01,2.973189657938193507e-04
1.046600000000000108e+01,2.973898930822870598e-04
1.046799999999999997e+01,2.974608203690506741e-04
1.047000000000000064e+01,2.975317476541097599e-04
1.047199999999999953e+01,2.976026749374646968e-04
1.047400000000000020e+01,2.976736022191149968e-04
1.047600000000000087e+01,2.977445294990606599e-04
1.047799999999999976e+01,2.978154567773026078e-04
1.048000000000000043e+01,2.978863840538394851e-04
1.048200000000000109e+01,2.979573113286717255e-04
1.048399999999999999e+01,2.980282386017995460e-04
1.048600000000000065e+01,2.980991658732227295e-04
1.048799999999999955e+01,2.981700931429415473e-04
1.049000000000000021e+01,2.982410204109561076e-04
1.049200000000000088e+01,2.983119476772664647e-04
1.049399999999999977e+01,2.983828749418721850e-04
1.049600000000000044e+01,2.984538022047730516e-04
1.049799999999999933e+01,2.985247294659691729e-04
1.050000000000000000e+01,2.985956567254607116e-04
1.050200000000000067e+01,2.986665839832483181e-04
1.050399999999999956e+01,2.987375112393318298e-04
1.050600000000000023e+01,2.988084384937096747e-04
1.050800000000000090e+01,2.988793657463832622e-04
1.050999999999999979e+01,2.989502929973530802e-04
1.051200000000000045e+01,2.990212202466180445e-04
1.051399999999999935e+01,2.990921474941784803e-04
1.051600000000000001e+01,2.991630747400348214e-04
1.051800000000000068e+01,2.992340019841860919e-04
1.051999999999999957e+01,2.993049292266329424e-04
1.052200000000000024e+01,2.993758564673751018e-04
1.052400000000000091e+01,2.994467837064132207e-04
1.052599999999999980e+01,2.995177109437458895e-04
1.052800000000000047e+01,2.995886381793751141e-04
1.052999999999999936e+01,2.996595654132991598e-04
1.053200000000000003e+01,2.997304926455181891e-04
1.053400000000000070e+01,2.998014198760327984e-04
1.053599999999999959e+01,2.998723471048430960e-04
1.053800000000000026e+01,2.999432743319489737e-04
1.054000000000000092e+01,3.000142015573507566e-04
1.054199999999999982e+01,3.000851287810482821e-04
1.054400000000000048e+01,3.001560560030410623e-04
1.054599999999999937e+01,3.002269832233292598e-04
1.054800000000000004e+01,3.002979104419127121e-04
1.055000000000000071e+01,3.003688376587918527e-04
1.055199999999999960e+01,3.004397648739652723e-04
1.055400000000000027e+01,3.005106920874354103e-04
1.055600000000000094e+01,3.005816192992006404e-04
1.055799999999999983e+01,3.006525465092610167e-04
1.056000000000000050e+01,3.007234737176171899e-04
1.056199999999999939e+01,3.007944009242680757e-04
1.056400000000000006e+01,3.008653281292145956e-04
1.056600000000000072e+01,3.009362553324571293e-04
1.056799999999999962e+01,3.010071825339943213e-04
1.057000000000000028e+01,3.010781097338270933e-04
1.057200000000000095e+01,3.011490369319554453e-04
1.057399999999999984e+01,3.012199641283785099e-04
1.057600000000000051e+01,3.012908913230977507e-04
1.057799999999999940e+01,3.013618185161116500e-04
1.058000000000000007e+01,3.014327457074227013e-04
1.058200000000000074e+01,3.015036728970279232e-04
1.058399999999999963e+01,3.015746000849284540e-04
1.058600000000000030e+01,3.016455272711240768e-04
1.058800000000000097e+01,3.017164544556154423e-04
1.058999999999999986e+01,3.017873816384017915e-04
1.059200000000000053e+01,3.018583088194839916e-04
1.059399999999999942e+01,3.019292359988619344e-04
1.059600000000000009e+01,3.020001631765342103e-04
1.059800000000000075e+01,3.020710903525022288e-04
1.059999999999999964e+01,3.021420175267644720e-04
1.060200000000000031e+01,3.022129446993237047e-04
1.060400000000000098e+01,3.022838718701774331e-04
1.060599999999999987e+01,3.023547990393263079e-04
1.060800000000000054e+01,3.024257262067714131e-04
1.060999999999999943e+01,3.024966533725114478e-04
1.061200000000000010e+01,3.025675805365476588e-04
1.061400000000000077e+01,3.026385076988784739e-04
1.061599999999999966e+01,3.027094348595046522e-04
1.061800000000000033e+01,3.027803620184256516e-04
1.062000000000000099e+01,3.028512891756423935e-04
1.062199999999999989e+01,3.029222163311543359e-04
1.062400000000000055e+01,3.029931434849625089e-04
1.062599999999999945e+01,3.030640706370651776e-04
1.062800000000000011e+01,3.031349977874636431e-04
1.063000000000000078e+01,3.032059249361573092e-04
1.063199999999999967e+01,3.032768520831459588e-04
1.063400000000000034e+01,3.033477792284307306e-04
1.063600000000000101e+01,3.034187063720090224e-04
1.063799999999999990e+01,3.034896335138829483e-04
1.064000000000000057e+01,3.035605606540526711e-04
1.064199999999999946e+01,3.036314877925179738e-04
1.064400000000000013e+01,3.037024149292786397e-04
1.064600000000000080e+01,3.037733420643338555e-04
1.064799999999999969e+01,3.038442691976845429e-04
1.065000000000000036e+01,3.039151963293307561e-04
1.065200000000000102e+01,3.039861234592725493e-04
1.065399999999999991e+01,3.040570505875088924e-04
1.065600000000000058e+01,3.041279777140409239e-04
1.065799999999999947e+01,3.041989048388680475e-04
1.066000000000000014e+01,3.042698319619909137e-04
1.066200000000000081e+01,3.043407590834078962e-04
1.066399999999999970e+01,3.044116862031200793e-04
1.066600000000000037e+01,3.044826133211286554e-04
1.066800000000000104e+01,3.045535404374320526e-04
1.066999999999999993e+01,3.046244675520311924e-04
1.067200000000000060e+01,3.046953946649246111e-04
1.067399999999999949e+01,3.047663217761146940e-04
1.067600000000000016e+01,3.048372488855994353e-04
1.067800000000000082e+01,3.049081759933787807e-04
1.067999999999999972e+01,3.049791030994537604e-04
1.068200000000000038e+01,3.050500302038237780e-04
1.068400000000000105e+01,3.051209573064887792e-04
1.068599999999999994e+01,3.051918844074494146e-04
1.068800000000000061e+01,3.052628115067048168e-04
1.068999999999999950e+01,3.053337386042558532e-04
1.069200000000000017e+01,3.054046657001017648e-04
1.069400000000000084e+01,3.054755927942430396e-04
1.069599999999999973e+01,3.055465198866797317e-04
1.069800000000000040e+01,3.056174469774115159e-04
1.070000000000000107e+01,3.056883740664386091e-04
1.070199999999999996e+01,3.057593011537605775e-04
1.070400000000000063e+01,3.058302282393781258e-04
1.070599999999999952e+01,3.059011553232907120e-04
1.070800000000000018e+01,3.059720824054990409e-04
1.071000000000000085e+01,3.060430094860021907e-04
1.071199999999999974e+01,3.061139365648002700e-04
1.071400000000000041e+01,3.061848636418942546e-04
1.071600000000000108e+01,3.062557907172821386e-04
1.071799999999999997e+01,3.063267177909664157e-04
1.072000000000000064e+01,3.063976448629450802e-04
1.072199999999999953e+01,3.064685719332190536e-04
1.072400000000000020e+01,3.065394990017876855e-04
1.072600000000000087e+01,3.066104260686523851e-04
1.072799999999999976e+01,3.066813531338111469e-04
1.073000000000000043e+01,3.067522801972651092e-04
1.073200000000000109e+01,3.068232072590145972e-04
1.073399999999999999e+01,3.068941343190596653e-04
1.073600000000000065e+01,3.069650613773997169e-04
1.073799999999999955e+01,3.070359884340348065e-04
1.074000000000000021e+01,3.071069154889649339e-04
1.074200000000000088e+01,3.071778425421899908e-04
1.074399999999999977e+01,3.072487695937100314e-04
1.074600000000000044e+01,3.073196966435250014e-04
1.074800000000000111e+01,3.073906236916350634e-04
1.075000000000000000e+01,3.074615507380410850e-04
1.075200000000000067e+01,3.075324777827424696e-04
1.075399999999999956e+01,3.076034048257391090e-04
1.075600000000000023e+01,3.076743318670302442e-04
1.075800000000000090e+01,3.077452589066157125e-04
1.075999999999999979e+01,3.078161859444966523e-04
1.076200000000000045e+01,3.078871129806734974e-04
1.076399999999999935e+01,3.079580400151450009e-04
1.076600000000000001e+01,3.080289670479110001e-04
1.076800000000000068e+01,3.080998940789730673e-04
1.076999999999999957e+01,3.081708211083299554e-04
1.077200000000000024e+01,3.082417481359813935e-04
1.077400000000000091e+01,3.083126751619278696e-04
1.077599999999999980e+01,3.083836021861701424e-04
1.077800000000000047e+01,3.084545292087074531e-04
1.077999999999999936e+01,3.085254562295397475e-04
1.078200000000000003e+01,3.085963832486670797e-04
1.078400000000000070e+01,3.086673102660890703e-04
1.078599999999999959e+01,3.087382372818059904e-04
1.078800000000000026e+01,3.088091642958183279e-04
1.079000000000000092e+01,3.088800913081255948e-04
1.079199999999999982e+01,3.089510183187284416e-04
1.079400000000000048e+01,3.090219453276261095e-04
1.079599999999999937e+01,3.090928723348183816e-04
1.079800000000000004e+01,3.091637993403061795e-04
1.080000000000000071e+01,3.092347263440885815e-04
1.080199999999999960e+01,3.093056533461667262e-04
1.080400000000000027e+01,3.093765803465392582e-04
1.080600000000000094e+01,3.094475073452066113e-04
1.080799999999999983e+01,3.095184343421691648e-04
1.081000000000000050e+01,3.095893613374270273e-04
1.081199999999999939e+01,3.096602883309798734e-04
1.081400000000000006e+01,3.097312153228275406e-04
1.081600000000000072e+01,3.098021423129710588e-04
1.081799999999999962e+01,3.098730693014086390e-04
1.082000000000000028e+01,3.099439962881414198e-04
1.082200000000000095e+01,3.100149232731697264e-04
1.082399999999999984e+01,3.100858502564923661e-04
1.082600000000000051e+01,3.101567772381100979e-04
1.082799999999999940e+01,3.102277042180230301e-04
1.083000000000000007e+01,3.102986311962307293e-04
1.083200000000000074e+01,3.103695581727325989e-04
1.083399999999999963e+01,3.104404851475303195e-04
1.083600000000000030e+01,3.105114121206231322e-04
1.083800000000000097e+01,3.105823390920109286e-04
1.083999999999999986e+01,3.106532660616939255e-04
1.084200000000000053e+01,3.107241930296712014e-04
1.084399999999999942e+01,3.107951199959431898e-04
1.084600000000000009e+01,3.108660469605116256e-04
1.084800000000000075e+01,3.109369739233743945e-04
1.084999999999999964e+01,3.110079008845317134e-04
1.085200000000000031e+01,3.110788278439842870e-04
1.085400000000000098e+01,3.111497548017317359e-04
1.085599999999999987e+01,3.112206817577744936e-04
1.085800000000000054e+01,3.112916087121116930e-04
1.085999999999999943e+01,3.113625356647437676e-04
1.086200000000000010e+01,3.114334626156705548e-04
1.086400000000000077e+01,3.115043895648929220e-04
1.086599999999999966e+01,3.115753165124101644e-04
1.086800000000000033e+01,3.116462434582220110e-04
1.087000000000000099e+01,3.117171704023289497e-04
1.087199999999999989e+01,3.117880973447310889e-04
1.087400000000000055e+01,3.118590242854282660e-04
1.087599999999999945e+01,3.119299512244198846e-04
1.087800000000000011e+01,3.120008781617071374e-04
1.088000000000000078e+01,3.120718050972888860e-04
1.088199999999999967e+01,3.121427320311652930e-04
1.088400000000000034e+01,3.122136589633367921e-04
1.088600000000000101e+01,3.122845858938036543e-04
1.088799999999999990e+01,3.123555128225645786e-04
1.089000000000000057e+01,3.124264397496202697e-04
1.089199999999999946e+01,3.124973666749709445e-04
1.089400000000000013e+01,3.125682935986165488e-04
1.089600000000000080e+01,3.126392205205572993e-04
1.089799999999999969e+01,3.127101474407927625e-04
1.090000000000000036e+01,3.127810743593233719e-04
1.090200000000000102e+01,3.128520012761484229e-04
1.090399999999999991e+01,3.129229281912687287e-04
1.090600000000000058e+01,3.129938551046840180e-04
1.090799999999999947e+01,3.130647820163934779e-04
1.091000000000000014e+01,3.131357089263991141e-04
1.091200000000000081e+01,3.132066358346990292e-04
1.091399999999999970e+01,3.132775627412940907e-04
1.091600000000000037e+01,3.133484896461828889e-04
1.091800000000000104e+01,3.134194165493678634e-04
1.091999999999999993e+01,3.134903434508460327e-04
1.092200000000000060e+01,3.135612703506200530e-04
1.092399999999999949e+01,3.136321972486891111e-04
1.092600000000000016e+01,3.137031241450525566e-04
1.092800000000000082e+01,3.137740510397106605e-04
1.092999999999999972e+01,3.138449779326641276e-04
1.093200000000000038e+01,3.139159048239119278e-04
1.093400000000000105e+01,3.139868317134553079e-04
1.093599999999999994e+01,3.140577586012937260e-04
1.093800000000000061e+01,3.141286854874258808e-04
1.093999999999999950e+01,3.141996123718528025e-04
1.094200000000000017e+01,3.142705392545749789e-04
1.094400000000000084e+01,3.143414661355919222e-04
1.094599999999999973e+01,3.144123930149041201e-04
1.094800000000000040e+01,3.144833198925116270e-04
1.095000000000000107e+01,3.145542467684132502e-04
1.095199999999999996e+01,3.146251736426091523e-04
1.095400000000000063e+01,3.146961005151005801e-04
1.095599999999999952e+01,3.147670273858863953e-04
1.095800000000000018e+01,3.148379542549677905e-04
1.096000000000000085e+01,3.149088811223436815e-04
1.096199999999999974e+01,3.149798079880139598e-04
1.096400000000000041e+01,3.150507348519794928e-04
1.096600000000000108e+01,3.151216617142396301e-04
1.096799999999999997e+01,3.151925885747943173e-04
1.097000000000000064e+01,3.152635154336438797e-04
1.097199999999999953e+01,3.153344422907878295e-04
1.097400000000000020e+01,3.154053691462265462e-04
1.097600000000000087e+01,3.154762959999604633e-04
1.097799999999999976e+01,3.155472228519885509e-04
1.098000000000000043e+01,3.156181497023120017e-04
1.098200000000000109e+01,3.156890765509292977e-04
1.098399999999999999e+01,3.157600033978421737e-04
1.098600000000000065e+01,3.158309302430498708e-04
1.098799999999999955e+01,3.159018570865523888e-04
1.099000000000000021e+01,3.159727839283489148e-04
1.099200000000000088e+01,3.160437107684409123e-04
1.099399999999999977e+01,3.161146376068273514e-04
1.099600000000000044e+01,3.161855644435086115e-04
1.099800000000000111e+01,3.162564912784843673e-04
1.100000000000000000e+01,3.163274181117552153e-04
1.100200000000000067e+01,3.163983449433207217e-04
1.100399999999999956e+01,3.164692717731813743e-04
1.100600000000000023e+01,3.165401986013366854e-04
1.100800000000000090e+01,3.166111254277852454e-04
1.100999999999999979e+01,3.166820522525293311e-04
1.101200000000000045e+01,3.167529790755680753e-04
1.101399999999999935e+01,3.168239058969024536e-04
1.101600000000000001e+01,3.168948327165305146e-04
1.101800000000000068e+01,3.169657595344538303e-04
1.101999999999999957e+01,3.170366863506710454e-04
1.102200000000000024e+01,3.171076131651837863e-04
1.102400000000000091e+01,3.171785399779919988e-04
1.102599999999999980e+01,3.172494667890936771e-04
1.102800000000000047e+01,3.173203935984904474e-04
1.102999999999999936e+01,3.173913204061819845e-04
1.103200000000000003e+01,3.174622472121675838e-04
1.103400000000000070e+01,3.175331740164479498e-04
1.103599999999999959e+01,3.176041008190232996e-04
1.103800000000000026e+01,3.176750276198927656e-04
1.104000000000000092e+01,3.177459544190575406e-04
1.104199999999999982e+01,3.178168812165171365e-04
1.104400000000000048e+01,3.178878080122709573e-04
1.104599999999999937e+01,3.179587348063197074e-04
1.104800000000000004e+01,3.180296615986632786e-04
1.105000000000000071e+01,3.181005883893009661e-04
1.105199999999999960e+01,3.181715151782340168e-04
1.105400000000000027e+01,3.182424419654611837e-04
1.105600000000000094e+01,3.183133687509824127e-04
1.105799999999999983e+01,3.183842955347985712e-04
1.106000000000000050e+01,3.184552223169104181e-04
1.106199999999999939e+01,3.185261490973161644e-04
1.106400000000000006e+01,3.185970758760159728e-04
1.106600000000000072e+01,3.186680026530115239e-04
1.106799999999999962e+01,3.187389294283011370e-04
1.107000000000000028e+01,3.188098562018852459e-04
1.107200000000000095e+01,3.188807829737641216e-04
1.107399999999999984e+01,3.189517097439370052e-04
1.107600000000000051e+01,3.190226365124051978e-04
1.107799999999999940e+01,3.190935632791673440e-04
1.108000000000000007e+01,3.191644900442245822e-04
1.108200000000000074e+01,3.192354168075765331e-04
1.108399999999999963e+01,3.193063435692226003e-04
1.108600000000000030e+01,3.193772703291640849e-04
1.108800000000000097e+01,3.194481970874000110e-04
1.108999999999999986e+01,3.195191238439303786e-04
1.109200000000000053e+01,3.195900505987556758e-04
1.109399999999999942e+01,3.196609773518749266e-04
1.109600000000000009e+01,3.197319041032888358e-04
1.109800000000000075e+01,3.198028308529968070e-04
1.109999999999999964e+01,3.198737576010000330e-04
1.110200000000000031e+01,3.199446843472973753e-04
1.110400000000000098e+01,3.200156110918899724e-04
1.110599999999999987e+01,3.200865378347766315e-04
1.110800000000000054e+01,3.201574645759575153e-04
1.110999999999999943e+01,3.202283913154335454e-04
1.111200000000000010e+01,3.202993180532035834e-04
1.111400000000000077e+01,3.203702447892687135e-04
1.111599999999999966e+01,3.204411715236286646e-04
1.111800000000000033e+01,3.205120982562834368e-04
1.112000000000000099e+01,3.205830249872316747e-04
1.112199999999999989e+01,3.206539517164744084e-04
1.112400000000000055e+01,3.207248784440120716e-04
1.112599999999999945e+01,3.207958051698437969e-04
1.112800000000000011e+01,3.208667318939708852e-04
1.113000000000000078e+01,3.209376586163926320e-04
1.113199999999999967e+01,3.210085853371080072e-04
1.113400000000000034e+01,3.210795120561182035e-04
1.113600000000000101e+01,3.211504387734229497e-04
1.113799999999999990e+01,3.212213654890223001e-04
1.114000000000000057e+01,3.212922922029156584e-04
1.114199999999999946e+01,3.213632189151041630e-04
1.114400000000000013e+01,3.214341456255867839e-04
1.114600000000000080e+01,3.215050723343637921e-04
1.114799999999999969e+01,3.215759990414356756e-04
1.115000000000000036e+01,3.216469257468018380e-04
1.115200000000000102e+01,3.217178524504629299e-04
1.115399999999999991e+01,3.217887791524183549e-04
1.115600000000000058e+01,3.218597058526680588e-04
1.115799999999999947e+01,3.219306325512124754e-04
1.116000000000000014e+01,3.220015592480510625e-04
1.116200000000000081e+01,3.220724859431846874e-04
1.116399999999999970e+01,3.221434126366123744e-04
1.116600000000000037e+01,3.222143393283347199e-04
1.116800000000000104e+01,3.222852660183512900e-04
1.116999999999999993e+01,3.223561927066623560e-04
1.117200000000000060e+01,3.224271193932678635e-04
1.117399999999999949e+01,3.224980460781678667e-04
1.117600000000000016e+01,3.225689727613620947e-04
1.117800000000000082e+01,3.226398994428509269e-04
1.117999999999999972e+01,3.227108261226340922e-04
1.118200000000000038e+01,3.227817528007118075e-04
1.118400000000000105e+01,3.228526794770839102e-04
1.118599999999999994e+01,3.229236061517503460e-04
1.118800000000000061e+01,3.229945328247121991e-04
1.118999999999999950e+01,3.230654594959670302e-04
1.119200000000000017e+01,3.231363861655168991e-04
1.119400000000000084e+01,3.232073128333611553e-04
1.119599999999999973e+01,3.232782394994999616e-04
1.119800000000000040e+01,3.233491661639331552e-04
1.120000000000000107e+01,3.234200928266602482e-04
1.120199999999999996e+01,3.234910194876812408e-04
1.120400000000000063e+01,3.235619461469975964e-04
1.120599999999999952e+01,3.236328728046083936e-04
1.120800000000000018e+01,3.237037994605138492e-04
1.121000000000000085e+01,3.237747261147135838e-04
1.121199999999999974e+01,3.238456527672072720e-04
1.121400000000000041e+01,3.239165794179955644e-04
1.121600000000000108e+01,3.239875060670782442e-04
1.121799999999999997e+01,3.240584327144555824e-04
1.122000000000000064e+01,3.241293593601270368e-04
1.122199999999999953e+01,3.242002860040936376e-04
1.122400000000000020e+01,3.242712126463537041e-04
1.122600000000000087e+01,3.243421392869085917e-04
1.122799999999999976e+01,3.244130659257568909e-04
1.123000000000000043e+01,3.244839925628999026e-04
1.123200000000000109e+01,3.245549191983377354e-04
1.123399999999999999e+01,3.246258458320701182e-04
1.123600000000000065e+01,3.246967724640964547e-04
1.123799999999999955e+01,3.247676990944169074e-04
1.124000000000000021e+01,3.248386257230316933e-04
1.124200000000000088e+01,3.249095523499413002e-04
1.124399999999999977e+01,3.249804789751450777e-04
1.124600000000000044e+01,3.250514055986436762e-04
1.124800000000000111e+01,3.251223322204365536e-04
1.125000000000000000e+01,3.251932588405237641e-04
1.125200000000000067e+01,3.252641854589056331e-04
1.125399999999999956e+01,3.253351120755812388e-04
1.125600000000000023e+01,3.254060386905507441e-04
1.125800000000000090e+01,3.254769653038147451e-04
1.125999999999999979e+01,3.255478919153733503e-04
1.126200000000000045e+01,3.256188185252260718e-04
1.126399999999999935e+01,3.256897451333729096e-04
1.126600000000000001e+01,3.257606717398145685e-04
1.126800000000000068e+01,3.258315983445504520e-04
1.126999999999999957e+01,3.259025249475806687e-04
1.127200000000000024e+01,3.259734515489051102e-04
1.127400000000000091e+01,3.260443781485239390e-04
1.127599999999999980e+01,3.261153047464368840e-04
1.127800000000000047e+01,3.261862313426445417e-04
1.127999999999999936e+01,3.262571579371457736e-04
1.128200000000000003e+01,3.263280845299415555e-04
1.128400000000000070e+01,3.263990111210315621e-04
1.128599999999999959e+01,3.264699377104164982e-04
1.128800000000000026e+01,3.265408642980954963e-04
1.129000000000000092e+01,3.266117908840680145e-04
1.129199999999999982e+01,3.266827174683363294e-04
1.129400000000000048e+01,3.267536440508971886e-04
1.129599999999999937e+01,3.268245706317523267e-04
1.129800000000000004e+01,3.268954972109025026e-04
1.130000000000000071e+01,3.269664237883465239e-04
1.130199999999999960e+01,3.270373503640848240e-04
1.130400000000000027e+01,3.271082769381176199e-04
1.130600000000000094e+01,3.271792035104441527e-04
1.130799999999999983e+01,3.272501300810654523e-04
1.131000000000000050e+01,3.273210566499803803e-04
1.131199999999999939e+01,3.273919832171905088e-04
1.131400000000000006e+01,3.274629097826944283e-04
1.131600000000000072e+01,3.275338363464927894e-04
1.131799999999999962e+01,3.276047629085848873e-04
1.132000000000000028e+01,3.276756894689712642e-04
1.132200000000000095e+01,3.277466160276517573e-04
1.132399999999999984e+01,3.278175425846268005e-04
1.132600000000000051e+01,3.278884691398962310e-04
1.132799999999999940e+01,3.279593956934596152e-04
1.133000000000000007e+01,3.280303222453171698e-04
1.133200000000000074e+01,3.281012487954692203e-04
1.133399999999999963e+01,3.281721753439148992e-04
1.133600000000000030e+01,3.282431018906550738e-04
1.133800000000000097e+01,3.283140284356896900e-04
1.133999999999999986e+01,3.283849549790182599e-04
1.134200000000000053e+01,3.284558815206412713e-04
1.134399999999999942e+01,3.285268080605581822e-04
1.134600000000000009e+01,3.285977345987698599e-04
1.134800000000000075e+01,3.286686611352753829e-04
1.134999999999999964e+01,3.287395876700758353e-04
1.135200000000000031e+01,3.288105142031696993e-04
1.135400000000000098e+01,3.288814407345584927e-04
1.135599999999999987e+01,3.289523672642404809e-04
1.135800000000000054e+01,3.290232937922175612e-04
1.135999999999999943e+01,3.290942203184884325e-04
1.136200000000000010e+01,3.291651468430528238e-04
1.136400000000000077e+01,3.292360733659114940e-04
1.136599999999999966e+01,3.293069998870641179e-04
1.136800000000000033e+01,3.293779264065114544e-04
1.137000000000000099e+01,3.294488529242533409e-04
1.137199999999999989e+01,3.295197794402893979e-04
1.137400000000000055e+01,3.295907059546193544e-04
1.137599999999999945e+01,3.296616324672431561e-04
1.137800000000000011e+01,3.297325589781609657e-04
1.138000000000000078e+01,3.298034854873728916e-04
1.138199999999999967e+01,3.298744119948789880e-04
1.138400000000000034e+01,3.299453385006794175e-04
1.138600000000000101e+01,3.300162650047737465e-04
1.138799999999999990e+01,3.300871915071622461e-04
1.139000000000000057e+01,3.301581180078454582e-04
1.139199999999999946e+01,3.302290445068225698e-04
1.139400000000000013e+01,3.302999710040938519e-04
1.139600000000000080e+01,3.303708974996584914e-04
1.139799999999999969e+01,3.304418239935177351e-04
1.140000000000000036e+01,3.305127504856708782e-04
1.140200000000000102e+01,3.305836769761177039e-04
1.140399999999999991e+01,3.306546034648590797e-04
1.140600000000000058e+01,3.307255299518946801e-04
1.140799999999999947e+01,3.307964564372239632e-04
1.141000000000000014e+01,3.308673829208481215e-04
1.141200000000000081e+01,3.309383094027657456e-04
1.141399999999999970e+01,3.310092358829779197e-04
1.141600000000000037e+01,3.310801623614843727e-04
1.141800000000000104e+01,3.311510888382841289e-04
1.141999999999999993e+01,3.312220153133784892e-04
1.142200000000000060e+01,3.312929417867666406e-04
1.142399999999999949e+01,3.313638682584490167e-04
1.142600000000000016e+01,3.314347947284243708e-04
1.142800000000000082e+01,3.315057211966951963e-04
1.142999999999999972e+01,3.315766476632596503e-04
1.143200000000000038e+01,3.316475741281183290e-04
1.143400000000000105e+01,3.317185005912715035e-04
1.143599999999999994e+01,3.317894270527178727e-04
1.143800000000000061e+01,3.318603535124585750e-04
1.143999999999999950e+01,3.319312799704932310e-04
1.144200000000000017e+01,3.320022064268220033e-04
1.144400000000000084e+01,3.320731328814444040e-04
1.144599999999999973e+01,3.321440593343616258e-04
1.144800000000000040e+01,3.322149857855719339e-04
1.145000000000000107e+01,3.322859122350770088e-04
1.145199999999999996e+01,3.323568386828755494e-04
1.145400000000000063e+01,3.324277651289681522e-04
1.145599999999999952e+01,3.324986915733547086e-04
1.145800000000000018e+01,3.325696180160352187e-04
1.146000000000000085e+01,3.326405444570101162e-04
1.146199999999999974e+01,3.327114708962790215e-04
1.146400000000000041e+01,3.327823973338418263e-04
1.146600000000000108e+01,3.328533237696985306e-04
1.146799999999999997e+01,3.329242502038492427e-04
1.147000000000000064e+01,3.329951766362946133e-04
1.147199999999999953e+01,3.330661030670340459e-04
1.147400000000000020e+01,3.331370294960673238e-04
1.147600000000000087e+01,3.332079559233945554e-04
1.147799999999999976e+01,3.332788823490144938e-04
1.148000000000000043e+01,3.333498087729288737e-04
1.148200000000000109e+01,3.334207351951383458e-04
1.148399999999999999e+01,3.334916616156408499e-04
1.148600000000000065e+01,3.335625880344368199e-04
1.148799999999999955e+01,3.336335144515265808e-04
1.149000000000000021e+01,3.337044408669106749e-04
1.149200000000000088e+01,3.337753672805892648e-04
1.149399999999999977e+01,3.338462936925613747e-04
1.149600000000000044e+01,3.339172201028273298e-04
1.149800000000000111e+01,3.339881465113880518e-04
1.150000000000000000e+01,3.340590729182420227e-04
1.150200000000000067e+01,3.341299993233902725e-04
1.150399999999999956e+01,3.342009257268324760e-04
1.150600000000000023e+01,3.342718521285686331e-04
1.150800000000000090e+01,3.343427785285984187e-04
1.150999999999999979e+01,3.344137049269221037e-04
1.151200000000000045e+01,3.344846313235402845e-04
1.151400000000000112e+01,3.345555577184521480e-04
1.151600000000000001e+01,3.346264841116577482e-04
1.151800000000000068e+01,3.346974105031571395e-04
1.151999999999999957e+01,3.347683368929503761e-04
1.152200000000000024e+01,3.348392632810384879e-04
1.152400000000000091e+01,3.349101896674199570e-04
1.152599999999999980e+01,3.349811160520958678e-04
1.152800000000000047e+01,3.350520424350649732e-04
1.152999999999999936e+01,3.351229688163291165e-04
1.153200000000000003e+01,3.351938951958860209e-04
1.153400000000000070e+01,3.352648215737376379e-04
1.153599999999999959e+01,3.353357479498818533e-04
1.153800000000000026e+01,3.354066743243206187e-04
1.154000000000000092e+01,3.354776006970524704e-04
1.154199999999999982e+01,3.355485270680789805e-04
1.154400000000000048e+01,3.356194534373993358e-04
1.154599999999999937e+01,3.356903798050134280e-04
1.154800000000000004e+01,3.357613061709216365e-04
1.155000000000000071e+01,3.358322325351234734e-04
1.155199999999999960e+01,3.359031588976192097e-04
1.155400000000000027e+01,3.359740852584088455e-04
1.155600000000000094e+01,3.360450116174918387e-04
1.155799999999999983e+01,3.361159379748691108e-04
1.156000000000000050e+01,3.361868643305397945e-04
1.156199999999999939e+01,3.362577906845051908e-04
1.156400000000000006e+01,3.363287170367643781e-04
1.156600000000000072e+01,3.363996433873174649e-04
1.156799999999999962e+01,3.364705697361642343e-04
1.157000000000000028e+01,3.365414960833042527e-04
1.157200000000000095e+01,3.366124224287383331e-04
1.157399999999999984e+01,3.366833487724666925e-04
1.157600000000000051e+01,3.367542751144889514e-04
1.157799999999999940e+01,3.368252014548055976e-04
1.158000000000000007e+01,3.368961277934155469e-04
1.158200000000000074e+01,3.369670541303185825e-04
1.158399999999999963e+01,3.370379804655157345e-04
1.158600000000000030e+01,3.371089067990064607e-04
1.158800000000000097e+01,3.371798331307911947e-04
1.158999999999999986e+01,3.372507594608698282e-04
1.159200000000000053e+01,3.373216857892429033e-04
1.159399999999999942e+01,3.373926121159085225e-04
1.159600000000000009e+01,3.374635384408685834e-04
1.159800000000000075e+01,3.375344647641223268e-04
1.159999999999999964e+01,3.376053910856706202e-04
1.160200000000000031e+01,3.376763174055118374e-04
1.160400000000000098e+01,3.377472437236471166e-04
1.160599999999999987e+01,3.378181700400760242e-04
1.160800000000000054e+01,3.378890963547995360e-04
1.160999999999999943e+01,3.379600226678168931e-04
1.161200000000000010e+01,3.380309489791272822e-04
1.161400000000000077e+01,3.381018752887317335e-04
1.161599999999999966e+01,3.381728015966303010e-04
1.161800000000000033e+01,3.382437279028219549e-04
1.162000000000000099e+01,3.383146542073076708e-04
1.162199999999999989e+01,3.383855805100867442e-04
1.162400000000000055e+01,3.384565068111598796e-04
1.162599999999999945e+01,3.385274331105259387e-04
1.162800000000000011e+01,3.385983594081861683e-04
1.163000000000000078e+01,3.386692857041393757e-04
1.163199999999999967e+01,3.387402119983874043e-04
1.163400000000000034e+01,3.388111382909286817e-04
1.163600000000000101e+01,3.388820645817645092e-04
1.163799999999999990e+01,3.389529908708936398e-04
1.164000000000000057e+01,3.390239171583166698e-04
1.164199999999999946e+01,3.390948434440325151e-04
1.164400000000000013e+01,3.391657697280421515e-04
1.164600000000000080e+01,3.392366960103462294e-04
1.164799999999999969e+01,3.393076222909442068e-04
1.165000000000000036e+01,3.393785485698355415e-04
1.165200000000000102e+01,3.394494748470212636e-04
1.165399999999999991e+01,3.395204011224998552e-04
1.165600000000000058e+01,3.395913273962716957e-04
1.165799999999999947e+01,3.396622536683379778e-04
1.166000000000000014e+01,3.397331799386972377e-04
1.166200000000000081e+01,3.398041062073508850e-04
1.166399999999999970e+01,3.398750324742971850e-04
1.166600000000000037e+01,3.399459587395378180e-04
1.166800000000000104e+01,3.400168850030729469e-04
1.166999999999999993e+01,3.400878112649017041e-04
1.167200000000000060e+01,3.401587375250243609e-04
1.167399999999999949e+01,3.402296637834397786e-04
1.167600000000000016e+01,3.403005900401498006e-04
1.167800000000000082e+01,3.403715162951527463e-04
1.167999999999999972e+01,3.404424425484494287e-04
1.168200000000000038e+01,3.405133688000397938e-04
1.168400000000000105e+01,3.405842950499240584e-04
1.168599999999999994e+01,3.406552212981022766e-04
1.168800000000000061e+01,3.407261475445737980e-04
1.168999999999999950e+01,3.407970737893388394e-04
1.169200000000000017e+01,3.408680000323975634e-04
1.169400000000000084e+01,3.409389262737498615e-04
1.169599999999999973e+01,3.410098525133964387e-04
1.169800000000000040e+01,3.410807787513365358e-04
1.170000000000000107e+01,3.411517049875699360e-04
1.170199999999999996e+01,3.412226312220971274e-04
1.170400000000000063e+01,3.412935574549176760e-04
1.170599999999999952e+01,3.413644836860317989e-04
1.170800000000000018e+01,3.414354099154394960e-04
1.171000000000000085e+01,3.415063361431411467e-04
1.171199999999999974e+01,3.415772623691359922e-04
1.171400000000000041e+01,3.416481885934243034e-04
1.171600000000000108e+01,3.417191148160070020e-04
1.171799999999999997e+01,3.417900410368822448e-04
1.172000000000000064e+01,3.418609672560517666e-04
1.172199999999999953e+01,3.419318934735143204e-04
1.172400000000000020e+01,3.420028196892713158e-04
1.172600000000000087e+01,3.420737459033212349e-04
1.172799999999999976e+01,3.421446721156656498e-04
1.173000000000000043e+01,3.422155983263030425e-04
1.173200000000000109e+01,3.422865245352341179e-04
1.173399999999999999e+01,3.423574507424589843e-04
1.173600000000000065e+01,3.424283769479773165e-04
1.173799999999999955e+01,3.424993031517896565e-04
1.174000000000000021e+01,3.425702293538951913e-04
1.174200000000000088e+01,3.426411555542945172e-04
1.174399999999999977e+01,3.427120817529867667e-04
1.174600000000000044e+01,3.427830079499726988e-04
1.174800000000000111e+01,3.428539341452524762e-04
1.175000000000000000e+01,3.429248603388256110e-04
1.175200000000000067e+01,3.429957865306925368e-04
1.175399999999999956e+01,3.430667127208529826e-04
1.175600000000000023e+01,3.431376389093067857e-04
1.175800000000000090e+01,3.432085650960540546e-04
1.175999999999999979e+01,3.432794912810953314e-04
1.176200000000000045e+01,3.433504174644296946e-04
1.176400000000000112e+01,3.434213436460574150e-04
1.176600000000000001e+01,3.434922698259791434e-04
1.176800000000000068e+01,3.435631960041944460e-04
1.176999999999999957e+01,3.436341221807029975e-04
1.177200000000000024e+01,3.437050483555051774e-04
1.177400000000000091e+01,3.437759745286006604e-04
1.177599999999999980e+01,3.438469006999894466e-04
1.177800000000000047e+01,3.439178268696725660e-04
1.177999999999999936e+01,3.439887530376487717e-04
1.178200000000000003e+01,3.440596792039177926e-04
1.178400000000000070e+01,3.441306053684807130e-04
1.178599999999999959e+01,3.442015315313372618e-04
1.178800000000000026e+01,3.442724576924877100e-04
1.179000000000000092e+01,3.443433838519314614e-04
1.179199999999999982e+01,3.444143100096680281e-04
1.179400000000000048e+01,3.444852361656984942e-04
1.179599999999999937e+01,3.445561623200226430e-04
1.179800000000000004e+01,3.446270884726403659e-04
1.180000000000000071e+01,3.446980146235517173e-04
1.180199999999999960e+01,3.447689407727553960e-04
1.180400000000000027e+01,3.448398669202534621e-04
1.180600000000000094e+01,3.449107930660454276e-04
1.180799999999999983e+01,3.449817192101296663e-04
1.181000000000000050e+01,3.450526453525081839e-04
1.181199999999999939e+01,3.451235714931794626e-04
1.181400000000000006e+01,3.451944976321445866e-04
1.181600000000000072e+01,3.452654237694027968e-04
1.181799999999999962e+01,3.453363499049549065e-04
1.182000000000000028e+01,3.454072760388005904e-04
1.182200000000000095e+01,3.454782021709390896e-04
1.182399999999999984e+01,3.455491283013721929e-04
1.182600000000000051e+01,3.456200544300983826e-04
1.182799999999999940e+01,3.456909805571179838e-04
1.183000000000000007e+01,3.457619066824307256e-04
1.183200000000000074e+01,3.458328328060372584e-04
1.183399999999999963e+01,3.459037589279373654e-04
1.183600000000000030e+01,3.459746850481303418e-04
1.183800000000000097e+01,3.460456111666170551e-04
1.183999999999999986e+01,3.461165372833972342e-04
1.184200000000000053e+01,3.461874633984697407e-04
1.184399999999999942e+01,3.462583895118360924e-04
1.184600000000000009e+01,3.463293156234964519e-04
1.184800000000000075e+01,3.464002417334502231e-04
1.184999999999999964e+01,3.464711678416969179e-04
1.185200000000000031e+01,3.465420939482373496e-04
1.185400000000000098e+01,3.466130200530706507e-04
1.185599999999999987e+01,3.466839461561983392e-04
1.185800000000000054e+01,3.467548722576191140e-04
1.185999999999999943e+01,3.468257983573326498e-04
1.186200000000000010e+01,3.468967244553397057e-04
1.186400000000000077e+01,3.469676505516407152e-04
1.186599999999999966e+01,3.470385766462343231e-04
1.186800000000000033e+01,3.471095027391214510e-04
1.187000000000000099e+01,3.471804288303027494e-04
1.187199999999999989e+01,3.472513549197772968e-04
1.187400000000000055e+01,3.473222810075449305e-04
1.187599999999999945e+01,3.473932070936063552e-04
1.187800000000000011e+01,3.474641331779608662e-04
1.188000000000000078e+01,3.475350592606085177e-04
1.188199999999999967e+01,3.476059853415494182e-04
1.188400000000000034e+01,3.476769114207844350e-04
1.188600000000000101e+01,3.477478374983119418e-04
1.188799999999999990e+01,3.478187635741336191e-04
1.189000000000000057e+01,3.478896896482480574e-04
1.189199999999999946e+01,3.479606157206552568e-04
1.189400000000000013e+01,3.480315417913564641e-04
1.189600000000000080e+01,3.481024678603513540e-04
1.189799999999999969e+01,3.481733939276389508e-04
1.190000000000000036e+01,3.482443199932193627e-04
1.190200000000000102e+01,3.483152460570939995e-04
1.190399999999999991e+01,3.483861721192618309e-04
1.190600000000000058e+01,3.484570981797227487e-04
1.190799999999999947e+01,3.485280242384768612e-04
1.191000000000000014e+01,3.485989502955248189e-04
1.191200000000000081e+01,3.486698763508654835e-04
1.191399999999999970e+01,3.487408024044993428e-04
1.191600000000000037e+01,3.488117284564275894e-04
1.191800000000000104e+01,3.488826545066482719e-04
1.191999999999999993e+01,3.489535805551624743e-04
1.192200000000000060e+01,3.490245066019699799e-04
1.192399999999999949e+01,3.490954326470705718e-04
1.192600000000000016e+01,3.491663586904648463e-04
1.192800000000000082e+01,3.492372847321525866e-04
1.192999999999999972e+01,3.493082107721333048e-04
1.193200000000000038e+01,3.493791368104071635e-04
1.193400000000000105e+01,3.494500628469741086e-04
1.193599999999999994e+01,3.495209888818345736e-04
1.193800000000000061e+01,3.495919149149879081e-04
1.193999999999999950e+01,3.496628409464347625e-04
1.194200000000000017e+01,3.497337669761741612e-04
1.194400000000000084e+01,3.498046930042078388e-04
1.194599999999999973e+01,3.498756190305339522e-04
1.194800000000000040e+01,3.499465450551541277e-04
1.195000000000000107e+01,3.500174710780675521e-04
1.195199999999999996e+01,3.500883970992736834e-04
1.195400000000000063e+01,3.501593231187737141e-04
1.195599999999999952e+01,3.502302491365662891e-04
1.195800000000000018e+01,3.503011751526523298e-04
1.196000000000000085e+01,3.503721011670315110e-04
1.196199999999999974e+01,3.504430271797038328e-04
1.196400000000000041e+01,3.505139531906694577e-04
1.196600000000000108e+01,3.505848791999284942e-04
1.196799999999999997e+01,3.506558052074804544e-04
1.197000000000000064e+01,3.507267312133263140e-04
1.197199999999999953e+01,3.507976572174656394e-04
1.197400000000000020e+01,3.508685832198967501e-04
1.197600000000000087e+01,3.509395092206219770e-04
1.197799999999999976e+01,3.510104352196400193e-04
1.198000000000000043e+01,3.510813612169513104e-04
1.198200000000000109e+01,3.511522872125557963e-04
1.198399999999999999e+01,3.512232132064543985e-04
1.198600000000000065e+01,3.512941391986457076e-04
1.198799999999999955e+01,3.513650651891306450e-04
1.199000000000000021e+01,3.514359911779086146e-04
1.199200000000000088e+01,3.515069171649794536e-04
1.199399999999999977e+01,3.515778431503433247e-04
1.199600000000000044e+01,3.516487691340002822e-04
1.199800000000000111e+01,3.517196951159504885e-04
1.200000000000000000e+01,3.517906210961945944e-04
1.200200000000000067e+01,3.518615470747309733e-04
1.200399999999999956e+01,3.519324730515603844e-04
1.200600000000000023e+01,3.520033990266833155e-04
1.200800000000000090e+01,3.520743250000992787e-04
1.200999999999999979e+01,3.521452509718080029e-04
1.201200000000000045e+01,3.522161769418107350e-04
1.201400000000000112e+01,3.522871029101052524e-04
1.201600000000000001e+01,3.523580288766939403e-04
1.201800000000000068e+01,3.524289548415752808e-04
1.201999999999999957e+01,3.524998808047493824e-04
1.202200000000000024e+01,3.525708067662172208e-04
1.202400000000000091e+01,3.526417327259783081e-04
1.202599999999999980e+01,3.527126586840323734e-04
1.202800000000000047e+01,3.527835846403797960e-04
1.203000000000000114e+01,3.528545105950200338e-04
1.203200000000000003e+01,3.529254365479538458e-04
1.203400000000000070e+01,3.529963624991802563e-04
1.203599999999999959e+01,3.530672884487003494e-04
1.203800000000000026e+01,3.531382143965137456e-04
1.204000000000000092e+01,3.532091403426196319e-04
1.204199999999999982e+01,3.532800662870178997e-04
1.204400000000000048e+01,3.533509922297098501e-04
1.204599999999999937e+01,3.534219181706947242e-04
1.204800000000000004e+01,3.534928441099729557e-04
1.205000000000000071e+01,3.535637700475436772e-04
1.205199999999999960e+01,3.536346959834082981e-04
1.205400000000000027e+01,3.537056219175657885e-04
1.205600000000000094e+01,3.537765478500159858e-04
1.205799999999999983e+01,3.538474737807594320e-04
1.206000000000000050e+01,3.539183997097956934e-04
1.206199999999999939e+01,3.539893256371252038e-04
1.206400000000000006e+01,3.540602515627484510e-04
1.206600000000000072e+01,3.541311774866641340e-04
1.206799999999999962e+01,3.542021034088725239e-04
1.207000000000000028e+01,3.542730293293743795e-04
1.207200000000000095e+01,3.543439552481696467e-04
1.207399999999999984e+01,3.544148811652581628e-04
1.207600000000000051e+01,3.544858070806390605e-04
1.207799999999999940e+01,3.545567329943136951e-04
1.208000000000000007e+01,3.546276589062806028e-04
1.208200000000000074e+01,3.546985848165407052e-04
1.208399999999999963e+01,3.547695107250942734e-04
1.208600000000000030e+01,3.548404366319405485e-04
1.208800000000000097e+01,3.549113625370803977e-04
1.208999999999999986e+01,3.549822884405130622e-04
1.209200000000000053e+01,3.550532143422384878e-04
1.209399999999999942e+01,3.551241402422567286e-04
1.209600000000000009e+01,3.551950661405689773e-04
1.209800000000000075e+01,3.552659920371736618e-04
1.209999999999999964e+01,3.553369179320714326e-04
1.210200000000000031e+01,3.554078438252625065e-04
1.210400000000000098e+01,3.554787697167460163e-04
1.210599999999999987e+01,3.555496956065223413e-04
1.210800000000000054e+01,3.556206214945917526e-04
1.210999999999999943e+01,3.556915473809544670e-04
1.211200000000000010e+01,3.557624732656107557e-04
1.211400000000000077e+01,3.558333991485590465e-04
1.211599999999999966e+01,3.559043250298002609e-04
1.211800000000000033e+01,3.559752509093351580e-04
1.212000000000000099e+01,3.560461767871627077e-04
1.212199999999999989e+01,3.561171026632835605e-04
1.212400000000000055e+01,3.561880285376972286e-04
1.212599999999999945e+01,3.562589544104035493e-04
1.212800000000000011e+01,3.563298802814032816e-04
1.213000000000000078e+01,3.564008061506957208e-04
1.213199999999999967e+01,3.564717320182807041e-04
1.213400000000000034e+01,3.565426578841590990e-04
1.213600000000000101e+01,3.566135837483305803e-04
1.213799999999999990e+01,3.566845096107947683e-04
1.214000000000000057e+01,3.567554354715519885e-04
1.214199999999999946e+01,3.568263613306015903e-04
1.214400000000000013e+01,3.568972871879453625e-04
1.214600000000000080e+01,3.569682130435811369e-04
1.214799999999999969e+01,3.570391388975101060e-04
1.215000000000000036e+01,3.571100647497317277e-04
1.215200000000000102e+01,3.571809906002460021e-04
1.215399999999999991e+01,3.572519164490537964e-04
1.215600000000000058e+01,3.573228422961545144e-04
1.215799999999999947e+01,3.573937681415478309e-04
1.216000000000000014e+01,3.574646939852345589e-04
1.216200000000000081e+01,3.575356198272143190e-04
1.216399999999999970e+01,3.576065456674865149e-04
1.216600000000000037e+01,3.576774715060516887e-04
1.216800000000000104e+01,3.577483973429095693e-04
1.216999999999999993e+01,3.578193231780603194e-04
1.217200000000000060e+01,3.578902490115044269e-04
1.217399999999999949e+01,3.579611748432409159e-04
1.217600000000000016e+01,3.580321006732704371e-04
1.217800000000000082e+01,3.581030265015928277e-04
1.217999999999999972e+01,3.581739523282083046e-04
1.218200000000000038e+01,3.582448781531167594e-04
1.218400000000000105e+01,3.583158039763179210e-04
1.218599999999999994e+01,3.583867297978122232e-04
1.218800000000000061e+01,3.584576556175990696e-04
1.218999999999999950e+01,3.585285814356790023e-04
1.219200000000000017e+01,3.585995072520515876e-04
1.219400000000000084e+01,3.586704330667173134e-04
1.219599999999999973e+01,3.587413588796754750e-04
1.219800000000000040e+01,3.588122846909269398e-04
1.220000000000000107e+01,3.588832105004715451e-04
1.220199999999999996e+01,3.589541363083088572e-04
1.220400000000000063e+01,3.590250621144392014e-04
1.220599999999999952e+01,3.590959879188624151e-04
1.220800000000000018e+01,3.591669137215777394e-04
1.221000000000000085e+01,3.592378395225856078e-04
1.221199999999999974e+01,3.593087653218869420e-04
1.221400000000000041e+01,3.593796911194813083e-04
1.221600000000000108e+01,3.594506169153684357e-04
1.221799999999999997e+01,3.595215427095481073e-04
1.222000000000000064e+01,3.595924685020200520e-04
1.222199999999999953e+01,3.596633942927854083e-04
1.222400000000000020e+01,3.597343200818438509e-04
1.222600000000000087e+01,3.598052458691941330e-04
1.222799999999999976e+01,3.598761716548386940e-04
1.223000000000000043e+01,3.599470974387747151e-04
1.223200000000000109e+01,3.600180232210042561e-04
1.223399999999999999e+01,3.600889490015261245e-04
1.223600000000000065e+01,3.601598747803410249e-04
1.223799999999999955e+01,3.602308005574485238e-04
1.224000000000000021e+01,3.603017263328494885e-04
1.224200000000000088e+01,3.603726521065421301e-04
1.224399999999999977e+01,3.604435778785280205e-04
1.224600000000000044e+01,3.605145036488071057e-04
1.224800000000000111e+01,3.605854294173793857e-04
1.225000000000000000e+01,3.606563551842437219e-04
1.225200000000000067e+01,3.607272809494015240e-04
1.225399999999999956e+01,3.607982067128515991e-04
1.225600000000000023e+01,3.608691324745949775e-04
1.225800000000000090e+01,3.609400582346304663e-04
1.225999999999999979e+01,3.610109839929592042e-04
1.226200000000000045e+01,3.610819097495797272e-04
1.226400000000000112e+01,3.611528355044934992e-04
1.226600000000000001e+01,3.612237612576999781e-04
1.226800000000000068e+01,3.612946870091990554e-04
1.226999999999999957e+01,3.613656127589914900e-04
1.227200000000000024e+01,3.614365385070761978e-04
1.227400000000000091e+01,3.615074642534537750e-04
1.227599999999999980e+01,3.615783899981241676e-04
1.227800000000000047e+01,3.616493157410873211e-04
1.228000000000000114e+01,3.617202414823430731e-04
1.228200000000000003e+01,3.617911672218923451e-04
1.228400000000000070e+01,3.618620929597327518e-04
1.228599999999999959e+01,3.619330186958673290e-04
1.228800000000000026e+01,3.620039444302941794e-04
1.229000000000000092e+01,3.620748701630136825e-04
1.229199999999999982e+01,3.621457958940256213e-04
1.229400000000000048e+01,3.622167216233300501e-04
1.229599999999999937e+01,3.622876473509274568e-04
1.229800000000000004e+01,3.623585730768178414e-04
1.230000000000000071e+01,3.624294988010007160e-04
1.230199999999999960e+01,3.625004245234768395e-04
1.230400000000000027e+01,3.625713502442449109e-04
1.230600000000000094e+01,3.626422759633063939e-04
1.230799999999999983e+01,3.627132016806602585e-04
1.231000000000000050e+01,3.627841273963070467e-04
1.231199999999999939e+01,3.628550531102461081e-04
1.231400000000000006e+01,3.629259788224780932e-04
1.231600000000000072e+01,3.629969045330023515e-04
1.231799999999999962e+01,3.630678302418195334e-04
1.232000000000000028e+01,3.631387559489297474e-04
1.232200000000000095e+01,3.632096816543325057e-04
1.232399999999999984e+01,3.632806073580279165e-04
1.232600000000000051e+01,3.633515330600151669e-04
1.232799999999999940e+01,3.634224587602960998e-04
1.233000000000000007e+01,3.634933844588693059e-04
1.233200000000000074e+01,3.635643101557352189e-04
1.233399999999999963e+01,3.636352358508937303e-04
1.233600000000000030e+01,3.637061615443446774e-04
1.233800000000000097e+01,3.637770872360887109e-04
1.233999999999999986e+01,3.638480129261246923e-04
1.234200000000000053e+01,3.639189386144537600e-04
1.234399999999999942e+01,3.639898643010758056e-04
1.234600000000000009e+01,3.640607899859901243e-04
1.234800000000000075e+01,3.641317156691974209e-04
1.234999999999999964e+01,3.642026413506974786e-04
1.235200000000000031e+01,3.642735670304893215e-04
1.235400000000000098e+01,3.643444927085741423e-04
1.235599999999999987e+01,3.644154183849521579e-04
1.235800000000000054e+01,3.644863440596216335e-04
1.235999999999999943e+01,3.645572697325845206e-04
1.236200000000000010e+01,3.646281954038403314e-04
1.236400000000000077e+01,3.646991210733876022e-04
1.236599999999999966e+01,3.647700467412281220e-04
1.236800000000000033e+01,3.648409724073614570e-04
1.237000000000000099e+01,3.649118980717869025e-04
1.237199999999999989e+01,3.649828237345051633e-04
1.237400000000000055e+01,3.650537493955156431e-04
1.237599999999999945e+01,3.651246750548185044e-04
1.237800000000000011e+01,3.651956007124145063e-04
1.238000000000000078e+01,3.652665263683026187e-04
1.238199999999999967e+01,3.653374520224837089e-04
1.238400000000000034e+01,3.654083776749573434e-04
1.238600000000000101e+01,3.654793033257236847e-04
1.238799999999999990e+01,3.655502289747818655e-04
1.239000000000000057e+01,3.656211546221329158e-04
1.239199999999999946e+01,3.656920802677768897e-04
1.239400000000000013e+01,3.657630059117134079e-04
1.239600000000000080e+01,3.658339315539429581e-04
1.239799999999999969e+01,3.659048571944645647e-04
1.240000000000000036e+01,3.659757828332787697e-04
1.240200000000000102e+01,3.660467084703857899e-04
1.240399999999999991e+01,3.661176341057848665e-04
1.240600000000000058e+01,3.661885597394768125e-04
1.240799999999999947e+01,3.662594853714610859e-04
1.241000000000000014e+01,3.663304110017383372e-04
1.241200000000000081e+01,3.664013366303072654e-04
1.241399999999999970e+01,3.664722622571681956e-04
1.241600000000000037e+01,3.665431878823221037e-04
1.241800000000000104e+01,3.666141135057681224e-04
1.241999999999999993e+01,3.666850391275079863e-04
1.242200000000000060e+01,3.667559647475400150e-04
1.242399999999999949e+01,3.668268903658642084e-04
1.242600000000000016e+01,3.668978159824812712e-04
1.242800000000000082e+01,3.669687415973901193e-04
1.242999999999999972e+01,3.670396672105918912e-04
1.243200000000000038e+01,3.671105928220864240e-04
1.243400000000000105e+01,3.671815184318732300e-04
1.243599999999999994e+01,3.672524440399522008e-04
1.243800000000000061e+01,3.673233696463241494e-04
1.243999999999999950e+01,3.673942952509878833e-04
1.244200000000000017e+01,3.674652208539439446e-04
1.244400000000000084e+01,3.675361464551935259e-04
1.244599999999999973e+01,3.676070720547353803e-04
1.244800000000000040e+01,3.676779976525696163e-04
1.245000000000000107e+01,3.677489232486959086e-04
1.245199999999999996e+01,3.678198488431152330e-04
1.245400000000000063e+01,3.678907744358267764e-04
1.245599999999999952e+01,3.679617000268301592e-04
1.245800000000000018e+01,3.680326256161271705e-04
1.246000000000000085e+01,3.681035512037153707e-04
1.246199999999999974e+01,3.681744767895966572e-04
1.246400000000000041e+01,3.682454023737705422e-04
1.246600000000000108e+01,3.683163279562364834e-04
1.246799999999999997e+01,3.683872535369951857e-04
1.247000000000000064e+01,3.684581791160458902e-04
1.247199999999999953e+01,3.685291046933896267e-04
1.247400000000000020e+01,3.686000302690252569e-04
1.247600000000000087e+01,3.686709558429534855e-04
1.247799999999999976e+01,3.687418814151741499e-04
1.248000000000000043e+01,3.688128069856870875e-04
1.248200000000000109e+01,3.688837325544931656e-04
1.248399999999999999e+01,3.689546581215906495e-04
1.248600000000000065e+01,3.690255836869808944e-04
1.248799999999999955e+01,3.690965092506639546e-04
1.249000000000000021e+01,3.691674348126390711e-04
1.249200000000000088e+01,3.692383603729066776e-04
1.249399999999999977e+01,3.693092859314673704e-04
1.249600000000000044e+01,3.693802114883197943e-04
1.249800000000000111e+01,3.694511370434645455e-04
1.250000000000000000e+01,3.695220625969017868e-04
1.250200000000000067e+01,3.695929881486317891e-04
1.250399999999999956e+01,3.696639136986535766e-04
1.250600000000000023e+01,3.697348392469682337e-04
1.250800000000000090e+01,3.698057647935752180e-04
1.250999999999999979e+01,3.698766903384744214e-04
1.251200000000000045e+01,3.699476158816653016e-04
1.251400000000000112e+01,3.700185414231489428e-04
1.251600000000000001e+01,3.700894669629251283e-04
1.251800000000000068e+01,3.701603925009935869e-04
1.251999999999999957e+01,3.702313180373543729e-04
1.252200000000000024e+01,3.703022435720076488e-04
1.252400000000000091e+01,3.703731691049529269e-04
1.252599999999999980e+01,3.704440946361911287e-04
1.252800000000000047e+01,3.705150201657207904e-04
1.253000000000000114e+01,3.705859456935434301e-04
1.253200000000000003e+01,3.706568712196586140e-04
1.253400000000000070e+01,3.707277967440660168e-04
1.253599999999999959e+01,3.707987222667660722e-04
1.253800000000000026e+01,3.708696477877585634e-04
1.254000000000000092e+01,3.709405733070428399e-04
1.254199999999999982e+01,3.710114988246194438e-04
1.254400000000000048e+01,3.710824243404880498e-04
1.254599999999999937e+01,3.711533498546488205e-04
1.254800000000000004e+01,3.712242753671021896e-04
1.255000000000000071e+01,3.712952008778478861e-04
1.255199999999999960e+01,3.713661263868862352e-04
1.255400000000000027e+01,3.714370518942166949e-04
1.255600000000000094e+01,3.715079773998398072e-04
1.255799999999999983e+01,3.715789029037548674e-04
1.256000000000000050e+01,3.716498284059619839e-04
1.256199999999999939e+01,3.717207539064619698e-04
1.256400000000000006e+01,3.717916794052540121e-04
1.256600000000000072e+01,3.718626049023384902e-04
1.256799999999999962e+01,3.719335303977146993e-04
1.257000000000000028e+01,3.720044558913831274e-04
1.257200000000000095e+01,3.720753813833442081e-04
1.257399999999999984e+01,3.721463068735971825e-04
1.257600000000000051e+01,3.722172323621427011e-04
1.257799999999999940e+01,3.722881578489810892e-04
1.258000000000000007e+01,3.723590833341106662e-04
1.258200000000000074e+01,3.724300088175330585e-04
1.258399999999999963e+01,3.725009342992483203e-04
1.258600000000000030e+01,3.725718597792552589e-04
1.258800000000000097e+01,3.726427852575544164e-04
1.258999999999999986e+01,3.727137107341464434e-04
1.259200000000000053e+01,3.727846362090300931e-04
1.259399999999999942e+01,3.728555616822058533e-04
1.259600000000000009e+01,3.729264871536738324e-04
1.259800000000000075e+01,3.729974126234347894e-04
1.259999999999999964e+01,3.730683380914872607e-04
1.260200000000000031e+01,3.731392635578326014e-04
1.260400000000000098e+01,3.732101890224697274e-04
1.260599999999999987e+01,3.732811144853987470e-04
1.260800000000000054e+01,3.733520399466195520e-04
1.260999999999999943e+01,3.734229654061329553e-04
1.261200000000000010e+01,3.734938908639389029e-04
1.261400000000000077e+01,3.735648163200368525e-04
1.261599999999999966e+01,3.736357417744272380e-04
1.261800000000000033e+01,3.737066672271102219e-04
1.262000000000000099e+01,3.737775926780853705e-04
1.262199999999999989e+01,3.738485181273523586e-04
1.262400000000000055e+01,3.739194435749121077e-04
1.262599999999999945e+01,3.739903690207637505e-04
1.262800000000000011e+01,3.740612944649072328e-04
1.263000000000000078e+01,3.741322199073425004e-04
1.263199999999999967e+01,3.742031453480704206e-04
1.263400000000000034e+01,3.742740707870906682e-04
1.263600000000000101e+01,3.743449962244024300e-04
1.263799999999999990e+01,3.744159216600067902e-04
1.264000000000000057e+01,3.744868470939031525e-04
1.264199999999999946e+01,3.745577725260923843e-04
1.264400000000000013e+01,3.746286979565736181e-04
1.264600000000000080e+01,3.746996233853469084e-04
1.264799999999999969e+01,3.747705488124120922e-04
1.265000000000000036e+01,3.748414742377689530e-04
1.265200000000000102e+01,3.749123996614185748e-04
1.265399999999999991e+01,3.749833250833600902e-04
1.265600000000000058e+01,3.750542505035937705e-04
1.265799999999999947e+01,3.751251759221203744e-04
1.266000000000000014e+01,3.751961013389383298e-04
1.266200000000000081e+01,3.752670267540491548e-04
1.266399999999999970e+01,3.753379521674519276e-04
1.266600000000000037e+01,3.754088775791463773e-04
1.266800000000000104e+01,3.754798029891329918e-04
1.266999999999999993e+01,3.755507283974114999e-04
1.267200000000000060e+01,3.756216538039823354e-04
1.267399999999999949e+01,3.756925792088453356e-04
1.267600000000000016e+01,3.757635046119994706e-04
1.267800000000000082e+01,3.758344300134468545e-04
1.267999999999999972e+01,3.759053554131852647e-04
1.268200000000000038e+01,3.759762808112167612e-04
1.268400000000000105e+01,3.760472062075400431e-04
1.268599999999999994e+01,3.761181316021558149e-04
1.268800000000000061e+01,3.761890569950638056e-04
1.268999999999999950e+01,3.762599823862636901e-04
1.269200000000000017e+01,3.763309077757556308e-04
1.269400000000000084e+01,3.764018331635400616e-04
1.269599999999999973e+01,3.764727585496160066e-04
1.269800000000000040e+01,3.765436839339838452e-04
1.270000000000000107e+01,3.766146093166440113e-04
1.270199999999999996e+01,3.766855346975963421e-04
1.270400000000000063e+01,3.767564600768409460e-04
1.270599999999999952e+01,3.768273854543771183e-04
1.270800000000000018e+01,3.768983108302052928e-04
1.271000000000000085e+01,3.769692362043256862e-04
1.271199999999999974e+01,3.770401615767379191e-04
1.271400000000000041e+01,3.771110869474428046e-04
1.271600000000000108e+01,3.771820123164392586e-04
1.271799999999999997e+01,3.772529376837278231e-04
1.272000000000000064e+01,3.773238630493084438e-04
1.272199999999999953e+01,3.773947884131818257e-04
1.272400000000000020e+01,3.774657137753466133e-04
1.272600000000000087e+01,3.775366391358040536e-04
1.272799999999999976e+01,3.776075644945532249e-04
1.273000000000000043e+01,3.776784898515938020e-04
1.273200000000000109e+01,3.777494152069270860e-04
1.273399999999999999e+01,3.778203405605521010e-04
1.273600000000000065e+01,3.778912659124690639e-04
1.273799999999999955e+01,3.779621912626784084e-04
1.274000000000000021e+01,3.780331166111801345e-04
1.274200000000000088e+01,3.781040419579731037e-04
1.274399999999999977e+01,3.781749673030587256e-04
1.274600000000000044e+01,3.782458926464357532e-04
1.274800000000000111e+01,3.783168179881049998e-04
1.275000000000000000e+01,3.783877433280666822e-04
1.275200000000000067e+01,3.784586686663192283e-04
1.275399999999999956e+01,3.785295940028641018e-04
1.275600000000000023e+01,3.786005193377015195e-04
1.275800000000000090e+01,3.786714446708305056e-04
1.275999999999999979e+01,3.787423700022516022e-04
1.276200000000000045e+01,3.788132953319644299e-04
1.276400000000000112e+01,3.788842206599694223e-04
1.276600000000000001e+01,3.789551459862662000e-04
1.276800000000000068e+01,3.790260713108551424e-04
1.276999999999999957e+01,3.790969966337362496e-04
1.277200000000000024e+01,3.791679219549087083e-04
1.277400000000000091e+01,3.792388472743739823e-04
1.277599999999999980e+01,3.793097725921304995e-04
1.277800000000000047e+01,3.793806979081790188e-04
1.278000000000000114e+01,3.794516232225197028e-04
1.278200000000000003e+01,3.795225485351529310e-04
1.278400000000000070e+01,3.795934738460777819e-04
1.278599999999999959e+01,3.796643991552944722e-04
1.278800000000000026e+01,3.797353244628027310e-04
1.279000000000000092e+01,3.798062497686027750e-04
1.279199999999999982e+01,3.798771750726953091e-04
1.279400000000000048e+01,3.799481003750788152e-04
1.279600000000000115e+01,3.800190256757555703e-04
1.279800000000000004e+01,3.800899509747239480e-04
1.280000000000000071e+01,3.801608762719836231e-04
1.280199999999999960e+01,3.802318015675358424e-04
1.280400000000000027e+01,3.803027268613800096e-04
1.280600000000000094e+01,3.803736521535152032e-04
1.280799999999999983e+01,3.804445774439430493e-04
1.281000000000000050e+01,3.805155027326628976e-04
1.281199999999999939e+01,3.805864280196742601e-04
1.281400000000000006e+01,3.806573533049780584e-04
1.281600000000000072e+01,3.807282785885729914e-04
1.281799999999999962e+01,3.807992038704605771e-04
1.282000000000000028e+01,3.808701291506396769e-04
1.282200000000000095e+01,3.809410544291104536e-04
1.282399999999999984e+01,3.810119797058731782e-04
1.282600000000000051e+01,3.810829049809276339e-04
1.282799999999999940e+01,3.811538302542742001e-04
1.283000000000000007e+01,3.812247555259127684e-04
1.283200000000000074e+01,3.812956807958423630e-04
1.283399999999999963e+01,3.813666060640643393e-04
1.283600000000000030e+01,3.814375313305785886e-04
1.283800000000000097e+01,3.815084565953847317e-04
1.283999999999999986e+01,3.815793818584827142e-04
1.284200000000000053e+01,3.816503071198721567e-04
1.284399999999999942e+01,3.817212323795537640e-04
1.284600000000000009e+01,3.817921576375270481e-04
1.284800000000000075e+01,3.818630828937925512e-04
1.284999999999999964e+01,3.819340081483496769e-04
1.285200000000000031e+01,3.820049334011983710e-04
1.285400000000000098e+01,3.820758586523383626e-04
1.285599999999999987e+01,3.821467839017710609e-04
1.285800000000000054e+01,3.822177091494955445e-04
1.285999999999999943e+01,3.822886343955118676e-04
1.286200000000000010e+01,3.823595596398200844e-04
1.286400000000000077e+01,3.824304848824198154e-04
1.286599999999999966e+01,3.825014101233114401e-04
1.286800000000000033e+01,3.825723353624955005e-04
1.287000000000000099e+01,3.826432605999715631e-04
1.287199999999999989e+01,3.827141858357388147e-04
1.287400000000000055e+01,3.827851110697980683e-04
1.287599999999999945e+01,3.828560363021492156e-04
1.287800000000000011e+01,3.829269615327911725e-04
1.288000000000000078e+01,3.829978867617256735e-04
1.288199999999999967e+01,3.830688119889520682e-04
1.288400000000000034e+01,3.831397372144705192e-04
1.288600000000000101e+01,3.832106624382803218e-04
1.288799999999999990e+01,3.832815876603818555e-04
1.289000000000000057e+01,3.833525128807753913e-04
1.289199999999999946e+01,3.834234380994598450e-04
1.289400000000000013e+01,3.834943633164371681e-04
1.289600000000000080e+01,3.835652885317058971e-04
1.289799999999999969e+01,3.836362137452662487e-04
1.290000000000000036e+01,3.837071389571183855e-04
1.290200000000000102e+01,3.837780641672625245e-04
1.290399999999999991e+01,3.838489893756982319e-04
1.290600000000000058e+01,3.839199145824259414e-04
1.290799999999999947e+01,3.839908397874451109e-04
1.291000000000000014e+01,3.840617649907548730e-04
1.291200000000000081e+01,3.841326901923578841e-04
1.291399999999999970e+01,3.842036153922518131e-04
1.291600000000000037e+01,3.842745405904370395e-04
1.291800000000000104e+01,3.843454657869148101e-04
1.291999999999999993e+01,3.844163909816847996e-04
1.292200000000000060e+01,3.844873161747459239e-04
1.292399999999999949e+01,3.845582413660985082e-04
1.292600000000000016e+01,3.846291665557432572e-04
1.292800000000000082e+01,3.847000917436796288e-04
1.292999999999999972e+01,3.847710169299081652e-04
1.293200000000000038e+01,3.848419421144278906e-04
1.293400000000000105e+01,3.849128672972399975e-04
1.293599999999999994e+01,3.849837924783435102e-04
1.293800000000000061e+01,3.850547176577390250e-04
1.293999999999999950e+01,3.851256428354250783e-04
1.294200000000000017e+01,3.851965680114040553e-04
1.294400000000000084e+01,3.852674931856744380e-04
1.294599999999999973e+01,3.853384183582366060e-04
1.294800000000000040e+01,3.854093435290903424e-04
1.295000000000000107e+01,3.854802686982363520e-04
1.295199999999999996e+01,3.855511938656730085e-04
1.295400000000000063e+01,3.856221190314012334e-04
1.295599999999999952e+01,3.856930441954208640e-04
1.295800000000000018e+01,3.857639693577326052e-04
1.296000000000000085e+01,3.858348945183361859e-04
1.296199999999999974e+01,3.859058196772313350e-04
1.296400000000000041e+01,3.859767448344179983e-04
1.296600000000000108e+01,3.860476699898966095e-04
1.296799999999999997e+01,3.861185951436668434e-04
1.297000000000000064e+01,3.861895202957288625e-04
1.297199999999999953e+01,3.862604454460819080e-04
1.297400000000000020e+01,3.863313705947262508e-04
1.297600000000000087e+01,3.864022957416637883e-04
1.297799999999999976e+01,3.864732208868919185e-04
1.298000000000000043e+01,3.865441460304122135e-04
1.298200000000000109e+01,3.866150711722243479e-04
1.298399999999999999e+01,3.866859963123278881e-04
1.298600000000000065e+01,3.867569214507231051e-04
1.298799999999999955e+01,3.868278465874101075e-04
1.299000000000000021e+01,3.868987717223884072e-04
1.299200000000000088e+01,3.869696968556586006e-04
1.299399999999999977e+01,3.870406219872205250e-04
1.299600000000000044e+01,3.871115471170731505e-04
1.299800000000000111e+01,3.871824722452181034e-04
1.300000000000000000e+01,3.872533973716545705e-04
1.300200000000000067e+01,3.873243224963829855e-04
1.300399999999999956e+01,3.873952476194022642e-04
1.300600000000000023e+01,3.874661727407137076e-04
1.300800000000000090e+01,3.875370978603168278e-04
1.300999999999999979e+01,3.876080229782110287e-04
1.301200000000000045e+01,3.876789480943971774e-04
1.301400000000000112e+01,3.877498732088746776e-04
1.301600000000000001e+01,3.878207983216436922e-04
1.301800000000000068e+01,3.878917234327042209e-04
1.301999999999999957e+01,3.879626485420563180e-04
1.302200000000000024e+01,3.880335736497002004e-04
1.302400000000000091e+01,3.881044987556354344e-04
1.302599999999999980e+01,3.881754238598622911e-04
1.302800000000000047e+01,3.882463489623808788e-04
1.303000000000000114e+01,3.883172740631909807e-04
1.303200000000000003e+01,3.883881991622924884e-04
1.303400000000000070e+01,3.884591242596851851e-04
1.303599999999999959e+01,3.885300493553699923e-04
1.303800000000000026e+01,3.886009744493462595e-04
1.304000000000000092e+01,3.886718995416136614e-04
1.304199999999999982e+01,3.887428246321732281e-04
1.304400000000000048e+01,3.888137497210240922e-04
1.304600000000000115e+01,3.888846748081669583e-04
1.304800000000000004e+01,3.889555998936006340e-04
1.305000000000000071e+01,3.890265249773265828e-04
1.305199999999999960e+01,3.890974500593438290e-04
1.305400000000000027e+01,3.891683751396530773e-04
1.305600000000000094e+01,3.892393002182532435e-04
1.305799999999999983e+01,3.893102252951452492e-04
1.306000000000000050e+01,3.893811503703282269e-04
1.306199999999999939e+01,3.894520754438030984e-04
1.306400000000000006e+01,3.895230005155691589e-04
1.306600000000000072e+01,3.895939255856272756e-04
1.306799999999999962e+01,3.896648506539763645e-04
1.307000000000000028e+01,3.897357757206164255e-04
1.307200000000000095e+01,3.898067007855492475e-04
1.307399999999999984e+01,3.898776258487724453e-04
1.307600000000000051e+01,3.899485509102886211e-04
1.307799999999999940e+01,3.900194759700951726e-04
1.308000000000000007e+01,3.900904010281924794e-04
1.308200000000000074e+01,3.901613260845822220e-04
1.308399999999999963e+01,3.902322511392640209e-04
1.308600000000000030e+01,3.903031761922370630e-04
1.308800000000000097e+01,3.903741012435005893e-04
1.308999999999999986e+01,3.904450262930555214e-04
1.309200000000000053e+01,3.905159513409021304e-04
1.309399999999999942e+01,3.905868763870406330e-04
1.309600000000000009e+01,3.906578014314707041e-04
1.309800000000000075e+01,3.907287264741918014e-04
1.309999999999999964e+01,3.907996515152048467e-04
1.310200000000000031e+01,3.908705765545088099e-04
1.310400000000000098e+01,3.909415015921043415e-04
1.310599999999999987e+01,3.910124266279916042e-04
1.310800000000000054e+01,3.910833516621702727e-04
1.310999999999999943e+01,3.911542766946402385e-04
1.311200000000000010e+01,3.912252017254023691e-04
1.311400000000000077e+01,3.912961267544552550e-04
1.311599999999999966e+01,3.913670517817986251e-04
1.311800000000000033e+01,3.914379768074342683e-04
1.312000000000000099e+01,3.915089018313618052e-04
1.312199999999999989e+01,3.915798268535804769e-04
1.312400000000000055e+01,3.916507518740905544e-04
1.312599999999999945e+01,3.917216768928919834e-04
1.312800000000000011e+01,3.917926019099849267e-04
1.313000000000000078e+01,3.918635269253693842e-04
1.313199999999999967e+01,3.919344519390456812e-04
1.313400000000000034e+01,3.920053769510125166e-04
1.313600000000000101e+01,3.920763019612707578e-04
1.313799999999999990e+01,3.921472269698206216e-04
1.314000000000000057e+01,3.922181519766615660e-04
1.314199999999999946e+01,3.922890769817942956e-04
1.314400000000000013e+01,3.923600019852177263e-04
1.314600000000000080e+01,3.924309269869327254e-04
1.314799999999999969e+01,3.925018519869391846e-04
1.315000000000000036e+01,3.925727769852376458e-04
1.315200000000000102e+01,3.926437019818264829e-04
1.315399999999999991e+01,3.927146269767075389e-04
1.315600000000000058e+01,3.927855519698794044e-04
1.315799999999999947e+01,3.928564769613426756e-04
1.316000000000000014e+01,3.929274019510984369e-04
1.316200000000000081e+01,3.929983269391443029e-04
1.316399999999999970e+01,3.930692519254817916e-04
1.316600000000000037e+01,3.931401769101110655e-04
1.316800000000000104e+01,3.932111018930314742e-04
1.316999999999999993e+01,3.932820268742423671e-04
1.317200000000000060e+01,3.933529518537455874e-04
1.317399999999999949e+01,3.934238768315396714e-04
1.317600000000000016e+01,3.934948018076248359e-04
1.317800000000000082e+01,3.935657267820017314e-04
1.317999999999999972e+01,3.936366517546707917e-04
1.318200000000000038e+01,3.937075767256308242e-04
1.318400000000000105e+01,3.937785016948818287e-04
1.318599999999999994e+01,3.938494266624242390e-04
1.318800000000000061e+01,3.939203516282581093e-04
1.318999999999999950e+01,3.939912765923823555e-04
1.319200000000000017e+01,3.940622015547986037e-04
1.319400000000000084e+01,3.941331265155061494e-04
1.319599999999999973e+01,3.942040514745048297e-04
1.319800000000000040e+01,3.942749764317952954e-04
1.320000000000000107e+01,3.943459013873772210e-04
1.320199999999999996e+01,3.944168263412499561e-04
1.320400000000000063e+01,3.944877512934138260e-04
1.320599999999999952e+01,3.945586762438694811e-04
1.320800000000000018e+01,3.946296011926161084e-04
1.321000000000000085e+01,3.947005261396541414e-04
1.321199999999999974e+01,3.947714510849835803e-04
1.321400000000000041e+01,3.948423760286036660e-04
1.321600000000000108e+01,3.949133009705156996e-04
1.321799999999999997e+01,3.949842259107186511e-04
1.322000000000000064e+01,3.950551508492133337e-04
1.322199999999999953e+01,3.951260757859989341e-04
1.322400000000000020e+01,3.951970007210757778e-04
1.322600000000000087e+01,3.952679256544437561e-04
1.322799999999999976e+01,3.953388505861028151e-04
1.323000000000000043e+01,3.954097755160538761e-04
1.323200000000000109e+01,3.954807004442954755e-04
1.323399999999999999e+01,3.955516253708286434e-04
1.323600000000000065e+01,3.956225502956528376e-04
1.323799999999999955e+01,3.956934752187685461e-04
1.324000000000000021e+01,3.957644001401749013e-04
1.324200000000000088e+01,3.958353250598730419e-04
1.324399999999999977e+01,3.959062499778622088e-04
1.324600000000000044e+01,3.959771748941426730e-04
1.324800000000000111e+01,3.960480998087147599e-04
1.325000000000000000e+01,3.961190247215780357e-04
1.325200000000000067e+01,3.961899496327317416e-04
1.325399999999999956e+01,3.962608745421776664e-04
1.325600000000000023e+01,3.963317994499140212e-04
1.325800000000000090e+01,3.964027243559418360e-04
1.325999999999999979e+01,3.964736492602613819e-04
1.326200000000000045e+01,3.965445741628718999e-04
1.326400000000000112e+01,3.966154990637726853e-04
1.326600000000000001e+01,3.966864239629652560e-04
1.326800000000000068e+01,3.967573488604489071e-04
1.326999999999999957e+01,3.968282737562246146e-04
1.327200000000000024e+01,3.968991986502904269e-04
1.327400000000000091e+01,3.969701235426478076e-04
1.327599999999999980e+01,3.970410484332965399e-04
1.327800000000000047e+01,3.971119733222361900e-04
1.328000000000000114e+01,3.971828982094673002e-04
1.328200000000000003e+01,3.972538230949894909e-04
1.328400000000000070e+01,3.973247479788024911e-04
1.328599999999999959e+01,3.973956728609073850e-04
1.328800000000000026e+01,3.974665977413033052e-04
1.329000000000000092e+01,3.975375226199899265e-04
1.329199999999999982e+01,3.976084474969676283e-04
1.329400000000000048e+01,3.976793723722364649e-04
1.329600000000000115e+01,3.977502972457964362e-04
1.329800000000000004e+01,3.978212221176475965e-04
1.330000000000000071e+01,3.978921469877898373e-04
1.330199999999999960e+01,3.979630718562228333e-04
1.330400000000000027e+01,3.980339967229477773e-04
1.330600000000000094e+01,3.981049215879632597e-04
1.330799999999999983e+01,3.981758464512697143e-04
1.331000000000000050e+01,3.982467713128673577e-04
1.331200000000000117e+01,3.983176961727565696e-04
1.331400000000000006e+01,3.983886210309368621e-04
1.331600000000000072e+01,3.984595458874082351e-04
1.331799999999999962e+01,3.985304707421709054e-04
1.332000000000000028e+01,3.986013955952243852e-04
1.332200000000000095e+01,3.986723204465688914e-04
1.332399999999999984e+01,3.987432452962053455e-04
1.332600000000000051e+01,3.988141701441322295e-04
1.332799999999999940e+01,3.988850949903499231e-04
1.333000000000000007e+01,3.989560198348590225e-04
1.333200000000000074e+01,3.990269446776595276e-04
1.333399999999999963e+01,3.990978695187511675e-04
1.333600000000000030e+01,3.991687943581330748e-04
1.333800000000000097e+01,3.992397191958062795e-04
1.333999999999999986e+01,3.993106440317704562e-04
1.334200000000000053e+01,3.993815688660261472e-04
1.334399999999999942e+01,3.994524936985729730e-04
1.334600000000000009e+01,3.995234185294111503e-04
1.334800000000000075e+01,3.995943433585393782e-04
1.334999999999999964e+01,3.996652681859596081e-04
1.335200000000000031e+01,3.997361930116708102e-04
1.335400000000000098e+01,3.998071178356733097e-04
1.335599999999999987e+01,3.998780426579660223e-04
1.335800000000000054e+01,3.999489674785504118e-04
1.335999999999999943e+01,4.000198922974252855e-04
1.336200000000000010e+01,4.000908171145919445e-04
1.336400000000000077e+01,4.001617419300485998e-04
1.336599999999999966e+01,4.002326667437965525e-04
1.336800000000000033e+01,4.003035915558357484e-04
1.337000000000000099e+01,4.003745163661665669e-04
1.337199999999999989e+01,4.004454411747883575e-04
1.337400000000000055e+01,4.005163659817011202e-04
1.337599999999999945e+01,4.005872907869038250e-04
1.337800000000000011e+01,4.006582155903978273e-04
1.338000000000000078e+01,4.007291403921837232e-04
1.338199999999999967e+01,4.008000651922604828e-04
1.338400000000000034e+01,4.008709899906287024e-04
1.338600000000000101e+01,4.009419147872868099e-04
1.338799999999999990e+01,4.010128395822364317e-04
1.339000000000000057e+01,4.010837643754766460e-04
1.339199999999999946e+01,4.011546891670084289e-04
1.339400000000000013e+01,4.012256139568308043e-04
1.339600000000000080e+01,4.012965387449443687e-04
1.339799999999999969e+01,4.013674635313484716e-04
1.340000000000000036e+01,4.014383883160440886e-04
1.340200000000000102e+01,4.015093130990306778e-04
1.340399999999999991e+01,4.015802378803079139e-04
1.340600000000000058e+01,4.016511626598765557e-04
1.340799999999999947e+01,4.017220874377360070e-04
1.341000000000000014e+01,4.017930122138860510e-04
1.341200000000000081e+01,4.018639369883277718e-04
1.341399999999999970e+01,4.019348617610598142e-04
1.341600000000000037e+01,4.020057865320833708e-04
1.341800000000000104e+01,4.020767113013976285e-04
1.341999999999999993e+01,4.021476360690023162e-04
1.342200000000000060e+01,4.022185608348989518e-04
1.342399999999999949e+01,4.022894855990858548e-04
1.342600000000000016e+01,4.023604103615640009e-04
1.342800000000000082e+01,4.024313351223325771e-04
1.342999999999999972e+01,4.025022598813922880e-04
1.343200000000000038e+01,4.025731846387429710e-04
1.343400000000000105e+01,4.026441093943845719e-04
1.343599999999999994e+01,4.027150341483175244e-04
1.343800000000000061e+01,4.027859589005412322e-04
1.343999999999999950e+01,4.028568836510560205e-04
1.344200000000000017e+01,4.029278083998614557e-04
1.344400000000000084e+01,4.029987331469572125e-04
1.344599999999999973e+01,4.030696578923442124e-04
1.344800000000000040e+01,4.031405826360227808e-04
1.345000000000000107e+01,4.032115073779915081e-04
1.345199999999999996e+01,4.032824321182515328e-04
1.345400000000000063e+01,4.033533568568028549e-04
1.345599999999999952e+01,4.034242815936447697e-04
1.345800000000000018e+01,4.034952063287774939e-04
1.346000000000000085e+01,4.035661310622008649e-04
1.346199999999999974e+01,4.036370557939159128e-04
1.346400000000000041e+01,4.037079805239208487e-04
1.346600000000000108e+01,4.037789052522165398e-04
1.346799999999999997e+01,4.038498299788032572e-04
1.347000000000000064e+01,4.039207547036816515e-04
1.347199999999999953e+01,4.039916794268501505e-04
1.347400000000000020e+01,4.040626041483096759e-04
1.347600000000000087e+01,4.041335288680602275e-04
1.347799999999999976e+01,4.042044535861016429e-04
1.348000000000000043e+01,4.042753783024341388e-04
1.348200000000000109e+01,4.043463030170569021e-04
1.348399999999999999e+01,4.044172277299709628e-04
1.348600000000000065e+01,4.044881524411757245e-04
1.348799999999999955e+01,4.045590771506711331e-04
1.349000000000000021e+01,4.046300018584583270e-04
1.349200000000000088e+01,4.047009265645362219e-04
1.349399999999999977e+01,4.047718512689043842e-04
1.349600000000000044e+01,4.048427759715634102e-04
1.349800000000000111e+01,4.049137006725122699e-04
1.350000000000000000e+01,4.049846253717530233e-04
1.350200000000000067e+01,4.050555500692846404e-04
1.350399999999999956e+01,4.051264747651072296e-04
1.350600000000000023e+01,4.051973994592206283e-04
1.350800000000000090e+01,4.052683241516242402e-04
1.350999999999999979e+01,4.053392488423185531e-04
1.351200000000000045e+01,4.054101735313043802e-04
1.351400000000000112e+01,4.054810982185805832e-04
1.351600000000000001e+01,4.055520229041479751e-04
1.351800000000000068e+01,4.056229475880063391e-04
1.351999999999999957e+01,4.056938722701550789e-04
1.352200000000000024e+01,4.057647969505955498e-04
1.352400000000000091e+01,4.058357216293262339e-04
1.352599999999999980e+01,4.059066463063469143e-04
1.352800000000000047e+01,4.059775709816587836e-04
1.353000000000000114e+01,4.060484956552617877e-04
1.353200000000000003e+01,4.061194203271552218e-04
1.353400000000000070e+01,4.061903449973402244e-04
1.353599999999999959e+01,4.062612696658154401e-04
1.353800000000000026e+01,4.063321943325815737e-04
1.354000000000000092e+01,4.064031189976379747e-04
1.354199999999999982e+01,4.064740436609851851e-04
1.354400000000000048e+01,4.065449683226240725e-04
1.354600000000000115e+01,4.066158929825526309e-04
1.354800000000000004e+01,4.066868176407721072e-04
1.355000000000000071e+01,4.067577422972820135e-04
1.355199999999999960e+01,4.068286669520831088e-04
1.355400000000000027e+01,4.068995916051753388e-04
1.355600000000000094e+01,4.069705162565578362e-04
1.355799999999999983e+01,4.070414409062319563e-04
1.356000000000000050e+01,4.071123655541962895e-04
1.356200000000000117e+01,4.071832902004513780e-04
1.356400000000000006e+01,4.072542148449965170e-04
1.356600000000000072e+01,4.073251394878331703e-04
1.356799999999999962e+01,4.073960641289607414e-04
1.357000000000000028e+01,4.074669887683791221e-04
1.357200000000000095e+01,4.075379134060877701e-04
1.357399999999999984e+01,4.076088380420871192e-04
1.357600000000000051e+01,4.076797626763765730e-04
1.357799999999999940e+01,4.077506873089577579e-04
1.358000000000000007e+01,4.078216119398289392e-04
1.358200000000000074e+01,4.078925365689914720e-04
1.358399999999999963e+01,4.079634611964444348e-04
1.358600000000000030e+01,4.080343858221880445e-04
1.358800000000000097e+01,4.081053104462227890e-04
1.358999999999999986e+01,4.081762350685478550e-04
1.359200000000000053e+01,4.082471596891631884e-04
1.359399999999999942e+01,4.083180843080696566e-04
1.359600000000000009e+01,4.083890089252670426e-04
1.359800000000000075e+01,4.084599335407545877e-04
1.359999999999999964e+01,4.085308581545324001e-04
1.360200000000000031e+01,4.086017827666013472e-04
1.360400000000000098e+01,4.086727073769606160e-04
1.360599999999999987e+01,4.087436319856112363e-04
1.360800000000000054e+01,4.088145565925527746e-04
1.360999999999999943e+01,4.088854811977845802e-04
1.361200000000000010e+01,4.089564058013070327e-04
1.361400000000000077e+01,4.090273304031193731e-04
1.361599999999999966e+01,4.090982550032233904e-04
1.361800000000000033e+01,4.091691796016181087e-04
1.362000000000000099e+01,4.092401041983029317e-04
1.362199999999999989e+01,4.093110287932785101e-04
1.362400000000000055e+01,4.093819533865441932e-04
1.362599999999999945e+01,4.094528779781004689e-04
1.362800000000000011e+01,4.095238025679477710e-04
1.363000000000000078e+01,4.095947271560858825e-04
1.363199999999999967e+01,4.096656517425150204e-04
1.363400000000000034e+01,4.097365763272345883e-04
1.363600000000000101e+01,4.098075009102440983e-04
1.363799999999999990e+01,4.098784254915440383e-04
1.364000000000000057e+01,4.099493500711344626e-04
1.364199999999999946e+01,4.100202746490161842e-04
1.364400000000000013e+01,4.100911992251886611e-04
1.364600000000000080e+01,4.101621237996518933e-04
1.364799999999999969e+01,4.102330483724055013e-04
1.365000000000000036e+01,4.103039729434489972e-04
1.365200000000000102e+01,4.103748975127837905e-04
1.365399999999999991e+01,4.104458220804086885e-04
1.365600000000000058e+01,4.105167466463248839e-04
1.365799999999999947e+01,4.105876712105314009e-04
1.366000000000000014e+01,4.106585957730286189e-04
1.366200000000000081e+01,4.107295203338158333e-04
1.366399999999999970e+01,4.108004448928941283e-04
1.366600000000000037e+01,4.108713694502628532e-04
1.366800000000000104e+01,4.109422940059220624e-04
1.366999999999999993e+01,4.110132185598717016e-04
1.367200000000000060e+01,4.110841431121117708e-04
1.367399999999999949e+01,4.111550676626427037e-04
1.367600000000000016e+01,4.112259922114639582e-04
1.367800000000000082e+01,4.112969167585762390e-04
1.367999999999999972e+01,4.113678413039791124e-04
1.368200000000000038e+01,4.114387658476724701e-04
1.368400000000000105e+01,4.115096903896559868e-04
1.368599999999999994e+01,4.115806149299305839e-04
1.368800000000000061e+01,4.116515394684947438e-04
1.368999999999999950e+01,4.117224640053497131e-04
1.369200000000000017e+01,4.117933885404952209e-04
1.369400000000000084e+01,4.118643130739317549e-04
1.369599999999999973e+01,4.119352376056585022e-04
1.369800000000000040e+01,4.120061621356754084e-04
1.370000000000000107e+01,4.120770866639833410e-04
1.370199999999999996e+01,4.121480111905820288e-04
1.370400000000000063e+01,4.122189357154714177e-04
1.370599999999999952e+01,4.122898602386516160e-04
1.370800000000000018e+01,4.123607847601217565e-04
1.371000000000000085e+01,4.124317092798826523e-04
1.371199999999999974e+01,4.125026337979334902e-04
1.371400000000000041e+01,4.125735583142734570e-04
1.371600000000000108e+01,4.126444828289062392e-04
1.371799999999999997e+01,4.127154073418283671e-04
1.372000000000000064e+01,4.127863318530405998e-04
1.372199999999999953e+01,4.128572563625444009e-04
1.372400000000000020e+01,4.129281808703374936e-04
1.372600000000000087e+01,4.129991053764229137e-04
1.372799999999999976e+01,4.130700298807976796e-04
1.373000000000000043e+01,4.131409543834629839e-04
1.373200000000000109e+01,4.132118788844190978e-04
1.373399999999999999e+01,4.132828033836653163e-04
1.373600000000000065e+01,4.133537278812022360e-04
1.373799999999999955e+01,4.134246523770297482e-04
1.374000000000000021e+01,4.134955768711469858e-04
1.374200000000000088e+01,4.135665013635548702e-04
1.374399999999999977e+01,4.136374258542535099e-04
1.374600000000000044e+01,4.137083503432422544e-04
1.374800000000000111e+01,4.137792748305213204e-04
1.375000000000000000e+01,4.138501993160909791e-04
1.375200000000000067e+01,4.139211237999508510e-04
1.375399999999999956e+01,4.139920482821022370e-04
1.375600000000000023e+01,4.140629727625431316e-04
1.375800000000000090e+01,4.141338972412755403e-04
1.375999999999999979e+01,4.142048217182973491e-04
1.376200000000000045e+01,4.142757461936093168e-04
1.376400000000000112e+01,4.143466706672122566e-04
1.376600000000000001e+01,4.144175951391055723e-04
1.376800000000000068e+01,4.144885196092888300e-04
1.376999999999999957e+01,4.145594440777627347e-04
1.377200000000000024e+01,4.146303685445274488e-04
1.377400000000000091e+01,4.147012930095818881e-04
1.377599999999999980e+01,4.147722174729280586e-04
1.377800000000000047e+01,4.148431419345637917e-04
1.378000000000000114e+01,4.149140663944900632e-04
1.378200000000000003e+01,4.149849908527067648e-04
1.378400000000000070e+01,4.150559153092130832e-04
1.378599999999999959e+01,4.151268397640101569e-04
1.378800000000000026e+01,4.151977642170975522e-04
1.379000000000000092e+01,4.152686886684755943e-04
1.379199999999999982e+01,4.153396131181442291e-04
1.379400000000000048e+01,4.154105375661032939e-04
1.379600000000000115e+01,4.154814620123530597e-04
1.379800000000000004e+01,4.155523864568926051e-04
1.380000000000000071e+01,4.156233108997221468e-04
1.380199999999999960e+01,4.156942353408428232e-04
1.380400000000000027e+01,4.157651597802534417e-04
1.380600000000000094e+01,4.158360842179549240e-04
1.380799999999999983e+01,4.159070086539460231e-04
1.381000000000000050e+01,4.159779330882274980e-04
1.381200000000000117e+01,4.160488575207989693e-04
1.381400000000000006e+01,4.161197819516610874e-04
1.381600000000000072e+01,4.161907063808141234e-04
1.381799999999999962e+01,4.162616308082572100e-04
1.382000000000000028e+01,4.163325552339910518e-04
1.382200000000000095e+01,4.164034796580147815e-04
1.382399999999999984e+01,4.164744040803289955e-04
1.382600000000000051e+01,4.165453285009327721e-04
1.382799999999999940e+01,4.166162529198277377e-04
1.383000000000000007e+01,4.166871773370125370e-04
1.383200000000000074e+01,4.167581017524881457e-04
1.383399999999999963e+01,4.168290261662536966e-04
1.383600000000000030e+01,4.168999505783098402e-04
1.383800000000000097e+01,4.169708749886559258e-04
1.383999999999999986e+01,4.170417993972922789e-04
1.384200000000000053e+01,4.171127238042190077e-04
1.384399999999999942e+01,4.171836482094364918e-04
1.384600000000000009e+01,4.172545726129444602e-04
1.384800000000000075e+01,4.173254970147422622e-04
1.384999999999999964e+01,4.173964214148302232e-04
1.385200000000000031e+01,4.174673458132080179e-04
1.385400000000000098e+01,4.175382702098760258e-04
1.385599999999999987e+01,4.176091946048345179e-04
1.385800000000000054e+01,4.176801189980841990e-04
1.385999999999999943e+01,4.177510433896237138e-04
1.386200000000000010e+01,4.178219677794532791e-04
1.386400000000000077e+01,4.178928921675732744e-04
1.386599999999999966e+01,4.179638165539834829e-04
1.386800000000000033e+01,4.180347409386837420e-04
1.387000000000000099e+01,4.181056653216744311e-04
1.387199999999999989e+01,4.181765897029555501e-04
1.387400000000000055e+01,4.182475140825266113e-04
1.387599999999999945e+01,4.183184384603877231e-04
1.387800000000000011e+01,4.183893628365393190e-04
1.388000000000000078e+01,4.184602872109803692e-04
1.388199999999999967e+01,4.185312115837126084e-04
1.388400000000000034e+01,4.186021359547352234e-04
1.388600000000000101e+01,4.186730603240481057e-04
1.388799999999999990e+01,4.187439846916503881e-04
1.389000000000000057e+01,4.188149090575442931e-04
1.389199999999999946e+01,4.188858334217275981e-04
1.389400000000000013e+01,4.189567577842010079e-04
1.389600000000000080e+01,4.190276821449644140e-04
1.389799999999999969e+01,4.190986065040178707e-04
1.390000000000000036e+01,4.191695308613614321e-04
1.390200000000000102e+01,4.192404552169957488e-04
1.390399999999999991e+01,4.193113795709206581e-04
1.390600000000000058e+01,4.193823039231349132e-04
1.390799999999999947e+01,4.194532282736397068e-04
1.391000000000000014e+01,4.195241526224350931e-04
1.391200000000000081e+01,4.195950769695205298e-04
1.391399999999999970e+01,4.196660013148952582e-04
1.391600000000000037e+01,4.197369256585608503e-04
1.391800000000000104e+01,4.198078500005164929e-04
1.391999999999999993e+01,4.198787743407622402e-04
1.392200000000000060e+01,4.199496986792985260e-04
1.392399999999999949e+01,4.200206230161249166e-04
1.392600000000000016e+01,4.200915473512411408e-04
1.392800000000000082e+01,4.201624716846479577e-04
1.392999999999999972e+01,4.202333960163444999e-04
1.393200000000000038e+01,4.203043203463315263e-04
1.393400000000000105e+01,4.203752446746081154e-04
1.393599999999999994e+01,4.204461690011754597e-04
1.393800000000000061e+01,4.205170933260327462e-04
1.393999999999999950e+01,4.205880176491804626e-04
1.394200000000000017e+01,4.206589419706189886e-04
1.394400000000000084e+01,4.207298662903466435e-04
1.394599999999999973e+01,4.208007906083647827e-04
1.394800000000000040e+01,4.208717149246730808e-04
1.395000000000000107e+01,4.209426392392713210e-04
1.395199999999999996e+01,4.210135635521589613e-04
1.395400000000000063e+01,4.210844878633365437e-04
1.395599999999999952e+01,4.211554121728053692e-04
1.395800000000000018e+01,4.212263364805642453e-04
1.396000000000000085e+01,4.212972607866124130e-04
1.396199999999999974e+01,4.213681850909514444e-04
1.396400000000000041e+01,4.214391093935802011e-04
1.396600000000000108e+01,4.215100336944997131e-04
1.396799999999999997e+01,4.215809579937087334e-04
1.397000000000000064e+01,4.216518822912084007e-04
1.397199999999999953e+01,4.217228065869967632e-04
1.397400000000000020e+01,4.217937308810765316e-04
1.397600000000000087e+01,4.218646551734454831e-04
1.397799999999999976e+01,4.219355794641050273e-04
1.398000000000000043e+01,4.220065037530545135e-04
1.398200000000000109e+01,4.220774280402943214e-04
1.398399999999999999e+01,4.221483523258243967e-04
1.398600000000000065e+01,4.222192766096437636e-04
1.398799999999999955e+01,4.222902008917538857e-04
1.399000000000000021e+01,4.223611251721535163e-04
1.399200000000000088e+01,4.224320494508431974e-04
1.399399999999999977e+01,4.225029737278235254e-04
1.399600000000000044e+01,4.225738980030937955e-04
1.399800000000000111e+01,4.226448222766537909e-04
1.400000000000000000e+01,4.227157465485047584e-04
1.400200000000000067e+01,4.227866708186443128e-04
1.400399999999999956e+01,4.228575950870741345e-04
1.400600000000000023e+01,4.229285193537946574e-04
1.400800000000000090e+01,4.229994436188055560e-04
1.400999999999999979e+01,4.230703678821058546e-04
1.401200000000000045e+01,4.231412921436971796e-04
1.401400000000000112e+01,4.232122164035778504e-04
1.401600000000000001e+01,4.232831406617487344e-04
1.401800000000000068e+01,4.233540649182092894e-04
1.401999999999999957e+01,4.234249891729596781e-04
1.402200000000000024e+01,4.234959134260003885e-04
1.402400000000000091e+01,4.235668376773310951e-04
1.402599999999999980e+01,4.236377619269510392e-04
1.402800000000000047e+01,4.237086861748616843e-04
1.403000000000000114e+01,4.237796104210623258e-04
1.403200000000000003e+01,4.238505346655526383e-04
1.403400000000000070e+01,4.239214589083331640e-04
1.403599999999999959e+01,4.239923831494039029e-04
1.403800000000000026e+01,4.240633073887650176e-04
1.404000000000000092e+01,4.241342316264160202e-04
1.404199999999999982e+01,4.242051558623571817e-04
1.404400000000000048e+01,4.242760800965881770e-04
1.404600000000000115e+01,4.243470043291088433e-04
1.404800000000000004e+01,4.244179285599198855e-04
1.405000000000000071e+01,4.244888527890196229e-04
1.405199999999999960e+01,4.245597770164098988e-04
1.405400000000000027e+01,4.246307012420906047e-04
1.405600000000000094e+01,4.247016254660612527e-04
1.405799999999999983e+01,4.247725496883216260e-04
1.406000000000000050e+01,4.248434739088716703e-04
1.406200000000000117e+01,4.249143981277124157e-04
1.406400000000000006e+01,4.249853223448414770e-04
1.406600000000000072e+01,4.250562465602618356e-04
1.406799999999999962e+01,4.251271707739720821e-04
1.407000000000000028e+01,4.251980949859717287e-04
1.407200000000000095e+01,4.252690191962622390e-04
1.407399999999999984e+01,4.253399434048422577e-04
1.407600000000000051e+01,4.254108676117123811e-04
1.407800000000000118e+01,4.254817918168717962e-04
1.408000000000000007e+01,4.255527160203219665e-04
1.408200000000000074e+01,4.256236402220612658e-04
1.408399999999999963e+01,4.256945644220908867e-04
1.408600000000000030e+01,4.257654886204107749e-04
1.408800000000000097e+01,4.258364128170199548e-04
1.408999999999999986e+01,4.259073370119195647e-04
1.409200000000000053e+01,4.259782612051095504e-04
1.409399999999999942e+01,4.260491853965882314e-04
1.409600000000000009e+01,4.261201095863567461e-04
1.409800000000000075e+01,4.261910337744154197e-04
1.409999999999999964e+01,4.262619579607644692e-04
1.410200000000000031e+01,4.263328821454035692e-04
1.410400000000000098e+01,4.264038063283318524e-04
1.410599999999999987e+01,4.264747305095505656e-04
1.410800000000000054e+01,4.265456546890591667e-04
1.410999999999999943e+01,4.266165788668582520e-04
1.411200000000000010e+01,4.266875030429457074e-04
1.411400000000000077e+01,4.267584272173235928e-04
1.411599999999999966e+01,4.268293513899916371e-04
1.411800000000000033e+01,4.269002755609492984e-04
1.412000000000000099e+01,4.269711997301974980e-04
1.412199999999999989e+01,4.270421238977350435e-04
1.412400000000000055e+01,4.271130480635622058e-04
1.412599999999999945e+01,4.271839722276794728e-04
1.412800000000000011e+01,4.272548963900863026e-04
1.413000000000000078e+01,4.273258205507837791e-04
1.413199999999999967e+01,4.273967447097701136e-04
1.413400000000000034e+01,4.274676688670459566e-04
1.413600000000000101e+01,4.275385930226133138e-04
1.413799999999999990e+01,4.276095171764689867e-04
1.414000000000000057e+01,4.276804413286155234e-04
1.414199999999999946e+01,4.277513654790509722e-04
1.414400000000000013e+01,4.278222896277769052e-04
1.414600000000000080e+01,4.278932137747926720e-04
1.414799999999999969e+01,4.279641379200982724e-04
1.415000000000000036e+01,4.280350620636934355e-04
1.415200000000000102e+01,4.281059862055785949e-04
1.415399999999999991e+01,4.281769103457531002e-04
1.415600000000000058e+01,4.282478344842173849e-04
1.415799999999999947e+01,4.283187586209716660e-04
1.416000000000000014e+01,4.283896827560163228e-04
1.416200000000000081e+01,4.284606068893501087e-04
1.416399999999999970e+01,4.285315310209741077e-04
1.416600000000000037e+01,4.286024551508873983e-04
1.416800000000000104e+01,4.286733792790903600e-04
1.416999999999999993e+01,4.287443034055831012e-04
1.417200000000000060e+01,4.288152275303662724e-04
1.417399999999999949e+01,4.288861516534383557e-04
1.417600000000000016e+01,4.289570757748004896e-04
1.417800000000000082e+01,4.290279998944527282e-04
1.417999999999999972e+01,4.290989240123949089e-04
1.418200000000000038e+01,4.291698481286270860e-04
1.418400000000000105e+01,4.292407722431482837e-04
1.418599999999999994e+01,4.293116963559596403e-04
1.418800000000000061e+01,4.293826204670605595e-04
1.418999999999999950e+01,4.294535445764515293e-04
1.419200000000000017e+01,4.295244686841320075e-04
1.419400000000000084e+01,4.295953927901022111e-04
1.419599999999999973e+01,4.296663168943621941e-04
1.419800000000000040e+01,4.297372409969120108e-04
1.420000000000000107e+01,4.298081650977514444e-04
1.420199999999999996e+01,4.298790891968808743e-04
1.420400000000000063e+01,4.299500132942998668e-04
1.420599999999999952e+01,4.300209373900085847e-04
1.420800000000000018e+01,4.300918614840078952e-04
1.421000000000000085e+01,4.301627855762966057e-04
1.421199999999999974e+01,4.302337096668741199e-04
1.421400000000000041e+01,4.303046337557415763e-04
1.421600000000000108e+01,4.303755578428990832e-04
1.421799999999999997e+01,4.304464819283464780e-04
1.422000000000000064e+01,4.305174060120832728e-04
1.422199999999999953e+01,4.305883300941108229e-04
1.422400000000000020e+01,4.306592541744267430e-04
1.422600000000000087e+01,4.307301782530328763e-04
1.422799999999999976e+01,4.308011023299282470e-04
1.423000000000000043e+01,4.308720264051132346e-04
1.423200000000000109e+01,4.309429504785873511e-04
1.423399999999999999e+01,4.310138745503515182e-04
1.423600000000000065e+01,4.310847986204061153e-04
1.423799999999999955e+01,4.311557226887502208e-04
1.424000000000000021e+01,4.312266467553835096e-04
1.424200000000000088e+01,4.312975708203070657e-04
1.424399999999999977e+01,4.313684948835201844e-04
1.424600000000000044e+01,4.314394189450230827e-04
1.424800000000000111e+01,4.315103430048152183e-04
1.425000000000000000e+01,4.315812670628976213e-04
1.425200000000000067e+01,4.316521911192692075e-04
1.425399999999999956e+01,4.317231151739304106e-04
1.425600000000000023e+01,4.317940392268815558e-04
1.425800000000000090e+01,4.318649632781229142e-04
1.425999999999999979e+01,4.319358873276528594e-04
1.426200000000000045e+01,4.320068113754730720e-04
1.426400000000000112e+01,4.320777354215824136e-04
1.426600000000000001e+01,4.321486594659814805e-04
1.426800000000000068e+01,4.322195835086702726e-04
1.426999999999999957e+01,4.322905075496483564e-04
1.427200000000000024e+01,4.323614315889168702e-04
1.427400000000000091e+01,4.324323556264751635e-04
1.427599999999999980e+01,4.325032796623226941e-04
1.427800000000000047e+01,4.325742036964589201e-04
1.428000000000000114e+01,4.326451277288859013e-04
1.428200000000000003e+01,4.327160517596019573e-04
1.428400000000000070e+01,4.327869757886079012e-04
1.428599999999999959e+01,4.328578998159037330e-04
1.428800000000000026e+01,4.329288238414885311e-04
1.429000000000000092e+01,4.329997478653639219e-04
1.429199999999999982e+01,4.330706718875277912e-04
1.429400000000000048e+01,4.331415959079820905e-04
1.429600000000000115e+01,4.332125199267257898e-04
1.429800000000000004e+01,4.332834439437585096e-04
1.430000000000000071e+01,4.333543679590801416e-04
1.430199999999999960e+01,4.334252919726925830e-04
1.430400000000000027e+01,4.334962159845942077e-04
1.430600000000000094e+01,4.335671399947858828e-04
1.430799999999999983e+01,4.336380640032663617e-04
1.431000000000000050e+01,4.337089880100368912e-04
1.431200000000000117e+01,4.337799120150962243e-04
1.431400000000000006e+01,4.338508360184454454e-04
1.431600000000000072e+01,4.339217600200848796e-04
1.431799999999999962e+01,4.339926840200139849e-04
1.432000000000000028e+01,4.340636080182323276e-04
1.432200000000000095e+01,4.341345320147400161e-04
1.432399999999999984e+01,4.342054560095373757e-04
1.432600000000000051e+01,4.342763800026239185e-04
1.432800000000000118e+01,4.343473039939999697e-04
1.433000000000000007e+01,4.344182279836665593e-04
1.433200000000000074e+01,4.344891519716224406e-04
1.433399999999999963e+01,4.345600759578672882e-04
1.433600000000000030e+01,4.346309999424012647e-04
1.433800000000000097e+01,4.347019239252255629e-04
1.433999999999999986e+01,4.347728479063388816e-04
1.434200000000000053e+01,4.348437718857419798e-04
1.434399999999999942e+01,4.349146958634352912e-04
1.434600000000000009e+01,4.349856198394173520e-04
1.434800000000000075e+01,4.350565438136891924e-04
1.434999999999999964e+01,4.351274677862505412e-04
1.435200000000000031e+01,4.351983917571011816e-04
1.435400000000000098e+01,4.352693157262413305e-04
1.435599999999999987e+01,4.353402396936713130e-04
1.435800000000000054e+01,4.354111636593905330e-04
1.435999999999999943e+01,4.354820876233999119e-04
1.436200000000000010e+01,4.355530115856976066e-04
1.436400000000000077e+01,4.356239355462852435e-04
1.436599999999999966e+01,4.356948595051621177e-04
1.436800000000000033e+01,4.357657834623285004e-04
1.437000000000000099e+01,4.358367074177843374e-04
1.437199999999999989e+01,4.359076313715291948e-04
1.437400000000000055e+01,4.359785553235639944e-04
1.437599999999999945e+01,4.360494792738885735e-04
1.437800000000000011e+01,4.361204032225024984e-04
1.438000000000000078e+01,4.361913271694059318e-04
1.438199999999999967e+01,4.362622511145987651e-04
1.438400000000000034e+01,4.363331750580813238e-04
1.438600000000000101e+01,4.364040989998531741e-04
1.438799999999999990e+01,4.364750229399150206e-04
1.439000000000000057e+01,4.365459468782656167e-04
1.439199999999999946e+01,4.366168708149052334e-04
1.439400000000000013e+01,4.366877947498348463e-04
1.439600000000000080e+01,4.367587186830535883e-04
1.439799999999999969e+01,4.368296426145614592e-04
1.440000000000000036e+01,4.369005665443594891e-04
1.440200000000000102e+01,4.369714904724465937e-04
1.440399999999999991e+01,4.370424143988231526e-04
1.440600000000000058e+01,4.371133383234887320e-04
1.440799999999999947e+01,4.371842622464437657e-04
1.441000000000000014e+01,4.372551861676886331e-04
1.441200000000000081e+01,4.373261100872228462e-04
1.441399999999999970e+01,4.373970340050461884e-04
1.441600000000000037e+01,4.374679579211586053e-04
1.441800000000000104e+01,4.375388818355616691e-04
1.441999999999999993e+01,4.376098057482533197e-04
1.442200000000000060e+01,4.376807296592341535e-04
1.442399999999999949e+01,4.377516535685050379e-04
1.442600000000000016e+01,4.378225774760642381e-04
1.442800000000000082e+01,4.378935013819135430e-04
1.442999999999999972e+01,4.379644252860523564e-04
1.443200000000000038e+01,4.380353491884805698e-04
1.443400000000000105e+01,4.381062730891974242e-04
1.443599999999999994e+01,4.381771969882041666e-04
1.443800000000000061e+01,4.382481208855003091e-04
1.443999999999999950e+01,4.383190447810859599e-04
1.444200000000000017e+01,4.383899686749609566e-04
1.444400000000000084e+01,4.384608925671251364e-04
1.444599999999999973e+01,4.385318164575792584e-04
1.444800000000000040e+01,4.386027403463221841e-04
1.445000000000000107e+01,4.386736642333544556e-04
1.445199999999999996e+01,4.387445881186761271e-04
1.445400000000000063e+01,4.388155120022873613e-04
1.445599999999999952e+01,4.388864358841878871e-04
1.445800000000000018e+01,4.389573597643776502e-04
1.446000000000000085e+01,4.390282836428566508e-04
1.446199999999999974e+01,4.390992075196252140e-04
1.446400000000000041e+01,4.391701313946835025e-04
1.446600000000000108e+01,4.392410552680299984e-04
1.446799999999999997e+01,4.393119791396668159e-04
1.447000000000000064e+01,4.393829030095925455e-04
1.447199999999999953e+01,4.394538268778071331e-04
1.447400000000000020e+01,4.395247507443114459e-04
1.447600000000000087e+01,4.395956746091049961e-04
1.447799999999999976e+01,4.396665984721882174e-04
1.448000000000000043e+01,4.397375223335607303e-04
1.448200000000000109e+01,4.398084461932225348e-04
1.448399999999999999e+01,4.398793700511731972e-04
1.448600000000000065e+01,4.399502939074137475e-04
1.448799999999999955e+01,4.400212177619434810e-04
1.449000000000000021e+01,4.400921416147630483e-04
1.449200000000000088e+01,4.401630654658706060e-04
1.449399999999999977e+01,4.402339893152678891e-04
1.449600000000000044e+01,4.403049131629543553e-04
1.449800000000000111e+01,4.403758370089303842e-04
1.450000000000000000e+01,4.404467608531954879e-04
1.450200000000000067e+01,4.405176846957496663e-04
1.450399999999999956e+01,4.405886085365937868e-04
1.450600000000000023e+01,4.406595323757265485e-04
1.450800000000000090e+01,4.407304562131482222e-04
1.450999999999999979e+01,4.408013800488596212e-04
1.451200000000000045e+01,4.408723038828594445e-04
1.451400000000000112e+01,4.409432277151498062e-04
1.451600000000000001e+01,4.410141515457295137e-04
1.451800000000000068e+01,4.410850753745980792e-04
1.451999999999999957e+01,4.411559992017558820e-04
1.452200000000000024e+01,4.412269230272030307e-04
1.452400000000000091e+01,4.412978468509385493e-04
1.452599999999999980e+01,4.413687706729639017e-04
1.452800000000000047e+01,4.414396944932783289e-04
1.453000000000000114e+01,4.415106183118816139e-04
1.453200000000000003e+01,4.415815421287742990e-04
1.453400000000000070e+01,4.416524659439571431e-04
1.453599999999999959e+01,4.417233897574284114e-04
1.453800000000000026e+01,4.417943135691890797e-04
1.454000000000000092e+01,4.418652373792387143e-04
1.454199999999999982e+01,4.419361611875782911e-04
1.454400000000000048e+01,4.420070849942068884e-04
1.454600000000000115e+01,4.420780087991237474e-04
1.454800000000000004e+01,4.421489326023306026e-04
1.455000000000000071e+01,4.422198564038261532e-04
1.455199999999999960e+01,4.422907802036109412e-04
1.455400000000000027e+01,4.423617040016853460e-04
1.455600000000000094e+01,4.424326277980489882e-04
1.455799999999999983e+01,4.425035515927009462e-04
1.456000000000000050e+01,4.425744753856431716e-04
1.456200000000000117e+01,4.426453991768734418e-04
1.456400000000000006e+01,4.427163229663938710e-04
1.456600000000000072e+01,4.427872467542033749e-04
1.456799999999999962e+01,4.428581705403018451e-04
1.457000000000000028e+01,4.429290943246898780e-04
1.457200000000000095e+01,4.430000181073670399e-04
1.457399999999999984e+01,4.430709418883333308e-04
1.457600000000000051e+01,4.431418656675884795e-04
1.457800000000000118e+01,4.432127894451323236e-04
1.458000000000000007e+01,4.432837132209654050e-04
1.458200000000000074e+01,4.433546369950882660e-04
1.458399999999999963e+01,4.434255607674997680e-04
1.458600000000000030e+01,4.434964845382008327e-04
1.458800000000000097e+01,4.435674083071910264e-04
1.458999999999999986e+01,4.436383320744699695e-04
1.459200000000000053e+01,4.437092558400378248e-04
1.459399999999999942e+01,4.437801796038949175e-04
1.459600000000000009e+01,4.438511033660413559e-04
1.459800000000000075e+01,4.439220271264762729e-04
1.459999999999999964e+01,4.439929508852003730e-04
1.460200000000000031e+01,4.440638746422135479e-04
1.460400000000000098e+01,4.441347983975161770e-04
1.460599999999999987e+01,4.442057221511086398e-04
1.460800000000000054e+01,4.442766459029897979e-04
1.460999999999999943e+01,4.443475696531594887e-04
1.461200000000000010e+01,4.444184934016186337e-04
1.461400000000000077e+01,4.444894171483667993e-04
1.461599999999999966e+01,4.445603408934040938e-04
1.461800000000000033e+01,4.446312646367310052e-04
1.462000000000000099e+01,4.447021883783466118e-04
1.462199999999999989e+01,4.447731121182518354e-04
1.462400000000000055e+01,4.448440358564453747e-04
1.462599999999999945e+01,4.449149595929275010e-04
1.462800000000000011e+01,4.449858833276989188e-04
1.463000000000000078e+01,4.450568070607602788e-04
1.463199999999999967e+01,4.451277307921108761e-04
1.463400000000000034e+01,4.451986545217499519e-04
1.463600000000000101e+01,4.452695782496782109e-04
1.463799999999999990e+01,4.453405019758953820e-04
1.464000000000000057e+01,4.454114257004015737e-04
1.464199999999999946e+01,4.454823494231973280e-04
1.464400000000000013e+01,4.455532731442817776e-04
1.464600000000000080e+01,4.456241968636549767e-04
1.464799999999999969e+01,4.456951205813172506e-04
1.465000000000000036e+01,4.457660442972684366e-04
1.465200000000000102e+01,4.458369680115088600e-04
1.465399999999999991e+01,4.459078917240381955e-04
1.465600000000000058e+01,4.459788154348566058e-04
1.465799999999999947e+01,4.460497391439646330e-04
1.466000000000000014e+01,4.461206628513614096e-04
1.466200000000000081e+01,4.461915865570465021e-04
1.466399999999999970e+01,4.462625102610208319e-04
1.466600000000000037e+01,4.463334339632849955e-04
1.466800000000000104e+01,4.464043576638379628e-04
1.466999999999999993e+01,4.464752813626797338e-04
1.467200000000000060e+01,4.465462050598104711e-04
1.467399999999999949e+01,4.466171287552301206e-04
1.467600000000000016e+01,4.466880524489377064e-04
1.467800000000000082e+01,4.467589761409349633e-04
1.467999999999999972e+01,4.468298998312213491e-04
1.468200000000000038e+01,4.469008235197972434e-04
1.468400000000000105e+01,4.469717472066621041e-04
1.468599999999999994e+01,4.470426708918154974e-04
1.468800000000000061e+01,4.471135945752583449e-04
1.468999999999999950e+01,4.471845182569893998e-04
1.469200000000000017e+01,4.472554419370100716e-04
1.469400000000000084e+01,4.473263656153194387e-04
1.469599999999999973e+01,4.473972892919185311e-04
1.469800000000000040e+01,4.474682129668059393e-04
1.470000000000000107e+01,4.475391366399822596e-04
1.470199999999999996e+01,4.476100603114471668e-04
1.470400000000000063e+01,4.476809839812013114e-04
1.470599999999999952e+01,4.477519076492449102e-04
1.470800000000000018e+01,4.478228313155772585e-04
1.471000000000000085e+01,4.478937549801979227e-04
1.471199999999999974e+01,4.479646786431079326e-04
1.471400000000000041e+01,4.480356023043070173e-04
1.471600000000000108e+01,4.481065259637942552e-04
1.471799999999999997e+01,4.481774496215712184e-04
1.472000000000000064e+01,4.482483732776372022e-04
1.472199999999999953e+01,4.483192969319928028e-04
1.472400000000000020e+01,4.483902205846364481e-04
1.472600000000000087e+01,4.484611442355689514e-04
1.472799999999999976e+01,4.485320678847901500e-04
1.473000000000000043e+01,4.486029915323003149e-04
1.473200000000000109e+01,4.486739151780998257e-04
1.473399999999999999e+01,4.487448388221888991e-04
1.473600000000000065e+01,4.488157624645655835e-04
1.473799999999999955e+01,4.488866861052316680e-04
1.474000000000000021e+01,4.489576097441865562e-04
1.474200000000000088e+01,4.490285333814302482e-04
1.474399999999999977e+01,4.490994570169620391e-04
1.474600000000000044e+01,4.491703806507837721e-04
1.474800000000000111e+01,4.492413042828937125e-04
1.475000000000000000e+01,4.493122279132933240e-04
1.475200000000000067e+01,4.493831515419813055e-04
1.475399999999999956e+01,4.494540751689587413e-04
1.475600000000000023e+01,4.495249987942247639e-04
1.475800000000000090e+01,4.495959224177793192e-04
1.475999999999999979e+01,4.496668460396234914e-04
1.476200000000000045e+01,4.497377696597562504e-04
1.476400000000000112e+01,4.498086932781777047e-04
1.476600000000000001e+01,4.498796168948887217e-04
1.476800000000000068e+01,4.499505405098880003e-04
1.476999999999999957e+01,4.500214641231761910e-04
1.477200000000000024e+01,4.500923877347538359e-04
1.477400000000000091e+01,4.501633113446195256e-04
1.477599999999999980e+01,4.502342349527743443e-04
1.477800000000000047e+01,4.503051585592175872e-04
1.478000000000000114e+01,4.503760821639499049e-04
1.478200000000000003e+01,4.504470057669710263e-04
1.478400000000000070e+01,4.505179293682813309e-04
1.478599999999999959e+01,4.505888529678795718e-04
1.478800000000000026e+01,4.506597765657672670e-04
1.479000000000000092e+01,4.507307001619446332e-04
1.479199999999999982e+01,4.508016237564097190e-04
1.479400000000000048e+01,4.508725473491632832e-04
1.479600000000000115e+01,4.509434709402054342e-04
1.479800000000000004e+01,4.510143945295363890e-04
1.480000000000000071e+01,4.510853181171574485e-04
1.480199999999999960e+01,4.511562417030668781e-04
1.480400000000000027e+01,4.512271652872644609e-04
1.480600000000000094e+01,4.512980888697511184e-04
1.480799999999999983e+01,4.513690124505266880e-04
1.481000000000000050e+01,4.514399360295907903e-04
1.481200000000000117e+01,4.515108596069436421e-04
1.481400000000000006e+01,4.515817831825856771e-04
1.481600000000000072e+01,4.516527067565160821e-04
1.481799999999999962e+01,4.517236303287355077e-04
1.482000000000000028e+01,4.517945538992431949e-04
1.482200000000000095e+01,4.518654774680398484e-04
1.482399999999999984e+01,4.519364010351254140e-04
1.482600000000000051e+01,4.520073246004996208e-04
1.482800000000000118e+01,4.520782481641629565e-04
1.483000000000000007e+01,4.521491717261144996e-04
1.483200000000000074e+01,4.522200952863557138e-04
1.483399999999999963e+01,4.522910188448852980e-04
1.483600000000000030e+01,4.523619424017031438e-04
1.483800000000000097e+01,4.524328659568101728e-04
1.483999999999999986e+01,4.525037895102057344e-04
1.484200000000000053e+01,4.525747130618905877e-04
1.484400000000000119e+01,4.526456366118635400e-04
1.484600000000000009e+01,4.527165601601256754e-04
1.484800000000000075e+01,4.527874837066760724e-04
1.484999999999999964e+01,4.528584072515158695e-04
1.485200000000000031e+01,4.529293307946440366e-04
1.485400000000000098e+01,4.530002543360609531e-04
1.485599999999999987e+01,4.530711778757664024e-04
1.485800000000000054e+01,4.531421014137604927e-04
1.485999999999999943e+01,4.532130249500431157e-04
1.486200000000000010e+01,4.532839484846151929e-04
1.486400000000000077e+01,4.533548720174754233e-04
1.486599999999999966e+01,4.534257955486241864e-04
1.486800000000000033e+01,4.534967190780626748e-04
1.487000000000000099e+01,4.535676426057892621e-04
1.487199999999999989e+01,4.536385661318042737e-04
1.487400000000000055e+01,4.537094896561077095e-04
1.487599999999999945e+01,4.537804131787004369e-04
1.487800000000000011e+01,4.538513366995817512e-04
1.488000000000000078e+01,4.539222602187512187e-04
1.488199999999999967e+01,4.539931837362098151e-04
1.488400000000000034e+01,4.540641072519573237e-04
1.488600000000000101e+01,4.541350307659933650e-04
1.488799999999999990e+01,4.542059542783178304e-04
1.489000000000000057e+01,4.542768777889309912e-04
1.489199999999999946e+01,4.543478012978329557e-04
1.489400000000000013e+01,4.544187248050232902e-04
1.489600000000000080e+01,4.544896483105024827e-04
1.489799999999999969e+01,4.545605718142696114e-04
1.490000000000000036e+01,4.546314953163259234e-04
1.490200000000000102e+01,4.547024188166708765e-04
1.490399999999999991e+01,4.547733423153050127e-04
1.490600000000000058e+01,4.548442658122274647e-04
1.490799999999999947e+01,4.549151893074386121e-04
1.491000000000000014e+01,4.549861128009380210e-04
1.491200000000000081e+01,4.550570362927267216e-04
1.491399999999999970e+01,4.551279597828040090e-04
1.491600000000000037e+01,4.551988832711691244e-04
1.491800000000000104e+01,4.552698067578230976e-04
1.491999999999999993e+01,4.553407302427652241e-04
1.492200000000000060e+01,4.554116537259962627e-04
1.492399999999999949e+01,4.554825772075158340e-04
1.492600000000000016e+01,4.555535006873246426e-04
1.492800000000000082e+01,4.556244241654219839e-04
1.492999999999999972e+01,4.556953476418081832e-04
1.493200000000000038e+01,4.557662711164826982e-04
1.493400000000000105e+01,4.558371945894454749e-04
1.493599999999999994e+01,4.559081180606965131e-04
1.493800000000000061e+01,4.559790415302370056e-04
1.493999999999999950e+01,4.560499649980657056e-04
1.494200000000000017e+01,4.561208884641836971e-04
1.494400000000000084e+01,4.561918119285896249e-04
1.494599999999999973e+01,4.562627353912845191e-04
1.494800000000000040e+01,4.563336588522671328e-04
1.495000000000000107e+01,4.564045823115392008e-04
1.495199999999999996e+01,4.564755057690991508e-04
1.495400000000000063e+01,4.565464292249479588e-04
1.495599999999999952e+01,4.566173526790844321e-04
1.495800000000000018e+01,4.566882761315105765e-04
1.496000000000000085e+01,4.567591995822250367e-04
1.496199999999999974e+01,4.568301230312281922e-04
1.496400000000000041e+01,4.569010464785197177e-04
1.496600000000000108e+01,4.569719699240997759e-04
1.496799999999999997e+01,4.570428933679684209e-04
1.497000000000000064e+01,4.571138168101253276e-04
1.497199999999999953e+01,4.571847402505713632e-04
1.497400000000000020e+01,4.572556636893059315e-04
1.497600000000000087e+01,4.573265871263286530e-04
1.497799999999999976e+01,4.573975105616400697e-04
1.498000000000000043e+01,4.574684339952398023e-04
1.498200000000000109e+01,4.575393574271281218e-04
1.498399999999999999e+01,4.576102808573054618e-04
1.498600000000000065e+01,4.576812042857709008e-04
1.498799999999999955e+01,4.577521277125252519e-04
1.499000000000000021e+01,4.578230511375671057e-04
1.499200000000000088e+01,4.578939745608980884e-04
1.499399999999999977e+01,4.579648979825174954e-04
1.499600000000000044e+01,4.580358214024256519e-04
1.499800000000000111e+01,4.581067448206215822e-04
1.500000000000000000e+01,4.581776682371064245e-04
1.500200000000000067e+01,4.582485916518793116e-04
1.500399999999999956e+01,4.583195150649410567e-04
1.500600000000000023e+01,4.583904384762918765e-04
1.500800000000000090e+01,4.584613618859307953e-04
1.500999999999999979e+01,4.585322852938576504e-04
1.501200000000000045e+01,4.586032087000739056e-04
1.501400000000000112e+01,4.586741321045780971e-04
1.501600000000000001e+01,4.587450555073708755e-04
1.501800000000000068e+01,4.588159789084520239e-04
1.501999999999999957e+01,4.588869023078218676e-04
1.502200000000000024e+01,4.589578257054799729e-04
1.502400000000000091e+01,4.590287491014258519e-04
1.502599999999999980e+01,4.590996724956611309e-04
1.502800000000000047e+01,4.591705958881841295e-04
1.503000000000000114e+01,4.592415192789960944e-04
1.503200000000000003e+01,4.593124426680961041e-04
1.503400000000000070e+01,4.593833660554844296e-04
1.503599999999999959e+01,4.594542894411615588e-04
1.503800000000000026e+01,4.595252128251271122e-04
1.504000000000000092e+01,4.595961362073810357e-04
1.504199999999999982e+01,4.596670595879232750e-04
1.504400000000000048e+01,4.597379829667546975e-04
1.504600000000000115e+01,4.598089063438743815e-04
1.504800000000000004e+01,4.598798297192812972e-04
1.505000000000000071e+01,4.599507530929771793e-04
1.505199999999999960e+01,4.600216764649619735e-04
1.505400000000000027e+01,4.600925998352353003e-04
1.505600000000000094e+01,4.601635232037960214e-04
1.505799999999999983e+01,4.602344465706459256e-04
1.506000000000000050e+01,4.603053699357846336e-04
1.506200000000000117e+01,4.603762932992108985e-04
1.506400000000000006e+01,4.604472166609258586e-04
1.506600000000000072e+01,4.605181400209295683e-04
1.506799999999999962e+01,4.605890633792212143e-04
1.507000000000000028e+01,4.606599867358009593e-04
1.507200000000000095e+01,4.607309100906692369e-04
1.507399999999999984e+01,4.608018334438263724e-04
1.507600000000000051e+01,4.608727567952714444e-04
1.507800000000000118e+01,4.609436801450059163e-04
1.508000000000000007e+01,4.610146034930278367e-04
1.508200000000000074e+01,4.610855268393377476e-04
1.508399999999999963e+01,4.611564501839365165e-04
1.508600000000000030e+01,4.612273735268232759e-04
1.508800000000000097e+01,4.612982968679988391e-04
1.508999999999999986e+01,4.613692202074626096e-04
1.509200000000000053e+01,4.614401435452143707e-04
1.509400000000000119e+01,4.615110668812543934e-04
1.509600000000000009e+01,4.615819902155832198e-04
1.509800000000000075e+01,4.616529135482008500e-04
1.509999999999999964e+01,4.617238368791067417e-04
1.510200000000000031e+01,4.617947602083000277e-04
1.510400000000000098e+01,4.618656835357816295e-04
1.510599999999999987e+01,4.619366068615520893e-04
1.510800000000000054e+01,4.620075301856111359e-04
1.510999999999999943e+01,4.620784535079579562e-04
1.511200000000000010e+01,4.621493768285940139e-04
1.511400000000000077e+01,4.622203001475180622e-04
1.511599999999999966e+01,4.622912234647306973e-04
1.511800000000000033e+01,4.623621467802308351e-04
1.512000000000000099e+01,4.624330700940198851e-04
1.512199999999999989e+01,4.625039934060960582e-04
1.512400000000000055e+01,4.625749167164611435e-04
1.512599999999999945e+01,4.626458400251147072e-04
1.512800000000000011e+01,4.627167633320563699e-04
1.513000000000000078e+01,4.627876866372870532e-04
1.513199999999999967e+01,4.628586099408053475e-04
1.513400000000000034e+01,4.629295332426123372e-04
1.513600000000000101e+01,4.630004565427072089e-04
1.513799999999999990e+01,4.630713798410900713e-04
1.514000000000000057e+01,4.631423031377613036e-04
1.514199999999999946e+01,4.632132264327215566e-04
1.514400000000000013e+01,4.632841497259697458e-04
1.514600000000000080e+01,4.633550730175061967e-04
1.514799999999999969e+01,4.634259963073311260e-04
1.515000000000000036e+01,4.634969195954444254e-04
1.515200000000000102e+01,4.635678428818456611e-04
1.515399999999999991e+01,4.636387661665345621e-04
1.515600000000000058e+01,4.637096894495111826e-04
1.515799999999999947e+01,4.637806127307769321e-04
1.516000000000000014e+01,4.638515360103309432e-04
1.516200000000000081e+01,4.639224592881730533e-04
1.516399999999999970e+01,4.639933825643041839e-04
1.516600000000000037e+01,4.640643058387230882e-04
1.516800000000000104e+01,4.641352291114300374e-04
1.516999999999999993e+01,4.642061523824252481e-04
1.517200000000000060e+01,4.642770756517088288e-04
1.517399999999999949e+01,4.643479989192800207e-04
1.517600000000000016e+01,4.644189221851396910e-04
1.517800000000000082e+01,4.644898454492876229e-04
1.517999999999999972e+01,4.645607687117243043e-04
1.518200000000000038e+01,4.646316919724485426e-04
1.518400000000000105e+01,4.647026152314615304e-04
1.518599999999999994e+01,4.647735384887614245e-04
1.518800000000000061e+01,4.648444617443509897e-04
1.518999999999999950e+01,4.649153849982281660e-04
1.519200000000000017e+01,4.649863082503944171e-04
1.519400000000000084e+01,4.650572315008483877e-04
1.519599999999999973e+01,4.651281547495906199e-04
1.519800000000000040e+01,4.651990779966204089e-04
1.520000000000000107e+01,4.652700012419388391e-04
1.520199999999999996e+01,4.653409244855458019e-04
1.520400000000000063e+01,4.654118477274408095e-04
1.520599999999999952e+01,4.654827709676233197e-04
1.520800000000000018e+01,4.655536942060944168e-04
1.521000000000000085e+01,4.656246174428529624e-04
1.521199999999999974e+01,4.656955406779005285e-04
1.521400000000000041e+01,4.657664639112361936e-04
1.521600000000000108e+01,4.658373871428601746e-04
1.521799999999999997e+01,4.659083103727719834e-04
1.522000000000000064e+01,4.659792336009721623e-04
1.522199999999999953e+01,4.660501568274603317e-04
1.522400000000000020e+01,4.661210800522366544e-04
1.522600000000000087e+01,4.661920032753007507e-04
1.522799999999999976e+01,4.662629264966533255e-04
1.523000000000000043e+01,4.663338497162937283e-04
1.523200000000000109e+01,4.664047729342222300e-04
1.523399999999999999e+01,4.664756961504385596e-04
1.523600000000000065e+01,4.665466193649432051e-04
1.523799999999999955e+01,4.666175425777365458e-04
1.524000000000000021e+01,4.666884657888172808e-04
1.524200000000000088e+01,4.667593889981866569e-04
1.524399999999999977e+01,4.668303122058441862e-04
1.524600000000000044e+01,4.669012354117893266e-04
1.524800000000000111e+01,4.669721586160232164e-04
1.525000000000000000e+01,4.670430818185448800e-04
1.525200000000000067e+01,4.671140050193550762e-04
1.525399999999999956e+01,4.671849282184533715e-04
1.525600000000000023e+01,4.672558514158393862e-04
1.525800000000000090e+01,4.673267746115133915e-04
1.525999999999999979e+01,4.673976978054751705e-04
1.526200000000000045e+01,4.674686209977256448e-04
1.526400000000000112e+01,4.675395441882633507e-04
1.526600000000000001e+01,4.676104673770898603e-04
1.526800000000000068e+01,4.676813905642046316e-04
1.526999999999999957e+01,4.677523137496075560e-04
1.527200000000000024e+01,4.678232369332981457e-04
1.527400000000000091e+01,4.678941601152766718e-04
1.527599999999999980e+01,4.679650832955431885e-04
1.527800000000000047e+01,4.680360064740978583e-04
1.528000000000000114e+01,4.681069296509406271e-04
1.528200000000000003e+01,4.681778528260704107e-04
1.528400000000000070e+01,4.682487759994895401e-04
1.528599999999999959e+01,4.683196991711960637e-04
1.528800000000000026e+01,4.683906223411911200e-04
1.529000000000000092e+01,4.684615455094736790e-04
1.529199999999999982e+01,4.685324686760460717e-04
1.529400000000000048e+01,4.686033918409058044e-04
1.529600000000000115e+01,4.686743150040529856e-04
1.529800000000000004e+01,4.687452381654876694e-04
1.530000000000000071e+01,4.688161613252106149e-04
1.530199999999999960e+01,4.688870844832217135e-04
1.530400000000000027e+01,4.689580076395209653e-04
1.530600000000000094e+01,4.690289307941080451e-04
1.530799999999999983e+01,4.690998539469834949e-04
1.531000000000000050e+01,4.691707770981460137e-04
1.531200000000000117e+01,4.692417002475969025e-04
1.531400000000000006e+01,4.693126233953367576e-04
1.531600000000000072e+01,4.693835465413631397e-04
1.531799999999999962e+01,4.694544696856786507e-04
1.532000000000000028e+01,4.695253928282820438e-04
1.532200000000000095e+01,4.695963159691729396e-04
1.532399999999999984e+01,4.696672391083528018e-04
1.532600000000000051e+01,4.697381622458201124e-04
1.532800000000000118e+01,4.698090853815753052e-04
1.533000000000000007e+01,4.698800085156187053e-04
1.533200000000000074e+01,4.699509316479497708e-04
1.533399999999999963e+01,4.700218547785688268e-04
1.533600000000000030e+01,4.700927779074757650e-04
1.533800000000000097e+01,4.701637010346708563e-04
1.533999999999999986e+01,4.702346241601537214e-04
1.534200000000000053e+01,4.703055472839248480e-04
1.534400000000000119e+01,4.703764704059833148e-04
1.534600000000000009e+01,4.704473935263304226e-04
1.534800000000000075e+01,4.705183166449651956e-04
1.534999999999999964e+01,4.705892397618885556e-04
1.535200000000000031e+01,4.706601628770986593e-04
1.535400000000000098e+01,4.707310859905972414e-04
1.535599999999999987e+01,4.708020091023840310e-04
1.535800000000000054e+01,4.708729322124588111e-04
1.535999999999999943e+01,4.709438553208205517e-04
1.536200000000000010e+01,4.710147784274707167e-04
1.536400000000000077e+01,4.710857015324095769e-04
1.536599999999999966e+01,4.711566246356355602e-04
1.536800000000000033e+01,4.712275477371499137e-04
1.537000000000000099e+01,4.712984708369523119e-04
1.537199999999999989e+01,4.713693939350422127e-04
1.537400000000000055e+01,4.714403170314202668e-04
1.537599999999999945e+01,4.715112401260864198e-04
1.537800000000000011e+01,4.715821632190397503e-04
1.538000000000000078e+01,4.716530863102811255e-04
1.538199999999999967e+01,4.717240093998108165e-04
1.538400000000000034e+01,4.717949324876277392e-04
1.538600000000000101e+01,4.718658555737327608e-04
1.538799999999999990e+01,4.719367786581262609e-04
1.539000000000000057e+01,4.720077017408076431e-04
1.539199999999999946e+01,4.720786248217764196e-04
1.539400000000000013e+01,4.721495479010332950e-04
1.539600000000000080e+01,4.722204709785788657e-04
1.539799999999999969e+01,4.722913940544113971e-04
1.540000000000000036e+01,4.723623171285318647e-04
1.540200000000000102e+01,4.724332402009402687e-04
1.540399999999999991e+01,4.725041632716357959e-04
1.540600000000000058e+01,4.725750863406206689e-04
1.540799999999999947e+01,4.726460094078923399e-04
1.541000000000000014e+01,4.727169324734522182e-04
1.541200000000000081e+01,4.727878555373000872e-04
1.541399999999999970e+01,4.728587785994353503e-04
1.541600000000000037e+01,4.729297016598588209e-04
1.541800000000000104e+01,4.730006247185706073e-04
1.541999999999999993e+01,4.730715477755698963e-04
1.542200000000000060e+01,4.731424708308564712e-04
1.542399999999999949e+01,4.732133938844309282e-04
1.542600000000000016e+01,4.732843169362932674e-04
1.542800000000000082e+01,4.733552399864440850e-04
1.542999999999999972e+01,4.734261630348825137e-04
1.543200000000000038e+01,4.734970860816075234e-04
1.543400000000000105e+01,4.735680091266207948e-04
1.543599999999999994e+01,4.736389321699220026e-04
1.543800000000000061e+01,4.737098552115114177e-04
1.543999999999999950e+01,4.737807782513888777e-04
1.544200000000000017e+01,4.738517012895537318e-04
1.544400000000000084e+01,4.739226243260067934e-04
1.544599999999999973e+01,4.739935473607475745e-04
1.544800000000000040e+01,4.740644703937762919e-04
1.545000000000000107e+01,4.741353934250928373e-04
1.545199999999999996e+01,4.742063164546964516e-04
1.545400000000000063e+01,4.742772394825878397e-04
1.545599999999999952e+01,4.743481625087675978e-04
1.545800000000000018e+01,4.744190855332347501e-04
1.546000000000000085e+01,4.744900085559900014e-04
1.546199999999999974e+01,4.745609315770320507e-04
1.546400000000000041e+01,4.746318545963632289e-04
1.546600000000000108e+01,4.747027776139814219e-04
1.546799999999999997e+01,4.747737006298879850e-04
1.547000000000000064e+01,4.748446236440818881e-04
1.547199999999999953e+01,4.749155466565629685e-04
1.547400000000000020e+01,4.749864696673326359e-04
1.547600000000000087e+01,4.750573926763892638e-04
1.547799999999999976e+01,4.751283156837344786e-04
1.548000000000000043e+01,4.751992386893672503e-04
1.548200000000000109e+01,4.752701616932876873e-04
1.548399999999999999e+01,4.753410846954960606e-04
1.548600000000000065e+01,4.754120076959918281e-04
1.548799999999999955e+01,4.754829306947752610e-04
1.549000000000000021e+01,4.755538536918469555e-04
1.549200000000000088e+01,4.756247766872051226e-04
1.549399999999999977e+01,4.756956996808522561e-04
1.549600000000000044e+01,4.757666226727872718e-04
1.549800000000000111e+01,4.758375456630095732e-04
1.550000000000000000e+01,4.759084686515196484e-04
1.550200000000000067e+01,4.759793916383173347e-04
1.550399999999999956e+01,4.760503146234022526e-04
1.550600000000000023e+01,4.761212376067750526e-04
1.550800000000000090e+01,4.761921605884362769e-04
1.550999999999999979e+01,4.762630835683837028e-04
1.551200000000000045e+01,4.763340065466200950e-04
1.551400000000000112e+01,4.764049295231443694e-04
1.551600000000000001e+01,4.764758524979554959e-04
1.551800000000000068e+01,4.765467754710547214e-04
1.551999999999999957e+01,4.766176984424421001e-04
1.552200000000000024e+01,4.766886214121163310e-04
1.552400000000000091e+01,4.767595443800781729e-04
1.552599999999999980e+01,4.768304673463279512e-04
1.552800000000000047e+01,4.769013903108653947e-04
1.553000000000000114e+01,4.769723132736906120e-04
1.553200000000000003e+01,4.770432362348031152e-04
1.553400000000000070e+01,4.771141591942035004e-04
1.553599999999999959e+01,4.771850821518912257e-04
1.553800000000000026e+01,4.772560051078675379e-04
1.554000000000000092e+01,4.773269280621307564e-04
1.554199999999999982e+01,4.773978510146818571e-04
1.554400000000000048e+01,4.774687739655212194e-04
1.554600000000000115e+01,4.775396969146474880e-04
1.554800000000000004e+01,4.776106198620610967e-04
1.555000000000000071e+01,4.776815428077629670e-04
1.555199999999999960e+01,4.777524657517521231e-04
1.555400000000000027e+01,4.778233886940289445e-04
1.555600000000000094e+01,4.778943116345933228e-04
1.555799999999999983e+01,4.779652345734456916e-04
1.556000000000000050e+01,4.780361575105844247e-04
1.556200000000000117e+01,4.781070804460126121e-04
1.556400000000000006e+01,4.781780033797280853e-04
1.556600000000000072e+01,4.782489263117307358e-04
1.556799999999999962e+01,4.783198492420214312e-04
1.557000000000000028e+01,4.783907721705994123e-04
1.557200000000000095e+01,4.784616950974641372e-04
1.557399999999999984e+01,4.785326180226173406e-04
1.557600000000000051e+01,4.786035409460580466e-04
1.557800000000000118e+01,4.786744638677862553e-04
1.558000000000000007e+01,4.787453867878020751e-04
1.558200000000000074e+01,4.788163097061053975e-04
1.558399999999999963e+01,4.788872326226962226e-04
1.558600000000000030e+01,4.789581555375746046e-04
1.558800000000000097e+01,4.790290784507401098e-04
1.558999999999999986e+01,4.791000013621944187e-04
1.559200000000000053e+01,4.791709242719353629e-04
1.559400000000000119e+01,4.792418471799654361e-04
1.559600000000000009e+01,4.793127700862815483e-04
1.559800000000000075e+01,4.793836929908853258e-04
1.559999999999999964e+01,4.794546158937767685e-04
1.560200000000000031e+01,4.795255387949558224e-04
1.560400000000000098e+01,4.795964616944222705e-04
1.560599999999999987e+01,4.796673845921764923e-04
1.560800000000000054e+01,4.797383074882186505e-04
1.561000000000000121e+01,4.798092303825476066e-04
1.561200000000000010e+01,4.798801532751649870e-04
1.561400000000000077e+01,4.799510761660691653e-04
1.561599999999999966e+01,4.800219990552608462e-04
1.561800000000000033e+01,4.800929219427406262e-04
1.562000000000000099e+01,4.801638448285073667e-04
1.562199999999999989e+01,4.802347677125617725e-04
1.562400000000000055e+01,4.803056905949034641e-04
1.562599999999999945e+01,4.803766134755327127e-04
1.562800000000000011e+01,4.804475363544497891e-04
1.563000000000000078e+01,4.805184592316541514e-04
1.563199999999999967e+01,4.805893821071460163e-04
1.563400000000000034e+01,4.806603049809255465e-04
1.563600000000000101e+01,4.807312278529920374e-04
1.563799999999999990e+01,4.808021507233465729e-04
1.564000000000000057e+01,4.808730735919886112e-04
1.564199999999999946e+01,4.809439964589176100e-04
1.564400000000000013e+01,4.810149193241346536e-04
1.564600000000000080e+01,4.810858421876380614e-04
1.564799999999999969e+01,4.811567650494302730e-04
1.565000000000000036e+01,4.812276879095095535e-04
1.565200000000000102e+01,4.812986107678761199e-04
1.565399999999999991e+01,4.813695336245303515e-04
1.565600000000000058e+01,4.814404564794717606e-04
1.565799999999999947e+01,4.815113793327014855e-04
1.566000000000000014e+01,4.815823021842182794e-04
1.566200000000000081e+01,4.816532250340221422e-04
1.566399999999999970e+01,4.817241478821141041e-04
1.566600000000000037e+01,4.817950707284936228e-04
1.566800000000000104e+01,4.818659935731599937e-04
1.566999999999999993e+01,4.819369164161139757e-04
1.567200000000000060e+01,4.820078392573561650e-04
1.567399999999999949e+01,4.820787620968847186e-04
1.567600000000000016e+01,4.821496849347005581e-04
1.567800000000000082e+01,4.822206077708035207e-04
1.567999999999999972e+01,4.822915306051946908e-04
1.568200000000000038e+01,4.823624534378730924e-04
1.568400000000000105e+01,4.824333762688384547e-04
1.568599999999999994e+01,4.825042990980916990e-04
1.568800000000000061e+01,4.825752219256328255e-04
1.568999999999999950e+01,4.826461447514617258e-04
1.569200000000000017e+01,4.827170675755779118e-04
1.569400000000000084e+01,4.827879903979814921e-04
1.569599999999999973e+01,4.828589132186720330e-04
1.569800000000000040e+01,4.829298360376496971e-04
1.570000000000000107e+01,4.830007588549152433e-04
1.570199999999999996e+01,4.830716816704685090e-04
1.570400000000000063e+01,4.831426044843087895e-04
1.570599999999999952e+01,4.832135272964372774e-04
1.570800000000000018e+01,4.832844501068513164e-04
1.571000000000000085e+01,4.833553729155541049e-04
1.571199999999999974e+01,4.834262957225430950e-04
1.571400000000000041e+01,4.834972185278198589e-04
1.571600000000000108e+01,4.835681413313846133e-04
1.571799999999999997e+01,4.836390641332366535e-04
1.572000000000000064e+01,4.837099869333759796e-04
1.572199999999999953e+01,4.837809097318022662e-04
1.572400000000000020e+01,4.838518325285163808e-04
1.572600000000000087e+01,4.839227553235175101e-04
1.572799999999999976e+01,4.839936781168064132e-04
1.573000000000000043e+01,4.840646009083826562e-04
1.573200000000000109e+01,4.841355236982453720e-04
1.573399999999999999e+01,4.842064464863954820e-04
1.573600000000000065e+01,4.842773692728341247e-04
1.573799999999999955e+01,4.843482920575593485e-04
1.574000000000000021e+01,4.844192148405715870e-04
1.574200000000000088e+01,4.844901376218719788e-04
1.574399999999999977e+01,4.845610604014596022e-04
1.574600000000000044e+01,4.846319831793339692e-04
1.574800000000000111e+01,4.847029059554969232e-04
1.575000000000000000e+01,4.847738287299458077e-04
1.575200000000000067e+01,4.848447515026819781e-04
1.575399999999999956e+01,4.849156742737061390e-04
1.575600000000000023e+01,4.849865970430173147e-04
1.575800000000000090e+01,4.850575198106161015e-04
1.575999999999999979e+01,4.851284425765021741e-04
1.576200000000000045e+01,4.851993653406752073e-04
1.576400000000000112e+01,4.852702881031357974e-04
1.576600000000000001e+01,4.853412108638838901e-04
1.576800000000000068e+01,4.854121336229188350e-04
1.576999999999999957e+01,4.854830563802412825e-04
1.577200000000000024e+01,4.855539791358512327e-04
1.577400000000000091e+01,4.856249018897480351e-04
1.577599999999999980e+01,4.856958246419324486e-04
1.577800000000000047e+01,4.857667473924035515e-04
1.578000000000000114e+01,4.858376701411625908e-04
1.578200000000000003e+01,4.859085928882085907e-04
1.578400000000000070e+01,4.859795156335419849e-04
1.578599999999999959e+01,4.860504383771628817e-04
1.578800000000000026e+01,4.861213611190709559e-04
1.579000000000000092e+01,4.861922838592659907e-04
1.579199999999999982e+01,4.862632065977482028e-04
1.579400000000000048e+01,4.863341293345177551e-04
1.579600000000000115e+01,4.864050520695749184e-04
1.579800000000000004e+01,4.864759748029191507e-04
1.580000000000000071e+01,4.865468975345507230e-04
1.580199999999999960e+01,4.866178202644696354e-04
1.580400000000000027e+01,4.866887429926757794e-04
1.580600000000000094e+01,4.867596657191687755e-04
1.580799999999999983e+01,4.868305884439490575e-04
1.581000000000000050e+01,4.869015111670159748e-04
1.581200000000000117e+01,4.869724338883713163e-04
1.581400000000000006e+01,4.870433566080139436e-04
1.581600000000000072e+01,4.871142793259430979e-04
1.581799999999999962e+01,4.871852020421595379e-04
1.582000000000000028e+01,4.872561247566627759e-04
1.582200000000000095e+01,4.873270474694543298e-04
1.582399999999999984e+01,4.873979701805320310e-04
1.582600000000000051e+01,4.874688928898973975e-04
1.582800000000000118e+01,4.875398155975498330e-04
1.583000000000000007e+01,4.876107383034895544e-04
1.583200000000000074e+01,4.876816610077167242e-04
1.583399999999999963e+01,4.877525837102306919e-04
1.583600000000000030e+01,4.878235064110322166e-04
1.583800000000000097e+01,4.878944291101203223e-04
1.583999999999999986e+01,4.879653518074963644e-04
1.584200000000000053e+01,4.880362745031594754e-04
1.584400000000000119e+01,4.881071971971090049e-04
1.584600000000000009e+01,4.881781198893460913e-04
1.584800000000000075e+01,4.882490425798698130e-04
1.584999999999999964e+01,4.883199652686811458e-04
1.585200000000000031e+01,4.883908879557799813e-04
1.585400000000000098e+01,4.884618106411658858e-04
1.585599999999999987e+01,4.885327333248394013e-04
1.585800000000000054e+01,4.886036560067994437e-04
1.586000000000000121e+01,4.886745786870467720e-04
1.586200000000000010e+01,4.887455013655809524e-04
1.586400000000000077e+01,4.888164240424029607e-04
1.586599999999999966e+01,4.888873467175119296e-04
1.586800000000000033e+01,4.889582693909071002e-04
1.587000000000000099e+01,4.890291920625898818e-04
1.587199999999999989e+01,4.891001147325595155e-04
1.587400000000000055e+01,4.891710374008166520e-04
1.587599999999999945e+01,4.892419600673609658e-04
1.587800000000000011e+01,4.893128827321924570e-04
1.588000000000000078e+01,4.893838053953105836e-04
1.588199999999999967e+01,4.894547280567163212e-04
1.588400000000000034e+01,4.895256507164089110e-04
1.588600000000000101e+01,4.895965733743891119e-04
1.588799999999999990e+01,4.896674960306559481e-04
1.589000000000000057e+01,4.897384186852103954e-04
1.589199999999999946e+01,4.898093413380523453e-04
1.589400000000000013e+01,4.898802639891799548e-04
1.589600000000000080e+01,4.899511866385945248e-04
1.589799999999999969e+01,4.900221092862975733e-04
1.590000000000000036e+01,4.900930319322872571e-04
1.590200000000000102e+01,4.901639545765639015e-04
1.590399999999999991e+01,4.902348772191279401e-04
1.590600000000000058e+01,4.903057998599785056e-04
1.590799999999999947e+01,4.903767224991160316e-04
1.591000000000000014e+01,4.904476451365417109e-04
1.591200000000000081e+01,4.905185677722542423e-04
1.591399999999999970e+01,4.905894904062533006e-04
1.591600000000000037e+01,4.906604130385397531e-04
1.591800000000000104e+01,4.907313356691124073e-04
1.591999999999999993e+01,4.908022582979736483e-04
1.592200000000000060e+01,4.908731809251211994e-04
1.592399999999999949e+01,4.909441035505557110e-04
1.592600000000000016e+01,4.910150261742772916e-04
1.592800000000000082e+01,4.910859487962861581e-04
1.592999999999999972e+01,4.911568714165825272e-04
1.593200000000000038e+01,4.912277940351652064e-04
1.593400000000000105e+01,4.912987166520347377e-04
1.593599999999999994e+01,4.913696392671920970e-04
1.593800000000000061e+01,4.914405618806358747e-04
1.593999999999999950e+01,4.915114844923666130e-04
1.594200000000000017e+01,4.915824071023844203e-04
1.594400000000000084e+01,4.916533297106891881e-04
1.594599999999999973e+01,4.917242523172812418e-04
1.594800000000000040e+01,4.917951749221596055e-04
1.595000000000000107e+01,4.918660975253260140e-04
1.595199999999999996e+01,4.919370201267779736e-04
1.595400000000000063e+01,4.920079427265183032e-04
1.595599999999999952e+01,4.920788653245446176e-04
1.595800000000000018e+01,4.921497879208574589e-04
1.596000000000000085e+01,4.922207105154583449e-04
1.596199999999999974e+01,4.922916331083464084e-04
1.596400000000000041e+01,4.923625556995209988e-04
1.596600000000000108e+01,4.924334782889830918e-04
1.596799999999999997e+01,4.925044008767320370e-04
1.597000000000000064e+01,4.925753234627676174e-04
1.597199999999999953e+01,4.926462460470907006e-04
1.597400000000000020e+01,4.927171686297004190e-04
1.597600000000000087e+01,4.927880912105973149e-04
1.597799999999999976e+01,4.928590137897805208e-04
1.598000000000000043e+01,4.929299363672514462e-04
1.598200000000000109e+01,4.930008589430092238e-04
1.598399999999999999e+01,4.930717815170536367e-04
1.598600000000000065e+01,4.931427040893841427e-04
1.598799999999999955e+01,4.932136266600029104e-04
1.599000000000000021e+01,4.932845492289077713e-04
1.599200000000000088e+01,4.933554717960997012e-04
1.599399999999999977e+01,4.934263943615796759e-04
1.599600000000000044e+01,4.934973169253453100e-04
1.599800000000000111e+01,4.935682394873980132e-04
1.600000000000000000e+01,4.936391620477383274e-04
1.600199999999999889e+01,4.937100846063651686e-04
1.600400000000000134e+01,4.937810071632783198e-04
1.600600000000000023e+01,4.938519297184796241e-04
1.600799999999999912e+01,4.939228522719668049e-04
1.601000000000000156e+01,4.939937748237417051e-04
1.601200000000000045e+01,4.940646973738032407e-04
1.601399999999999935e+01,4.941356199221515200e-04
1.601600000000000179e+01,4.942065424687869767e-04
1.601800000000000068e+01,4.942774650137091771e-04
1.601999999999999957e+01,4.943483875569185549e-04
1.602200000000000202e+01,4.944193100984147849e-04
1.602400000000000091e+01,4.944902326381986259e-04
1.602599999999999980e+01,4.945611551762676928e-04
1.602799999999999869e+01,4.946320777126251298e-04
1.603000000000000114e+01,4.947030002472684431e-04
1.603200000000000003e+01,4.947739227801986085e-04
1.603399999999999892e+01,4.948448453114158430e-04
1.603600000000000136e+01,4.949157678409202548e-04
1.603800000000000026e+01,4.949866903687114104e-04
1.603999999999999915e+01,4.950576128947895265e-04
1.604200000000000159e+01,4.951285354191546032e-04
1.604400000000000048e+01,4.951994579418066405e-04
1.604599999999999937e+01,4.952703804627447710e-04
1.604800000000000182e+01,4.953413029819707294e-04
1.605000000000000071e+01,4.954122254994835399e-04
1.605199999999999960e+01,4.954831480152827690e-04
1.605400000000000205e+01,4.955540705293699343e-04
1.605600000000000094e+01,4.956249930417430845e-04
1.605799999999999983e+01,4.956959155524030868e-04
1.605999999999999872e+01,4.957668380613496160e-04
1.606200000000000117e+01,4.958377605685832142e-04
1.606400000000000006e+01,4.959086830741032308e-04
1.606599999999999895e+01,4.959796055779114006e-04
1.606800000000000139e+01,4.960505280800054468e-04
1.607000000000000028e+01,4.961214505803859115e-04
1.607199999999999918e+01,4.961923730790534452e-04
1.607400000000000162e+01,4.962632955760082646e-04
1.607600000000000051e+01,4.963342180712491773e-04
1.607799999999999940e+01,4.964051405647778095e-04
1.608000000000000185e+01,4.964760630565923181e-04
1.608200000000000074e+01,4.965469855466937872e-04
1.608399999999999963e+01,4.966179080350824337e-04
1.608600000000000207e+01,4.966888305217579324e-04
1.608800000000000097e+01,4.967597530067198496e-04
1.608999999999999986e+01,4.968306754899687273e-04
1.609199999999999875e+01,4.969015979715036982e-04
1.609400000000000119e+01,4.969725204513263887e-04
1.609600000000000009e+01,4.970434429294356060e-04
1.609799999999999898e+01,4.971143654058314586e-04
1.610000000000000142e+01,4.971852878805136213e-04
1.610200000000000031e+01,4.972562103534838287e-04
1.610399999999999920e+01,4.973271328247398041e-04
1.610600000000000165e+01,4.973980552942827401e-04
1.610800000000000054e+01,4.974689777621117692e-04
1.610999999999999943e+01,4.975399002282286263e-04
1.611200000000000188e+01,4.976108226926322271e-04
1.611400000000000077e+01,4.976817451553220296e-04
1.611599999999999966e+01,4.977526676162985757e-04
1.611800000000000210e+01,4.978235900755620825e-04
1.612000000000000099e+01,4.978945125331125498e-04
1.612199999999999989e+01,4.979654349889496524e-04
1.612399999999999878e+01,4.980363574430740408e-04
1.612600000000000122e+01,4.981072798954848477e-04
1.612800000000000011e+01,4.981782023461823984e-04
1.612999999999999901e+01,4.982491247951666927e-04
1.613200000000000145e+01,4.983200472424372971e-04
1.613400000000000034e+01,4.983909696879951874e-04
1.613599999999999923e+01,4.984618921318397129e-04
1.613800000000000168e+01,4.985328145739698980e-04
1.614000000000000057e+01,4.986037370143881278e-04
1.614199999999999946e+01,4.986746594530927761e-04
1.614400000000000190e+01,4.987455818900833008e-04
1.614600000000000080e+01,4.988165043253610029e-04
1.614799999999999969e+01,4.988874267589255571e-04
1.614999999999999858e+01,4.989583491907767466e-04
1.615200000000000102e+01,4.990292716209151136e-04
1.615399999999999991e+01,4.991001940493401158e-04
1.615599999999999881e+01,4.991711164760508860e-04
1.615800000000000125e+01,4.992420389010485083e-04
1.616000000000000014e+01,4.993129613243327660e-04
1.616199999999999903e+01,4.993838837459043094e-04
1.616400000000000148e+01,4.994548061657622714e-04
1.616600000000000037e+01,4.995257285839066518e-04
1.616799999999999926e+01,4.995966510003383180e-04
1.617000000000000171e+01,4.996675734150568364e-04
1.617200000000000060e+01,4.997384958280617732e-04
1.617399999999999949e+01,4.998094182393536707e-04
1.617600000000000193e+01,4.998803406489311192e-04
1.617800000000000082e+01,4.999512630567960704e-04
1.617999999999999972e+01,5.000221854629474400e-04
1.618199999999999861e+01,5.000931078673850113e-04
1.618400000000000105e+01,5.001640302701091095e-04
1.618599999999999994e+01,5.002349526711202766e-04
1.618799999999999883e+01,5.003058750704181875e-04
1.619000000000000128e+01,5.003767974680030589e-04
1.619200000000000017e+01,5.004477198638738068e-04
1.619399999999999906e+01,5.005186422580316236e-04
1.619600000000000151e+01,5.005895646504756420e-04
1.619800000000000040e+01,5.006604870412068378e-04
1.619999999999999929e+01,5.007314094302246690e-04
1.620200000000000173e+01,5.008023318175289186e-04
1.620400000000000063e+01,5.008732542031195866e-04
1.620599999999999952e+01,5.009441765869968900e-04
1.620800000000000196e+01,5.010150989691607203e-04
1.621000000000000085e+01,5.010860213496117280e-04
1.621199999999999974e+01,5.011569437283490457e-04
1.621399999999999864e+01,5.012278661053733240e-04
1.621600000000000108e+01,5.012987884806835871e-04
1.621799999999999997e+01,5.013697108542811360e-04
1.621999999999999886e+01,5.014406332261647781e-04
1.622200000000000131e+01,5.015115555963350555e-04
1.622400000000000020e+01,5.015824779647916429e-04
1.622599999999999909e+01,5.016534003315354078e-04
1.622800000000000153e+01,5.017243226965659164e-04
1.623000000000000043e+01,5.017952450598825182e-04
1.623199999999999932e+01,5.018661674214852132e-04
1.623400000000000176e+01,5.019370897813753025e-04
1.623600000000000065e+01,5.020080121395508344e-04
1.623799999999999955e+01,5.020789344960137606e-04
1.624000000000000199e+01,5.021498568507627800e-04
1.624200000000000088e+01,5.022207792037987600e-04
1.624399999999999977e+01,5.022917015551200742e-04
1.624599999999999866e+01,5.023626239047294332e-04
1.624800000000000111e+01,5.024335462526249938e-04
1.625000000000000000e+01,5.025044685988068645e-04
1.625199999999999889e+01,5.025753909432758041e-04
1.625400000000000134e+01,5.026463132860311623e-04
1.625600000000000023e+01,5.027172356270735894e-04
1.625799999999999912e+01,5.027881579664012423e-04
1.626000000000000156e+01,5.028590803040159643e-04
1.626200000000000045e+01,5.029300026399176468e-04
1.626399999999999935e+01,5.030009249741052057e-04
1.626600000000000179e+01,5.030718473065799419e-04
1.626800000000000068e+01,5.031427696373405546e-04
1.626999999999999957e+01,5.032136919663875857e-04
1.627200000000000202e+01,5.032846142937213605e-04
1.627400000000000091e+01,5.033555366193415538e-04
1.627599999999999980e+01,5.034264589432487077e-04
1.627799999999999869e+01,5.034973812654423885e-04
1.628000000000000114e+01,5.035683035859218372e-04
1.628200000000000003e+01,5.036392259046884633e-04
1.628399999999999892e+01,5.037101482217413995e-04
1.628600000000000136e+01,5.037810705370814046e-04
1.628800000000000026e+01,5.038519928507071777e-04
1.628999999999999915e+01,5.039229151626195861e-04
1.629200000000000159e+01,5.039938374728192803e-04
1.629400000000000048e+01,5.040647597813049594e-04
1.629599999999999937e+01,5.041356820880764063e-04
1.629800000000000182e+01,5.042066043931350307e-04
1.630000000000000071e+01,5.042775266964799651e-04
1.630199999999999960e+01,5.043484489981115348e-04
1.630400000000000205e+01,5.044193712980284388e-04
1.630600000000000094e+01,5.044902935962321949e-04
1.630799999999999983e+01,5.045612158927225864e-04
1.630999999999999872e+01,5.046321381874993963e-04
1.631200000000000117e+01,5.047030604805629499e-04
1.631400000000000006e+01,5.047739827719125967e-04
1.631599999999999895e+01,5.048449050615490957e-04
1.631800000000000139e+01,5.049158273494724469e-04
1.632000000000000028e+01,5.049867496356811323e-04
1.632199999999999918e+01,5.050576719201768866e-04
1.632400000000000162e+01,5.051285942029591679e-04
1.632600000000000051e+01,5.051995164840276508e-04
1.632799999999999940e+01,5.052704387633824437e-04
1.633000000000000185e+01,5.053413610410238720e-04
1.633200000000000074e+01,5.054122833169519356e-04
1.633399999999999963e+01,5.054832055911667428e-04
1.633600000000000207e+01,5.055541278636680770e-04
1.633800000000000097e+01,5.056250501344550707e-04
1.633999999999999986e+01,5.056959724035278323e-04
1.634199999999999875e+01,5.057668946708877714e-04
1.634400000000000119e+01,5.058378169365335868e-04
1.634600000000000009e+01,5.059087392004660375e-04
1.634799999999999898e+01,5.059796614626855572e-04
1.635000000000000142e+01,5.060505837231914954e-04
1.635200000000000031e+01,5.061215059819826594e-04
1.635399999999999920e+01,5.061924282390611093e-04
1.635600000000000165e+01,5.062633504944256523e-04
1.635800000000000054e+01,5.063342727480762886e-04
1.635999999999999943e+01,5.064051950000136686e-04
1.636200000000000188e+01,5.064761172502375754e-04
1.636400000000000077e+01,5.065470394987476839e-04
1.636599999999999966e+01,5.066179617455432351e-04
1.636800000000000210e+01,5.066888839906259637e-04
1.637000000000000099e+01,5.067598062339951108e-04
1.637199999999999989e+01,5.068307284756511100e-04
1.637399999999999878e+01,5.069016507155930940e-04
1.637600000000000122e+01,5.069725729538208459e-04
1.637800000000000011e+01,5.070434951903361005e-04
1.637999999999999901e+01,5.071144174251371230e-04
1.638200000000000145e+01,5.071853396582235883e-04
1.638400000000000034e+01,5.072562618895966888e-04
1.638599999999999923e+01,5.073271841192563162e-04
1.638800000000000168e+01,5.073981063472021453e-04
1.639000000000000057e+01,5.074690285734347181e-04
1.639199999999999946e+01,5.075399507979536009e-04
1.639400000000000190e+01,5.076108730207590106e-04
1.639600000000000080e+01,5.076817952418497546e-04
1.639799999999999969e+01,5.077527174612271339e-04
1.639999999999999858e+01,5.078236396788913653e-04
1.640200000000000102e+01,5.078945618948414731e-04
1.640399999999999991e+01,5.079654841090777825e-04
1.640599999999999881e+01,5.080364063216002935e-04
1.640800000000000125e+01,5.081073285324099820e-04
1.641000000000000014e+01,5.081782507415064142e-04
1.641199999999999903e+01,5.082491729488886143e-04
1.641400000000000148e+01,5.083200951545561487e-04
1.641600000000000037e+01,5.083910173585110773e-04
1.641799999999999926e+01,5.084619395607517739e-04
1.642000000000000171e+01,5.085328617612780216e-04
1.642200000000000060e+01,5.086037839600915551e-04
1.642399999999999949e+01,5.086747061571908566e-04
1.642600000000000193e+01,5.087456283525769018e-04
1.642800000000000082e+01,5.088165505462490402e-04
1.642999999999999972e+01,5.088874727382074886e-04
1.643199999999999861e+01,5.089583949284519218e-04
1.643400000000000105e+01,5.090293171169821230e-04
1.643599999999999994e+01,5.091002393037986342e-04
1.643799999999999883e+01,5.091711614889022144e-04
1.644000000000000128e+01,5.092420836722914542e-04
1.644200000000000017e+01,5.093130058539673292e-04
1.644399999999999906e+01,5.093839280339297311e-04
1.644600000000000151e+01,5.094548502121780094e-04
1.644800000000000040e+01,5.095257723887121641e-04
1.644999999999999929e+01,5.095966945635325204e-04
1.645200000000000173e+01,5.096676167366396204e-04
1.645400000000000063e+01,5.097385389080328136e-04
1.645599999999999952e+01,5.098094610777118832e-04
1.645800000000000196e+01,5.098803832456775880e-04
1.646000000000000085e+01,5.099513054119284104e-04
1.646199999999999974e+01,5.100222275764668438e-04
1.646399999999999864e+01,5.100931497392914788e-04
1.646600000000000108e+01,5.101640719004024238e-04
1.646799999999999997e+01,5.102349940597983779e-04
1.646999999999999886e+01,5.103059162174816178e-04
1.647200000000000131e+01,5.103768383734508425e-04
1.647400000000000020e+01,5.104477605277055099e-04
1.647599999999999909e+01,5.105186826802468126e-04
1.647800000000000153e+01,5.105896048310739916e-04
1.648000000000000043e+01,5.106605269801875891e-04
1.648199999999999932e+01,5.107314491275878219e-04
1.648400000000000176e+01,5.108023712732738227e-04
1.648600000000000065e+01,5.108732934172468924e-04
1.648799999999999955e+01,5.109442155595054049e-04
1.649000000000000199e+01,5.110151377000503358e-04
1.649200000000000088e+01,5.110860598388811430e-04
1.649399999999999977e+01,5.111569819759981519e-04
1.649599999999999866e+01,5.112279041114008203e-04
1.649800000000000111e+01,5.112988262450905578e-04
1.650000000000000000e+01,5.113697483770662799e-04
1.650199999999999889e+01,5.114406705073282038e-04
1.650400000000000134e+01,5.115115926358758955e-04
1.650600000000000023e+01,5.115825147627104394e-04
1.650799999999999912e+01,5.116534368878305344e-04
1.651000000000000156e+01,5.117243590112367227e-04
1.651200000000000045e+01,5.117952811329293293e-04
1.651399999999999935e+01,5.118662032529074871e-04
1.651600000000000179e+01,5.119371253711718465e-04
1.651800000000000068e+01,5.120080474877231665e-04
1.651999999999999957e+01,5.120789696025605797e-04
1.652200000000000202e+01,5.121498917156840861e-04
1.652400000000000091e+01,5.122208138270927099e-04
1.652599999999999980e+01,5.122917359367880775e-04
1.652799999999999869e+01,5.123626580447694298e-04
1.653000000000000114e+01,5.124335801510375259e-04
1.653200000000000003e+01,5.125045022555916067e-04
1.653399999999999892e+01,5.125754243584308050e-04
1.653600000000000136e+01,5.126463464595562049e-04
1.653800000000000026e+01,5.127172685589685653e-04
1.653999999999999915e+01,5.127881906566665853e-04
1.654200000000000159e+01,5.128591127526501564e-04
1.654400000000000048e+01,5.129300348469201460e-04
1.654599999999999937e+01,5.130009569394756866e-04
1.654800000000000182e+01,5.130718790303179710e-04
1.655000000000000071e+01,5.131428011194464570e-04
1.655199999999999960e+01,5.132137232068607110e-04
1.655400000000000205e+01,5.132846452925611666e-04
1.655600000000000094e+01,5.133555673765480406e-04
1.655799999999999983e+01,5.134264894588202489e-04
1.655999999999999872e+01,5.134974115393792010e-04
1.656200000000000117e+01,5.135683336182240294e-04
1.656400000000000006e+01,5.136392556953540836e-04
1.656599999999999895e+01,5.137101777707710985e-04
1.656800000000000139e+01,5.137810998444742065e-04
1.657000000000000028e+01,5.138520219164626488e-04
1.657199999999999918e+01,5.139229439867381601e-04
1.657400000000000162e+01,5.139938660552994393e-04
1.657600000000000051e+01,5.140647881221462696e-04
1.657799999999999940e+01,5.141357101872791931e-04
1.658000000000000185e+01,5.142066322506984267e-04
1.658200000000000074e+01,5.142775543124029946e-04
1.658399999999999963e+01,5.143484763723946314e-04
1.658600000000000207e+01,5.144193984306717109e-04
1.658800000000000097e+01,5.144903204872349920e-04
1.658999999999999986e+01,5.145612425420838243e-04
1.659199999999999875e+01,5.146321645952196171e-04
1.659400000000000119e+01,5.147030866466403105e-04
1.659600000000000009e+01,5.147740086963475308e-04
1.659799999999999898e+01,5.148449307443404106e-04
1.660000000000000142e+01,5.149158527906198173e-04
1.660200000000000031e+01,5.149867748351853172e-04
1.660399999999999920e+01,5.150576968780366935e-04
1.660600000000000165e+01,5.151286189191738377e-04
1.660800000000000054e+01,5.151995409585970751e-04
1.660999999999999943e+01,5.152704629963067310e-04
1.661200000000000188e+01,5.153413850323018295e-04
1.661400000000000077e+01,5.154123070665823708e-04
1.661599999999999966e+01,5.154832290991498726e-04
1.661800000000000210e+01,5.155541511300024918e-04
1.662000000000000099e+01,5.156250731591413127e-04
1.662199999999999989e+01,5.156959951865666605e-04
1.662399999999999878e+01,5.157669172122769088e-04
1.662600000000000122e+01,5.158378392362743346e-04
1.662800000000000011e+01,5.159087612585572030e-04
1.662999999999999901e+01,5.159796832791257309e-04
1.663200000000000145e+01,5.160506052979806774e-04
1.663400000000000034e+01,5.161215273151219338e-04
1.663599999999999923e+01,5.161924493305484161e-04
1.663800000000000168e+01,5.162633713442608832e-04
1.664000000000000057e+01,5.163342933562595520e-04
1.664199999999999946e+01,5.164052153665439886e-04
1.664400000000000190e+01,5.164761373751141933e-04
1.664600000000000080e+01,5.165470593819704911e-04
1.664799999999999969e+01,5.166179813871133158e-04
1.664999999999999858e+01,5.166889033905413663e-04
1.665200000000000102e+01,5.167598253922556185e-04
1.665399999999999991e+01,5.168307473922556386e-04
1.665599999999999881e+01,5.169016693905407762e-04
1.665800000000000125e+01,5.169725913871125490e-04
1.666000000000000014e+01,5.170435133819704151e-04
1.666199999999999903e+01,5.171144353751142659e-04
1.666400000000000148e+01,5.171853573665437763e-04
1.666600000000000037e+01,5.172562793562589462e-04
1.666799999999999926e+01,5.173272013442597756e-04
1.667000000000000171e+01,5.173981233305466982e-04
1.667200000000000060e+01,5.174690453151194972e-04
1.667399999999999949e+01,5.175399672979786063e-04
1.667600000000000193e+01,5.176108892791234832e-04
1.667800000000000082e+01,5.176818112585542366e-04
1.667999999999999972e+01,5.177527332362708663e-04
1.668199999999999861e+01,5.178236552122729387e-04
1.668400000000000105e+01,5.178945771865614296e-04
1.668599999999999994e+01,5.179654991591354715e-04
1.668799999999999883e+01,5.180364211299954983e-04
1.669000000000000128e+01,5.181073430991410761e-04
1.669200000000000017e+01,5.181782650665725303e-04
1.669399999999999906e+01,5.182491870322896441e-04
1.669600000000000151e+01,5.183201089962932847e-04
1.669800000000000040e+01,5.183910309585824765e-04
1.669999999999999929e+01,5.184619529191578698e-04
1.670200000000000173e+01,5.185328748780192480e-04
1.670400000000000063e+01,5.186037968351665025e-04
1.670599999999999952e+01,5.186747187905989829e-04
1.670800000000000196e+01,5.187456407443173396e-04
1.671000000000000085e+01,5.188165626963208137e-04
1.671199999999999974e+01,5.188874846466104895e-04
1.671399999999999864e+01,5.189584065951863669e-04
1.671600000000000108e+01,5.190293285420480122e-04
1.671799999999999997e+01,5.191002504871958592e-04
1.671999999999999886e+01,5.191711724306300162e-04
1.672200000000000131e+01,5.192420943723490738e-04
1.672400000000000020e+01,5.193130163123536825e-04
1.672599999999999909e+01,5.193839382506452518e-04
1.672800000000000153e+01,5.194548601872217217e-04
1.673000000000000043e+01,5.195257821220839595e-04
1.673199999999999932e+01,5.195967040552317484e-04
1.673400000000000176e+01,5.196676259866659557e-04
1.673600000000000065e+01,5.197385479163852805e-04
1.673799999999999955e+01,5.198094698443914575e-04
1.674000000000000199e+01,5.198803917706828603e-04
1.674200000000000088e+01,5.199513136952600310e-04
1.674399999999999977e+01,5.200222356181225360e-04
1.674599999999999866e+01,5.200931575392712426e-04
1.674800000000000111e+01,5.201640794587057172e-04
1.675000000000000000e+01,5.202350013764256344e-04
1.675199999999999889e+01,5.203059232924317533e-04
1.675400000000000134e+01,5.203768452067232065e-04
1.675600000000000023e+01,5.204477671193007528e-04
1.675799999999999912e+01,5.205186890301641755e-04
1.676000000000000156e+01,5.205896109393132578e-04
1.676200000000000045e+01,5.206605328467476743e-04
1.676399999999999935e+01,5.207314547524678587e-04
1.676600000000000179e+01,5.208023766564732690e-04
1.676800000000000068e+01,5.208732985587652062e-04
1.676999999999999957e+01,5.209442204593422608e-04
1.677200000000000202e+01,5.210151423582058423e-04
1.677400000000000091e+01,5.210860642553556254e-04
1.677599999999999980e+01,5.211569861507902007e-04
1.677799999999999869e+01,5.212279080445113028e-04
1.678000000000000114e+01,5.212988299365167635e-04
1.678200000000000003e+01,5.213697518268087510e-04
1.678399999999999892e+01,5.214406737153867233e-04
1.678600000000000136e+01,5.215115956022505720e-04
1.678800000000000026e+01,5.215825174873994297e-04
1.678999999999999915e+01,5.216534393708339469e-04
1.679200000000000159e+01,5.217243612525545573e-04
1.679400000000000048e+01,5.217952831325608273e-04
1.679599999999999937e+01,5.218662050108526483e-04
1.679800000000000182e+01,5.219371268874302373e-04
1.680000000000000071e+01,5.220080487622929437e-04
1.680199999999999960e+01,5.220789706354412012e-04
1.680400000000000205e+01,5.221498925068762025e-04
1.680600000000000094e+01,5.222208143765953454e-04
1.680799999999999983e+01,5.222917362446009067e-04
1.680999999999999872e+01,5.223626581108922360e-04
1.681200000000000117e+01,5.224335799754696585e-04
1.681400000000000006e+01,5.225045018383320901e-04
1.681599999999999895e+01,5.225754236994809400e-04
1.681800000000000139e+01,5.226463455589151243e-04
1.682000000000000028e+01,5.227172674166344259e-04
1.682199999999999918e+01,5.227881892726397124e-04
1.682400000000000162e+01,5.228591111269307668e-04
1.682600000000000051e+01,5.229300329795083481e-04
1.682799999999999940e+01,5.230009548303707215e-04
1.683000000000000185e+01,5.230718766795189713e-04
1.683200000000000074e+01,5.231427985269519049e-04
1.683399999999999963e+01,5.232137203726720158e-04
1.683600000000000207e+01,5.232846422166767021e-04
1.683800000000000097e+01,5.233555640589672648e-04
1.683999999999999986e+01,5.234264858995440290e-04
1.684199999999999875e+01,5.234974077384056939e-04
1.684400000000000119e+01,5.235683295755533435e-04
1.684600000000000009e+01,5.236392514109863274e-04
1.684799999999999898e+01,5.237101732447051877e-04
1.685000000000000142e+01,5.237810950767102496e-04
1.685200000000000031e+01,5.238520169070005374e-04
1.685399999999999920e+01,5.239229387355764846e-04
1.685600000000000165e+01,5.239938605624378746e-04
1.685800000000000054e+01,5.240647823875852493e-04
1.685999999999999943e+01,5.241357042110173078e-04
1.686200000000000188e+01,5.242066260327351342e-04
1.686400000000000077e+01,5.242775478527387286e-04
1.686599999999999966e+01,5.243484696710281993e-04
1.686800000000000210e+01,5.244193914876026791e-04
1.687000000000000099e+01,5.244903133024629268e-04
1.687199999999999989e+01,5.245612351156085087e-04
1.687399999999999878e+01,5.246321569270405091e-04
1.687600000000000122e+01,5.247030787367566512e-04
1.687800000000000011e+01,5.247740005447592117e-04
1.687999999999999901e+01,5.248449223510473233e-04
1.688200000000000145e+01,5.249158441556214198e-04
1.688400000000000034e+01,5.249867659584806336e-04
1.688599999999999923e+01,5.250576877596249649e-04
1.688800000000000168e+01,5.251286095590557146e-04
1.689000000000000057e+01,5.251995313567711481e-04
1.689199999999999946e+01,5.252704531527727832e-04
1.689400000000000190e+01,5.253413749470595357e-04
1.689600000000000080e+01,5.254122967396325982e-04
1.689799999999999969e+01,5.254832185304908867e-04
1.689999999999999858e+01,5.255541403196347262e-04
1.690200000000000102e+01,5.256250621070635747e-04
1.690399999999999991e+01,5.256959838927782996e-04
1.690599999999999881e+01,5.257669056767783587e-04
1.690800000000000125e+01,5.258378274590639690e-04
1.691000000000000014e+01,5.259087492396350219e-04
1.691199999999999903e+01,5.259796710184914091e-04
1.691400000000000148e+01,5.260505927956337811e-04
1.691600000000000037e+01,5.261215145710618126e-04
1.691799999999999926e+01,5.261924363447751784e-04
1.692000000000000171e+01,5.262633581167733363e-04
1.692200000000000060e+01,5.263342798870568285e-04
1.692399999999999949e+01,5.264052016556267392e-04
1.692600000000000193e+01,5.264761234224815505e-04
1.692800000000000082e+01,5.265470451876218044e-04
1.692999999999999972e+01,5.266179669510478263e-04
1.693199999999999861e+01,5.266888887127590740e-04
1.693400000000000105e+01,5.267598104727558728e-04
1.693599999999999994e+01,5.268307322310385480e-04
1.693799999999999883e+01,5.269016539876070996e-04
1.694000000000000128e+01,5.269725757424608770e-04
1.694200000000000017e+01,5.270434974956000971e-04
1.694399999999999906e+01,5.271144192470244346e-04
1.694600000000000151e+01,5.271853409967341064e-04
1.694800000000000040e+01,5.272562627447295461e-04
1.694999999999999929e+01,5.273271844910108622e-04
1.695200000000000173e+01,5.273981062355770789e-04
1.695400000000000063e+01,5.274690279784287382e-04
1.695599999999999952e+01,5.275399497195655150e-04
1.695800000000000196e+01,5.276108714589866503e-04
1.696000000000000085e+01,5.276817931966947461e-04
1.696199999999999974e+01,5.277527149326883930e-04
1.696399999999999864e+01,5.278236366669669406e-04
1.696600000000000108e+01,5.278945583995309308e-04
1.696799999999999997e+01,5.279654801303802552e-04
1.696999999999999886e+01,5.280364018595153476e-04
1.697200000000000131e+01,5.281073235869358827e-04
1.697400000000000020e+01,5.281782453126417521e-04
1.697599999999999909e+01,5.282491670366320884e-04
1.697800000000000153e+01,5.283200887589091684e-04
1.698000000000000043e+01,5.283910104794707152e-04
1.698199999999999932e+01,5.284619321983180301e-04
1.698400000000000176e+01,5.285328539154511129e-04
1.698600000000000065e+01,5.286037756308698552e-04
1.698799999999999955e+01,5.286746973445733896e-04
1.699000000000000199e+01,5.287456190565626921e-04
1.699200000000000088e+01,5.288165407668366782e-04
1.699399999999999977e+01,5.288874624753969744e-04
1.699599999999999866e+01,5.289583841822419544e-04
1.699800000000000111e+01,5.290293058873727023e-04
1.700000000000000000e+01,5.291002275907884592e-04
1.700199999999999889e+01,5.291711492924899840e-04
1.700400000000000134e+01,5.292420709924765179e-04
1.700600000000000023e+01,5.293129926907484944e-04
1.700799999999999912e+01,5.293839143873066725e-04
1.701000000000000156e+01,5.294548360821495344e-04
1.701200000000000045e+01,5.295257577752779474e-04
1.701399999999999935e+01,5.295966794666914779e-04
1.701600000000000179e+01,5.296676011563895836e-04
1.701800000000000068e+01,5.297385228443743247e-04
1.701999999999999957e+01,5.298094445306438579e-04
1.702200000000000202e+01,5.298803662151981833e-04
1.702400000000000091e+01,5.299512878980381682e-04
1.702599999999999980e+01,5.300222095791639210e-04
1.702799999999999869e+01,5.300931312585744661e-04
1.703000000000000114e+01,5.301640529362703453e-04
1.703200000000000003e+01,5.302349746122523178e-04
1.703399999999999892e+01,5.303058962865190825e-04
1.703600000000000136e+01,5.303768179590713982e-04
1.703800000000000026e+01,5.304477396299090482e-04
1.703999999999999915e+01,5.305186612990312736e-04
1.704200000000000159e+01,5.305895829664395921e-04
1.704400000000000048e+01,5.306605046321333534e-04
1.704599999999999937e+01,5.307314262961122320e-04
1.704800000000000182e+01,5.308023479583762281e-04
1.705000000000000071e+01,5.308732696189258837e-04
1.705199999999999960e+01,5.309441912777607651e-04
1.705400000000000205e+01,5.310151129348806556e-04
1.705600000000000094e+01,5.310860345902859887e-04
1.705799999999999983e+01,5.311569562439768730e-04
1.705999999999999872e+01,5.312278778959516820e-04
1.706200000000000117e+01,5.312987995462132348e-04
1.706400000000000006e+01,5.313697211947599050e-04
1.706599999999999895e+01,5.314406428415911505e-04
1.706800000000000139e+01,5.315115644867080555e-04
1.707000000000000028e+01,5.315824861301101864e-04
1.707199999999999918e+01,5.316534077717973263e-04
1.707400000000000162e+01,5.317243294117690415e-04
1.707600000000000051e+01,5.317952510500273920e-04
1.707799999999999940e+01,5.318661726865708600e-04
1.708000000000000185e+01,5.319370943213996622e-04
1.708200000000000074e+01,5.320080159545132565e-04
1.708399999999999963e+01,5.320789375859118599e-04
1.708600000000000207e+01,5.321498592155965565e-04
1.708800000000000097e+01,5.322207808435656115e-04
1.708999999999999986e+01,5.322917024698201093e-04
1.709199999999999875e+01,5.323626240943601581e-04
1.709400000000000119e+01,5.324335457171849991e-04
1.709600000000000009e+01,5.325044673382954997e-04
1.709799999999999898e+01,5.325753889576909008e-04
1.710000000000000142e+01,5.326463105753715278e-04
1.710200000000000031e+01,5.327172321913375974e-04
1.710399999999999920e+01,5.327881538055887845e-04
1.710600000000000165e+01,5.328590754181245469e-04
1.710800000000000054e+01,5.329299970289466193e-04
1.710999999999999943e+01,5.330009186380531587e-04
1.711200000000000188e+01,5.330718402454454660e-04
1.711400000000000077e+01,5.331427618511229991e-04
1.711599999999999966e+01,5.332136834550852160e-04
1.711800000000000210e+01,5.332846050573334176e-04
1.712000000000000099e+01,5.333555266578660862e-04
1.712199999999999989e+01,5.334264482566844143e-04
1.712399999999999878e+01,5.334973698537875345e-04
1.712600000000000122e+01,5.335682914491757722e-04
1.712800000000000011e+01,5.336392130428494526e-04
1.712999999999999901e+01,5.337101346348079251e-04
1.713200000000000145e+01,5.337810562250509729e-04
1.713400000000000034e+01,5.338519778135800056e-04
1.713599999999999923e+01,5.339228994003939388e-04
1.713800000000000168e+01,5.339938209854934231e-04
1.714000000000000057e+01,5.340647425688780248e-04
1.714199999999999946e+01,5.341356641505476356e-04
1.714400000000000190e+01,5.342065857305022553e-04
1.714600000000000080e+01,5.342775073087417757e-04
1.714799999999999969e+01,5.343484288852672808e-04
1.715000000000000213e+01,5.344193504600776865e-04
1.715200000000000102e+01,5.344902720331736433e-04
1.715399999999999991e+01,5.345611936045543923e-04
1.715599999999999881e+01,5.346321151742203671e-04
1.715800000000000125e+01,5.347030367421715677e-04
1.716000000000000014e+01,5.347739583084078858e-04
1.716199999999999903e+01,5.348448798729289961e-04
1.716400000000000148e+01,5.349158014357350069e-04
1.716600000000000037e+01,5.349867229968268941e-04
1.716799999999999926e+01,5.350576445562030313e-04
1.717000000000000171e+01,5.351285661138646113e-04
1.717200000000000060e+01,5.351994876698110918e-04
1.717399999999999949e+01,5.352704092240431234e-04
1.717600000000000193e+01,5.353413307765598388e-04
1.717800000000000082e+01,5.354122523273619969e-04
1.717999999999999972e+01,5.354831738764489471e-04
1.718199999999999861e+01,5.355540954238213400e-04
1.718400000000000105e+01,5.356250169694785250e-04
1.718599999999999994e+01,5.356959385134208275e-04
1.718799999999999883e+01,5.357668600556475969e-04
1.719000000000000128e+01,5.358377815961603511e-04
1.719200000000000017e+01,5.359087031349578974e-04
1.719399999999999906e+01,5.359796246720405612e-04
1.719600000000000151e+01,5.360505462074081255e-04
1.719800000000000040e+01,5.361214677410598315e-04
1.719999999999999929e+01,5.361923892729980644e-04
1.720200000000000173e+01,5.362633108032213063e-04
1.720400000000000063e+01,5.363342323317284730e-04
1.720599999999999952e+01,5.364051538585212992e-04
1.720800000000000196e+01,5.364760753835992428e-04
1.721000000000000085e+01,5.365469969069618702e-04
1.721199999999999974e+01,5.366179184286093981e-04
1.721399999999999864e+01,5.366888399485430193e-04
1.721600000000000108e+01,5.367597614667612158e-04
1.721799999999999997e+01,5.368306829832643129e-04
1.721999999999999886e+01,5.369016044980522021e-04
1.722200000000000131e+01,5.369725260111254256e-04
1.722400000000000020e+01,5.370434475224838749e-04
1.722599999999999909e+01,5.371143690321267912e-04
1.722800000000000153e+01,5.371852905400546080e-04
1.723000000000000043e+01,5.372562120462677591e-04
1.723199999999999932e+01,5.373271335507655939e-04
1.723400000000000176e+01,5.373980550535490883e-04
1.723600000000000065e+01,5.374689765546174832e-04
1.723799999999999955e+01,5.375398980539712124e-04
1.724000000000000199e+01,5.376108195516097338e-04
1.724200000000000088e+01,5.376817410475328305e-04
1.724399999999999977e+01,5.377526625417413698e-04
1.724599999999999866e+01,5.378235840342349182e-04
1.724800000000000111e+01,5.378945055250130419e-04
1.725000000000000000e+01,5.379654270140763915e-04
1.725199999999999889e+01,5.380363485014245332e-04
1.725400000000000134e+01,5.381072699870577923e-04
1.725600000000000023e+01,5.381781914709759520e-04
1.725799999999999912e+01,5.382491129531793376e-04
1.726000000000000156e+01,5.383200344336670816e-04
1.726200000000000045e+01,5.383909559124399431e-04
1.726399999999999935e+01,5.384618773894972715e-04
1.726600000000000179e+01,5.385327988648401509e-04
1.726800000000000068e+01,5.386037203384678226e-04
1.726999999999999957e+01,5.386746418103811537e-04
1.727200000000000202e+01,5.387455632805791686e-04
1.727400000000000091e+01,5.388164847490617589e-04
1.727599999999999980e+01,5.388874062158299002e-04
1.727799999999999869e+01,5.389583276808820747e-04
1.728000000000000114e+01,5.390292491442198004e-04
1.728200000000000003e+01,5.391001706058418845e-04
1.728399999999999892e+01,5.391710920657490861e-04
1.728600000000000136e+01,5.392420135239421640e-04
1.728800000000000026e+01,5.393129349804189499e-04
1.728999999999999915e+01,5.393838564351816122e-04
1.729200000000000159e+01,5.394547778882281992e-04
1.729400000000000048e+01,5.395256993395607711e-04
1.729599999999999937e+01,5.395966207891770509e-04
1.729800000000000182e+01,5.396675422370790986e-04
1.730000000000000071e+01,5.397384636832659385e-04
1.730199999999999960e+01,5.398093851277383295e-04
1.730400000000000205e+01,5.398803065704946454e-04
1.730600000000000094e+01,5.399512280115360786e-04
1.730799999999999983e+01,5.400221494508619787e-04
1.730999999999999872e+01,5.400930708884737553e-04
1.731200000000000117e+01,5.401639923243696734e-04
1.731400000000000006e+01,5.402349137585503837e-04
1.731599999999999895e+01,5.403058351910162115e-04
1.731800000000000139e+01,5.403767566217667229e-04
1.732000000000000028e+01,5.404476780508025687e-04
1.732199999999999918e+01,5.405185994781233150e-04
1.732400000000000162e+01,5.405895209037282030e-04
1.732600000000000051e+01,5.406604423276187505e-04
1.732799999999999940e+01,5.407313637497937649e-04
1.733000000000000185e+01,5.408022851702537883e-04
1.733200000000000074e+01,5.408732065889988207e-04
1.733399999999999963e+01,5.409441280060287537e-04
1.733600000000000207e+01,5.410150494213430451e-04
1.733800000000000097e+01,5.410859708349426709e-04
1.733999999999999986e+01,5.411568922468265467e-04
1.734199999999999875e+01,5.412278136569961904e-04
1.734400000000000119e+01,5.412987350654503010e-04
1.734600000000000009e+01,5.413696564721888786e-04
1.734799999999999898e+01,5.414405778772126820e-04
1.735000000000000142e+01,5.415114992805205186e-04
1.735200000000000031e+01,5.415824206821136895e-04
1.735399999999999920e+01,5.416533420819910020e-04
1.735600000000000165e+01,5.417242634801544077e-04
1.735800000000000054e+01,5.417951848766023887e-04
1.735999999999999943e+01,5.418661062713349451e-04
1.736200000000000188e+01,5.419370276643518600e-04
1.736400000000000077e+01,5.420079490556538922e-04
1.736599999999999966e+01,5.420788704452406083e-04
1.736800000000000210e+01,5.421497918331122249e-04
1.737000000000000099e+01,5.422207132192692841e-04
1.737199999999999989e+01,5.422916346037110272e-04
1.737399999999999878e+01,5.423625559864371287e-04
1.737600000000000122e+01,5.424334773674479139e-04
1.737800000000000011e+01,5.425043987467433829e-04
1.737999999999999901e+01,5.425753201243240778e-04
1.738200000000000145e+01,5.426462415001889143e-04
1.738400000000000034e+01,5.427171628743388682e-04
1.738599999999999923e+01,5.427880842467739395e-04
1.738800000000000168e+01,5.428590056174936946e-04
1.739000000000000057e+01,5.429299269864975913e-04
1.739199999999999946e+01,5.430008483537861717e-04
1.739400000000000190e+01,5.430717697193596528e-04
1.739600000000000080e+01,5.431426910832184681e-04
1.739799999999999969e+01,5.432136124453618587e-04
1.740000000000000213e+01,5.432845338057905836e-04
1.740200000000000102e+01,5.433554551645034501e-04
1.740399999999999991e+01,5.434263765215005667e-04
1.740599999999999881e+01,5.434972978767829092e-04
1.740800000000000125e+01,5.435682192303497185e-04
1.741000000000000014e+01,5.436391405822017537e-04
1.741199999999999903e+01,5.437100619323384726e-04
1.741400000000000148e+01,5.437809832807592248e-04
1.741600000000000037e+01,5.438519046274657449e-04
1.741799999999999926e+01,5.439228259724561898e-04
1.742000000000000171e+01,5.439937473157320773e-04
1.742200000000000060e+01,5.440646686572918897e-04
1.742399999999999949e+01,5.441355899971370364e-04
1.742600000000000193e+01,5.442065113352666499e-04
1.742800000000000082e+01,5.442774326716796462e-04
1.742999999999999972e+01,5.443483540063792777e-04
1.743199999999999861e+01,5.444192753393632678e-04
1.743400000000000105e+01,5.444901966706312910e-04
1.743599999999999994e+01,5.445611180001855159e-04
1.743799999999999883e+01,5.446320393280230151e-04
1.744000000000000128e+01,5.447029606541456317e-04
1.744200000000000017e+01,5.447738819785527152e-04
1.744399999999999906e+01,5.448448033012445908e-04
1.744600000000000151e+01,5.449157246222213671e-04
1.744800000000000040e+01,5.449866459414827186e-04
1.744999999999999929e+01,5.450575672590287539e-04
1.745200000000000173e+01,5.451284885748594730e-04
1.745400000000000063e+01,5.451994098889737916e-04
1.745599999999999952e+01,5.452703312013737697e-04
1.745800000000000196e+01,5.453412525120582147e-04
1.746000000000000085e+01,5.454121738210277771e-04
1.746199999999999974e+01,5.454830951282810475e-04
1.746399999999999864e+01,5.455540164338192185e-04
1.746600000000000108e+01,5.456249377376420732e-04
1.746799999999999997e+01,5.456958590397499370e-04
1.746999999999999886e+01,5.457667803401423760e-04
1.747200000000000131e+01,5.458377016388193904e-04
1.747400000000000020e+01,5.459086229357819559e-04
1.747599999999999909e+01,5.459795442310281209e-04
1.747800000000000153e+01,5.460504655245588613e-04
1.748000000000000043e+01,5.461213868163746106e-04
1.748199999999999932e+01,5.461923081064754774e-04
1.748400000000000176e+01,5.462632293948607026e-04
1.748600000000000065e+01,5.463341506815290937e-04
1.748799999999999955e+01,5.464050719664837949e-04
1.749000000000000199e+01,5.464759932497227461e-04
1.749200000000000088e+01,5.465469145312462727e-04
1.749399999999999977e+01,5.466178358110541577e-04
1.749599999999999866e+01,5.466887570891473770e-04
1.749800000000000111e+01,5.467596783655240874e-04
1.750000000000000000e+01,5.468305996401858068e-04
1.750199999999999889e+01,5.469015209131316679e-04
1.750400000000000134e+01,5.469724421843624295e-04
1.750600000000000023e+01,5.470433634538784170e-04
1.750799999999999912e+01,5.471142847216780040e-04
1.751000000000000156e+01,5.471852059877629253e-04
1.751200000000000045e+01,5.472561272521320967e-04
1.751399999999999935e+01,5.473270485147859517e-04
1.751600000000000179e+01,5.473979697757241653e-04
1.751800000000000068e+01,5.474688910349477132e-04
1.751999999999999957e+01,5.475398122924548605e-04
1.752200000000000202e+01,5.476107335482469085e-04
1.752400000000000091e+01,5.476816548023234234e-04
1.752599999999999980e+01,5.477525760546851641e-04
1.752799999999999869e+01,5.478234973053308296e-04
1.753000000000000114e+01,5.478944185542621546e-04
1.753200000000000003e+01,5.479653398014770792e-04
1.753399999999999892e+01,5.480362610469765791e-04
1.753600000000000136e+01,5.481071822907608712e-04
1.753800000000000026e+01,5.481781035328295217e-04
1.753999999999999915e+01,5.482490247731825308e-04
1.754200000000000159e+01,5.483199460118197898e-04
1.754400000000000048e+01,5.483908672487415158e-04
1.754599999999999937e+01,5.484617884839479256e-04
1.754800000000000182e+01,5.485327097174389106e-04
1.755000000000000071e+01,5.486036309492142542e-04
1.755199999999999960e+01,5.486745521792748236e-04
1.755400000000000205e+01,5.487454734076186672e-04
1.755600000000000094e+01,5.488163946342475199e-04
1.755799999999999983e+01,5.488873158591609479e-04
1.755999999999999872e+01,5.489582370823590596e-04
1.756200000000000117e+01,5.490291583038422888e-04
1.756400000000000006e+01,5.491000795236091175e-04
1.756599999999999895e+01,5.491710007416601962e-04
1.756800000000000139e+01,5.492419219579962840e-04
1.757000000000000028e+01,5.493128431726169471e-04
1.757199999999999918e+01,5.493837643855216434e-04
1.757400000000000162e+01,5.494546855967113487e-04
1.757600000000000051e+01,5.495256068061849788e-04
1.757799999999999940e+01,5.495965280139430758e-04
1.758000000000000185e+01,5.496674492199862903e-04
1.758200000000000074e+01,5.497383704243136463e-04
1.758399999999999963e+01,5.498092916269251441e-04
1.758600000000000207e+01,5.498802128278207834e-04
1.758800000000000097e+01,5.499511340270017571e-04
1.758999999999999986e+01,5.500220552244670892e-04
1.759199999999999875e+01,5.500929764202168882e-04
1.759400000000000119e+01,5.501638976142512625e-04
1.759600000000000009e+01,5.502348188065693448e-04
1.759799999999999898e+01,5.503057399971720024e-04
1.760000000000000142e+01,5.503766611860597775e-04
1.760200000000000031e+01,5.504475823732319110e-04
1.760399999999999920e+01,5.505185035586881862e-04
1.760600000000000165e+01,5.505894247424292535e-04
1.760800000000000054e+01,5.506603459244546793e-04
1.760999999999999943e+01,5.507312671047639215e-04
1.761200000000000188e+01,5.508021882833584980e-04
1.761400000000000077e+01,5.508731094602366740e-04
1.761599999999999966e+01,5.509440306354006179e-04
1.761800000000000210e+01,5.510149518088474025e-04
1.762000000000000099e+01,5.510858729805791960e-04
1.762199999999999989e+01,5.511567941505954565e-04
1.762399999999999878e+01,5.512277153188961838e-04
1.762600000000000122e+01,5.512986364854810528e-04
1.762800000000000011e+01,5.513695576503500635e-04
1.762999999999999901e+01,5.514404788135041915e-04
1.763200000000000145e+01,5.515113999749414854e-04
1.763400000000000034e+01,5.515823211346650894e-04
1.763599999999999923e+01,5.516532422926718592e-04
1.763800000000000168e+01,5.517241634489630960e-04
1.764000000000000057e+01,5.517950846035381491e-04
1.764199999999999946e+01,5.518660057563979943e-04
1.764400000000000190e+01,5.519369269075420897e-04
1.764600000000000080e+01,5.520078480569709772e-04
1.764799999999999969e+01,5.520787692046843316e-04
1.765000000000000213e+01,5.521496903506815023e-04
1.765200000000000102e+01,5.522206114949628148e-04
1.765399999999999991e+01,5.522915326375289194e-04
1.765599999999999881e+01,5.523624537783790572e-04
1.765800000000000125e+01,5.524333749175137703e-04
1.766000000000000014e+01,5.525042960549324082e-04
1.766199999999999903e+01,5.525752171906357299e-04
1.766400000000000148e+01,5.526461383246231932e-04
1.766600000000000037e+01,5.527170594568951234e-04
1.766799999999999926e+01,5.527879805874516290e-04
1.767000000000000171e+01,5.528589017162917341e-04
1.767200000000000060e+01,5.529298228434169566e-04
1.767399999999999949e+01,5.530007439688261039e-04
1.767600000000000193e+01,5.530716650925201518e-04
1.767800000000000082e+01,5.531425862144981245e-04
1.767999999999999972e+01,5.532135073347605641e-04
1.768199999999999861e+01,5.532844284533073621e-04
1.768400000000000105e+01,5.533553495701390608e-04
1.768599999999999994e+01,5.534262706852545758e-04
1.768799999999999883e+01,5.534971917986549915e-04
1.769000000000000128e+01,5.535681129103381393e-04
1.769200000000000017e+01,5.536390340203067298e-04
1.769399999999999906e+01,5.537099551285583777e-04
1.769600000000000151e+01,5.537808762350951430e-04
1.769800000000000040e+01,5.538517973399162669e-04
1.769999999999999929e+01,5.539227184430218576e-04
1.770200000000000173e+01,5.539936395444114816e-04
1.770400000000000063e+01,5.540645606440855724e-04
1.770599999999999952e+01,5.541354817420440218e-04
1.770800000000000196e+01,5.542064028382860707e-04
1.771000000000000085e+01,5.542773239328128033e-04
1.771199999999999974e+01,5.543482450256240028e-04
1.771399999999999864e+01,5.544191661167194524e-04
1.771600000000000108e+01,5.544900872060988268e-04
1.771799999999999997e+01,5.545610082937623428e-04
1.771999999999999886e+01,5.546319293797100005e-04
1.772200000000000131e+01,5.547028504639424503e-04
1.772400000000000020e+01,5.547737715464594755e-04
1.772599999999999909e+01,5.548446926272608591e-04
1.772800000000000153e+01,5.549156137063451918e-04
1.773000000000000043e+01,5.549865347837148587e-04
1.773199999999999932e+01,5.550574558593677999e-04
1.773400000000000176e+01,5.551283769333054249e-04
1.773600000000000065e+01,5.551992980055272999e-04
1.773799999999999955e+01,5.552702190760341839e-04
1.774000000000000199e+01,5.553411401448243422e-04
1.774200000000000088e+01,5.554120612118987506e-04
1.774399999999999977e+01,5.554829822772573006e-04
1.774599999999999866e+01,5.555539033409009680e-04
1.774800000000000111e+01,5.556248244028282350e-04
1.775000000000000000e+01,5.556957454630396436e-04
1.775199999999999889e+01,5.557666665215354107e-04
1.775400000000000134e+01,5.558375875783152110e-04
1.775600000000000023e+01,5.559085086333798035e-04
1.775799999999999912e+01,5.559794296867283207e-04
1.776000000000000156e+01,5.560503507383609796e-04
1.776200000000000045e+01,5.561212717882774549e-04
1.776399999999999935e+01,5.561921928364778550e-04
1.776600000000000179e+01,5.562631138829628305e-04
1.776800000000000068e+01,5.563340349277328149e-04
1.776999999999999957e+01,5.564049559707860736e-04
1.777200000000000202e+01,5.564758770121241245e-04
1.777400000000000091e+01,5.565467980517452328e-04
1.777599999999999980e+01,5.566177190896511333e-04
1.777799999999999869e+01,5.566886401258407417e-04
1.778000000000000114e+01,5.567595611603154675e-04
1.778200000000000003e+01,5.568304821930733593e-04
1.778399999999999892e+01,5.569014032241161516e-04
1.778600000000000136e+01,5.569723242534431939e-04
1.778800000000000026e+01,5.570432452810538358e-04
1.778999999999999915e+01,5.571141663069486194e-04
1.779200000000000159e+01,5.571850873311273277e-04
1.779400000000000048e+01,5.572560083535905030e-04
1.779599999999999937e+01,5.573269293743373862e-04
1.779800000000000182e+01,5.573978503933697121e-04
1.780000000000000071e+01,5.574687714106853122e-04
1.780199999999999960e+01,5.575396924262850541e-04
1.780400000000000205e+01,5.576106134401692628e-04
1.780600000000000094e+01,5.576815344523375047e-04
1.780799999999999983e+01,5.577524554627893462e-04
1.780999999999999872e+01,5.578233764715256546e-04
1.781200000000000117e+01,5.578942974785459962e-04
1.781400000000000006e+01,5.579652184838508047e-04
1.781599999999999895e+01,5.580361394874394296e-04
1.781800000000000139e+01,5.581070604893116540e-04
1.782000000000000028e+01,5.581779814894678032e-04
1.782199999999999918e+01,5.582489024879085278e-04
1.782400000000000162e+01,5.583198234846332856e-04
1.782600000000000051e+01,5.583907444796432692e-04
1.782799999999999940e+01,5.584616654729366355e-04
1.783000000000000185e+01,5.585325864645129508e-04
1.783200000000000074e+01,5.586035074543743836e-04
1.783399999999999963e+01,5.586744284425195243e-04
1.783600000000000207e+01,5.587453494289480477e-04
1.783800000000000097e+01,5.588162704136616886e-04
1.783999999999999986e+01,5.588871913966588206e-04
1.784199999999999875e+01,5.589581123779406363e-04
1.784400000000000119e+01,5.590290333575061599e-04
1.784600000000000009e+01,5.590999543353556084e-04
1.784799999999999898e+01,5.591708753114901743e-04
1.785000000000000142e+01,5.592417962859075808e-04
1.785200000000000031e+01,5.593127172586091289e-04
1.785399999999999920e+01,5.593836382295949271e-04
1.785600000000000165e+01,5.594545591988642165e-04
1.785800000000000054e+01,5.595254801664181895e-04
1.785999999999999943e+01,5.595964011322564127e-04
1.786200000000000188e+01,5.596673220963784522e-04
1.786400000000000077e+01,5.597382430587841996e-04
1.786599999999999966e+01,5.598091640194744140e-04
1.786800000000000210e+01,5.598800849784485532e-04
1.787000000000000099e+01,5.599510059357066171e-04
1.787199999999999989e+01,5.600219268912487143e-04
1.787399999999999878e+01,5.600928478450752784e-04
1.787600000000000122e+01,5.601637687971850084e-04
1.787800000000000011e+01,5.602346897475792053e-04
1.787999999999999901e+01,5.603056106962571101e-04
1.788200000000000145e+01,5.603765316432195902e-04
1.788400000000000034e+01,5.604474525884658867e-04
1.788599999999999923e+01,5.605183735319963249e-04
1.788800000000000168e+01,5.605892944738100373e-04
1.789000000000000057e+01,5.606602154139087588e-04
1.789199999999999946e+01,5.607311363522907545e-04
1.789400000000000190e+01,5.608020572889570003e-04
1.789600000000000080e+01,5.608729782239073878e-04
1.789799999999999969e+01,5.609438991571411579e-04
1.790000000000000213e+01,5.610148200886597202e-04
1.790200000000000102e+01,5.610857410184614483e-04
1.790399999999999991e+01,5.611566619465471013e-04
1.790599999999999881e+01,5.612275828729167875e-04
1.790800000000000125e+01,5.612985037975709406e-04
1.791000000000000014e+01,5.613694247205082595e-04
1.791199999999999903e+01,5.614403456417299369e-04
1.791400000000000148e+01,5.615112665612360813e-04
1.791600000000000037e+01,5.615821874790263672e-04
1.791799999999999926e+01,5.616531083950999275e-04
1.792000000000000171e+01,5.617240293094576294e-04
1.792200000000000060e+01,5.617949502220988224e-04
1.792399999999999949e+01,5.618658711330240486e-04
1.792600000000000193e+01,5.619367920422335249e-04
1.792800000000000082e+01,5.620077129497266007e-04
1.792999999999999972e+01,5.620786338555037098e-04
1.793199999999999861e+01,5.621495547595643100e-04
1.793400000000000105e+01,5.622204756619094855e-04
1.793599999999999994e+01,5.622913965625386942e-04
1.793799999999999883e+01,5.623623174614519361e-04
1.794000000000000128e+01,5.624332383586484524e-04
1.794200000000000017e+01,5.625041592541285681e-04
1.794399999999999906e+01,5.625750801478934760e-04
1.794600000000000151e+01,5.626460010399419835e-04
1.794800000000000040e+01,5.627169219302740905e-04
1.794999999999999929e+01,5.627878428188914234e-04
1.795200000000000173e+01,5.628587637057917053e-04
1.795400000000000063e+01,5.629296845909753698e-04
1.795599999999999952e+01,5.630006054744435013e-04
1.795800000000000196e+01,5.630715263561957744e-04
1.796000000000000085e+01,5.631424472362311050e-04
1.796199999999999974e+01,5.632133681145503603e-04
1.796399999999999864e+01,5.632842889911537573e-04
1.796600000000000108e+01,5.633552098660409707e-04
1.796799999999999997e+01,5.634261307392115668e-04
1.796999999999999886e+01,5.634970516106667382e-04
1.797200000000000131e+01,5.635679724804054007e-04
1.797400000000000020e+01,5.636388933484277712e-04
1.797599999999999909e+01,5.637098142147346086e-04
1.797800000000000153e+01,5.637807350793247203e-04
1.798000000000000043e+01,5.638516559421994073e-04
1.798199999999999932e+01,5.639225768033570433e-04
1.798400000000000176e+01,5.639934976627990378e-04
1.798600000000000065e+01,5.640644185205244149e-04
1.798799999999999955e+01,5.641353393765337169e-04
1.799000000000000199e+01,5.642062602308274858e-04
1.799200000000000088e+01,5.642771810834044206e-04
1.799399999999999977e+01,5.643481019342658223e-04
1.799599999999999866e+01,5.644190227834110403e-04
1.799800000000000111e+01,5.644899436308397495e-04
1.800000000000000000e+01,5.645608644765524918e-04
1.800199999999999889e+01,5.646317853205484001e-04
1.800400000000000134e+01,5.647027061628287752e-04
1.800600000000000023e+01,5.647736270033927499e-04
1.800799999999999912e+01,5.648445478422408662e-04
1.801000000000000156e+01,5.649154686793729074e-04
1.801200000000000045e+01,5.649863895147884396e-04
1.801399999999999935e+01,5.650573103484880051e-04
1.801600000000000179e+01,5.651282311804706280e-04
1.801800000000000068e+01,5.651991520107369589e-04
1.801999999999999957e+01,5.652700728392879735e-04
1.802200000000000202e+01,5.653409936661226961e-04
1.802400000000000091e+01,5.654119144912403677e-04
1.802599999999999980e+01,5.654828353146428314e-04
1.802799999999999869e+01,5.655537561363283526e-04
1.803000000000000114e+01,5.656246769562982323e-04
1.803200000000000003e+01,5.656955977745517115e-04
1.803399999999999892e+01,5.657665185910892239e-04
1.803600000000000136e+01,5.658374394059101191e-04
1.803800000000000026e+01,5.659083602190145054e-04
1.803999999999999915e+01,5.659792810304033585e-04
1.804200000000000159e+01,5.660502018400750523e-04
1.804400000000000048e+01,5.661211226480311045e-04
1.804599999999999937e+01,5.661920434542703226e-04
1.804800000000000182e+01,5.662629642587930319e-04
1.805000000000000071e+01,5.663338850616000996e-04
1.805199999999999960e+01,5.664048058626904416e-04
1.805400000000000205e+01,5.664757266620653589e-04
1.805600000000000094e+01,5.665466474597234420e-04
1.805799999999999983e+01,5.666175682556649079e-04
1.805999999999999872e+01,5.666884890498908407e-04
1.806200000000000117e+01,5.667594098423998309e-04
1.806400000000000006e+01,5.668303306331918786e-04
1.806599999999999895e+01,5.669012514222686100e-04
1.806800000000000139e+01,5.669721722096285072e-04
1.807000000000000028e+01,5.670430929952729798e-04
1.807199999999999918e+01,5.671140137792007267e-04
1.807400000000000162e+01,5.671849345614118562e-04
1.807600000000000051e+01,5.672558553419063685e-04
1.807799999999999940e+01,5.673267761206858897e-04
1.808000000000000185e+01,5.673976968977485769e-04
1.808200000000000074e+01,5.674686176730942130e-04
1.808399999999999963e+01,5.675395384467240992e-04
1.808600000000000207e+01,5.676104592186374765e-04
1.808800000000000097e+01,5.676813799888345618e-04
1.808999999999999986e+01,5.677523007573167645e-04
1.809199999999999875e+01,5.678232215240814826e-04
1.809400000000000119e+01,5.678941422891300170e-04
1.809600000000000009e+01,5.679650630524622594e-04
1.809799999999999898e+01,5.680359838140781013e-04
1.810000000000000142e+01,5.681069045739767839e-04
1.810200000000000031e+01,5.681778253321592828e-04
1.810399999999999920e+01,5.682487460886259233e-04
1.810600000000000165e+01,5.683196668433771392e-04
1.810800000000000054e+01,5.683905875964105452e-04
1.810999999999999943e+01,5.684615083477279843e-04
1.811200000000000188e+01,5.685324290973292399e-04
1.811400000000000077e+01,5.686033498452134445e-04
1.811599999999999966e+01,5.686742705913823328e-04
1.811800000000000210e+01,5.687451913358350375e-04
1.812000000000000099e+01,5.688161120785704744e-04
1.812199999999999989e+01,5.688870328195895108e-04
1.812399999999999878e+01,5.689579535588922552e-04
1.812600000000000122e+01,5.690288742964772981e-04
1.812800000000000011e+01,5.690997950323473499e-04
1.812999999999999901e+01,5.691707157665010014e-04
1.813200000000000145e+01,5.692416364989385776e-04
1.813400000000000034e+01,5.693125572296596449e-04
1.813599999999999923e+01,5.693834779586648539e-04
1.813800000000000168e+01,5.694543986859526867e-04
1.814000000000000057e+01,5.695253194115241190e-04
1.814199999999999946e+01,5.695962401353798013e-04
1.814400000000000190e+01,5.696671608575184327e-04
1.814600000000000080e+01,5.697380815779404467e-04
1.814799999999999969e+01,5.698090022966461688e-04
1.815000000000000213e+01,5.698799230136357072e-04
1.815200000000000102e+01,5.699508437289090620e-04
1.815399999999999991e+01,5.700217644424659079e-04
1.815599999999999881e+01,5.700926851543071123e-04
1.815800000000000125e+01,5.701636058644309404e-04
1.816000000000000014e+01,5.702345265728390187e-04
1.816199999999999903e+01,5.703054472795301543e-04
1.816400000000000148e+01,5.703763679845045642e-04
1.816600000000000037e+01,5.704472886877631158e-04
1.816799999999999926e+01,5.705182093893048333e-04
1.817000000000000171e+01,5.705891300891301502e-04
1.817200000000000060e+01,5.706600507872390668e-04
1.817399999999999949e+01,5.707309714836317997e-04
1.817600000000000193e+01,5.708018921783079153e-04
1.817800000000000082e+01,5.708728128712674136e-04
1.817999999999999972e+01,5.709437335625108367e-04
1.818199999999999861e+01,5.710146542520368835e-04
1.818400000000000105e+01,5.710855749398469636e-04
1.818599999999999994e+01,5.711564956259401011e-04
1.818799999999999883e+01,5.712274163103170550e-04
1.819000000000000128e+01,5.712983369929784758e-04
1.819200000000000017e+01,5.713692576739227372e-04
1.819399999999999906e+01,5.714401783531511403e-04
1.819600000000000151e+01,5.715110990306623839e-04
1.819800000000000040e+01,5.715820197064571187e-04
1.819999999999999929e+01,5.716529403805349109e-04
1.820200000000000173e+01,5.717238610528965195e-04
1.820400000000000063e+01,5.717947817235421613e-04
1.820599999999999952e+01,5.718657023924710774e-04
1.820800000000000196e+01,5.719366230596833762e-04
1.821000000000000085e+01,5.720075437251791661e-04
1.821199999999999974e+01,5.720784643889583387e-04
1.821399999999999864e+01,5.721493850510207856e-04
1.821600000000000108e+01,5.722203057113670489e-04
1.821799999999999997e+01,5.722912263699969117e-04
1.821999999999999886e+01,5.723621470269097235e-04
1.822200000000000131e+01,5.724330676821058096e-04
1.822400000000000020e+01,5.725039883355857121e-04
1.822599999999999909e+01,5.725749089873487805e-04
1.822800000000000153e+01,5.726458296373965326e-04
1.823000000000000043e+01,5.727167502857265832e-04
1.823199999999999932e+01,5.727876709323408838e-04
1.823400000000000176e+01,5.728585915772380251e-04
1.823600000000000065e+01,5.729295122204183322e-04
1.823799999999999955e+01,5.730004328618823473e-04
1.824000000000000199e+01,5.730713535016297450e-04
1.824200000000000088e+01,5.731422741396607424e-04
1.824399999999999977e+01,5.732131947759751224e-04
1.824599999999999866e+01,5.732841154105729935e-04
1.824800000000000111e+01,5.733550360434540305e-04
1.825000000000000000e+01,5.734259566746193176e-04
1.825199999999999889e+01,5.734968773040675536e-04
1.825400000000000134e+01,5.735677979317993893e-04
1.825600000000000023e+01,5.736387185578147160e-04
1.825799999999999912e+01,5.737096391821132086e-04
1.826000000000000156e+01,5.737805598046954092e-04
1.826200000000000045e+01,5.738514804255608840e-04
1.826399999999999935e+01,5.739224010447097415e-04
1.826600000000000179e+01,5.739933216621420902e-04
1.826800000000000068e+01,5.740642422778576047e-04
1.826999999999999957e+01,5.741351628918574777e-04
1.827200000000000202e+01,5.742060835041393240e-04
1.827400000000000091e+01,5.742770041147052034e-04
1.827599999999999980e+01,5.743479247235535982e-04
1.827799999999999869e+01,5.744188453306859178e-04
1.828000000000000114e+01,5.744897659361019454e-04
1.828200000000000003e+01,5.745606865398009220e-04
1.828399999999999892e+01,5.746316071417839318e-04
1.828600000000000136e+01,5.747025277420497822e-04
1.828800000000000026e+01,5.747734483405983648e-04
1.828999999999999915e+01,5.748443689374305469e-04
1.829200000000000159e+01,5.749152895325469791e-04
1.829400000000000048e+01,5.749862101259467940e-04
1.829599999999999937e+01,5.750571307176302084e-04
1.829800000000000182e+01,5.751280513075960298e-04
1.830000000000000071e+01,5.751989718958454506e-04
1.830199999999999960e+01,5.752698924823789048e-04
1.830400000000000205e+01,5.753408130671948742e-04
1.830600000000000094e+01,5.754117336502941179e-04
1.830799999999999983e+01,5.754826542316772865e-04
1.830999999999999872e+01,5.755535748113441629e-04
1.831200000000000117e+01,5.756244953892939884e-04
1.831400000000000006e+01,5.756954159655270882e-04
1.831599999999999895e+01,5.757663365400432455e-04
1.831800000000000139e+01,5.758372571128426770e-04
1.832000000000000028e+01,5.759081776839248407e-04
1.832199999999999918e+01,5.759790982532903870e-04
1.832400000000000162e+01,5.760500188209400751e-04
1.832600000000000051e+01,5.761209393868730374e-04
1.832799999999999940e+01,5.761918599510890571e-04
1.833000000000000185e+01,5.762627805135883512e-04
1.833200000000000074e+01,5.763337010743711363e-04
1.833399999999999963e+01,5.764046216334375210e-04
1.833600000000000207e+01,5.764755421907858789e-04
1.833800000000000097e+01,5.765464627464184869e-04
1.833999999999999986e+01,5.766173833003339355e-04
1.834199999999999875e+01,5.766883038525332005e-04
1.834400000000000119e+01,5.767592244030160650e-04
1.834600000000000009e+01,5.768301449517813364e-04
1.834799999999999898e+01,5.769010654988300990e-04
1.835000000000000142e+01,5.769719860441622442e-04
1.835200000000000031e+01,5.770429065877776638e-04
1.835399999999999920e+01,5.771138271296771165e-04
1.835600000000000165e+01,5.771847476698586509e-04
1.835800000000000054e+01,5.772556682083240017e-04
1.835999999999999943e+01,5.773265887450726268e-04
1.836200000000000188e+01,5.773975092801036588e-04
1.836400000000000077e+01,5.774684298134177482e-04
1.836599999999999966e+01,5.775393503450157624e-04
1.836800000000000210e+01,5.776102708748970509e-04
1.837000000000000099e+01,5.776811914030624811e-04
1.837199999999999989e+01,5.777521119295104266e-04
1.837399999999999878e+01,5.778230324542409958e-04
1.837600000000000122e+01,5.778939529772547309e-04
1.837800000000000011e+01,5.779648734985527161e-04
1.837999999999999901e+01,5.780357940181323493e-04
1.838200000000000145e+01,5.781067145359968830e-04
1.838400000000000034e+01,5.781776350521445826e-04
1.838599999999999923e+01,5.782485555665746891e-04
1.838800000000000168e+01,5.783194760792886120e-04
1.839000000000000057e+01,5.783903965902854839e-04
1.839199999999999946e+01,5.784613170995655217e-04
1.839400000000000190e+01,5.785322376071289421e-04
1.839600000000000080e+01,5.786031581129754200e-04
1.839799999999999969e+01,5.786740786171061480e-04
1.840000000000000213e+01,5.787449991195189576e-04
1.840200000000000102e+01,5.788159196202138489e-04
1.840399999999999991e+01,5.788868401191930987e-04
1.840599999999999881e+01,5.789577606164557312e-04
1.840800000000000125e+01,5.790286811120020716e-04
1.841000000000000014e+01,5.790996016058307105e-04
1.841199999999999903e+01,5.791705220979422985e-04
1.841400000000000148e+01,5.792414425883371607e-04
1.841600000000000037e+01,5.793123630770154056e-04
1.841799999999999926e+01,5.793832835639765996e-04
1.842000000000000171e+01,5.794542040492216099e-04
1.842200000000000060e+01,5.795251245327495693e-04
1.842399999999999949e+01,5.795960450145601524e-04
1.842600000000000193e+01,5.796669654946547687e-04
1.842800000000000082e+01,5.797378859730317920e-04
1.842999999999999972e+01,5.798088064496923063e-04
1.843200000000000216e+01,5.798797269246347939e-04
1.843400000000000105e+01,5.799506473978615316e-04
1.843599999999999994e+01,5.800215678693707846e-04
1.843799999999999883e+01,5.800924883391630951e-04
1.844000000000000128e+01,5.801634088072385714e-04
1.844200000000000017e+01,5.802343292735973219e-04
1.844399999999999906e+01,5.803052497382396721e-04
1.844600000000000151e+01,5.803761702011652965e-04
1.844800000000000040e+01,5.804470906623741952e-04
1.844999999999999929e+01,5.805180111218657176e-04
1.845200000000000173e+01,5.805889315796402975e-04
1.845400000000000063e+01,5.806598520356983685e-04
1.845599999999999952e+01,5.807307724900384127e-04
1.845800000000000196e+01,5.808016929426625986e-04
1.846000000000000085e+01,5.808726133935700588e-04
1.846199999999999974e+01,5.809435338427606848e-04
1.846399999999999864e+01,5.810144542902338262e-04
1.846600000000000108e+01,5.810853747359903503e-04
1.846799999999999997e+01,5.811562951800296065e-04
1.846999999999999886e+01,5.812272156223520286e-04
1.847200000000000131e+01,5.812981360629579418e-04
1.847400000000000020e+01,5.813690565018465872e-04
1.847599999999999909e+01,5.814399769390186153e-04
1.847800000000000153e+01,5.815108973744738093e-04
1.848000000000000043e+01,5.815818178082113018e-04
1.848199999999999932e+01,5.816527382402319601e-04
1.848400000000000176e+01,5.817236586705361095e-04
1.848600000000000065e+01,5.817945790991239669e-04
1.848799999999999955e+01,5.818654995259939060e-04
1.849000000000000199e+01,5.819364199511475530e-04
1.849200000000000088e+01,5.820073403745843659e-04
1.849399999999999977e+01,5.820782607963040194e-04
1.849599999999999866e+01,5.821491812163066219e-04
1.849800000000000111e+01,5.822201016345921734e-04
1.850000000000000000e+01,5.822910220511605655e-04
1.850199999999999889e+01,5.823619424660123403e-04
1.850400000000000134e+01,5.824328628791471726e-04
1.850600000000000023e+01,5.825037832905646286e-04
1.850799999999999912e+01,5.825747037002655757e-04
1.851000000000000156e+01,5.826456241082491466e-04
1.851200000000000045e+01,5.827165445145158834e-04
1.851399999999999935e+01,5.827874649190658944e-04
1.851600000000000179e+01,5.828583853218986376e-04
1.851800000000000068e+01,5.829293057230142214e-04
1.851999999999999957e+01,5.830002261224130795e-04
1.852200000000000202e+01,5.830711465200946698e-04
1.852400000000000091e+01,5.831420669160594259e-04
1.852599999999999980e+01,5.832129873103077816e-04
1.852799999999999869e+01,5.832839077028385442e-04
1.853000000000000114e+01,5.833548280936524727e-04
1.853200000000000003e+01,5.834257484827486996e-04
1.853399999999999892e+01,5.834966688701276587e-04
1.853600000000000136e+01,5.835675892557906511e-04
1.853800000000000026e+01,5.836385096397353998e-04
1.853999999999999915e+01,5.837094300219638566e-04
1.854200000000000159e+01,5.837803504024755875e-04
1.854400000000000048e+01,5.838512707812703760e-04
1.854599999999999937e+01,5.839221911583483303e-04
1.854800000000000182e+01,5.839931115337083662e-04
1.855000000000000071e+01,5.840640319073517849e-04
1.855199999999999960e+01,5.841349522792786946e-04
1.855400000000000205e+01,5.842058726494879029e-04
1.855600000000000094e+01,5.842767930179798433e-04
1.855799999999999983e+01,5.843477133847551665e-04
1.855999999999999872e+01,5.844186337498138723e-04
1.856200000000000117e+01,5.844895541131544430e-04
1.856400000000000006e+01,5.845604744747785048e-04
1.856599999999999895e+01,5.846313948346857324e-04
1.856800000000000139e+01,5.847023151928747164e-04
1.857000000000000028e+01,5.847732355493478421e-04
1.857199999999999918e+01,5.848441559041034831e-04
1.857400000000000162e+01,5.849150762571422900e-04
1.857600000000000051e+01,5.849859966084640459e-04
1.857799999999999940e+01,5.850569169580683172e-04
1.858000000000000185e+01,5.851278373059558627e-04
1.858200000000000074e+01,5.851987576521266825e-04
1.858399999999999963e+01,5.852696779965801260e-04
1.858600000000000207e+01,5.853405983393161933e-04
1.858800000000000097e+01,5.854115186803355349e-04
1.858999999999999986e+01,5.854824390196373919e-04
1.859199999999999875e+01,5.855533593572221978e-04
1.859400000000000119e+01,5.856242796930896275e-04
1.859600000000000009e+01,5.856952000272401147e-04
1.859799999999999898e+01,5.857661203596732256e-04
1.860000000000000142e+01,5.858370406903888519e-04
1.860200000000000031e+01,5.859079610193889450e-04
1.860399999999999920e+01,5.859788813466700356e-04
1.860600000000000165e+01,5.860498016722347258e-04
1.860800000000000054e+01,5.861207219960827986e-04
1.860999999999999943e+01,5.861916423182132784e-04
1.861200000000000188e+01,5.862625626386270324e-04
1.861400000000000077e+01,5.863334829573233018e-04
1.861599999999999966e+01,5.864044032743024118e-04
1.861800000000000210e+01,5.864753235895642540e-04
1.862000000000000099e+01,5.865462439031092620e-04
1.862199999999999989e+01,5.866171642149371106e-04
1.862399999999999878e+01,5.866880845250470409e-04
1.862600000000000122e+01,5.867590048334408960e-04
1.862800000000000011e+01,5.868299251401167243e-04
1.862999999999999901e+01,5.869008454450751764e-04
1.863200000000000145e+01,5.869717657483173364e-04
1.863400000000000034e+01,5.870426860498423370e-04
1.863599999999999923e+01,5.871136063496498530e-04
1.863800000000000168e+01,5.871845266477399928e-04
1.864000000000000057e+01,5.872554469441132984e-04
1.864199999999999946e+01,5.873263672387685772e-04
1.864400000000000190e+01,5.873972875317074556e-04
1.864600000000000080e+01,5.874682078229298251e-04
1.864799999999999969e+01,5.875391281124342762e-04
1.865000000000000213e+01,5.876100484002217848e-04
1.865200000000000102e+01,5.876809686862920256e-04
1.865399999999999991e+01,5.877518889706446733e-04
1.865599999999999881e+01,5.878228092532799447e-04
1.865800000000000125e+01,5.878937295341985989e-04
1.866000000000000014e+01,5.879646498134005273e-04
1.866199999999999903e+01,5.880355700908849710e-04
1.866400000000000148e+01,5.881064903666514965e-04
1.866600000000000037e+01,5.881774106407010793e-04
1.866799999999999926e+01,5.882483309130335028e-04
1.867000000000000171e+01,5.883192511836484416e-04
1.867200000000000060e+01,5.883901714525460042e-04
1.867399999999999949e+01,5.884610917197261905e-04
1.867600000000000193e+01,5.885320119851894342e-04
1.867800000000000082e+01,5.886029322489358439e-04
1.867999999999999972e+01,5.886738525109644436e-04
1.868200000000000216e+01,5.887447727712762091e-04
1.868400000000000105e+01,5.888156930298702732e-04
1.868599999999999994e+01,5.888866132867475031e-04
1.868799999999999883e+01,5.889575335419080073e-04
1.869000000000000128e+01,5.890284537953509184e-04
1.869200000000000017e+01,5.890993740470767785e-04
1.869399999999999906e+01,5.891702942970846119e-04
1.869600000000000151e+01,5.892412145453755027e-04
1.869800000000000040e+01,5.893121347919494510e-04
1.869999999999999929e+01,5.893830550368058061e-04
1.870200000000000173e+01,5.894539752799445682e-04
1.870400000000000063e+01,5.895248955213664961e-04
1.870599999999999952e+01,5.895958157610711563e-04
1.870800000000000196e+01,5.896667359990581149e-04
1.871000000000000085e+01,5.897376562353278057e-04
1.871199999999999974e+01,5.898085764698801203e-04
1.871399999999999864e+01,5.898794967027157091e-04
1.871600000000000108e+01,5.899504169338335964e-04
1.871799999999999997e+01,5.900213371632347581e-04
1.871999999999999886e+01,5.900922573909176761e-04
1.872200000000000131e+01,5.901631776168836515e-04
1.872400000000000020e+01,5.902340978411321423e-04
1.872599999999999909e+01,5.903050180636634737e-04
1.872800000000000153e+01,5.903759382844772120e-04
1.873000000000000043e+01,5.904468585035736825e-04
1.873199999999999932e+01,5.905177787209538610e-04
1.873400000000000176e+01,5.905886989366165548e-04
1.873600000000000065e+01,5.906596191505610050e-04
1.873799999999999955e+01,5.907305393627890547e-04
1.874000000000000199e+01,5.908014595732994029e-04
1.874200000000000088e+01,5.908723797820921581e-04
1.874399999999999977e+01,5.909432999891674285e-04
1.874599999999999866e+01,5.910142201945251059e-04
1.874800000000000111e+01,5.910851403981659492e-04
1.875000000000000000e+01,5.911560606000895246e-04
1.875199999999999889e+01,5.912269808002953986e-04
1.875400000000000134e+01,5.912979009987842215e-04
1.875600000000000023e+01,5.913688211955556683e-04
1.875799999999999912e+01,5.914397413906099556e-04
1.876000000000000156e+01,5.915106615839466498e-04
1.876200000000000045e+01,5.915815817755655341e-04
1.876399999999999935e+01,5.916525019654678011e-04
1.876600000000000179e+01,5.917234221536528003e-04
1.876800000000000068e+01,5.917943423401199896e-04
1.876999999999999957e+01,5.918652625248695858e-04
1.877200000000000202e+01,5.919361827079025647e-04
1.877400000000000091e+01,5.920071028892175168e-04
1.877599999999999980e+01,5.920780230688148758e-04
1.877799999999999869e+01,5.921489432466948586e-04
1.878000000000000114e+01,5.922198634228581157e-04
1.878200000000000003e+01,5.922907835973035629e-04
1.878399999999999892e+01,5.923617037700313085e-04
1.878600000000000136e+01,5.924326239410411359e-04
1.878800000000000026e+01,5.925035441103345627e-04
1.878999999999999915e+01,5.925744642779105049e-04
1.879200000000000159e+01,5.926453844437687456e-04
1.879400000000000048e+01,5.927163046079095016e-04
1.879599999999999937e+01,5.927872247703323393e-04
1.879800000000000182e+01,5.928581449310383429e-04
1.880000000000000071e+01,5.929290650900271870e-04
1.880199999999999960e+01,5.929999852472986549e-04
1.880400000000000205e+01,5.930709054028525298e-04
1.880600000000000094e+01,5.931418255566883778e-04
1.880799999999999983e+01,5.932127457088075002e-04
1.880999999999999872e+01,5.932836658592091379e-04
1.881200000000000117e+01,5.933545860078925319e-04
1.881400000000000006e+01,5.934255061548592003e-04
1.881599999999999895e+01,5.934964263001087093e-04
1.881800000000000139e+01,5.935673464436407335e-04
1.882000000000000028e+01,5.936382665854550563e-04
1.882199999999999918e+01,5.937091867255520029e-04
1.882400000000000162e+01,5.937801068639305974e-04
1.882600000000000051e+01,5.938510270005921410e-04
1.882799999999999940e+01,5.939219471355357662e-04
1.883000000000000185e+01,5.939928672687627741e-04
1.883200000000000074e+01,5.940637874002717552e-04
1.883399999999999963e+01,5.941347075300636854e-04
1.883600000000000207e+01,5.942056276581382393e-04
1.883800000000000097e+01,5.942765477844949833e-04
1.883999999999999986e+01,5.943474679091342427e-04
1.884199999999999875e+01,5.944183880320563426e-04
1.884400000000000119e+01,5.944893081532600905e-04
1.884600000000000009e+01,5.945602282727470043e-04
1.884799999999999898e+01,5.946311483905159997e-04
1.885000000000000142e+01,5.947020685065671853e-04
1.885200000000000031e+01,5.947729886209014282e-04
1.885399999999999920e+01,5.948439087335178612e-04
1.885600000000000165e+01,5.949148288444167012e-04
1.885800000000000054e+01,5.949857489535987070e-04
1.885999999999999943e+01,5.950566690610629029e-04
1.886200000000000188e+01,5.951275891668098309e-04
1.886400000000000077e+01,5.951985092708388407e-04
1.886599999999999966e+01,5.952694293731505826e-04
1.886800000000000210e+01,5.953403494737446230e-04
1.887000000000000099e+01,5.954112695726216124e-04
1.887199999999999989e+01,5.954821896697805751e-04
1.887399999999999878e+01,5.955531097652217278e-04
1.887600000000000122e+01,5.956240298589456127e-04
1.887800000000000011e+01,5.956949499509521214e-04
1.887999999999999901e+01,5.957658700412404949e-04
1.888200000000000145e+01,5.958367901298110584e-04
1.888400000000000034e+01,5.959077102166641373e-04
1.888599999999999923e+01,5.959786303018001653e-04
1.888800000000000168e+01,5.960495503852184917e-04
1.889000000000000057e+01,5.961204704669191166e-04
1.889199999999999946e+01,5.961913905469020400e-04
1.889400000000000190e+01,5.962623106251672619e-04
1.889600000000000080e+01,5.963332307017154329e-04
1.889799999999999969e+01,5.964041507765462276e-04
1.890000000000000213e+01,5.964750708496587787e-04
1.890200000000000102e+01,5.965459909210543872e-04
1.890399999999999991e+01,5.966169109907322942e-04
1.890599999999999881e+01,5.966878310586922829e-04
1.890800000000000125e+01,5.967587511249353291e-04
1.891000000000000014e+01,5.968296711894608905e-04
1.891199999999999903e+01,5.969005912522679915e-04
1.891400000000000148e+01,5.969715113133577163e-04
1.891600000000000037e+01,5.970424313727297396e-04
1.891799999999999926e+01,5.971133514303843867e-04
1.892000000000000171e+01,5.971842714863218743e-04
1.892200000000000060e+01,5.972551915405406846e-04
1.892399999999999949e+01,5.973261115930420103e-04
1.892600000000000193e+01,5.973970316438260682e-04
1.892800000000000082e+01,5.974679516928923162e-04
1.892999999999999972e+01,5.975388717402414047e-04
1.893200000000000216e+01,5.976097917858725749e-04
1.893400000000000105e+01,5.976807118297858268e-04
1.893599999999999994e+01,5.977516318719818108e-04
1.893799999999999883e+01,5.978225519124597681e-04
1.894000000000000128e+01,5.978934719512203491e-04
1.894200000000000017e+01,5.979643919882636624e-04
1.894399999999999906e+01,5.980353120235888404e-04
1.894600000000000151e+01,5.981062320571961001e-04
1.894800000000000040e+01,5.981771520890864172e-04
1.894999999999999929e+01,5.982480721192591413e-04
1.895200000000000173e+01,5.983189921477138386e-04
1.895400000000000063e+01,5.983899121744502923e-04
1.895599999999999952e+01,5.984608321994696950e-04
1.895800000000000196e+01,5.985317522227717214e-04
1.896000000000000085e+01,5.986026722443550706e-04
1.896199999999999974e+01,5.986735922642221278e-04
1.896399999999999864e+01,5.987445122823701824e-04
1.896600000000000108e+01,5.988154322988005355e-04
1.896799999999999997e+01,5.988863523135139460e-04
1.896999999999999886e+01,5.989572723265091129e-04
1.897200000000000131e+01,5.990281923377867952e-04
1.897400000000000020e+01,5.990991123473463423e-04
1.897599999999999909e+01,5.991700323551894889e-04
1.897800000000000153e+01,5.992409523613143919e-04
1.898000000000000043e+01,5.993118723657210514e-04
1.898199999999999932e+01,5.993827923684100093e-04
1.898400000000000176e+01,5.994537123693811573e-04
1.898600000000000065e+01,5.995246323686344954e-04
1.898799999999999955e+01,5.995955523661706740e-04
1.899000000000000199e+01,5.996664723619886091e-04
1.899200000000000088e+01,5.997373923560900353e-04
1.899399999999999977e+01,5.998083123484727842e-04
1.899599999999999866e+01,5.998792323391382653e-04
1.899800000000000111e+01,5.999501523280853944e-04
1.900000000000000000e+01,6.000210723153153640e-04
1.900199999999999889e+01,6.000919923008274154e-04
1.900400000000000134e+01,6.001629122846211147e-04
1.900600000000000023e+01,6.002338322666974377e-04
1.900799999999999912e+01,6.003047522470562761e-04
1.901000000000000156e+01,6.003756722256978467e-04
1.901200000000000045e+01,6.004465922026209568e-04
1.901399999999999935e+01,6.005175121778269075e-04
1.901600000000000179e+01,6.005884321513145063e-04
1.901800000000000068e+01,6.006593521230846203e-04
1.901999999999999957e+01,6.007302720931363823e-04
1.902200000000000202e+01,6.008011920614707681e-04
1.902400000000000091e+01,6.008721120280870187e-04
1.902599999999999980e+01,6.009430319929858931e-04
1.902799999999999869e+01,6.010139519561668491e-04
1.903000000000000114e+01,6.010848719176294531e-04
1.903200000000000003e+01,6.011557918773742471e-04
1.903399999999999892e+01,6.012267118354023155e-04
1.903600000000000136e+01,6.012976317917118150e-04
1.903800000000000026e+01,6.013685517463028540e-04
1.903999999999999915e+01,6.014394716991760832e-04
1.904200000000000159e+01,6.015103916503325866e-04
1.904400000000000048e+01,6.015813115997712800e-04
1.904599999999999937e+01,6.016522315474920552e-04
1.904800000000000182e+01,6.017231514934951288e-04
1.905000000000000071e+01,6.017940714377800673e-04
1.905199999999999960e+01,6.018649913803469790e-04
1.905400000000000205e+01,6.019359113211965144e-04
1.905600000000000094e+01,6.020068312603284568e-04
1.905799999999999983e+01,6.020777511977423724e-04
1.905999999999999872e+01,6.021486711334371770e-04
1.906200000000000117e+01,6.022195910674153644e-04
1.906400000000000006e+01,6.022905109996756334e-04
1.906599999999999895e+01,6.023614309302179840e-04
1.906800000000000139e+01,6.024323508590426332e-04
1.907000000000000028e+01,6.025032707861494724e-04
1.907199999999999918e+01,6.025741907115383933e-04
1.907400000000000162e+01,6.026451106352090706e-04
1.907600000000000051e+01,6.027160305571621548e-04
1.907799999999999940e+01,6.027869504773968870e-04
1.908000000000000185e+01,6.028578703959143513e-04
1.908200000000000074e+01,6.029287903127133552e-04
1.908399999999999963e+01,6.029997102277950913e-04
1.908600000000000207e+01,6.030706301411583670e-04
1.908800000000000097e+01,6.031415500528040496e-04
1.908999999999999986e+01,6.032124699627321391e-04
1.909199999999999875e+01,6.032833898709419850e-04
1.909400000000000119e+01,6.033543097774352135e-04
1.909600000000000009e+01,6.034252296822100901e-04
1.909799999999999898e+01,6.034961495852662894e-04
1.910000000000000142e+01,6.035670694866046787e-04
1.910200000000000031e+01,6.036379893862251498e-04
1.910399999999999920e+01,6.037089092841279193e-04
1.910600000000000165e+01,6.037798291803133125e-04
1.910800000000000054e+01,6.038507490747803538e-04
1.910999999999999943e+01,6.039216689675285009e-04
1.911200000000000188e+01,6.039925888585601392e-04
1.911400000000000077e+01,6.040635087478728833e-04
1.911599999999999966e+01,6.041344286354685764e-04
1.911800000000000210e+01,6.042053485213457007e-04
1.912000000000000099e+01,6.042762684055051235e-04
1.912199999999999989e+01,6.043471882879465195e-04
1.912399999999999878e+01,6.044181081686709730e-04
1.912600000000000122e+01,6.044890280476760986e-04
1.912800000000000011e+01,6.045599479249640648e-04
1.912999999999999901e+01,6.046308678005336791e-04
1.913200000000000145e+01,6.047017876743857002e-04
1.913400000000000034e+01,6.047727075465202367e-04
1.913599999999999923e+01,6.048436274169352285e-04
1.913800000000000168e+01,6.049145472856334946e-04
1.914000000000000057e+01,6.049854671526129751e-04
1.914199999999999946e+01,6.050563870178755129e-04
1.914400000000000190e+01,6.051273068814195903e-04
1.914600000000000080e+01,6.051982267432450989e-04
1.914799999999999969e+01,6.052691466033523638e-04
1.915000000000000213e+01,6.053400664617430114e-04
1.915200000000000102e+01,6.054109863184154155e-04
1.915399999999999991e+01,6.054819061733690338e-04
1.915599999999999881e+01,6.055528260266052759e-04
1.915800000000000125e+01,6.056237458781228407e-04
1.916000000000000014e+01,6.056946657279232461e-04
1.916199999999999903e+01,6.057655855760054079e-04
1.916400000000000148e+01,6.058365054223695430e-04
1.916600000000000037e+01,6.059074252670158681e-04
1.916799999999999926e+01,6.059783451099435159e-04
1.917000000000000171e+01,6.060492649511536791e-04
1.917200000000000060e+01,6.061201847906452734e-04
1.917399999999999949e+01,6.061911046284194915e-04
1.917600000000000193e+01,6.062620244644752491e-04
1.917800000000000082e+01,6.063329442988133052e-04
1.917999999999999972e+01,6.064038641314345272e-04
1.918200000000000216e+01,6.064747839623365298e-04
1.918400000000000105e+01,6.065457037915201804e-04
1.918599999999999994e+01,6.066166236189851537e-04
1.918799999999999883e+01,6.066875434447330760e-04
1.919000000000000128e+01,6.067584632687627547e-04
1.919200000000000017e+01,6.068293830910748404e-04
1.919399999999999906e+01,6.069003029116681403e-04
1.919600000000000151e+01,6.069712227305433050e-04
1.919800000000000040e+01,6.070421425477012019e-04
1.919999999999999929e+01,6.071130623631415058e-04
1.920200000000000173e+01,6.071839821768631323e-04
1.920400000000000063e+01,6.072549019888666237e-04
1.920599999999999952e+01,6.073258217991521967e-04
1.920800000000000196e+01,6.073967416077188756e-04
1.921000000000000085e+01,6.074676614145680699e-04
1.921199999999999974e+01,6.075385812196997795e-04
1.921399999999999864e+01,6.076095010231133539e-04
1.921600000000000108e+01,6.076804208248091184e-04
1.921799999999999997e+01,6.077513406247854466e-04
1.921999999999999886e+01,6.078222604230450491e-04
1.922200000000000131e+01,6.078931802195860828e-04
1.922400000000000020e+01,6.079641000144086560e-04
1.922599999999999909e+01,6.080350198075135278e-04
1.922800000000000153e+01,6.081059395989005896e-04
1.923000000000000043e+01,6.081768593885686488e-04
1.923199999999999932e+01,6.082477791765187897e-04
1.923400000000000176e+01,6.083186989627509039e-04
1.923600000000000065e+01,6.083896187472648829e-04
1.923799999999999955e+01,6.084605385300602930e-04
1.924000000000000199e+01,6.085314583111382184e-04
1.924200000000000088e+01,6.086023780904982255e-04
1.924399999999999977e+01,6.086732978681389048e-04
1.924599999999999866e+01,6.087442176440627500e-04
1.924800000000000111e+01,6.088151374182675926e-04
1.925000000000000000e+01,6.088860571907535411e-04
1.925199999999999889e+01,6.089569769615227638e-04
1.925400000000000134e+01,6.090278967305734177e-04
1.925600000000000023e+01,6.090988164979057196e-04
1.925799999999999912e+01,6.091697362635210789e-04
1.926000000000000156e+01,6.092406560274173273e-04
1.926200000000000045e+01,6.093115757895958742e-04
1.926399999999999935e+01,6.093824955500559606e-04
1.926600000000000179e+01,6.094534153087976950e-04
1.926800000000000068e+01,6.095243350658215110e-04
1.926999999999999957e+01,6.095952548211269750e-04
1.927200000000000202e+01,6.096661745747144123e-04
1.927400000000000091e+01,6.097370943265839312e-04
1.927599999999999980e+01,6.098080140767345560e-04
1.927799999999999869e+01,6.098789338251672625e-04
1.928000000000000114e+01,6.099498535718817253e-04
1.928200000000000003e+01,6.100207733168788119e-04
1.928399999999999892e+01,6.100916930601572212e-04
1.928600000000000136e+01,6.101626128017173870e-04
1.928800000000000026e+01,6.102335325415594175e-04
1.928999999999999915e+01,6.103044522796837465e-04
1.929200000000000159e+01,6.103753720160890730e-04
1.929400000000000048e+01,6.104462917507765896e-04
1.929599999999999937e+01,6.105172114837458626e-04
1.929800000000000182e+01,6.105881312149965667e-04
1.930000000000000071e+01,6.106590509445297861e-04
1.930199999999999960e+01,6.107299706723445451e-04
1.930400000000000205e+01,6.108008903984409521e-04
1.930600000000000094e+01,6.108718101228190070e-04
1.930799999999999983e+01,6.109427298454787100e-04
1.930999999999999872e+01,6.110136495664203861e-04
1.931200000000000117e+01,6.110845692856441439e-04
1.931400000000000006e+01,6.111554890031497666e-04
1.931599999999999895e+01,6.112264087189362783e-04
1.931800000000000139e+01,6.112973284330053053e-04
1.932000000000000028e+01,6.113682481453560887e-04
1.932199999999999918e+01,6.114391678559887369e-04
1.932400000000000162e+01,6.115100875649034668e-04
1.932600000000000051e+01,6.115810072720990857e-04
1.932799999999999940e+01,6.116519269775762442e-04
1.933000000000000185e+01,6.117228466813355928e-04
1.933200000000000074e+01,6.117937663833772398e-04
1.933399999999999963e+01,6.118646860837001012e-04
1.933600000000000207e+01,6.119356057823048273e-04
1.933800000000000097e+01,6.120065254791909846e-04
1.933999999999999986e+01,6.120774451743588983e-04
1.934199999999999875e+01,6.121483648678078095e-04
1.934400000000000119e+01,6.122192845595391276e-04
1.934600000000000009e+01,6.122902042495527442e-04
1.934799999999999898e+01,6.123611239378468161e-04
1.935000000000000142e+01,6.124320436244238370e-04
1.935200000000000031e+01,6.125029633092826144e-04
1.935399999999999920e+01,6.125738829924226060e-04
1.935600000000000165e+01,6.126448026738448962e-04
1.935800000000000054e+01,6.127157223535487258e-04
1.935999999999999943e+01,6.127866420315340951e-04
1.936200000000000188e+01,6.128575617078007871e-04
1.936400000000000077e+01,6.129284813823489102e-04
1.936599999999999966e+01,6.129994010551792234e-04
1.936800000000000210e+01,6.130703207262914014e-04
1.937000000000000099e+01,6.131412403956850105e-04
1.937199999999999989e+01,6.132121600633603760e-04
1.937399999999999878e+01,6.132830797293178232e-04
1.937600000000000122e+01,6.133539993935559426e-04
1.937800000000000011e+01,6.134249190560762521e-04
1.937999999999999901e+01,6.134958387168779927e-04
1.938200000000000145e+01,6.135667583759618149e-04
1.938400000000000034e+01,6.136376780333279357e-04
1.938599999999999923e+01,6.137085976889749455e-04
1.938800000000000168e+01,6.137795173429038201e-04
1.939000000000000057e+01,6.138504369951145595e-04
1.939199999999999946e+01,6.139213566456058627e-04
1.939400000000000190e+01,6.139922762943801149e-04
1.939600000000000080e+01,6.140631959414351478e-04
1.939799999999999969e+01,6.141341155867716117e-04
1.940000000000000213e+01,6.142050352303899405e-04
1.940200000000000102e+01,6.142759548722893752e-04
1.940399999999999991e+01,6.143468745124707831e-04
1.940599999999999881e+01,6.144177941509336221e-04
1.940800000000000125e+01,6.144887137876786512e-04
1.941000000000000014e+01,6.145596334227048946e-04
1.941199999999999903e+01,6.146305530560128945e-04
1.941400000000000148e+01,6.147014726876026507e-04
1.941600000000000037e+01,6.147723923174741633e-04
1.941799999999999926e+01,6.148433119456269986e-04
1.942000000000000171e+01,6.149142315720611566e-04
1.942200000000000060e+01,6.149851511967769626e-04
1.942399999999999949e+01,6.150560708197755008e-04
1.942600000000000193e+01,6.151269904410543859e-04
1.942800000000000082e+01,6.151979100606149191e-04
1.942999999999999972e+01,6.152688296784572086e-04
1.943200000000000216e+01,6.153397492945812544e-04
1.943400000000000105e+01,6.154106689089862978e-04
1.943599999999999994e+01,6.154815885216734228e-04
1.943799999999999883e+01,6.155525081326424126e-04
1.944000000000000128e+01,6.156234277418929420e-04
1.944200000000000017e+01,6.156943473494246857e-04
1.944399999999999906e+01,6.157652669552377521e-04
1.944600000000000151e+01,6.158361865593334422e-04
1.944800000000000040e+01,6.159071061617096962e-04
1.944999999999999929e+01,6.159780257623677065e-04
1.945200000000000173e+01,6.160489453613074732e-04
1.945400000000000063e+01,6.161198649585288879e-04
1.945599999999999952e+01,6.161907845540311917e-04
1.945800000000000196e+01,6.162617041478147097e-04
1.946000000000000085e+01,6.163326237398805262e-04
1.946199999999999974e+01,6.164035433302284244e-04
1.946399999999999864e+01,6.164744629188574285e-04
1.946600000000000108e+01,6.165453825057679721e-04
1.946799999999999997e+01,6.166163020909592963e-04
1.946999999999999886e+01,6.166872216744319433e-04
1.947200000000000131e+01,6.167581412561875392e-04
1.947400000000000020e+01,6.168290608362235906e-04
1.947599999999999909e+01,6.168999804145417236e-04
1.947800000000000153e+01,6.169708999911415045e-04
1.948000000000000043e+01,6.170418195660224998e-04
1.948199999999999932e+01,6.171127391391855767e-04
1.948400000000000176e+01,6.171836587106291089e-04
1.948600000000000065e+01,6.172545782803550481e-04
1.948799999999999955e+01,6.173254978483620932e-04
1.949000000000000199e+01,6.173964174146516536e-04
1.949200000000000088e+01,6.174673369792219946e-04
1.949399999999999977e+01,6.175382565420739836e-04
1.949599999999999866e+01,6.176091761032075121e-04
1.949800000000000111e+01,6.176800956626221466e-04
1.950000000000000000e+01,6.177510152203185374e-04
1.950199999999999889e+01,6.178219347762956004e-04
1.950400000000000134e+01,6.178928543305547451e-04
1.950600000000000023e+01,6.179637738830953209e-04
1.950799999999999912e+01,6.180346934339164605e-04
1.951000000000000156e+01,6.181056129830197901e-04
1.951200000000000045e+01,6.181765325304041173e-04
1.951399999999999935e+01,6.182474520760705260e-04
1.951600000000000179e+01,6.183183716200182575e-04
1.951800000000000068e+01,6.183892911622476370e-04
1.951999999999999957e+01,6.184602107027584476e-04
1.952200000000000202e+01,6.185311302415504725e-04
1.952400000000000091e+01,6.186020497786238201e-04
1.952599999999999980e+01,6.186729693139797915e-04
1.952799999999999869e+01,6.187438888476157845e-04
1.953000000000000114e+01,6.188148083795337508e-04
1.953200000000000003e+01,6.188857279097330398e-04
1.953399999999999892e+01,6.189566474382143021e-04
1.953600000000000136e+01,6.190275669649761281e-04
1.953800000000000026e+01,6.190984864900194937e-04
1.953999999999999915e+01,6.191694060133445072e-04
1.954200000000000159e+01,6.192403255349514940e-04
1.954400000000000048e+01,6.193112450548393698e-04
1.954599999999999937e+01,6.193821645730088936e-04
1.954800000000000182e+01,6.194530840894595233e-04
1.955000000000000071e+01,6.195240036041920178e-04
1.955199999999999960e+01,6.195949231172059434e-04
1.955400000000000205e+01,6.196658426285013002e-04
1.955600000000000094e+01,6.197367621380772207e-04
1.955799999999999983e+01,6.198076816459346808e-04
1.955999999999999872e+01,6.198786011520733552e-04
1.956200000000000117e+01,6.199495206564937860e-04
1.956400000000000006e+01,6.200204401591960816e-04
1.956599999999999895e+01,6.200913596601782905e-04
1.956800000000000139e+01,6.201622791594426894e-04
1.957000000000000028e+01,6.202331986569886279e-04
1.957199999999999918e+01,6.203041181528156723e-04
1.957400000000000162e+01,6.203750376469240393e-04
1.957600000000000051e+01,6.204459571393136207e-04
1.957799999999999940e+01,6.205168766299848501e-04
1.958000000000000185e+01,6.205877961189371853e-04
1.958200000000000074e+01,6.206587156061709517e-04
1.958399999999999963e+01,6.207296350916863660e-04
1.958600000000000207e+01,6.208005545754828863e-04
1.958800000000000097e+01,6.208714740575606208e-04
1.958999999999999986e+01,6.209423935379195696e-04
1.959199999999999875e+01,6.210133130165604917e-04
1.959400000000000119e+01,6.210842324934825196e-04
1.959600000000000009e+01,6.211551519686850029e-04
1.959799999999999898e+01,6.212260714421696762e-04
1.960000000000000142e+01,6.212969909139357807e-04
1.960200000000000031e+01,6.213679103839829911e-04
1.960399999999999920e+01,6.214388298523108737e-04
1.960600000000000165e+01,6.215097493189213800e-04
1.960800000000000054e+01,6.215806687838125585e-04
1.960999999999999943e+01,6.216515882469850597e-04
1.961200000000000188e+01,6.217225077084387753e-04
1.961400000000000077e+01,6.217934271681739219e-04
1.961599999999999966e+01,6.218643466261907166e-04
1.961800000000000210e+01,6.219352660824877498e-04
1.962000000000000099e+01,6.220061855370666477e-04
1.962199999999999989e+01,6.220771049899268684e-04
1.962399999999999878e+01,6.221480244410683034e-04
1.962600000000000122e+01,6.222189438904913864e-04
1.962800000000000011e+01,6.222898633381953584e-04
1.962999999999999901e+01,6.223607827841814120e-04
1.963200000000000145e+01,6.224317022284475958e-04
1.963400000000000034e+01,6.225026216709955360e-04
1.963599999999999923e+01,6.225735411118240399e-04
1.963800000000000168e+01,6.226444605509345170e-04
1.964000000000000057e+01,6.227153799883257748e-04
1.964199999999999946e+01,6.227862994239990058e-04
1.964400000000000190e+01,6.228572188579530175e-04
1.964600000000000080e+01,6.229281382901891108e-04
1.964799999999999969e+01,6.229990577207054426e-04
1.965000000000000213e+01,6.230699771495041813e-04
1.965200000000000102e+01,6.231408965765832669e-04
1.965399999999999991e+01,6.232118160019442174e-04
1.965599999999999881e+01,6.232827354255857316e-04
1.965800000000000125e+01,6.233536548475086770e-04
1.966000000000000014e+01,6.234245742677133788e-04
1.966199999999999903e+01,6.234954936861983191e-04
1.966400000000000148e+01,6.235664131029645821e-04
1.966600000000000037e+01,6.236373325180126015e-04
1.966799999999999926e+01,6.237082519313419436e-04
1.967000000000000171e+01,6.237791713429520664e-04
1.967200000000000060e+01,6.238500907528435118e-04
1.967399999999999949e+01,6.239210101610155211e-04
1.967600000000000193e+01,6.239919295674691783e-04
1.967800000000000082e+01,6.240628489722045919e-04
1.967999999999999972e+01,6.241337683752211114e-04
1.968200000000000216e+01,6.242046877765177609e-04
1.968400000000000105e+01,6.242756071760968174e-04
1.968599999999999994e+01,6.243465265739563293e-04
1.968799999999999883e+01,6.244174459700966217e-04
1.969000000000000128e+01,6.244883653645185622e-04
1.969200000000000017e+01,6.245592847572218253e-04
1.969399999999999906e+01,6.246302041482061944e-04
1.969600000000000151e+01,6.247011235374719945e-04
1.969800000000000040e+01,6.247720429250195511e-04
1.969999999999999929e+01,6.248429623108478883e-04
1.970200000000000173e+01,6.249138816949561387e-04
1.970400000000000063e+01,6.249848010773463624e-04
1.970599999999999952e+01,6.250557204580179087e-04
1.970800000000000196e+01,6.251266398369696936e-04
1.971000000000000085e+01,6.251975592142037770e-04
1.971199999999999974e+01,6.252684785897184242e-04
1.971399999999999864e+01,6.253393979635143941e-04
1.971600000000000108e+01,6.254103173355922288e-04
1.971799999999999997e+01,6.254812367059504104e-04
1.971999999999999886e+01,6.255521560745899148e-04
1.972200000000000131e+01,6.256230754415113924e-04
1.972400000000000020e+01,6.256939948067136506e-04
1.972599999999999909e+01,6.257649141701964726e-04
1.972800000000000153e+01,6.258358335319609425e-04
1.973000000000000043e+01,6.259067528920060847e-04
1.973199999999999932e+01,6.259776722503324412e-04
1.973400000000000176e+01,6.260485916069400119e-04
1.973600000000000065e+01,6.261195109618290138e-04
1.973799999999999955e+01,6.261904303149987963e-04
1.974000000000000199e+01,6.262613496664494678e-04
1.974200000000000088e+01,6.263322690161811368e-04
1.974399999999999977e+01,6.264031883641941285e-04
1.974599999999999866e+01,6.264741077104879008e-04
1.974800000000000111e+01,6.265450270550631043e-04
1.975000000000000000e+01,6.266159463979188715e-04
1.975199999999999889e+01,6.266868657390563951e-04
1.975400000000000134e+01,6.267577850784749162e-04
1.975600000000000023e+01,6.268287044161748684e-04
1.975799999999999912e+01,6.268996237521554929e-04
1.976000000000000156e+01,6.269705430864172232e-04
1.976200000000000045e+01,6.270414624189595172e-04
1.976399999999999935e+01,6.271123817497833508e-04
1.976600000000000179e+01,6.271833010788879651e-04
1.976800000000000068e+01,6.272542204062742273e-04
1.976999999999999957e+01,6.273251397319404028e-04
1.977200000000000202e+01,6.273960590558882262e-04
1.977400000000000091e+01,6.274669783781173724e-04
1.977599999999999980e+01,6.275378976986276244e-04
1.977799999999999869e+01,6.276088170174185486e-04
1.978000000000000114e+01,6.276797363344907956e-04
1.978200000000000003e+01,6.277506556498433895e-04
1.978399999999999892e+01,6.278215749634776313e-04
1.978600000000000136e+01,6.278924942753924369e-04
1.978800000000000026e+01,6.279634135855881316e-04
1.978999999999999915e+01,6.280343328940656911e-04
1.979200000000000159e+01,6.281052522008238144e-04
1.979400000000000048e+01,6.281761715058629351e-04
1.979599999999999937e+01,6.282470908091828364e-04
1.979800000000000182e+01,6.283180101107841689e-04
1.980000000000000071e+01,6.283889294106661735e-04
1.980199999999999960e+01,6.284598487088299346e-04
1.980400000000000205e+01,6.285307680052742594e-04
1.980600000000000094e+01,6.286016872999996901e-04
1.980799999999999983e+01,6.286726065930055762e-04
1.980999999999999872e+01,6.287435258842925681e-04
1.981200000000000117e+01,6.288144451738610996e-04
1.981400000000000006e+01,6.288853644617103033e-04
1.981599999999999895e+01,6.289562837478406129e-04
1.981800000000000139e+01,6.290272030322520283e-04
1.982000000000000028e+01,6.290981223149440076e-04
1.982199999999999918e+01,6.291690415959172011e-04
1.982400000000000162e+01,6.292399608751720426e-04
1.982600000000000051e+01,6.293108801527072310e-04
1.982799999999999940e+01,6.293817994285232000e-04
1.983000000000000185e+01,6.294527187026206002e-04
1.983200000000000074e+01,6.295236379749985641e-04
1.983399999999999963e+01,6.295945572456572003e-04
1.983600000000000207e+01,6.296654765145965086e-04
1.983800000000000097e+01,6.297363957818175734e-04
1.983999999999999986e+01,6.298073150473197440e-04
1.984199999999999875e+01,6.298782343111021531e-04
1.984400000000000119e+01,6.299491535731661018e-04
1.984600000000000009e+01,6.300200728335109395e-04
1.984799999999999898e+01,6.300909920921362326e-04
1.985000000000000142e+01,6.301619113490428484e-04
1.985200000000000031e+01,6.302328306042303532e-04
1.985399999999999920e+01,6.303037498576987471e-04
1.985600000000000165e+01,6.303746691094482468e-04
1.985800000000000054e+01,6.304455883594780935e-04
1.985999999999999943e+01,6.305165076077890460e-04
1.986200000000000188e+01,6.305874268543809960e-04
1.986400000000000077e+01,6.306583460992540519e-04
1.986599999999999966e+01,6.307292653424077800e-04
1.986800000000000210e+01,6.308001845838426139e-04
1.987000000000000099e+01,6.308711038235576864e-04
1.987199999999999989e+01,6.309420230615548405e-04
1.987399999999999878e+01,6.310129422978322331e-04
1.987600000000000122e+01,6.310838615323897558e-04
1.987800000000000011e+01,6.311547807652296855e-04
1.987999999999999901e+01,6.312256999963500705e-04
1.988200000000000145e+01,6.312966192257518866e-04
1.988400000000000034e+01,6.313675384534337244e-04
1.988599999999999923e+01,6.314384576793964513e-04
1.988800000000000168e+01,6.315093769036398503e-04
1.989000000000000057e+01,6.315802961261645721e-04
1.989199999999999946e+01,6.316512153469695324e-04
1.989400000000000190e+01,6.317221345660559238e-04
1.989600000000000080e+01,6.317930537834223368e-04
1.989799999999999969e+01,6.318639729990701811e-04
1.990000000000000213e+01,6.319348922129990227e-04
1.990200000000000102e+01,6.320058114252079945e-04
1.990399999999999991e+01,6.320767306356977469e-04
1.990599999999999881e+01,6.321476498444695809e-04
1.990800000000000125e+01,6.322185690515223040e-04
1.991000000000000014e+01,6.322894882568553740e-04
1.991199999999999903e+01,6.323604074604697667e-04
1.991400000000000148e+01,6.324313266623648316e-04
1.991600000000000037e+01,6.325022458625407856e-04
1.991799999999999926e+01,6.325731650609975202e-04
1.992000000000000171e+01,6.326440842577346017e-04
1.992200000000000060e+01,6.327150034527526806e-04
1.992399999999999949e+01,6.327859226460513234e-04
1.992600000000000193e+01,6.328568418376309635e-04
1.992800000000000082e+01,6.329277610274908423e-04
1.992999999999999972e+01,6.329986802156321521e-04
1.993200000000000216e+01,6.330695994020545678e-04
1.993400000000000105e+01,6.331405185867568968e-04
1.993599999999999994e+01,6.332114377697405485e-04
1.993799999999999883e+01,6.332823569510044387e-04
1.994000000000000128e+01,6.333532761305497600e-04
1.994200000000000017e+01,6.334241953083762956e-04
1.994399999999999906e+01,6.334951144844828529e-04
1.994600000000000151e+01,6.335660336588699740e-04
1.994800000000000040e+01,6.336369528315380925e-04
1.994999999999999929e+01,6.337078720024865580e-04
1.995200000000000173e+01,6.337787911717172136e-04
1.995400000000000063e+01,6.338497103392289750e-04
1.995599999999999952e+01,6.339206295050205412e-04
1.995800000000000196e+01,6.339915486690920208e-04
1.996000000000000085e+01,6.340624678314455819e-04
1.996199999999999974e+01,6.341333869920787311e-04
1.996400000000000219e+01,6.342043061509934198e-04
1.996600000000000108e+01,6.342752253081884554e-04
1.996799999999999997e+01,6.343461444636650307e-04
1.996999999999999886e+01,6.344170636174216275e-04
1.997200000000000131e+01,6.344879827694590050e-04
1.997400000000000020e+01,6.345589019197769463e-04
1.997599999999999909e+01,6.346298210683754513e-04
1.997800000000000153e+01,6.347007402152551707e-04
1.998000000000000043e+01,6.347716593604149117e-04
1.998199999999999932e+01,6.348425785038554333e-04
1.998400000000000176e+01,6.349134976455777114e-04
1.998600000000000065e+01,6.349844167855802279e-04
1.998799999999999955e+01,6.350553359238637419e-04
1.999000000000000199e+01,6.351262550604269523e-04
1.999200000000000088e+01,6.351971741952709433e-04
1.999399999999999977e+01,6.352680933283962571e-04
1.999599999999999866e+01,6.353390124598019177e-04
1.999800000000000111e+01,6.354099315894887927e-04
