mae,rmse,iae,overshoot,settling_time,steady_state_error,control_energy,disturbance_recovery_time,control_variation,velocity_rmse,reward,stable,score,b0,omega_c,k,omega_o,r,end_vx_mean,negative_tail_velocity,max_tail_pitch_abs,tail_rpm_edge_fraction,tail_same_rpm_fraction,unstable_tail,hold_steady_state_error,name
0.051133285201632364,0.0644657252795637,6.135994224195883,0.072837233543396,119.0,0.06884016593297322,25456550915.258003,119.0,11.687044544380251,0.2875572734379851,-0.4724780121865371,1.0,0.10040229495916511,27.45,3.15,3.08,9.702,59.5,-0.02245323220267892,0.0,0.15369491279125214,0.0,0.0,0.0,0.047712559501330055,refine_coarse_b30.5_wc3.5_k3.5_r70_b0.90_wc0.90_k0.88_r0.85
0.05028308995428953,0.06370229083623202,6.033970794514744,0.0790475606918335,119.0,0.07468874255816142,25475721960.824238,119.0,11.947618500525211,0.29636069109920266,-0.4878772895661338,1.0,0.10220209672638446,48.6,3.5,6.24,21.84,59.5,-0.0454410508973524,0.0,0.17514492571353912,0.0,0.0,0.0,0.05229369302590688,refine_coarse_b45_wc3.5_k6.5_r70_b1.08_wc1.00_k0.96_r0.85
0.05039059652055092,0.0641167964348244,6.04687158246611,0.08217799663543701,119.0,0.07517281174659729,25472073375.62501,119.0,17.08324990152311,0.2950281492563679,-0.48000282676508027,1.0,0.10223213013791328,27.45,3.15,3.36,10.584,59.5,0.016262694727629423,0.0,0.20655326545238495,0.0,0.0,0.0,0.049448822935422264,refine_coarse_b30.5_wc3.5_k3.5_r70_b0.90_wc0.90_k0.96_r0.85
0.050203125785217635,0.06331567382123572,6.024375094226116,0.08155953884124756,119.0,0.07641255855560303,25499368524.8163,119.0,15.464819130777311,0.30051877292396106,-0.5051629302170222,1.0,0.10282382309164466,32.940000000000005,3.4299999999999997,3.8500000000000005,13.2055,66.5,-0.030597882927395403,0.0,0.1964409351348877,0.0,0.0,0.0,0.0517530490954717,refine_coarse_b30.5_wc3.5_k3.5_r70_b1.08_wc0.98_k1.10_r0.95
0.05224400900841033,0.0653058270538054,6.26928108100924,0.07049942016601562,119.0,0.0667957067489624,25497929811.43355,119.0,16.95339991465336,0.299851601155572,-0.4770921450535161,1.0,0.10287243664554077,27.45,3.15,3.08,9.702,66.5,-0.036802777845878154,0.0,0.15215960144996643,0.0,0.0,0.0,0.04719068109989166,refine_coarse_b30.5_wc3.5_k3.5_r70_b0.90_wc0.90_k0.88_r0.95
0.0492064465377382,0.06258647283643129,5.904773584528584,0.08488285541534424,119.0,0.07795694470405579,25512330320.47016,119.0,22.11433577337185,0.3047697552009832,-0.48209824083533753,1.0,0.10300472449509214,29.89,3.4299999999999997,3.36,11.524799999999999,59.5,-0.011811624513939023,0.0,0.23413890600204468,0.0,0.0,0.0,0.0513326625029246,refine_coarse_b30.5_wc3.5_k3.5_r70_b0.98_wc0.98_k0.96_r0.85
0.05085178281477169,0.06464497541053198,6.1022139377726035,0.08480346202850342,119.0,0.07872599363327026,25496672598.45675,119.0,22.771845456932773,0.30092645199992063,-0.48758318140242096,1.0,0.10428528300743599,27.45,3.15,3.36,10.584,66.5,-0.020068181271199137,0.0,0.21923711895942688,0.0,0.0,0.0,0.05232532819112142,refine_coarse_b30.5_wc3.5_k3.5_r70_b0.90_wc0.90_k0.96_r0.95
0.050583811652751366,0.062351706074968566,6.070057398330164,0.07909369468688965,119.0,0.07346547643343608,25575319569.928288,119.0,18.48867926076681,0.3187242478277269,-0.5111259713783706,1.0,0.10464265050976733,48.6,3.7800000000000002,5.72,21.6216,66.5,-0.028817867976613343,0.0,0.21018241345882416,0.0,0.0,0.0,0.04886770248413086,refine_coarse_b45_wc3.5_k6.5_r70_b1.08_wc1.08_k0.88_r0.95
0.04923093289870053,0.0635558271808703,5.907711947844064,0.09393823146820068,119.0,0.08734915653864543,25480420743.70529,119.0,18.652815618434875,0.3005411046704845,-0.48311492171892284,1.0,0.1047055389839925,44.1,3.4299999999999997,6.24,21.4032,59.5,-0.04793892055749893,0.0,0.25577428936958313,0.0,0.0,0.0,0.05870720247427622,refine_coarse_b45_wc3.5_k6.5_r70_b0.98_wc0.98_k0.96_r0.85
0.050512215812278785,0.064136423041724,6.061465897473454,0.09010815620422363,119.0,0.08444595336914062,25486529199.530228,119.0,13.466883042279411,0.29957758516237826,-0.4894904535945257,1.0,0.10477157564065237,48.6,3.4299999999999997,6.5,22.294999999999998,66.5,-0.04790406581014395,0.0,0.21895557641983032,0.0,0.0,0.0,0.05771504839261373,refine_coarse_b45_wc3.5_k6.5_r70_b1.08_wc0.98_k1.00_r0.95
0.05043877911768012,0.06239418806290571,6.052653494121614,0.07582318782806396,119.0,0.07031962275505066,25590685293.4262,119.0,24.91815339417017,0.32334842795569463,-0.5087265697750729,1.0,0.10479392220593317,32.940000000000005,3.7800000000000002,3.36,12.700800000000001,66.5,-0.03051509556826204,0.0,0.2095765918493271,0.0,0.0,0.0,0.046614959836006165,refine_coarse_b30.5_wc3.5_k3.5_r70_b1.08_wc1.08_k0.96_r0.95
0.05096581899122725,0.06420028294110826,6.11589827894727,0.0844717025756836,119.0,0.07870047291119893,25515239514.828213,119.0,16.583401720063026,0.30566741445155093,-0.49433008797831096,1.0,0.10480099250477669,30.5,3.4299999999999997,3.36,11.524799999999999,66.5,-0.019255186824011616,0.0,0.20585180819034576,0.0,0.0,0.0,0.052688777446746826,refine_coarse_b30.5_wc3.5_k3.5_r70_b1.00_wc0.98_k0.96_r0.95
0.05191336138000035,0.06658748560097098,6.229603365600042,0.09791302680969238,119.0,0.0919676423072815,25401110525.485237,119.0,11.918793493960084,0.2807223699828727,-0.480893337951228,1.0,0.10504957317384263,44.1,3.15,6.499999999999999,20.474999999999998,59.5,-0.04518379922956228,0.0,0.2315950244665146,0.0,0.125,0.0,0.06276761492093404,refine_coarse_b45_wc3.5_k6.5_r70_b0.98_wc0.90_k1.00_r0.85
0.050388114889057076,0.0638319642903758,6.046573786686849,0.09022653102874756,119.0,0.08426795403162639,25505946278.22858,119.0,15.248215106355042,0.303877225617918,-0.49997097015207015,1.0,0.10515738910544385,44.1,3.5,5.72,20.02,66.5,-0.03928444487974048,0.0,0.23060815036296844,0.0,0.125,0.0,0.05678143600622813,refine_coarse_b45_wc3.5_k6.5_r70_b0.98_wc1.00_k0.88_r0.95
0.04990737490232391,0.06244863336206249,5.988884988278869,0.08621430397033691,119.0,0.07835167646408081,25574253820.421783,119.0,21.839884782037814,0.31881101568868137,-0.4868269233109306,1.0,0.10537079848740694,32.940000000000005,3.7800000000000002,3.36,12.700800000000001,59.5,0.0029910532757639885,0.0,0.25501781702041626,0.0,0.0,0.0,0.05052351951599121,refine_coarse_b30.5_wc3.5_k3.5_r70_b1.08_wc1.08_k0.96_r0.85
0.06557767073292288,0.08146169225913844,7.869320487950745,0.022498369216918945,79.0,0.019835482041041057,25448298844.561268,79.0,17.219607569590337,0.2825335183395035,-0.49087987992460536,1.0,0.10546415031811636,18.0,1.96,3.36,6.5855999999999995,59.5,0.02094164164736867,0.0,0.04470744729042053,0.0,0.0,0.0,0.016379833221435547,refine_coarse_b18_wc2_k3.5_r70_b1.00_wc0.98_k0.96_r0.85
0.06301228975870003,0.08240243541813463,7.561474771044004,0.012968897819519043,80.0,0.0037836631139119468,25534465673.887344,80.0,27.42562122505252,0.2999882506117169,-0.5025948723729777,1.0,0.1054786250518315,17.64,2.0,3.08,6.16,59.5,-0.03532209026161581,0.0,0.12547852098941803,0.0,0.0,0.0,0.00643731156984965,refine_coarse_b18_wc2_k3.5_r70_b0.98_wc1.00_k0.88_r0.85
0.050005149548252345,0.06316281773279005,6.000617945790282,0.0895688533782959,119.0,0.08276237050692241,25546132790.27971,119.0,28.084788602941178,0.313482532145099,-0.4987393639845782,1.0,0.1058384087061065,32.940000000000005,3.5,3.8500000000000005,13.475000000000001,66.5,-0.02397901119547896,0.0,0.24012523889541626,0.0,0.0,0.0,0.054545084635416664,refine_coarse_b30.5_wc3.5_k3.5_r70_b1.08_wc1.00_k1.10_r0.95
0.05071256834336471,0.06358699596871324,6.085508201203766,0.08509504795074463,119.0,0.07862512270609538,25559635586.847828,119.0,25.79999753807773,0.31626844749759564,-0.5149015018403563,1.0,0.10597663744256412,30.5,3.5,3.36,11.76,66.5,-0.02128586073376937,0.0,0.22901929914951324,0.0,0.0,0.0,0.05159550408522288,refine_coarse_b30.5_wc3.5_k3.5_r70_b1.00_wc1.00_k0.96_r0.95
0.05151937904994573,0.0637644019234252,6.182325485993488,0.07947349548339844,119.0,0.07398484150568645,25574219327.567028,119.0,15.607372636554622,0.3198233322321265,-0.4960660062801156,1.0,0.10606176287280421,48.6,3.7800000000000002,5.72,21.6216,59.5,-0.031440496211871505,0.0,0.20756801962852478,0.0,0.0,0.0,0.04930047194163004,refine_coarse_b45_wc3.5_k6.5_r70_b1.08_wc1.08_k0.88_r0.85
0.060203591518270136,0.07648980297739381,7.224430982192416,0.04529225826263428,76.0,0.0309504767258962,25513685323.685223,76.0,20.287023207720587,0.30345536360588077,-0.514028628990588,1.0,0.10632329067007705,18.0,2.16,3.08,6.652800000000001,66.5,0.12423826288431883,0.0,0.02895084209740162,0.0,0.0,0.0,0.021400461594263714,refine_coarse_b18_wc2_k3.5_r70_b1.00_wc1.08_k0.88_r0.95
0.052823055268025124,0.06775471969003505,6.338766632163015,0.09713995456695557,119.0,0.09161882599194844,25408886056.278267,119.0,10.680364528623949,0.2831627092282485,-0.48307021630263264,1.0,0.10640930415670584,44.1,3.15,6.24,19.656,59.5,-0.04789648053701967,0.0,0.2209136039018631,0.0,0.0,0.0,0.06348504622777303,refine_coarse_b45_wc3.5_k6.5_r70_b0.98_wc0.90_k0.96_r0.85
0.05078920555883807,0.06432039724638146,6.094704667060569,0.09524798393249512,119.0,0.0888645350933075,25508468743.401466,119.0,15.888528262867647,0.30496156764662213,-0.5045662784897723,1.0,0.10657511421840858,48.6,3.5,6.5,22.75,66.5,-0.04416464059613645,0.0,0.2483520656824112,0.0,0.125,0.0,0.05970361828804016,refine_coarse_b45_wc3.5_k6.5_r70_b1.08_wc1.00_k1.00_r0.95
0.049628428667178544,0.0643826057448929,5.955411440061425,0.10146534442901611,119.0,0.09396285812060039,25484483307.448383,119.0,18.906286928834035,0.30145765911341754,-0.4695794613616045,1.0,0.10665870756378142,45.0,3.4299999999999997,6.24,21.4032,59.5,-0.04666487220674753,0.0,0.28636595606803894,0.0,0.0,0.0,0.06253797312577565,refine_coarse_b45_wc3.5_k6.5_r70_b1.00_wc0.98_k0.96_r0.85
0.05006805414445618,0.06336439924312172,6.0081664973347415,0.09478771686553955,119.0,0.08604576190312703,25550689422.477524,119.0,25.74026309742647,0.3144697625509382,-0.4871328429259857,1.0,0.10672350943241427,29.89,3.5,3.36,11.76,59.5,0.0012678112834692001,0.0,0.27915844321250916,0.0,0.0,0.0,0.05593495567639669,refine_coarse_b30.5_wc3.5_k3.5_r70_b0.98_wc1.00_k0.96_r0.85
0.051080721681150486,0.06409184968036136,6.129686601738058,0.08890724182128906,119.0,0.0811968743801117,25564409088.912453,119.0,29.80886866465336,0.31760193368097117,-0.4920890252710072,1.0,0.1070495093103998,29.89,3.4299999999999997,3.36,11.524799999999999,66.5,0.00700211082585156,0.0,0.24606731534004211,0.0,0.0,0.0,0.05252606670061747,refine_coarse_b30.5_wc3.5_k3.5_r70_b0.98_wc0.98_k0.96_r0.95
0.05196747218646844,0.06626058982549254,6.236096662376212,0.09408867359161377,119.0,0.08779588341712952,25483698927.454136,119.0,21.2971417082458,0.3003103224461817,-0.4955874392250056,1.0,0.10716833669888985,30.5,3.15,3.8500000000000005,12.127500000000001,66.5,-0.027986759319901466,0.0,0.23021267354488373,0.0,0.0,0.0,0.05871651073296865,refine_coarse_b30.5_wc3.5_k3.5_r70_b1.00_wc0.90_k1.10_r0.95
0.050867994983322735,0.06487752579208854,6.104159397998728,0.10132694244384766,119.0,0.09376515944798787,25504682266.725845,119.0,20.814789587710084,0.30298313826209544,-0.46771046041721787,1.0,0.10747435976301578,32.940000000000005,3.4299999999999997,3.8500000000000005,13.2055,59.5,-0.04032026755157858,0.0,0.28095391392707825,0.0,0.0,0.0,0.0618551621834437,refine_coarse_b30.5_wc3.5_k3.5_r70_b1.08_wc0.98_k1.10_r0.85
0.06011308195600691,0.07606409198949338,7.213569834720829,0.05160963535308838,119.0,0.03150014082590739,25536266486.112305,119.0,19.759798450630253,0.31070659356249347,-0.496692150959385,1.0,0.10752427542639127,17.64,2.16,3.08,6.652800000000001,66.5,0.1755483988672495,0.0,0.06196251139044762,0.0,0.0,0.0,0.023808265725771587,refine_coarse_b18_wc2_k3.5_r70_b0.98_wc1.08_k0.88_r0.95
0.05015834156730724,0.0648852229474314,6.0190009880768685,0.10475361347198486,119.0,0.09660673141479492,25488471201.55979,119.0,19.631774389443276,0.30187036518832167,-0.4766891324640857,1.0,0.10763246333952578,48.6,3.4299999999999997,7.15,24.5245,59.5,-0.028409891587216407,0.0,0.2883751690387726,0.0,0.0,0.0,0.06362531085809071,refine_coarse_b45_wc3.5_k6.5_r70_b1.08_wc0.98_k1.10_r0.85
0.06066358656466756,0.07679899348155689,7.279630387760108,0.05009591579437256,119.0,0.03073964516321818,25522253134.626377,119.0,14.318823037027311,0.30847035682623203,-0.48024749573651704,1.0,0.10769549635092797,18.0,2.16,3.08,6.652800000000001,59.5,0.16850565373897552,0.0,0.06168754771351814,0.0,0.0,0.0,0.02442634105682373,refine_coarse_b18_wc2_k3.5_r70_b1.00_wc1.08_k0.88_r0.85
0.04995053086211669,0.06430415618321153,5.994063703454003,0.10307502746582031,119.0,0.09482064843177795,25518305938.901997,119.0,21.878594406512605,0.3088524309346885,-0.4864054878344682,1.0,0.10799730736542275,45.0,3.5,6.24,21.84,59.5,-0.03118946572067216,0.0,0.2952985465526581,0.0,0.0,0.0,0.06231745580832163,refine_coarse_b45_wc3.5_k6.5_r70_b1.00_wc1.00_k0.96_r0.85
0.0504753244094123,0.06263238165844125,6.057038929129476,0.08918523788452148,119.0,0.080710103114446,25628929118.690376,119.0,42.062155330882355,0.33183665543928004,-0.49637778760858503,1.0,0.10815518755264263,32.940000000000005,3.7800000000000002,3.5,13.23,66.5,-0.0007402121555060148,0.0,0.2714170217514038,0.0,0.125,0.0,0.052066703637441,refine_coarse_b30.5_wc3.5_k3.5_r70_b1.08_wc1.08_k1.00_r0.95
0.06720612059320767,0.08305684499493887,8.06473447118492,0.03324460983276367,79.0,0.02011034886042277,25459550476.330032,79.0,16.246984145220587,0.28817240402555827,-0.4892118676080182,1.0,0.10816907572999357,17.64,1.96,3.36,6.5855999999999995,59.5,0.11395487654954195,0.0,0.021597089245915413,0.0,0.0,0.0,0.018221502502759297,refine_coarse_b18_wc2_k3.5_r70_b0.98_wc0.98_k0.96_r0.85
0.05340741474860617,0.06764876697593798,6.40888976983274,0.10165679454803467,119.0,0.09535271922747295,25447183289.85892,119.0,11.494407333245798,0.2902511615219997,-0.4874621635029092,1.0,0.10824208119148102,29.89,3.15,3.5,11.025,59.5,-0.040910978335887194,0.0,0.2426372617483139,0.0,0.0,0.0,0.06475332876046498,refine_coarse_b30.5_wc3.5_k3.5_r70_b0.98_wc0.90_k1.00_r0.85
0.05143968461253697,0.06415486864187726,6.172762153504436,0.08920836448669434,119.0,0.08097834388415019,25602602113.70946,119.0,33.52515674238445,0.32685866337951147,-0.5055226699523007,1.0,0.10862269369147566,29.89,3.5,3.36,11.76,66.5,0.01400891225785017,0.0,0.24956569075584412,0.0,0.0,0.0,0.052170172333717346,refine_coarse_b30.5_wc3.5_k3.5_r70_b0.98_wc1.00_k0.96_r0.95
0.05113215779181814,0.06434873920833421,6.135858935018177,0.09532022476196289,119.0,0.08594630161921184,25577520633.161697,119.0,25.755867581407564,0.3210920760909593,-0.4947526069783078,1.0,0.10865007779737218,30.5,3.5,3.5,12.25,59.5,0.019526852411217988,0.0,0.27389565110206604,0.0,0.0,0.0,0.05529560148715973,refine_coarse_b30.5_wc3.5_k3.5_r70_b1.00_wc1.00_k1.00_r0.85
0.06654805348439179,0.08208969594161243,7.985766418127014,0.04009580612182617,79.0,0.028659820556640625,25460432485.877647,79.0,22.45900899422269,0.2897505384060378,-0.5052978834113354,1.0,0.10898354575216539,18.0,1.96,3.4999999999999996,6.859999999999999,66.5,0.09815836884081364,0.0,0.019883887842297554,0.0,0.0,0.0,0.021372849742571514,refine_coarse_b18_wc2_k3.5_r70_b1.00_wc0.98_k1.00_r0.95
0.052143329121779894,0.0668128061911035,6.257199494613587,0.10341846942901611,119.0,0.09589378039042155,25482529049.616573,119.0,24.577685957195378,0.3007149043522788,-0.5050471909276456,1.0,0.10907612376595482,29.89,3.15,3.8500000000000005,12.127500000000001,66.5,-0.023093973570212256,0.0,0.2639201283454895,0.0,0.0,0.0,0.06347599625587463,refine_coarse_b30.5_wc3.5_k3.5_r70_b0.98_wc0.90_k1.10_r0.95
0.06443833348874364,0.07802902384264647,7.7326000186492365,0.062480926513671875,119.0,0.050272574027379356,25435469066.880825,119.0,12.130038734243698,0.2864829475155749,-0.4994451344616959,1.0,0.1090951023139682,19.44,2.16,3.36,7.2576,59.5,0.10294644860550761,0.0,0.10236559808254242,0.0,0.0,0.0,0.03371444344520569,refine_coarse_b18_wc2_k3.5_r70_b1.08_wc1.08_k0.96_r0.85
0.0507626087976386,0.06327696571399644,6.091513055716632,0.09408378601074219,119.0,0.08468568325042725,25620004358.895744,119.0,29.371655888918067,0.33041727891610195,-0.5128468118147149,1.0,0.10914042790086272,30.5,3.7800000000000002,3.08,11.6424,59.5,0.014447384397499263,0.0,0.28359535336494446,0.0,0.0,0.0,0.05456790824731191,refine_coarse_b30.5_wc3.5_k3.5_r70_b1.00_wc1.08_k0.88_r0.85
0.0656744581020708,0.08261699127283069,7.880934972248497,0.03501009941101074,79.0,0.023482561111450195,25487170517.201054,79.0,25.09850150997899,0.296091877831267,-0.49385472006637604,1.0,0.10917869012648844,17.64,1.96,3.36,6.5855999999999995,66.5,0.09990991558879614,0.0,0.025680145248770714,0.0,0.0,0.0,0.017925868431727093,refine_coarse_b18_wc2_k3.5_r70_b0.98_wc0.98_k0.96_r0.95
0.05090404853215773,0.0656625144266388,6.108485823858928,0.10709381103515625,119.0,0.0989611546198527,25505085897.69764,119.0,17.385270319065125,0.30467815252820035,-0.48522046617042275,1.0,0.10918671322399244,44.1,3.5,5.72,20.02,59.5,-0.03927156329154968,0.0,0.29729387164115906,0.0,0.0,0.0,0.06503062446912129,refine_coarse_b45_wc3.5_k6.5_r70_b0.98_wc1.00_k0.88_r0.85
0.06985984177264488,0.08273936218654591,8.383181012717387,0.04451394081115723,80.0,0.040457705656687416,25392531221.286667,80.0,15.623543362657562,0.2712813048752499,-0.4920214728698422,1.0,0.10924236936624661,19.44,2.0,3.5,7.0,59.5,0.03214492570259608,0.0,0.064898781478405,0.0,0.0,0.0,0.028588528434435528,refine_coarse_b18_wc2_k3.5_r70_b1.08_wc1.00_k1.00_r0.85
0.051382805745665415,0.06553524856490388,6.1659366894798495,0.1059117317199707,119.0,0.09683384497960408,25519630625.359207,119.0,18.858775932247898,0.30758049745400917,-0.48772634006554877,1.0,0.10926853171393952,30.5,3.4299999999999997,3.36,11.524799999999999,59.5,0.00630590645596385,0.0,0.28717508912086487,0.0,0.0,0.0,0.06258621315161388,refine_coarse_b30.5_wc3.5_k3.5_r70_b1.00_wc0.98_k0.96_r0.85
0.0638386639926902,0.07708705939390571,7.6606396791228235,0.06920826435089111,119.0,0.05644578735033671,25432180306.197315,119.0,12.943597360819327,0.2868248973749831,-0.4795754562300909,1.0,0.1094871333516826,19.44,2.16,3.36,7.2576,66.5,0.10737552214413881,0.0,0.10827271640300751,0.0,0.0,0.0,0.037393743793169655,refine_coarse_b18_wc2_k3.5_r70_b1.08_wc1.08_k0.96_r0.95
0.06728691435705324,0.08243724319135715,8.07442972284639,0.03999197483062744,80.0,0.03627103567123413,25446968958.751007,80.0,27.06821576286765,0.28533391819017695,-0.512302937894656,1.0,0.1098441359693164,18.0,1.96,3.36,6.5855999999999995,66.5,0.02942174393683672,0.0,0.045962195843458176,0.0,0.0,0.0,0.025396953026453655,refine_coarse_b18_wc2_k3.5_r70_b1.00_wc0.98_k0.96_r0.95
0.06340432929881104,0.08309364134513651,7.608519515857324,0.017854809761047363,78.0,0.006505221128463745,25592535249.490715,78.0,31.837824973739497,0.319724369221226,-0.5139186183189229,1.0,0.10984726842186487,16.2,1.96,3.08,6.0368,66.5,0.1327750189229846,0.0,0.08760763704776764,0.0,0.0,0.0,0.01047493020693461,refine_coarse_b18_wc2_k3.5_r70_b0.90_wc0.98_k0.88_r0.95
0.05254071374873206,0.06644844941488812,6.304885649847847,0.10368967056274414,119.0,0.09469112753868103,25511936834.9726,119.0,25.822524126838236,0.30791352947864425,-0.48668738525363303,1.0,0.10987431537870304,27.45,3.15,3.5,11.025,59.5,-0.002140334341675043,0.0,0.29257187247276306,0.0,0.0,0.0,0.062062233686447144,refine_coarse_b30.5_wc3.5_k3.5_r70_b0.90_wc0.90_k1.00_r0.85
0.06810567742969814,0.08130379514827829,8.172681291563777,0.04987049102783203,79.0,0.04536567131678263,25410472783.310455,79.0,21.02182904411765,0.2784449131004559,-0.5127421361167097,1.0,0.10988533940626143,19.44,2.0,3.5,7.0,66.5,0.03564180026296526,0.0,0.06534599512815475,0.0,0.0,0.0,0.031514386336008705,refine_coarse_b18_wc2_k3.5_r70_b1.08_wc1.00_k1.00_r0.95
0.06739059548546228,0.0878684212500591,8.086871458255473,0.003724336624145508,80.0,0.0017042259375254314,25534777832.138397,80.0,36.7118689272584,0.30245957561277376,-0.49548596689388236,1.0,0.10996952875951561,16.2,1.8,3.36,6.048,66.5,-0.002101880294503644,0.0,0.11195487529039383,0.0,0.0,0.0,0.004659394423166911,refine_coarse_b18_wc2_k3.5_r70_b0.90_wc0.90_k0.96_r0.95
0.05123987726214902,0.06521958412454126,6.148785271457882,0.10785531997680664,119.0,0.09844436248143514,25547173203.797203,119.0,23.574657792804622,0.3123402504582494,-0.4865693729011528,1.0,0.11007597340338339,32.940000000000005,3.5,3.8500000000000005,13.475000000000001,59.5,-0.013849248876795173,0.0,0.3123767673969269,0.0,0.0,0.0,0.06346844633420308,refine_coarse_b30.5_wc3.5_k3.5_r70_b1.08_wc1.00_k1.10_r0.85
0.06925351931896746,0.08202336079165087,8.310422318276096,0.04776275157928467,80.0,0.045455207427342735,25402773474.588608,80.0,27.22751034007353,0.27482355708789835,-0.5153619507226007,1.0,0.11015794527120143,19.44,1.96,3.4999999999999996,6.859999999999999,66.5,-0.043652930413372815,0.0,0.09797028452157974,0.0,0.0,0.0,0.033588925997416176,refine_coarse_b18_wc2_k3.5_r70_b1.08_wc0.98_k1.00_r0.95
0.06352822735587438,0.07685804102619843,7.623387282704925,0.07044875621795654,119.0,0.05427190661430359,25458791991.186737,119.0,19.279854910714285,0.29510767593107456,-0.49621646947468945,1.0,0.11034969035369978,19.44,2.16,3.5,7.5600000000000005,66.5,0.1368083986453712,0.0,0.12583521008491516,0.0,0.0,0.0,0.03740463654200236,refine_coarse_b18_wc2_k3.5_r70_b1.08_wc1.08_k1.00_r0.95
0.05148166017038231,0.06526560218231267,6.177799220445877,0.1032489538192749,119.0,0.09437055389086406,25562553306.876106,119.0,36.200749245010506,0.31875749770856443,-0.5298686881270384,1.0,0.11047761110726793,29.89,3.4299999999999997,3.5,12.004999999999999,66.5,-0.009454880841076374,0.0,0.2904545068740845,0.0,0.0,0.0,0.061194236079851784,refine_coarse_b30.5_wc3.5_k3.5_r70_b0.98_wc0.98_k1.00_r0.95
0.0666068744969209,0.08142503176205441,7.992824939630509,0.05374956130981445,119.0,0.03649865587552389,25459425172.433807,119.0,16.095657989758404,0.2928880590980496,-0.4986900112091626,1.0,0.11062466174114088,17.64,2.0,3.36,6.72,66.5,0.14933570940047503,0.0,0.0541665181517601,0.0,0.0,0.0,0.026963998874028523,refine_coarse_b18_wc2_k3.5_r70_b0.98_wc1.00_k0.96_r0.95
0.07220364307869621,0.08346448508371009,8.664437169443545,0.05248534679412842,119.0,0.04473446806271871,25367134402.184006,119.0,10.311207490808824,0.267726604176232,-0.5034249042057719,1.0,0.110639511215783,19.44,1.96,3.8500000000000005,7.546000000000001,59.5,0.0632921839132905,0.0,0.0951920822262764,0.0,0.0,0.0,0.032251651088396706,refine_coarse_b18_wc2_k3.5_r70_b1.08_wc0.98_k1.10_r0.85
0.06811526263892537,0.08281117546766976,8.173831516671044,0.049788594245910645,78.0,0.033524930477142334,25446530552.77468,78.0,14.210239955357142,0.28844223028035415,-0.5083301928553358,1.0,0.1106636719560919,18.0,1.96,3.4999999999999996,6.859999999999999,59.5,0.14076521713286638,0.0,0.04080028831958771,0.0,0.0,0.0,0.02541560431321462,refine_coarse_b18_wc2_k3.5_r70_b1.00_wc0.98_k1.00_r0.85
0.050446697544686,0.06505462478715554,6.05360370536232,0.11151123046875,119.0,0.10279673337936401,25532935811.493073,119.0,31.0517578125,0.31275338909336164,-0.47781411767973875,1.0,0.11067582100889976,45.0,3.4299999999999997,6.5,22.294999999999998,66.5,-0.047820031410083175,0.0,0.3228883743286133,0.0,0.0,0.0,0.06763750314712524,refine_coarse_b45_wc3.5_k6.5_r70_b1.00_wc0.98_k1.00_r0.95
0.06675328716369032,0.08108452653371388,8.01039445964284,0.05363154411315918,119.0,0.03041854500770569,25469437543.28393,119.0,13.7371939009979,0.2985115734579618,-0.5016537508108095,1.0,0.1107359834031433,17.64,2.0,3.5,7.0,59.5,0.20194562524557114,0.0,0.064159095287323,0.0,0.0,0.0,0.029020483295122784,refine_coarse_b18_wc2_k3.5_r70_b0.98_wc1.00_k1.00_r0.85
0.052982308836467006,0.0679202815692285,6.35787706037604,0.11246359348297119,119.0,0.1038566529750824,25466270807.829464,119.0,16.68259256827731,0.2965781144005717,-0.49238918745183385,1.0,0.11075664714760308,30.5,3.15,3.8500000000000005,12.127500000000001,59.5,-0.018737876671366394,0.0,0.29257655143737793,0.0,0.0,0.0,0.06812672317028046,refine_coarse_b30.5_wc3.5_k3.5_r70_b1.00_wc0.90_k1.10_r0.85
0.06270553933977491,0.0786371655188586,7.524664720772989,0.05807161331176758,119.0,0.03756438692410787,25532655739.926964,119.0,17.900616301207982,0.31086422493347426,-0.49747646466651313,1.0,0.11087772880543277,17.64,2.16,3.08,6.652800000000001,59.5,0.1784486174583435,0.0,0.07714785635471344,0.0,0.0,0.0,0.02631622056166331,refine_coarse_b18_wc2_k3.5_r70_b0.98_wc1.08_k0.88_r0.85
0.06585106672362713,0.0806338311086878,7.902128006835255,0.0576244592666626,119.0,0.037957996129989624,25468024030.393517,119.0,15.020647321428571,0.2968190321591612,-0.5096650882102176,1.0,0.11089677286288159,18.0,2.0,3.5,7.0,66.5,0.17016457580029964,0.0,0.06540143489837646,0.0,0.0,0.0,0.028520916899045307,refine_coarse_b18_wc2_k3.5_r70_b1.00_wc1.00_k1.00_r0.95
0.052006004833414936,0.0660049372954006,6.240720580009793,0.10560595989227295,119.0,0.09716720382372539,25550079291.70798,119.0,29.514225807510503,0.31493327102165386,-0.48546017408929143,1.0,0.1109826845555384,30.5,3.4299999999999997,3.5,12.004999999999999,66.5,-0.019449877785518765,0.0,0.2911403179168701,0.0,0.0,0.0,0.06327269474665324,refine_coarse_b30.5_wc3.5_k3.5_r70_b1.00_wc0.98_k1.00_r0.95
0.05176437976192384,0.06536016610170912,6.211725571430861,0.10566794872283936,119.0,0.09482960899670918,25577366889.89492,119.0,29.56360786502101,0.32060338649177295,-0.49158374522526826,1.0,0.11098394521631558,27.45,3.4299999999999997,3.08,10.5644,59.5,0.02896583467372693,0.0,0.30660510063171387,0.0,0.0,0.0,0.06075252592563629,refine_coarse_b30.5_wc3.5_k3.5_r70_b0.90_wc0.98_k0.88_r0.85
0.06533182541962977,0.07789854122425104,7.8398190503555725,0.07420778274536133,119.0,0.058058470487594604,25431251427.887356,119.0,11.551343388918067,0.28891214380568553,-0.5009292123627539,1.0,0.11113426945246135,19.44,2.16,3.5,7.5600000000000005,59.5,0.13680636417120695,0.0,0.13685429096221924,0.0,0.0,0.0,0.039261976877848305,refine_coarse_b18_wc2_k3.5_r70_b1.08_wc1.08_k1.00_r0.85
0.05341403642734311,0.06830443029240296,6.409684371281173,0.11597120761871338,119.0,0.1076642672220866,25439213170.822044,119.0,18.000861672794116,0.29435450611386094,-0.4879653490014623,1.0,0.111489745600575,40.5,3.15,6.24,19.656,59.5,-0.040421750862151384,0.0,0.30619966983795166,0.0,0.0,0.0,0.07152181367079417,refine_coarse_b45_wc3.5_k6.5_r70_b0.90_wc0.90_k0.96_r0.85
0.07256696234985421,0.08718398266924486,8.708035481982506,0.03314661979675293,80.0,0.022775590419769287,25426161494.03679,80.0,19.362374441964285,0.28130032106084574,-0.4965380169573053,1.0,0.11156594718496322,18.0,1.8,3.8500000000000005,6.9300000000000015,66.5,0.08872148767113686,0.0,0.03989480063319206,0.0,0.0,0.0,0.020610645413398743,refine_coarse_b18_wc2_k3.5_r70_b1.00_wc0.90_k1.10_r0.95
0.051553621074752226,0.06516311596690968,6.186434528970267,0.10574305057525635,119.0,0.09600267807642619,25593214739.840923,119.0,41.11508255646008,0.3248341734109408,-0.4918093862091253,1.0,0.11167763283423995,30.5,3.5,3.5,12.25,66.5,0.004451635759323835,0.0,0.31169289350509644,0.0,0.0,0.0,0.06167587141195933,refine_coarse_b30.5_wc3.5_k3.5_r70_b1.00_wc1.00_k1.00_r0.95
0.06760374604119951,0.08291905305790966,8.11244952494394,0.05071091651916504,119.0,0.03590904672940572,25462891242.68627,119.0,18.8713153230042,0.2934674999871202,-0.5081163098137205,1.0,0.11171786969076562,17.64,1.96,3.4999999999999996,6.859999999999999,66.5,0.12750256434082985,0.0,0.03667004033923149,0.0,0.0,0.0,0.025575051705042522,refine_coarse_b18_wc2_k3.5_r70_b0.98_wc0.98_k1.00_r0.95
0.0519816944436703,0.06645741073605112,6.237803333240436,0.11374878883361816,119.0,0.10330456495285034,25545327987.70031,119.0,22.35832047662815,0.3129260762525486,-0.47823225114264833,1.0,0.11201822378755133,30.5,3.4299999999999997,3.5,12.004999999999999,59.5,0.008639568462967873,0.0,0.32460805773735046,0.0,0.0,0.0,0.06617416441440582,refine_coarse_b30.5_wc3.5_k3.5_r70_b1.00_wc0.98_k1.00_r0.85
0.051418912054591225,0.06413314179589376,6.170269446550947,0.10278725624084473,119.0,0.09186685085296631,25644274487.808575,119.0,28.865710346638654,0.335901803765117,-0.48947285459889106,1.0,0.1120304762114517,48.6,3.7800000000000002,6.24,23.587200000000003,59.5,0.014691016403958201,0.0,0.3312678337097168,0.0,0.0,0.0,0.058869962890942894,refine_coarse_b45_wc3.5_k6.5_r70_b1.08_wc1.08_k0.96_r0.85
0.05479965169044097,0.06771949242739453,6.575958202852917,0.08267664909362793,119.0,0.07732602953910828,25603080337.09394,119.0,18.616682805934875,0.33186127509242314,-0.4884607966146261,1.0,0.11207722287591988,45.0,3.5,5.72,20.02,70.0,-0.024899888259824365,0.0,0.19805985689163208,0.0,0.0,0.0,0.05330471694469452,refine_coarse_b45_wc3.5_k6.5_r70_b1.00_wc1.00_k0.88_r1.00
0.06837136327250354,0.08204681833517774,8.204563592700424,0.059589385986328125,119.0,0.03895655274391174,25453578586.376846,119.0,11.636345358455882,0.2947912804818937,-0.4943888472221668,1.0,0.11245279120639955,18.0,2.0,3.5,7.0,59.5,0.1780718546360731,0.0,0.08847265690565109,0.0,0.0,0.0,0.0312166561683019,refine_coarse_b18_wc2_k3.5_r70_b1.00_wc1.00_k1.00_r0.85
0.05167162040759763,0.06605383359447767,6.2005944489117155,0.11609303951263428,119.0,0.10370724399884541,25564153955.82032,119.0,24.4553448332458,0.31776785720452305,-0.4847382959034542,1.0,0.11251245409698936,30.5,3.5,3.36,11.76,59.5,0.04505529860034585,0.0,0.33481478691101074,0.0,0.0,0.0,0.06556162238121033,refine_coarse_b30.5_wc3.5_k3.5_r70_b1.00_wc1.00_k0.96_r0.85
0.05323120556078228,0.06820047774133299,6.387744667293873,0.11783778667449951,119.0,0.10813182592391968,25484442909.349815,119.0,21.280146238182773,0.3015875711046542,-0.4854303669595967,1.0,0.11254998895731079,29.89,3.15,3.8500000000000005,12.127500000000001,59.5,-0.007042631972581148,0.0,0.31786468625068665,0.0,0.0,0.0,0.0702481468518575,refine_coarse_b30.5_wc3.5_k3.5_r70_b0.98_wc0.90_k1.10_r0.85
0.06550688423559639,0.08499455701757411,7.860826108271567,0.02614748477935791,78.0,0.010028888781865438,25589402600.589466,78.0,24.725725446428573,0.3210767250831284,-0.49726712973533826,1.0,0.11257463504833111,16.2,1.96,3.08,6.0368,59.5,0.15886159427464008,0.0,0.06495516747236252,0.0,0.0,0.0,0.01312569280465444,refine_coarse_b18_wc2_k3.5_r70_b0.90_wc0.98_k0.88_r0.85
0.07400406984004917,0.08781733646494116,8.8804883808059,0.03949129581451416,80.0,0.024771104256312054,25414711267.27548,80.0,13.838136817226891,0.279750079575074,-0.48669564189817754,1.0,0.11260864426409646,18.0,1.8,3.8500000000000005,6.9300000000000015,59.5,0.12725278548896313,0.0,0.02413545735180378,0.0,0.0,0.0,0.023033748070398968,refine_coarse_b18_wc2_k3.5_r70_b1.00_wc0.90_k1.10_r0.85
0.05289656065604618,0.06727456765314205,6.347587278725541,0.09671318531036377,119.0,0.08966148893038432,25580843203.535355,119.0,27.270848378413866,0.3272334086440802,-0.47917279176141747,1.0,0.11268329954432482,45.0,3.4299999999999997,6.24,21.4032,70.0,-0.032484053750522435,0.0,0.2611228823661804,0.0,0.0,0.0,0.05938979983329773,refine_coarse_b45_wc3.5_k6.5_r70_b1.00_wc0.98_k0.96_r1.00
0.06975620082468102,0.08930060566800929,8.370744098961723,0.01098775863647461,80.0,0.004444708426793416,25537602626.491318,80.0,23.624827665441178,0.3063393343148177,-0.5020494064558174,1.0,0.11296435172120652,16.2,1.8,3.36,6.048,59.5,0.09258842375129461,0.0,0.08348338305950165,0.0,0.0,0.0,0.010797391335169474,refine_coarse_b18_wc2_k3.5_r70_b0.90_wc0.90_k0.96_r0.85
0.07227303525118979,0.08218707309595077,8.672764230142775,0.07163786888122559,119.0,0.05883867541948954,25359077032.513885,119.0,9.549734933035714,0.2711675464363416,-0.5048333195489023,1.0,0.11300599539352651,19.44,2.0,3.8500000000000005,7.700000000000001,59.5,0.10595223668497056,0.0,0.13789644837379456,0.0,0.0,0.0,0.04124964773654938,refine_coarse_b18_wc2_k3.5_r70_b1.08_wc1.00_k1.10_r0.85
0.06951965416769591,0.0838397816481669,8.34235850012351,0.05487477779388428,119.0,0.03418500224749247,25458802819.837955,119.0,13.155712480304622,0.29475177178848894,-0.48905606304462995,1.0,0.11305806767049846,17.64,1.96,3.4999999999999996,6.859999999999999,59.5,0.17946378327906132,0.0,0.06293924152851105,0.0,0.0,0.0,0.028423721591631573,refine_coarse_b18_wc2_k3.5_r70_b0.98_wc0.98_k1.00_r0.85
0.07170255699658318,0.08756075317021461,8.60430683958998,0.03169536590576172,97.0,0.01330601175626119,25485751628.302723,97.0,21.019945673581933,0.29768922661481667,-0.5144551914231354,1.0,0.11311318266327726,16.2,1.8,3.5,6.3,66.5,0.1876759510487318,0.0,0.032723598182201385,0.0,0.0,0.0,0.021843935052553814,refine_coarse_b18_wc2_k3.5_r70_b0.90_wc0.90_k1.00_r0.95
0.05194227912999357,0.06476410071901786,6.233073495599228,0.10557353496551514,119.0,0.09540521105130513,25647215701.442146,119.0,33.16235146402311,0.3354927444377053,-0.4959275438155172,1.0,0.11313294974588892,32.940000000000005,3.7800000000000002,3.5,13.23,59.5,-0.01703063235618174,0.0,0.34317493438720703,0.0,0.0,0.0,0.06133171419302622,refine_coarse_b30.5_wc3.5_k3.5_r70_b1.08_wc1.08_k1.00_r0.85
0.06650577347822756,0.08203242196942706,7.9806928173873075,0.06068146228790283,119.0,0.045661220947901406,25486204862.237476,119.0,19.83227333902311,0.30041625456354526,-0.4899197660688435,1.0,0.11360365409448611,18.0,2.0,3.36,6.72,66.5,0.12897934671491385,0.0,0.08246205002069473,0.0,0.0,0.0,0.029862195253372192,refine_coarse_b18_wc2_k3.5_r70_b1.00_wc1.00_k0.96_r0.95
0.05471772988956332,0.0680278339085697,6.566127586747598,0.08628535270690918,119.0,0.07891519864400227,25644394768.72898,119.0,29.76448020614496,0.33953288407199256,-0.4912257719666511,1.0,0.11361072735344288,29.89,3.4299999999999997,3.36,11.524799999999999,70.0,0.010938077699393034,0.0,0.2250102013349533,0.0,0.0,0.0,0.05109028021494547,refine_coarse_b30.5_wc3.5_k3.5_r70_b0.98_wc0.98_k0.96_r1.00
0.0649203594129915,0.08196099510269662,7.79044312955898,0.04027748107910156,76.0,0.016834874947865803,25607677083.303425,76.0,21.00802586659664,0.3307917349907529,-0.4962160356079414,1.0,0.11384057494938914,16.2,2.0,3.08,6.16,66.5,0.2586678061634302,0.0,0.06216020509600639,0.0,0.0,0.0,0.024895628293355305,refine_coarse_b18_wc2_k3.5_r70_b0.90_wc1.00_k0.88_r0.95
0.07167964343766281,0.08287440948208054,8.601557212519538,0.0656665563583374,119.0,0.05761061112085978,25389050050.324707,119.0,12.942846474527311,0.27742473998500955,-0.4944167373400632,1.0,0.11391238766989048,19.44,1.96,3.8500000000000005,7.546000000000001,66.5,0.06317003344884142,0.0,0.13279768824577332,0.0,0.0,0.0,0.03935667872428894,refine_coarse_b18_wc2_k3.5_r70_b1.08_wc0.98_k1.10_r0.95
0.07445757596483228,0.08960013801492173,8.934909115779874,0.029680967330932617,81.0,0.025439639886220295,25429603137.612312,81.0,18.196572183560924,0.28193228296929923,-0.49886941241357474,1.0,0.11391310602750988,17.64,1.8,3.5,6.3,59.5,0.0343940535094589,0.0,0.038923028856515884,0.0,0.0,0.0,0.019906863570213318,refine_coarse_b18_wc2_k3.5_r70_b0.98_wc0.90_k1.00_r0.85
0.06997459333510771,0.08173564738984322,8.396951200212925,0.07213258743286133,119.0,0.05532628297805786,25411282656.781616,119.0,13.359071362920169,0.2863073475373268,-0.5007249869328614,1.0,0.11397855268937776,19.44,2.0,3.8500000000000005,7.700000000000001,66.5,0.14264181815087795,0.0,0.11721748113632202,0.0,0.0,0.0,0.03872113426526388,refine_coarse_b18_wc2_k3.5_r70_b1.08_wc1.00_k1.10_r0.95
0.07280738492252681,0.08441115432098341,8.736886190703217,0.05785071849822998,119.0,0.05469357967376709,25387024412.761383,119.0,16.214827337184875,0.27399608942156634,-0.48808935481449905,1.0,0.11405585888314806,19.44,1.96,3.4999999999999996,6.859999999999999,59.5,0.0018213222501799464,0.0,0.10080447793006897,0.0,0.0,0.0,0.0380514512459437,refine_coarse_b18_wc2_k3.5_r70_b1.08_wc0.98_k1.00_r0.85
0.05203099555254198,0.06570294525968073,6.243719466305038,0.10943198204040527,119.0,0.09960389137268066,25622305782.970078,119.0,49.32532251181723,0.33282712994221325,-0.4941043722287232,1.0,0.11414216813236382,30.5,3.4299999999999997,3.8500000000000005,13.2055,66.5,-0.03565871165483259,0.0,0.3512444794178009,0.0,0.0,0.0,0.0651780366897583,refine_coarse_b30.5_wc3.5_k3.5_r70_b1.00_wc0.98_k1.10_r0.95
0.05173312578963116,0.06447609066805489,6.207975094755739,0.10919535160064697,119.0,0.09757810831069946,25675492783.486748,119.0,40.54545939469538,0.3429275984485066,-0.49012575710976497,1.0,0.11447758863547204,48.6,3.7800000000000002,6.24,23.587200000000003,66.5,0.01611935649998486,0.0,0.35302355885505676,0.0,0.0,0.0,0.062341456611951195,refine_coarse_b45_wc3.5_k6.5_r70_b1.08_wc1.08_k0.96_r0.95
0.05369581954050583,0.0683209093272449,6.4434983448607,0.11741781234741211,119.0,0.10521941383679707,25557084576.906082,119.0,35.59320427389706,0.3171983276330588,-0.494009310789158,1.0,0.11466750573386478,27.45,3.15,3.5,11.025,66.5,0.04726482415571809,0.0,0.3260624408721924,0.0,0.0,0.0,0.06657829384009044,refine_coarse_b30.5_wc3.5_k3.5_r70_b0.90_wc0.90_k1.00_r0.95
0.05513875715884258,0.07005423733312716,6.61665085906111,0.09944701194763184,119.0,0.09198931852976482,25561731496.191216,119.0,25.922872078518907,0.3225269461070542,-0.5078168902639982,1.0,0.11470505206042736,29.89,3.15,3.8500000000000005,12.127500000000001,70.0,-0.0008877518121153116,0.0,0.24311742186546326,0.0,0.0,0.0,0.060703312357266746,refine_coarse_b30.5_wc3.5_k3.5_r70_b0.98_wc0.90_k1.10_r1.00
0.0754990759699903,0.0881406759053058,9.059889116398836,0.04778409004211426,98.0,0.031246801217397053,25408448885.59638,98.0,10.695115546218487,0.28159761446400244,-0.5021165109343206,1.0,0.11478702237563813,17.64,1.8,3.8500000000000005,6.9300000000000015,59.5,0.14165970124304295,0.0,0.07306493073701859,0.0,0.0,0.0,0.028770317633946735,refine_coarse_b18_wc2_k3.5_r70_b0.98_wc0.90_k1.10_r0.85
0.05240871128015101,0.06450267700856568,6.289045353618121,0.10448837280273438,119.0,0.09218180179595947,25708252082.60529,119.0,54.80835166097689,0.35027413859502143,-0.489117334049071,1.0,0.11490841890923702,29.89,3.7800000000000002,3.08,11.6424,66.5,0.04322069184854627,0.0,0.3301853835582733,0.0,0.0,0.0,0.059081668655077614,refine_coarse_b30.5_wc3.5_k3.5_r70_b0.98_wc1.08_k0.88_r0.95
0.05180337958178332,0.06435604556981875,6.216405549813999,0.10991787910461426,119.0,0.09877537687619527,25685036238.41443,119.0,46.02815618434874,0.3446366525555243,-0.4940274254569162,1.0,0.11493008535184816,45.0,3.7800000000000002,5.72,21.6216,66.5,-0.004582374822348356,0.0,0.35870346426963806,0.0,0.0,0.0,0.06366625924905141,refine_coarse_b45_wc3.5_k6.5_r70_b1.00_wc1.08_k0.88_r0.95
0.06530172977924356,0.08066592638796401,7.836207573509228,0.06836891174316406,119.0,0.05766759316126505,25483311519.935944,119.0,22.07527737657563,0.3048002477067761,-0.5231246703681444,1.0,0.11516947926409848,19.44,2.16,3.5,7.5600000000000005,70.0,0.08991244155913591,0.0,0.09924869239330292,0.0,0.0,0.0,0.037486881017684937,refine_coarse_b18_wc2_k3.5_r70_b1.08_wc1.08_k1.00_r1.00
0.06982429794632594,0.08367591842129644,8.378915753559113,0.06622087955474854,119.0,0.05154187480608622,25450690021.329895,119.0,14.874913832720589,0.29286156615639947,-0.49911668158293393,1.0,0.1154037202063634,18.0,2.0,3.36,6.72,59.5,0.12456682603806257,0.0,0.11534065753221512,0.0,0.0,0.0,0.03449045121669769,refine_coarse_b18_wc2_k3.5_r70_b1.00_wc1.00_k0.96_r0.85
0.051782930995657735,0.06525516980501879,6.213951719478928,0.11347198486328125,119.0,0.10348731279373169,25643813785.12052,119.0,55.92635980173319,0.3389015683874983,-0.5148694248451727,1.0,0.11551109416371506,30.5,3.5,3.8500000000000005,13.475000000000001,66.5,-0.048433567164465785,0.0,0.36691585183143616,0.0,0.0,0.0,0.06853267550468445,refine_coarse_b30.5_wc3.5_k3.5_r70_b1.00_wc1.00_k1.10_r0.95
0.054940780398933006,0.06824169570465015,6.592893647871961,0.08996665477752686,119.0,0.08026321729024251,25691997832.23048,119.0,41.57267184217437,0.3506408831787656,-0.5027497092645181,1.0,0.11578758523702815,27.45,3.4299999999999997,3.08,10.5644,70.0,0.04866294772364199,0.0,0.24632273614406586,0.0,0.0,0.0,0.05057903130849203,refine_coarse_b30.5_wc3.5_k3.5_r70_b0.90_wc0.98_k0.88_r1.00
0.06595007427093265,0.08326976386457435,7.9140089125119175,0.048923373222351074,77.0,0.021109501520792644,25614174736.32477,77.0,21.30204913996849,0.33207324519103504,-0.49744285214154677,1.0,0.11583602699333763,16.2,2.0,3.08,6.16,59.5,0.26703566685318947,0.0,0.04912145808339119,0.0,0.0,0.0,0.02488228678703308,refine_coarse_b18_wc2_k3.5_r70_b0.90_wc1.00_k0.88_r0.85
0.07613461657572884,0.0890704130883956,9.136153989087461,0.05082690715789795,119.0,0.035220841566721596,25402802424.085342,119.0,15.77528394170168,0.28035970239641017,-0.5124010830383127,1.0,0.11585029822602941,17.64,1.8,3.8500000000000005,6.9300000000000015,66.5,0.1338098393753171,0.0,0.05322030931711197,0.0,0.0,0.0,0.02815912167231242,refine_coarse_b18_wc2_k3.5_r70_b0.98_wc0.90_k1.10_r0.95
0.06713210989529633,0.08219469359521604,8.05585318743556,0.07023382186889648,119.0,0.04180018107096354,25520283254.50976,119.0,14.948410418855042,0.3134930286767162,-0.48766910493938875,1.0,0.11588268380289521,17.64,2.0,3.36,6.72,59.5,0.2480887547135353,0.0,0.12595485150814056,0.0,0.0,0.0,0.033067564169565834,refine_coarse_b18_wc2_k3.5_r70_b0.98_wc1.00_k0.96_r0.85
0.056406300612341434,0.07101779715737205,6.768756073480972,0.10222434997558594,119.0,0.09528306126594543,25549249429.83118,119.0,20.841915867909663,0.3196454514480268,-0.48743229098951174,1.0,0.11589423342310838,30.5,3.15,3.8500000000000005,12.127500000000001,70.0,-0.024256546501419507,0.0,0.251762717962265,0.0,0.0,0.0,0.06492306292057037,refine_coarse_b30.5_wc3.5_k3.5_r70_b1.00_wc0.90_k1.10_r1.00
0.07205995501106485,0.09003276901442085,8.647194601327783,0.01782047748565674,79.0,0.00989950696627299,25543100635.470333,79.0,20.40355829831933,0.31018890069143273,-0.5025493884711341,1.0,0.11599405827934067,16.2,1.8,3.5,6.3,59.5,0.17781036533415318,0.0,0.07579240947961807,0.0,0.0,0.0,0.0200471431016922,refine_coarse_b18_wc2_k3.5_r70_b0.90_wc0.90_k1.00_r0.85
0.06617236791671341,0.08197723727693239,7.940684150005609,0.0585024356842041,119.0,0.05103431145350138,25516115937.289185,119.0,34.319971934086134,0.31066053176163566,-0.528846352549245,1.0,0.11602053277300728,19.44,2.16,3.36,7.2576,70.0,0.06285072676837444,0.0,0.041428931057453156,0.0,0.0,0.0,0.03483898937702179,refine_coarse_b18_wc2_k3.5_r70_b1.08_wc1.08_k0.96_r1.00
0.06852752850649987,0.08631932183940977,8.223303420779985,0.036655426025390625,80.0,0.029870500167210896,25544361492.78194,80.0,46.96681739101891,0.3138641661967086,-0.5188957508479307,1.0,0.11614180012432511,17.64,1.96,3.36,6.5855999999999995,70.0,0.05949170980602503,0.0,0.03925018757581711,0.0,0.0,0.0,0.021405781308809917,refine_coarse_b18_wc2_k3.5_r70_b0.98_wc0.98_k0.96_r1.00
0.05288561274347974,0.06755310952476584,6.346273529217569,0.12415564060211182,119.0,0.11112495263417561,25599529732.002514,119.0,29.783215434611346,0.32620783388676516,-0.4875945428335278,1.0,0.11648833839392596,29.89,3.4299999999999997,3.5,12.004999999999999,59.5,0.03241292521124706,0.0,0.3771486282348633,0.0,0.0,0.0,0.07054389516512553,refine_coarse_b30.5_wc3.5_k3.5_r70_b0.98_wc0.98_k1.00_r0.85
0.052925853929641185,0.06693480188385387,6.351102471556942,0.12176227569580078,119.0,0.1076367696126302,25634618406.148422,119.0,48.09922777704832,0.3328090656222032,-0.5007921051958018,1.0,0.11651324383044089,27.45,3.4299999999999997,3.08,10.5644,66.5,0.0615290452260524,0.0,0.36473673582077026,0.0,0.0,0.0,0.06755075852076213,refine_coarse_b30.5_wc3.5_k3.5_r70_b0.90_wc0.98_k0.88_r0.95
0.06443587055799185,0.08553115609892246,7.732304466959022,0.03280937671661377,78.0,0.009999434153238932,25693896750.177917,78.0,49.39114610688025,0.3472265296030586,-0.5400933412814389,1.0,0.11655801390807208,16.2,2.0,3.08,6.16,70.0,0.157644622027874,0.0,0.10411472618579865,0.0,0.0,0.0,0.006538142760594686,refine_coarse_b18_wc2_k3.5_r70_b0.90_wc1.00_k0.88_r1.00
0.0546036901294561,0.07006598890947008,6.552442815534732,0.1285020112991333,119.0,0.1187670628229777,25485047648.45034,119.0,21.61151276917017,0.30656748002134554,-0.47732149488184594,1.0,0.11686667249226462,44.1,3.15,7.15,22.5225,59.5,-0.04964687209576368,0.0,0.35983431339263916,0.0,0.0,0.0,0.07824168105920155,refine_coarse_b45_wc3.5_k6.5_r70_b0.98_wc0.90_k1.10_r0.85
0.06810069894279991,0.08424338850205382,8.172083873135989,0.0632714033126831,119.0,0.04797117908795675,25497480562.99151,119.0,27.310969504989497,0.30718276776088854,-0.5416527747415627,1.0,0.11689930512967768,18.0,2.0,3.5,7.0,70.0,0.13182534091174603,0.0,0.07130090147256851,0.0,0.0,0.0,0.03076746066411336,refine_coarse_b18_wc2_k3.5_r70_b1.00_wc1.00_k1.00_r1.00
0.05399609243217848,0.07083508663280598,6.479531091861418,0.1188211441040039,119.0,0.11003073056538899,25519480255.773144,119.0,25.510459066439076,0.31559946362482794,-0.502283318456399,1.0,0.11706954809835902,40.5,3.15,6.24,19.656,70.0,-0.03257548622786999,0.0,0.3140604794025421,0.0,0.0,0.0,0.07266648610432942,refine_coarse_b45_wc3.5_k6.5_r70_b0.90_wc0.90_k0.96_r1.00
0.05296151010293026,0.06576441072487552,6.355381212351631,0.11400389671325684,119.0,0.09971517324447632,25711108895.763752,119.0,38.397329634978995,0.3500738155125369,-0.4976107187738145,1.0,0.11717198218491452,29.89,3.7800000000000002,3.08,11.6424,59.5,0.06175697036087513,0.0,0.3761570155620575,0.0,0.125,0.0,0.0632493793964386,refine_coarse_b30.5_wc3.5_k3.5_r70_b0.98_wc1.08_k0.88_r0.85
0.05631762108388519,0.06985976261837355,6.758114530066223,0.10141754150390625,119.0,0.09356525540351868,25624401844.291885,119.0,25.789595916491596,0.3349858640095827,-0.49775887453276046,1.0,0.11719142530365292,32.940000000000005,3.4299999999999997,3.8500000000000005,13.2055,70.0,-0.006031644297763705,0.0,0.26139193773269653,0.0,0.0,0.0,0.06207635502020518,refine_coarse_b30.5_wc3.5_k3.5_r70_b1.08_wc0.98_k1.10_r1.00
0.05194996431014071,0.06551022950911319,6.233995717216885,0.11916327476501465,119.0,0.10781981547673543,25676195883.421616,119.0,36.51860392594538,0.34369120067618936,-0.47369448144261106,1.0,0.11722745229088799,44.1,3.7800000000000002,5.72,21.6216,59.5,-0.043866515974514186,0.0,0.4067813456058502,0.0,0.0,0.0,0.07035974164803822,refine_coarse_b45_wc3.5_k6.5_r70_b0.98_wc1.08_k0.88_r0.85
0.05573833129531636,0.06798584241835716,6.688599755437963,0.09167349338531494,119.0,0.08162365357081096,25735020915.88902,119.0,35.61667459952731,0.3582763032598853,-0.502018128839545,1.0,0.11728486069207167,32.940000000000005,3.7800000000000002,3.36,12.700800000000001,70.0,0.049460446927696466,0.0,0.2606751620769501,0.0,0.125,0.0,0.051155731081962585,refine_coarse_b30.5_wc3.5_k3.5_r70_b1.08_wc1.08_k0.96_r1.00
0.05725906571652975,0.07019304480264285,6.87108788598357,0.09534704685211182,119.0,0.08836481968561809,25633823267.848957,119.0,25.455463826155462,0.33833879324364946,-0.4962341007189453,1.0,0.1173103284799179,30.5,3.4299999999999997,3.36,11.524799999999999,70.0,-0.007756478618830442,0.0,0.23351626098155975,0.0,0.0,0.0,0.05990669627984365,refine_coarse_b30.5_wc3.5_k3.5_r70_b1.00_wc0.98_k0.96_r1.00
0.06718772172569629,0.08364810977781534,8.062526607083555,0.06490445137023926,119.0,0.04616041978200277,25533185785.771835,119.0,25.721691997111346,0.31548846417635984,-0.5194782670296356,1.0,0.1173488318128874,17.64,2.0,3.5,7.0,70.0,0.16229446232318878,0.0,0.09628912061452866,0.0,0.0,0.0,0.029494091868400574,refine_coarse_b18_wc2_k3.5_r70_b0.98_wc1.00_k1.00_r1.00
0.05548941543212512,0.069312465601789,6.658729851855014,0.10233879089355469,119.0,0.09412723779678345,25633451260.719612,119.0,25.63690749737395,0.33921276162506386,-0.49580930194490286,1.0,0.11735805210222772,48.6,3.5,6.5,22.75,70.0,-0.004820457426831126,0.0,0.27131712436676025,0.0,0.0,0.0,0.061577419439951576,refine_coarse_b45_wc3.5_k6.5_r70_b1.08_wc1.00_k1.00_r1.00
0.06862948935654269,0.08244394682733046,8.235538722785122,0.0802069902420044,119.0,0.05336616436640421,25486807422.607613,119.0,18.970301011029413,0.3077434675099325,-0.5085977974772578,1.0,0.11741964760637763,17.64,2.0,3.5,7.0,66.5,0.23249978013336658,0.0,0.14878709614276886,0.0,0.0,0.0,0.038412089149157204,refine_coarse_b18_wc2_k3.5_r70_b0.98_wc1.00_k1.00_r0.95
0.06814737673948722,0.08544164245994804,8.177685208738467,0.04302406311035156,79.0,0.036811649799346924,25557236130.905537,79.0,47.44314600840336,0.3189320176959549,-0.5376290750453,1.0,0.11755825108635795,17.64,2.0,3.36,6.72,70.0,0.05371806025505066,0.0,0.028171658515930176,0.0,0.0,0.0,0.02650308609008789,refine_coarse_b18_wc2_k3.5_r70_b0.98_wc1.00_k0.96_r1.00
0.053773707418878304,0.07036219206346304,6.452844890265396,0.11874651908874512,119.0,0.10990141828854878,25543528062.288345,119.0,36.021660812762605,0.3213517283568273,-0.49924241874726494,1.0,0.11759045311170284,40.5,3.15,6.499999999999999,20.474999999999998,70.0,-0.04986346676014364,0.0,0.3339942693710327,0.0,0.0,0.0,0.07230024039745331,refine_coarse_b45_wc3.5_k6.5_r70_b0.90_wc0.90_k1.00_r1.00
0.05285808193398035,0.06663841654273915,6.342969832077642,0.11875855922698975,119.0,0.10690946380297343,25660614867.169044,119.0,51.991264279149156,0.3416603469800107,-0.5062446766867427,1.0,0.11764349169160761,29.89,3.5,3.5,12.25,66.5,0.009265623288229108,0.0,0.36871835589408875,0.0,0.0,0.0,0.06869577864805858,refine_coarse_b30.5_wc3.5_k3.5_r70_b0.98_wc1.00_k1.00_r0.95
0.05732950566407264,0.06901260722652808,6.879540679688716,0.09023189544677734,119.0,0.08284189303716023,25710054430.704067,119.0,25.309205127363445,0.35284685446899045,-0.49545616416441274,1.0,0.11785407261255205,48.6,3.7800000000000002,5.72,21.6216,70.0,-0.008760646218433976,0.0,0.2536301016807556,0.0,0.0,0.0,0.05531793336073557,refine_coarse_b45_wc3.5_k6.5_r70_b1.08_wc1.08_k0.88_r1.00
0.05377339069545807,0.0690796123797288,6.452806883454969,0.11656606197357178,119.0,0.10670771201451619,25609663905.450718,119.0,35.38865135898109,0.3324136065288693,-0.4994784274229842,1.0,0.11790693989063107,44.1,3.4299999999999997,6.24,21.4032,70.0,-0.018354110652580857,0.0,0.3377225995063782,0.0,0.0,0.0,0.06887313226858775,refine_coarse_b45_wc3.5_k6.5_r70_b0.98_wc0.98_k0.96_r1.00
0.07048048204393544,0.08539917443593853,8.457657845272252,0.06827938556671143,119.0,0.05493444204330444,25449670794.37133,119.0,21.87692440257353,0.2977184853888277,-0.5160815246350691,1.0,0.11798854321047093,19.44,2.0,3.8500000000000005,7.700000000000001,70.0,0.11368068773299456,0.0,0.06536820530891418,0.0,0.0,0.0,0.035922884941101074,refine_coarse_b18_wc2_k3.5_r70_b1.08_wc1.00_k1.10_r1.00
0.06691320964985721,0.08700429592633972,8.029585157982865,0.03184211254119873,79.0,0.011184930801391602,25682065781.675507,79.0,65.87958327862395,0.3433857624440669,-0.53813834594688,1.0,0.11800655813666784,16.2,1.96,3.08,6.0368,70.0,0.04360994102898985,0.0,0.1140478104352951,0.0,0.0,0.0,0.012425392866134644,refine_coarse_b18_wc2_k3.5_r70_b0.90_wc0.98_k0.88_r1.00
0.06993098323682527,0.09099757763782555,8.391717988419032,0.022566676139831543,80.0,0.010386168956756592,25604361015.577244,80.0,47.43264180672269,0.326966037728196,-0.520052000688091,1.0,0.11817155578534597,16.2,1.8,3.5,6.3,70.0,0.10825815703719854,0.0,0.07732298225164413,0.0,0.0,0.0,0.007978598276774088,refine_coarse_b18_wc2_k3.5_r70_b0.90_wc0.90_k1.00_r1.00
0.0662324340124826,0.08242456093070753,7.947892081497912,0.06016409397125244,119.0,0.0467778742313385,25590998115.767395,119.0,39.97761702337185,0.32695598296919814,-0.5197003185782706,1.0,0.11822010884092497,18.0,2.16,3.08,6.652800000000001,70.0,0.11692853644490242,0.0,0.03744668513536453,0.0,0.0,0.0,0.030971303582191467,refine_coarse_b18_wc2_k3.5_r70_b1.00_wc1.08_k0.88_r1.00
0.05360008592765363,0.06703247578130188,6.432010311318436,0.11498689651489258,119.0,0.10282640655835469,25680560475.199883,119.0,44.29870092568277,0.3468864957146705,-0.5005276302999755,1.0,0.11827722275725835,27.45,3.4299999999999997,3.36,11.524799999999999,59.5,0.011019236873835325,0.0,0.3826959431171417,0.0,0.0,0.0,0.06732625265916188,refine_coarse_b30.5_wc3.5_k3.5_r70_b0.90_wc0.98_k0.96_r0.85
0.06407777518491571,0.08175633726935963,7.689333022189885,0.06347405910491943,119.0,0.04228174686431885,25642724923.3535,119.0,34.991658186712186,0.3401864209550259,-0.5110946888062731,1.0,0.11851921917625322,17.64,2.16,3.08,6.652800000000001,70.0,0.1860194317996502,0.0,0.06089840456843376,0.0,0.0,0.0,0.025028814872105915,refine_coarse_b18_wc2_k3.5_r70_b0.98_wc1.08_k0.88_r1.00
0.053418841493004264,0.06673546081648615,6.410260979160512,0.12064051628112793,119.0,0.10584126909573872,25696697983.149086,119.0,58.78190651260504,0.34738604688130786,-0.5058041397075603,1.0,0.11857837471976719,27.45,3.5,3.0800000000000005,10.780000000000001,66.5,0.06628618808463216,0.0,0.38516589999198914,0.0,0.0,0.0,0.06705260276794434,refine_coarse_b30.5_wc3.5_k3.5_r70_b0.90_wc1.00_k0.88_r0.95
0.06902828553218683,0.08545064913069365,8.28339426386242,0.056342482566833496,119.0,0.04766478141148885,25522589627.122517,119.0,37.540962283350844,0.3123257899190882,-0.5195466664244421,1.0,0.1186064158699123,18.0,2.0,3.36,6.72,70.0,0.07359869871288538,0.0,0.055200137197971344,0.0,0.0,0.0,0.03153002758820852,refine_coarse_b18_wc2_k3.5_r70_b1.00_wc1.00_k0.96_r1.00
0.07270679454712195,0.08358879232338122,8.724815345654633,0.07703077793121338,119.0,0.057716041803359985,25444583419.88571,119.0,27.782575334821427,0.29923441345625323,-0.51580392184018,1.0,0.11865123380219622,18.0,1.96,3.8500000000000005,7.546000000000001,66.5,0.16265604831278324,0.0,0.17498348653316498,0.0,0.0,0.0,0.044108311335245766,refine_coarse_b18_wc2_k3.5_r70_b1.00_wc0.98_k1.10_r0.95
0.07945291092047645,0.09025646082947439,9.534349310457173,0.055754661560058594,119.0,0.0530550479888916,25360639018.26213,119.0,23.669146369485293,0.2713570471902116,-0.521019854343473,1.0,0.11885028909142625,19.44,1.8,3.8500000000000005,6.9300000000000015,66.5,-0.013159406662452966,0.0,0.11346970498561859,0.0,0.0,0.0,0.0378246009349823,refine_coarse_b18_wc2_k3.5_r70_b1.08_wc0.90_k1.10_r0.95
0.06956806849793604,0.08678639536940676,8.348168219752324,0.054126620292663574,119.0,0.04257898529370626,25531652901.422997,119.0,35.10969915309874,0.31546379000715,-0.5095163855617618,1.0,0.11923654605835997,18.0,1.96,3.4999999999999996,6.859999999999999,70.0,0.10003925953060389,0.0,0.025717565789818764,0.0,0.0,0.0,0.027987390756607056,refine_coarse_b18_wc2_k3.5_r70_b1.00_wc0.98_k1.00_r1.00
0.05421238431231169,0.06829418139546888,6.505486117477403,0.12347126007080078,119.0,0.10913752516110738,25671196867.783356,119.0,36.032050124737395,0.34143277568125197,-0.47535784994751523,1.0,0.11937953346369023,27.45,3.5,3.0800000000000005,10.780000000000001,59.5,0.05107812618371099,0.0,0.38342538475990295,0.0,0.0,0.0,0.0686795065800349,refine_coarse_b30.5_wc3.5_k3.5_r70_b0.90_wc1.00_k0.88_r0.85
0.056081056869802144,0.07028557871884382,6.729726824376257,0.11066591739654541,119.0,0.10014150540033977,25648660298.00692,119.0,35.680183987657564,0.3409470458411236,-0.5055976582201095,1.0,0.11944679145486661,30.5,3.4299999999999997,3.5,12.004999999999999,70.0,0.027946419453655835,0.0,0.30393898487091064,0.0,0.0,0.0,0.06401708722114563,refine_coarse_b30.5_wc3.5_k3.5_r70_b1.00_wc0.98_k1.00_r1.00
0.055171798344067234,0.06939158413743066,6.620615801288068,0.11211538314819336,119.0,0.09969939788182576,25681175023.057358,119.0,46.415355009191174,0.34727432821167376,-0.5008394180301142,1.0,0.11952533819471199,29.89,3.4299999999999997,3.5,12.004999999999999,70.0,0.056315487483516335,0.0,0.3207360506057739,0.0,0.0,0.0,0.06233056883017222,refine_coarse_b30.5_wc3.5_k3.5_r70_b0.98_wc0.98_k1.00_r1.00
0.06631762379336692,0.07902373800450968,7.95811485520403,0.08938932418823242,119.0,0.06358542044957478,25546133890.06687,119.0,45.163352645745796,0.3260176224467422,-0.5138972406254709,1.0,0.11956793936573465,18.0,2.16,3.5,7.5600000000000005,66.5,0.2200689958408475,0.0,0.2217215746641159,0.0,0.0,0.0,0.04848689337571462,refine_coarse_b18_wc2_k3.5_r70_b1.00_wc1.08_k1.00_r0.95
0.05709824324803587,0.07209834383097484,6.851789189764304,0.11214876174926758,119.0,0.10125776131947835,25598472057.42324,119.0,26.43158728335084,0.33133827461704984,-0.5077526254088928,1.0,0.11956827423122605,27.45,3.15,3.36,10.584,70.0,0.050145580898970366,0.0,0.2767767012119293,0.0,0.0,0.0,0.06519442796707153,refine_coarse_b30.5_wc3.5_k3.5_r70_b0.90_wc0.90_k0.96_r1.00
0.05430098768997406,0.06702905616080594,6.516118522796887,0.11910092830657959,119.0,0.10282650589942932,25747485235.865913,119.0,50.849219570640756,0.35565546289972827,-0.4965806590766398,1.0,0.11970488966111971,30.5,3.7800000000000002,3.08,11.6424,66.5,0.09513527736999094,0.0,0.3799932599067688,0.0,0.0,0.0,0.0633644809325536,refine_coarse_b30.5_wc3.5_k3.5_r70_b1.00_wc1.08_k0.88_r0.95
0.07289590587198708,0.08670333935892187,8.747508704638449,0.07135999202728271,119.0,0.06233103076616923,25427632771.01228,119.0,28.46174583114496,0.2924546667469877,-0.5392793108589357,1.0,0.11986859716903077,19.44,1.96,3.8500000000000005,7.546000000000001,70.0,0.07472206570673734,0.0,0.09699895977973938,0.0,0.0,0.0,0.041095991929372154,refine_coarse_b18_wc2_k3.5_r70_b1.08_wc0.98_k1.10_r1.00
0.07464201115136765,0.09136647911857505,8.957041338164117,0.043670058250427246,80.0,0.03459723790486654,25482516612.33595,80.0,37.27470949317227,0.30203190490070514,-0.5149415720344459,1.0,0.11990396173923971,17.64,1.8,3.8500000000000005,6.9300000000000015,70.0,0.07749765738844872,0.0,0.024912768974900246,0.0,0.0,0.0,0.023537049690882366,refine_coarse_b18_wc2_k3.5_r70_b0.98_wc0.90_k1.10_r1.00
0.056801712422640094,0.07034442076132989,6.816205490716811,0.10772597789764404,119.0,0.09749382734298706,25676897860.219604,119.0,34.023371848739494,0.3454369806457242,-0.49170589883405863,1.0,0.11992292158239834,30.5,3.5,3.36,11.76,70.0,0.02475728705758229,0.0,0.296325147151947,0.0,0.0,0.0,0.06250427663326263,refine_coarse_b30.5_wc3.5_k3.5_r70_b1.00_wc1.00_k0.96_r1.00
0.0694282958778615,0.08595302063771534,8.33139550534338,0.06799614429473877,119.0,0.04909872015317281,25528072422.656395,119.0,24.525000820640756,0.3159271891866918,-0.5225391915777202,1.0,0.11998266900522057,17.64,1.96,3.4999999999999996,6.859999999999999,70.0,0.1637558126822114,0.0,0.08356063067913055,0.0,0.0,0.0,0.031019409497578938,refine_coarse_b18_wc2_k3.5_r70_b0.98_wc0.98_k1.00_r1.00
0.06053158974591308,0.07355460111428273,7.263790769509569,0.09745681285858154,119.0,0.09200584888458252,25588237474.724678,119.0,29.61548467043067,0.33086560178664465,-0.5195097708971799,1.0,0.12005255040408135,27.45,3.15,3.08,9.702,70.0,-0.03570100665092468,0.0,0.21328718960285187,0.0,0.0,0.0,0.06751605371634166,refine_coarse_b30.5_wc3.5_k3.5_r70_b0.90_wc0.90_k0.88_r1.00
0.056101261810179416,0.07112179108134077,6.73215141722153,0.11365735530853271,119.0,0.10043515761693318,25650461241.70147,119.0,46.45753594406513,0.34198037293648303,-0.5023492895370846,1.0,0.12016384449052651,27.45,3.15,3.5,11.025,70.0,0.07447060104459524,0.0,0.30958667397499084,0.0,0.125,0.0,0.06262082854906718,refine_coarse_b30.5_wc3.5_k3.5_r70_b0.90_wc0.90_k1.00_r1.00
0.053013780799375354,0.06654143628694252,6.3616536959250425,0.12411642074584961,119.0,0.11133551597595215,25720207630.378403,119.0,48.91085789784664,0.3532942262396084,-0.4958629900037994,1.0,0.12029889021436359,48.6,3.7800000000000002,6.5,24.57,66.5,-0.010758945252746344,0.0,0.4184013903141022,0.0,0.0,0.0,0.0716504454612732,refine_coarse_b45_wc3.5_k6.5_r70_b1.08_wc1.08_k1.00_r0.95
0.055587635278408244,0.06955051612607223,6.670516233408989,0.1103740930557251,119.0,0.0985995630423228,25700513440.95195,119.0,51.62392085740546,0.3525244152220513,-0.5017998029256178,1.0,0.12038653242492277,30.5,3.5,3.5,12.25,70.0,0.044838700676336884,0.0,0.31437909603118896,0.0,0.0,0.0,0.06196643908818563,refine_coarse_b30.5_wc3.5_k3.5_r70_b1.00_wc1.00_k1.00_r1.00
0.053800236574289784,0.06940447405501197,6.456028388914774,0.12362933158874512,119.0,0.11279775698979695,25642754363.84858,119.0,44.22131450236345,0.3398189595167561,-0.5210880827341074,1.0,0.12040981477208651,44.1,3.4299999999999997,6.5,22.294999999999998,70.0,-0.03183420829009265,0.0,0.3768309950828552,0.0,0.0,0.0,0.07272406915823619,refine_coarse_b45_wc3.5_k6.5_r70_b0.98_wc0.98_k1.00_r1.00
0.053147803328539564,0.06586995263712202,6.377736399424748,0.11715006828308105,119.0,0.10540236035982768,25758289779.396095,119.0,52.32518300288866,0.3622972758038684,-0.4913828833032198,1.0,0.12041079989244446,30.5,3.7800000000000002,3.5,13.23,59.5,-0.04332200885983184,0.0,0.4196035861968994,0.0,0.0,0.0,0.0702776312828064,refine_coarse_b30.5_wc3.5_k3.5_r70_b1.00_wc1.08_k1.00_r0.85
0.05633550863054969,0.06884105436621256,6.7602610356659625,0.10191035270690918,119.0,0.08987409869829814,25775899239.891426,119.0,54.45741284795168,0.3647673581409572,-0.5061119414922595,1.0,0.12047417822571356,32.940000000000005,3.7800000000000002,3.5,13.23,70.0,0.05468520941212773,0.0,0.3153717815876007,0.0,0.0,0.0,0.055378337701161705,refine_coarse_b30.5_wc3.5_k3.5_r70_b1.08_wc1.08_k1.00_r1.00
0.06550215154779646,0.07884977268990166,7.860258185735574,0.08850204944610596,119.0,0.05560005704561869,25600960578.823467,119.0,48.4254940257353,0.3407220046085233,-0.5082375743745888,1.0,0.12055499466288383,17.64,2.16,3.36,7.2576,66.5,0.2839850839227438,0.0,0.2297918051481247,0.0,0.0,0.0,0.047381957372029625,refine_coarse_b18_wc2_k3.5_r70_b0.98_wc1.08_k0.96_r0.95
0.06543722118326324,0.07858235877265851,7.852466541991589,0.10080015659332275,119.0,0.07104988892873128,25562843108.652367,119.0,41.0504488904937,0.32818096280871445,-0.536103884186906,1.0,0.12062305458353488,18.0,2.16,3.36,7.2576,66.5,0.2555086864158511,0.0,0.24497801065444946,0.0,0.0,0.0,0.050093814730644226,refine_coarse_b18_wc2_k3.5_r70_b1.00_wc1.08_k0.96_r0.95
0.052898071662288736,0.06698679017033038,6.347768599474648,0.1279393434524536,119.0,0.11519289016723633,25703668622.16028,119.0,38.93967059480042,0.3502475047734852,-0.4822522214318067,1.0,0.12078542166163866,48.6,3.7800000000000002,6.5,24.57,59.5,-0.0342264617793262,0.0,0.44345778226852417,0.0,0.0,0.0,0.07464580237865448,refine_coarse_b45_wc3.5_k6.5_r70_b1.08_wc1.08_k1.00_r0.85
0.05455168526106225,0.070392836334636,6.54620223132747,0.12451016902923584,119.0,0.11364182829856873,25627422681.44169,119.0,36.35699103860294,0.337666496289146,-0.5114621852853025,1.0,0.12103278500092118,48.6,3.4299999999999997,7.15,24.5245,70.0,-0.013420372270047665,0.0,0.3650861382484436,0.0,0.0,0.0,0.07306624452273051,refine_coarse_b45_wc3.5_k6.5_r70_b1.08_wc0.98_k1.10_r1.00
0.06813580485921307,0.08367380172538434,8.176296583105568,0.06229376792907715,119.0,0.028191665808359783,25635037027.151367,119.0,35.975032004989494,0.347683700253365,-0.5060153164069727,1.0,0.1211419408599692,16.2,1.96,3.36,6.5855999999999995,66.5,0.33940339833498,0.0,0.10703635960817337,0.0,0.0,0.0,0.039283941189448036,refine_coarse_b18_wc2_k3.5_r70_b0.90_wc0.98_k0.96_r0.95
0.058740383550349405,0.07428626852733239,7.048846026041929,0.10409557819366455,119.0,0.09796679019927979,25566191098.741936,119.0,46.71941882221638,0.3327855372342115,-0.5253245839297755,1.0,0.12134521801095736,40.5,3.15,5.719999999999999,18.017999999999997,78.4,-0.02886379702249542,0.0,0.22519104182720184,0.0,0.0,0.0,0.06976332267125447,refine_coarse_b45_wc3.5_k6.5_r70_b0.90_wc0.90_k0.88_r1.12
0.05359870098810878,0.06678301202567628,6.4318441185730535,0.12265431880950928,119.0,0.11000227928161621,25752879498.42801,119.0,48.12971868434874,0.35987589121294894,-0.4862040197880101,1.0,0.12149277473833808,32.940000000000005,3.7800000000000002,3.8500000000000005,14.553000000000003,59.5,-0.03212767525110394,0.0,0.43378931283950806,0.0,0.0,0.0,0.07203979293505351,refine_coarse_b30.5_wc3.5_k3.5_r70_b1.08_wc1.08_k1.10_r0.85
0.053781055062197915,0.06748115373857427,6.45372660746375,0.12733590602874756,119.0,0.11417034268379211,25710902776.014915,119.0,71.81565946691177,0.3524574939119569,-0.5184733123987169,1.0,0.12153690263766474,27.45,3.4299999999999997,3.36,11.524799999999999,66.5,-0.002533494960516691,0.0,0.42740991711616516,0.0,0.0,0.0,0.07442394892374675,refine_coarse_b30.5_wc3.5_k3.5_r70_b0.90_wc0.98_k0.96_r0.95
0.07281832694379584,0.08687340119893784,8.7381992332555,0.06050848960876465,119.0,0.05827860037485758,25483822440.85849,119.0,48.33295036764706,0.30555330111392215,-0.5325636468760169,1.0,0.12165633857990533,19.44,2.0,3.5,7.0,70.0,-0.04473391095234547,0.0,0.08102476596832275,0.0,0.0,0.0,0.046206201116243996,refine_coarse_b18_wc2_k3.5_r70_b1.08_wc1.00_k1.00_r1.00
0.05572659792481431,0.06852766314142446,6.687191750977718,0.10745358467102051,119.0,0.09490416447321574,25785691022.285553,119.0,49.54580406381302,0.36865457918962663,-0.4956977296534553,1.0,0.12168290093759683,48.6,3.7800000000000002,6.24,23.587200000000003,70.0,0.045790006406605244,0.0,0.34705451130867004,0.0,0.0,0.0,0.05923137068748474,refine_coarse_b45_wc3.5_k6.5_r70_b1.08_wc1.08_k0.96_r1.00
0.07740201253989767,0.09198526862338995,9.28824150478772,0.051331520080566406,119.0,0.04476799567540487,25445297943.368813,119.0,33.71681739101891,0.29558534446209805,-0.5345440038318621,1.0,0.12178377386447571,18.0,1.8,3.8500000000000005,6.9300000000000015,70.0,0.05403574765659869,0.0,0.06189331039786339,0.0,0.0,0.0,0.03060231606165568,refine_coarse_b18_wc2_k3.5_r70_b1.00_wc0.90_k1.10_r1.00
0.06757057869700892,0.08254369109284213,8.10846944364107,0.07273542881011963,119.0,0.034502784411112465,25647732727.6818,119.0,40.76998670561975,0.3505928841223962,-0.508938631601495,1.0,0.12183581348451408,16.2,2.0,3.36,6.72,66.5,0.3573773242533207,0.0,0.16213589906692505,0.0,0.0,0.0,0.041491697231928505,refine_coarse_b18_wc2_k3.5_r70_b0.90_wc1.00_k0.96_r0.95
0.05444150015544551,0.06945630351508754,6.532980018653461,0.12330973148345947,119.0,0.11180054148038228,25688034064.486965,119.0,50.121635372899156,0.34898617117786945,-0.49470220213237526,1.0,0.12186731979524498,45.0,3.5,6.5,22.75,70.0,-0.012632139725610614,0.0,0.3830122947692871,0.0,0.0,0.0,0.07133922974268596,refine_coarse_b45_wc3.5_k6.5_r70_b1.00_wc1.00_k1.00_r1.00
0.054224293269921495,0.06917608287079911,6.506915192390579,0.13347530364990234,119.0,0.11913918455441792,25669700426.700817,119.0,37.31497012867647,0.3424135222361904,-0.4916054914315479,1.0,0.12191277284346141,29.89,3.5,3.5,12.25,59.5,0.0286627144087106,0.0,0.41995465755462646,0.0,0.0,0.0,0.07548828423023224,refine_coarse_b30.5_wc3.5_k3.5_r70_b0.98_wc1.00_k1.00_r0.85
0.06897452923982618,0.08661134078069195,8.27694350877914,0.05817544460296631,119.0,0.025645981232325237,25666392530.01404,119.0,32.69802471769958,0.34796040242110055,-0.5296975698389734,1.0,0.12205828876801175,16.2,1.96,3.36,6.5855999999999995,70.0,0.30112016201019287,0.0,0.06512216478586197,0.0,0.0,0.0,0.02531445523103078,refine_coarse_b18_wc2_k3.5_r70_b0.90_wc0.98_k0.96_r1.00
0.05652859406616813,0.07076282876278348,6.783431287940175,0.12014687061309814,119.0,0.10697474082310994,25694994882.334293,119.0,44.33564617253151,0.34762547959047674,-0.4805663060978365,1.0,0.12211797234391004,32.940000000000005,3.5,3.8500000000000005,13.475000000000001,70.0,0.053641922073438764,0.0,0.35359272360801697,0.0,0.0,0.0,0.06687082846959432,refine_coarse_b30.5_wc3.5_k3.5_r70_b1.08_wc1.00_k1.10_r1.00
0.07295430383996783,0.08395604521930304,8.75451646079614,0.08741366863250732,119.0,0.06318232417106628,25483046703.35522,119.0,24.96259519432773,0.3131799161060461,-0.5044634572171047,1.0,0.12232770705965018,18.0,2.0,3.8500000000000005,7.700000000000001,59.5,0.20612345449626446,0.0,0.20561538636684418,0.0,0.0,0.0,0.04881142576535543,refine_coarse_b18_wc2_k3.5_r70_b1.00_wc1.00_k1.10_r0.85
0.05653128802978055,0.0703356692142615,6.783754563573666,0.11619305610656738,119.0,0.10002071658770244,25745403265.470566,119.0,50.560616629464285,0.36043824750378983,-0.49885811586337475,1.0,0.12262983930211593,29.89,3.5,3.36,11.76,70.0,0.1102558575803414,0.0,0.34040915966033936,0.0,0.0,0.0,0.061005244652430214,refine_coarse_b30.5_wc3.5_k3.5_r70_b0.98_wc1.00_k0.96_r1.00
0.05421250017526707,0.06992357504243285,6.505500021032049,0.13894414901733398,119.0,0.12561123569806418,25637384293.76206,119.0,37.83498965992647,0.33675031910973896,-0.4823770889838785,1.0,0.122671737177247,30.5,3.4299999999999997,3.8500000000000005,13.2055,59.5,-0.00641355337575078,0.0,0.43519142270088196,0.0,0.0,0.0,0.0805503676335017,refine_coarse_b30.5_wc3.5_k3.5_r70_b1.00_wc0.98_k1.10_r0.85
0.07251831778689659,0.08263793208484282,8.70219813442759,0.09053528308868408,119.0,0.07060634096463521,25491526673.242786,119.0,43.620843454569325,0.31566170004575256,-0.515639144330343,1.0,0.1230227193700928,17.64,2.0,3.8500000000000005,7.700000000000001,66.5,0.16564370115520433,0.0,0.25251305103302,0.0,0.0,0.0,0.05383744835853577,refine_coarse_b18_wc2_k3.5_r70_b0.98_wc1.00_k1.10_r0.95
0.05405937600527485,0.06861523814265101,6.487125120632982,0.13521361351013184,119.0,0.12088073293368022,25725029297.89775,119.0,38.46412979254202,0.3516888877054255,-0.4686857438586404,1.0,0.12330571989204774,45.0,3.7800000000000002,5.72,21.6216,59.5,0.006463013123720884,0.0,0.4632357060909271,0.0,0.0,0.0,0.07660421232382457,refine_coarse_b45_wc3.5_k6.5_r70_b1.00_wc1.08_k0.88_r0.85
0.054395640312894025,0.0680043141013592,6.527476837547283,0.12523865699768066,119.0,0.11306487520535786,25747093851.879463,119.0,53.06606978728992,0.36135104874684104,-0.4899735874372845,1.0,0.12332106955593009,27.45,3.5,3.36,11.76,59.5,-0.048280649818480015,0.0,0.43353018164634705,0.0,0.0,0.0,0.07511035601298015,refine_coarse_b30.5_wc3.5_k3.5_r70_b0.90_wc1.00_k0.96_r0.85
0.053620203206338604,0.06786672337765616,6.434424384760632,0.13529634475708008,119.0,0.12184924880663554,25740487159.303886,119.0,56.21222180278362,0.3556920707498262,-0.5029633245508063,1.0,0.12357029694540546,44.1,3.7800000000000002,5.72,21.6216,66.5,-0.028134485939517617,0.0,0.4593510627746582,0.0,0.0,0.0,0.07826130588849385,refine_coarse_b45_wc3.5_k6.5_r70_b0.98_wc1.08_k0.88_r0.95
0.05523894834025782,0.07072415329535782,6.6286738008309385,0.12829577922821045,119.0,0.11675418416659038,25680689341.614784,119.0,50.161309250262605,0.34808744039542244,-0.4981943437124043,1.0,0.12365060290955819,40.5,3.4299999999999997,5.72,19.6196,70.0,-0.02813908876851201,0.0,0.4030974209308624,0.0,0.0,0.0,0.07490858932336171,refine_coarse_b45_wc3.5_k6.5_r70_b0.90_wc0.98_k0.88_r1.00
0.055263884728035846,0.07114390518257391,6.631666167364301,0.13191509246826172,119.0,0.11826806267102559,25670047739.227425,119.0,42.14884782037815,0.34528836989781736,-0.5003407877328092,1.0,0.1237079314519519,45.0,3.4299999999999997,6.5,22.294999999999998,70.0,0.02926554053556174,0.0,0.41070306301116943,0.0,0.0,0.0,0.07450864712397258,refine_coarse_b45_wc3.5_k6.5_r70_b1.00_wc0.98_k1.00_r1.00
0.06821490833333996,0.0806006440719887,8.185789000000796,0.11074948310852051,119.0,0.07939599951108296,25541344259.377213,119.0,26.46224231880252,0.32649700587546826,-0.5098805034822845,1.0,0.12390103877419184,18.0,2.16,3.36,7.2576,59.5,0.2682896424084902,0.0,0.27354979515075684,0.0,0.0,0.0,0.055643752217292786,refine_coarse_b18_wc2_k3.5_r70_b1.00_wc1.08_k0.96_r0.85
0.06630896184806072,0.08170119674348214,7.957075421767286,0.0938950777053833,119.0,0.06102883815765381,25636786393.970165,119.0,46.16064453125,0.34783640626664314,-0.5309607775150365,1.0,0.12424184605419691,17.64,2.16,3.36,7.2576,70.0,0.2851169668138027,0.0,0.20698049664497375,0.0,0.0,0.0,0.043291136622428894,refine_coarse_b18_wc2_k3.5_r70_b0.98_wc1.08_k0.96_r1.00
0.06158361464146272,0.07432631353272837,7.390033756975527,0.09428119659423828,119.0,0.08830311894416809,25693635837.82157,119.0,48.55726841517857,0.3581498313130521,-0.5311874453079903,1.0,0.12449244899391619,44.1,3.4299999999999997,5.72,19.6196,78.4,-0.018407712515909225,0.0,0.21549946069717407,0.0,0.0,0.0,0.06443004310131073,refine_coarse_b45_wc3.5_k6.5_r70_b0.98_wc0.98_k0.88_r1.12
0.054434638562283526,0.06726589398513175,6.5321566274740235,0.1279352903366089,119.0,0.11424557367960612,25811665278.258728,119.0,80.60350741859244,0.37203701536816436,-0.5069215964408591,1.0,0.12474009229111671,29.89,3.7800000000000002,3.36,12.700800000000001,66.5,-0.011528953909873962,0.0,0.45006436109542847,0.0,0.0,0.0,0.07471203804016113,refine_coarse_b30.5_wc3.5_k3.5_r70_b0.98_wc1.08_k0.96_r0.95
0.055729062558428195,0.07052837946452888,6.687487507011383,0.1265321969985962,119.0,0.11317165692647298,25739326985.111404,119.0,74.38959919905462,0.36067591786534864,-0.5079001170614331,1.0,0.12502044054796937,30.5,3.4299999999999997,3.8500000000000005,13.2055,70.0,0.02690073603298515,0.0,0.39366641640663147,0.0,0.125,0.0,0.07188728451728821,refine_coarse_b30.5_wc3.5_k3.5_r70_b1.00_wc0.98_k1.10_r1.00
0.06241895646091014,0.07459114572170289,7.490274775309217,0.08741044998168945,119.0,0.08230346441268921,25732312148.56803,119.0,52.275292148109244,0.36754286748104925,-0.5344388158859747,1.0,0.12533704699410317,45.0,3.5,5.72,20.02,78.4,-0.0358910255599767,0.0,0.20546960830688477,0.0,0.0,0.0,0.06130344669024149,refine_coarse_b45_wc3.5_k6.5_r70_b1.00_wc1.00_k0.88_r1.12
0.05526804903926366,0.07097429002042561,6.63216588471164,0.1337275505065918,119.0,0.12082776427268982,25716439519.396523,119.0,53.73412060136555,0.35445850418434294,-0.49188183024534954,1.0,0.12554858116968487,44.1,3.5,6.5,22.75,70.0,-0.012852374697104096,0.0,0.431926965713501,0.0,0.0,0.0,0.07680007815361023,refine_coarse_b45_wc3.5_k6.5_r70_b0.98_wc1.00_k1.00_r1.00
0.056511034439031015,0.07105249421618975,6.7813241326837215,0.12755954265594482,119.0,0.11246041456858318,25755942673.37206,119.0,68.39626690519958,0.3620957887934389,-0.5117366475876296,1.0,0.1256008152771816,29.89,3.5,3.5,12.25,70.0,0.06885955017060041,0.0,0.38978782296180725,0.0,0.0,0.0,0.06987480819225311,refine_coarse_b30.5_wc3.5_k3.5_r70_b0.98_wc1.00_k1.00_r1.00
0.06060458517682908,0.07599493649182168,7.27255022121949,0.1153256893157959,119.0,0.10736875732739766,25610315066.078636,119.0,41.134425059086134,0.34191896639456876,-0.5134480468142111,1.0,0.12603866442395895,44.1,3.15,6.499999999999999,20.474999999999998,78.4,-0.021454205096233636,0.0,0.2808251976966858,0.0,0.0,0.0,0.07478031516075134,refine_coarse_b45_wc3.5_k6.5_r70_b0.98_wc0.90_k1.00_r1.12
0.0550073426223643,0.06834052378895578,6.600881114683716,0.13152790069580078,119.0,0.11607478062311809,25818552004.468628,119.0,55.52024931066177,0.3732339014602301,-0.4966786248651457,1.0,0.12608574314421883,29.89,3.7800000000000002,3.36,12.700800000000001,59.5,0.025300006149336696,0.0,0.4613300859928131,0.0,0.0,0.0,0.07514746983846028,refine_coarse_b30.5_wc3.5_k3.5_r70_b0.98_wc1.08_k0.96_r0.85
0.07118455377429314,0.08137145216259356,8.542146452915176,0.11464905738830566,119.0,0.09502897659937541,25496107680.185715,119.0,27.71030560661765,0.31699482994366907,-0.5216977488111231,1.0,0.12610576208113305,19.44,2.16,3.850000000000001,8.316000000000003,59.5,0.15490555870928802,0.0,0.3084839880466461,0.0,0.125,0.0,0.06407204767068227,refine_coarse_b18_wc2_k3.5_r70_b1.08_wc1.08_k1.10_r0.85
0.055412186472098786,0.07096521695531216,6.649462376651854,0.1335691213607788,119.0,0.12048087517420451,25726269276.964348,119.0,60.68120978860294,0.35848272701555406,-0.4985297863661746,1.0,0.1261795754938987,40.5,3.5,5.72,20.02,70.0,-0.0021085995249450207,0.0,0.422574520111084,0.0,0.0,0.0,0.07680416107177734,refine_coarse_b45_wc3.5_k6.5_r70_b0.90_wc1.00_k0.88_r1.00
0.07281626734688681,0.08399137826491292,8.737952081626418,0.10398709774017334,119.0,0.07764716943105061,25517071748.81702,119.0,38.27514443277311,0.32230762910574084,-0.5186874876892349,1.0,0.12625440282406244,18.0,2.0,3.8500000000000005,7.700000000000001,66.5,0.22345231473445892,0.0,0.2662792503833771,0.0,0.0,0.0,0.05568289260069529,refine_coarse_b18_wc2_k3.5_r70_b1.00_wc1.00_k1.10_r0.95
0.06264772712089742,0.07515889719517438,7.51772725450769,0.09511077404022217,119.0,0.08924077947934468,25714693107.513508,119.0,46.192862887342436,0.36348182102579946,-0.5350683171963764,1.0,0.12634215514187666,48.6,3.4299999999999997,6.5,22.294999999999998,78.4,-0.024218875005317386,0.0,0.2169935554265976,0.0,0.0,0.0,0.0653959463040034,refine_coarse_b45_wc3.5_k6.5_r70_b1.08_wc0.98_k1.00_r1.12
0.05569309361021434,0.07220837899670222,6.683171233225721,0.139937162399292,119.0,0.1265921394030253,25681766330.744823,119.0,44.98033334427521,0.34753588424877496,-0.48673980677708983,1.0,0.12636894075034164,45.0,3.5,6.24,21.84,70.0,0.003930289763957262,0.0,0.4381423592567444,0.0,0.0,0.0,0.08032896121342976,refine_coarse_b45_wc3.5_k6.5_r70_b1.00_wc1.00_k0.96_r1.00
0.06876216633046586,0.08130488568115395,8.251459959655904,0.10308253765106201,119.0,0.07288577159245808,25612219522.799904,119.0,38.23928653492647,0.3453315724549634,-0.5040033582872712,1.0,0.12662195876744586,17.64,2.16,3.5,7.5600000000000005,59.5,0.25758458860218525,0.0,0.2904699146747589,0.0,0.0,0.0,0.05645965039730072,refine_coarse_b18_wc2_k3.5_r70_b0.98_wc1.08_k1.00_r0.85
0.05506889681193077,0.06801466024391427,6.608267617431693,0.1311889886856079,119.0,0.11740227540334065,25834700363.80734,119.0,82.69823398109244,0.37635520739886585,-0.5035912147864948,1.0,0.1266506126505844,30.5,3.7800000000000002,3.5,13.23,66.5,-0.02888088347390294,0.0,0.4730842411518097,0.0,0.0,0.0,0.07690560321013133,refine_coarse_b30.5_wc3.5_k3.5_r70_b1.00_wc1.08_k1.00_r0.95
0.05600884492832658,0.07140058009197171,6.721061391399189,0.1329939365386963,119.0,0.11973284681638081,25740910906.62922,119.0,51.34861639968487,0.3600144155445115,-0.47892613138777507,1.0,0.12668791137032615,48.6,3.5,7.15,25.025000000000002,70.0,0.007375675719231367,0.0,0.420413076877594,0.0,0.0,0.0,0.07565031449000041,refine_coarse_b45_wc3.5_k6.5_r70_b1.08_wc1.00_k1.10_r1.00
0.07545791847185797,0.08599342749435263,9.054950216622956,0.09744811058044434,119.0,0.06734281778335571,25504386485.30809,119.0,25.811962480304622,0.3220697893227721,-0.504567710754921,1.0,0.12670803660948166,17.64,1.96,3.8500000000000005,7.546000000000001,59.5,0.2568793408572674,0.0,0.24975726008415222,0.0,0.0,0.0,0.053863714138666786,refine_coarse_b18_wc2_k3.5_r70_b0.98_wc0.98_k1.10_r0.85
0.07270399787697102,0.08690324336822731,8.724479745236522,0.09708893299102783,119.0,0.06976248820622762,25532797043.783993,119.0,28.041499803046218,0.3255382522982248,-0.5212552320756143,1.0,0.12698115800161502,18.0,1.96,3.8500000000000005,7.546000000000001,70.0,0.23494757618755102,0.0,0.20318704843521118,0.0,0.0,0.0,0.04667584101359049,refine_coarse_b18_wc2_k3.5_r70_b1.00_wc0.98_k1.10_r1.00
0.05647451817717221,0.07088585777850906,6.776942181260665,0.12831270694732666,119.0,0.11245097716649373,25795226005.58879,119.0,88.31556099002101,0.37138517703024954,-0.5312224249710142,1.0,0.12705975458107951,27.45,3.4299999999999997,3.36,11.524799999999999,70.0,0.06414278829470277,0.0,0.41323450207710266,0.0,0.0,0.0,0.07112227380275726,refine_coarse_b30.5_wc3.5_k3.5_r70_b0.90_wc0.98_k0.96_r1.00
0.07000754695016553,0.08134016696262741,8.400905634019864,0.11614334583282471,119.0,0.09211638569831848,25537188540.096523,119.0,43.826668362657564,0.32780363892135184,-0.5040000288976978,1.0,0.12712754900829482,19.44,2.16,3.850000000000001,8.316000000000003,66.5,0.2010677414946258,0.0,0.3056376576423645,0.0,0.0,0.0,0.06303949654102325,refine_coarse_b18_wc2_k3.5_r70_b1.08_wc1.08_k1.10_r0.95
0.07498526528929499,0.08573788430003719,8.998231834715398,0.10900390148162842,119.0,0.07818949222564697,25492111051.4847,119.0,21.960186613707982,0.317861198542391,-0.5074520296444496,1.0,0.12741072243126245,18.0,1.96,3.8500000000000005,7.546000000000001,59.5,0.2632497092708945,0.0,0.2645178437232971,0.0,0.0,0.0,0.0560267319281896,refine_coarse_b18_wc2_k3.5_r70_b1.00_wc0.98_k1.10_r0.85
0.06726255997730846,0.08279227619635189,8.071507197277015,0.10609316825866699,119.0,0.0724604328473409,25653055293.504383,119.0,41.664788767069325,0.3504308411814965,-0.5313004543984061,1.0,0.12744798718504097,18.0,2.16,3.36,7.2576,70.0,0.29116080328822136,0.0,0.2510741055011749,0.0,0.0,0.0,0.04710867007573446,refine_coarse_b18_wc2_k3.5_r70_b1.00_wc1.08_k0.96_r1.00
0.07119593937454548,0.08529984675765795,8.543512724945458,0.1064983606338501,119.0,0.07652514179547627,25547173726.064796,119.0,36.04616924894958,0.3296788707009347,-0.5348765481957296,1.0,0.1274817763304806,18.0,2.0,3.8500000000000005,7.700000000000001,70.0,0.25777867436408997,0.0,0.23188665509223938,0.0,0.0,0.0,0.05095386505126953,refine_coarse_b18_wc2_k3.5_r70_b1.00_wc1.00_k1.10_r1.00
0.07202844226620186,0.08633006939436728,8.643413071944224,0.09265947341918945,119.0,0.04729418953259786,25627697093.212643,119.0,24.45771238182773,0.3496284510014251,-0.5099124075299625,1.0,0.12755953143580898,16.2,1.96,3.36,6.5855999999999995,59.5,0.4028111696243286,0.0,0.21102377772331238,0.0,0.0,0.0,0.047529215614000954,refine_coarse_b18_wc2_k3.5_r70_b0.90_wc0.98_k0.96_r0.85
0.0591105004462842,0.07196123644078273,7.093260053554104,0.12251865863800049,119.0,0.10284967223803203,25852466384.341568,119.0,55.54538964023109,0.3782806986618258,-0.5136925990567542,1.0,0.12767952789822468,30.5,3.7800000000000002,3.08,11.6424,70.0,0.15156529960222542,0.0,0.37869149446487427,0.0,0.0,0.0,0.06130443513393402,refine_coarse_b30.5_wc3.5_k3.5_r70_b1.00_wc1.08_k0.88_r1.00
0.05510905809698177,0.06874342297852831,6.613086971637813,0.13736629486083984,119.0,0.12216299772262573,25824336259.013138,119.0,74.43325728728992,0.375052053605299,-0.5141066356009741,1.0,0.12773883670606598,32.940000000000005,3.7800000000000002,3.8500000000000005,14.553000000000003,66.5,0.01175229111686349,0.0,0.4846328794956207,0.0,0.0,0.0,0.07898969948291779,refine_coarse_b30.5_wc3.5_k3.5_r70_b1.08_wc1.08_k1.10_r0.95
0.06909864312495415,0.08287528383802648,8.291837174994498,0.11463212966918945,119.0,0.09450723727544148,25541263460.633938,119.0,44.777992056197476,0.32700914628584654,-0.5357744714507274,1.0,0.12785068652418236,19.44,2.16,3.850000000000001,8.316000000000003,70.0,0.16674170759506524,0.0,0.27720239758491516,0.0,0.0,0.0,0.060496474305788674,refine_coarse_b18_wc2_k3.5_r70_b1.08_wc1.08_k1.10_r1.00
0.05710486793350166,0.0730829967299712,6.852584152020199,0.13469386100769043,119.0,0.12107629577318828,25711119804.39288,119.0,72.4269342502626,0.35737458433920866,-0.5045691056398365,1.0,0.12791773066717702,27.45,3.15,3.8500000000000005,12.127500000000001,70.0,0.016896279295906425,0.0,0.4208991527557373,0.0,0.0,0.0,0.07723810275395711,refine_coarse_b30.5_wc3.5_k3.5_r70_b0.90_wc0.90_k1.10_r1.00
0.05632920507968985,0.0722236297053028,6.759504609562782,0.1403183937072754,119.0,0.12535549203554788,25739276767.113,119.0,53.74905215992647,0.35898487374807353,-0.489082536833156,1.0,0.12813040952338697,44.1,3.5,6.24,21.84,70.0,0.03148295567370951,0.0,0.44062256813049316,0.0,0.0,0.0,0.07858319580554962,refine_coarse_b45_wc3.5_k6.5_r70_b0.98_wc1.00_k0.96_r1.00
0.06777827735086059,0.08266067297311899,8.13339328210327,0.10694289207458496,119.0,0.07346139351526897,25657229776.649025,119.0,56.869193966649156,0.35292479386887776,-0.5271537998857225,1.0,0.12822223470499197,18.0,2.16,3.5,7.5600000000000005,70.0,0.2887947056442499,0.0,0.2572515606880188,0.0,0.0,0.0,0.05024608472983042,refine_coarse_b18_wc2_k3.5_r70_b1.00_wc1.08_k1.00_r1.00
0.07988504635985123,0.0917324655601219,9.586205563182148,0.07624387741088867,119.0,0.04093282421429952,25521962429.479164,119.0,26.619489397321427,0.32706929761533166,-0.5057652864655728,1.0,0.1283669157648685,16.2,1.8,3.8500000000000005,6.9300000000000015,59.5,0.3108069095760584,0.0,0.20067881047725677,0.0,0.0,0.0,0.047667115926742554,refine_coarse_b18_wc2_k3.5_r70_b0.90_wc0.90_k1.10_r0.85
0.05567985562321572,0.06958057507745204,6.681582674785886,0.1413658857345581,119.0,0.12217090527216594,25833403698.913666,119.0,54.347906545430675,0.3753274165258789,-0.49406299497852724,1.0,0.12847727276181703,30.5,3.7800000000000002,3.36,12.700800000000001,59.5,0.09420703211799264,0.0,0.48318660259246826,0.0,0.0,0.0,0.07781057556470235,refine_coarse_b30.5_wc3.5_k3.5_r70_b1.00_wc1.08_k0.96_r0.85
0.05570925607866949,0.06949266780745489,6.685110729440339,0.14216995239257812,119.0,0.12393143773078918,25841569175.633568,119.0,78.78355189732143,0.37593288609698233,-0.5100031102055994,1.0,0.12880243635902322,30.5,3.7800000000000002,3.36,12.700800000000001,66.5,0.06880179769359529,0.0,0.4890955090522766,0.0,0.0,0.0,0.07863657176494598,refine_coarse_b30.5_wc3.5_k3.5_r70_b1.00_wc1.08_k0.96_r0.95
0.056295451385250314,0.07062714075715527,6.755454166230038,0.13960063457489014,119.0,0.12527325749397278,25797137138.574814,119.0,57.23540900735294,0.3725874384226904,-0.4799862285505049,1.0,0.12949589535693518,27.45,3.4299999999999997,3.5,12.004999999999999,59.5,-0.040615824749693274,0.0,0.49691736698150635,0.0,0.0,0.0,0.08264699081579845,refine_coarse_b30.5_wc3.5_k3.5_r70_b0.90_wc0.98_k1.00_r0.85
0.06875009939802226,0.08182582816955086,8.250011927762671,0.12120747566223145,119.0,0.0812564492225647,25650257395.35125,119.0,33.77713038340336,0.35445353193271023,-0.5125165306533749,1.0,0.1300072790147856,17.64,2.16,3.36,7.2576,59.5,0.34408387914299965,0.0,0.32595735788345337,0.0,0.125,0.0,0.06026899814605713,refine_coarse_b18_wc2_k3.5_r70_b0.98_wc1.08_k0.96_r0.85
0.06575087003881398,0.07801244096507647,7.890104404657677,0.08840537071228027,119.0,0.0833416481812795,25761070438.188797,119.0,83.35763934480042,0.37551309391745036,-0.5478314773287903,1.0,0.1300122182152858,32.940000000000005,3.4299999999999997,3.8500000000000005,13.2055,78.4,-0.00788496166933328,0.0,0.1842762678861618,0.0,0.0,0.0,0.06462891399860382,refine_coarse_b30.5_wc3.5_k3.5_r70_b1.08_wc0.98_k1.10_r1.12
0.06647987889180626,0.0800533550926987,7.977585467016752,0.07356560230255127,119.0,0.0701616605122884,25781276378.38606,119.0,97.70033892463235,0.3808419345792891,-0.5707100125466738,1.0,0.13002562350543598,27.45,3.15,3.36,10.584,78.4,0.005907356564421207,0.0,0.12385411560535431,0.0,0.0,0.0,0.05701986948649088,refine_coarse_b30.5_wc3.5_k3.5_r70_b0.90_wc0.90_k0.96_r1.12
0.07035178197085278,0.08690578554903043,8.442213836502333,0.09348702430725098,119.0,0.04830002784729004,25753068451.49116,119.0,42.88306689863445,0.3727373610789354,-0.5242624838322153,1.0,0.13088795692550742,16.2,2.0,3.36,6.72,70.0,0.3965727649629116,0.0,0.20696163177490234,0.0,0.0,0.0,0.04021624227364858,refine_coarse_b18_wc2_k3.5_r70_b0.90_wc1.00_k0.96_r1.00
0.06762984659918819,0.0815771525088752,8.115581591902583,0.09285235404968262,119.0,0.04630924264589945,25809756737.55518,119.0,76.33658580619748,0.39424225032485083,-0.5335194461357717,1.0,0.13098055521572077,16.2,2.16,3.08,6.652800000000001,66.5,0.4343210346996784,0.0,0.27171996235847473,0.0,0.0,0.0,0.05724010864893595,refine_coarse_b18_wc2_k3.5_r70_b0.90_wc1.08_k0.88_r0.95
0.056410594460019566,0.07108001050295422,6.7692713352023475,0.14697563648223877,119.0,0.13128644227981567,25819359266.74965,119.0,81.7899487920168,0.37435564814085925,-0.5075583453660956,1.0,0.131093042437257,27.45,3.5,3.36,11.76,66.5,-0.0034162295050919056,0.0,0.5071433186531067,0.0,0.0,0.0,0.08473661541938782,refine_coarse_b30.5_wc3.5_k3.5_r70_b0.90_wc1.00_k0.96_r0.95
0.05798629788429442,0.07162067685346993,6.9583557461153305,0.13116097450256348,119.0,0.11513697107632954,25897958292.896835,119.0,72.83892052914916,0.3892253822210856,-0.4973579298674408,1.0,0.13121431181593607,44.1,3.7800000000000002,5.72,21.6216,70.0,0.05379829101730138,0.0,0.44354185461997986,0.0,0.0,0.0,0.07208048800627391,refine_coarse_b45_wc3.5_k6.5_r70_b0.98_wc1.08_k0.88_r1.00
0.07701733682609416,0.09232591534432429,9.242080419131298,0.08761250972747803,119.0,0.048321654399236046,25602671282.215557,119.0,29.02558757878151,0.3430302950986341,-0.5099548261113589,1.0,0.13129997107767266,16.2,1.8,3.8500000000000005,6.9300000000000015,70.0,0.3434303253889084,0.0,0.17933745682239532,0.0,0.0,0.0,0.0415181169907252,refine_coarse_b18_wc2_k3.5_r70_b0.90_wc0.90_k1.10_r1.00
0.07600299470127349,0.09763887493637924,9.120359364152819,0.04660379886627197,80.0,0.025216450293858845,25702397034.142002,80.0,113.53005596769958,0.3559839774806739,-0.6019276198459231,1.0,0.13133586338557227,16.2,1.8,3.8500000000000005,6.9300000000000015,78.4,0.1904785241931677,0.0,0.09314505755901337,0.0,0.0,0.0,0.015177061160405477,refine_coarse_b18_wc2_k3.5_r70_b0.90_wc0.90_k1.10_r1.12
0.06899225938827651,0.08156261136666655,8.27907112659318,0.12408411502838135,119.0,0.08915277322133382,25659167536.100883,119.0,63.139792049632355,0.35631311942540067,-0.5133569238576309,1.0,0.13146300674611788,17.64,2.16,3.5,7.5600000000000005,66.5,0.29800582211464643,0.0,0.35391131043434143,0.0,0.0,0.0,0.06457898517449696,refine_coarse_b18_wc2_k3.5_r70_b0.98_wc1.08_k1.00_r0.95
0.07332396727019651,0.08695709765247721,8.798876072423582,0.11064696311950684,119.0,0.07674702008565266,25589467918.994354,119.0,53.99050928965336,0.3427171513927164,-0.526651151250191,1.0,0.13151860931679177,17.64,2.0,3.8500000000000005,7.700000000000001,70.0,0.29177699889987707,0.0,0.281855046749115,0.0,0.0,0.0,0.05474024514357249,refine_coarse_b18_wc2_k3.5_r70_b0.98_wc1.00_k1.10_r1.00
0.07147431129607375,0.08676853880406368,8.576917355528849,0.09246885776519775,119.0,0.04624859491984049,25748297755.236263,119.0,61.749093191964285,0.37653199657403946,-0.5378874188043052,1.0,0.13182769059767813,16.2,2.0,3.5,7.0,70.0,0.41434555128216743,0.0,0.22616887092590332,0.0,0.125,0.0,0.046801368395487465,refine_coarse_b18_wc2_k3.5_r70_b0.90_wc1.00_k1.00_r1.00
0.07221122955571863,0.08647020240318241,8.665347546686235,0.10535073280334473,119.0,0.0573850671450297,25684626950.48512,119.0,30.66618385635504,0.364457901337727,-0.5085064820454643,1.0,0.13189073551849917,16.2,2.0,3.36,6.72,59.5,0.41808778047561646,0.0,0.2722654938697815,0.0,0.0,0.0,0.05347174406051636,refine_coarse_b18_wc2_k3.5_r70_b0.90_wc1.00_k0.96_r0.85
0.058511423964968876,0.07257252460704014,7.021370875796265,0.13903892040252686,119.0,0.11821391185124715,25893565727.43959,119.0,63.23478121717437,0.385867258398707,-0.5025614847306581,1.0,0.13192280435681683,45.0,3.7800000000000002,5.72,21.6216,70.0,0.13460137910442427,0.0,0.4642488360404968,0.0,0.0,0.0,0.07163524130980174,refine_coarse_b45_wc3.5_k6.5_r70_b1.00_wc1.08_k0.88_r1.00
0.06143328486661138,0.0761197343573861,7.371994183993365,0.1213223934173584,119.0,0.10842908422152202,25809335247.283203,119.0,70.56640625,0.378328250815403,-0.5193955783406521,1.0,0.13203639740301978,48.6,3.4299999999999997,7.15,24.5245,78.4,0.04674697946757078,0.0,0.359686940908432,0.0,0.0,0.0,0.0686093419790268,refine_coarse_b45_wc3.5_k6.5_r70_b1.08_wc0.98_k1.10_r1.12
0.07421363626864566,0.0878558746258071,8.90563635223748,0.11689615249633789,119.0,0.0825726290543874,25568454239.553,119.0,41.51504234506302,0.33748188640081406,-0.5447189386599387,1.0,0.13236749185735922,17.64,1.96,3.8500000000000005,7.546000000000001,70.0,0.2952592661604285,0.0,0.2773800790309906,0.0,0.0,0.0,0.055672526359558105,refine_coarse_b18_wc2_k3.5_r70_b0.98_wc0.98_k1.10_r1.00
0.05769172477743988,0.07333958704341319,6.923006973292786,0.14680492877960205,119.0,0.12861836949984232,25830472919.18292,119.0,84.79803210346638,0.3759512123303207,-0.5165762077312047,1.0,0.13251646789613084,30.5,3.5,3.8500000000000005,13.475000000000001,70.0,0.0705973468720913,0.0,0.5005140900611877,0.0,0.0,0.0,0.07994486888249715,refine_coarse_b30.5_wc3.5_k3.5_r70_b1.00_wc1.00_k1.10_r1.00
0.07833501800991864,0.09080608567745536,9.400202161190236,0.1015017032623291,119.0,0.05901429057121277,25578145378.32731,119.0,36.436667049632355,0.34115616720288094,-0.5168662096518651,1.0,0.13261018697575266,16.2,1.8,3.8500000000000005,6.9300000000000015,66.5,0.36905283480882645,0.0,0.2547090947628021,0.0,0.0,0.0,0.05283928414185842,refine_coarse_b18_wc2_k3.5_r70_b0.90_wc0.90_k1.10_r0.95
0.07643911488986722,0.08704413986944563,9.172693786784066,0.12536871433258057,119.0,0.09252911806106567,25523831061.19983,119.0,40.23855616465336,0.32843904734887014,-0.5395623354317962,1.0,0.13284741834902453,17.64,1.96,3.8500000000000005,7.546000000000001,66.5,0.2799396850168705,0.0,0.32246482372283936,0.0,0.0,0.0,0.06406313677628835,refine_coarse_b18_wc2_k3.5_r70_b0.98_wc0.98_k1.10_r0.95
0.05968285962982425,0.07305386917570415,7.161943155578911,0.13648676872253418,119.0,0.11118802428245544,25947069316.336037,119.0,78.47474478072479,0.3961510411059373,-0.505443347926176,1.0,0.1329595692492841,29.89,3.7800000000000002,3.08,11.6424,70.0,0.20216929756861646,0.0,0.44260263442993164,0.0,0.0,0.0,0.0661831647157669,refine_coarse_b30.5_wc3.5_k3.5_r70_b0.98_wc1.08_k0.88_r1.00
0.05874301677241836,0.07212876497282218,7.0491620126902035,0.1337655782699585,119.0,0.11471481124560039,25950437996.118244,119.0,107.20980091255252,0.3987402133636562,-0.5259321227364802,1.0,0.13324616831865715,29.89,3.7800000000000002,3.36,12.700800000000001,70.0,0.103888746118173,0.0,0.46582716703414917,0.0,0.0,0.0,0.07184927662213643,refine_coarse_b30.5_wc3.5_k3.5_r70_b0.98_wc1.08_k0.96_r1.00
0.0686162305854225,0.08339273642545289,8.2339476702507,0.12240779399871826,119.0,0.0853324035803477,25716732707.55565,119.0,67.49999179359244,0.3669037223228041,-0.5457863705717896,1.0,0.1333434528279997,17.64,2.16,3.5,7.5600000000000005,70.0,0.3188198395073414,0.0,0.3224826753139496,0.0,0.0,0.0,0.057985782623291016,refine_coarse_b18_wc2_k3.5_r70_b0.98_wc1.08_k1.00_r1.00
0.060612316642616786,0.07851409873038835,7.273477997114014,0.1445159912109375,119.0,0.13022090991338095,25675970479.328156,119.0,66.0617655265231,0.3546236120357688,-0.5188820332787434,1.0,0.13356012491374694,40.5,3.15,6.24,19.656,78.4,0.054632056038826704,0.0,0.39798152446746826,0.0,0.0,0.0,0.08391996224721272,refine_coarse_b45_wc3.5_k6.5_r70_b0.90_wc0.90_k0.96_r1.12
0.06207837222606448,0.07728660849457351,7.449404667127737,0.12984859943389893,119.0,0.11754968762397766,25769762423.37047,119.0,68.6690314797794,0.3716372319251263,-0.5226152247133169,1.0,0.13360108780022562,45.0,3.4299999999999997,6.24,21.4032,78.4,0.02399309049360454,0.0,0.3796531558036804,0.0,0.0,0.0,0.07620492080847423,refine_coarse_b45_wc3.5_k6.5_r70_b1.00_wc0.98_k0.96_r1.12
0.07312528384310515,0.08609935476599888,8.775034061172619,0.1125791072845459,119.0,0.06628529230753581,25673036484.86696,119.0,57.81105977547269,0.3652330974407252,-0.5201842510690912,1.0,0.13361521289461306,16.2,1.96,3.4999999999999996,6.859999999999999,66.5,0.4011784568428993,0.0,0.3115014433860779,0.0,0.0,0.0,0.05993074178695679,refine_coarse_b18_wc2_k3.5_r70_b0.90_wc0.98_k1.00_r0.95
0.07643287222702497,0.09424675757350483,9.171944667242997,0.04791593551635742,80.0,0.043441375096639,25698035507.34565,80.0,165.09480862657563,0.3598399065728306,-0.6465842911913214,1.0,0.133734315041915,18.0,2.0,3.5,7.0,78.4,-0.007659464550670236,0.0,0.07315193116664886,0.0,0.0,0.0,0.0423013319571813,refine_coarse_b18_wc2_k3.5_r70_b1.00_wc1.00_k1.00_r1.12
0.058845076392494394,0.07206417172589125,7.0614091670993275,0.13311004638671875,119.0,0.11464346448580424,25965997576.43825,119.0,109.42387736344538,0.40201423594443264,-0.5349845634743075,1.0,0.13376887092748727,30.5,3.7800000000000002,3.5,13.23,70.0,0.0913915024138987,0.0,0.4646046757698059,0.0,0.0,0.0,0.07243820031483968,refine_coarse_b30.5_wc3.5_k3.5_r70_b1.00_wc1.08_k1.00_r1.00
0.06421457870780121,0.07771840445238336,7.705749444936146,0.12595677375793457,119.0,0.11192903916041057,25782141207.70206,119.0,64.0248366924895,0.37249084941977595,-0.519101925271349,1.0,0.13377956384621711,44.1,3.5,5.72,20.02,78.4,0.08286762738134712,0.0,0.360251784324646,0.0,0.0,0.0,0.07557906210422516,refine_coarse_b45_wc3.5_k6.5_r70_b0.98_wc1.00_k0.88_r1.12
0.06924618695734162,0.08305869289982497,8.309542434880996,0.11121773719787598,119.0,0.05747170249621073,25809429124.210537,119.0,46.55292312237395,0.39331589814541124,-0.5090163083008553,1.0,0.13406033113699298,16.2,2.16,3.08,6.652800000000001,59.5,0.4805864840745926,0.0,0.31224513053894043,0.0,0.0,0.0,0.05978602667649587,refine_coarse_b18_wc2_k3.5_r70_b0.90_wc1.08_k0.88_r0.85
0.059865364265516516,0.07433875160871029,7.183843711861982,0.14557099342346191,119.0,0.11950732270876567,25897661253.226845,119.0,80.53372423188026,0.389238417544166,-0.5387470049942612,1.0,0.1342290725812585,27.45,3.5,3.0800000000000005,10.780000000000001,70.0,0.2089371454785578,0.0,0.45653510093688965,0.0,0.0,0.0,0.07161227862040202,refine_coarse_b30.5_wc3.5_k3.5_r70_b0.90_wc1.00_k0.88_r1.00
0.07376488952918218,0.09632324665664828,8.851786743501862,0.05167520046234131,92.0,0.008495142062505087,25933349289.11836,92.0,174.754751509979,0.39646772667896335,-0.5969713782090105,1.0,0.13429436916291518,16.2,1.96,3.36,6.5855999999999995,78.4,0.07811526895966381,0.0,0.2176564484834671,0.0,0.0,0.0,0.012012799580891928,refine_coarse_b18_wc2_k3.5_r70_b0.90_wc0.98_k0.96_r1.12
0.07203403668733206,0.09015251042002663,8.644084402479848,0.08977627754211426,119.0,0.06325249870618184,25735708231.467854,119.0,110.71713744091386,0.3673699041360948,-0.5861594264167672,1.0,0.13443068734775268,18.0,2.16,3.36,7.2576,78.4,0.2343097273260355,0.0,0.10043485462665558,0.0,0.0,0.0,0.04298543930053711,refine_coarse_b18_wc2_k3.5_r70_b1.00_wc1.08_k0.96_r1.12
0.07279209358108764,0.0882058531301276,8.735051229730516,0.10248160362243652,119.0,0.05346055825551351,25749664227.778233,119.0,57.86287503282563,0.37809251055086446,-0.5270985763343051,1.0,0.13448673275106374,16.2,1.96,3.4999999999999996,6.859999999999999,70.0,0.4298005700111389,0.0,0.23732832074165344,0.0,0.0,0.0,0.04815411567687988,refine_coarse_b18_wc2_k3.5_r70_b0.90_wc0.98_k1.00_r1.00
0.07399196639151455,0.08709643578741162,8.879035966981746,0.11339116096496582,119.0,0.06491425633430481,25686073224.512684,119.0,38.41453847163866,0.3682540936519303,-0.5128725525186087,1.0,0.13484933339375138,16.2,1.96,3.4999999999999996,6.859999999999999,59.5,0.4206360075622797,0.0,0.32598021626472473,0.0,0.0,0.0,0.060523658990859985,refine_coarse_b18_wc2_k3.5_r70_b0.90_wc0.98_k1.00_r0.85
0.07150047770632947,0.08391234441973923,8.580057324759537,0.13708090782165527,119.0,0.09980025887489319,25633521063.978798,119.0,35.557276621586134,0.35299546473230553,-0.5198113993698376,1.0,0.13489234713063294,18.0,2.16,3.5,7.5600000000000005,59.5,0.3183525772765279,0.0,0.3707793951034546,0.0,0.0,0.0,0.06902173658212025,refine_coarse_b18_wc2_k3.5_r70_b1.00_wc1.08_k1.00_r0.85
0.057143412386250245,0.07475463217694964,6.85720948635003,0.15847110748291016,119.0,0.14267059167226157,25792874953.230183,119.0,67.60983045561974,0.37140195558210465,-0.49102101279241345,1.0,0.13512291809148702,44.1,3.4299999999999997,7.15,24.5245,70.0,-0.015465209726244211,0.0,0.5269041657447815,0.0,0.0,0.0,0.09080609182516734,refine_coarse_b45_wc3.5_k6.5_r70_b0.98_wc0.98_k1.10_r1.00
0.05809186454202783,0.07463447365864391,6.97102374504334,0.15477490425109863,119.0,0.13641170660654703,25826572722.005516,119.0,87.4327936252626,0.3776972150569732,-0.5039114331201868,1.0,0.1351567310166599,29.89,3.4299999999999997,3.8500000000000005,13.2055,70.0,0.060017088311724365,0.0,0.5208157896995544,0.0,0.0,0.0,0.08550385137399037,refine_coarse_b30.5_wc3.5_k3.5_r70_b0.98_wc0.98_k1.10_r1.00
0.07358932320462183,0.08366172672897607,8.83071878455462,0.11979520320892334,119.0,0.10208674271901448,25628826049.13018,119.0,46.505239791228995,0.3513403942720826,-0.5095822883962623,1.0,0.13515987216273226,18.0,2.16,3.850000000000001,8.316000000000003,59.5,0.1067253981018439,0.0,0.38142699003219604,0.0,0.0,0.0,0.07270453373591106,refine_coarse_b18_wc2_k3.5_r70_b1.00_wc1.08_k1.10_r0.85
0.0654799496647513,0.08044845751537336,7.857593959770156,0.11855578422546387,119.0,0.10753158728281657,25757067710.954185,119.0,66.48458426339286,0.3734622084591879,-0.5265513440950899,1.0,0.13520926339269893,29.89,3.15,3.8500000000000005,12.127500000000001,78.4,0.05418522306717932,0.0,0.2901015877723694,0.0,0.0,0.0,0.07347515722115834,refine_coarse_b30.5_wc3.5_k3.5_r70_b0.98_wc0.90_k1.10_r1.12
0.0776754892512732,0.09470542928222941,9.321058710152784,0.05676078796386719,119.0,0.0517251193523407,25683184697.92407,119.0,154.8618328190651,0.356692970913474,-0.6323366307114251,1.0,0.1352317588956327,17.64,2.0,3.5,7.0,78.4,0.04468079097568989,0.0,0.03244040533900261,0.0,0.0,0.0,0.04585761328538259,refine_coarse_b18_wc2_k3.5_r70_b0.98_wc1.00_k1.00_r1.12
0.06866768377985674,0.08445790826528053,8.240122053582809,0.10040748119354248,119.0,0.046589801708857216,25926948333.333282,119.0,69.98106371454831,0.4116758817242499,-0.5250745291568893,1.0,0.1354449465171085,16.2,2.16,3.08,6.652800000000001,70.0,0.5033649988472462,0.0,0.22556254267692566,0.0,0.0,0.0,0.046852096915245056,refine_coarse_b18_wc2_k3.5_r70_b0.90_wc1.08_k0.88_r1.00
0.05751976851959739,0.07174386410052165,6.902372222351687,0.15011203289031982,119.0,0.13323951760927835,25931678479.194065,119.0,72.9078707654937,0.3951719642621662,-0.476520157130522,1.0,0.13557482437011267,27.45,3.7800000000000002,3.08,11.6424,59.5,-0.01845257170498371,0.0,0.5672286748886108,0.0,0.0,0.0,0.08708366254965465,refine_coarse_b30.5_wc3.5_k3.5_r70_b0.90_wc1.08_k0.88_r0.85
0.05935953021695658,0.07354807459549473,7.123143626034789,0.1448075771331787,119.0,0.12330896655718486,25963258499.018257,119.0,71.76770532431723,0.3974874667666901,-0.5050380808953631,1.0,0.13558183524869735,48.6,3.7800000000000002,6.5,24.57,70.0,0.125053457217291,0.0,0.5085290670394897,0.0,0.0,0.0,0.07543787856896718,refine_coarse_b45_wc3.5_k6.5_r70_b1.08_wc1.08_k1.00_r1.00
0.07285925355301022,0.0943639041553126,8.743110426361227,0.07334351539611816,119.0,0.03232733408610026,25867017779.234314,119.0,114.31725971638656,0.39151357433059536,-0.5679484717856674,1.0,0.1356818455200877,16.2,1.96,3.4999999999999996,6.859999999999999,78.4,0.36574650555849075,0.0,0.1519755721092224,0.0,0.0,0.0,0.018285398681958515,refine_coarse_b18_wc2_k3.5_r70_b0.90_wc0.98_k1.00_r1.12
0.06959954126656574,0.08162867988419248,8.351944951987889,0.07674777507781982,119.0,0.0730448067188263,25884375041.650738,119.0,98.74143661370799,0.401440530952167,-0.5791893855681239,1.0,0.13578279007737676,30.5,3.4299999999999997,3.5,12.004999999999999,78.4,-0.0048607197823002934,0.0,0.14502735435962677,0.0,0.0,0.0,0.06089403728644053,refine_coarse_b30.5_wc3.5_k3.5_r70_b1.00_wc0.98_k1.00_r1.12
0.07453254374480026,0.09331184926750226,8.94390524937603,0.09831368923187256,119.0,0.0687595506509145,25660514653.408016,119.0,81.46616087841386,0.35490448994585905,-0.5713500820204989,1.0,0.13580659198022277,17.64,1.96,3.8500000000000005,7.546000000000001,78.4,0.2589258663356304,0.0,0.14366942644119263,0.0,0.0,0.0,0.04077190160751343,refine_coarse_b18_wc2_k3.5_r70_b0.98_wc0.98_k1.10_r1.12
0.0614643047820645,0.0798826373975213,7.37571657384774,0.15188419818878174,119.0,0.13744211196899414,25684208968.863396,119.0,69.46350200236344,0.3545926832038612,-0.5102681485682339,1.0,0.1359490743227156,45.0,3.15,7.15,22.5225,78.4,0.03596337087219581,0.0,0.4263916015625,0.0,0.0,0.0,0.08863009512424469,refine_coarse_b45_wc3.5_k6.5_r70_b1.00_wc0.90_k1.10_r1.12
0.060848614942701336,0.0796154421684357,7.30183379312416,0.154596209526062,119.0,0.13851932684580484,25695153146.698997,119.0,73.18442670036765,0.35666967093143553,-0.52002765812831,1.0,0.13612028530199327,44.1,3.15,7.15,22.5225,78.4,0.059306725626811385,0.0,0.44376009702682495,0.0,0.0,0.0,0.08840461572011311,refine_coarse_b45_wc3.5_k6.5_r70_b0.98_wc0.90_k1.10_r1.12
0.06485900027929764,0.07884580994573435,7.783080033515716,0.13376832008361816,119.0,0.11888408660888672,25811554628.893288,119.0,61.922629989495796,0.3773809231594928,-0.5317188073900156,1.0,0.13664602583991992,48.6,3.5,6.5,22.75,78.4,0.08259853604249656,0.0,0.3819715976715088,0.0,0.0,0.0,0.07898113628228505,refine_coarse_b45_wc3.5_k6.5_r70_b1.08_wc1.00_k1.00_r1.12
0.06004254222683016,0.07356092159289541,7.20510506721962,0.1415947675704956,119.0,0.11875802278518677,26006277428.671474,119.0,99.67093536633404,0.4083166120788994,-0.5297371174422154,1.0,0.13677143068510433,32.940000000000005,3.7800000000000002,3.8500000000000005,14.553000000000003,70.0,0.15246736397966743,0.0,0.4885104298591614,0.0,0.0,0.0,0.07346281905968984,refine_coarse_b30.5_wc3.5_k3.5_r70_b1.08_wc1.08_k1.10_r1.00
0.06967747931828967,0.0820262213828619,8.36129751819476,0.07807153463363647,119.0,0.06979694962501526,25925947266.576797,119.0,98.7380596769958,0.4103935527377113,-0.5679160786191498,1.0,0.13687012011545682,29.89,3.5,3.36,11.76,78.4,0.022679657209664583,0.0,0.13984723389148712,0.0,0.0,0.0,0.05661776661872864,refine_coarse_b30.5_wc3.5_k3.5_r70_b0.98_wc1.00_k0.96_r1.12
0.058857772943017986,0.07466569065258095,7.062932753162158,0.15256750583648682,119.0,0.13501726587613425,25893177099.160603,119.0,102.97304195115547,0.3903664206483036,-0.5270183953607145,1.0,0.13718987677203826,29.89,3.5,3.8500000000000005,13.475000000000001,70.0,0.04054463352076709,0.0,0.5126593708992004,0.0,0.0,0.0,0.08547782897949219,refine_coarse_b30.5_wc3.5_k3.5_r70_b0.98_wc1.00_k1.10_r1.00
0.07016841195950102,0.08245244165082231,8.420209435140123,0.0746343731880188,119.0,0.06599373618761699,25972984154.719063,119.0,107.96474527310924,0.4158130310916803,-0.5768466014456749,1.0,0.1374279160144992,27.45,3.4299999999999997,3.08,10.5644,78.4,0.06977429240942001,0.0,0.1426098644733429,0.0,0.0,0.0,0.05354084571202596,refine_coarse_b30.5_wc3.5_k3.5_r70_b0.90_wc0.98_k0.88_r1.12
0.0701946726626962,0.08255616677042037,8.423360719523544,0.08761286735534668,119.0,0.08336227138837178,25836470129.65503,119.0,104.47832277442227,0.3953379918785527,-0.5614897224915428,1.0,0.1374479921284702,29.89,3.4299999999999997,3.36,11.524799999999999,78.4,-0.020292693805913586,0.0,0.17582887411117554,0.0,0.0,0.0,0.06819211939970653,refine_coarse_b30.5_wc3.5_k3.5_r70_b0.98_wc0.98_k0.96_r1.12
0.06459939398562824,0.07841683461294803,7.751927278275389,0.13174617290496826,119.0,0.11161847909291585,25911409239.288895,119.0,81.23480993960084,0.39446203697391746,-0.5315126293837156,1.0,0.13755767922569373,45.0,3.5,6.24,21.84,78.4,0.15662484616041183,0.0,0.40178778767585754,0.0,0.0,0.0,0.06953168412049611,refine_coarse_b45_wc3.5_k6.5_r70_b1.00_wc1.00_k0.96_r1.12
0.06679527280278422,0.08183144045969529,8.015432736334105,0.12643790245056152,119.0,0.11399717132250468,25747831557.470444,119.0,70.31347245929622,0.372761527159124,-0.5351601138380341,1.0,0.13759171850039664,30.5,3.15,3.8500000000000005,12.127500000000001,78.4,0.07603462570114061,0.0,0.2930930256843567,0.0,0.0,0.0,0.07904113332430522,refine_coarse_b30.5_wc3.5_k3.5_r70_b1.00_wc0.90_k1.10_r1.12
0.062245513290552404,0.07771833034961691,7.469461594866289,0.14068222045898438,119.0,0.11999986569086711,25900521750.78947,119.0,99.44634240414916,0.39281270706912486,-0.5273236313395264,1.0,0.13761891044950594,45.0,3.5,6.5,22.75,78.4,0.1460304840002209,0.0,0.446156769990921,0.0,0.0,0.0,0.07285982370376587,refine_coarse_b45_wc3.5_k6.5_r70_b1.00_wc1.00_k1.00_r1.12
0.07014159830229308,0.08237247529371793,8.41699179627517,0.08477270603179932,119.0,0.0800824761390686,25873941681.422737,119.0,101.2818039325105,0.4020322761206376,-0.5707669560829054,1.0,0.13773970684541,30.5,3.5,3.36,11.76,78.4,0.00251587200909853,0.0,0.17351174354553223,0.0,0.0,0.0,0.064898282289505,refine_coarse_b30.5_wc3.5_k3.5_r70_b1.00_wc1.00_k0.96_r1.12
0.07311013347933226,0.08641549369974394,8.773216017519871,0.1257309913635254,119.0,0.07826222976048787,25744078866.573425,119.0,67.68629776129201,0.3797396382927494,-0.5259421157205726,1.0,0.1381629658113602,16.2,2.0,3.5,7.0,66.5,0.4103204067796469,0.0,0.37797674536705017,0.0,0.0,0.0,0.06539818147818248,refine_coarse_b18_wc2_k3.5_r70_b0.90_wc1.00_k1.00_r0.95
0.07916950984455487,0.0954603925042393,9.500341181346585,0.0837397575378418,119.0,0.0775286853313446,25581856214.746513,119.0,118.39075219931723,0.3420785655070525,-0.6046015621714147,1.0,0.13820507858637426,19.44,2.0,3.8500000000000005,7.700000000000001,78.4,0.05187645702972077,0.0,0.0792788565158844,0.0,0.0,0.0,0.05925753712654114,refine_coarse_b18_wc2_k3.5_r70_b1.08_wc1.00_k1.10_r1.12
0.05952317349769866,0.07512440200849149,7.142780819723839,0.15518367290496826,119.0,0.134109099706014,25922212899.125343,119.0,108.74645072872899,0.3961442766557686,-0.5237391633257394,1.0,0.13845591952292938,27.45,3.4299999999999997,3.5,12.004999999999999,70.0,0.10739949252456427,0.0,0.5377364754676819,0.0,0.0,0.0,0.08433887859185536,refine_coarse_b30.5_wc3.5_k3.5_r70_b0.90_wc0.98_k1.00_r1.00
0.07699601725515208,0.08759623394505547,9.23952207061825,0.1376035213470459,119.0,0.10019927223523457,25606050196.987434,119.0,35.269596901260506,0.35194688492668863,-0.5114616544574903,1.0,0.13873970354857504,17.64,2.0,3.8500000000000005,7.700000000000001,59.5,0.3185123931616545,0.0,0.3807811439037323,0.0,0.0,0.0,0.07185949881871541,refine_coarse_b18_wc2_k3.5_r70_b0.98_wc1.00_k1.10_r0.85
0.07496785900501095,0.08799255883093055,8.996143080601314,0.12485766410827637,119.0,0.07759710152943929,25715829611.869556,119.0,41.547642299107146,0.3754271737668421,-0.5339744607399529,1.0,0.1388771176299754,16.2,2.0,3.5,7.0,59.5,0.40835959650576115,0.0,0.35897964239120483,0.0,0.0,0.0,0.06554981072743733,refine_coarse_b18_wc2_k3.5_r70_b0.90_wc1.00_k1.00_r0.85
0.0703567832654528,0.09126454208262069,8.442813991854337,0.0697396993637085,119.0,0.025561600923538208,26095321208.905678,119.0,140.22977530856093,0.4337679317240095,-0.5498505448336497,1.0,0.1388971441199705,16.2,2.16,3.08,6.652800000000001,78.4,0.4390045329928398,0.0,0.23488084971904755,0.0,0.0,0.0,0.017832060654958088,refine_coarse_b18_wc2_k3.5_r70_b0.90_wc1.08_k0.88_r1.12
0.06320236305536847,0.07925215603870203,7.584283566644217,0.14709389209747314,119.0,0.12904434402783713,25849154124.889305,119.0,92.41226119353992,0.38374089968788616,-0.5102425523424771,1.0,0.13906695981404288,44.1,3.4299999999999997,6.24,21.4032,78.4,0.10275080520659685,0.0,0.4523378014564514,0.0,0.0,0.0,0.08045212924480438,refine_coarse_b45_wc3.5_k6.5_r70_b0.98_wc0.98_k0.96_r1.12
0.07453244466047598,0.09327741920298452,8.943893359257117,0.11571288108825684,119.0,0.07846308747927348,25692472246.02443,119.0,76.18145598082984,0.3642444858110354,-0.5727970490325863,1.0,0.13907117403453628,18.0,2.0,3.8500000000000005,7.700000000000001,78.4,0.32662258855998516,0.0,0.20692184567451477,0.0,0.0,0.0,0.045435825983683266,refine_coarse_b18_wc2_k3.5_r70_b1.00_wc1.00_k1.10_r1.12
0.07329316693802071,0.08439894984722358,8.795180032562484,0.13603878021240234,119.0,0.11377041538556416,25680799056.014874,119.0,73.07081719406513,0.3632978413185492,-0.5379144465464788,1.0,0.13956476861705377,18.0,2.16,3.850000000000001,8.316000000000003,66.5,0.1543268223758787,0.0,0.4311104118824005,0.0,0.0,0.0,0.07887070874373119,refine_coarse_b18_wc2_k3.5_r70_b1.00_wc1.08_k1.10_r0.95
0.0701646776798024,0.08968373378604247,8.419761321576289,0.124092698097229,119.0,0.07738594214121501,25828696586.149097,119.0,99.3785082392332,0.3896115355911834,-0.5471967240014052,1.0,0.1395865485869984,18.0,2.16,3.5,7.5600000000000005,78.4,0.4115031510591507,0.0,0.24123512208461761,0.0,0.0,0.0,0.04300058881441752,refine_coarse_b18_wc2_k3.5_r70_b1.00_wc1.08_k1.00_r1.12
0.06219359949506232,0.0777394758466741,7.463231939407478,0.14341354370117188,119.0,0.12223134438196818,25958390737.555084,119.0,116.87879136029412,0.40344462694954103,-0.5310123485414435,1.0,0.13971716046480423,44.1,3.5,6.5,22.75,78.4,0.14314327528700233,0.0,0.47476232051849365,0.0,0.0,0.0,0.07410488029321034,refine_coarse_b45_wc3.5_k6.5_r70_b0.98_wc1.00_k1.00_r1.12
0.0663382129108849,0.08127243157309737,7.960585549306188,0.1492239236831665,119.0,0.13294758399327597,25754014621.507202,119.0,64.56934004070378,0.36787179786378205,-0.5094314111844978,1.0,0.13977040062474066,45.0,3.4299999999999997,5.72,19.6196,78.4,0.09636851737741381,0.0,0.4149978458881378,0.0,0.0,0.0,0.0908389687538147,refine_coarse_b45_wc3.5_k6.5_r70_b1.00_wc0.98_k0.88_r1.12
0.06100348075001231,0.07500312646960464,7.320417690001477,0.1531541347503662,119.0,0.12548821171124777,26044115248.62699,119.0,107.51531725971638,0.4135203505595507,-0.5293813702509678,1.0,0.13999786366968156,30.5,3.7800000000000002,3.36,12.700800000000001,70.0,0.2119570979848504,0.0,0.5308318734169006,0.0,0.0,0.0,0.07649898032347362,refine_coarse_b30.5_wc3.5_k3.5_r70_b1.00_wc1.08_k0.96_r1.00
0.06848656909535862,0.08171357220488497,8.218388291443034,0.11143612861633301,119.0,0.09246788422266643,25947530694.16928,119.0,86.28559529280462,0.40961784748498486,-0.5419783427900573,1.0,0.13999821484757144,29.89,3.4299999999999997,3.5,12.004999999999999,78.4,0.16354470467194915,0.0,0.29877185821533203,0.0,0.0,0.0,0.06285336116949718,refine_coarse_b30.5_wc3.5_k3.5_r70_b0.98_wc0.98_k1.00_r1.12
0.06315386722827915,0.07884786676553199,7.578464067393497,0.1482994556427002,119.0,0.1252471605936686,25938559505.11963,119.0,100.96223411239495,0.39881551855828307,-0.514598866835398,1.0,0.14047779021628803,48.6,3.5,7.15,25.025000000000002,78.4,0.1724117835983634,0.0,0.4748591184616089,0.0,0.0,0.0,0.07548206547896068,refine_coarse_b45_wc3.5_k6.5_r70_b1.08_wc1.00_k1.10_r1.12
0.06865525104962937,0.08346440517097821,8.238630125955524,0.12662184238433838,119.0,0.1094520886739095,25820465135.56304,119.0,77.6320780265231,0.386196573813832,-0.5459648865394279,1.0,0.1405212915950189,27.45,3.15,3.5,11.025,78.4,0.1395303207100369,0.0,0.3126509487628937,0.0,0.0,0.0,0.07559121648470561,refine_coarse_b30.5_wc3.5_k3.5_r70_b0.90_wc0.90_k1.00_r1.12
0.08063727033137601,0.09711082091919092,9.67647243976512,0.0780181884765625,119.0,0.07199788093566895,25635879142.5353,119.0,140.31910205488447,0.3536506698202872,-0.6340436363964777,1.0,0.14063295900328585,18.0,1.96,3.4999999999999996,6.859999999999999,78.4,0.051155997440218925,0.0,0.041075993329286575,0.0,0.0,0.0,0.057867199182510376,refine_coarse_b18_wc2_k3.5_r70_b1.00_wc0.98_k1.00_r1.12
0.06828949503417903,0.08178737034059216,8.194739404101483,0.12319982051849365,119.0,0.10754187901814778,25914326212.07271,119.0,91.1873892134979,0.4013719024039852,-0.544070181253068,1.0,0.14128819639783005,30.5,3.5,3.5,12.25,78.4,0.11541780736297369,0.0,0.334638386964798,0.0,0.0,0.0,0.07233982781569163,refine_coarse_b30.5_wc3.5_k3.5_r70_b1.00_wc1.00_k1.00_r1.12
0.060301511145627276,0.08033836245520316,7.236181337475273,0.16314387321472168,119.0,0.147925595442454,25779482198.22194,119.0,112.3622144170168,0.3770112275384796,-0.5162644001730036,1.0,0.1413569085461929,40.5,3.15,7.15,22.5225,78.4,-0.015209729317575693,0.0,0.5070440769195557,0.0,0.0,0.0,0.09443539381027222,refine_coarse_b45_wc3.5_k6.5_r70_b0.90_wc0.90_k1.10_r1.12
0.07828223450696707,0.09478568866943589,9.393868140836048,0.06450700759887695,119.0,0.058604657649993896,25783026330.837124,119.0,194.74716468618698,0.3827177902924923,-0.6463929073316262,1.0,0.14136031205942465,18.0,2.16,3.08,6.652800000000001,78.4,-0.028519318788312376,0.0,0.04756608232855797,0.0,0.0,0.0,0.058774168292681374,refine_coarse_b18_wc2_k3.5_r70_b1.00_wc1.08_k0.88_r1.12
0.061951445494618916,0.08135592598915256,7.43417345935427,0.17150676250457764,119.0,0.14714038372039795,25782675362.49475,119.0,91.92943310136555,0.37273029717792816,-0.5232702943612387,1.0,0.1415985943303361,40.5,3.15,6.499999999999999,20.474999999999998,78.4,0.1761222560890019,0.0,0.5012680292129517,0.0,0.0,0.0,0.09065837164719899,refine_coarse_b45_wc3.5_k6.5_r70_b0.90_wc0.90_k1.00_r1.12
0.07827006904370251,0.09444540411828997,9.3924082852443,0.08316874504089355,119.0,0.08143686254819234,25670866993.319576,119.0,155.51384010635505,0.36336691087708234,-0.6276942991305173,1.0,0.14182612202322842,19.44,2.16,3.36,7.2576,78.4,-0.0002442833501845598,0.0,0.05440255627036095,0.0,0.0,0.0,0.06993744273980458,refine_coarse_b18_wc2_k3.5_r70_b1.08_wc1.08_k0.96_r1.12
0.060094456885733886,0.07511762358729968,7.211334826288066,0.15592753887176514,119.0,0.13826972246170044,26027323595.587696,119.0,97.27585428702731,0.4122933232533162,-0.5139324812756106,1.0,0.1419312354381556,44.1,3.7800000000000002,6.24,23.587200000000003,70.0,0.004020422697067261,0.0,0.5712635517120361,0.0,0.0,0.0,0.08822422722975413,refine_coarse_b45_wc3.5_k6.5_r70_b0.98_wc1.08_k0.96_r1.00
0.08657493157826555,0.1018745229018052,10.388991789391866,0.07112908363342285,119.0,0.06929117441177368,25543185650.828217,119.0,159.50217880120798,0.3366162052149782,-0.6432728077290899,1.0,0.14199027170575326,18.0,1.8,3.8500000000000005,6.9300000000000015,78.4,-0.03548862083698623,0.0,0.06593465059995651,0.0,0.0,0.0,0.057081411282221474,refine_coarse_b18_wc2_k3.5_r70_b1.00_wc0.90_k1.10_r1.12
0.0746015997413887,0.09478597315789263,8.952191968966645,0.09916925430297852,119.0,0.05371062954266866,25925992351.845364,119.0,136.748666458771,0.40386124222055075,-0.5941215803368282,1.0,0.14223443307593733,16.2,2.0,3.36,6.72,78.4,0.4046376012265682,0.0,0.1374710351228714,0.0,0.0,0.0,0.03114067018032074,refine_coarse_b18_wc2_k3.5_r70_b0.90_wc1.00_k0.96_r1.12
0.07198297667095896,0.08271913401787798,8.637957200515075,0.08909714221954346,119.0,0.07706884543100993,26062934477.174034,119.0,104.42945361738445,0.4312644715264671,-0.5517920451505607,1.0,0.14253525423705105,32.940000000000005,3.7800000000000002,3.36,12.700800000000001,78.4,0.1018227874301374,0.0,0.2335016429424286,0.0,0.0,0.0,0.05978033443291982,refine_coarse_b30.5_wc3.5_k3.5_r70_b1.08_wc1.08_k0.96_r1.12
0.06454519330096863,0.08012148498750167,7.745423196116235,0.1505511999130249,119.0,0.12830822666486105,25951678312.75661,119.0,106.2989142922794,0.401430623946594,-0.5353633746937786,1.0,0.1426353139612188,44.1,3.5,6.24,21.84,78.4,0.15902833361178637,0.0,0.48059582710266113,0.0,0.0,0.0,0.07798012594381969,refine_coarse_b45_wc3.5_k6.5_r70_b0.98_wc1.00_k0.96_r1.12
0.0774011279247721,0.09592755417195879,9.288135350972652,0.11557173728942871,119.0,0.08459274967511494,25707197479.014736,119.0,90.42470210740547,0.3670547565841144,-0.5766704905470834,1.0,0.14302689771340246,18.0,1.96,3.8500000000000005,7.546000000000001,78.4,0.2702558506280184,0.0,0.20332027971744537,0.0,0.0,0.0,0.05095915496349335,refine_coarse_b18_wc2_k3.5_r70_b1.00_wc0.98_k1.10_r1.12
0.06337706090366547,0.07904829909837874,7.605247308439857,0.15465199947357178,119.0,0.12394638856252034,26028509714.46705,119.0,180.5228835674895,0.4148309984583482,-0.5756023715578144,1.0,0.143055907473489,30.5,3.5,3.8500000000000005,13.475000000000001,78.4,0.25650728587061167,0.0,0.4970216155052185,0.0,0.0,0.0,0.07312165200710297,refine_coarse_b30.5_wc3.5_k3.5_r70_b1.00_wc1.00_k1.10_r1.12
0.07371999644518042,0.0852986799741837,8.84639957342165,0.0951988697052002,119.0,0.09104840954144795,25870501733.31995,119.0,123.52873473608193,0.4035530654994637,-0.5873913771859238,1.0,0.14305601061380252,29.89,3.5,3.0800000000000005,10.780000000000001,78.4,-0.02497406958718784,0.0,0.184169203042984,0.0,0.0,0.0,0.07732141017913818,refine_coarse_b30.5_wc3.5_k3.5_r70_b0.98_wc1.00_k0.88_r1.12
0.06086411821414117,0.07712355819441909,7.303694185696941,0.17084062099456787,119.0,0.1426650881767273,25999599884.99235,119.0,114.71044511554622,0.40647661926537093,-0.5335409169177959,1.0,0.1432669504516858,27.45,3.5,3.36,11.76,70.0,0.20106209116056561,0.0,0.5743048787117004,0.0,0.0,0.0,0.08750376105308533,refine_coarse_b30.5_wc3.5_k3.5_r70_b0.90_wc1.00_k0.96_r1.00
0.05931771149736467,0.07500580695934163,7.118125379683761,0.17323458194732666,119.0,0.1513813634713491,26018502511.04458,119.0,113.26794741334034,0.4082335312691324,-0.5195213217832956,1.0,0.14342574110781128,27.45,3.7800000000000002,3.08,11.6424,66.5,0.057555841049179435,0.0,0.636466383934021,0.0,0.0,0.0,0.09652507801850636,refine_coarse_b30.5_wc3.5_k3.5_r70_b0.90_wc1.08_k0.88_r0.95
0.07640827451824823,0.09353014134180107,9.168992942189789,0.1217353343963623,119.0,0.10008787115414937,25669413605.29615,119.0,103.87481945903362,0.36199795722634787,-0.5924721299200754,1.0,0.14362239467539284,19.44,2.16,3.5,7.5600000000000005,78.4,0.18804889544844627,0.0,0.1816682666540146,0.0,0.0,0.0,0.07119889557361603,refine_coarse_b18_wc2_k3.5_r70_b1.08_wc1.08_k1.00_r1.12
0.0715097401253369,0.08204789882302731,8.581168815040428,0.11543035507202148,119.0,0.0965808629989624,26045914439.693928,119.0,86.15350905987395,0.4200448280068146,-0.5475123941873324,1.0,0.14362766413856434,48.6,3.7800000000000002,5.72,21.6216,78.4,0.1606385784689337,0.0,0.3417835235595703,0.0,0.0,0.0,0.06931497653325398,refine_coarse_b45_wc3.5_k6.5_r70_b1.08_wc1.08_k0.88_r1.12
0.06748469043466798,0.08178796861610489,8.098162852160158,0.14234983921051025,119.0,0.10777969161669414,26019217153.057034,119.0,105.98176946559875,0.4177658598614983,-0.5399833059308492,1.0,0.14373580030511357,29.89,3.5,3.5,12.25,78.4,0.30203643534332514,0.0,0.39745378494262695,0.0,0.0,0.0,0.06603814661502838,refine_coarse_b30.5_wc3.5_k3.5_r70_b0.98_wc1.00_k1.00_r1.12
0.06083521255075652,0.07612933481647034,7.300225506090783,0.15997576713562012,119.0,0.1419804890950521,26052830110.7042,119.0,99.60501329438026,0.4166880931647422,-0.5231320024333522,1.0,0.1441328954087,45.0,3.7800000000000002,6.5,24.57,70.0,-0.017269759438931942,0.0,0.6223157644271851,0.0,0.0,0.0,0.09042670329411824,refine_coarse_b45_wc3.5_k6.5_r70_b1.00_wc1.08_k1.00_r1.00
0.07049661993291731,0.08212929663352563,8.459594391950077,0.10746550559997559,119.0,0.08460306127866109,26135342969.450653,119.0,107.64405117515756,0.43950987817128717,-0.5431840776463536,1.0,0.14417756652202318,32.940000000000005,3.7800000000000002,3.5,13.23,78.4,0.19976505520753562,0.0,0.32242435216903687,0.0,0.0,0.0,0.05670571327209473,refine_coarse_b30.5_wc3.5_k3.5_r70_b1.08_wc1.08_k1.00_r1.12
0.06415624058217682,0.08095452147859801,7.69874886986122,0.16147899627685547,119.0,0.1381297012170156,25945140193.764442,119.0,114.30490086659664,0.3981556509416957,-0.5291701019190066,1.0,0.1442921553652097,44.1,3.4299999999999997,6.5,22.294999999999998,78.4,0.160316331544891,0.0,0.5147592425346375,0.0,0.0,0.0,0.08384160200754802,refine_coarse_b45_wc3.5_k6.5_r70_b0.98_wc0.98_k1.00_r1.12
0.06116581272591664,0.0762859902822331,7.339897527109997,0.16291308403015137,119.0,0.14055216312408447,26085092238.88459,119.0,97.50455865940125,0.4196242316752118,-0.507650096816669,1.0,0.14453100795594295,45.0,3.7800000000000002,6.24,23.587200000000003,70.0,0.09570107748731971,0.0,0.5982251763343811,0.0,0.0,0.0,0.08800616363684337,refine_coarse_b45_wc3.5_k6.5_r70_b1.00_wc1.08_k0.96_r1.00
0.07230082706044527,0.09177456131332401,8.676099247253433,0.13104891777038574,119.0,0.083554873863856,25901973308.45611,119.0,123.28154132746849,0.40206157337662163,-0.5755636768792819,1.0,0.1445626859638517,17.64,2.16,3.36,7.2576,78.4,0.41925960034132004,0.0,0.24431394040584564,0.0,0.0,0.0,0.04652070005734762,refine_coarse_b18_wc2_k3.5_r70_b0.98_wc1.08_k0.96_r1.12
0.06571037838234399,0.07913885202065071,7.885245405881278,0.13250088691711426,119.0,0.10336196422576904,26203926865.089848,119.0,132.2051232602416,0.4438531922335513,-0.5305395517878111,1.0,0.1446491224233599,48.6,3.7800000000000002,6.5,24.57,78.4,0.24768817145377398,0.0,0.469045490026474,0.0,0.0,0.0,0.059758330384890236,refine_coarse_b45_wc3.5_k6.5_r70_b1.08_wc1.08_k1.00_r1.12
0.07291704896090892,0.08689385480257085,8.75004587530907,0.15110838413238525,119.0,0.11441158254941304,25769446425.05008,119.0,92.78306771927521,0.3838882198221807,-0.5568339026017176,1.0,0.1446544881594173,18.0,2.16,3.850000000000001,8.316000000000003,70.0,0.31094668596051633,0.0,0.45566585659980774,0.0,0.0,0.0,0.07750368118286133,refine_coarse_b18_wc2_k3.5_r70_b1.00_wc1.08_k1.10_r1.00
0.07441774167523173,0.085990558798076,8.930129001027808,0.14336860179901123,119.0,0.12090178330739339,25754085985.13924,119.0,85.45081079306723,0.38087842404532835,-0.5451253797300967,1.0,0.1450214021277175,17.64,2.16,3.850000000000001,8.316000000000003,66.5,0.14483110723085701,0.0,0.4610379934310913,0.0,0.0,0.0,0.08437671760718028,refine_coarse_b18_wc2_k3.5_r70_b0.98_wc1.08_k1.10_r0.95
0.06190156440581139,0.0759485279741593,7.428187728697367,0.15647649765014648,119.0,0.1332399050394694,26132306473.55398,119.0,139.37337102809875,0.43063395905629565,-0.5432927704582239,1.0,0.14507227253883287,29.89,3.7800000000000002,3.5,13.23,70.0,0.12420732155442238,0.0,0.570095956325531,0.0,0.0,0.0,0.08484935263792674,refine_coarse_b30.5_wc3.5_k3.5_r70_b0.98_wc1.08_k1.00_r1.00
0.06710337303582606,0.08030246306294356,8.052404764299126,0.1301889419555664,119.0,0.09910860657691956,26241914225.254547,119.0,122.50937582064076,0.4490011110605793,-0.5330564272982162,1.0,0.14577416435979232,48.6,3.7800000000000002,6.24,23.587200000000003,78.4,0.2676717998692766,0.0,0.44621598720550537,0.0,0.0,0.0,0.055610448122024536,refine_coarse_b45_wc3.5_k6.5_r70_b1.08_wc1.08_k0.96_r1.12
0.06404469945091289,0.08170586081415716,7.685363934109546,0.1757969856262207,119.0,0.1436228652795156,25950086538.793663,119.0,118.07677504595588,0.3986811677009674,-0.5394455819462177,1.0,0.14590232102592623,40.5,3.4299999999999997,5.72,19.6196,78.4,0.26778135704807937,0.0,0.5460275411605835,0.0,0.0,0.0,0.08598638574282329,refine_coarse_b45_wc3.5_k6.5_r70_b0.90_wc0.98_k0.88_r1.12
0.06672586134624416,0.08056325592880653,8.007103361549298,0.13553142547607422,119.0,0.09320472677548726,26254526879.609627,119.0,174.1994198069853,0.45519433093319234,-0.5627299389503648,1.0,0.14599454420944458,30.5,3.7800000000000002,3.36,12.700800000000001,78.4,0.3709168266505003,0.0,0.4280812740325928,0.0,0.0,0.0,0.05164921780427297,refine_coarse_b30.5_wc3.5_k3.5_r70_b1.00_wc1.08_k0.96_r1.12
0.0759594271621135,0.08742679846682205,9.11513125945362,0.14983856678009033,119.0,0.12532402078310648,25734553949.826546,119.0,56.23663176207983,0.3748238650769112,-0.5135963736200705,1.0,0.14611597273759044,17.64,2.16,3.850000000000001,8.316000000000003,59.5,0.16635318007320166,0.0,0.48835864663124084,0.0,0.0,0.0,0.08576339483261108,refine_coarse_b18_wc2_k3.5_r70_b0.98_wc1.08_k1.10_r0.85
0.07535541252183482,0.08723019240093145,9.04264950262018,0.10738933086395264,119.0,0.10303094983100891,25828161588.378036,119.0,132.09345046612395,0.398931631653381,-0.5935255057575554,1.0,0.14626962419682682,29.89,3.4299999999999997,3.08,10.5644,78.4,-0.043546355329453945,0.0,0.20260770618915558,0.0,0.0,0.0,0.0874872903029124,refine_coarse_b30.5_wc3.5_k3.5_r70_b0.98_wc0.98_k0.88_r1.12
0.06369316979457645,0.08035865004954174,7.643180375349175,0.16874730587005615,119.0,0.1360760728518168,26049710457.53058,119.0,198.99533465730042,0.41769088177897296,-0.5940710262176891,1.0,0.1466286109597893,29.89,3.5,3.8500000000000005,13.475000000000001,78.4,0.2692122203297913,0.0,0.5455825924873352,0.0,0.0,0.0,0.08073566854000092,refine_coarse_b30.5_wc3.5_k3.5_r70_b0.98_wc1.00_k1.10_r1.12
0.0716957317744478,0.08466502122393525,8.603487812933736,0.12502455711364746,119.0,0.10060608386993408,26060663627.080666,119.0,121.81645138524159,0.4246671480856836,-0.5620389954121954,1.0,0.14667446394872707,27.45,3.5,3.0800000000000005,10.780000000000001,78.4,0.21202373487176374,0.0,0.35670560598373413,0.0,0.0,0.0,0.06779834131399791,refine_coarse_b30.5_wc3.5_k3.5_r70_b0.90_wc1.00_k0.88_r1.12
0.06420179926247442,0.08152617188649294,7.704215911496931,0.17162001132965088,119.0,0.14384556810061136,26000015179.295338,119.0,141.35993713891807,0.4055691073064168,-0.5566287183187034,1.0,0.14687719899508497,40.5,3.5,5.72,20.02,78.4,0.21180509869009256,0.0,0.5847801566123962,0.0,0.0,0.0,0.08604934811592102,refine_coarse_b45_wc3.5_k6.5_r70_b0.90_wc1.00_k0.88_r1.12
0.06657030494040063,0.0806130961229475,7.988436592848075,0.147225022315979,119.0,0.11613401770591736,26181893427.290813,119.0,138.19128315388656,0.43709197187625703,-0.539229095782886,1.0,0.1469783406890838,45.0,3.7800000000000002,5.72,21.6216,78.4,0.2634111256338656,0.0,0.5029857158660889,0.0,0.0,0.0,0.06670478483041127,refine_coarse_b45_wc3.5_k6.5_r70_b1.00_wc1.08_k0.88_r1.12
0.06463279245032444,0.08247286112147469,7.755935094038932,0.17421221733093262,119.0,0.14763433734575906,25944855371.36828,119.0,112.40742761948529,0.3983359003471516,-0.553113581549724,1.0,0.1471496265709486,45.0,3.4299999999999997,6.5,22.294999999999998,78.4,0.19991456856951118,0.0,0.5494281053543091,0.0,0.0,0.0,0.08947109679381053,refine_coarse_b45_wc3.5_k6.5_r70_b1.00_wc0.98_k1.00_r1.12
0.06937024964781623,0.08349113478570318,8.324429957737948,0.16217362880706787,119.0,0.12917637825012207,25983316109.519867,119.0,111.09706128545169,0.4064771645003421,-0.5500940439412526,1.0,0.14747814912615556,32.940000000000005,3.5,3.8500000000000005,13.475000000000001,78.4,0.2864587561925873,0.0,0.4601980149745941,0.0,0.0,0.0,0.08277464906374614,refine_coarse_b30.5_wc3.5_k3.5_r70_b1.08_wc1.00_k1.10_r1.12
0.07519815544196527,0.09504254652605058,9.023778653035833,0.12215149402618408,119.0,0.06429801384607951,25995160395.668823,119.0,135.99119862788865,0.4213545378351251,-0.5697515146132784,1.0,0.147493557105524,16.2,2.0,3.5,7.0,78.4,0.5124031715095043,0.0,0.1995871663093567,0.0,0.0,0.0,0.037986576557159424,refine_coarse_b18_wc2_k3.5_r70_b0.90_wc1.00_k1.00_r1.12
0.07536639000854659,0.0870981895705134,9.04396680102559,0.10371053218841553,119.0,0.046567956606547035,26237811569.371056,119.0,140.08945394564077,0.4685003314251229,-0.5927890834213592,1.0,0.14798281585505937,30.5,3.7800000000000002,3.08,11.6424,78.4,0.043660519644618034,0.0,0.08255774527788162,0.0,0.0,0.0,0.046036665638287864,refine_coarse_b30.5_wc3.5_k3.5_r70_b1.00_wc1.08_k0.88_r1.12
0.06617028230407224,0.07992509662851996,7.940433876488669,0.15062665939331055,119.0,0.10823828975359599,26274631572.84465,119.0,210.29497521664916,0.4559560326299746,-0.5959569680958489,1.0,0.1483411386037315,32.940000000000005,3.7800000000000002,3.8500000000000005,14.553000000000003,78.4,0.36819123197346926,0.0,0.510811984539032,0.0,0.0,0.0,0.06284359097480774,refine_coarse_b30.5_wc3.5_k3.5_r70_b1.08_wc1.08_k1.10_r1.12
0.061984700417737786,0.07739491754511314,7.438164050128535,0.1658555269241333,119.0,0.14753997325897217,26123320303.126926,119.0,141.9952525932248,0.43083370082314276,-0.5393839061259106,1.0,0.14857791722384053,30.5,3.7800000000000002,3.8500000000000005,14.553000000000003,70.0,-0.023491998203098774,0.0,0.6204463243484497,0.0,0.0,0.0,0.09522922833760579,refine_coarse_b30.5_wc3.5_k3.5_r70_b1.00_wc1.08_k1.10_r1.00
0.07327518065793015,0.08545312418513262,8.793021678951618,0.10335147380828857,119.0,0.07298032442728679,26254991330.77233,119.0,127.94819705225841,0.461247116955715,-0.5563961690912814,1.0,0.1486970276846927,29.89,3.7800000000000002,3.08,11.6424,78.4,0.26980035379529,0.0,0.2755807042121887,0.0,0.0,0.0,0.051186323165893555,refine_coarse_b30.5_wc3.5_k3.5_r70_b0.98_wc1.08_k0.88_r1.12
0.07426910322533141,0.08758612042867482,8.91229238703977,0.14246678352355957,119.0,0.09563125173250835,25937866104.42133,119.0,69.85270319065125,0.4207490195164756,-0.515103860558625,1.0,0.14898685563797542,16.2,2.16,3.36,7.2576,59.5,0.4010014124214649,0.0,0.46570059657096863,0.0,0.0,0.0,0.07861246665318807,refine_coarse_b18_wc2_k3.5_r70_b0.90_wc1.08_k0.96_r0.85
0.07159185589593828,0.09123370174159526,8.591022707512593,0.14785099029541016,119.0,0.08143724997838338,26037633529.471676,119.0,135.7661337972689,0.4335655502291017,-0.5739149298331825,1.0,0.14926319838954302,17.64,2.16,3.5,7.5600000000000005,78.4,0.5873718857765198,0.0,0.2880234718322754,0.0,0.0,0.0,0.048327902952829994,refine_coarse_b18_wc2_k3.5_r70_b0.98_wc1.08_k1.00_r1.12
0.0634240991357558,0.08225652031435772,7.6108918962906955,0.17843472957611084,119.0,0.15407859285672507,26001534431.684532,119.0,151.63131483061974,0.40841346969273,-0.563507024032604,1.0,0.1494358259145044,40.5,3.4299999999999997,6.24,21.4032,78.4,0.13900738093070686,0.0,0.6310562491416931,0.0,0.0,0.0,0.09395019213358562,refine_coarse_b45_wc3.5_k6.5_r70_b0.90_wc0.98_k0.96_r1.12
0.06246108945786659,0.07812117903221467,7.495330734943991,0.1698589324951172,119.0,0.14916340510050455,26149304267.737556,119.0,101.47881515887605,0.4314448078006519,-0.5069540310190122,1.0,0.14949673631844895,48.6,3.7800000000000002,7.15,27.027000000000005,70.0,0.029564392287284136,0.0,0.6353027820587158,0.0,0.0,0.0,0.09452078739802043,refine_coarse_b45_wc3.5_k6.5_r70_b1.08_wc1.08_k1.10_r1.00
0.0617951508019947,0.07830653315952861,7.415418096239364,0.17609310150146484,119.0,0.15427756309509277,26120781861.938873,119.0,112.95859457064076,0.42644870476504304,-0.5269508381243423,1.0,0.14955929423549622,40.5,3.7800000000000002,5.72,21.6216,70.0,0.04388798587024212,0.0,0.6600423455238342,0.0,0.0,0.0,0.09748861193656921,refine_coarse_b45_wc3.5_k6.5_r70_b0.90_wc1.08_k0.88_r1.00
0.06258734417259007,0.07960794756501798,7.510481300710808,0.18318843841552734,119.0,0.15415572126706442,26093821115.796837,119.0,131.02561630120798,0.42272415962032606,-0.5525806443961306,1.0,0.14999363827971293,27.45,3.5,3.5,12.25,70.0,0.19100201048422605,0.0,0.6530279517173767,0.0,0.0,0.0,0.09522377947966258,refine_coarse_b30.5_wc3.5_k3.5_r70_b0.90_wc1.00_k1.00_r1.00
0.06422514452436304,0.08188352606494763,7.707017342923564,0.17499840259552002,119.0,0.1502214471499125,26089358943.261543,119.0,180.33928161108193,0.4216320836004857,-0.5856273937935258,1.0,0.15083683084022356,40.5,3.5,6.24,21.84,78.4,0.14017702732235193,0.0,0.6337524652481079,0.0,0.0,0.0,0.09141777952512105,refine_coarse_b45_wc3.5_k6.5_r70_b0.90_wc1.00_k0.96_r1.12
0.07333356636584654,0.08815359443617923,8.800027963901584,0.14963996410369873,119.0,0.08977198600769043,26081683197.56317,119.0,128.88449481355042,0.4440077422648603,-0.5594432398472106,1.0,0.15197739746546016,16.2,2.16,3.36,7.2576,70.0,0.5195457208901644,0.0,0.46268659830093384,0.0,0.0,0.0,0.07375997801621755,refine_coarse_b18_wc2_k3.5_r70_b0.90_wc1.08_k0.96_r1.00
0.06438838103461535,0.07922320201086988,7.726605724153842,0.16699481010437012,119.0,0.14188445607821146,26254407284.126183,119.0,188.23188435530463,0.44804232706174635,-0.5644742641842737,1.0,0.15207063152164732,48.6,3.7800000000000002,7.15,27.027000000000005,78.4,0.1376085365191102,0.0,0.6198235154151917,0.0,0.0,0.0,0.08856508632500966,refine_coarse_b45_wc3.5_k6.5_r70_b1.08_wc1.08_k1.10_r1.12
0.07755103756453346,0.09650534033810894,9.306124507744016,0.16336703300476074,119.0,0.1075230340162913,25832888510.291477,119.0,117.84926880908614,0.39600258670222527,-0.5785376236957932,1.0,0.15242350283338502,17.64,2.0,3.8500000000000005,7.700000000000001,78.4,0.4895051680505276,0.0,0.35988208651542664,0.0,0.0,0.0,0.06177003184954325,refine_coarse_b18_wc2_k3.5_r70_b0.98_wc1.00_k1.10_r1.12
0.08206118670121328,0.09315262963415472,9.847342404145593,0.15376269817352295,119.0,0.11451719204584758,25780366588.298286,119.0,57.04982930672269,0.3916882659960602,-0.5348079062253052,1.0,0.1527957052595908,16.2,1.96,3.8500000000000005,7.546000000000001,59.5,0.33159105363301933,0.0,0.5093922019004822,0.0,0.0,0.0,0.08490965763727824,refine_coarse_b18_wc2_k3.5_r70_b0.90_wc0.98_k1.10_r0.85
0.06649022113895739,0.08573902663208269,7.978826536674887,0.1947612762451172,119.0,0.151433527469635,26017884879.49466,119.0,170.53450384059875,0.41598492285370875,-0.5795904579434172,1.0,0.15339130305500093,27.45,3.15,3.8500000000000005,12.127500000000001,78.4,0.37375959753990173,0.0,0.5571594834327698,0.0,0.0,0.0,0.08909895519415538,refine_coarse_b30.5_wc3.5_k3.5_r70_b0.90_wc0.90_k1.10_r1.12
0.06825997446166904,0.08243499032139553,8.191196935400285,0.16059470176696777,119.0,0.11200945576032002,26361355002.42376,119.0,230.11330997242646,0.469836863353502,-0.6161258337973617,1.0,0.1534313631028393,30.5,3.7800000000000002,3.5,13.23,78.4,0.4239650955423713,0.0,0.5179776549339294,0.0,0.0,0.0,0.06397257248560588,refine_coarse_b30.5_wc3.5_k3.5_r70_b1.00_wc1.08_k1.00_r1.12
0.07954708840006598,0.09341801400979502,9.545650608007918,0.1517624855041504,119.0,0.09829101959864299,25896198893.622746,119.0,110.19285468093487,0.41496457575176576,-0.567856817353579,1.0,0.15361201578482817,16.2,1.96,3.8500000000000005,7.546000000000001,70.0,0.46119687892496586,0.0,0.46311986446380615,0.0,0.0,0.0,0.07762741545836131,refine_coarse_b18_wc2_k3.5_r70_b0.90_wc0.98_k1.10_r1.00
0.06479071999202878,0.07984257879551705,7.774886399043453,0.17990362644195557,119.0,0.14655171831448874,26275881158.71676,119.0,157.3531832654937,0.4523323179720015,-0.5698959749907503,1.0,0.15427791981200356,27.45,3.7800000000000002,3.08,11.6424,70.0,0.25032831309363246,0.0,0.6745333075523376,0.0,0.0,0.0,0.09192563096682231,refine_coarse_b30.5_wc3.5_k3.5_r70_b0.90_wc1.08_k0.88_r1.00
0.06655315417731913,0.08553398815945375,7.9863785012782955,0.2092229127883911,119.0,0.15639513731002808,26093523507.524773,119.0,171.10632631959032,0.4246457507180753,-0.5939114280953011,1.0,0.15564538279275325,30.5,3.4299999999999997,3.8500000000000005,13.2055,78.4,0.4607161795720458,0.0,0.5912659764289856,0.0,0.0,0.0,0.09074201186498006,refine_coarse_b30.5_wc3.5_k3.5_r70_b1.00_wc0.98_k1.10_r1.12
0.07091030401659851,0.08614341579986086,8.50923648199182,0.15840983390808105,119.0,0.10167669256528218,26383329208.588333,119.0,170.29531988576682,0.4798574286544164,-0.5678071408378582,1.0,0.15629226922106196,27.45,3.5,3.36,11.76,78.4,0.5022542551159859,0.0,0.42321252822875977,0.0,0.0,0.0,0.05528534948825836,refine_coarse_b30.5_wc3.5_k3.5_r70_b0.90_wc1.00_k0.96_r1.12
0.06539741784325201,0.08525955390639767,7.847690141190242,0.1982715129852295,119.0,0.16766886909802756,26125379633.533226,119.0,162.4242753742122,0.42450923405590524,-0.574348888072123,1.0,0.156901081033204,44.1,3.4299999999999997,7.15,24.5245,78.4,0.20923659903928638,0.0,0.6906864643096924,0.0,0.0,0.0,0.10107285281022389,refine_coarse_b45_wc3.5_k6.5_r70_b0.98_wc0.98_k1.10_r1.12
0.0760481446637319,0.09096336322096726,9.125777359647827,0.17862427234649658,119.0,0.13742220401763916,25914675960.24653,119.0,116.96780215992646,0.41465247500156543,-0.5628579187672337,1.0,0.15716852210374224,17.64,2.16,3.850000000000001,8.316000000000003,70.0,0.3477847599424422,0.0,0.5431042909622192,0.0,0.0,0.0,0.09186352292696635,refine_coarse_b18_wc2_k3.5_r70_b0.98_wc1.08_k1.10_r1.00
0.0667660986408445,0.08464096368091516,8.01193183690134,0.1887575387954712,119.0,0.15622260173161825,26207817957.33559,119.0,161.50164948792016,0.4394312503002339,-0.5548126738061756,1.0,0.1572137339344663,45.0,3.4299999999999997,7.15,24.5245,78.4,0.25027371058240533,0.0,0.6533070802688599,0.0,0.0,0.0,0.0932228962580363,refine_coarse_b45_wc3.5_k6.5_r70_b1.00_wc0.98_k1.10_r1.12
0.06372178110021309,0.0820978853994655,7.646613732025571,0.19584274291992188,119.0,0.17175560196240744,26215094301.35554,119.0,119.43245305934875,0.4388509098022281,-0.5312743566225842,1.0,0.15758256808700877,44.1,3.7800000000000002,6.5,24.57,70.0,0.03858788497745991,0.0,0.7695039510726929,0.0,0.0,0.0,0.10780818263689677,refine_coarse_b45_wc3.5_k6.5_r70_b0.98_wc1.08_k1.00_r1.00
0.07188404585232509,0.086323465080095,8.626085502279011,0.14029371738433838,119.0,0.09111715356508891,26531870280.17157,119.0,235.05712069984244,0.4989812711261744,-0.5992798379126579,1.0,0.15780294263774136,27.45,3.7800000000000002,3.08,11.6424,78.4,0.4321297351270914,0.0,0.4537033140659332,0.0,0.0,0.0,0.05048403640588125,refine_coarse_b30.5_wc3.5_k3.5_r70_b0.90_wc1.08_k0.88_r1.12
0.06487308962542973,0.08550086287236375,7.784770755051568,0.19861876964569092,119.0,0.17263635993003845,26108971845.664085,119.0,178.8002273174895,0.42541347980114186,-0.5672247862886762,1.0,0.15796678000633804,40.5,3.4299999999999997,6.5,22.294999999999998,78.4,0.12678222637623549,0.0,0.7024943828582764,0.0,0.0,0.0,0.10607057313124339,refine_coarse_b45_wc3.5_k6.5_r70_b0.90_wc0.98_k1.00_r1.12
0.07539731003512126,0.0893989228597089,9.047677204214551,0.17169630527496338,119.0,0.12514463067054749,26055152606.528954,119.0,119.7161526720063,0.44197203702377286,-0.5514447170399596,1.0,0.15890916669004207,16.2,2.16,3.36,7.2576,66.5,0.39411111979279667,0.0,0.5724071860313416,0.0,0.0,0.0,0.09439421693483989,refine_coarse_b18_wc2_k3.5_r70_b0.90_wc1.08_k0.96_r0.95
0.08068722387459389,0.09308544758655643,9.682466864951266,0.1636216640472412,119.0,0.12672354777654013,25917923783.782734,119.0,102.91060349921219,0.41905047210991153,-0.5471840510041267,1.0,0.15893346288990154,16.2,2.0,3.8500000000000005,7.700000000000001,66.5,0.3015455254353583,0.0,0.5481017231941223,0.0,0.0,0.0,0.09321114917596181,refine_coarse_b18_wc2_k3.5_r70_b0.90_wc1.00_k1.10_r0.95
0.07533231209849683,0.09380100120913676,9.03987745181962,0.16297173500061035,119.0,0.07994050780932109,26287156250.682274,119.0,224.6134576877626,0.4777189983232903,-0.629549762411484,1.0,0.15961869972482928,16.2,2.16,3.36,7.2576,78.4,0.7377201169729233,0.0,0.3557438850402832,0.0,0.0,0.0,0.05753712852795919,refine_coarse_b18_wc2_k3.5_r70_b0.90_wc1.08_k0.96_r1.12
0.06686312095774269,0.08664340962772288,8.023574514929123,0.22190189361572266,119.0,0.16381538907686868,26173827404.69771,119.0,207.80541376706933,0.43840293597164687,-0.6008658042743865,1.0,0.16001456621273827,29.89,3.4299999999999997,3.8500000000000005,13.2055,78.4,0.5064181331545115,0.0,0.6348634362220764,0.0,0.0,0.0,0.09463205933570862,refine_coarse_b30.5_wc3.5_k3.5_r70_b0.98_wc0.98_k1.10_r1.12
0.08214479808464717,0.0944354051487314,9.85737577015766,0.16942036151885986,119.0,0.12563630938529968,25905973985.797806,119.0,96.95076155462185,0.4188521322723246,-0.5478559209915855,1.0,0.16013136152916155,16.2,1.96,3.8500000000000005,7.546000000000001,66.5,0.3695145123056136,0.0,0.5454627275466919,0.0,0.0,0.0,0.09323090811570485,refine_coarse_b18_wc2_k3.5_r70_b0.90_wc0.98_k1.10_r0.95
0.0689461237467621,0.08418010292046924,8.273534849611451,0.17923319339752197,119.0,0.14214906096458435,26439133132.77689,119.0,208.2894851299895,0.47496163880223313,-0.5831288230322317,1.0,0.1608146112314699,45.0,3.7800000000000002,6.24,23.587200000000003,78.4,0.3008766527636908,0.0,0.6618139147758484,0.0,0.0,0.0,0.08528075118859609,refine_coarse_b45_wc3.5_k6.5_r70_b1.00_wc1.08_k0.96_r1.12
0.06573111145062095,0.0824448424117602,7.887733374074514,0.18973290920257568,119.0,0.16629621386528015,26321638941.30013,119.0,171.69128725709032,0.4607197873523241,-0.5647284417326995,1.0,0.16095616688582431,29.89,3.7800000000000002,3.8500000000000005,14.553000000000003,70.0,0.031381156761199236,0.0,0.7514554262161255,0.0,0.0,0.0,0.10626523693402608,refine_coarse_b30.5_wc3.5_k3.5_r70_b0.98_wc1.08_k1.10_r1.00
0.06583954685885564,0.08249707900484825,7.900745623062676,0.19181036949157715,119.0,0.16560248533884683,26341741589.8218,119.0,181.38427734375,0.4630305464672386,-0.5735764483523618,1.0,0.1613041689872315,27.45,3.7800000000000002,3.36,12.700800000000001,70.0,0.09141530143097043,0.0,0.759759783744812,0.0,0.0,0.0,0.10557114084561665,refine_coarse_b30.5_wc3.5_k3.5_r70_b0.90_wc1.08_k0.96_r1.00
0.0769792080198215,0.09732520002738106,9.23750496237858,0.21487212181091309,119.0,0.1454997956752777,25865296234.724846,119.0,128.3047080160189,0.40879406904359405,-0.5843278558522587,1.0,0.1616863806141487,19.44,2.16,3.850000000000001,8.316000000000003,78.4,0.6089101135730743,0.0,0.45047271251678467,0.0,0.0,0.0,0.08265158037344615,refine_coarse_b18_wc2_k3.5_r70_b1.08_wc1.08_k1.10_r1.12
0.08326575769546972,0.09517953405968575,9.991890923456367,0.1689591407775879,119.0,0.1291160782178243,25918866488.631615,119.0,69.5505145417542,0.4222935441203404,-0.513297128846608,1.0,0.1619920086784349,16.2,2.0,3.8500000000000005,7.700000000000001,59.5,0.3325909487903118,0.0,0.5602741837501526,0.0,0.0,0.0,0.09546393156051636,refine_coarse_b18_wc2_k3.5_r70_b0.90_wc1.00_k1.10_r0.85
0.06829961982281436,0.08470995463972919,8.195954378737724,0.1920872926712036,119.0,0.15322276949882507,26435012298.44059,119.0,221.2781684939601,0.4718433155741174,-0.6034297809623212,1.0,0.16250604948820643,44.1,3.7800000000000002,6.24,23.587200000000003,78.4,0.31084644387010485,0.0,0.7335096001625061,0.0,0.0,0.0,0.09250456591447194,refine_coarse_b45_wc3.5_k6.5_r70_b0.98_wc1.08_k0.96_r1.12
0.07468025033435689,0.08955314676057592,8.961630040122827,0.16570794582366943,119.0,0.11111846566200256,26470525102.148148,119.0,181.28157415309875,0.49014518878657337,-0.5820771624018657,1.0,0.16279623186845174,27.45,3.4299999999999997,3.36,11.524799999999999,78.4,0.48162236250936985,0.0,0.4557148218154907,0.0,0.0,0.0,0.06222755213578542,refine_coarse_b30.5_wc3.5_k3.5_r70_b0.90_wc0.98_k0.96_r1.12
0.07890582725359725,0.09266136816180508,9.46869927043167,0.17874574661254883,119.0,0.14060250918070474,26026391445.02849,119.0,81.54782284007354,0.43437623491448185,-0.5427211536772317,1.0,0.16300308805223113,16.2,2.16,3.5,7.5600000000000005,59.5,0.3040551030426286,0.0,0.6246357560157776,0.0,0.0,0.0,0.09961314996083577,refine_coarse_b18_wc2_k3.5_r70_b0.90_wc1.08_k1.00_r0.85
0.08063357845401811,0.09520242136078218,9.676029414482173,0.18155395984649658,119.0,0.12371555964152019,26045220553.60419,119.0,133.25762785582984,0.4431060975891556,-0.5855852378833791,1.0,0.1639907680086797,16.2,2.0,3.8500000000000005,7.700000000000001,70.0,0.4969724342226982,0.0,0.5707784295082092,0.0,0.0,0.0,0.09104118744532268,refine_coarse_b18_wc2_k3.5_r70_b0.90_wc1.00_k1.10_r1.00
0.06702851599268911,0.08727126541169009,8.043421919122693,0.20765268802642822,119.0,0.1778209706147512,26272427503.317383,119.0,204.09217847295167,0.4473923433396386,-0.5908959336443369,1.0,0.164120879056642,40.5,3.5,6.5,22.75,78.4,0.17221721913665533,0.0,0.7415103316307068,0.0,0.0,0.0,0.10842358569304149,refine_coarse_b45_wc3.5_k6.5_r70_b0.90_wc1.00_k1.00_r1.12
0.07634101602885911,0.09524765728388945,9.160921923463093,0.1983870267868042,119.0,0.12027579545974731,26152895078.75074,119.0,231.54386735162817,0.457337918852965,-0.6314464720332251,1.0,0.16416741812228555,18.0,2.16,3.850000000000001,8.316000000000003,78.4,0.6861883923411369,0.0,0.48148709535598755,0.0,0.0,0.0,0.07542092601458232,refine_coarse_b18_wc2_k3.5_r70_b1.00_wc1.08_k1.10_r1.12
0.06715715180548425,0.08809608230101033,8.058858216658109,0.21924376487731934,119.0,0.17995492617289224,26287546725.47291,119.0,182.6548261882878,0.44641049067975647,-0.5752026078143095,1.0,0.16495200696603776,45.0,3.5,7.15,25.025000000000002,78.4,0.3070010021328926,0.0,0.7827883362770081,0.0,0.0,0.0,0.1074069192012151,refine_coarse_b45_wc3.5_k6.5_r70_b1.00_wc1.00_k1.10_r1.12
0.06830778510728237,0.0880627741004592,8.196934212873884,0.21027982234954834,119.0,0.17633861303329468,26334320907.28299,119.0,195.21012916885505,0.4561224509568988,-0.5880864258990189,1.0,0.16610992827258955,44.1,3.5,7.15,25.025000000000002,78.4,0.23483934672549367,0.0,0.7596946358680725,0.0,0.0,0.0,0.10639686385790507,refine_coarse_b45_wc3.5_k6.5_r70_b0.98_wc1.00_k1.10_r1.12
0.07824375240361216,0.09355655047907405,9.389250288433459,0.1888519525527954,119.0,0.13030537962913513,26208826076.57696,119.0,159.88518004858193,0.4680647767117494,-0.5758624841474803,1.0,0.1675082447370804,16.2,2.16,3.5,7.5600000000000005,70.0,0.5027760295197368,0.0,0.6091607809066772,0.0,0.0,0.0,0.09540888667106628,refine_coarse_b18_wc2_k3.5_r70_b0.90_wc1.08_k1.00_r1.00
0.07115634915412367,0.08823294664073274,8.53876189849484,0.219504714012146,119.0,0.15454668800036112,26517353914.938377,119.0,190.3457236410189,0.4828132766795602,-0.5844669475541451,1.0,0.16763680238541204,44.1,3.7800000000000002,5.72,21.6216,78.4,0.569440757855773,0.0,0.6634867191314697,0.0,0.0,0.0,0.08701916535695393,refine_coarse_b45_wc3.5_k6.5_r70_b0.98_wc1.08_k0.88_r1.12
0.079712476455353,0.09793620338351894,9.56549717464236,0.18636298179626465,119.0,0.0984943409760793,26268244245.254597,119.0,255.8126764377626,0.4838112424733444,-0.6565352472425966,1.0,0.16804662239901155,16.2,2.0,3.8500000000000005,7.700000000000001,78.4,0.7736608013510704,0.0,0.44055062532424927,0.0,0.0,0.0,0.07376223802566528,refine_coarse_b18_wc2_k3.5_r70_b0.90_wc1.00_k1.10_r1.12
0.07019496264721473,0.08693108741530434,8.423395517665767,0.20456647872924805,119.0,0.15943461656570435,26566856971.466995,119.0,231.2905109309349,0.4873045292099362,-0.6017205577092742,1.0,0.16806993152046437,45.0,3.7800000000000002,6.5,24.57,78.4,0.3756237905472517,0.0,0.7589386105537415,0.0,0.0,0.0,0.09551737209161122,refine_coarse_b45_wc3.5_k6.5_r70_b1.00_wc1.08_k1.00_r1.12
0.07112032702640553,0.08688580737898068,8.534439243168663,0.19831407070159912,119.0,0.15445631742477417,26645715816.03824,119.0,251.76359391412817,0.5013231039416884,-0.6047083346445796,1.0,0.16975297292707986,44.1,3.7800000000000002,6.5,24.57,78.4,0.3595776816364378,0.0,0.7736764550209045,0.0,0.0,0.0,0.09469900528589885,refine_coarse_b45_wc3.5_k6.5_r70_b0.98_wc1.08_k1.00_r1.12
0.07331673681631515,0.09038862592209394,8.798008417957817,0.22620749473571777,119.0,0.1526041328907013,26623501744.4065,119.0,280.575100938813,0.5067856107337084,-0.65536654335998,1.0,0.1732263888689489,29.89,3.7800000000000002,3.36,12.700800000000001,78.4,0.6468836553394794,0.0,0.6319602727890015,0.0,0.0,0.0,0.08554797371228536,refine_coarse_b30.5_wc3.5_k3.5_r70_b0.98_wc1.08_k0.96_r1.12
0.07900269614242271,0.09885734441002521,9.480323537090726,0.22715532779693604,119.0,0.14606186747550964,26232699804.524986,119.0,278.7453182444853,0.47118934091503245,-0.6792814294010278,1.0,0.17394684217765805,17.64,2.16,3.850000000000001,8.316000000000003,78.4,0.708853792399168,0.0,0.5904305577278137,0.0,0.0,0.0,0.0902753472328186,refine_coarse_b18_wc2_k3.5_r70_b0.98_wc1.08_k1.10_r1.12
0.08034221397196954,0.09644323731520027,9.641065676636345,0.21090459823608398,119.0,0.16328791777292886,26260143707.847897,119.0,137.913705521271,0.4764545229618814,-0.560773833387221,1.0,0.1767427060250069,16.2,2.16,3.5,7.5600000000000005,66.5,0.3913859580643475,0.0,0.7141388058662415,0.0,0.0,0.0,0.1137433002392451,refine_coarse_b18_wc2_k3.5_r70_b0.90_wc1.08_k1.00_r0.95
0.08302608025570825,0.10257230855758716,9.963129630684989,0.23232901096343994,119.0,0.12379822134971619,26296082496.256317,119.0,241.0234785320378,0.4985466668835202,-0.6508971735189388,1.0,0.17862358916803953,16.2,1.96,3.8500000000000005,7.546000000000001,78.4,0.9599290862679482,0.0,0.449764609336853,0.0,0.0,0.0,0.08101004362106323,refine_coarse_b18_wc2_k3.5_r70_b0.90_wc0.98_k1.10_r1.12
0.07280242629153501,0.09473282383890425,8.736291154984201,0.27433955669403076,119.0,0.18135769168535867,26472369675.677383,119.0,261.7929195115546,0.49703015446192683,-0.6416473818992451,1.0,0.17969848470076688,27.45,3.4299999999999997,3.5,12.004999999999999,78.4,0.8197796456515789,0.0,0.6300774216651917,0.0,0.0,0.0,0.10177021721998851,refine_coarse_b30.5_wc3.5_k3.5_r70_b0.90_wc0.98_k1.00_r1.12
0.08531058769908478,0.09969088970797235,10.237270523890174,0.19962191581726074,119.0,0.17787150541941324,26174744055.520237,119.0,104.0000205160189,0.4638236353810917,-0.5405139531283889,1.0,0.18001072712898572,16.2,2.16,3.850000000000001,8.316000000000003,59.5,-0.04677750146947801,0.0,0.7496034502983093,0.0,0.0,0.0,0.12031515936056773,refine_coarse_b18_wc2_k3.5_r70_b0.90_wc1.08_k1.10_r0.85
0.07406039453670132,0.09464267633367122,8.887247344404159,0.2774965763092041,119.0,0.17717731992403665,26689958251.924236,119.0,329.297195049895,0.5299824434459653,-0.6808051737286771,1.0,0.18480290989395978,27.45,3.5,3.5,12.25,78.4,0.8842375874519348,0.0,0.6547313928604126,0.0,0.0,0.0,0.10178998112678528,refine_coarse_b30.5_wc3.5_k3.5_r70_b0.90_wc1.00_k1.00_r1.12
0.07715545002968724,0.09456234609447518,9.25865400356247,0.26124823093414307,119.0,0.16244030992190042,26977341710.80597,119.0,372.31913077731093,0.564657862262699,-0.7241990343334267,1.0,0.1886472045626863,29.89,3.7800000000000002,3.5,13.23,78.4,0.8705215901136398,0.0,0.6516492962837219,0.0,0.0,0.0,0.09572885930538177,refine_coarse_b30.5_wc3.5_k3.5_r70_b0.98_wc1.08_k1.00_r1.12
0.08212873261668202,0.10333740912584481,9.855447914001843,0.27983784675598145,119.0,0.14306601881980896,26581036883.667824,119.0,330.4683725052521,0.5616750497371831,-0.7075071875855078,1.0,0.19299868950842203,16.2,2.16,3.5,7.5600000000000005,78.4,1.2115112841129303,0.0,0.41692033410072327,0.0,0.0,0.0,0.0936082551876704,refine_coarse_b18_wc2_k3.5_r70_b0.90_wc1.08_k1.00_r1.12
0.07676685804045937,0.09974561614094038,9.212022964855123,0.30930018424987793,119.0,0.20965304970741272,27014798645.812805,119.0,398.7062762605042,0.5601607952138076,-0.7499486753239359,1.0,0.19938472132638924,30.5,3.7800000000000002,3.8500000000000005,14.553000000000003,78.4,0.8738731145858765,0.0,0.7791420817375183,0.0,0.0,0.0,0.1226325382788976,refine_coarse_b30.5_wc3.5_k3.5_r70_b1.00_wc1.08_k1.10_r1.12
0.07980711384872355,0.10470913833078747,9.576853661846826,0.3336503505706787,119.0,0.22293000419934592,27087672041.64901,119.0,413.23332457983196,0.5827451128260583,-0.7634127608139688,1.0,0.2094748576782353,27.45,3.4299999999999997,3.8500000000000005,13.2055,78.4,0.9725175313651562,0.0,0.7487480044364929,0.0,0.0,0.0,0.12978732089201608,refine_coarse_b30.5_wc3.5_k3.5_r70_b0.90_wc0.98_k1.10_r1.12
0.08796033984224891,0.10364771995567068,10.55524078106987,0.29997336864471436,119.0,0.14072867234547934,27831496823.01033,119.0,551.7763425682773,0.7134789949140784,-0.8330473726076881,1.0,0.21994681424371537,27.45,3.7800000000000002,3.36,12.700800000000001,78.4,1.4256862998008728,0.0,0.4683835208415985,0.125,0.0,0.0,0.10731571912765503,refine_coarse_b30.5_wc3.5_k3.5_r70_b0.90_wc1.08_k0.96_r1.12
0.09029051946304018,0.11471466747984647,10.834862335564821,0.3470499515533447,119.0,0.20779117941856384,26977380501.817753,119.0,477.09004070378154,0.6133386298424511,-0.8148490449396397,1.0,0.2222269034766067,16.2,2.16,3.850000000000001,8.316000000000003,78.4,1.2245770692825317,0.0,0.6942839026451111,0.0,0.0,0.0,0.13439608613650003,refine_coarse_b18_wc2_k3.5_r70_b0.90_wc1.08_k1.10_r1.12
0.06943854771078009,0.08753999305390066,8.33262572529361,0.21288907527923584,119.0,0.1835516393184662,26539442470.566124,119.0,205.85653968618698,0.4887900952338501,-0.572456935467658,1.0,31.17277684957406,27.45,3.7800000000000002,3.5,13.23,70.0,0.10948975384235382,0.0,0.8296159505844116,0.0,0.0,1.0,0.11577905714511871,refine_coarse_b30.5_wc3.5_k3.5_r70_b0.90_wc1.08_k1.00_r1.00
0.07302047208111731,0.09279827261410102,8.762456649734077,0.23384106159210205,119.0,0.20195260643959045,26795060175.008247,119.0,278.7657686121324,0.5179856706993917,-0.6294020106993492,1.0,31.185027572810636,45.0,3.7800000000000002,7.15,27.027000000000005,78.4,0.10693683102726936,0.0,0.9489589333534241,0.0,0.0,1.0,0.12670699258645376,refine_coarse_b45_wc3.5_k6.5_r70_b1.00_wc1.08_k1.10_r1.12
0.07356823159460077,0.09246704799381487,8.828187791352093,0.22545671463012695,119.0,0.19949403405189514,26795561081.002987,119.0,287.2453838957458,0.5259842865991585,-0.6208516456242774,1.0,31.18583540216087,44.1,3.7800000000000002,7.15,27.027000000000005,78.4,-0.04251997545361519,0.0,0.9678237438201904,0.0,0.0,1.0,0.1277125378449758,refine_coarse_b45_wc3.5_k6.5_r70_b0.98_wc1.08_k1.10_r1.12
0.07380486122551512,0.09846869715900011,8.856583347061814,0.2751884460449219,119.0,0.22020774086316428,26717036429.209244,119.0,378.56852350315125,0.5089597702210046,-0.7259529850066577,1.0,31.190764139474414,27.45,3.5,3.8500000000000005,13.475000000000001,78.4,0.45248209219425917,0.0,0.8997930884361267,0.0,0.0,1.0,0.13220922648906708,refine_coarse_b30.5_wc3.5_k3.5_r70_b0.90_wc1.00_k1.10_r1.12
0.07456401412224713,0.09758354243125297,8.947681694669654,0.28605151176452637,119.0,0.2091993192831675,26894085801.393856,119.0,289.3284122242647,0.5271886487759512,-0.654156382405373,1.0,31.191628187747163,40.5,3.7800000000000002,5.72,21.6216,78.4,0.6692510209977627,0.0,0.8500607013702393,0.0,0.0,1.0,0.12254749735196431,refine_coarse_b45_wc3.5_k6.5_r70_b0.90_wc1.08_k0.88_r1.12
0.08689468127091876,0.10579537059393786,10.42736175251025,0.24065208435058594,119.0,0.1970897614955902,26550497299.124973,119.0,215.1103966977416,0.5180954292012412,-0.6164951391682402,1.0,31.19676987169958,16.2,2.16,3.850000000000001,8.316000000000003,70.0,0.3231391590088606,0.0,0.8138459324836731,0.0,0.0,1.0,0.1308173487583796,refine_coarse_b18_wc2_k3.5_r70_b0.90_wc1.08_k1.10_r1.00
0.07705835664898093,0.10124084167286522,9.247002797877713,0.3093184232711792,119.0,0.22111961245536804,27057204219.435497,119.0,423.69253873424367,0.5577682957133447,-0.7674623853276671,1.0,31.201901469879097,29.89,3.7800000000000002,3.8500000000000005,14.553000000000003,78.4,0.7688188757747412,0.0,0.8577913045883179,0.0,0.0,1.0,0.13080690801143646,refine_coarse_b30.5_wc3.5_k3.5_r70_b0.98_wc1.08_k1.10_r1.12
0.08190277948913831,0.10503684761087168,9.828333538696597,0.286818265914917,119.0,0.2300018568833669,27356675281.69111,119.0,340.2970924698004,0.5812409569416693,-0.6760672027305018,1.0,31.21050782864455,40.5,3.5,7.15,25.025000000000002,78.4,0.4517566836439073,0.0,0.9866256713867188,0.0,0.0,1.0,0.13990479211012521,refine_coarse_b45_wc3.5_k6.5_r70_b0.90_wc1.00_k1.10_r1.12
0.09081144517506914,0.1198549631752452,10.897373421008297,0.43725621700286865,119.0,0.25910280148188275,28143358116.462322,119.0,474.65704602153363,0.7436340069357636,-0.7857497318315879,1.0,31.25602844999277,40.5,3.7800000000000002,6.24,23.587200000000003,78.4,1.5736849904060364,0.0,0.670871913433075,0.875,0.0,1.0,0.16052169104417166,refine_coarse_b45_wc3.5_k6.5_r70_b0.90_wc1.08_k0.96_r1.12
0.10065787124618926,0.11761831152720073,12.078944549542712,0.2866431474685669,119.0,0.11524845163027446,28009969194.11133,119.0,731.1034417673319,0.8911661118805847,-0.9684753791947414,1.0,31.260392103645366,27.45,3.7800000000000002,3.8500000000000005,14.553000000000003,78.4,2.0695462226867676,0.0,1.0069435834884644,0.375,0.0,1.0,0.1589331328868866,refine_coarse_b30.5_wc3.5_k3.5_r70_b0.90_wc1.08_k1.10_r1.12
0.09156768911957253,0.12034320072080902,10.988122694348704,0.48351550102233887,119.0,0.2388476034005483,28007286479.81134,119.0,704.0992647058823,0.8365550533087911,-0.9771272467303455,1.0,31.2697998241564,27.45,3.7800000000000002,3.5,13.23,78.4,2.165113389492035,0.0,0.5664040446281433,0.75,0.0,1.0,0.15886084735393524,refine_coarse_b30.5_wc3.5_k3.5_r70_b0.90_wc1.08_k1.00_r1.12
0.05001968884178609,0.06254306276309443,6.002362661014331,0.06265950202941895,118.0,0.057312329610188804,25470289852.621437,118.0,15.333471474527311,0.29063137411048273,-0.47716220051909175,1.0,35.097635534219556,32.940000000000005,3.4299999999999997,3.5,12.004999999999999,59.5,-0.11315006855875254,1.0,0.132308691740036,0.0,0.0,1.0,0.0451845129330953,refine_coarse_b30.5_wc3.5_k3.5_r70_b1.08_wc0.98_k1.00_r0.85
0.049393261377264255,0.06195498976315723,5.92719136527171,0.06571102142333984,119.0,0.06197676062583923,25498761275.64553,119.0,13.386895187762605,0.29774504333688734,-0.48397907006208796,1.0,35.09874932362069,29.89,3.5,3.0800000000000005,10.780000000000001,59.5,-0.05203919636551291,1.0,0.1538592427968979,0.0,0.0,1.0,0.043419147531191506,refine_coarse_b30.5_wc3.5_k3.5_r70_b0.98_wc1.00_k0.88_r0.85
0.049780240165407955,0.06244563371620349,5.973628819848955,0.06578946113586426,119.0,0.06220415234565735,25489875194.93266,119.0,14.275636817226891,0.2968978170588005,-0.4939028766512716,1.0,35.099127660798565,30.5,3.5,3.0800000000000005,10.780000000000001,59.5,-0.05909101280849427,1.0,0.14555655419826508,0.0,0.0,1.0,0.044592663645744324,refine_coarse_b30.5_wc3.5_k3.5_r70_b1.00_wc1.00_k0.88_r0.85
0.04978454831860404,0.06277306050194546,5.974145798232485,0.07081282138824463,119.0,0.0668081243832906,25473927273.889904,119.0,11.712119222689076,0.29299680678082207,-0.49152391635371434,1.0,35.09957195895301,29.89,3.4299999999999997,3.08,10.5644,59.5,-0.07257222299085697,1.0,0.16477438807487488,0.0,0.0,1.0,0.04800670842329661,refine_coarse_b30.5_wc3.5_k3.5_r70_b0.98_wc0.98_k0.88_r0.85
0.05002628049995224,0.061600372172277665,6.003153659994268,0.06418800354003906,119.0,0.060428102811177574,25534754271.353592,119.0,16.013733423056724,0.3083839935827178,-0.5034073152875683,1.0,35.100183805053206,32.940000000000005,3.7800000000000002,3.08,11.6424,59.5,-0.06596860673744231,1.0,0.15428118407726288,0.0,0.0,1.0,0.04360113044579824,refine_coarse_b30.5_wc3.5_k3.5_r70_b1.08_wc1.08_k0.88_r0.85
0.05148595544701304,0.0640428354875235,6.178314653641564,0.07280755043029785,119.0,0.06836418310801189,25452755817.072,119.0,15.937569754464286,0.2874943118384083,-0.48156010385936754,1.0,35.10044431972932,32.940000000000005,3.4299999999999997,3.36,11.524799999999999,59.5,-0.09668928105384111,1.0,0.15748551487922668,0.0,0.0,1.0,0.05252531667550405,refine_coarse_b30.5_wc3.5_k3.5_r70_b1.08_wc0.98_k0.96_r0.85
0.051761994924237345,0.06510859531584283,6.211439390908481,0.07584846019744873,119.0,0.07170622547467549,25428145236.778866,119.0,14.102403656775211,0.28112460496965325,-0.4708232986477918,1.0,35.100642820038544,29.89,3.15,3.36,10.584,59.5,-0.08133847860153764,1.0,0.16121181845664978,0.0,0.0,1.0,0.05255754292011261,refine_coarse_b30.5_wc3.5_k3.5_r70_b0.98_wc0.90_k0.96_r0.85
0.05250993698438341,0.06595143688973598,6.301192438126009,0.07596063613891602,119.0,0.07167041301727295,25408995275.937637,119.0,14.380678834033613,0.2771936381640986,-0.47864672414192927,1.0,35.100854468326844,30.5,3.15,3.36,10.584,59.5,-0.09138012467883527,1.0,0.15522970259189606,0.0,0.0,1.0,0.05437043309211731,refine_coarse_b30.5_wc3.5_k3.5_r70_b1.00_wc0.90_k0.96_r0.85
0.061143069201881416,0.07709647394258078,7.33716830422577,0.02544689178466797,79.0,0.01923493544260661,25459358733.710014,79.0,20.445423286502102,0.28136580394499705,-0.4873195488537165,1.0,35.10137167580678,19.44,2.16,3.08,6.652800000000001,59.5,-0.06040346482768655,1.0,0.08170818537473679,0.0,0.0,1.0,0.01728301743666331,refine_coarse_b18_wc2_k3.5_r70_b1.08_wc1.08_k0.88_r0.85
0.05018027620297403,0.0638780586872519,6.021633144356883,0.08015859127044678,119.0,0.07576574881871541,25454860767.1428,119.0,12.365681624212185,0.29078958386999704,-0.4817577541749676,1.0,35.10161935638502,45.0,3.4299999999999997,5.72,19.6196,59.5,-0.062479264102876186,1.0,0.18194814026355743,0.0,0.0,1.0,0.05348395307858785,refine_coarse_b45_wc3.5_k6.5_r70_b1.00_wc0.98_k0.88_r0.85
0.051387811297458556,0.06375498455703066,6.166537355695027,0.0724402666091919,119.0,0.06828818718592326,25493328217.309586,119.0,13.994879201680673,0.2980613902401737,-0.473385653717209,1.0,35.101756592099605,30.5,3.4299999999999997,3.08,10.5644,59.5,-0.08002100413432345,1.0,0.16892194747924805,0.0,0.0,1.0,0.049987768133481346,refine_coarse_b30.5_wc3.5_k3.5_r70_b1.00_wc0.98_k0.88_r0.85
0.05109809508683725,0.06444179971468536,6.13177141042047,0.07966291904449463,119.0,0.07547040780385335,25459638579.801064,119.0,13.215430508140756,0.29248696513676736,-0.4886971270134269,1.0,35.102475312892146,48.6,3.4299999999999997,6.24,21.4032,59.5,-0.05494359240401536,1.0,0.17131830751895905,0.0,0.0,1.0,0.05398899813493093,refine_coarse_b45_wc3.5_k6.5_r70_b1.08_wc0.98_k0.96_r0.85
0.052337690923330155,0.06449101566685776,6.280522910799618,0.07389450073242188,119.0,0.06900615493456523,25482454632.210796,119.0,16.856564305409663,0.2967925003903221,-0.4773158105702854,1.0,35.102577693817565,32.940000000000005,3.5,3.36,11.76,59.5,-0.10840124089736491,1.0,0.16103717684745789,0.0,0.0,1.0,0.05316867927710215,refine_coarse_b30.5_wc3.5_k3.5_r70_b1.08_wc1.00_k0.96_r0.85
0.05189664987263427,0.0662895709336318,6.2275979847161125,0.08745622634887695,119.0,0.08244053522745769,25399935951.26879,119.0,12.912646894695378,0.278108817346828,-0.4775009690000614,1.0,35.10292292068351,32.940000000000005,3.15,3.8500000000000005,12.127500000000001,59.5,-0.09869848238304257,1.0,0.19478270411491394,0.0,0.0,1.0,0.06008286774158478,refine_coarse_b30.5_wc3.5_k3.5_r70_b1.08_wc0.90_k1.10_r0.85
0.049659305050694984,0.06407749912651411,5.959116606083398,0.0901951789855957,119.0,0.08471126357714336,25446067864.90822,119.0,12.342432871586135,0.28949444206430835,-0.49422087125400405,1.0,35.10297543892905,44.1,3.4299999999999997,5.72,19.6196,59.5,-0.06928776355925947,1.0,0.22319847345352173,0.0,0.0,1.0,0.05843265851338705,refine_coarse_b45_wc3.5_k6.5_r70_b0.98_wc0.98_k0.88_r0.85
0.052372079880552744,0.06443094198624127,6.28464958566633,0.06929624080657959,119.0,0.06504498918851216,25514134309.21345,119.0,22.15413685005252,0.3048953287895787,-0.5036996641036526,1.0,35.10306974418987,29.89,3.4299999999999997,3.08,10.5644,66.5,-0.09344464691821486,1.0,0.14535444974899292,0.0,0.0,1.0,0.04970882833003998,refine_coarse_b30.5_wc3.5_k3.5_r70_b0.98_wc0.98_k0.88_r0.95
0.053679949738290135,0.06531339485620924,6.441593968594816,0.07519423961639404,119.0,0.0672820011774699,25470999367.16101,119.0,19.996680508140756,0.29466117936693065,-0.47320866119617133,1.0,35.103176203318625,32.940000000000005,3.5,3.0800000000000005,10.780000000000001,59.5,-0.1597734708338976,1.0,0.16632409393787384,0.0,0.0,1.0,0.05725392202536265,refine_coarse_b30.5_wc3.5_k3.5_r70_b1.08_wc1.00_k0.88_r0.85
0.05452419473302257,0.06675701379364134,6.542903367962708,0.0779949426651001,119.0,0.07242743174235027,25436508094.154156,119.0,18.209952731092436,0.2835375420312825,-0.4741633177315382,1.0,35.1032995092157,29.89,3.15,3.08,9.702,59.5,-0.12308273045346141,1.0,0.1559370905160904,0.0,0.0,1.0,0.05869062741597494,refine_coarse_b30.5_wc3.5_k3.5_r70_b0.98_wc0.90_k0.88_r0.85
0.05179960851678326,0.06389144597772221,6.215953022013991,0.07228577136993408,119.0,0.0684395432472229,25526993474.73527,119.0,19.109342174369747,0.3075821717371418,-0.5127398713457677,1.0,35.103445909469485,29.89,3.5,3.0800000000000005,10.780000000000001,66.5,-0.05699310975614935,1.0,0.15997149050235748,0.0,0.0,1.0,0.049263050158818565,refine_coarse_b30.5_wc3.5_k3.5_r70_b0.98_wc1.00_k0.88_r0.95
0.05271072786876895,0.06646987005140527,6.325287344252274,0.08477580547332764,119.0,0.08045712113380432,25427547722.819633,119.0,12.661247702205882,0.2837452982920286,-0.4912359992391648,1.0,35.103692253365566,30.5,3.15,3.5,11.025,59.5,-0.05748397845309228,1.0,0.18026623129844666,0.0,0.0,1.0,0.05728390316168467,refine_coarse_b30.5_wc3.5_k3.5_r70_b1.00_wc0.90_k1.00_r0.85
0.050570883223976654,0.06372631204179535,6.068505986877199,0.08587062358856201,119.0,0.08069805304209392,25487802640.785213,119.0,13.597405954569327,0.2989914763176405,-0.49241922433957774,1.0,35.10380153981569,48.6,3.5,6.24,21.84,66.5,-0.05528415984008461,1.0,0.20693019032478333,0.0,0.0,1.0,0.05613934497038523,refine_coarse_b45_wc3.5_k6.5_r70_b1.08_wc1.00_k0.96_r0.95
0.050258173704376456,0.06389380086429813,6.030980844525175,0.09083032608032227,119.0,0.08508338530858357,25470207344.83446,119.0,12.943839449842438,0.2947480508175753,-0.49658372613803176,1.0,35.10390645359913,32.940000000000005,3.5,3.5,12.25,59.5,-0.05901450361125171,1.0,0.2292681783437729,0.0,0.0,1.0,0.05834833780924479,refine_coarse_b30.5_wc3.5_k3.5_r70_b1.08_wc1.00_k1.00_r0.85
0.050198438172930085,0.06421551796915616,6.02381258075161,0.0887143611907959,119.0,0.08345863223075867,25468450851.160027,119.0,12.178132385766807,0.2960211020677053,-0.4800401877759653,1.0,35.10403946232361,45.0,3.4299999999999997,5.72,19.6196,66.5,-0.06413461055490188,1.0,0.2130809873342514,0.0,0.0,1.0,0.05795237918694814,refine_coarse_b45_wc3.5_k6.5_r70_b1.00_wc0.98_k0.88_r0.95
0.05242641949930468,0.06452300887646747,6.291170339916562,0.07566511631011963,119.0,0.07153646151224773,25516356171.948753,119.0,18.67562122505252,0.30503941420864866,-0.5132002313838961,1.0,35.104213561233976,30.5,3.5,3.0800000000000005,10.780000000000001,66.5,-0.060586049454286695,1.0,0.17876295745372772,0.0,0.0,1.0,0.05206479628880819,refine_coarse_b30.5_wc3.5_k3.5_r70_b1.00_wc1.00_k0.88_r0.95
0.0521382893688326,0.06458247598535173,6.256594724259912,0.07670938968658447,119.0,0.07249561945597331,25504759856.979515,119.0,19.647038307510503,0.3045803658560474,-0.4884486804248408,1.0,35.10431041872857,32.940000000000005,3.5,3.36,11.76,66.5,-0.075718842970673,1.0,0.17393231391906738,0.0,0.0,1.0,0.053251057863235474,refine_coarse_b30.5_wc3.5_k3.5_r70_b1.08_wc1.00_k0.96_r0.95
0.05186889973591065,0.06669255304838644,6.224267968309277,0.0972297191619873,119.0,0.09194192290306091,25382399444.618134,119.0,8.360688025210084,0.27593969020952364,-0.48559286488161985,1.0,35.104414097645005,48.6,3.15,7.15,22.5225,59.5,-0.05757683881893172,1.0,0.21385738253593445,0.0,0.0,1.0,0.0642813245455424,refine_coarse_b45_wc3.5_k6.5_r70_b1.08_wc0.90_k1.10_r0.85
0.05262632144860125,0.06736670035781266,6.31515857383215,0.09103214740753174,119.0,0.08637949824333191,25395097738.640602,119.0,11.54378528755252,0.2785528057589945,-0.4876144451588578,1.0,35.10457482851082,45.0,3.15,6.24,19.656,59.5,-0.0765676808077842,1.0,0.1907457411289215,0.0,0.0,1.0,0.06270950535933177,refine_coarse_b45_wc3.5_k6.5_r70_b1.00_wc0.90_k0.96_r0.85
0.05410081451729146,0.06699122409412034,6.492097742074975,0.08011817932128906,119.0,0.07559495170911153,25446092377.58892,119.0,24.680101923581933,0.2891432529472001,-0.5147122584379077,1.0,35.104673446814516,29.89,3.15,3.36,10.584,66.5,-0.09749092714628205,1.0,0.158326655626297,0.0,0.0,1.0,0.05893464386463165,refine_coarse_b30.5_wc3.5_k3.5_r70_b0.98_wc0.90_k0.96_r0.95
0.05267611388233604,0.06515483193195658,6.321133665880325,0.0784754753112793,119.0,0.07381461064020793,25497204587.763096,119.0,19.61447117909664,0.30294871829806597,-0.49107627025486283,1.0,35.10486099732915,32.940000000000005,3.4299999999999997,3.5,12.004999999999999,66.5,-0.09704672917723656,1.0,0.1860523372888565,0.0,0.0,1.0,0.0551160474618276,refine_coarse_b30.5_wc3.5_k3.5_r70_b1.08_wc0.98_k1.00_r0.95
0.04999885082162526,0.06412017367513684,5.999862098595031,0.09201765060424805,119.0,0.08585999409357707,25486579114.86492,119.0,14.814170003939076,0.3003561220840516,-0.49286679420668944,1.0,35.10497645741028,48.6,3.5,6.5,22.75,59.5,-0.0572030182229355,1.0,0.24128089845180511,0.0,0.0,1.0,0.05798697471618652,refine_coarse_b45_wc3.5_k6.5_r70_b1.08_wc1.00_k1.00_r0.85
0.05306915866183885,0.06660636530223189,6.368299039420663,0.08314085006713867,119.0,0.0787506103515625,25465858498.562397,119.0,17.37778607536765,0.29483579380001224,-0.48949698608729064,1.0,35.1053956561353,29.89,3.15,3.5,11.025,66.5,-0.07275039388332516,1.0,0.18142898380756378,0.0,0.0,1.0,0.057048151890436806,refine_coarse_b30.5_wc3.5_k3.5_r70_b0.98_wc0.90_k1.00_r0.95
0.05408333435366141,0.06728215536821772,6.490000122439369,0.08214867115020752,119.0,0.07687371969223022,25449144600.13621,119.0,23.662023207720587,0.29196994282564137,-0.5094783070405045,1.0,35.1055693444908,30.5,3.15,3.36,10.584,66.5,-0.11821721459273249,1.0,0.1701529324054718,0.0,0.0,1.0,0.06006654600302378,refine_coarse_b30.5_wc3.5_k3.5_r70_b1.00_wc0.90_k0.96_r0.95
0.054572174198330006,0.06632292115209938,6.5486609037996,0.07953858375549316,119.0,0.07219191392262776,25483987345.462914,119.0,28.61903394170168,0.2997474693784009,-0.5220222972372858,1.0,35.1057374919672,32.940000000000005,3.4299999999999997,3.36,11.524799999999999,66.5,-0.15871486207470298,1.0,0.17959807813167572,0.0,0.0,1.0,0.06047609945138296,refine_coarse_b30.5_wc3.5_k3.5_r70_b1.08_wc0.98_k0.96_r0.95
0.05232977393190102,0.06721575922085817,6.2795728718281225,0.10124409198760986,119.0,0.09524259964625041,25394846052.239998,119.0,10.193531709558824,0.2796427766078121,-0.4789024285031731,1.0,35.106014752884946,45.0,3.15,6.499999999999999,20.474999999999998,59.5,-0.05503844190388918,1.0,0.24148401618003845,0.0,0.0,1.0,0.06556654969851176,refine_coarse_b45_wc3.5_k6.5_r70_b1.00_wc0.90_k1.00_r0.85
0.050019440237760664,0.06461411811715932,6.00233282853128,0.0985255241394043,119.0,0.09220826625823975,25472640805.40869,119.0,16.26123046875,0.29823108245858276,-0.49110350449937706,1.0,35.10613063673621,44.1,3.4299999999999997,5.72,19.6196,66.5,-0.05839223577640951,1.0,0.24599024653434753,0.0,0.0,1.0,0.06266627212365468,refine_coarse_b45_wc3.5_k6.5_r70_b0.98_wc0.98_k0.88_r0.95
0.05361160479386058,0.06618589834875775,6.4333925752632695,0.08510017395019531,119.0,0.07967884341875713,25472228967.613796,119.0,14.174410779936975,0.29770680051983134,-0.5140163850004723,1.0,35.10614567758017,48.6,3.5,5.72,20.02,59.5,-0.11948227416723967,1.0,0.19320285320281982,0.0,0.0,1.0,0.061517298221588135,refine_coarse_b45_wc3.5_k6.5_r70_b1.08_wc1.00_k0.88_r0.85
0.05089344774770742,0.06484063739993214,6.10721372972489,0.09301674365997314,119.0,0.08694564302762349,25492901765.18004,119.0,14.538352645745798,0.3021715018268803,-0.49105481246675675,1.0,35.10616865808021,45.0,3.5,5.72,20.02,59.5,-0.05289636622183025,1.0,0.24309994280338287,0.0,0.0,1.0,0.05895011126995087,refine_coarse_b45_wc3.5_k6.5_r70_b1.00_wc1.00_k0.88_r0.85
0.05250880852151075,0.06570778477335143,6.30105702258129,0.08907496929168701,119.0,0.08415872852007548,25472186106.119648,119.0,15.007471934086135,0.2979341265579055,-0.4980617984059515,1.0,35.10618125540981,48.6,3.4299999999999997,6.24,21.4032,66.5,-0.08154653501696885,1.0,0.2000676542520523,0.0,0.0,1.0,0.06109801928202311,refine_coarse_b45_wc3.5_k6.5_r70_b1.08_wc0.98_k0.96_r0.95
0.05347549377924944,0.06745717251354072,6.417059253509933,0.0908287763595581,119.0,0.08531115452448527,25429165796.01434,119.0,18.452489003413866,0.28759996687252853,-0.505897523646038,1.0,35.106244281591984,32.940000000000005,3.15,3.8500000000000005,12.127500000000001,66.5,-0.11705891392193735,1.0,0.20981596410274506,0.0,0.0,1.0,0.06396765510241191,refine_coarse_b30.5_wc3.5_k3.5_r70_b1.08_wc0.90_k1.10_r0.95
0.053487334111785384,0.06680955036181979,6.418480093414246,0.08740425109863281,119.0,0.08153043190638225,25449919326.108208,119.0,14.160221901260504,0.2939442668815853,-0.48443403514380257,1.0,35.10628700674896,48.6,3.4299999999999997,5.72,19.6196,59.5,-0.13228200213052332,1.0,0.1944863200187683,0.0,0.0,1.0,0.06332122286160786,refine_coarse_b45_wc3.5_k6.5_r70_b1.08_wc0.98_k0.88_r0.85
0.05363644535350242,0.06611498351041334,6.43637344242029,0.08585739135742188,119.0,0.0799165666103363,25473969648.897293,119.0,17.205508961397058,0.29852427404917276,-0.521029067989147,1.0,35.106371531376794,48.6,3.5,5.72,20.02,66.5,-0.134912580717355,1.0,0.18972036242485046,0.0,0.0,1.0,0.06302252908547719,refine_coarse_b45_wc3.5_k6.5_r70_b1.08_wc1.00_k0.88_r0.95
0.05261724252336345,0.06755565119676232,6.314069102803614,0.09764552116394043,119.0,0.09259819984436035,25408114762.00258,119.0,12.616067325367647,0.28332843781619,-0.4992766492402383,1.0,35.10652545523643,44.1,3.15,6.24,19.656,66.5,-0.061739665165077895,1.0,0.20678672194480896,0.0,0.0,1.0,0.0658669372399648,refine_coarse_b45_wc3.5_k6.5_r70_b0.98_wc0.90_k0.96_r0.95
0.05289297511012402,0.06523683905835502,6.347157013214883,0.08515191078186035,119.0,0.08023365338643391,25513760517.95082,119.0,17.31698480173319,0.3062597914508806,-0.5155578618801168,1.0,35.10658516386088,32.940000000000005,3.5,3.5,12.25,66.5,-0.08333409728948027,1.0,0.20127300918102264,0.0,0.0,1.0,0.058144589265187584,refine_coarse_b30.5_wc3.5_k3.5_r70_b1.08_wc1.00_k1.00_r0.95
0.05394341616333615,0.0674056591784602,6.473209939600338,0.0871894359588623,119.0,0.08225773771603902,25456196448.83414,119.0,18.16761177127101,0.29383170981221823,-0.5188741851115661,1.0,35.10675379374403,30.5,3.15,3.5,11.025,66.5,-0.10268267174251378,1.0,0.1927260309457779,0.0,0.0,1.0,0.06168330212434133,refine_coarse_b30.5_wc3.5_k3.5_r70_b1.00_wc0.90_k1.00_r0.95
0.05157046804692792,0.06504217340130057,6.188456165631351,0.09297072887420654,119.0,0.08710762858390808,25504763747.410072,119.0,14.484018021271009,0.3050204995011231,-0.4975252110834544,1.0,35.106989628039855,45.0,3.5,5.72,20.02,66.5,-0.05234517157077789,1.0,0.229405477643013,0.0,0.0,1.0,0.05964351197083791,refine_coarse_b45_wc3.5_k6.5_r70_b1.00_wc1.00_k0.88_r0.95
0.05554408282364231,0.06763206680349254,6.665289938837077,0.08700573444366455,119.0,0.07421591877937317,25461215539.80767,119.0,21.686749113707982,0.29751582488736233,-0.49481812747612763,1.0,35.10717548762598,32.940000000000005,3.4299999999999997,3.08,10.5644,59.5,-0.2253629555925727,1.0,0.1942974030971527,0.0,0.0,1.0,0.0656808614730835,refine_coarse_b30.5_wc3.5_k3.5_r70_b1.08_wc0.98_k0.88_r0.85
0.051929571741718895,0.06611938610550086,6.231548609006268,0.09730339050292969,119.0,0.09109492103258769,25473148114.260365,119.0,13.285665047268907,0.29716632455781855,-0.5030072838812423,1.0,35.10725123316435,48.6,3.4299999999999997,6.5,22.294999999999998,59.5,-0.06691750200116076,1.0,0.2508605718612671,0.0,0.0,1.0,0.062482873598734535,refine_coarse_b45_wc3.5_k6.5_r70_b1.08_wc0.98_k1.00_r0.85
0.05257487802495954,0.06740116118426233,6.308985362995145,0.0999143123626709,119.0,0.09425139427185059,25431768344.967007,119.0,11.462049468224789,0.2885299648155797,-0.49975093011199495,1.0,35.10749459586579,40.5,3.15,5.719999999999999,18.017999999999997,66.5,-0.06568994640838355,1.0,0.22758245468139648,0.0,0.0,1.0,0.06591736276944478,refine_coarse_b45_wc3.5_k6.5_r70_b0.90_wc0.90_k0.88_r0.95
0.05418136202747329,0.06918336918152541,6.501763443296795,0.09859192371368408,119.0,0.09358802437782288,25384914876.720695,119.0,11.079634978991596,0.2794425517389005,-0.476194870111011,1.0,35.10767305929471,48.6,3.15,6.499999999999999,20.474999999999998,59.5,-0.08611081726849079,1.0,0.2083984911441803,0.0,0.0,1.0,0.0689207414786021,refine_coarse_b45_wc3.5_k6.5_r70_b1.08_wc0.90_k1.00_r0.85
0.05524894044245343,0.06692742194854263,6.629872853094412,0.08225595951080322,119.0,0.07767534255981445,25508910999.852264,119.0,24.00659384847689,0.3049032543591527,-0.48661515586046505,1.0,35.10783465270595,30.5,3.4299999999999997,3.08,10.5644,66.5,-0.09723185352049768,1.0,0.175945445895195,0.0,0.0,1.0,0.06042670706907908,refine_coarse_b30.5_wc3.5_k3.5_r70_b1.00_wc0.98_k0.88_r0.95
0.05261054674160543,0.06804835676062404,6.313265608992651,0.1014096736907959,119.0,0.09554414947827657,25412761725.543304,119.0,11.994321165966387,0.28713995138527926,-0.4868970944647661,1.0,35.10804068529772,45.0,3.15,6.24,19.656,66.5,-0.1028555638040416,1.0,0.2437170445919037,0.0,0.0,1.0,0.06858360767364502,refine_coarse_b45_wc3.5_k6.5_r70_b1.00_wc0.90_k0.96_r0.95
0.05460180602869021,0.06904681003610251,6.552216723442825,0.09520304203033447,119.0,0.08963624636332194,25410690075.42781,119.0,16.37310021664916,0.28526637563950924,-0.4889525039658036,1.0,35.10811480835127,48.6,3.15,6.499999999999999,20.474999999999998,66.5,-0.12121947956620716,1.0,0.19221284985542297,0.0,0.0,1.0,0.06942091882228851,refine_coarse_b45_wc3.5_k6.5_r70_b1.08_wc0.90_k1.00_r0.95
0.05172993195749882,0.06715126658262416,6.207591834899858,0.10436832904815674,119.0,0.09813633561134338,25435108483.61334,119.0,14.910086495535714,0.2911465536071069,-0.49233895981312964,1.0,35.10818203650571,44.1,3.15,6.499999999999999,20.474999999999998,66.5,-0.07022146301460452,1.0,0.2512764036655426,0.0,0.0,1.0,0.06746955712636311,refine_coarse_b45_wc3.5_k6.5_r70_b0.98_wc0.90_k1.00_r0.95
0.05461281676267807,0.06888961162607873,6.553538011521368,0.09621798992156982,119.0,0.09037060538927714,25412185364.619473,119.0,17.666384913340337,0.2855780405006685,-0.5031379158980679,1.0,35.10822236842419,44.1,3.15,5.719999999999999,18.017999999999997,66.5,-0.12950383487623185,1.0,0.19342908263206482,0.0,0.0,1.0,0.07020451625188191,refine_coarse_b45_wc3.5_k6.5_r70_b0.98_wc0.90_k0.88_r0.95
0.05229908075334417,0.06816434249953542,6.2758896904013,0.10578584671020508,119.0,0.0996554692586263,25410172442.08352,119.0,10.743065585609244,0.28626578216545684,-0.4885704233670623,1.0,35.10853345918197,48.6,3.15,7.15,22.5225,66.5,-0.07526652928208932,1.0,0.2541961967945099,0.0,0.0,1.0,0.06955876449743907,refine_coarse_b45_wc3.5_k6.5_r70_b1.08_wc0.90_k1.10_r0.95
0.05448019917559085,0.06527289504946217,6.537623901070901,0.07596468925476074,119.0,0.07149036725362141,25596689259.319035,119.0,20.279793362657564,0.325940881605339,-0.5286480248528563,1.0,35.10861455774929,32.940000000000005,3.7800000000000002,3.08,11.6424,66.5,-0.0775090086972341,1.0,0.18103377521038055,0.0,0.0,1.0,0.05277132491270701,refine_coarse_b30.5_wc3.5_k3.5_r70_b1.08_wc1.08_k0.88_r0.95
0.056161849626488444,0.06794871294460024,6.739421955178614,0.08378732204437256,119.0,0.07520439227422078,25492226193.64724,119.0,23.28035550157563,0.30473878894548007,-0.5000408110705693,1.0,35.108690406394416,48.6,3.4299999999999997,5.72,19.6196,66.5,-0.17330302763730288,1.0,0.17802287638187408,0.0,0.0,1.0,0.06470957895119984,refine_coarse_b45_wc3.5_k6.5_r70_b1.08_wc0.98_k0.88_r0.95
0.05249977244605475,0.06813456176708096,6.29997269352657,0.10475635528564453,119.0,0.09867149591445923,25419696665.897476,119.0,10.987702698266807,0.2885510763694212,-0.4953687365140192,1.0,35.1087323181098,45.0,3.15,6.499999999999999,20.474999999999998,66.5,-0.06365708139492199,1.0,0.2436232715845108,0.0,0.0,1.0,0.06853806972503662,refine_coarse_b45_wc3.5_k6.5_r70_b1.00_wc0.90_k1.00_r0.95
0.0565239855611992,0.06981357378080441,6.782878267343904,0.09014225006103516,119.0,0.08139422535896301,25432693486.002,119.0,17.48607782956933,0.2911551859615571,-0.4856986185925019,1.0,35.10885657154804,32.940000000000005,3.15,3.5,11.025,59.5,-0.17885843385010958,1.0,0.1741817146539688,0.0,0.0,1.0,0.06774285932381947,refine_coarse_b30.5_wc3.5_k3.5_r70_b1.08_wc0.90_k1.00_r0.85
0.06658566488411566,0.08455488282348828,7.990279786093879,0.02509903907775879,80.0,0.009652654329935709,25520251223.240517,80.0,27.232060793067227,0.29847284703929516,-0.4946442227121249,1.0,35.10890465187215,17.64,1.96,3.08,6.0368,59.5,-0.0965432096272707,1.0,0.12822917103767395,0.0,0.0,1.0,0.013353407382965088,refine_coarse_b18_wc2_k3.5_r70_b0.98_wc0.98_k0.88_r0.85
0.05693065887624584,0.06934561242807381,6.831679065149501,0.08569550514221191,119.0,0.0750843087832133,25465935411.574333,119.0,34.019646139705884,0.29891806516824776,-0.49946957104348577,1.0,35.10892210765398,29.89,3.15,3.08,9.702,66.5,-0.19507804047316313,1.0,0.1781391203403473,0.0,0.0,1.0,0.06546553472677867,refine_coarse_b30.5_wc3.5_k3.5_r70_b0.98_wc0.90_k0.88_r0.95
0.05028155547185141,0.06512299916005844,6.033786656622169,0.10843539237976074,119.0,0.10065201918284099,25498765306.52774,119.0,22.430565585609244,0.304642387735227,-0.4920131980298956,1.0,35.10901298454414,45.0,3.4299999999999997,6.24,21.4032,66.5,-0.05527126742526889,1.0,0.3000657856464386,0.0,0.0,1.0,0.06685389578342438,refine_coarse_b45_wc3.5_k6.5_r70_b1.00_wc0.98_k0.96_r0.95
0.05653862462957591,0.06787816741583892,6.784634955549109,0.08410191535949707,119.0,0.07207693656285603,25500141081.380928,119.0,34.98206899947479,0.3089097222284445,-0.5337493888887075,1.0,35.10904341211294,32.940000000000005,3.5,3.0800000000000005,10.780000000000001,66.5,-0.20954688172787428,1.0,0.16925834119319916,0.0,0.0,1.0,0.06474035978317261,refine_coarse_b30.5_wc3.5_k3.5_r70_b1.08_wc1.00_k0.88_r0.95
0.05529358091963748,0.0697510077092526,6.635229710356498,0.09833085536956787,119.0,0.09266674518585205,25404195909.21108,119.0,13.002732733718487,0.28470301362520856,-0.5035868398405766,1.0,35.10914808087444,44.1,3.15,5.719999999999999,18.017999999999997,59.5,-0.12179281760472804,1.0,0.2076958864927292,0.0,0.0,1.0,0.07053169111410777,refine_coarse_b45_wc3.5_k6.5_r70_b0.98_wc0.90_k0.88_r0.85
0.06798888818534389,0.08229719327972367,8.158666582241267,0.03871321678161621,81.0,0.03523512681325277,25435399885.533752,81.0,21.72586085215336,0.2809904106348695,-0.4877473748622788,1.0,35.10923565208934,19.44,2.0,3.36,6.72,59.5,-0.05822485685348511,1.0,0.06283610314130783,0.0,0.0,1.0,0.027788291374842327,refine_coarse_b18_wc2_k3.5_r70_b1.08_wc1.00_k0.96_r0.85
0.05023733100532013,0.06492805949641048,6.0284797206384155,0.1096872091293335,119.0,0.10145231088002522,25504928881.00947,119.0,23.964269301470587,0.30666100450804046,-0.4900740415452483,1.0,35.10937751367386,44.1,3.4299999999999997,6.5,22.294999999999998,59.5,-0.07063220511190593,1.0,0.3220374882221222,0.0,0.0,1.0,0.06779954334100087,refine_coarse_b45_wc3.5_k6.5_r70_b0.98_wc0.98_k1.00_r0.85
0.06618633375881586,0.08271508799688028,7.9423600510579035,0.03174281120300293,80.0,0.02176368236541748,25503844216.081863,80.0,40.377310103728995,0.2969388341979998,-0.5243602965939479,1.0,35.10943077201769,18.0,2.0,3.08,6.16,66.5,-0.08336569648236036,1.0,0.08883113414049149,0.0,0.125,1.0,0.021131043632825215,refine_coarse_b18_wc2_k3.5_r70_b1.00_wc1.00_k0.88_r0.95
0.064157597799732,0.0787163923534696,7.69891173596784,0.047058701515197754,80.0,0.042179336150487266,25475976355.160408,80.0,35.881446133140756,0.2941646242975992,-0.5002104539355884,1.0,35.109449154310894,19.44,2.16,3.08,6.652800000000001,66.5,-0.08356534270569682,1.0,0.08139285445213318,0.0,0.0,1.0,0.03434264659881592,refine_coarse_b18_wc2_k3.5_r70_b1.08_wc1.08_k0.88_r0.95
0.05567554064623247,0.07012166153011576,6.681064877547897,0.09730446338653564,119.0,0.09120556712150574,25404021503.64086,119.0,13.723325072216387,0.28557805288754007,-0.4838791779861817,1.0,35.109457047698754,45.0,3.15,5.719999999999999,18.017999999999997,59.5,-0.13681788567919284,1.0,0.20573429763317108,0.0,0.0,1.0,0.07100338737169902,refine_coarse_b45_wc3.5_k6.5_r70_b1.00_wc0.90_k0.88_r0.85
0.06721762047574392,0.08403772883838802,8.06611445708927,0.03471636772155762,82.0,0.015194922685623169,25509771195.589462,82.0,27.317415638130253,0.29799250304066677,-0.5159772998551403,1.0,35.10986259752802,18.0,1.96,3.08,6.0368,59.5,-0.16932572145015,1.0,0.12124917656183243,0.0,0.0,1.0,0.019087607661883037,refine_coarse_b18_wc2_k3.5_r70_b1.00_wc0.98_k0.88_r0.85
0.0644657238485839,0.08273961619826622,7.735886861830068,0.024251818656921387,80.0,0.015105823675791422,25558741304.659775,80.0,41.39384601496849,0.3110248634220459,-0.49540591240582216,1.0,35.10996233398046,17.64,2.0,3.08,6.16,66.5,-0.06561272474937141,1.0,0.09764397889375687,0.0,0.0,1.0,0.015434722105662027,refine_coarse_b18_wc2_k3.5_r70_b0.98_wc1.00_k0.88_r0.95
0.050155648096807684,0.06470718132002308,6.018677771616922,0.10995817184448242,119.0,0.10126688083012898,25531949242.348946,119.0,24.23747291885504,0.3119911448384785,-0.4914319496639135,1.0,35.11000349763172,44.1,3.5,6.24,21.84,59.5,-0.06637387513183057,1.0,0.3345813453197479,0.0,0.0,1.0,0.06700943410396576,refine_coarse_b45_wc3.5_k6.5_r70_b0.98_wc1.00_k0.96_r0.85
0.05197263951757236,0.06715564460263161,6.236716742108683,0.11347746849060059,119.0,0.10573955376942952,25453461172.934513,119.0,22.644141445640756,0.2949677855776213,-0.4921984876443453,1.0,35.11019010411111,40.5,3.15,6.24,19.656,66.5,-0.0824506806966383,1.0,0.3136487305164337,0.0,0.0,1.0,0.07140615085760753,refine_coarse_b45_wc3.5_k6.5_r70_b0.90_wc0.90_k0.96_r0.95
0.050571581874538654,0.06500423754333508,6.068589824944638,0.10795354843139648,119.0,0.09965639313062032,25533823623.685173,119.0,24.32988937762605,0.313331576663007,-0.4994068281738026,1.0,35.11024381855309,45.0,3.5,6.5,22.75,59.5,-0.07564053195528686,1.0,0.32339411973953247,0.0,0.0,1.0,0.06635850171248119,refine_coarse_b45_wc3.5_k6.5_r70_b1.00_wc1.00_k1.00_r0.85
0.051027057938743306,0.0655399390225789,6.123246952649197,0.1093740463256836,119.0,0.10110580921173096,25521043483.86734,119.0,23.706883534663866,0.3092528024639898,-0.5087517446566684,1.0,35.11029451921732,40.5,3.4299999999999997,5.72,19.6196,59.5,-0.06615234888158739,1.0,0.3214740455150604,0.0,0.0,1.0,0.06702003379662831,refine_coarse_b45_wc3.5_k6.5_r70_b0.90_wc0.98_k0.88_r0.85
0.05555256098171526,0.06931679187240433,6.666307317805831,0.0782475471496582,119.0,0.0743654469648997,25531051591.13315,119.0,25.411473378413866,0.3157524326883644,-0.503700516764382,1.0,35.110382394324034,29.89,3.15,3.5,11.025,70.0,-0.06317100708838552,1.0,0.1628936529159546,0.0,0.0,1.0,0.05511155227820078,refine_coarse_b30.5_wc3.5_k3.5_r70_b0.98_wc0.90_k1.00_r1.00
0.056629556949532873,0.0710600298398839,6.795546833943945,0.0971529483795166,119.0,0.09113970398902893,25403142722.69481,119.0,12.506478958771009,0.28601951548850557,-0.48162818774491867,1.0,35.11043282740642,48.6,3.15,6.24,19.656,59.5,-0.13481506204698235,1.0,0.19508911669254303,0.0,0.0,1.0,0.07212804754575093,refine_coarse_b45_wc3.5_k6.5_r70_b1.08_wc0.90_k0.96_r0.85
0.07097183784415506,0.08426055931587488,8.516620541298607,0.03936445713043213,82.0,0.03558658560117086,25413227205.28039,82.0,20.85765986081933,0.27540496165725725,-0.48653319215342555,1.0,35.11045371505335,19.44,1.96,3.36,6.5855999999999995,59.5,-0.06467724731191993,1.0,0.07444595545530319,0.0,0.0,1.0,0.02819518744945526,refine_coarse_b18_wc2_k3.5_r70_b1.08_wc0.98_k0.96_r0.85
0.05211870199518482,0.06722894510487398,6.254244239422178,0.11521172523498535,119.0,0.10755003492037456,25444132758.17127,119.0,22.342157956932773,0.29455098042382444,-0.48967212301475926,1.0,35.11056057117704,44.1,3.15,7.15,22.5225,66.5,-0.0935879044700414,1.0,0.3107759654521942,0.0,0.0,1.0,0.07307822505633037,refine_coarse_b45_wc3.5_k6.5_r70_b0.98_wc0.90_k1.10_r0.95
0.05517135983193953,0.0676099038916012,6.620563179832743,0.07368385791778564,119.0,0.06944771607716878,25600360867.616867,119.0,25.681923746060924,0.33062205086242646,-0.5115409701145255,1.0,35.11060905283309,29.89,3.5,3.0800000000000005,10.780000000000001,70.0,-0.05731528368778527,1.0,0.18090403079986572,0.0,0.0,1.0,0.05045224726200104,refine_coarse_b30.5_wc3.5_k3.5_r70_b0.98_wc1.00_k0.88_r1.00
0.0712878205267297,0.08747257231963318,8.554538463207564,0.022556424140930176,82.0,0.017340342203776043,25453878618.134064,82.0,35.735774192489494,0.28384300427382425,-0.5155534444307366,1.0,35.11066269464303,17.64,1.8,3.5,6.3,66.5,-0.05413428111933172,1.0,0.08445227146148682,0.0,0.0,1.0,0.015641167759895325,refine_coarse_b18_wc2_k3.5_r70_b0.98_wc0.90_k1.00_r0.95
0.05337413722216411,0.0688019326150688,6.404896466659693,0.11316084861755371,119.0,0.10587082306543986,25423811403.06633,119.0,12.830164292279411,0.28933234045767525,-0.49410673045019937,1.0,35.110718781506286,40.5,3.15,5.719999999999999,18.017999999999997,59.5,-0.05531466077081859,1.0,0.2812483310699463,0.0,0.0,1.0,0.0714547336101532,refine_coarse_b45_wc3.5_k6.5_r70_b0.90_wc0.90_k0.88_r0.85
0.05098922545556093,0.06592900946961695,6.118707054667311,0.11135458946228027,119.0,0.10288699467976888,25517344867.951504,119.0,21.963493795955884,0.3092735249515213,-0.5139056777745299,1.0,35.11085487621848,45.0,3.4299999999999997,6.5,22.294999999999998,59.5,-0.06705317902378738,1.0,0.33051908016204834,0.0,0.0,1.0,0.06809536119302113,refine_coarse_b45_wc3.5_k6.5_r70_b1.00_wc0.98_k1.00_r0.85
0.06739364281242881,0.08429352376065286,8.087237137491456,0.032854676246643066,81.0,0.018109311660130818,25519572779.56997,81.0,43.628089712447476,0.3016595163895783,-0.5294569262346966,1.0,35.11103600936866,17.64,1.96,3.08,6.0368,66.5,-0.12207116186618805,1.0,0.10069800913333893,0.0,0.0,1.0,0.02016631265481313,refine_coarse_b18_wc2_k3.5_r70_b0.98_wc0.98_k0.88_r0.95
0.05235823287290676,0.06777399639964779,6.282987944748811,0.11723113059997559,119.0,0.1092946430047353,25443825454.95331,119.0,20.980489266018907,0.2937878967325868,-0.48708261948465054,1.0,35.11112360699057,45.0,3.15,7.15,22.5225,66.5,-0.068364760838449,1.0,0.31050392985343933,0.0,0.0,1.0,0.07348284622033437,refine_coarse_b45_wc3.5_k6.5_r70_b1.00_wc0.90_k1.10_r0.95
0.07014733383346652,0.08273645649461686,8.417680060015982,0.04791414737701416,81.0,0.04520846406618754,25408775900.401554,81.0,30.524286863182773,0.2770953550541598,-0.5131308578408665,1.0,35.11121896367993,19.44,2.0,3.36,6.72,66.5,-0.054051727638579905,1.0,0.08412844687700272,0.0,0.0,1.0,0.0341779092947642,refine_coarse_b18_wc2_k3.5_r70_b1.08_wc1.00_k0.96_r0.95
0.0505614992421954,0.06552408247728897,6.0673799090634475,0.11341595649719238,119.0,0.10476857423782349,25531172302.38328,119.0,30.972241826418067,0.3121511866668488,-0.495633124467867,1.0,35.1112742216901,44.1,3.4299999999999997,6.24,21.4032,66.5,-0.06384148821234703,1.0,0.33139947056770325,0.0,0.0,1.0,0.06913310786088307,refine_coarse_b45_wc3.5_k6.5_r70_b0.98_wc0.98_k0.96_r0.95
0.05730963536987588,0.07050674898281047,6.877156244385105,0.09716546535491943,119.0,0.08923818667729695,25439500398.839878,119.0,17.74853515625,0.29403945063099196,-0.4927294249564487,1.0,35.11127825345139,30.5,3.15,3.08,9.702,59.5,-0.17728903843089938,1.0,0.21916770935058594,0.0,0.0,1.0,0.0715855062007904,refine_coarse_b30.5_wc3.5_k3.5_r70_b1.00_wc0.90_k0.88_r0.85
0.07620141745232824,0.08977911681767194,9.144170094279389,0.02875804901123047,84.0,0.01916065812110901,25401506767.306652,84.0,19.42482930672269,0.26830292282226376,-0.473338804015314,1.0,35.111454965450434,19.44,1.8,3.8500000000000005,6.9300000000000015,59.5,-0.11022027675062418,1.0,0.08779096603393555,0.0,0.0,1.0,0.018682663639386494,refine_coarse_b18_wc2_k3.5_r70_b1.08_wc0.90_k1.10_r0.85
0.07356594818473354,0.0889378971515221,8.827913782168025,0.022729873657226562,83.0,0.018648942311604817,25432656710.87557,83.0,21.29956259847689,0.2785074758421566,-0.5019441592341243,1.0,35.11154748815396,18.0,1.8,3.5,6.3,59.5,-0.05716667091473937,1.0,0.07010676711797714,0.0,0.0,1.0,0.016438767313957214,refine_coarse_b18_wc2_k3.5_r70_b1.00_wc0.90_k1.00_r0.85
0.06896469147700184,0.08227595012744254,8.27576297724022,0.0533677339553833,110.0,0.03521445393562317,25460073095.551983,110.0,25.374126017594538,0.2892769131324069,-0.4899439257849101,1.0,35.11154893472398,19.44,2.0,3.08,6.16,59.5,-0.1974340844899416,1.0,0.0982162281870842,0.0,0.0,1.0,0.03540028134981791,refine_coarse_b18_wc2_k3.5_r70_b1.08_wc1.00_k0.88_r0.85
0.053285353133452416,0.0681390375315086,6.39424237601429,0.11402285099029541,119.0,0.10622129837671916,25453355511.16519,119.0,17.63793329831933,0.2972053077213541,-0.4788053784110273,1.0,35.11158112963704,45.0,3.15,7.15,22.5225,59.5,-0.06238093785941601,1.0,0.30387216806411743,0.0,0.0,1.0,0.07129995028177898,refine_coarse_b45_wc3.5_k6.5_r70_b1.00_wc0.90_k1.10_r0.85
0.050304480250616734,0.06516877116188656,6.036537630074008,0.11595439910888672,119.0,0.1070440411567688,25531986955.324913,119.0,31.953990775997898,0.31298304441645575,-0.4778957081883432,1.0,35.11158464527461,44.1,3.4299999999999997,6.5,22.294999999999998,66.5,-0.09192713222000748,1.0,0.3584364056587219,0.0,0.0,1.0,0.07159520188967387,refine_coarse_b45_wc3.5_k6.5_r70_b0.98_wc0.98_k1.00_r0.95
0.06757092439555094,0.0837785125896684,8.108510927466114,0.035004496574401855,81.0,0.028476178646087646,25494884309.74093,81.0,26.233349199054622,0.2974954941704227,-0.4986096934000822,1.0,35.1116509798974,18.0,2.0,3.08,6.16,59.5,-0.07621078798547387,1.0,0.05387253314256668,0.0,0.0,1.0,0.024794772267341614,refine_coarse_b18_wc2_k3.5_r70_b1.00_wc1.00_k0.88_r0.85
0.05831416262715834,0.06966907200919766,6.997699515259001,0.09107387065887451,119.0,0.07402590910593669,25504657287.662216,119.0,38.35964991465336,0.3115010663743247,-0.5153653638715887,1.0,35.11178269436881,32.940000000000005,3.4299999999999997,3.08,10.5644,66.5,-0.26046244613826275,1.0,0.1781163066625595,0.0,0.0,1.0,0.07046590248743693,refine_coarse_b30.5_wc3.5_k3.5_r70_b1.08_wc0.98_k0.88_r0.95
0.05056026757281984,0.06535733209389678,6.067232108738381,0.11344528198242188,119.0,0.10480632384618123,25542673518.45017,119.0,33.447228696165965,0.3160314154961864,-0.4929632345483887,1.0,35.11183252520769,40.5,3.4299999999999997,5.72,19.6196,66.5,-0.08463885285891593,1.0,0.3391817808151245,0.0,0.0,1.0,0.06978962322076161,refine_coarse_b45_wc3.5_k6.5_r70_b0.90_wc0.98_k0.88_r0.95
0.05696268713499914,0.07065567165577538,6.835522456199897,0.08446228504180908,119.0,0.07930963238080342,25500538251.156708,119.0,33.57820706407563,0.31030790099524413,-0.5176016993186786,1.0,35.11193391821247,30.5,3.15,3.5,11.025,70.0,-0.11417529507889412,1.0,0.17957186698913574,0.0,0.0,1.0,0.063137153784434,refine_coarse_b30.5_wc3.5_k3.5_r70_b1.00_wc0.90_k1.00_r1.00
0.057841336848269975,0.06923143959659431,6.940960421792397,0.06757378578186035,119.0,0.06194431583086649,25606436182.64144,119.0,39.70097492121849,0.3342370500855291,-0.5243830711584694,1.0,35.11206233923026,32.940000000000005,3.5,3.5,12.25,70.0,-0.11843617632985115,1.0,0.13053810596466064,0.0,0.0,1.0,0.053210899233818054,refine_coarse_b30.5_wc3.5_k3.5_r70_b1.08_wc1.00_k1.00_r1.00
0.05625300234966251,0.07082714568787757,6.750360281959502,0.1038428544998169,119.0,0.0970933735370636,25417223391.245377,119.0,17.31289801076681,0.29170511612973454,-0.4938922112030578,1.0,35.11212951585718,45.0,3.15,5.719999999999999,18.017999999999997,66.5,-0.1501535430579679,1.0,0.23496080935001373,0.0,0.0,1.0,0.075223113099734,refine_coarse_b45_wc3.5_k6.5_r70_b1.00_wc0.90_k0.88_r0.95
0.051090560329580134,0.06598154449522721,6.130867239549616,0.11652171611785889,119.0,0.10746181011199951,25533845952.652542,119.0,27.861664587710084,0.3119335863158017,-0.4915521271704138,1.0,35.11213299374605,48.6,3.4299999999999997,7.15,24.5245,66.5,-0.05011059483513236,1.0,0.33879566192626953,0.0,0.0,1.0,0.07043232520421346,refine_coarse_b45_wc3.5_k6.5_r70_b1.08_wc0.98_k1.10_r0.95
0.05615522258356691,0.06839700413516056,6.738626710028029,0.07678043842315674,119.0,0.07279003659884135,25593986983.576523,119.0,21.99584345456933,0.3310005615969707,-0.5075290374835643,1.0,35.11215856145131,48.6,3.5,6.24,21.84,70.0,-0.069224200444296,1.0,0.16504035890102386,0.0,0.0,1.0,0.05489205320676168,refine_coarse_b45_wc3.5_k6.5_r70_b1.08_wc1.00_k0.96_r1.00
0.05074304788154033,0.06510725468642382,6.08916574578484,0.11253726482391357,119.0,0.10381636023521423,25561932252.148796,119.0,32.505859375,0.32019755364960256,-0.4875670974282175,1.0,35.11217644596668,45.0,3.5,6.24,21.84,66.5,-0.06342509994283319,1.0,0.3326321542263031,0.0,0.0,1.0,0.06856997807820638,refine_coarse_b45_wc3.5_k6.5_r70_b1.00_wc1.00_k0.96_r0.95
0.05370006212352981,0.06818744600794861,6.444007454823577,0.11548280715942383,119.0,0.10734583934148152,25456578378.16758,119.0,20.062069163602942,0.29891447472052407,-0.501811420531751,1.0,35.11219819026765,40.5,3.15,6.499999999999999,20.474999999999998,59.5,-0.068018191261217,1.0,0.31717681884765625,0.0,0.0,1.0,0.07197735210259755,refine_coarse_b45_wc3.5_k6.5_r70_b0.90_wc0.90_k1.00_r0.85
0.05430545561264921,0.0701824750575158,6.516654673517905,0.09949541091918945,119.0,0.09402315815289815,25468331881.426163,119.0,15.578568146008404,0.3046615551806184,-0.5065869749724226,1.0,35.11230678071866,44.1,3.15,6.24,19.656,70.0,-0.0636251237738179,1.0,0.22255729138851166,0.0,0.0,1.0,0.06653245786825816,refine_coarse_b45_wc3.5_k6.5_r70_b0.98_wc0.90_k0.96_r1.00
0.050898694392479155,0.0651359202482151,6.107843327097498,0.11479544639587402,119.0,0.10587700208028157,25546722852.185158,119.0,29.568642496060924,0.3177161031148768,-0.4783225463746612,1.0,35.11236164910184,40.5,3.4299999999999997,6.24,21.4032,59.5,-0.13710899092257023,1.0,0.37155139446258545,0.0,0.0,1.0,0.07241965333620708,refine_coarse_b45_wc3.5_k6.5_r70_b0.90_wc0.98_k0.96_r0.85
0.05396065483338551,0.06998379856969492,6.475278580006261,0.10104656219482422,119.0,0.09521586696306865,25473671658.381733,119.0,13.517898174894958,0.3062496371817213,-0.5165206520212069,1.0,35.1125040849292,44.1,3.15,6.499999999999999,20.474999999999998,70.0,-0.05692630633711815,1.0,0.2336670309305191,0.0,0.0,1.0,0.06629686057567596,refine_coarse_b45_wc3.5_k6.5_r70_b0.98_wc0.90_k1.00_r1.00
0.050667981663580504,0.06584868838075496,6.08015779962966,0.11899030208587646,119.0,0.10939624905586243,25536767961.1103,119.0,25.78323184742647,0.3133456279982787,-0.47396868125821157,1.0,35.11253855111253,48.6,3.5,7.15,25.025000000000002,59.5,-0.07331330375745893,1.0,0.3676089644432068,0.0,0.0,1.0,0.07198273638884227,refine_coarse_b45_wc3.5_k6.5_r70_b1.08_wc1.00_k1.10_r0.85
0.057753123816547715,0.07112436378803226,6.930374857985726,0.1010584831237793,119.0,0.09220131238301595,25442399543.621166,119.0,24.317366399684875,0.2963234383359513,-0.501906727065652,1.0,35.11281019961373,32.940000000000005,3.15,3.5,11.025,66.5,-0.19216451048851013,1.0,0.2225055992603302,0.0,0.0,1.0,0.0752937098344167,refine_coarse_b30.5_wc3.5_k3.5_r70_b1.08_wc0.90_k1.00_r0.95
0.0688094749470243,0.08433384301672751,8.257136993642916,0.04375290870666504,81.0,0.024649272362391155,25508877036.64555,81.0,45.59855074842437,0.30175073615531406,-0.5204397667924998,1.0,35.1128886012117,18.0,1.96,3.08,6.0368,66.5,-0.17855315282940865,1.0,0.08380376547574997,0.0,0.0,1.0,0.027521580457687378,refine_coarse_b18_wc2_k3.5_r70_b1.00_wc0.98_k0.88_r0.95
0.07369831502147879,0.08942915397999793,8.843797802577456,0.031191587448120117,84.0,0.014794180790583292,25461392933.971066,84.0,24.741715631565125,0.2865029846638006,-0.4983730959544672,1.0,35.112931950559314,18.0,1.8,3.36,6.048,59.5,-0.16181356087327003,1.0,0.09388181567192078,0.0,0.0,1.0,0.017267073194185894,refine_coarse_b18_wc2_k3.5_r70_b1.00_wc0.90_k0.96_r0.85
0.05103374595514462,0.06564996365067068,6.124049514617354,0.11624753475189209,119.0,0.10719364881515503,25546255798.690155,119.0,27.674792377888654,0.31754699023351307,-0.47542134603858616,1.0,35.112944710396,45.0,3.4299999999999997,7.15,24.5245,59.5,-0.14377118344418705,1.0,0.3766769468784332,0.0,0.125,1.0,0.07340263326962788,refine_coarse_b45_wc3.5_k6.5_r70_b1.00_wc0.98_k1.10_r0.85
0.050593107399419066,0.06518059864246398,6.071172887930288,0.11691009998321533,119.0,0.1075131098429362,25563578043.19329,119.0,29.815983620010503,0.32060437617341386,-0.4829078212245926,1.0,35.11296664583213,40.5,3.5,5.72,20.02,59.5,-0.08515899069607258,1.0,0.3676573634147644,0.0,0.0,1.0,0.07167141139507294,refine_coarse_b45_wc3.5_k6.5_r70_b0.90_wc1.00_k0.88_r0.85
0.056964235173243574,0.07141927653868746,6.835708220789229,0.09120380878448486,119.0,0.08613668878873189,25478943618.69763,119.0,29.845920594800422,0.308182982760327,-0.5119389454771517,1.0,35.11325030102027,32.940000000000005,3.15,3.8500000000000005,12.127500000000001,70.0,-0.11014232621528208,1.0,0.1864147037267685,0.0,0.0,1.0,0.06669020156065623,refine_coarse_b30.5_wc3.5_k3.5_r70_b1.08_wc0.90_k1.10_r1.00
0.05837677932372382,0.07015153468991898,7.005213518846858,0.07814204692840576,119.0,0.07214473684628804,25575562045.474174,119.0,39.93720046612395,0.32778218370059836,-0.5351318961829018,1.0,35.11363646640847,30.5,3.4299999999999997,3.08,10.5644,70.0,-0.13316700235009193,1.0,0.16465626657009125,0.0,0.0,1.0,0.06060113509496053,refine_coarse_b30.5_wc3.5_k3.5_r70_b1.00_wc0.98_k0.88_r1.00
0.05584332801246508,0.06920265930623636,6.70119936149581,0.09048020839691162,119.0,0.08528055747350057,25566268484.11505,119.0,18.61557904411765,0.3251069528919735,-0.5061835696788007,1.0,35.11381071150135,45.0,3.4299999999999997,5.72,19.6196,70.0,-0.07808609586209059,1.0,0.21867577731609344,0.0,0.0,1.0,0.061354433496793113,refine_coarse_b45_wc3.5_k6.5_r70_b1.00_wc0.98_k0.88_r1.00
0.07312414894263194,0.08866928154390565,8.774897873115833,0.030613303184509277,82.0,0.0254880686601003,25454641980.146122,82.0,35.20683839942227,0.2876712742171122,-0.523839671999989,1.0,35.11400769900709,18.0,1.8,3.5,6.3,66.5,-0.07008115528151393,1.0,0.047140032052993774,0.0,0.0,1.0,0.021479119857152302,refine_coarse_b18_wc2_k3.5_r70_b1.00_wc0.90_k1.00_r0.95
0.051104943940252195,0.06581097701560736,6.132593272830263,0.11808943748474121,119.0,0.10857365528742473,25575971137.90168,119.0,33.99660665047269,0.3231779596294025,-0.4871705299786851,1.0,35.11406630215772,48.6,3.5,7.15,25.025000000000002,66.5,-0.07482567150145769,1.0,0.36693239212036133,0.0,0.0,1.0,0.07167992989222209,refine_coarse_b45_wc3.5_k6.5_r70_b1.08_wc1.00_k1.10_r0.95
0.05710068272343468,0.06986780609704199,6.852081926812161,0.08922410011291504,119.0,0.08403994639714558,25550494447.92079,119.0,20.857027967436974,0.3222966034478653,-0.5205108092711649,1.0,35.11413008641718,48.6,3.4299999999999997,6.24,21.4032,70.0,-0.10585325991269201,1.0,0.2074863314628601,0.0,0.0,1.0,0.06452810267607371,refine_coarse_b45_wc3.5_k6.5_r70_b1.08_wc0.98_k0.96_r1.00
0.05323084672337662,0.06835075377628726,6.387701606805194,0.12275230884552002,119.0,0.11393455664316814,25481568000.394318,119.0,28.721302192752102,0.303636549254311,-0.48852624729810434,1.0,35.11413034532883,40.5,3.15,6.499999999999999,20.474999999999998,66.5,-0.09114347613649443,1.0,0.3519745171070099,0.0,0.0,1.0,0.07627845307191213,refine_coarse_b45_wc3.5_k6.5_r70_b0.90_wc0.90_k1.00_r0.95
0.05815147389007317,0.0699321238682625,6.978176866808781,0.07929551601409912,119.0,0.07470401128133138,25594341543.723743,119.0,32.479652212447476,0.33058994201743164,-0.5129986534980778,1.0,35.11414133286676,29.89,3.4299999999999997,3.08,10.5644,70.0,-0.10037323262076825,1.0,0.1732812225818634,0.0,0.0,1.0,0.059341887633005776,refine_coarse_b30.5_wc3.5_k3.5_r70_b0.98_wc0.98_k0.88_r1.00
0.05082436856571917,0.06585571720777512,6.0989242278863,0.12227940559387207,119.0,0.11231818795204163,25566218776.48127,119.0,35.793128774947476,0.3201109183431407,-0.5026458493773206,1.0,35.11417515494596,44.1,3.5,6.24,21.84,66.5,-0.055978208081796765,1.0,0.37328773736953735,0.0,0.0,1.0,0.07352579633394878,refine_coarse_b45_wc3.5_k6.5_r70_b0.98_wc1.00_k0.96_r0.95
0.054423980683424134,0.06795661831114094,6.530877682010896,0.11930441856384277,119.0,0.11055620511372884,25488485289.87057,119.0,25.022559414390756,0.30671063275297344,-0.49273377569997684,1.0,35.11418721554662,40.5,3.15,7.15,22.5225,59.5,-0.13795928680337965,1.0,0.35863369703292847,0.0,0.0,1.0,0.07596859832604726,refine_coarse_b45_wc3.5_k6.5_r70_b0.90_wc0.90_k1.10_r0.85
0.05076932788013551,0.06572063499852986,6.092319345616261,0.12076878547668457,119.0,0.11089376608530681,25573471725.341366,119.0,36.616937204569325,0.32285650244563147,-0.47867002077567095,1.0,35.114285667939626,45.0,3.5,6.5,22.75,66.5,-0.07610268192365766,1.0,0.3828068673610687,0.0,0.0,1.0,0.07307789226373036,refine_coarse_b45_wc3.5_k6.5_r70_b1.00_wc1.00_k1.00_r0.95
0.0729535614314481,0.0890190039702323,8.754427371773772,0.03493189811706543,83.0,0.019371797641118366,25479424316.947174,83.0,41.828925124737395,0.2936377028225223,-0.5182394342805694,1.0,35.11445309561387,17.64,1.8,3.36,6.048,66.5,-0.14993012510240078,1.0,0.09350288659334183,0.0,0.0,1.0,0.020793770750363667,refine_coarse_b18_wc2_k3.5_r70_b0.98_wc0.90_k0.96_r0.95
0.05975610075636837,0.07202889185454814,7.170732090764204,0.09623754024505615,119.0,0.08536064624786377,25475612374.555264,119.0,33.199395187762605,0.30585360833408004,-0.5094291649257237,1.0,35.11446629585821,30.5,3.15,3.08,9.702,66.5,-0.20954662282019854,1.0,0.18285270035266876,0.0,0.0,1.0,0.07444197436173756,refine_coarse_b30.5_wc3.5_k3.5_r70_b1.00_wc0.90_k0.88_r0.95
0.05279108400671362,0.06681205654927655,6.334930080805634,0.11271977424621582,119.0,0.10370753208796184,25578207716.812523,119.0,49.15128512342437,0.3246738169930159,-0.5140239679796932,1.0,35.11455407155676,27.45,3.15,3.8500000000000005,12.127500000000001,66.5,-0.07464570295996964,1.0,0.3525247573852539,0.0,0.0,1.0,0.06935781240463257,refine_coarse_b30.5_wc3.5_k3.5_r70_b0.90_wc0.90_k1.10_r0.95
0.054190438521692384,0.06818870136960506,6.502852622603086,0.09852111339569092,119.0,0.09191474318504333,25594984071.337128,119.0,23.596195509453782,0.33061678025238317,-0.49766015878260755,1.0,35.1146035775474,44.1,3.5,5.72,20.02,70.0,-0.05190431117080152,1.0,0.25689831376075745,0.0,0.0,1.0,0.06190539399782816,refine_coarse_b45_wc3.5_k6.5_r70_b0.98_wc1.00_k0.88_r1.00
0.07054712370313419,0.08471185121715677,8.465654844376104,0.049019575119018555,82.0,0.0412420928478241,25461923857.129616,82.0,36.622517561712186,0.2936363586111031,-0.5176531405818897,1.0,35.11481604149722,19.44,1.96,3.36,6.5855999999999995,66.5,-0.1177675612270832,1.0,0.08982726186513901,0.0,0.0,1.0,0.0347808301448822,refine_coarse_b18_wc2_k3.5_r70_b1.08_wc0.98_k0.96_r0.95
0.058122562119734766,0.07045525715255763,6.974707454368172,0.08851349353790283,119.0,0.08340683579444885,25556655688.576637,119.0,33.50077960871849,0.3229043471508859,-0.5072522477394,1.0,35.114837751086455,32.940000000000005,3.4299999999999997,3.5,12.004999999999999,70.0,-0.1082593685714528,1.0,0.20291873812675476,0.0,0.0,1.0,0.0655106653769811,refine_coarse_b30.5_wc3.5_k3.5_r70_b1.08_wc0.98_k1.00_r1.00
0.056325006426745476,0.06964011159159679,6.7590007712094575,0.09412872791290283,119.0,0.0884761114915212,25575221653.91757,119.0,18.973866695115547,0.3271071396494475,-0.5130402468403304,1.0,35.11509742090051,48.6,3.4299999999999997,6.5,22.294999999999998,70.0,-0.07049291487783194,1.0,0.23323100805282593,0.0,0.0,1.0,0.06310504674911499,refine_coarse_b45_wc3.5_k6.5_r70_b1.08_wc0.98_k1.00_r1.00
0.05804882335666169,0.07268677466804971,6.965858802799403,0.10684263706207275,119.0,0.09983882308006287,25422786200.91365,119.0,17.79432691045168,0.296368362397626,-0.517724814955052,1.0,35.11517971760205,48.6,3.15,6.24,19.656,66.5,-0.15974934422411025,1.0,0.22025099396705627,0.0,0.0,1.0,0.0795157253742218,refine_coarse_b45_wc3.5_k6.5_r70_b1.08_wc0.90_k0.96_r0.95
0.05610657580559556,0.07157097760777886,6.732789096671468,0.10492753982543945,119.0,0.09902967015902202,25484608840.7704,119.0,14.649885930934873,0.308486294415068,-0.5013931627891276,1.0,35.115257713237455,48.6,3.15,7.15,22.5225,70.0,-0.08464393042959273,1.0,0.24836979806423187,0.0,0.0,1.0,0.07107608020305634,refine_coarse_b45_wc3.5_k6.5_r70_b1.08_wc0.90_k1.10_r1.00
0.059580464366215814,0.07243107804625118,7.149655723945898,0.10448777675628662,119.0,0.09251061081886292,25454427139.879658,119.0,31.13471228335084,0.3018798763051055,-0.4916634268865858,1.0,35.1154040248204,32.940000000000005,3.15,3.36,10.584,66.5,-0.2349856272339821,1.0,0.2183651626110077,0.0,0.0,1.0,0.08008850614229839,refine_coarse_b30.5_wc3.5_k3.5_r70_b1.08_wc0.90_k0.96_r0.95
0.05132607664404342,0.06587272448155974,6.1591291972852105,0.12057805061340332,119.0,0.11058958371480306,25590514526.502277,119.0,33.868373325892854,0.3276192123272096,-0.4841167787971099,1.0,35.11540537849756,45.0,3.5,7.15,25.025000000000002,59.5,-0.16603075386956334,1.0,0.40942543745040894,0.0,0.0,1.0,0.07567625244458516,refine_coarse_b45_wc3.5_k6.5_r70_b1.00_wc1.00_k1.10_r0.85
0.053613246908099654,0.07044716931643503,6.4335896289719585,0.11387574672698975,119.0,0.10620795687039693,25499374221.53031,119.0,20.811724494485293,0.3121706328997822,-0.5060748922233221,1.0,35.11552689381089,45.0,3.15,7.15,22.5225,70.0,-0.05486883479170501,1.0,0.2957080900669098,0.0,0.0,1.0,0.07118992507457733,refine_coarse_b45_wc3.5_k6.5_r70_b1.00_wc0.90_k1.10_r1.00
0.055556471610193135,0.07141931921196264,6.666776593223176,0.10680246353149414,119.0,0.10068454345067342,25490172531.589172,119.0,14.908026687237395,0.3110565765863578,-0.49832026362203374,1.0,35.11565349449492,45.0,3.15,6.499999999999999,20.474999999999998,70.0,-0.07308091351296753,1.0,0.2499312311410904,0.0,0.0,1.0,0.07088510195414226,refine_coarse_b45_wc3.5_k6.5_r70_b1.00_wc0.90_k1.00_r1.00
0.05999873658824792,0.07315087054707632,7.19984839058975,0.10460770130157471,119.0,0.09050752719243367,25451106069.32357,119.0,20.155774028361346,0.30279413546886375,-0.5060120659901202,1.0,35.11583251838994,32.940000000000005,3.15,3.36,10.584,59.5,-0.25763111747801304,1.0,0.21981830894947052,0.0,0.0,1.0,0.07926793396472931,refine_coarse_b30.5_wc3.5_k3.5_r70_b1.08_wc0.90_k0.96_r0.85
0.05703709446965869,0.07231142631244929,6.844451336359043,0.10679471492767334,119.0,0.10106426477432251,25463539180.499924,119.0,20.247599625787814,0.30448160549316255,-0.5137074257812463,1.0,35.115859304749385,45.0,3.15,6.24,19.656,70.0,-0.0998388787265867,1.0,0.23245792090892792,0.0,0.0,1.0,0.07515982786814372,refine_coarse_b45_wc3.5_k6.5_r70_b1.00_wc0.90_k0.96_r1.00
0.05477799658187716,0.07142664705333045,6.573359589825259,0.11172747611999512,119.0,0.10508119066556294,25480961425.339676,119.0,15.215611049107142,0.3094486238695306,-0.50781585139901,1.0,35.11595738994025,40.5,3.15,5.719999999999999,18.017999999999997,70.0,-0.07827872227062471,1.0,0.2669537663459778,0.0,0.0,1.0,0.07309816281000774,refine_coarse_b45_wc3.5_k6.5_r70_b0.90_wc0.90_k0.88_r1.00
0.05663037283644788,0.06993094869278611,6.795644740373746,0.09768438339233398,119.0,0.09160864353179932,25581887372.711746,119.0,20.656746487657564,0.3281386158388207,-0.4946158738109159,1.0,35.11607084187474,44.1,3.4299999999999997,5.72,19.6196,70.0,-0.06380299595184624,1.0,0.24910394847393036,0.0,0.0,1.0,0.06470232705275218,refine_coarse_b45_wc3.5_k6.5_r70_b0.98_wc0.98_k0.88_r1.00
0.07523407043025258,0.08982161441326533,9.02808845163031,0.038768649101257324,83.0,0.028526713450749714,25450343172.69652,83.0,37.791844472163866,0.28851152973458455,-0.5312719866691142,1.0,35.11619714551124,18.0,1.8,3.36,6.048,66.5,-0.13315854128450155,1.0,0.08355790376663208,0.0,0.0,1.0,0.025498931606610615,refine_coarse_b18_wc2_k3.5_r70_b1.00_wc0.90_k0.96_r0.95
0.05938198945562476,0.07267541439628401,7.125838734674971,0.08989262580871582,119.0,0.08506254355112712,25526723480.188873,119.0,32.065191701680675,0.3188715093996398,-0.5235685906089252,1.0,35.11627276857889,29.89,3.15,3.36,10.584,70.0,-0.1046005884418264,1.0,0.18200433254241943,0.0,0.0,1.0,0.06727153559525807,refine_coarse_b30.5_wc3.5_k3.5_r70_b0.98_wc0.90_k0.96_r1.00
0.05983634876128955,0.07292532697675237,7.180361851354746,0.08871722221374512,119.0,0.08323814471562703,25524506162.67134,119.0,36.85435678177521,0.318546046497646,-0.5055421719547827,1.0,35.11629592128612,30.5,3.15,3.36,10.584,70.0,-0.1254064115928486,1.0,0.18347249925136566,0.0,0.0,1.0,0.06793128947416942,refine_coarse_b30.5_wc3.5_k3.5_r70_b1.00_wc0.90_k0.96_r1.00
0.05095624235988415,0.06575528080966331,6.114749083186098,0.1254112720489502,119.0,0.11513785521189372,25607817559.918106,119.0,42.93847245929622,0.33039148095949694,-0.493793110116683,1.0,35.116436359430615,45.0,3.5,7.15,25.025000000000002,66.5,-0.15072632860392332,1.0,0.43164536356925964,0.0,0.0,1.0,0.07761428256829579,refine_coarse_b45_wc3.5_k6.5_r70_b1.00_wc1.00_k1.10_r0.95
0.05211605381853701,0.06652408375722954,6.253926458224441,0.12230491638183594,119.0,0.11224345366160075,25591549355.67297,119.0,33.63518004858193,0.3284443892021128,-0.47611528742933334,1.0,35.11651139542398,40.5,3.4299999999999997,6.5,22.294999999999998,59.5,-0.1822089907946065,1.0,0.4070158302783966,0.0,0.0,1.0,0.07765496770540874,refine_coarse_b45_wc3.5_k6.5_r70_b0.90_wc0.98_k1.00_r0.85
0.059938984761521395,0.07183935468617554,7.192678171382568,0.08577334880828857,119.0,0.07822197675704956,25565290972.012722,119.0,40.12562779017857,0.3290545546634564,-0.5174686028732918,1.0,35.11658978286497,32.940000000000005,3.4299999999999997,3.36,11.524799999999999,70.0,-0.16086269170045853,1.0,0.16837793588638306,0.0,0.0,1.0,0.06695886949698131,refine_coarse_b30.5_wc3.5_k3.5_r70_b1.08_wc0.98_k0.96_r1.00
0.0743736114374902,0.08976041199186412,8.924833372498824,0.03610885143280029,83.0,0.02954859534899394,25464153025.14653,83.0,24.434537486869747,0.2926186336174501,-0.49935592910578314,1.0,35.11661769945663,17.64,1.8,3.36,6.048,59.5,-0.09827607683837414,1.0,0.07926324009895325,0.0,0.0,1.0,0.02478020389874776,refine_coarse_b18_wc2_k3.5_r70_b0.98_wc0.90_k0.96_r0.85
0.05815947040347472,0.07299300294783986,6.979136448416966,0.1034553050994873,119.0,0.09720008571942647,25472950632.269363,119.0,20.81309496454832,0.30878496125127086,-0.5001969180411022,1.0,35.116764988109054,44.1,3.15,5.719999999999999,18.017999999999997,70.0,-0.1369213035213761,1.0,0.21821913123130798,0.0,0.125,1.0,0.07548665006955464,refine_coarse_b45_wc3.5_k6.5_r70_b0.98_wc0.90_k0.88_r1.00
0.06948238991092807,0.08757580571569477,8.33788678931137,0.029881954193115234,80.0,0.022344966729482014,25563882531.377735,80.0,55.87277196034664,0.3180206189512028,-0.5309230822969352,1.0,35.11679354258057,18.0,1.96,3.36,6.5855999999999995,70.0,-0.05458687152713537,1.0,0.08964429050683975,0.0,0.125,1.0,0.020952944954236347,refine_coarse_b18_wc2_k3.5_r70_b1.00_wc0.98_k0.96_r1.00
0.052255546425338174,0.06612468774367726,6.270665571040581,0.11768817901611328,119.0,0.10732447107632954,25640252461.026993,119.0,40.436150045955884,0.3385120418595612,-0.49426906714697055,1.0,35.116828101107046,30.5,3.5,3.8500000000000005,13.475000000000001,59.5,-0.052879252238199115,1.0,0.3836537301540375,0.0,0.0,1.0,0.07111895581086476,refine_coarse_b30.5_wc3.5_k3.5_r70_b1.00_wc1.00_k1.10_r0.85
0.051935616713078996,0.06713959261608003,6.232274005569479,0.12651634216308594,119.0,0.11598392327626546,25592089191.69576,119.0,31.14732553177521,0.3265693291915121,-0.47156106621095295,1.0,35.11703129185745,44.1,3.5,6.5,22.75,59.5,-0.10554409679025412,1.0,0.4156927168369293,0.0,0.0,1.0,0.07665178676446278,refine_coarse_b45_wc3.5_k6.5_r70_b0.98_wc1.00_k1.00_r0.85
0.06015870289038314,0.0722199952906603,7.219044346845976,0.0905618667602539,119.0,0.08085520068804423,25542502343.257973,119.0,33.50604401917017,0.3261489382072202,-0.5209191357068221,1.0,35.117081213910346,48.6,3.4299999999999997,5.72,19.6196,70.0,-0.19033915642648935,1.0,0.1696479618549347,0.0,0.0,1.0,0.07102279861768086,refine_coarse_b45_wc3.5_k6.5_r70_b1.08_wc0.98_k0.88_r1.00
0.07093015994755471,0.08967742829424803,8.511619193706565,0.029158830642700195,82.0,0.012857655684153238,25585392472.658985,82.0,54.533486246060924,0.3187780513557626,-0.5087469018234181,1.0,35.11724400652522,16.2,1.8,3.08,5.5440000000000005,66.5,-0.19194174464792013,1.0,0.1642691045999527,0.0,0.0,1.0,0.016965543230374653,refine_coarse_b18_wc2_k3.5_r70_b0.90_wc0.90_k0.88_r0.95
0.07093573433756432,0.08502502923338796,8.51228812050772,0.05929267406463623,111.0,0.03668521841367086,25513846273.63346,111.0,47.1064001772584,0.3089698119706236,-0.5237247690109482,1.0,35.11752492823826,19.44,2.0,3.08,6.16,66.5,-0.22561782598495483,1.0,0.09592563658952713,0.0,0.0,1.0,0.03970457116762797,refine_coarse_b18_wc2_k3.5_r70_b1.08_wc1.00_k0.88_r0.95
0.05954001340288831,0.0739066289723215,7.144801608346597,0.10359632968902588,119.0,0.09664796789487202,25465714467.343536,119.0,27.173766576943276,0.3092292671980618,-0.5213716308131999,1.0,35.11789462923305,48.6,3.15,6.499999999999999,20.474999999999998,70.0,-0.15679319645278156,1.0,0.20691192150115967,0.0,0.0,1.0,0.07845871647198994,refine_coarse_b45_wc3.5_k6.5_r70_b1.08_wc0.90_k1.00_r1.00
0.05966683364253906,0.07129725765541832,7.160020037104687,0.08874571323394775,119.0,0.08399348457654317,25614222880.29651,119.0,33.586979713760506,0.33616480740505417,-0.5303058930387533,1.0,35.11791382124629,30.5,3.5,3.0800000000000005,10.780000000000001,70.0,-0.07616977416910231,1.0,0.19976715743541718,0.0,0.0,1.0,0.06449338793754578,refine_coarse_b30.5_wc3.5_k3.5_r70_b1.00_wc1.00_k0.88_r1.00
0.05170108725731666,0.06692020021544189,6.204130470877999,0.12858092784881592,119.0,0.1177625060081482,25609372954.796593,119.0,45.560296579569325,0.3317025562381307,-0.5067404360160201,1.0,35.11801555248317,40.5,3.4299999999999997,6.24,21.4032,66.5,-0.13576042151544243,1.0,0.44450855255126953,0.0,0.0,1.0,0.07847864429155986,refine_coarse_b45_wc3.5_k6.5_r70_b0.90_wc0.98_k0.96_r0.95
0.07395593584201189,0.0870762753444999,8.874712301041427,0.058217644691467285,112.0,0.04205062985420227,25462656287.022545,112.0,25.390317259716387,0.2968820745914123,-0.491257657339635,1.0,35.118292939953385,19.44,1.96,3.08,6.0368,59.5,-0.2079402320086956,1.0,0.11926710605621338,0.0,0.0,1.0,0.03939875463644663,refine_coarse_b18_wc2_k3.5_r70_b1.08_wc0.98_k0.88_r0.85
0.05167653013111817,0.06554102457407714,6.20118361573418,0.12829339504241943,119.0,0.11234395702679952,25681828571.28755,119.0,48.14510980173319,0.34271656642905374,-0.48275049033855405,1.0,35.11846954692047,40.5,3.5,7.15,25.025000000000002,66.5,-0.3475911347195506,1.0,0.46877044439315796,0.0,0.0,1.0,0.0824250876903534,refine_coarse_b45_wc3.5_k6.5_r70_b0.90_wc1.00_k1.10_r0.95
0.0518045170668889,0.06748060800751099,6.2165420480266675,0.13344848155975342,119.0,0.12265534202257793,25584084276.24419,119.0,40.3101693802521,0.32678632019161113,-0.47207133555276637,1.0,35.11851414926499,45.0,3.4299999999999997,7.15,24.5245,66.5,-0.13505698379594833,1.0,0.4419185221195221,0.0,0.0,1.0,0.082064484556516,refine_coarse_b45_wc3.5_k6.5_r70_b1.00_wc0.98_k1.10_r0.95
0.06103286870174808,0.07118655383081245,7.32394424420977,0.07292056083679199,119.0,0.06892643372217815,25705282896.831215,119.0,38.672568441439076,0.35614312067674664,-0.5095134392477231,1.0,35.118763122288364,32.940000000000005,3.7800000000000002,3.08,11.6424,70.0,-0.07840118010062724,1.0,0.1643792986869812,0.0,0.0,1.0,0.05604341129461924,refine_coarse_b30.5_wc3.5_k3.5_r70_b1.08_wc1.08_k0.88_r1.00
0.05170949741618453,0.06654929645734221,6.205139689942143,0.12937593460083008,119.0,0.11823445558547974,25632732659.710136,119.0,47.56542558429622,0.33701426184769523,-0.4896763483597835,1.0,35.1188079356265,40.5,3.5,6.24,21.84,66.5,-0.18268748419359326,1.0,0.46113142371177673,0.0,0.0,1.0,0.0802314430475235,refine_coarse_b45_wc3.5_k6.5_r70_b0.90_wc1.00_k0.96_r0.95
0.06008711148531916,0.07435605780638536,7.210453378238299,0.10333251953125,119.0,0.09533767898877461,25476162864.64968,119.0,29.12778607536765,0.31336285393851265,-0.520633333455256,1.0,35.11881480760346,45.0,3.15,5.719999999999999,18.017999999999997,70.0,-0.1755158226005733,1.0,0.203585684299469,0.0,0.0,1.0,0.07831597328186035,refine_coarse_b45_wc3.5_k6.5_r70_b1.00_wc0.90_k0.88_r1.00
0.05292358680676254,0.06740849106697727,6.350830416811505,0.1249924898147583,119.0,0.1143087347348531,25633770251.807713,119.0,41.20335477941177,0.33742805069651116,-0.47900624374904993,1.0,35.118909051225366,29.89,3.4299999999999997,3.8500000000000005,13.2055,59.5,-0.06573374848812819,1.0,0.4053021967411041,0.0,0.0,1.0,0.0757000595331192,refine_coarse_b30.5_wc3.5_k3.5_r70_b0.98_wc0.98_k1.10_r0.85
0.06177050814292784,0.07538376784540866,7.412460977151341,0.11015260219573975,119.0,0.09845359126726787,25443691458.136333,119.0,19.61759371717437,0.3052916170847977,-0.4970104432119879,1.0,35.1194687751922,32.940000000000005,3.15,3.08,9.702,59.5,-0.23219058476388454,1.0,0.22290894389152527,0.0,0.0,1.0,0.08397658665974934,refine_coarse_b30.5_wc3.5_k3.5_r70_b1.08_wc0.90_k0.88_r0.85
0.05215447598672161,0.0679813091459929,6.258537118406593,0.13322138786315918,119.0,0.12252441048622131,25605757352.90934,119.0,39.886542312237395,0.3308675847136051,-0.4888672016691836,1.0,35.11951659097096,44.1,3.5,6.5,22.75,66.5,-0.11934035987360403,1.0,0.4264203906059265,0.0,0.0,1.0,0.08136873443921407,refine_coarse_b45_wc3.5_k6.5_r70_b0.98_wc1.00_k1.00_r0.95
0.06089613350966942,0.07268542795235361,7.307536021160331,0.0934370756149292,119.0,0.0859071711699168,25576881095.941334,119.0,29.071354713760503,0.3340429259160678,-0.5172345318540822,1.0,35.11953422521914,48.6,3.5,5.72,20.02,70.0,-0.1690273955464363,1.0,0.1956246942281723,0.0,0.0,1.0,0.07163319488366444,refine_coarse_b45_wc3.5_k6.5_r70_b1.08_wc1.00_k0.88_r1.00
0.05264789307564684,0.06704578741182332,6.31774716907762,0.12668347358703613,119.0,0.11495745182037354,25665151814.70976,119.0,60.76390165441177,0.3432067795278033,-0.513198288773767,1.0,35.119614785966746,29.89,3.4299999999999997,3.8500000000000005,13.2055,66.5,-0.05075777939055115,1.0,0.42477086186408997,0.0,0.0,1.0,0.07525477806727092,refine_coarse_b30.5_wc3.5_k3.5_r70_b0.98_wc0.98_k1.10_r0.95
0.05226135648864746,0.06753505385623647,6.271362778637695,0.13150155544281006,119.0,0.11992458502451579,25624261149.78434,119.0,36.64304178702731,0.3357720316403455,-0.47949550941929225,1.0,35.11972206967932,40.5,3.5,6.24,21.84,59.5,-0.20289443945512176,1.0,0.47256529331207275,0.0,0.0,1.0,0.08178469041983287,refine_coarse_b45_wc3.5_k6.5_r70_b0.90_wc1.00_k0.96_r0.85
0.05266918707094608,0.06584829707182512,6.32030244851353,0.11888670921325684,119.0,0.10797613859176636,25723580775.517723,119.0,43.03466796875,0.3562295702673683,-0.4845943305079018,1.0,35.11976397067748,45.0,3.7800000000000002,6.24,23.587200000000003,59.5,-0.08677466958761215,1.0,0.4250613749027252,0.0,0.0,1.0,0.07225625216960907,refine_coarse_b45_wc3.5_k6.5_r70_b1.00_wc1.08_k0.96_r0.85
0.07162302473513099,0.09267796285728258,8.594762968215719,0.01773667335510254,81.0,0.005153149366378784,25639984033.48522,81.0,65.98963941045169,0.333578159370956,-0.5425141517135744,1.0,35.12007998336178,16.2,1.8,3.36,6.048,70.0,-0.053065996631630696,1.0,0.14359697699546814,0.0,0.0,1.0,0.008973151445388794,refine_coarse_b18_wc2_k3.5_r70_b0.90_wc0.90_k0.96_r1.00
0.06257299911835427,0.07376317801405471,7.508759894202512,0.0907977819442749,118.0,0.07219844063123067,25596974070.49276,118.0,57.53543116465336,0.342265268931045,-0.5496031819390226,1.0,35.120240912051564,32.940000000000005,3.5,3.0800000000000005,10.780000000000001,70.0,-0.27199525386095047,1.0,0.17736826837062836,0.0,0.0,1.0,0.07101986805597942,refine_coarse_b30.5_wc3.5_k3.5_r70_b1.08_wc1.00_k0.88_r1.00
0.061296160800443054,0.0727266145965925,7.355539296053166,0.09108269214630127,119.0,0.08505174517631531,25610915991.488632,119.0,38.01842748818277,0.3396769852032896,-0.5327758950871877,1.0,35.120259713015955,32.940000000000005,3.5,3.36,11.76,70.0,-0.13669140798447188,1.0,0.20533615350723267,0.0,0.0,1.0,0.06902337074279785,refine_coarse_b30.5_wc3.5_k3.5_r70_b1.08_wc1.00_k0.96_r1.00
0.05467173698830076,0.07206609281462445,6.560608438596091,0.12636590003967285,119.0,0.11729372541109721,25538853892.08851,119.0,31.553698627888654,0.3216779285924579,-0.5045332285731907,1.0,35.12033684085985,44.1,3.15,7.15,22.5225,70.0,-0.06553914118558168,1.0,0.3486502170562744,0.0,0.0,1.0,0.07781269152959187,refine_coarse_b45_wc3.5_k6.5_r70_b0.98_wc0.90_k1.10_r1.00
0.05537413902309822,0.06966789537841617,6.644896682771787,0.12862586975097656,119.0,0.117930402358373,25595668584.71775,119.0,39.74196182379202,0.3306900352208858,-0.49853741818460334,1.0,35.120567946354306,27.45,3.15,3.8500000000000005,12.127500000000001,59.5,-0.07711640512570739,1.0,0.4087607264518738,0.0,0.0,1.0,0.07814251879851024,refine_coarse_b30.5_wc3.5_k3.5_r70_b0.90_wc0.90_k1.10_r0.85
0.05175947691572939,0.06467399486054293,6.211137229887527,0.12610936164855957,119.0,0.1006928284962972,25847525333.100105,119.0,54.26050009847689,0.36925541012888813,-0.4594610046674311,1.0,35.120589331611434,40.5,3.7800000000000002,7.15,27.027000000000005,59.5,-0.4824126362800598,1.0,0.4869062602519989,0.0,0.0,1.0,0.07990373174349467,refine_coarse_b45_wc3.5_k6.5_r70_b0.90_wc1.08_k1.10_r0.85
0.07358927840991593,0.0864813948204103,8.830713409189912,0.06835591793060303,114.0,0.04516600569089254,25491228196.56097,114.0,47.09171481092437,0.3085382672895293,-0.5324448756098437,1.0,35.12062823833591,19.44,1.96,3.08,6.0368,66.5,-0.26941162906587124,1.0,0.133077472448349,0.0,0.0,1.0,0.04556127885977427,refine_coarse_b18_wc2_k3.5_r70_b1.08_wc0.98_k0.88_r0.95
0.052922126073324686,0.06698414236056069,6.350655128798962,0.13366711139678955,119.0,0.11894952257474263,25665183057.032547,119.0,46.09125114889706,0.3417928720568905,-0.48755600705225016,1.0,35.12063698431936,40.5,3.4299999999999997,7.15,24.5245,66.5,-0.3249596133828163,1.0,0.4982180893421173,0.0,0.0,1.0,0.08521902064482371,refine_coarse_b45_wc3.5_k6.5_r70_b0.90_wc0.98_k1.10_r0.95
0.05199626908674683,0.06702852134534157,6.23955229040962,0.13354015350341797,119.0,0.12162752946217854,25655205258.3453,119.0,48.451832490808826,0.34153319322942394,-0.4834810237575571,1.0,35.12064846667658,40.5,3.5,6.5,22.75,66.5,-0.23891852935776114,1.0,0.4677433669567108,0.0,0.0,1.0,0.08432784676551819,refine_coarse_b45_wc3.5_k6.5_r70_b0.90_wc1.00_k1.00_r0.95
0.05174336373309529,0.06516120811674922,6.209203647971435,0.12733244895935059,119.0,0.10848481456438701,25776997633.324005,119.0,48.9083139115021,0.361440178323532,-0.4742547805267076,1.0,35.120684878300466,40.5,3.7800000000000002,6.5,24.57,59.5,-0.40238146483898163,1.0,0.4935658276081085,0.0,0.0,1.0,0.0812180091937383,refine_coarse_b45_wc3.5_k6.5_r70_b0.90_wc1.08_k1.00_r0.85
0.061322935662805854,0.07551477389451458,7.358752279536702,0.10571587085723877,119.0,0.09646602471669515,25482023582.53636,119.0,29.168116465336134,0.3168218349437659,-0.5262182771630151,1.0,35.12078274762859,48.6,3.15,6.24,19.656,70.0,-0.19363984931260347,1.0,0.20272521674633026,0.0,0.125,1.0,0.08112500607967377,refine_coarse_b45_wc3.5_k6.5_r70_b1.08_wc0.90_k0.96_r1.00
0.052881760198137805,0.06771060826269926,6.345811223776536,0.13058173656463623,119.0,0.11893137296040852,25651376203.452766,119.0,39.0286978072479,0.34245084885350274,-0.4848887118388309,1.0,35.12091291074368,44.1,3.5,7.15,25.025000000000002,59.5,-0.20921378477942199,1.0,0.4732285141944885,0.0,0.0,1.0,0.08155389626820882,refine_coarse_b45_wc3.5_k6.5_r70_b0.98_wc1.00_k1.10_r0.85
0.05224151391733471,0.06585386003565473,6.268981670080166,0.12695825099945068,119.0,0.11575498183568318,25734521561.253902,119.0,57.39780970982143,0.35693257763014424,-0.4870746706944704,1.0,35.1212064513621,44.1,3.7800000000000002,6.24,23.587200000000003,66.5,-0.14949231641367078,1.0,0.4578394889831543,0.0,0.0,1.0,0.07796862224737804,refine_coarse_b45_wc3.5_k6.5_r70_b0.98_wc1.08_k0.96_r0.95
0.07962913623388393,0.0922207592475013,9.555496348066072,0.052794456481933594,111.0,0.04032855232556661,25432920977.359085,111.0,22.18562483587185,0.2891463586669426,-0.5064063470429183,1.0,35.12126996118021,19.44,1.8,3.5,6.3,59.5,-0.1747050192207098,1.0,0.11970105022192001,0.0,0.0,1.0,0.03543787201245626,refine_coarse_b18_wc2_k3.5_r70_b1.08_wc0.90_k1.00_r0.85
0.07563177885826727,0.09290796409388671,9.075813462992073,0.04056882858276367,83.0,0.0195315678914388,25542154409.657074,83.0,62.625373391544116,0.3151039170561248,-0.5371940179586597,1.0,35.12136418353328,17.64,1.8,3.5,6.3,70.0,-0.18176360428333282,1.0,0.13095983862876892,0.0,0.0,1.0,0.0234489639600118,refine_coarse_b18_wc2_k3.5_r70_b0.98_wc0.90_k1.00_r1.00
0.05258624352974455,0.066238722709369,6.310349223569347,0.12576746940612793,119.0,0.11437689264615376,25734150022.42982,119.0,46.29571789653362,0.35830656970400476,-0.4789050353876378,1.0,35.121546520310694,45.0,3.7800000000000002,6.5,24.57,59.5,-0.1516319466754794,1.0,0.4707213342189789,0.0,0.0,1.0,0.07752653459707896,refine_coarse_b45_wc3.5_k6.5_r70_b1.00_wc1.08_k1.00_r0.85
0.052483033844826346,0.0663806187024489,6.297964061379162,0.1288076639175415,119.0,0.11742275953292847,25727079936.23117,119.0,55.533453420430675,0.35504717225389626,-0.4978303052971828,1.0,35.12155556768245,45.0,3.7800000000000002,6.24,23.587200000000003,66.5,-0.130043694669439,1.0,0.4548044204711914,0.0,0.0,1.0,0.07819760342439015,refine_coarse_b45_wc3.5_k6.5_r70_b1.00_wc1.08_k0.96_r0.95
0.07385214985932294,0.08812976243880297,8.862257983118752,0.05830979347229004,116.0,0.05199495951334635,25475728887.93918,116.0,52.22096573004202,0.3052550631200189,-0.5286091129470679,1.0,35.12170123362492,19.44,1.96,3.4999999999999996,6.859999999999999,70.0,-0.10586241260170937,1.0,0.09037182480096817,0.0,0.0,1.0,0.04316884775956472,refine_coarse_b18_wc2_k3.5_r70_b1.08_wc0.98_k1.00_r1.00
0.05311329980260287,0.06901413359201582,6.373595976312345,0.13811492919921875,119.0,0.12674220403035483,25607932090.00538,119.0,35.735113576680675,0.3339083609168085,-0.4762989792143181,1.0,35.12171466108112,44.1,3.4299999999999997,7.15,24.5245,59.5,-0.14085584413260221,1.0,0.4600133001804352,0.0,0.0,1.0,0.08465603490670522,refine_coarse_b45_wc3.5_k6.5_r70_b0.98_wc0.98_k1.10_r0.85
0.05311024841801668,0.06885269902874809,6.373229810162002,0.136938214302063,119.0,0.12484557429949443,25650074180.90284,119.0,46.44778262867647,0.3388689284916503,-0.48925492923748376,1.0,35.12192440692892,40.5,3.5,5.72,20.02,66.5,-0.06714442069642246,1.0,0.45733851194381714,0.0,0.0,1.0,0.08084430793921153,refine_coarse_b45_wc3.5_k6.5_r70_b0.90_wc1.00_k0.88_r0.95
0.07250567957468282,0.08884722688695651,8.700681548961938,0.05088639259338379,107.0,0.023865461349487305,25607696597.571236,107.0,71.62067932641807,0.33232047093699696,-0.5547291286490982,1.0,35.121963160324505,17.64,2.0,3.08,6.16,70.0,-0.2110864408314228,1.0,0.12933588027954102,0.0,0.0,1.0,0.0322750856479009,refine_coarse_b18_wc2_k3.5_r70_b0.98_wc1.00_k0.88_r1.00
0.05281966117176846,0.06838965323423955,6.3383593406122145,0.1387784481048584,119.0,0.12695582707722983,25633838466.54739,119.0,49.49911781118698,0.33835939730808423,-0.4824380134563707,1.0,35.12208343644757,40.5,3.4299999999999997,6.5,22.294999999999998,66.5,-0.199768504826352,1.0,0.48256978392601013,0.0,0.0,1.0,0.08621799945831299,refine_coarse_b45_wc3.5_k6.5_r70_b0.90_wc0.98_k1.00_r0.95
0.06306016717521554,0.07632002290357613,7.567220061025864,0.10351765155792236,119.0,0.09144102533658345,25511635728.075073,119.0,47.416192062762605,0.32344752192010345,-0.5488881983222564,1.0,35.12216615621142,32.940000000000005,3.15,3.5,11.025,70.0,-0.22716263681650162,1.0,0.19854223728179932,0.0,0.0,1.0,0.08117872973283131,refine_coarse_b30.5_wc3.5_k3.5_r70_b1.08_wc0.90_k1.00_r1.00
0.06284638279639504,0.07600790073976917,7.541565935567405,0.10333395004272461,119.0,0.09238225221633911,25523259273.355877,119.0,44.681111311712186,0.32557339334617275,-0.5333065354769956,1.0,35.12228959967781,29.89,3.15,3.08,9.702,70.0,-0.21951722167432308,1.0,0.21063290536403656,0.0,0.0,1.0,0.08000161250432332,refine_coarse_b30.5_wc3.5_k3.5_r70_b0.98_wc0.90_k0.88_r1.00
0.05536550857864123,0.07121942713743117,6.643861029436948,0.14221632480621338,119.0,0.13155394792556763,25536790339.028133,119.0,35.53534910057773,0.319504130692247,-0.4653390873984248,1.0,35.12230142495552,40.5,3.15,7.15,22.5225,66.5,-0.15309116477146745,1.0,0.44033876061439514,0.0,0.0,1.0,0.08857339123884837,refine_coarse_b45_wc3.5_k6.5_r70_b0.90_wc0.90_k1.10_r0.95
0.06242885836759152,0.07687153896261588,7.491463004110983,0.11823368072509766,119.0,0.10830591122309367,25431409621.4246,119.0,15.172515099789916,0.3066711474758745,-0.5022186874993828,1.0,35.12246033399711,48.6,3.15,5.719999999999999,18.017999999999997,59.5,-0.2142038531601429,1.0,0.24221117794513702,0.0,0.0,1.0,0.08903641005357106,refine_coarse_b45_wc3.5_k6.5_r70_b1.08_wc0.90_k0.88_r0.85
0.061854084642995605,0.07629007934480796,7.422490157159473,0.11935150623321533,119.0,0.10845190286636353,25442714381.68643,119.0,21.618828781512605,0.3094763448792454,-0.534973384784044,1.0,35.12251700028632,48.6,3.15,5.719999999999999,18.017999999999997,66.5,-0.22935872245579958,1.0,0.24375677108764648,0.0,0.0,1.0,0.09052865207195282,refine_coarse_b45_wc3.5_k6.5_r70_b1.08_wc0.90_k0.88_r0.95
0.06203850818293593,0.07605102420292814,7.444620981952312,0.09357714653015137,119.0,0.08847707509994507,25564081683.48017,119.0,77.45889000131302,0.33682006096195755,-0.5680109697256813,1.0,35.12278301751111,45.0,3.15,6.24,19.656,78.4,-0.11579977296059951,1.0,0.16408655047416687,0.0,0.0,1.0,0.07233755787213643,refine_coarse_b45_wc3.5_k6.5_r70_b1.00_wc0.90_k0.96_r1.12
0.05288420867235004,0.06896707864940765,6.346105040682005,0.14168107509613037,119.0,0.12983242670694986,25630651594.220448,119.0,47.27552603072479,0.3377533336105203,-0.481381631303442,1.0,35.12283865289399,44.1,3.4299999999999997,7.15,24.5245,66.5,-0.18125605676323175,1.0,0.4978248178958893,0.0,0.0,1.0,0.0872614582379659,refine_coarse_b45_wc3.5_k6.5_r70_b0.98_wc0.98_k1.10_r0.95
0.06357932451825453,0.07658221546883139,7.629518942190543,0.10319817066192627,119.0,0.08812140425046285,25530856779.44831,119.0,53.24310661764706,0.3291811816837278,-0.5439974297228999,1.0,35.122941860942994,30.5,3.15,3.08,9.702,70.0,-0.25859569758176804,1.0,0.20225884020328522,0.0,0.0,1.0,0.08051671584447224,refine_coarse_b30.5_wc3.5_k3.5_r70_b1.00_wc0.90_k0.88_r1.00
0.07110646194211274,0.08497786600601652,8.53277543305353,0.06955134868621826,119.0,0.06125227610270182,25522021830.496433,119.0,59.26619534532563,0.3178244861768192,-0.55818347665903,1.0,35.1229902411721,19.44,2.16,3.08,6.652800000000001,70.0,-0.1326250024139881,1.0,0.10209479928016663,0.0,0.0,1.0,0.05439023673534393,refine_coarse_b18_wc2_k3.5_r70_b1.08_wc1.08_k0.88_r1.00
0.05349415557764701,0.06898120413090399,6.419298669317641,0.13825511932373047,119.0,0.12602582573890686,25659425040.1822,119.0,42.5517126772584,0.34412291350399155,-0.4766408649826547,1.0,35.12338329819685,40.5,3.5,6.5,22.75,59.5,-0.20207914104685187,1.0,0.5044745802879333,0.0,0.0,1.0,0.08531474570433299,refine_coarse_b45_wc3.5_k6.5_r70_b0.90_wc1.00_k1.00_r0.85
0.06347247664235928,0.07656574781404779,7.616697197083113,0.11590540409088135,119.0,0.10112996896107991,25480348674.478104,119.0,33.88006745667017,0.3184046219229259,-0.5200445692570509,1.0,35.123491854994214,32.940000000000005,3.15,3.08,9.702,66.5,-0.274301502853632,1.0,0.23525893688201904,0.0,0.0,1.0,0.0888065646092097,refine_coarse_b30.5_wc3.5_k3.5_r70_b1.08_wc0.90_k0.88_r0.95
0.060509634876141645,0.07547544286453828,7.261156185136997,0.1083000898361206,119.0,0.10219138860702515,25571521933.445118,119.0,42.108468191964285,0.334595700589418,-0.5142336521637595,1.0,35.123757922032,48.6,3.15,7.15,22.5225,78.4,-0.06603781983722001,1.0,0.24761900305747986,0.0,0.0,1.0,0.07494597136974335,refine_coarse_b45_wc3.5_k6.5_r70_b1.08_wc0.90_k1.10_r1.12
0.05289434917080863,0.06854077555203227,6.347321900497036,0.1413111686706543,119.0,0.12904802958170572,25673234235.78756,119.0,51.71873358718487,0.34668101619240843,-0.47165492742791776,1.0,35.123878263066615,44.1,3.5,7.15,25.025000000000002,66.5,-0.19614323088899255,1.0,0.5109198093414307,0.0,0.0,1.0,0.08697652816772461,refine_coarse_b45_wc3.5_k6.5_r70_b0.98_wc1.00_k1.10_r0.95
0.05240272240254361,0.06673165740635642,6.288326688305233,0.13592135906219482,119.0,0.12330697973569234,25753752086.441692,119.0,63.67182576155462,0.36107323162526045,-0.47153776775668066,1.0,35.123942128403066,40.5,3.7800000000000002,5.72,21.6216,66.5,-0.22529846662655473,1.0,0.5075765252113342,0.0,0.0,1.0,0.08436805506547292,refine_coarse_b45_wc3.5_k6.5_r70_b0.90_wc1.08_k0.88_r0.95
0.05402682211795877,0.06856401892643395,6.483218654155053,0.13422894477844238,119.0,0.12229529023170471,25719435793.31352,119.0,67.62188566832984,0.3551045368057571,-0.5141016732532532,1.0,35.12419584841847,29.89,3.5,3.8500000000000005,13.475000000000001,66.5,-0.0727952434681356,1.0,0.4546046555042267,0.0,0.0,1.0,0.0805178036292394,refine_coarse_b30.5_wc3.5_k3.5_r70_b0.98_wc1.00_k1.10_r0.95
0.07369221549507946,0.09256055911966654,8.843065859409535,0.029224872589111328,82.0,0.023365745941797893,25667807959.4088,82.0,39.501427914915965,0.337409867985098,-0.5095793160949864,1.0,35.12440071536771,16.2,1.8,3.08,5.5440000000000005,59.5,-0.23550817649811506,1.0,0.2179366499185562,0.0,0.0,1.0,0.02279868225256602,refine_coarse_b18_wc2_k3.5_r70_b0.90_wc0.90_k0.88_r0.85
0.06396928089644878,0.07599014206705311,7.676313707573854,0.10477733612060547,119.0,0.09379339218139648,25562399299.094963,119.0,49.385569852941174,0.3354799715522318,-0.5279827728427644,1.0,35.12452665844355,32.940000000000005,3.4299999999999997,3.08,10.5644,70.0,-0.22284288424998522,1.0,0.21057239174842834,0.0,0.0,1.0,0.08288850883642833,refine_coarse_b30.5_wc3.5_k3.5_r70_b1.08_wc0.98_k0.88_r1.00
0.08111530968100358,0.09213570434932733,9.73383716172043,0.06449460983276367,117.0,0.05569680531819662,25414289797.201355,117.0,35.132742745535715,0.29102193654682196,-0.5276172294420128,1.0,35.12456356530278,19.44,1.8,3.5,6.3,66.5,-0.1567074852064252,1.0,0.13990062475204468,0.0,0.0,1.0,0.04516034324963888,refine_coarse_b18_wc2_k3.5_r70_b1.08_wc0.90_k1.00_r0.95
0.05303881201617931,0.06701187631917016,6.364657441941517,0.13507235050201416,119.0,0.11768049001693726,25801604014.686806,119.0,53.07425157563025,0.37002224876486517,-0.4512663353659585,1.0,35.125097655575814,44.1,3.7800000000000002,7.15,27.027000000000005,59.5,-0.38820825051516294,1.0,0.5394980311393738,0.0,0.0,1.0,0.08555338780085246,refine_coarse_b45_wc3.5_k6.5_r70_b0.98_wc1.08_k1.10_r0.85
0.05505379199260574,0.07228105604507962,6.606455039112689,0.13753199577331543,119.0,0.12692025303840637,25614648621.889416,119.0,46.835211232930675,0.3391943058080934,-0.5016757135914888,1.0,35.12519142341939,40.5,3.15,7.15,22.5225,70.0,-0.1345567973330617,1.0,0.4379844069480896,0.0,0.0,1.0,0.08508846163749695,refine_coarse_b45_wc3.5_k6.5_r70_b0.90_wc0.90_k1.10_r1.00
0.07625957975892371,0.0899415012155747,9.151149571070846,0.0690850019454956,114.0,0.04921725392341614,25505381854.84859,114.0,62.12024438681723,0.31661371547645506,-0.5587358702033355,1.0,35.1254415824294,19.44,1.96,3.36,6.5855999999999995,70.0,-0.2413798701018095,1.0,0.12981852889060974,0.0,0.0,1.0,0.04742452005545298,refine_coarse_b18_wc2_k3.5_r70_b1.08_wc0.98_k0.96_r1.00
0.06157554193875019,0.07664198653536129,7.389065032650024,0.11011660099029541,119.0,0.1041521926720937,25569991474.17859,119.0,51.259695870535715,0.33667833048315454,-0.5283166786388898,1.0,35.125527931557265,44.1,3.15,6.24,19.656,78.4,-0.07788314123172313,1.0,0.244707390666008,0.0,0.0,1.0,0.07730327546596527,refine_coarse_b45_wc3.5_k6.5_r70_b0.98_wc0.90_k0.96_r1.12
0.05498787312679383,0.07015176037544955,6.5985447752152595,0.14395153522491455,119.0,0.13008211056391397,25659168433.38856,119.0,42.379525833771005,0.34509982603171935,-0.46779146374465275,1.0,35.125610161478605,40.5,3.4299999999999997,7.15,24.5245,59.5,-0.2933639921247959,1.0,0.5222967863082886,0.0,0.0,1.0,0.09085394938786824,refine_coarse_b45_wc3.5_k6.5_r70_b0.90_wc0.98_k1.10_r0.85
0.05453453807044563,0.06898050580317053,6.544144568453476,0.1399555206298828,119.0,0.12302849690119426,25736040935.112823,119.0,47.827185366334035,0.3580299945208607,-0.4589826961958533,1.0,35.12577166500193,40.5,3.5,7.15,25.025000000000002,59.5,-0.37617975007742643,1.0,0.5375159382820129,0.0,0.0,1.0,0.08896229167779286,refine_coarse_b45_wc3.5_k6.5_r70_b0.90_wc1.00_k1.10_r0.85
0.054807752627734393,0.07059907588722919,6.576930315328127,0.13206064701080322,119.0,0.12054675817489624,25720172602.23061,119.0,60.74368106617647,0.35808426641642466,-0.49532254418689753,1.0,35.12581274849639,40.5,3.4299999999999997,6.24,21.4032,70.0,-0.07522053830325603,1.0,0.44948089122772217,0.0,0.0,1.0,0.07864871621131897,refine_coarse_b45_wc3.5_k6.5_r70_b0.90_wc0.98_k0.96_r1.00
0.0814311455647972,0.09368159276789502,9.771737467775665,0.06023561954498291,119.0,0.05624082684516907,25414984450.433144,119.0,42.291224888392854,0.29376671931853376,-0.566808440853778,1.0,35.12589939961707,19.44,1.8,3.8500000000000005,6.9300000000000015,70.0,-0.08023419603705406,1.0,0.12182116508483887,0.0,0.0,1.0,0.04257834951082865,refine_coarse_b18_wc2_k3.5_r70_b1.08_wc0.90_k1.10_r1.00
0.07372084579129895,0.08956645415591279,8.846501494955874,0.05926644802093506,111.0,0.03583203752835592,25617314556.3873,111.0,77.03655954569328,0.3396599441885696,-0.5462864480804404,1.0,35.12609189062584,18.0,2.0,3.08,6.16,70.0,-0.2014994863420725,1.0,0.10125112533569336,0.0,0.0,1.0,0.041851346691449486,refine_coarse_b18_wc2_k3.5_r70_b1.00_wc1.00_k0.88_r1.00
0.06344038768154973,0.07534591124237461,7.612846521785968,0.08866643905639648,119.0,0.0840786596139272,25712401538.723618,119.0,57.025640920430675,0.3653155112088302,-0.5386550544226107,1.0,35.12624163747438,48.6,3.5,6.24,21.84,78.4,-0.07817612006329,1.0,0.19763842225074768,0.0,0.0,1.0,0.06587348381678264,refine_coarse_b45_wc3.5_k6.5_r70_b1.08_wc1.00_k0.96_r1.12
0.06356379351857981,0.07598898390518362,7.627655222229578,0.09769940376281738,119.0,0.09280318021774292,25655394334.50314,119.0,57.762904575892854,0.3524364765988556,-0.5248716786528596,1.0,35.126275147236385,48.6,3.4299999999999997,6.24,21.4032,78.4,-0.07785737898666412,1.0,0.21142397820949554,0.0,0.0,1.0,0.07292184233665466,refine_coarse_b45_wc3.5_k6.5_r70_b1.08_wc0.98_k0.96_r1.12
0.05351387782955612,0.06694593248820313,6.421665339546735,0.13413751125335693,119.0,0.1206857959429423,25832130113.25035,119.0,84.5928390887605,0.37691675783817624,-0.4940212956114067,1.0,35.1264989434078,30.5,3.7800000000000002,3.8500000000000005,14.553000000000003,66.5,-0.2555880706640892,1.0,0.5376473069190979,0.0,0.0,1.0,0.08346861104170482,refine_coarse_b30.5_wc3.5_k3.5_r70_b1.00_wc1.08_k1.10_r0.95
0.05480234320761876,0.06945608860822688,6.576281184914251,0.14058494567871094,119.0,0.12710400422414145,25750775856.06572,119.0,76.34731158088235,0.36102629014379517,-0.4994110523723687,1.0,35.12677717018876,27.45,3.4299999999999997,3.5,12.004999999999999,66.5,-0.05870653782039881,1.0,0.49227577447891235,0.0,0.0,1.0,0.08313639461994171,refine_coarse_b30.5_wc3.5_k3.5_r70_b0.90_wc0.98_k1.00_r0.95
0.05405236800917426,0.06825214635775384,6.486284161100912,0.1364806890487671,119.0,0.12374591827392578,25788284295.366077,119.0,51.140448562237395,0.3700176310173729,-0.4697893219109935,1.0,35.12685674784101,44.1,3.7800000000000002,6.5,24.57,59.5,-0.21424712124280632,1.0,0.5207219123840332,0.0,0.0,1.0,0.08466198047002156,refine_coarse_b45_wc3.5_k6.5_r70_b0.98_wc1.08_k1.00_r0.85
0.07500322205291733,0.09021450027675793,9.00038664635008,0.06499326229095459,112.0,0.040327330430348717,25586245611.473,112.0,74.81277491465336,0.3351472003452308,-0.5830310794930222,1.0,35.12696397158631,17.64,1.96,3.08,6.0368,70.0,-0.24247143231332302,1.0,0.09383908659219742,0.0,0.0,1.0,0.04505103329817454,refine_coarse_b18_wc2_k3.5_r70_b0.98_wc0.98_k0.88_r1.00
0.0762768526347808,0.08930060641874836,9.153222316173697,0.07453417778015137,119.0,0.06732570131619771,25482498429.325256,119.0,53.757746848739494,0.3108511153300126,-0.5414192426570258,1.0,35.12697252851355,19.44,2.0,3.36,6.72,70.0,-0.13205906096845865,1.0,0.11694055795669556,0.0,0.0,1.0,0.05703529715538025,refine_coarse_b18_wc2_k3.5_r70_b1.08_wc1.00_k0.96_r1.00
0.05526519502268267,0.06992270661967685,6.6318234027219205,0.1372053623199463,119.0,0.12500490744908652,25748305437.282112,119.0,53.14831440388655,0.3622355856825961,-0.4883935884136582,1.0,35.12705517284482,29.89,3.5,3.8500000000000005,13.475000000000001,59.5,-0.10322886146605015,1.0,0.4764000475406647,0.0,0.0,1.0,0.08288675546646118,refine_coarse_b30.5_wc3.5_k3.5_r70_b0.98_wc1.00_k1.10_r0.85
0.05399277522061728,0.06816238997803159,6.479133026474074,0.13720619678497314,119.0,0.1247576077779134,25804770344.869232,119.0,64.03631335346638,0.3716564338818286,-0.48653129049771776,1.0,35.12713800206526,45.0,3.7800000000000002,6.5,24.57,66.5,-0.18322596419602633,1.0,0.519561767578125,0.0,0.0,1.0,0.08392983178297679,refine_coarse_b45_wc3.5_k6.5_r70_b1.00_wc1.08_k1.00_r0.95
0.052636212631491236,0.06594408292658131,6.3163455157789485,0.13612651824951172,119.0,0.10260085264841716,25988685544.067604,119.0,70.31142085740547,0.40094559006598746,-0.45957600428946316,1.0,35.127359076886954,40.5,3.7800000000000002,7.15,27.027000000000005,66.5,-0.6367121413350105,1.0,0.6046117544174194,0.0,0.0,1.0,0.08372377852598827,refine_coarse_b45_wc3.5_k6.5_r70_b0.90_wc1.08_k1.10_r0.95
0.07658767415385341,0.09260143470136874,9.19052089846241,0.06308495998382568,110.0,0.027527064085006714,25599723691.77937,110.0,54.41540424763655,0.3384758968413853,-0.5351759548374635,1.0,35.1273923892441,17.64,1.8,3.08,5.5440000000000005,66.5,-0.3656843490898609,1.0,0.12415574491024017,0.0,0.0,1.0,0.037224844098091125,refine_coarse_b18_wc2_k3.5_r70_b0.98_wc0.90_k0.88_r0.95
0.07598646387808117,0.09116234594879256,9.11837566536974,0.06840944290161133,111.0,0.03202099601427714,25608946270.126644,111.0,78.58280675551471,0.33951398733132415,-0.5528336430973965,1.0,35.12746652401761,18.0,1.96,3.08,6.0368,70.0,-0.32045063376426697,1.0,0.13750800490379333,0.0,0.0,1.0,0.042885015408198036,refine_coarse_b18_wc2_k3.5_r70_b1.00_wc0.98_k0.88_r1.00
0.07826734249782134,0.0940295162898732,9.392081099738562,0.06151103973388672,110.0,0.027275264263153076,25576907550.467827,110.0,31.962463891806724,0.33223332175903497,-0.5093503815946108,1.0,35.12760017077639,17.64,1.8,3.08,5.5440000000000005,59.5,-0.3590834178030491,1.0,0.11593127250671387,0.0,0.0,1.0,0.035851543148358665,refine_coarse_b18_wc2_k3.5_r70_b0.98_wc0.90_k0.88_r0.85
0.0783322641063459,0.09457701975462475,9.399871692761508,0.054497361183166504,109.0,0.030724356571833294,25571209073.69626,109.0,67.40897863051471,0.3292798063892734,-0.5365991357868957,1.0,35.12770316129871,18.0,1.8,3.5,6.3,70.0,-0.22148619033396244,1.0,0.11687963455915451,0.0,0.0,1.0,0.03476243714491526,refine_coarse_b18_wc2_k3.5_r70_b1.00_wc0.90_k1.00_r1.00
0.06634248859177015,0.08012285327421656,7.961098631012419,0.07558214664459229,116.0,0.05812373757362366,25724933774.748287,116.0,150.38693621980042,0.3744604093690157,-0.5979028220485525,1.0,35.12775651835662,29.89,3.15,3.5,11.025,78.4,-0.2052320670336485,1.0,0.11045356839895248,0.0,0.0,1.0,0.059476559360822044,refine_coarse_b30.5_wc3.5_k3.5_r70_b0.98_wc0.90_k1.00_r1.12
0.06254365627969302,0.07746280244954051,7.505238753563162,0.11632239818572998,119.0,0.1097312072912852,25588942925.565357,119.0,47.096339121586134,0.3408224557699331,-0.5366491964647395,1.0,35.12799242500279,45.0,3.15,6.499999999999999,20.474999999999998,78.4,-0.07860434455824361,1.0,0.2688401937484741,0.0,0.125,1.0,0.08115000526110332,refine_coarse_b45_wc3.5_k6.5_r70_b1.00_wc0.90_k1.00_r1.12
0.05474459220587467,0.06912517967937132,6.569351064704961,0.1391615867614746,119.0,0.12589036424954733,25806243241.699852,119.0,51.71259519432773,0.37207001506057713,-0.4876655105350912,1.0,35.12814260063344,44.1,3.7800000000000002,6.24,23.587200000000003,59.5,-0.11832463042810559,1.0,0.5246197581291199,0.0,0.0,1.0,0.08312531809012096,refine_coarse_b45_wc3.5_k6.5_r70_b0.98_wc1.08_k0.96_r0.85
0.05430225985860299,0.06816679255087603,6.516271183032359,0.13725721836090088,119.0,0.1206854780515035,25844270154.4451,119.0,57.000767299107146,0.3796886664099828,-0.47038992957290887,1.0,35.12818598451009,40.5,3.7800000000000002,6.24,23.587200000000003,59.5,-0.3694799623917788,1.0,0.5576158165931702,0.0,0.0,1.0,0.0867161105076472,refine_coarse_b45_wc3.5_k6.5_r70_b0.90_wc1.08_k0.96_r0.85
0.05307496343276815,0.06777564298700202,6.368995611932178,0.14330816268920898,119.0,0.12462361653645833,25833852523.50883,119.0,66.38906167935924,0.37838763509183404,-0.4717503298642238,1.0,35.12818696612148,40.5,3.7800000000000002,6.5,24.57,66.5,-0.4245138415135443,1.0,0.5967304706573486,0.0,0.0,1.0,0.08979917565981548,refine_coarse_b45_wc3.5_k6.5_r70_b0.90_wc1.08_k1.00_r0.95
0.054021795116127196,0.06846501727854964,6.482615413935264,0.14141559600830078,119.0,0.12581861019134521,25814664451.883163,119.0,55.629813058035715,0.3748553221476464,-0.4793658000925494,1.0,35.128348744550436,45.0,3.7800000000000002,7.15,27.027000000000005,59.5,-0.3371594527270645,1.0,0.5586838126182556,0.0,0.0,1.0,0.08869958917299907,refine_coarse_b45_wc3.5_k6.5_r70_b1.00_wc1.08_k1.10_r0.85
0.0644170977324374,0.07928229037812763,7.730051727892487,0.10716640949249268,119.0,0.1005431314309438,25551856181.38669,119.0,83.71012916885505,0.34112803569892425,-0.5577369158917667,1.0,35.12844967947492,44.1,3.15,5.719999999999999,18.017999999999997,78.4,-0.15090428665280342,1.0,0.21664661169052124,0.0,0.0,1.0,0.08185806373755138,refine_coarse_b45_wc3.5_k6.5_r70_b0.98_wc0.90_k0.88_r1.12
0.06631981641777619,0.07977148223019967,7.958377970133142,0.11640298366546631,119.0,0.09944720069567363,25535094632.232178,119.0,53.7867770154937,0.33722935557887157,-0.5428798362878431,1.0,35.129220389679375,32.940000000000005,3.15,3.36,10.584,70.0,-0.29218888841569424,1.0,0.23269866406917572,0.0,0.0,1.0,0.09074955681959788,refine_coarse_b30.5_wc3.5_k3.5_r70_b1.08_wc0.90_k0.96_r1.00
0.05476742659325093,0.06929917836533178,6.572091191190111,0.1417614221572876,119.0,0.1283861299355825,25827087006.4964,119.0,63.69716304490546,0.37623050207223807,-0.4993192782276062,1.0,35.12939426743458,48.6,3.7800000000000002,7.15,27.027000000000005,66.5,-0.14191037439741194,1.0,0.5373460054397583,0.0,0.0,1.0,0.0850787212451299,refine_coarse_b45_wc3.5_k6.5_r70_b1.08_wc1.08_k1.10_r0.95
0.079897443466308,0.09448644137045024,9.58769321595696,0.06943380832672119,112.0,0.034847408533096313,25556188655.699005,112.0,29.981080127363445,0.33051810320426966,-0.5130052578695833,1.0,35.129460230307046,18.0,1.8,3.08,5.5440000000000005,59.5,-0.3732967972755432,1.0,0.16713717579841614,0.0,0.0,1.0,0.041703601678212486,refine_coarse_b18_wc2_k3.5_r70_b1.00_wc0.90_k0.88_r0.85
0.055672348386434575,0.06884257753428558,6.680681806372149,0.13688194751739502,119.0,0.12297006448109944,25872521714.632767,119.0,93.71130678834034,0.38512670502526375,-0.5126116040495504,1.0,35.12980039808538,29.89,3.7800000000000002,3.5,13.23,66.5,-0.05545848759356886,1.0,0.49676576256752014,0.0,0.0,1.0,0.0815320611000061,refine_coarse_b30.5_wc3.5_k3.5_r70_b0.98_wc1.08_k1.00_r0.95
0.05482356621099029,0.0690103120342852,6.578827945318835,0.1413792371749878,119.0,0.12798663973808289,25847200967.15843,119.0,68.67821855304622,0.38175242799385994,-0.49950879477200416,1.0,35.13017859861944,44.1,3.7800000000000002,6.5,24.57,66.5,-0.2255535307340324,1.0,0.5475220084190369,0.0,0.0,1.0,0.0871901164452235,refine_coarse_b45_wc3.5_k6.5_r70_b0.98_wc1.08_k1.00_r0.95
0.055210382895694465,0.06981525077805524,6.625245947483336,0.14356207847595215,119.0,0.13026471932729086,25821867224.334076,119.0,52.49150636817227,0.37638012380713365,-0.4729699411127406,1.0,35.13022163308634,48.6,3.7800000000000002,7.15,27.027000000000005,59.5,-0.1265988911036402,1.0,0.5237155556678772,0.0,0.0,1.0,0.08668751021226247,refine_coarse_b45_wc3.5_k6.5_r70_b1.08_wc1.08_k1.10_r0.85
0.05598417407430247,0.07196327149551647,6.718100888916297,0.1395329236984253,119.0,0.127232035001119,25778795450.39376,119.0,72.60478761817227,0.3707045479891806,-0.4967217723243373,1.0,35.130271357668605,40.5,3.4299999999999997,6.5,22.294999999999998,70.0,-0.11611903016455472,1.0,0.4868709146976471,0.0,0.0,1.0,0.08379422624905904,refine_coarse_b45_wc3.5_k6.5_r70_b0.90_wc0.98_k1.00_r1.00
0.0764050593417456,0.09029407513981356,9.168607121009472,0.08388411998748779,115.0,0.05188113451004028,25571316369.344646,115.0,68.00148946297269,0.3384642469434284,-0.5603140604526364,1.0,35.13034986163895,19.44,2.0,3.08,6.16,70.0,-0.3545464612543583,1.0,0.1670045554637909,0.0,0.0,1.0,0.056309089064598083,refine_coarse_b18_wc2_k3.5_r70_b1.08_wc1.00_k0.88_r1.00
0.06764921234108859,0.07864591067745016,8.11790548093063,0.09230709075927734,119.0,0.0809403657913208,25695869807.760414,119.0,103.17731584821429,0.36911709260293346,-0.5505096271383716,1.0,35.130366818921985,48.6,3.5,5.72,20.02,78.4,-0.2048638192936778,1.0,0.16983750462532043,0.0,0.0,1.0,0.076113760471344,refine_coarse_b45_wc3.5_k6.5_r70_b1.08_wc1.00_k0.88_r1.12
0.0837262673650135,0.0950226194399404,10.04715208380162,0.07467103004455566,115.0,0.05374897519747416,25467326068.98527,115.0,41.74082523634454,0.31082679399558827,-0.5355279927442905,1.0,35.13049581982118,19.44,1.8,3.36,6.048,66.5,-0.28648954443633556,1.0,0.16460689902305603,0.0,0.0,1.0,0.04961390793323517,refine_coarse_b18_wc2_k3.5_r70_b1.08_wc0.90_k0.96_r0.95
0.055892182069190235,0.0732767992718361,6.707061848302828,0.1489262580871582,119.0,0.13544355829556784,25728882445.39039,119.0,59.40005416228992,0.3586745041247566,-0.5059356895185604,1.0,35.130533675198954,45.0,3.4299999999999997,7.15,24.5245,70.0,-0.05503975332248956,1.0,0.48825350403785706,0.0,0.0,1.0,0.0870798130830129,refine_coarse_b45_wc3.5_k6.5_r70_b1.00_wc0.98_k1.10_r1.00
0.0568063384057325,0.0708431039380912,6.8167606086879005,0.13767564296722412,119.0,0.12460607290267944,25830139234.69608,119.0,62.5995642397584,0.37936562494281234,-0.5068389845950405,1.0,35.130756284505196,27.45,3.5,3.5,12.25,59.5,-0.07828143006190658,1.0,0.4970703125,0.0,0.0,1.0,0.08303689459959666,refine_coarse_b30.5_wc3.5_k3.5_r70_b0.90_wc1.00_k1.00_r0.85
0.05622778193739085,0.07032395656040977,6.747333832486902,0.13890528678894043,119.0,0.12504939238230386,25843519437.879745,119.0,65.75617532169117,0.3818059919869905,-0.48841587039503265,1.0,35.130966589093454,27.45,3.5,3.8500000000000005,13.475000000000001,59.5,-0.2669165370753035,1.0,0.5535580515861511,0.0,0.0,1.0,0.08678245544433594,refine_coarse_b30.5_wc3.5_k3.5_r70_b0.90_wc1.00_k1.10_r0.85
0.05549450816926272,0.07010167341496508,6.659340980311526,0.1444147825241089,119.0,0.13102747003237405,25834188974.024555,119.0,57.54079815519958,0.37964492050148885,-0.5008938691696831,1.0,35.131170996057065,40.5,3.7800000000000002,5.72,21.6216,59.5,-0.15208711834566202,1.0,0.5354887247085571,0.0,0.0,1.0,0.08770798146724701,refine_coarse_b45_wc3.5_k6.5_r70_b0.90_wc1.08_k0.88_r0.85
0.05609741836756067,0.07096449952324378,6.731690204107281,0.14594924449920654,119.0,0.13301358620325723,25803362923.8973,119.0,81.46147501969538,0.3739839193084382,-0.5028179607970142,1.0,35.131400360430085,27.45,3.4299999999999997,3.8500000000000005,13.2055,66.5,-0.207265661098063,1.0,0.5320755839347839,0.0,0.0,1.0,0.09032691518465678,refine_coarse_b30.5_wc3.5_k3.5_r70_b0.90_wc0.98_k1.10_r0.95
0.0782912818931114,0.09487656548980211,9.394953827173367,0.06160593032836914,117.0,0.054409305254618325,25540104403.91117,117.0,141.28071248030463,0.32904474710692966,-0.6309721498708721,1.0,35.1315476980114,19.44,1.96,3.8500000000000005,7.546000000000001,78.4,-0.10651442408561707,1.0,0.08854616433382034,0.0,0.0,1.0,0.04670788844426473,refine_coarse_b18_wc2_k3.5_r70_b1.08_wc0.98_k1.10_r1.12
0.05532035714430208,0.06918531041452812,6.6384428573162495,0.1427377462387085,119.0,0.12881076335906982,25893014305.56069,119.0,91.78220194327731,0.38930199220339623,-0.484636734482289,1.0,35.131857630933176,29.89,3.7800000000000002,3.8500000000000005,14.553000000000003,66.5,-0.2621872964082286,1.0,0.5562704801559448,0.0,0.0,1.0,0.08892132341861725,refine_coarse_b30.5_wc3.5_k3.5_r70_b0.98_wc1.08_k1.10_r0.95
0.07307464903616581,0.09240536917977409,8.768957884339898,0.05571174621582031,105.0,0.015403578678766886,25857109955.580803,105.0,235.40936433167016,0.38870760422243533,-0.6779028801535257,1.0,35.13252272714651,17.64,2.16,3.08,6.652800000000001,78.4,-0.19712478015571833,1.0,0.2110474705696106,0.0,0.0,1.0,0.032798439264297485,refine_coarse_b18_wc2_k3.5_r70_b0.98_wc1.08_k0.88_r1.12
0.08351241142880213,0.09472143717033962,10.021489371456255,0.0813446044921875,117.0,0.06299554308255513,25473598924.665184,117.0,23.485372078518907,0.315286768933603,-0.5044956208782457,1.0,35.132534618939346,19.44,1.8,3.36,6.048,59.5,-0.27993074618279934,1.0,0.19570770859718323,0.0,0.0,1.0,0.05512228608131409,refine_coarse_b18_wc2_k3.5_r70_b1.08_wc0.90_k0.96_r0.85
0.0822003162717749,0.09615088126042337,9.864037952612989,0.07074272632598877,114.0,0.04659013946851095,25539588690.979794,114.0,68.72810120141807,0.3281104972460279,-0.5554134095351647,1.0,35.1325660188816,18.0,1.8,3.36,6.048,70.0,-0.2720114979892969,1.0,0.13213394582271576,0.0,0.0,1.0,0.04823211828867594,refine_coarse_b18_wc2_k3.5_r70_b1.00_wc0.90_k0.96_r1.00
0.08115872473363007,0.09897454238739184,9.739046968035609,0.04809689521789551,83.0,0.03919841845830282,25571203519.550343,83.0,153.43162831538865,0.3333829478640349,-0.63506719800037,1.0,35.13282604716818,17.64,1.8,3.8500000000000005,6.9300000000000015,78.4,-0.09522486012428999,1.0,0.0882505252957344,0.0,0.0,1.0,0.03523261845111847,refine_coarse_b18_wc2_k3.5_r70_b0.98_wc0.90_k1.10_r1.12
0.0678104238297673,0.08164338704251188,8.137250859572077,0.1118016242980957,119.0,0.10455598433812459,25584355485.667038,119.0,86.9238486410189,0.35129339483606564,-0.5659636128069305,1.0,35.1334132033645,48.6,3.15,6.499999999999999,20.474999999999998,78.4,-0.16601647553034127,1.0,0.20504041016101837,0.0,0.0,1.0,0.088015615940094,refine_coarse_b45_wc3.5_k6.5_r70_b1.08_wc0.90_k1.00_r1.12
0.07631555509584777,0.09598910124729634,9.157866611501731,0.05231833457946777,105.0,0.016742706298828125,25789144981.383842,105.0,215.32059151785714,0.37565219475483214,-0.6652031675722451,1.0,35.133569413390035,17.64,1.96,3.4999999999999996,6.859999999999999,78.4,-0.21779248025268316,1.0,0.21196575462818146,0.0,0.0,1.0,0.03124011556307475,refine_coarse_b18_wc2_k3.5_r70_b0.98_wc0.98_k1.00_r1.12
0.05498975147148902,0.07032798012492283,6.598770176578682,0.15329110622406006,119.0,0.13545297582944235,25871784362.274216,119.0,72.79948053440125,0.38895851411160814,-0.47887801693400683,1.0,35.13386936926241,40.5,3.7800000000000002,6.24,23.587200000000003,66.5,-0.3984405769733712,1.0,0.6176267266273499,0.0,0.0,1.0,0.0958081732193629,refine_coarse_b45_wc3.5_k6.5_r70_b0.90_wc1.08_k0.96_r0.95
0.06722306344634603,0.08200143901955279,8.066767613561524,0.12998664379119873,119.0,0.1175086001555125,25507373912.294205,119.0,32.49453863576681,0.33808733495717336,-0.5210464565895994,1.0,35.133963514932745,48.6,3.15,5.719999999999999,18.017999999999997,70.0,-0.2617151280865073,1.0,0.27412182092666626,0.0,0.0,1.0,0.09916273752848308,refine_coarse_b45_wc3.5_k6.5_r70_b1.08_wc0.90_k0.88_r1.00
0.056580749701983755,0.07221986051796807,6.78968996423805,0.15600848197937012,119.0,0.14079155524571738,25827475191.96829,119.0,87.49696362920169,0.3774441142882898,-0.5099825314414423,1.0,35.13410023771047,27.45,3.5,3.5,12.25,66.5,-0.05600667680846527,1.0,0.5407868027687073,0.0,0.0,1.0,0.09170371294021606,refine_coarse_b30.5_wc3.5_k3.5_r70_b0.90_wc1.00_k1.00_r0.95
0.055586436107385374,0.07017061370479312,6.670372332886245,0.14874684810638428,119.0,0.13055982192357382,25928219278.32259,119.0,72.74646714154412,0.3970837011396197,-0.4772303520231818,1.0,35.134426963120944,44.1,3.7800000000000002,7.15,27.027000000000005,66.5,-0.409131589345634,1.0,0.5975433588027954,0.0,0.0,1.0,0.09382824103037517,refine_coarse_b45_wc3.5_k6.5_r70_b0.98_wc1.08_k1.10_r0.95
0.07814974678297518,0.09513591031412626,9.37796961395702,0.05776655673980713,119.0,0.02837243676185608,25741357703.763004,119.0,94.06834706538865,0.3701305460170662,-0.5817616454128672,1.0,35.134519096458746,16.2,1.8,3.08,5.5440000000000005,70.0,-0.44766608998179436,1.0,0.22485850751399994,0.0,0.0,1.0,0.0378695676724116,refine_coarse_b18_wc2_k3.5_r70_b0.90_wc0.90_k0.88_r1.00
0.08236358506866472,0.09718060769134679,9.883630208239765,0.07073390483856201,113.0,0.04219218095143636,25585614392.326042,113.0,73.42095177914916,0.33987088690741385,-0.5650110471979498,1.0,35.13456822293637,17.64,1.8,3.36,6.048,70.0,-0.28925030678510666,1.0,0.1172463446855545,0.0,0.0,1.0,0.04734875758488973,refine_coarse_b18_wc2_k3.5_r70_b0.98_wc0.90_k0.96_r1.00
0.07956818913521412,0.09267001503140933,9.548182696225695,0.09202373027801514,116.0,0.05992077787717184,25563388040.249893,116.0,70.79251739758404,0.3421015967662397,-0.5566604033236019,1.0,35.13477602954282,19.44,1.96,3.08,6.0368,70.0,-0.3804223947227001,1.0,0.19285175204277039,0.0,0.0,1.0,0.06253620982170105,refine_coarse_b18_wc2_k3.5_r70_b1.08_wc0.98_k0.88_r1.00
0.07066589094773121,0.08341958559840981,8.479906913727746,0.08540797233581543,119.0,0.07707173625628154,25735339946.244804,119.0,159.80208196559875,0.37842332373878673,-0.6215522044200061,1.0,35.13493205370149,27.45,3.15,3.08,9.702,78.4,-0.1464631576091051,1.0,0.11175934225320816,0.0,0.0,1.0,0.0734298825263977,refine_coarse_b30.5_wc3.5_k3.5_r70_b0.90_wc0.90_k0.88_r1.12
0.08146849573633025,0.09550995766683139,9.77621948835963,0.08104121685028076,115.0,0.05162425835927328,25563737017.485954,115.0,51.16962234112395,0.3414068138741036,-0.5381006259978408,1.0,35.135199072337926,18.0,1.8,3.08,5.5440000000000005,66.5,-0.35354378819465637,1.0,0.17065662145614624,0.0,0.0,1.0,0.05316617091496786,refine_coarse_b18_wc2_k3.5_r70_b1.00_wc0.90_k0.88_r0.95
0.05754247733914895,0.07437440522863781,6.905097280697873,0.15369093418121338,119.0,0.13928619027137756,25827146825.12516,119.0,71.56549944196429,0.3786011392299657,-0.48962030661196143,1.0,35.135567540274366,45.0,3.5,7.15,25.025000000000002,70.0,-0.0702517016325146,1.0,0.5359845757484436,0.0,0.0,1.0,0.08970730503400166,refine_coarse_b45_wc3.5_k6.5_r70_b1.00_wc1.00_k1.10_r1.00
0.07784354452069048,0.09590900660392654,9.341225342482858,0.0634390115737915,110.0,0.03094219168027242,25735415415.443764,110.0,209.74059956013656,0.3700738386211031,-0.6544732733230805,1.0,35.13564465852208,18.0,2.0,3.36,6.72,78.4,-0.22746366448700428,1.0,0.1459474414587021,0.0,0.0,1.0,0.04283034304777781,refine_coarse_b18_wc2_k3.5_r70_b1.00_wc1.00_k0.96_r1.12
0.05717331659708596,0.072098263895862,6.8607979916503155,0.154046893119812,119.0,0.13771402835845947,25903304741.489475,119.0,67.72784680278362,0.39009150561080347,-0.49744939575659425,1.0,35.135677863027254,29.89,3.7800000000000002,3.5,13.23,59.5,-0.052849001600407064,1.0,0.5870999693870544,0.0,0.0,1.0,0.08980924884478252,refine_coarse_b30.5_wc3.5_k3.5_r70_b0.98_wc1.08_k1.00_r0.85
0.07890707171057443,0.09659738591532446,9.468848605268931,0.05651664733886719,110.0,0.03720514973004659,25703274840.351574,110.0,193.95175042673318,0.36256795501766464,-0.6649918787339517,1.0,35.13577470007945,17.64,1.96,3.36,6.5855999999999995,78.4,-0.13049793150275946,1.0,0.11843961477279663,0.0,0.0,1.0,0.04284360011418661,refine_coarse_b18_wc2_k3.5_r70_b0.98_wc0.98_k0.96_r1.12
0.058135135017844654,0.0729343536700929,6.976216202141359,0.14859437942504883,119.0,0.13521399100621542,25869808553.531845,119.0,67.17423844537815,0.3881020801702868,-0.48032687513854355,1.0,35.13585527550991,27.45,3.4299999999999997,3.8500000000000005,13.2055,59.5,-0.20225427579134703,1.0,0.5572530627250671,0.0,0.0,1.0,0.09180266658465068,refine_coarse_b30.5_wc3.5_k3.5_r70_b0.90_wc0.98_k1.10_r0.85
0.057456402243919534,0.0741709592023983,6.894768269270344,0.15322017669677734,119.0,0.1388305127620697,25842428947.408203,119.0,81.5586594012605,0.38238339135783667,-0.5038873385310857,1.0,35.13596593620326,40.5,3.5,6.24,21.84,70.0,-0.07907712808810174,1.0,0.5403808355331421,0.0,0.0,1.0,0.08987258871396382,refine_coarse_b45_wc3.5_k6.5_r70_b0.90_wc1.00_k0.96_r1.00
0.07922403522856977,0.09557171735127767,9.506884227428372,0.0832359790802002,114.0,0.04788673917452494,25628843510.99321,114.0,201.99721392463235,0.3546321995057134,-0.671140289373831,1.0,35.13649359051766,19.44,2.0,3.5,7.0,78.4,-0.3560335487127304,1.0,0.1433037966489792,0.0,0.0,1.0,0.05528445541858673,refine_coarse_b18_wc2_k3.5_r70_b1.08_wc1.00_k1.00_r1.12
0.0712563459050197,0.08364951693960866,8.550761508602363,0.08873569965362549,117.0,0.06270663936932881,25804434038.15145,117.0,192.25428784795167,0.3990247290121391,-0.6366699101809381,1.0,35.13662418096847,30.5,3.4299999999999997,3.08,10.5644,78.4,-0.2778531778603792,1.0,0.12416449189186096,0.0,0.0,1.0,0.06930463512738545,refine_coarse_b30.5_wc3.5_k3.5_r70_b1.00_wc0.98_k0.88_r1.12
0.05731622703158905,0.0743202813254542,6.877947243790686,0.15310239791870117,119.0,0.13921509186426798,25841444427.068264,119.0,78.31008731617646,0.384720242450943,-0.48992877902908255,1.0,35.13668765880752,40.5,3.4299999999999997,7.15,24.5245,70.0,-0.237586424453184,1.0,0.5672227144241333,0.0,0.0,1.0,0.09395445386568706,refine_coarse_b45_wc3.5_k6.5_r70_b0.90_wc0.98_k1.10_r1.00
0.0788773415240011,0.09640100342898691,9.465280982880131,0.054082632064819336,109.0,0.04096250732739767,25725902725.033268,109.0,187.3476111147584,0.36617836571670487,-0.6495784356940596,1.0,35.136715860471895,17.64,2.0,3.36,6.72,78.4,-0.0641022864729166,1.0,0.09025219827890396,0.0,0.0,1.0,0.04442204535007477,refine_coarse_b18_wc2_k3.5_r70_b0.98_wc1.00_k0.96_r1.12
0.05608821298887771,0.07126411620402977,6.730585558665325,0.15444493293762207,119.0,0.13702993591626486,25924848242.158577,119.0,77.3534951089811,0.4001678665839058,-0.47029645771111045,1.0,35.13674103484937,45.0,3.7800000000000002,7.15,27.027000000000005,66.5,-0.37687854608520865,1.0,0.6439173221588135,0.0,0.0,1.0,0.095493679245313,refine_coarse_b45_wc3.5_k6.5_r70_b1.00_wc1.08_k1.10_r0.95
0.0866149114355854,0.09755830433959868,10.393789372270248,0.08587932586669922,119.0,0.07444869478543599,25445372384.33882,119.0,51.26127970719538,0.3153728353347237,-0.5675944939645132,1.0,35.13695032940883,19.44,1.8,3.5,6.3,70.0,-0.2108428282663226,1.0,0.1989956498146057,0.0,0.0,1.0,0.06036598980426788,refine_coarse_b18_wc2_k3.5_r70_b1.08_wc0.90_k1.00_r1.00
0.07012272288858602,0.08375401852461263,8.414726746630322,0.11621880531311035,119.0,0.10400225718816121,25599776408.86634,119.0,103.87143431591386,0.36109563642192993,-0.5851444467739452,1.0,35.13722083238187,48.6,3.15,6.24,19.656,78.4,-0.24127479922026396,1.0,0.2203090339899063,0.0,0.0,1.0,0.09243848423163097,refine_coarse_b45_wc3.5_k6.5_r70_b1.08_wc0.90_k0.96_r1.12
0.06956064529193214,0.08413783742848482,8.347277435031856,0.12127423286437988,119.0,0.0998919705549876,25599302628.98223,119.0,114.35797170430672,0.3662436726388675,-0.5887277838102914,1.0,35.13770175533767,48.6,3.15,5.719999999999999,18.017999999999997,78.4,-0.3298884052783251,1.0,0.23139174282550812,0.0,0.0,1.0,0.09160280227661133,refine_coarse_b45_wc3.5_k6.5_r70_b1.08_wc0.90_k0.88_r1.12
0.06908481548799918,0.08396146879401621,8.2901778585599,0.12552738189697266,119.0,0.11773493885993958,25578040358.225025,119.0,85.54890608587185,0.3529954652367766,-0.5706294130540919,1.0,35.13788992865628,45.0,3.15,5.719999999999999,18.017999999999997,78.4,-0.1790474777808413,1.0,0.25699830055236816,0.0,0.0,1.0,0.09690711895624797,refine_coarse_b45_wc3.5_k6.5_r70_b1.00_wc0.90_k0.88_r1.12
0.05801054011591494,0.07416932872570371,6.961264813909793,0.15075254440307617,119.0,0.13625292976697287,25905343929.217148,119.0,83.9255145417542,0.39750995097835573,-0.4892342669609686,1.0,35.13840408617911,40.5,3.5,7.15,25.025000000000002,70.0,-0.2914521344937384,1.0,0.5754139423370361,0.0,0.0,1.0,0.0937647670507431,refine_coarse_b45_wc3.5_k6.5_r70_b0.90_wc1.00_k1.10_r1.00
0.05781745414769641,0.07576378827528352,6.938094497723569,0.16338133811950684,119.0,0.14799979329109192,25841876942.303093,119.0,73.53583327862395,0.3811323625336039,-0.49864336143197485,1.0,35.13849591870533,44.1,3.5,7.15,25.025000000000002,70.0,-0.07889850600622594,1.0,0.5788797736167908,0.0,0.0,1.0,0.09509469072024028,refine_coarse_b45_wc3.5_k6.5_r70_b0.98_wc1.00_k1.10_r1.00
0.07102452251497009,0.08479585082158675,8.52294270179641,0.10594964027404785,119.0,0.10033723711967468,25674990716.026833,119.0,129.36550518644958,0.3710761378272244,-0.5925766440669975,1.0,35.13866603325538,29.89,3.15,3.36,10.584,78.4,-0.13077882712241262,1.0,0.18847832083702087,0.0,0.0,1.0,0.0856429139773051,refine_coarse_b30.5_wc3.5_k3.5_r70_b0.98_wc0.90_k0.96_r1.12
0.07009466803815295,0.08440453975964683,8.411360164578355,0.1343744993209839,119.0,0.1174187461535136,25542895121.431023,119.0,53.51818950236345,0.35116367612260335,-0.5474408617450048,1.0,35.13866733418891,32.940000000000005,3.15,3.08,9.702,70.0,-0.3201240189373493,1.0,0.2812444567680359,0.0,0.0,1.0,0.10332987705866496,refine_coarse_b30.5_wc3.5_k3.5_r70_b1.08_wc0.90_k0.88_r1.00
0.07159915669538464,0.08351377460269697,8.591898803446156,0.08477628231048584,119.0,0.08152620991071065,25842519373.952103,119.0,117.30811367515756,0.39778394295101493,-0.5652072729487375,1.0,35.13869863121162,30.5,3.4299999999999997,3.36,11.524799999999999,78.4,-0.061692226328887045,1.0,0.14766064286231995,0.0,0.0,1.0,0.07083063820997874,refine_coarse_b30.5_wc3.5_k3.5_r70_b1.00_wc0.98_k0.96_r1.12
0.07090420884323786,0.08300023592799158,8.508505061188544,0.11647891998291016,119.0,0.10766895612080891,25678168610.933846,119.0,87.92760717568277,0.3713904975401621,-0.5643254316757061,1.0,35.139042020690916,48.6,3.4299999999999997,5.72,19.6196,78.4,-0.2028397829271853,1.0,0.24850115180015564,0.0,0.0,1.0,0.09257246553897858,refine_coarse_b45_wc3.5_k6.5_r70_b1.08_wc0.98_k0.88_r1.12
0.07281919793055257,0.08420633944591052,8.738303751666308,0.0826956033706665,119.0,0.06889151533444722,25849908018.302776,119.0,159.45468011423318,0.4055676654765255,-0.6061325011903576,1.0,35.13913013112324,32.940000000000005,3.5,3.5,12.25,78.4,-0.18763685412704945,1.0,0.10108402371406555,0.0,0.0,1.0,0.07055445512135823,refine_coarse_b30.5_wc3.5_k3.5_r70_b1.08_wc1.00_k1.00_r1.12
0.05811316288459049,0.07328431592760973,6.973579546150859,0.1573348045349121,119.0,0.1422323783238729,25925165939.348846,119.0,96.52045447085084,0.3994386617235635,-0.49155091809941154,1.0,35.13923998375923,27.45,3.5,3.8500000000000005,13.475000000000001,66.5,-0.27763490623328835,1.0,0.6051797270774841,0.0,0.0,1.0,0.09739561875661214,refine_coarse_b30.5_wc3.5_k3.5_r70_b0.90_wc1.00_k1.10_r0.95
0.07287789167763965,0.08477087077482778,8.745347001316759,0.09039342403411865,119.0,0.07264980673789978,25806094278.971504,119.0,171.5856461725315,0.3995749548467372,-0.6278660284521307,1.0,35.13943111255408,32.940000000000005,3.4299999999999997,3.5,12.004999999999999,78.4,-0.22114997543394566,1.0,0.11768849939107895,0.0,0.0,1.0,0.07519284387429555,refine_coarse_b30.5_wc3.5_k3.5_r70_b1.08_wc0.98_k1.00_r1.12
0.07134355840098389,0.08478906228875431,8.561227008118067,0.10707652568817139,119.0,0.10156814257303874,25687651977.93344,119.0,116.6714523700105,0.3742541675519807,-0.5898379657528682,1.0,35.139452585452105,32.940000000000005,3.15,3.8500000000000005,12.127500000000001,78.4,-0.12594040323165245,1.0,0.18669810891151428,0.0,0.0,1.0,0.08612985412279765,refine_coarse_b30.5_wc3.5_k3.5_r70_b1.08_wc0.90_k1.10_r1.12
0.05863887064274233,0.07298113844664389,7.036664477129079,0.1534045934677124,119.0,0.13863577445348105,25996744894.23651,119.0,85.38563960740547,0.40992476574344866,-0.4872575510464267,1.0,35.14010976453855,27.45,3.7800000000000002,3.36,12.700800000000001,59.5,-0.1749089852673933,1.0,0.5954971313476562,0.0,0.0,1.0,0.09338812530040741,refine_coarse_b30.5_wc3.5_k3.5_r70_b0.90_wc1.08_k0.96_r0.85
0.05843500735240734,0.07345617403739663,7.01220088228888,0.15798914432525635,119.0,0.14275322357813516,25972020545.158173,119.0,77.32385356486344,0.4045219475202975,-0.48632189388860947,1.0,35.1401713798795,30.5,3.7800000000000002,3.8500000000000005,14.553000000000003,59.5,-0.15595137455966324,1.0,0.600862443447113,0.0,0.0,1.0,0.09487584233283997,refine_coarse_b30.5_wc3.5_k3.5_r70_b1.00_wc1.08_k1.10_r0.85
0.08339188291094123,0.10190441326921255,10.007025949312947,0.058193206787109375,108.0,0.02389145890871684,25755290243.70398,108.0,225.8523380055147,0.37354161828632226,-0.6814829924266473,1.0,35.14019425713613,16.2,1.8,3.5,6.3,78.4,-0.2009903434664011,1.0,0.17170630395412445,0.0,0.0,1.0,0.0372658371925354,refine_coarse_b18_wc2_k3.5_r70_b0.90_wc0.90_k1.00_r1.12
0.07349305021261708,0.08568294704733691,8.81916602551405,0.09170949459075928,114.0,0.049189597368240356,25923749412.996502,114.0,208.51988002232142,0.42510981132568804,-0.6414802657675774,1.0,35.140895218768904,32.940000000000005,3.5,3.36,11.76,78.4,-0.34883657842874527,1.0,0.10078682005405426,0.0,0.0,1.0,0.06558889150619507,refine_coarse_b30.5_wc3.5_k3.5_r70_b1.08_wc1.00_k0.96_r1.12
0.05866383421002676,0.07375712290070134,7.039660105203211,0.15868735313415527,119.0,0.1437604327996572,25976873399.26155,119.0,80.1696797859769,0.40785757803327655,-0.4862780649268875,1.0,35.14123587913686,29.89,3.7800000000000002,3.8500000000000005,14.553000000000003,59.5,-0.23101177206262946,1.0,0.618182897567749,0.0,0.0,1.0,0.0972736229499181,refine_coarse_b30.5_wc3.5_k3.5_r70_b0.98_wc1.08_k1.10_r0.85
0.07328522227322955,0.08565473882894414,8.794226672787545,0.10285043716430664,119.0,0.07790806889533997,25779659417.39072,119.0,185.669790572479,0.4000905888083179,-0.6354285614279503,1.0,35.141438632003215,32.940000000000005,3.4299999999999997,3.36,11.524799999999999,78.4,-0.31926971673965454,1.0,0.16645637154579163,0.0,0.0,1.0,0.08141459027926128,refine_coarse_b30.5_wc3.5_k3.5_r70_b1.08_wc0.98_k0.96_r1.12
0.059067588180837065,0.07718222394955357,7.088110581700448,0.16964805126190186,119.0,0.15379875898361206,25901900893.40199,119.0,87.47432625393908,0.39355774719270625,-0.5095028867656861,1.0,35.142789341399144,40.5,3.5,6.5,22.75,70.0,-0.09511638712137938,1.0,0.6105843782424927,0.0,0.0,1.0,0.09928331275780995,refine_coarse_b45_wc3.5_k6.5_r70_b0.90_wc1.00_k1.00_r1.00
0.08816813989286061,0.09805836935161868,10.580176787143273,0.10545992851257324,119.0,0.08945825695991516,25474558559.09504,119.0,21.70369534532563,0.33000622550214226,-0.5215945491126863,1.0,35.14296659132201,19.44,1.8,3.08,5.5440000000000005,59.5,-0.30170690454542637,1.0,0.2608496844768524,0.0,0.125,1.0,0.07300397257010142,refine_coarse_b18_wc2_k3.5_r70_b1.08_wc0.90_k0.88_r0.85
0.05892411337567675,0.07314888984596464,7.07089360508121,0.15680992603302002,119.0,0.13331867257754007,26098782917.072426,119.0,90.03566094406513,0.42967494713080223,-0.4728542307984767,1.0,35.14316635521057,27.45,3.7800000000000002,3.8500000000000005,14.553000000000003,59.5,-0.5210738498717546,1.0,0.6684754490852356,0.0,0.0,1.0,0.09813784559567769,refine_coarse_b30.5_wc3.5_k3.5_r70_b0.90_wc1.08_k1.10_r0.85
0.08544053382523202,0.10259327182190958,10.252864059027843,0.07561218738555908,111.0,0.03214538097381592,25744655246.15508,111.0,233.1459919905462,0.38073814497157893,-0.6887355944152673,1.0,35.14417954485762,17.64,1.8,3.5,6.3,78.4,-0.4628742039203644,1.0,0.1854303777217865,0.0,0.0,1.0,0.045957078536351524,refine_coarse_b18_wc2_k3.5_r70_b0.98_wc0.90_k1.00_r1.12
0.07973099591470714,0.09605591338556249,9.567719509764856,0.10057497024536133,116.0,0.06517781813939412,25703798684.53025,116.0,231.75123506433823,0.3793629984170981,-0.6908442967112735,1.0,35.14442621171557,19.44,2.16,3.08,6.652800000000001,78.4,-0.3639570362865925,1.0,0.15127001702785492,0.0,0.0,1.0,0.07382260262966156,refine_coarse_b18_wc2_k3.5_r70_b1.08_wc1.08_k0.88_r1.12
0.07454689050676393,0.08767768299856059,8.945626860811672,0.11236894130706787,119.0,0.10305938124656677,25710800621.34686,119.0,156.47657070640756,0.3852598818100609,-0.6088255002127898,1.0,35.14456941720559,30.5,3.15,3.36,10.584,78.4,-0.19768951833248138,1.0,0.1953558325767517,0.0,0.0,1.0,0.0926221360762914,refine_coarse_b30.5_wc3.5_k3.5_r70_b1.00_wc0.90_k0.96_r1.12
0.08465778574116598,0.09926121539540925,10.158934288939918,0.09569156169891357,115.0,0.05449137091636658,25654383456.83553,115.0,79.88145433954831,0.3725124573855953,-0.578071569574255,1.0,35.14457202939212,17.64,1.8,3.08,5.5440000000000005,70.0,-0.4529317766427994,1.0,0.20634979009628296,0.0,0.0,1.0,0.06198239326477051,refine_coarse_b18_wc2_k3.5_r70_b0.98_wc0.90_k0.88_r1.00
0.07548362888710282,0.0867422844728975,9.058035466452338,0.09268712997436523,119.0,0.08680204550425212,25857872988.20736,119.0,157.68516527704833,0.40752200572888236,-0.6199029499052621,1.0,35.14475003017634,30.5,3.5,3.0800000000000005,10.780000000000001,78.4,-0.13750679744407535,1.0,0.14990267157554626,0.0,0.0,1.0,0.08126034835974376,refine_coarse_b30.5_wc3.5_k3.5_r70_b1.00_wc1.00_k0.88_r1.12
0.0752100621636733,0.08809105904707347,9.025207459640797,0.11424458026885986,118.0,0.0800235668818156,25785422636.41109,118.0,214.77149258140756,0.4064042248056149,-0.6637730476218152,1.0,35.14533199160031,29.89,3.15,3.08,9.702,78.4,-0.39981384202837944,1.0,0.19220106303691864,0.0,0.0,1.0,0.08711012204488118,refine_coarse_b30.5_wc3.5_k3.5_r70_b0.98_wc0.90_k0.88_r1.12
0.07447256532956506,0.08862571012819742,8.936707839547807,0.12175631523132324,119.0,0.10182787974675496,25675319703.578423,119.0,183.1811482405462,0.3860172279999217,-0.6424758718303653,1.0,35.145510338953784,30.5,3.15,3.08,9.702,78.4,-0.31694111600518227,1.0,0.2291451245546341,0.0,0.0,1.0,0.09582824011643727,refine_coarse_b30.5_wc3.5_k3.5_r70_b1.00_wc0.90_k0.88_r1.12
0.08049480866005183,0.10007444434595326,9.65937703920622,0.06457269191741943,106.0,0.020791510740915935,26016909753.5817,106.0,281.2055171678046,0.42119175701308964,-0.727064469553909,1.0,35.14572681819733,16.2,2.0,3.08,6.16,78.4,-0.24845349323004484,1.0,0.3022392690181732,0.0,0.0,1.0,0.038555209835370384,refine_coarse_b18_wc2_k3.5_r70_b0.90_wc1.00_k0.88_r1.12
0.08457994735538818,0.10028770716670485,10.149593682646582,0.0863645076751709,117.0,0.06554196278254192,25670324785.316307,117.0,214.04123309480042,0.3691065723758925,-0.6885006842709207,1.0,35.14613477088301,18.0,1.96,3.36,6.5855999999999995,78.4,-0.2294143158942461,1.0,0.10676288604736328,0.0,0.0,1.0,0.06750633319218953,refine_coarse_b18_wc2_k3.5_r70_b1.00_wc0.98_k0.96_r1.12
0.07437624384774419,0.0888969516377709,8.925149261729302,0.12648093700408936,119.0,0.11624846855799358,25648999362.585625,119.0,139.8981502757353,0.37567375738173586,-0.5952338576218796,1.0,35.14616406924924,32.940000000000005,3.15,3.5,11.025,78.4,-0.22788430377840996,1.0,0.24983271956443787,0.0,0.0,1.0,0.10141443212827046,refine_coarse_b30.5_wc3.5_k3.5_r70_b1.08_wc0.90_k1.00_r1.12
0.07480008057661015,0.08901458232672092,8.976009669193218,0.1261279582977295,119.0,0.0978114902973175,25697812335.360886,119.0,187.6183405002626,0.39331157568792197,-0.6468843463502825,1.0,35.14665246678757,32.940000000000005,3.15,3.36,10.584,78.4,-0.39063894748687744,1.0,0.23078656196594238,0.0,0.125,1.0,0.09642047186692555,refine_coarse_b30.5_wc3.5_k3.5_r70_b1.08_wc0.90_k0.96_r1.12
0.05995049649359127,0.0751076010265576,7.194059579230952,0.16637158393859863,119.0,0.1489455302556356,26063519666.10998,119.0,117.92315930278362,0.4281288025221381,-0.504936172130201,1.0,35.14676480069499,27.45,3.7800000000000002,3.5,13.23,66.5,-0.3499124103691429,1.0,0.7024038434028625,0.0,0.0,1.0,0.10245347519715627,refine_coarse_b30.5_wc3.5_k3.5_r70_b0.90_wc1.08_k1.00_r0.95
0.06183035501924792,0.07801156534403035,7.41964260230975,0.16346418857574463,119.0,0.1476448674996694,26033092572.539524,119.0,131.69468470982142,0.4184957143306875,-0.5491206310039324,1.0,35.146987634821706,27.45,3.4299999999999997,3.8500000000000005,13.2055,70.0,-0.08007345465011895,1.0,0.5860768556594849,0.0,0.0,1.0,0.09630439678827922,refine_coarse_b30.5_wc3.5_k3.5_r70_b0.90_wc0.98_k1.10_r1.00
0.08653780283734515,0.1047527086205435,10.384536340481418,0.07104194164276123,109.0,0.025551627079645794,25832713169.553802,109.0,266.4315544577206,0.39531255050617603,-0.7154884021261024,1.0,35.14715987568395,16.2,1.8,3.36,6.048,78.4,-0.36445585265755653,1.0,0.23728065192699432,0.0,0.0,1.0,0.043686275680859886,refine_coarse_b18_wc2_k3.5_r70_b0.90_wc0.90_k0.96_r1.12
0.08256552881408842,0.09981804611163882,9.90786345769061,0.09279918670654297,114.0,0.048115551471710205,25777296723.9375,114.0,258.19405281643907,0.3948179904493047,-0.7078497002258556,1.0,35.14723790879784,17.64,2.0,3.08,6.16,78.4,-0.39814166352152824,1.0,0.13388954102993011,0.0,0.0,1.0,0.06377497812112172,refine_coarse_b18_wc2_k3.5_r70_b0.98_wc1.00_k0.88_r1.12
0.08961864175193833,0.10095246390452632,10.7542370102326,0.10643339157104492,119.0,0.08767672379811604,25513812388.800045,119.0,58.042903098739494,0.343164214756708,-0.5525876860804267,1.0,35.147266200188945,19.44,1.8,3.36,6.048,70.0,-0.31156630255281925,1.0,0.2310718446969986,0.0,0.125,1.0,0.07565887769063313,refine_coarse_b18_wc2_k3.5_r70_b1.08_wc0.90_k0.96_r1.00
0.07463243228042415,0.08877578026440426,8.955891873650899,0.129838228225708,119.0,0.12402776877085368,25698800637.566696,119.0,115.17630646008404,0.37746699947889223,-0.5882107393956991,1.0,35.147372052942174,30.5,3.15,3.5,11.025,78.4,-0.05797034106217325,1.0,0.24602827429771423,0.0,0.125,1.0,0.10027016202608745,refine_coarse_b30.5_wc3.5_k3.5_r70_b1.00_wc0.90_k1.00_r1.12
0.08418341836692396,0.10009550577475798,10.102010204030876,0.10417377948760986,115.0,0.05970612168312073,25688489726.91091,115.0,227.42774668461135,0.3820164860205091,-0.6790865629154195,1.0,35.147692232751666,19.44,1.96,3.36,6.5855999999999995,78.4,-0.4752754867076874,1.0,0.21290451288223267,0.0,0.0,1.0,0.06854129334290822,refine_coarse_b18_wc2_k3.5_r70_b1.08_wc0.98_k0.96_r1.12
0.08752106917710496,0.10126548882052705,10.502528301252596,0.10278522968292236,115.0,0.058941155672073364,25655299412.256313,115.0,76.9390551142332,0.3764005251474945,-0.5614677750884369,1.0,35.14813319859173,18.0,1.8,3.08,5.5440000000000005,70.0,-0.509346678853035,1.0,0.2524252235889435,0.0,0.0,1.0,0.06591642896334331,refine_coarse_b18_wc2_k3.5_r70_b1.00_wc0.90_k0.88_r1.00
0.07710982800044613,0.08927856626675078,9.253179360053537,0.11709463596343994,119.0,0.09120370944341023,25798030069.21633,119.0,205.79874195772058,0.41367698360047206,-0.6746894278685158,1.0,35.1495032720548,32.940000000000005,3.5,3.0800000000000005,10.780000000000001,78.4,-0.3538474179804325,1.0,0.19778050482273102,0.0,0.0,1.0,0.0930280735095342,refine_coarse_b30.5_wc3.5_k3.5_r70_b1.08_wc1.00_k0.88_r1.12
0.08571409474525164,0.10081745151082612,10.285691369430197,0.10815393924713135,119.0,0.10141702493031819,25552051950.18083,119.0,163.06268464417016,0.352175795500469,-0.6441484860084625,1.0,35.14983116638537,19.44,1.96,3.4999999999999996,6.859999999999999,78.4,-0.14571767952293158,1.0,0.18726353347301483,0.0,0.0,1.0,0.08468315005302429,refine_coarse_b18_wc2_k3.5_r70_b1.08_wc0.98_k1.00_r1.12
0.062424186848009336,0.07865920274555116,7.49090242176112,0.1691133975982666,119.0,0.15149330099423727,26092395489.521782,119.0,146.39787125787817,0.4289052383810563,-0.5552039492591161,1.0,35.14994171651579,27.45,3.5,3.8500000000000005,13.475000000000001,70.0,-0.0829988771583885,1.0,0.6700000762939453,0.0,0.0,1.0,0.09871902068456014,refine_coarse_b30.5_wc3.5_k3.5_r70_b0.90_wc1.00_k1.10_r1.00
0.0899889016657634,0.10383481183112513,10.798668199891608,0.10050129890441895,119.0,0.09568374355634053,25511647311.359188,119.0,152.13991924894958,0.34169797471388286,-0.6376847369497332,1.0,35.14994448417833,19.44,1.8,3.8500000000000005,6.9300000000000015,78.4,-0.10720352199859917,1.0,0.14753860235214233,0.0,0.0,1.0,0.07782073815663655,refine_coarse_b18_wc2_k3.5_r70_b1.08_wc0.90_k1.10_r1.12
0.060460060023295153,0.07559516283525268,7.255207202795418,0.1690446138381958,119.0,0.1451220909754435,26139427208.33989,119.0,113.95653476234244,0.4470043318969128,-0.4960505603026972,1.0,35.149993470060174,27.45,3.7800000000000002,3.8500000000000005,14.553000000000003,66.5,-0.5480650523677468,1.0,0.7421417832374573,0.0,0.0,1.0,0.10527698695659637,refine_coarse_b30.5_wc3.5_k3.5_r70_b0.90_wc1.08_k1.10_r0.95
0.07914832038845626,0.08960118935959363,9.497798446614752,0.09822452068328857,119.0,0.06999078392982483,26020861265.49221,119.0,189.44115595456933,0.4434354497687255,-0.6374284770219105,1.0,35.151031897989355,32.940000000000005,3.7800000000000002,3.08,11.6424,78.4,-0.19457179866731167,1.0,0.10326690971851349,0.0,0.0,1.0,0.07559037208557129,refine_coarse_b30.5_wc3.5_k3.5_r70_b1.08_wc1.08_k0.88_r1.12
0.09077602818080284,0.10097015058157914,10.893123381696341,0.11991679668426514,119.0,0.10194206237792969,25511591714.229603,119.0,39.10338021927521,0.34964265881214746,-0.5391995696611578,1.0,35.15108578580076,19.44,1.8,3.08,5.5440000000000005,66.5,-0.33809613436460495,1.0,0.2971995174884796,0.0,0.0,1.0,0.08381364246209462,refine_coarse_b18_wc2_k3.5_r70_b1.08_wc0.90_k0.88_r0.95
0.08977009099964069,0.10507806111145711,10.772410919956883,0.09469544887542725,116.0,0.06234582265218099,25661811811.58151,116.0,217.08279854910714,0.3760984242134236,-0.6935780651438422,1.0,35.15134885884868,18.0,1.8,3.5,6.3,78.4,-0.3720616027712822,1.0,0.17722731828689575,0.0,0.0,1.0,0.06579042971134186,refine_coarse_b18_wc2_k3.5_r70_b1.00_wc0.90_k1.00_r1.12
0.08702000527489986,0.10168038917176377,10.442400632987983,0.10999619960784912,119.0,0.10033395886421204,25563131305.36779,119.0,183.10170611213235,0.3556921515219007,-0.6613354481996782,1.0,35.15136834216529,19.44,2.0,3.36,6.72,78.4,-0.1834039343520999,1.0,0.16959409415721893,0.0,0.0,1.0,0.08761422832806905,refine_coarse_b18_wc2_k3.5_r70_b1.08_wc1.00_k0.96_r1.12
0.07744325643776809,0.09028119494980452,9.29319077253217,0.1264568567276001,119.0,0.10776721437772115,25751700801.682648,119.0,183.48014459690125,0.40384647652992367,-0.6246166363624592,1.0,35.151369386031334,32.940000000000005,3.4299999999999997,3.08,10.5644,78.4,-0.3334775026887655,1.0,0.2630235552787781,0.0,0.0,1.0,0.10195734600226085,refine_coarse_b30.5_wc3.5_k3.5_r70_b1.08_wc0.98_k0.88_r1.12
0.06171071631835237,0.07753725911226278,7.405285958202285,0.17358756065368652,119.0,0.15649561087290445,26116938332.71444,119.0,97.1096170890231,0.436643803419084,-0.4878838799500589,1.0,35.15139430534382,27.45,3.7800000000000002,3.5,13.23,59.5,-0.27827273309230804,1.0,0.726340115070343,0.0,0.0,1.0,0.10585575799147288,refine_coarse_b30.5_wc3.5_k3.5_r70_b0.90_wc1.08_k1.00_r0.85
0.08352133566072363,0.10137077151390517,10.022560279286836,0.1011970043182373,113.0,0.04215288162231445,25862780132.6044,113.0,292.19992039784665,0.4179700990487353,-0.7366558501190009,1.0,35.15159090798482,17.64,1.96,3.08,6.0368,78.4,-0.5740040391683578,1.0,0.18396404385566711,0.0,0.0,1.0,0.0630078415075938,refine_coarse_b18_wc2_k3.5_r70_b0.98_wc0.98_k0.88_r1.12
0.08208954437936693,0.10041931206259103,9.85074532552403,0.07193863391876221,119.0,0.040207227071126304,26078673655.691433,119.0,322.455078125,0.43441850846210484,-0.7550216509778799,1.0,35.15171479040559,16.2,1.96,3.08,6.0368,78.4,-0.460063673555851,1.0,0.38511890172958374,0.0,0.0,1.0,0.051207552353541054,refine_coarse_b18_wc2_k3.5_r70_b0.90_wc0.98_k0.88_r1.12
0.06275809177168222,0.07808382770338879,7.530971012601867,0.1655898094177246,119.0,0.1491928199927012,26172805350.711025,119.0,116.64070296087185,0.4445122968784098,-0.49898719304776445,1.0,35.1518390202687,45.0,3.7800000000000002,7.15,27.027000000000005,70.0,-0.2170836729928851,1.0,0.6961403489112854,0.0,0.0,1.0,0.09918783108393352,refine_coarse_b45_wc3.5_k6.5_r70_b1.00_wc1.08_k1.10_r1.00
0.08402483473619024,0.10172572120617772,10.082980168342829,0.10594141483306885,114.0,0.04726673165957133,25833011708.090553,114.0,281.2841796875,0.415990194699959,-0.7328433533261794,1.0,35.15251483090188,18.0,1.96,3.08,6.0368,78.4,-0.589782252907753,1.0,0.20362432301044464,0.0,0.0,1.0,0.0659091720978419,refine_coarse_b18_wc2_k3.5_r70_b1.00_wc0.98_k0.88_r1.12
0.08349813689825586,0.1009728345576075,10.019776427790703,0.10355210304260254,113.0,0.046142250299453735,25872551020.185963,113.0,281.0248366924895,0.42323583324437736,-0.7465066208765656,1.0,35.152845058095195,18.0,2.0,3.08,6.16,78.4,-0.6617268845438957,1.0,0.2314329743385315,0.0,0.0,1.0,0.0654498040676117,refine_coarse_b18_wc2_k3.5_r70_b1.00_wc1.00_k0.88_r1.12
0.0883891817386162,0.10463540400068909,10.606701808633943,0.09964489936828613,114.0,0.050518304109573364,25750520292.144573,114.0,235.48021024816177,0.4002610587817379,-0.6972340197483544,1.0,35.152972549119056,18.0,1.8,3.36,6.048,78.4,-0.576401811093092,1.0,0.243718221783638,0.0,0.0,1.0,0.06112907826900482,refine_coarse_b18_wc2_k3.5_r70_b1.00_wc0.90_k0.96_r1.12
0.06246209595214888,0.07795186129837539,7.495451514257866,0.16860365867614746,119.0,0.1433021624883016,26247528137.93371,119.0,117.51023749343487,0.46087491000787695,-0.4495740432296383,1.0,35.15402726594519,40.5,3.7800000000000002,7.15,27.027000000000005,70.0,-0.5637228842824697,1.0,0.7125765085220337,0.0,0.0,1.0,0.1054919461409251,refine_coarse_b45_wc3.5_k6.5_r70_b0.90_wc1.08_k1.10_r1.00
0.06307052784177168,0.07941110863359499,7.5684633410126025,0.17446327209472656,119.0,0.15732208887736002,26177715871.71369,119.0,125.59574005383404,0.4461364760975633,-0.5194046442830315,1.0,35.154494363282446,40.5,3.7800000000000002,6.24,23.587200000000003,70.0,-0.2318807882256806,1.0,0.729544997215271,0.0,0.0,1.0,0.10438449184099834,refine_coarse_b45_wc3.5_k6.5_r70_b0.90_wc1.08_k0.96_r1.00
0.06247419222980284,0.07929383715613104,7.496903067576341,0.18678200244903564,119.0,0.16805346806844076,26170146413.04774,119.0,137.72823660714286,0.44128826367433505,-0.5452668474928415,1.0,35.15539011825254,27.45,3.7800000000000002,3.36,12.700800000000001,66.5,-0.13232461363077164,1.0,0.7491697669029236,0.0,0.0,1.0,0.11050832271575928,refine_coarse_b30.5_wc3.5_k3.5_r70_b0.90_wc1.08_k0.96_r0.95
0.0646562107401659,0.08416094715435571,7.7587452888199095,0.1862543821334839,119.0,0.16741015513737997,26119094824.64331,119.0,182.25194081538865,0.4325581155079235,-0.5542652218263658,1.0,35.15734118770028,40.5,3.4299999999999997,7.15,24.5245,78.4,-0.057054367614910007,1.0,0.6877844929695129,0.0,0.0,1.0,0.1063977877298991,refine_coarse_b45_wc3.5_k6.5_r70_b0.90_wc0.98_k1.10_r1.12
0.06375123036477627,0.08074572126186995,7.650147643773153,0.18122148513793945,119.0,0.16390403111775717,26221388521.485115,119.0,130.89424812893907,0.4515432531868933,-0.49881038574711734,1.0,35.15759102288082,40.5,3.7800000000000002,6.5,24.57,70.0,-0.2595326052978635,1.0,0.731992781162262,0.0,0.0,1.0,0.10897521177927653,refine_coarse_b45_wc3.5_k6.5_r70_b0.90_wc1.08_k1.00_r1.00
0.0871218107674224,0.1037515339181504,10.454617292090688,0.12582409381866455,116.0,0.07257858912150066,25793710537.855606,116.0,250.2446124934349,0.4189712047171887,-0.7149733586211007,1.0,35.15952641175721,19.44,2.0,3.08,6.16,78.4,-0.6210325136780739,1.0,0.2829652428627014,0.0,0.0,1.0,0.08253931999206543,refine_coarse_b18_wc2_k3.5_r70_b1.08_wc1.00_k0.88_r1.12
0.09232075500182381,0.10766728226430872,11.078490600218856,0.11045527458190918,118.0,0.08179880181948344,25690448551.983143,118.0,225.74419396664916,0.3932190584959305,-0.703602060591206,1.0,35.15991484403814,17.64,1.8,3.36,6.048,78.4,-0.3861190415918827,1.0,0.22904790937900543,0.0,0.0,1.0,0.08007135490576427,refine_coarse_b18_wc2_k3.5_r70_b0.98_wc0.90_k0.96_r1.12
0.09533051199289844,0.10835575445866837,11.439661439147812,0.11985838413238525,119.0,0.10318718353907268,25550941279.065147,119.0,171.5417911305147,0.3668174330083111,-0.6590849044126271,1.0,35.16000546541099,19.44,1.8,3.5,6.3,78.4,-0.31017907336354256,1.0,0.27479287981987,0.0,0.0,1.0,0.0856889287630717,refine_coarse_b18_wc2_k3.5_r70_b1.08_wc0.90_k1.00_r1.12
0.09500795812438317,0.10625042846374425,11.40095497492598,0.13327062129974365,119.0,0.11430040995279948,25561770459.468777,119.0,55.312430245535715,0.37361191125788623,-0.5576936091026105,1.0,35.16174216108165,19.44,1.8,3.08,5.5440000000000005,70.0,-0.3626320492476225,1.0,0.32384809851646423,0.0,0.0,1.0,0.09367259343465169,refine_coarse_b18_wc2_k3.5_r70_b1.08_wc0.90_k0.88_r1.00
0.06524433780218525,0.08256322803434686,7.82932053626223,0.18900656700134277,119.0,0.17038649320602417,26290821479.631603,119.0,131.64263967305672,0.4616257787928857,-0.5205642851319039,1.0,35.16187350141087,44.1,3.7800000000000002,7.15,27.027000000000005,70.0,-0.2038222225382924,1.0,0.7689231634140015,0.0,0.0,1.0,0.11204629639784495,refine_coarse_b45_wc3.5_k6.5_r70_b0.98_wc1.08_k1.10_r1.00
0.09192982018845632,0.10804828092961002,11.031578422614757,0.14631295204162598,119.0,0.12540568908055624,25647435143.615032,119.0,203.85816455488447,0.40035803081317034,-0.6881582050255872,1.0,35.1688485600064,19.44,1.96,3.08,6.0368,78.4,-0.3839044068008661,1.0,0.32164502143859863,0.0,0.0,1.0,0.10839309295018514,refine_coarse_b18_wc2_k3.5_r70_b1.08_wc0.98_k0.88_r1.12
0.09279983189206291,0.11029025444358749,11.13597982704755,0.11796343326568604,119.0,0.05255153775215149,26031353823.061905,119.0,326.89435891544116,0.4699534035480805,-0.7806694155480589,1.0,35.17032574315584,16.2,1.8,3.08,5.5440000000000005,78.4,-0.8088518381118774,1.0,0.25980478525161743,0.0,0.0,1.0,0.07489885886510213,refine_coarse_b18_wc2_k3.5_r70_b0.90_wc0.90_k0.88_r1.12
0.09576525392612704,0.11147029541722467,11.491830471135245,0.1353623867034912,117.0,0.08185760180155437,25842822140.27739,117.0,244.01628151260505,0.4400862815158239,-0.7016343260144069,1.0,35.17167118121971,17.64,1.8,3.08,5.5440000000000005,78.4,-0.6982890516519547,1.0,0.38148602843284607,0.0,0.0,1.0,0.08711944023768108,refine_coarse_b18_wc2_k3.5_r70_b0.98_wc0.90_k0.88_r1.12
0.08569670485967246,0.10231303829240924,10.283604583160695,0.17366290092468262,119.0,0.15919784704844156,25701063483.968105,119.0,171.18151752888656,0.41798325345042564,-0.6392472274322621,1.0,35.17261744955731,32.940000000000005,3.15,3.08,9.702,78.4,-0.3211614564061165,1.0,0.34638577699661255,0.0,0.0,1.0,0.13569244742393494,refine_coarse_b30.5_wc3.5_k3.5_r70_b1.08_wc0.90_k0.88_r1.12
0.10024031558608044,0.11390673112744674,12.028837870329653,0.14842724800109863,119.0,0.13907327254613241,25553794237.722626,119.0,160.55314059217437,0.38449949399675554,-0.6458475160107575,1.0,35.17385009680763,19.44,1.8,3.36,6.048,78.4,-0.21149093215353787,1.0,0.2913828492164612,0.0,0.0,1.0,0.10749925673007965,refine_coarse_b18_wc2_k3.5_r70_b1.08_wc0.90_k0.96_r1.12
0.08258394201691885,0.09681897528397476,9.910073042030263,0.1873178482055664,119.0,0.1670904060204824,26204352698.45835,119.0,140.57149832589286,0.4677697205324981,-0.551296477910035,1.0,35.17626458886763,16.2,2.16,3.850000000000001,8.316000000000003,66.5,-0.06966009025927633,1.0,0.7110642790794373,0.0,0.0,1.0,0.11546940108140309,refine_coarse_b18_wc2_k3.5_r70_b0.90_wc1.08_k1.10_r0.95
0.10114584881505947,0.115753041774366,12.137501857807138,0.15561223030090332,119.0,0.13282979528109232,25704522124.868492,119.0,167.43118106617646,0.4284134561769072,-0.6422084638411102,1.0,35.181569845075344,19.44,1.8,3.08,5.5440000000000005,78.4,-0.4498736225068569,1.0,0.4209021031856537,0.0,0.0,1.0,0.10553183158238728,refine_coarse_b18_wc2_k3.5_r70_b1.08_wc0.90_k0.88_r1.12
0.1026021206247132,0.11749505658244656,12.312254474965584,0.15663361549377441,119.0,0.1298601528008779,25735782729.713814,119.0,213.52153361344537,0.430327436350863,-0.6960187248288219,1.0,35.18340274878987,18.0,1.8,3.08,5.5440000000000005,78.4,-0.47937261685729027,1.0,0.39054518938064575,0.0,0.0,1.0,0.11168310046195984,refine_coarse_b18_wc2_k3.5_r70_b1.00_wc0.90_k0.88_r1.12
0.09339075312124313,0.12636585772331005,11.206890374549175,0.4556868076324463,119.0,0.292564461628596,28457009122.380753,119.0,490.31037454044116,0.7425398932004257,-0.7817604351307329,1.0,37.26597619378923,40.5,3.7800000000000002,6.5,24.57,78.4,1.4383896514773369,0.0,0.8122566342353821,1.0,0.0,1.0,0.17554166416327158,refine_coarse_b45_wc3.5_k6.5_r70_b0.90_wc1.08_k1.00_r1.12
0.07072009728361195,0.08810638170191483,8.486411674033434,0.20278608798980713,119.0,0.18329933285713196,26578746841.783142,119.0,204.9686145942752,0.5078222000808534,-0.5456825644418224,1.0,41.176675233016944,27.45,3.7800000000000002,3.8500000000000005,14.553000000000003,70.0,-0.2901407154276967,1.0,0.8200949430465698,0.0,0.0,1.0,0.12227724989255269,refine_coarse_b30.5_wc3.5_k3.5_r70_b0.90_wc1.08_k1.10_r1.00
0.20085297008855793,0.2713147130735095,24.102356410626953,0.6893244981765747,119.0,0.25879022975762683,28143745782.16918,119.0,360.23747702205884,1.3304777893307036,-0.7737195752126662,0.0,43.482928908888816,40.5,3.7800000000000002,7.15,27.027000000000005,78.4,0.25941088679246604,0.0,1.2997978925704956,1.0,1.0,1.0,0.20146436244249344,refine_coarse_b45_wc3.5_k6.5_r70_b0.90_wc1.08_k1.10_r1.12
