time,axis,backend,x,y,z,vx,vy,vz,roll,pitch,yaw,target_x,target_y,target_z,target_vx,target_vy,target_vz,rpm0,rpm1,rpm2,rpm3,reward,disturbance_x,disturbance_y,disturbance_z,x_b0,x_omega_c,x_k,x_r,y_b0,y_omega_c,y_k,y_r,z_b0,z_omega_c,z_k,z_r
0.0,x,gym_env,0.0,0.0,1.0,0.0,0.0,0.0,0.0,-0.0,0.0,0.0,0.0,1.0,0.5,0.0,0.0,14468.4287109375,14468.4287109375,14468.4287109375,14468.4287109375,-0.1,0.0,0.0,0.0,25.211785608902574,2.8852204859256747,7.061343003064394,65.21286727488041,30.5,1.5,11.0,10.0,300.0,15.0,7.333333333333333,30.0
0.020833333333333332,x,gym_env,0.0,0.0,1.0,0.0,0.0,-1.3332407178268113e-08,0.0,-0.0,0.0,0.010416666977107525,0.0,1.0,0.5,0.0,0.0,14038.8291015625,14898.029296875,14898.029296875,14038.8291015625,-0.11037068348377943,0.0,0.0,0.0,25.211785608902574,2.8852204859256747,7.061343003064394,65.21286727488041,30.5,1.5,11.0,10.0,300.0,15.0,7.333333333333333,30.0
0.041666666666666664,x,gym_env,1.393427965012961e-06,-2.2894487798747387e-22,1.0000022649765015,0.00022294015798252076,-4.3957043372967054e-20,0.00017964669677894562,2.1512492394521185e-18,0.008181506767868996,1.0172525001509352e-20,0.02083333395421505,0.0,1.0,0.5,0.0,0.0,14045.3671875,14904.5673828125,14904.5673828125,14045.3671875,-0.12026745527982713,0.0,0.0,0.0,24.9722119520884,2.851164400577545,7.1387407425791025,65.42850837111473,30.5,1.5,11.0,10.0,300.0,15.0,7.333333333333333,30.0
0.0625,x,gym_env,3.0664967198390514e-05,-7.28444408761963e-21,1.000010371208191,0.0026760846376419067,-6.3772942060726465e-19,0.000526627991348505,5.917639348856397e-18,0.029986543580889702,9.855336779512211e-20,0.03125,0.0,1.0,0.5,0.0,0.0,14123.9169921875,14983.1171875,14983.1171875,14123.9169921875,-0.12903556413948536,0.0,0.0,0.0,24.9722119520884,2.851164400577545,7.1387407425791025,65.42850837111473,30.5,1.5,11.0,10.0,300.0,15.0,7.333333333333333,30.0
0.08333333333333333,x,gym_env,0.00016996068006847054,-3.6077230384907415e-20,1.0000523328781128,0.010222378186881542,-1.9595455829995853e-18,0.0029677210841327906,8.88824593342317e-18,0.06542821228504181,3.5836860746187455e-19,0.0416666679084301,0.0,1.0,0.5,0.0,0.0,14155.6591796875,15014.859375,15014.859375,14155.6591796875,-0.13596466630697251,0.0,0.0,0.0,24.846585932187736,2.8797505438327793,7.0878993310034275,65.2181096971035,30.5,1.5,11.0,10.0,300.0,15.0,7.333333333333333,30.0
0.10416666666666666,x,gym_env,0.0005609570071101189,-1.005325912811113e-19,1.0001513957977295,0.02570522204041481,-3.942347348921099e-18,0.005858834367245436,1.2969943850647708e-17,0.11450528353452682,8.877812083971579e-19,0.0520833320915699,0.0,1.0,0.5,0.0,0.0,14503.98046875,14996.494140625,14996.494140625,14503.98046875,-0.14020330980420115,0.0,0.0,0.0,24.846585932187736,2.8797505438327793,7.0878993310034275,65.2181096971035,30.5,1.5,11.0,10.0,300.0,15.0,7.333333333333333,30.0
0.125,x,gym_env,0.0014096494996920228,-2.1745800237255415e-19,1.0003557205200195,0.052351873368024826,-6.8493445715631564e-18,0.012230543419718742,1.68664542266951e-17,0.17370407283306122,1.7977589813515637e-18,0.0625,0.0,1.0,0.5,0.0,0.0,15235.314453125,14376.115234375,14376.115234375,15235.314453125,-0.14119788259267807,0.0,0.0,0.0,25.216519122943282,2.919714725017548,6.839832905679941,65.0008766502142,30.5,1.5,11.0,10.0,300.0,15.0,7.333333333333333,30.0
0.14583333333333331,x,gym_env,0.002971297362819314,-4.0490131677892127e-19,1.0006906986236572,0.09165408462285995,-1.0517593216805621e-17,0.018346279859542847,2.191244456044823e-17,0.22752927243709564,2.8247289408448304e-18,0.0729166641831398,0.0,1.0,0.5,0.0,0.0,15300.240234375,14441.0400390625,14441.0400390625,15300.240234375,-0.13901668339967727,0.0,0.0,0.0,25.216519122943282,2.919714725017548,6.839832905679941,65.0008766502142,30.5,1.5,11.0,10.0,300.0,15.0,7.333333333333333,30.0
0.16666666666666666,x,gym_env,0.005495102144777775,-6.8126409134229535e-19,1.0011475086212158,0.14202439785003662,-1.5209024161516473e-17,0.02401488833129406,2.484315870561341e-17,0.26722630858421326,3.810325187254573e-18,0.0833333358168602,0.0,1.0,0.5,0.0,0.0,15259.40234375,14400.2021484375,14400.2021484375,15259.40234375,-0.13422342985868455,0.0,0.0,0.0,25.374619979411364,2.926093924045563,6.8613662496209145,65.62120355665684,30.5,1.5,11.0,10.0,300.0,15.0,7.333333333333333,30.0
0.1875,x,gym_env,0.009165018796920776,-1.0617681036948772e-18,1.0016822814941406,0.19972442090511322,-2.035083344306652e-17,0.026544149965047836,2.879920954215237e-17,0.29285165667533875,4.5023858467470636e-18,0.09375,0.0,1.0,0.5,0.0,0.0,14972.4150390625,14467.826171875,14467.826171875,14972.4150390625,-0.1274218499660492,0.0,0.0,0.0,25.374619979411364,2.926093924045563,6.8613662496209145,65.62120355665684,30.5,1.5,11.0,10.0,300.0,15.0,7.333333333333333,30.0
0.20833333333333331,x,gym_env,0.014088568277657032,-1.5595401673206064e-18,1.0022120475769043,0.26119789481163025,-2.6478774363677787e-17,0.02453680895268917,3.540697973813217e-17,0.3079592287540436,5.0229765147506806e-18,0.1041666641831398,0.0,1.0,0.5,0.0,0.0,14400.5390625,14947.984375,14947.984375,14400.5390625,-0.1188041776418686,0.0,0.0,0.0,25.571529541164637,2.9272279977798465,6.896541766822338,65.8513534963131,30.5,1.5,11.0,10.0,300.0,15.0,7.333333333333333,30.0
0.22916666666666666,x,gym_env,0.020325351506471634,-2.200479100403365e-18,1.0026724338531494,0.3251856565475464,-3.369846796140594e-17,0.020353589206933975,3.7230476237448166e-17,0.32507479190826416,5.697862836775039e-18,0.1145833358168602,0.0,1.0,0.5,0.0,0.0,15002.1123046875,14142.912109375,14142.912109375,15002.1123046875,-0.10834085643291473,0.0,0.0,0.0,25.571529541164637,2.9272279977798465,6.896541766822338,65.8513534963131,30.5,1.5,11.0,10.0,300.0,15.0,7.333333333333333,30.0
0.25,x,gym_env,0.02792484313249588,-2.9937746727534642e-18,1.002998948097229,0.3915881812572479,-4.099412817222974e-17,0.012402229011058807,3.7395505387097396e-17,0.3374471962451935,6.20522275088087e-18,0.125,0.0,1.0,0.5,0.0,0.0,14963.7353515625,14104.53515625,14104.53515625,14963.7353515625,-0.09618650376796722,0.0,0.0,0.0,25.437204089015722,2.87519788146019,6.901930324733257,65.91936928033829,30.5,1.5,11.0,10.0,300.0,15.0,7.333333333333333,30.0
0.2708333333333333,x,gym_env,0.03693006932735443,-3.936990113683899e-18,1.0031373500823975,0.4594171345233917,-4.8029795590360773e-17,0.002782326890155673,3.2545139959490606e-17,0.33609455823898315,6.174373049935705e-18,0.1354166716337204,0.0,1.0,0.5,0.0,0.0,14901.025390625,14041.8251953125,14041.8251953125,14901.025390625,-0.09323480725288391,0.0,0.0,0.0,25.437204089015722,2.87519788146019,6.901930324733257,65.91936928033829,30.5,1.5,11.0,10.0,300.0,15.0,7.333333333333333,30.0
0.29166666666666663,x,gym_env,0.04733426868915558,-5.013997882791724e-18,1.003056526184082,0.5257620215415955,-5.400916329242894e-17,-0.008224784396588802,2.970295068348085e-17,0.32108429074287415,5.699759148329317e-18,0.1458333283662796,0.0,1.0,0.5,0.0,0.0,14858.826171875,13999.6259765625,13999.6259765625,14858.826171875,-0.10439538955688477,0.0,0.0,0.0,25.303938763216138,2.789315646141768,7.098269527778029,65.55519361793995,30.5,1.5,11.0,10.0,300.0,15.0,7.333333333333333,30.0
0.3125,x,gym_env,0.059076085686683655,-6.209303232842594e-18,1.0027453899383545,0.5881907343864441,-5.96350502489736e-17,-0.01919528841972351,3.1044975126731785e-17,0.29249027371406555,4.800960824751142e-18,0.15625,0.0,1.0,0.5,0.0,0.0,14895.4677734375,14036.267578125,14036.267578125,14895.4677734375,-0.11314496546983718,0.0,0.0,0.0,25.303938763216138,2.789315646141768,7.098269527778029,65.55519361793995,30.5,1.5,11.0,10.0,300.0,15.0,7.333333333333333,30.0
0.3333333333333333,x,gym_env,0.07204931229352951,-7.526992022472217e-18,1.002240777015686,0.6447213888168335,-6.574931787405936e-17,-0.02728588692843914,3.3889768367309855e-17,0.2503487169742584,3.3743693647806972e-18,0.1666666716337204,0.0,1.0,0.5,0.0,0.0,14202.9072265625,14753.193359375,14753.193359375,14202.9072265625,-0.119113789498806,0.0,0.0,0.0,25.62301343679428,2.779884022474289,7.222342364490032,65.29653178155422,30.5,1.5,11.0,10.0,300.0,15.0,7.333333333333333,30.0
0.35416666666666663,x,gym_env,0.08609595149755478,-8.980348358727886e-18,1.0015989542007446,0.6927153468132019,-7.248531429987468e-17,-0.0328524187207222,3.435796913762712e-17,0.2081114649772644,1.884896461824584e-18,0.1770833283662796,0.0,1.0,0.5,0.0,0.0,14680.38671875,14420.4638671875,14420.4638671875,14680.38671875,-0.122589373588562,0.0,0.0,0.0,25.62301343679428,2.779884022474289,7.222342364490032,65.29653178155422,30.5,1.5,11.0,10.0,300.0,15.0,7.333333333333333,30.0
0.375,x,gym_env,0.10104139149188995,-1.0576321385935661e-17,1.0008900165557861,0.7327371835708618,-7.931736293841966e-17,-0.03459842875599861,3.1682509694606006e-17,0.1669815629720688,5.181804187950023e-19,0.1875,0.0,1.0,0.5,0.0,0.0,15021.6884765625,14162.48828125,14162.48828125,15021.6884765625,-0.12362698316574097,0.0,0.0,0.0,25.723319612443447,2.7018579781055454,7.295479208230972,65.19182550907135,30.5,1.5,11.0,10.0,300.0,15.0,7.333333333333333,30.0
0.3958333333333333,x,gym_env,0.11671638488769531,-1.230891983491882e-17,1.0001810789108276,0.7642168402671814,-8.565389730282087e-17,-0.033449213951826096,2.8784849686718447e-17,0.1160542443394661,-9.57047244940817e-19,0.1979166716337204,0.0,1.0,0.5,0.0,0.0,14241.5966796875,15100.796875,15100.796875,14241.5966796875,-0.12205350697040558,0.0,0.0,0.0,25.723319612443447,2.7018579781055454,7.295479208230972,65.19182550907135,30.5,1.5,11.0,10.0,300.0,15.0,7.333333333333333,30.0
0.41666666666666663,x,gym_env,0.1329191029071808,-1.416655986837917e-17,0.9995421171188354,0.7852796912193298,-9.138866769775711e-17,-0.02865961380302906,2.3831475457430428e-17,0.06807448714971542,-2.1777516926880112e-18,0.2083333283662796,0.0,1.0,0.5,0.0,0.0,15024.5,14381.6328125,14381.6328125,15024.5,-0.11819607317447663,0.0,0.0,0.0,26.196441538631916,2.735596734285355,7.541253755800426,64.15813370421529,30.5,1.5,11.0,10.0,300.0,15.0,7.333333333333333,30.0
0.4375,x,gym_env,0.14943522214889526,-1.613102283332523e-17,0.9990245699882507,0.7964898347854614,-9.60759362696256e-17,-0.022225812077522278,1.9485329552733912e-17,0.01952904649078846,-3.1562432848165358e-18,0.21875,0.0,1.0,0.5,0.0,0.0,14422.666015625,15086.7421875,15086.7421875,14422.666015625,-0.11217085421085357,0.0,0.0,0.0,26.196441538631916,2.735596734285355,7.541253755800426,64.15813370421529,30.5,1.5,11.0,10.0,300.0,15.0,7.333333333333333,30.0
0.4583333333333333,x,gym_env,0.1660575121641159,-1.8182185906995422e-17,0.9986646771430969,0.7973918318748474,-9.996074700308904e-17,-0.013961718417704105,1.6798617144659626e-17,-0.026576068252325058,-3.943199758542335e-18,0.2291666716337204,0.0,1.0,0.5,0.0,0.0,14523.0986328125,15011.984375,15011.984375,14523.0986328125,-0.1043710857629776,0.0,0.0,0.0,26.75653976202011,2.62260400056839,7.822513033868745,64.30703311413527,30.5,1.5,11.0,10.0,300.0,15.0,7.333333333333333,30.0
0.47916666666666663,x,gym_env,0.18257775902748108,-2.0306038304174325e-17,0.9984800815582275,0.7889108657836914,-1.0313675659582314e-16,-0.005496947094798088,1.1710344646715235e-17,-0.06352122128009796,-4.4204465760384795e-18,0.2395833283662796,0.0,1.0,0.5,0.0,0.0,15178.84375,14319.6435546875,14319.6435546875,15178.84375,-0.09528134763240814,0.0,0.0,0.0,26.75653976202011,2.62260400056839,7.822513033868745,64.30703311413527,30.5,1.5,11.0,10.0,300.0,15.0,7.333333333333333,30.0
0.5,x,gym_env,0.19882288575172424,-2.2482143700648202e-17,0.9984619617462158,0.7726045250892639,-1.051733348209328e-16,0.002135919639840722,6.357604308964164e-18,-0.10555355250835419,-4.727278470917062e-18,0.25,0.0,1.0,0.5,0.0,0.0,14528.1826171875,14987.66796875,14987.66796875,14528.1826171875,-0.0848264753818512,0.0,0.0,0.0,26.07554791867733,2.776752878725529,7.552891433238983,63.99973649159074,30.5,1.5,11.0,10.0,300.0,15.0,7.333333333333333,30.0
0.5208333333333333,x,gym_env,0.21461734175682068,-2.4685602305617983e-17,0.9985944032669067,0.7472190856933594,-1.0599135027229874e-16,0.009024536237120628,1.2593684205415712e-18,-0.1485685110092163,-4.819360630296771e-18,0.2604166567325592,0.0,1.0,0.5,0.0,0.0,14299.2060546875,15158.40625,15158.40625,14299.2060546875,-0.07331770062446594,0.0,0.0,0.0,26.07554791867733,2.776752878725529,7.552891433238983,63.99973649159074,30.5,1.5,11.0,10.0,300.0,15.0,7.333333333333333,30.0
0.5416666666666666,x,gym_env,0.22977370023727417,-2.6892305112950197e-17,0.9988470673561096,0.7133737206459045,-1.0573050382921382e-16,0.014038891531527042,-5.2119335179792314e-18,-0.18018248677253723,-4.7151954301191935e-18,0.2708333432674408,0.0,1.0,0.5,0.0,0.0,14245.8935546875,15105.09375,15105.09375,14245.8935546875,-0.06145701110363007,0.0,0.0,0.0,26.36150186508894,2.77915650010109,7.520664172247052,63.94311757013202,30.5,1.5,11.0,10.0,300.0,15.0,7.333333333333333,30.0
0.5625,x,gym_env,0.24414919316768646,-2.90758121215452e-17,0.9991719722747803,0.6738643050193787,-1.0396520114035215e-16,0.016519708558917046,-1.305677630826985e-17,-0.19789139926433563,-4.468261337756801e-18,0.28125,0.0,1.0,0.5,0.0,0.0,14701.603515625,14496.0693359375,14496.0693359375,14701.603515625,-0.049894547462463384,0.0,0.0,0.0,26.36150186508894,2.77915650010109,7.520664172247052,63.94311757013202,30.5,1.5,11.0,10.0,300.0,15.0,7.333333333333333,30.0
0.5833333333333333,x,gym_env,0.2576633095741272,-3.1202533181088436e-17,0.9995110034942627,0.6315392851829529,-1.0063343674699676e-16,0.016035092994570732,-2.1194135805758207e-17,-0.21202002465724945,-4.123009384966968e-18,0.2916666567325592,0.0,1.0,0.5,0.0,0.0,14100.103515625,14959.3037109375,14959.3037109375,14100.103515625,-0.03878931999206543,0.0,0.0,0.0,26.116902455687523,2.869521075487137,7.093840943649411,64.89343322813511,30.5,1.5,11.0,10.0,300.0,15.0,7.333333333333333,30.0
0.6041666666666666,x,gym_env,0.2702666223049164,-3.3239442278443115e-17,0.9998107552528381,0.586946427822113,-9.564216275640279e-17,0.013225615955889225,-2.851533108209152e-17,-0.219229593873024,-3.8390126380785245e-18,0.3020833432674408,0.0,1.0,0.5,0.0,0.0,14292.396484375,14761.1005859375,14761.1005859375,14292.396484375,-0.028453582525253297,0.0,0.0,0.0,26.116902455687523,2.869521075487137,7.093840943649411,64.89343322813511,30.5,1.5,11.0,10.0,300.0,15.0,7.333333333333333,30.0
0.625,x,gym_env,0.2819260358810425,-3.515380953113174e-17,1.000045895576477,0.5414813756942749,-8.92124878550281e-17,0.009996652603149414,-3.389855633413762e-17,-0.2164745032787323,-3.815102982472679e-18,0.3125,0.0,1.0,0.5,0.0,0.0,14169.3974609375,14722.529296875,14722.529296875,14169.3974609375,-0.020356011390686036,0.0,0.0,0.0,26.542076125741005,2.8897535026073458,7.009731914848089,64.59144701063633,30.5,1.5,11.0,10.0,300.0,15.0,7.333333333333333,30.0
0.6458333333333333,x,gym_env,0.2926536500453949,-3.69221562446476e-17,1.0001879930496216,0.49745169281959534,-8.190399641854238e-17,0.004755612928420305,-3.67988798635976e-17,-0.2054774910211563,-4.090514835373741e-18,0.3229166567325592,0.0,1.0,0.5,0.0,0.0,14214.3251953125,14626.677734375,14626.677734375,14214.3251953125,-0.029191631078720096,0.0,0.0,0.0,26.542076125741005,2.8897535026073458,7.009731914848089,64.59144701063633,30.5,1.5,11.0,10.0,300.0,15.0,7.333333333333333,30.0
0.6666666666666666,x,gym_env,0.3024953603744507,-3.853120120707555e-17,1.0002179145812988,0.45614832639694214,-7.403354494366773e-17,-0.0006856033578515053,-4.044657762011149e-17,-0.187079057097435,-4.690770854582034e-18,0.3333333432674408,0.0,1.0,0.5,0.0,0.0,14252.7021484375,14574.318359375,14574.318359375,14252.7021484375,-0.038039404153823855,0.0,0.0,0.0,26.78800691664219,2.946087229251862,6.9333274364471436,64.79042467474937,30.5,1.5,11.0,10.0,300.0,15.0,7.333333333333333,30.0
0.6875,x,gym_env,0.3115245997905731,-3.996693528756139e-17,1.0001411437988281,0.4188466966152191,-6.537306980935594e-17,-0.005572610069066286,-4.6470725571820827e-17,-0.16305387020111084,-5.614442499179679e-18,0.34375,0.0,1.0,0.5,0.0,0.0,14414.4580078125,14461.5078125,14461.5078125,14414.4580078125,-0.04662845730781555,0.0,0.0,0.0,26.78800691664219,2.946087229251862,6.9333274364471436,64.79042467474937,30.5,1.5,11.0,10.0,300.0,15.0,7.333333333333333,30.0
0.7083333333333333,x,gym_env,0.31983643770217896,-4.120669704604362e-17,0.9999814033508301,0.38642552495002747,-5.542262967082485e-17,-0.008953487500548363,-5.2208176031941735e-17,-0.13659386336803436,-6.811282269266835e-18,0.3541666567325592,0.0,1.0,0.5,0.0,0.0,14141.3837890625,14776.9912109375,14776.9912109375,14141.3837890625,-0.05473467707633972,0.0,0.0,0.0,26.84637150168419,2.967719078063965,6.846589725464582,64.7101906016469,30.5,1.5,11.0,10.0,300.0,15.0,7.333333333333333,30.0
0.7291666666666666,x,gym_env,0.3275398313999176,-4.2224026629087886e-17,0.999769926071167,0.3594607412815094,-4.428085754431529e-17,-0.010844863951206207,-5.792259447508672e-17,-0.1038411483168602,-8.494713929820454e-18,0.3645833432674408,0.0,1.0,0.5,0.0,0.0,14589.392578125,14398.3154296875,14398.3154296875,14589.392578125,-0.06196399331092835,0.0,0.0,0.0,26.84637150168419,2.967719078063965,6.846589725464582,64.7101906016469,30.5,1.5,11.0,10.0,300.0,15.0,7.333333333333333,30.0
0.75,x,gym_env,0.3347640633583069,-4.29948199936444e-17,0.9995399713516235,0.33927643299102783,-3.2024889676309054e-17,-0.011073876172304153,-6.205736595477388e-17,-0.06895524263381958,-1.044171180331307e-17,0.375,0.0,1.0,0.5,0.0,0.0,14512.9091796875,14543.1611328125,14543.1611328125,14512.9091796875,-0.068121474981308,0.0,0.0,0.0,27.32054214179516,3.0996905326843267,6.449772972613573,65.13383728265762,30.5,1.5,11.0,10.0,300.0,15.0,7.333333333333333,30.0
0.7708333333333333,x,gym_env,0.3416561782360077,-4.3499678099987563e-17,0.9993246793746948,0.32611173391342163,-1.8965823732103658e-17,-0.009783569723367691,-6.3567645552063e-17,-0.035070765763521194,-1.2426764120886187e-17,0.3854166567325592,0.0,1.0,0.5,0.0,0.0,14550.013671875,14584.599609375,14584.599609375,14550.013671875,-0.0730726957321167,0.0,0.0,0.0,27.32054214179516,3.0996905326843267,6.449772972613573,65.13383728265762,30.5,1.5,11.0,10.0,300.0,15.0,7.333333333333333,30.0
0.7916666666666666,x,gym_env,0.34836089611053467,-4.372927035080778e-17,0.9991544485092163,0.3199153244495392,-5.756017356150273e-18,-0.007065676152706146,-6.299381381752271e-17,-0.0007365113706327975,-1.4433209810641763e-17,0.3958333432674408,0.0,1.0,0.5,0.0,0.0,14550.0224609375,14633.294921875,14633.294921875,14550.0224609375,-0.07663466334342957,0.0,0.0,0.0,26.929916858673096,3.0708215951919557,6.536562941968441,64.83164641261101,30.5,1.5,11.0,10.0,300.0,15.0,7.333333333333333,30.0
0.8125,x,gym_env,0.35502558946609497,-4.368588969076305e-17,0.9990509152412415,0.3208654522895813,7.272739036049955e-18,-0.0035793122369796038,-6.141479220260799e-17,0.034541867673397064,-1.6475290441186124e-17,0.40625,0.0,1.0,0.5,0.0,0.0,14740.06640625,14489.482421875,14489.482421875,14740.06640625,-0.07862355709075927,0.0,0.0,0.0,26.929916858673096,3.0708215951919557,6.536562941968441,64.83164641261101,30.5,1.5,11.0,10.0,300.0,15.0,7.333333333333333,30.0
0.8333333333333333,x,gym_env,0.3618015646934509,-4.3376778913296885e-17,0.9990265965461731,0.329124391078949,1.977662782288936e-17,0.0004010637057945132,-5.8819205319535e-17,0.06786469370126724,-1.830642347191721e-17,0.4166666567325592,0.0,1.0,0.5,0.0,0.0,15040.1982421875,14194.81640625,14194.81640625,15040.1982421875,-0.07903462648391724,0.0,0.0,0.0,27.314761757850647,3.0931460857391357,6.411641024053097,64.39057662338018,30.5,1.5,11.0,10.0,300.0,15.0,7.333333333333333,30.0
0.8541666666666666,x,gym_env,0.36883458495140076,-4.281528209605099e-17,0.9990836381912231,0.34398722648620605,3.1681735453552656e-17,0.0042385803535580635,-5.757111550664558e-17,0.09138301759958267,-1.952118286920441e-17,0.4270833432674408,0.0,1.0,0.5,0.0,0.0,14183.0263671875,15042.2265625,15042.2265625,14183.0263671875,-0.07812686562538147,0.0,0.0,0.0,27.314761757850647,3.0931460857391357,6.411641024053097,64.39057662338018,30.5,1.5,11.0,10.0,300.0,15.0,7.333333333333333,30.0
0.875,x,gym_env,0.3762383759021759,-4.201070336655536e-17,0.9992139339447021,0.3635905086994171,4.3193965380477765e-17,0.007536330725997686,-5.663557423384811e-17,0.11770399659872055,-2.086232553792236e-17,0.4375,0.0,1.0,0.5,0.0,0.0,14752.55859375,14433.962890625,14433.962890625,14752.55859375,-0.0756255567073822,0.0,0.0,0.0,27.341194167733192,3.1133549928665163,6.500193852931261,64.34319830685854,30.5,1.5,11.0,10.0,300.0,15.0,7.333333333333333,30.0
0.8958333333333333,x,gym_env,0.3841177523136139,-4.0971125933755867e-17,0.9993967413902283,0.38878345489501953,5.431335069088919e-17,0.009496094658970833,-5.494507183341839e-17,0.14641699194908142,-2.2319688737065238e-17,0.4479166567325592,0.0,1.0,0.5,0.0,0.0,15018.85546875,14159.6552734375,14159.6552734375,15018.85546875,-0.07142378091812134,0.0,0.0,0.0,27.341194167733192,3.1133549928665163,6.500193852931261,64.34319830685854,30.5,1.5,11.0,10.0,300.0,15.0,7.333333333333333,30.0
0.9166666666666666,x,gym_env,0.3925936818122864,-3.970644618650109e-17,0.9996111989021301,0.41949597001075745,6.489765271537476e-17,0.010731371119618416,-5.400141095572809e-17,0.164790078997612,-2.3172262140062418e-17,0.4583333432674408,0.0,1.0,0.5,0.0,0.0,14825.7490234375,14313.978515625,14313.978515625,14825.7490234375,-0.0659115731716156,0.0,0.0,0.0,27.15677098929882,3.1187469482421877,6.40241851657629,64.83547217398882,30.5,1.5,11.0,10.0,300.0,15.0,7.333333333333333,30.0
0.9375,x,gym_env,0.40175285935401917,-3.8225680393467866e-17,0.9998359680175781,0.45334455370903015,7.516928377703774e-17,0.010783080942928791,-5.2433873916438053e-17,0.17273306846618652,-2.3445966278588864e-17,0.46875,0.0,1.0,0.5,0.0,0.0,14356.4345703125,14670.2802734375,14670.2802734375,14356.4345703125,-0.059445524215698244,0.0,0.0,0.0,27.15677098929882,3.1187469482421877,6.40241851657629,64.83547217398882,30.5,1.5,11.0,10.0,300.0,15.0,7.333333333333333,30.0
0.9583333333333333,x,gym_env,0.4116331934928894,-3.653683235426325e-17,1.0000381469726562,0.48835641145706177,8.493397223721392e-17,0.008959661237895489,-5.1131669947875424e-17,0.18039460480213165,-2.368643099138048e-17,0.4791666567325592,0.0,1.0,0.5,0.0,0.0,14898.818359375,14039.6181640625,14039.6181640625,14898.818359375,-0.06182111501693725,0.0,0.0,0.0,27.739610716700554,3.0718696594238284,6.454088356345892,63.83968757279217,30.5,1.5,11.0,10.0,300.0,15.0,7.333333333333333,30.0
0.9791666666666666,x,gym_env,0.4222581088542938,-3.464797204294331e-17,1.0001857280731201,0.5245628356933594,9.455388423785862e-17,0.005804858636111021,-5.488081313471282e-17,0.1818632185459137,-2.3601631743703994e-17,0.4895833432674408,0.0,1.0,0.5,0.0,0.0,14849.3310546875,14131.1513671875,14131.1513671875,14849.3310546875,-0.06806129217147827,0.0,0.0,0.0,27.739610716700554,3.0718696594238284,6.454088356345892,63.83968757279217,30.5,1.5,11.0,10.0,300.0,15.0,7.333333333333333,30.0
1.0,x,gym_env,0.43363937735557556,-3.2549653056912695e-17,1.0002739429473877,0.5605866312980652,1.0489443598815952e-16,0.0032239644788205624,-5.743346603527186e-17,0.17102886736392975,-2.282552126216999e-17,0.5,0.0,1.0,0.5,0.0,0.0,14030.9208984375,14882.087890625,14882.087890625,14030.9208984375,-0.07308879494667053,0.0,0.0,0.0,27.15033856034279,3.040769171714783,6.740449607372284,64.19839460775256,30.5,1.5,11.0,10.0,300.0,15.0,7.333333333333333,30.0
1.0208333333333333,x,gym_env,0.44574174284935,-3.022862065403585e-17,1.0003020763397217,0.5941526889801025,1.1586003849652998e-16,0.00015311369497794658,-6.082963801984308e-17,0.16374297440052032,-2.2227032927930723e-17,0.5104166865348816,0.0,1.0,0.5,0.0,0.0,14865.2607421875,14006.060546875,14006.060546875,14865.2607421875,-0.07713520526885986,0.0,0.0,0.0,27.15033856034279,3.040769171714783,6.740449607372284,64.19839460775256,30.5,1.5,11.0,10.0,300.0,15.0,7.333333333333333,30.0
1.0416666666666665,x,gym_env,0.4585226774215698,-2.7670898790683085e-17,1.0002622604370117,0.6262059807777405,1.2745167114481528e-16,-0.0032619142439216375,-6.339185312828323e-17,0.15369932353496552,-2.1425963098593544e-17,0.5208333134651184,0.0,1.0,0.5,0.0,0.0,14838.185546875,13978.9853515625,13978.9853515625,14838.185546875,-0.0799961507320404,0.0,0.0,0.0,27.852295339107513,3.124247717857361,6.74473674967885,62.79795281589031,30.5,1.5,11.0,10.0,300.0,15.0,7.333333333333333,30.0
1.0625,x,gym_env,0.471941739320755,-2.4865292404444102e-17,1.0001462697982788,0.655522882938385,1.395363960824108e-16,-0.0070249587297439575,-6.36908954633334e-17,0.13008573651313782,-1.9738805816560986e-17,0.53125,0.0,1.0,0.5,0.0,0.0,14220.1845703125,14739.0263671875,14739.0263671875,14220.1845703125,-0.08135308027267457,0.0,0.0,0.0,27.852295339107513,3.124247717857361,6.74473674967885,62.79795281589031,30.5,1.5,11.0,10.0,300.0,15.0,7.333333333333333,30.0
1.0833333333333333,x,gym_env,0.48591458797454834,-2.1803921772803724e-17,0.9999836683273315,0.6800883412361145,1.5192593376700964e-16,-0.008233515545725822,-6.510085459593209e-17,0.10603225976228714,-1.8010061202051712e-17,0.5416666865348816,0.0,1.0,0.5,0.0,0.0,14903.6201171875,14044.419921875,14044.419921875,14903.6201171875,-0.08126951456069947,0.0,0.0,0.0,28.56677931547165,3.114332675933838,6.702528100460768,62.781577065587044,30.5,1.5,11.0,10.0,300.0,15.0,7.333333333333333,30.0
1.1041666666666665,x,gym_env,0.5003367066383362,-1.8479345578971422e-17,0.9998026490211487,0.6996976733207703,1.6477922199023022e-16,-0.008926685899496078,-6.92097981881729e-17,0.07713298499584198,-1.5893650121663337e-17,0.5520833134651184,0.0,1.0,0.5,0.0,0.0,14457.0439453125,14556.4541015625,14556.4541015625,14457.0439453125,-0.0796163558959961,0.0,0.0,0.0,28.56677931547165,3.114332675933838,6.702528100460768,62.781577065587044,30.5,1.5,11.0,10.0,300.0,15.0,7.333333333333333,30.0
1.125,x,gym_env,0.5150932669639587,-1.4873867120922237e-17,0.9996231198310852,0.7131315469741821,1.7875497445235056e-16,-0.008346733637154102,-7.523994485368447e-17,0.04379274696111679,-1.3327667205533003e-17,0.5625,0.0,1.0,0.5,0.0,0.0,14107.009765625,14966.2099609375,14966.2099609375,14107.009765625,-0.07645739316940309,0.0,0.0,0.0,28.014171987771988,2.966514670848847,6.920630060136318,62.84159241616726,30.5,1.5,11.0,10.0,300.0,15.0,7.333333333333333,30.0
1.1458333333333333,x,gym_env,0.5300460457801819,-1.0960061225446974e-17,0.9994733333587646,0.7200171947479248,1.9407097126504362e-16,-0.006385616958141327,-7.84023820669278e-17,0.01937165856361389,-1.1278967475726993e-17,0.5729166865348816,0.0,1.0,0.5,0.0,0.0,14974.373046875,14115.1728515625,14115.1728515625,14974.373046875,-0.07223297357559205,0.0,0.0,0.0,28.014171987771988,2.966514670848847,6.920630060136318,62.84159241616726,30.5,1.5,11.0,10.0,300.0,15.0,7.333333333333333,30.0
1.1666666666666665,x,gym_env,0.5450788140296936,-6.717723592493719e-18,0.9993692636489868,0.7219755053520203,2.1008415560266577e-16,-0.00406358577311039,-8.080887546197118e-17,-0.007753266487270594,-8.944590168027832e-18,0.5833333134651184,0.0,1.0,0.5,0.0,0.0,14987.3154296875,14128.115234375,14128.115234375,14987.3154296875,-0.06680607795715332,0.0,0.0,0.0,28.126940697431564,2.9425495028495794,7.444526109844446,62.294727846980095,30.5,1.5,11.0,10.0,300.0,15.0,7.333333333333333,30.0
1.1875,x,gym_env,0.5600799918174744,-2.134736853269182e-18,0.9993182420730591,0.7177637815475464,2.2666231091610653e-16,-0.0013872337294742465,-8.440425900782476e-17,-0.04852623492479324,-5.410764576179828e-18,0.59375,0.0,1.0,0.5,0.0,0.0,14154.2568359375,15013.45703125,15013.45703125,14154.2568359375,-0.059859526157379155,0.0,0.0,0.0,28.126940697431564,2.9425495028495794,7.444526109844446,62.294727846980095,30.5,1.5,11.0,10.0,300.0,15.0,7.333333333333333,30.0
1.2083333333333333,x,gym_env,0.5748881697654724,2.8032462331562158e-18,0.9993289709091187,0.7049884796142578,2.4401481316201534e-16,0.001715677441097796,-8.732408083868384e-17,-0.08643446117639542,-1.9940671386838733e-18,0.6041666865348816,0.0,1.0,0.5,0.0,0.0,14166.0380859375,15025.23828125,15025.23828125,14166.0380859375,-0.05181992053985596,0.0,0.0,0.0,28.721987009048462,2.976345872879029,7.338268058374524,62.1148567199707,30.5,1.5,11.0,10.0,300.0,15.0,7.333333333333333,30.0
1.2291666666666665,x,gym_env,0.5893344879150391,8.110156008683326e-18,0.999401867389679,0.6849386096000671,2.619454418642048e-16,0.004615173675119877,-9.104557964944972e-17,-0.11051750183105469,2.9920316998052384e-19,0.6145833134651184,0.0,1.0,0.5,0.0,0.0,14141.22265625,15000.4228515625,15000.4228515625,14141.22265625,-0.04339865446090698,0.0,0.0,0.0,28.721987009048462,2.976345872879029,7.338268058374524,62.1148567199707,30.5,1.5,11.0,10.0,300.0,15.0,7.333333333333333,30.0
1.25,x,gym_env,0.6033046841621399,1.3798878086099348e-17,0.9995203614234924,0.6606001257896423,2.8056481423163044e-16,0.006361224222928286,-9.493790118287514e-17,-0.12082439661026001,1.4042494150229637e-18,0.625,0.0,1.0,0.5,0.0,0.0,14968.4140625,14109.2138671875,14109.2138671875,14968.4140625,-0.035140049457550046,0.0,0.0,0.0,28.227188110351562,2.9938088536262515,6.899529177695513,62.78147818148136,30.5,1.5,11.0,10.0,300.0,15.0,7.333333333333333,30.0
1.2708333333333333,x,gym_env,0.6167428493499756,1.9884732057143916e-17,0.999660849571228,0.6344144940376282,2.999551453997351e-16,0.006966817192733288,-1.0022911748102574e-16,-0.13384899497032166,2.839167998822403e-18,0.6354166865348816,0.0,1.0,0.5,0.0,0.0,14464.2197265625,14602.7119140625,14602.7119140625,14464.2197265625,-0.026886320114135744,0.0,0.0,0.0,28.227188110351562,2.9938088536262515,6.899529177695513,62.78147818148136,30.5,1.5,11.0,10.0,300.0,15.0,7.333333333333333,30.0
1.2916666666666665,x,gym_env,0.6296026110649109,2.638707973841506e-17,0.9998055100440979,0.6053612232208252,3.204165497296428e-16,0.006858380977064371,-1.0803598192785221e-16,-0.15100716054439545,4.793747396219373e-18,0.6458333134651184,0.0,1.0,0.5,0.0,0.0,14074.255859375,14933.4560546875,14933.4560546875,14074.255859375,-0.018665552139282227,0.0,0.0,0.0,28.640668898820877,3.088602995872498,7.041778579354286,62.49371103942394,30.5,1.5,11.0,10.0,300.0,15.0,7.333333333333333,30.0
1.3125,x,gym_env,0.6418168544769287,3.3333370291359737e-17,0.9999336004257202,0.5732454657554626,3.4227944948012155e-16,0.005625762511044741,-1.1519153097779933e-16,-0.15905717015266418,5.855608661130739e-18,0.65625,0.0,1.0,0.5,0.0,0.0,14044.7880859375,14903.98828125,14903.98828125,14044.7880859375,-0.0109519362449646,0.0,0.0,0.0,28.640668898820877,3.088602995872498,7.041778579354286,62.49371103942394,30.5,1.5,11.0,10.0,300.0,15.0,7.333333333333333,30.0
1.3333333333333333,x,gym_env,0.6533463001251221,4.075182380975581e-17,1.0000228881835938,0.5402411818504333,3.6548894632827743e-16,0.0034048310481011868,-1.221029757202596e-16,-0.1534474939107895,5.340677976468516e-18,0.6666666865348816,0.0,1.0,0.5,0.0,0.0,14407.8251953125,14512.6396484375,14512.6396484375,14407.8251953125,-0.004235708713531494,0.0,0.0,0.0,28.812766820192337,3.1674525976181034,6.442651204764843,62.945278868079185,30.5,1.5,11.0,10.0,300.0,15.0,7.333333333333333,30.0
1.3541666666666665,x,gym_env,0.6642052531242371,4.867085394764447e-17,1.000061273574829,0.5088713765144348,3.900558134744083e-16,0.0008484356803819537,-1.2943212681972444e-16,-0.14139324426651,3.978175022792608e-18,0.6770833134651184,0.0,1.0,0.5,0.0,0.0,14901.025390625,14041.8251953125,14041.8251953125,14901.025390625,-0.0066965997219085695,0.0,0.0,0.0,28.812766820192337,3.1674525976181034,6.442651204764843,62.945278868079185,30.5,1.5,11.0,10.0,300.0,15.0,7.333333333333333,30.0
1.375,x,gym_env,0.674439549446106,5.712141380354746e-17,1.0000568628311157,0.4797358214855194,4.162106291686246e-16,-0.0008863290422596037,-1.3582472417732205e-16,-0.1368725448846817,3.539612961003731e-18,0.6875,0.0,1.0,0.5,0.0,0.0,14030.3779296875,14889.578125,14889.578125,14030.3779296875,-0.013121002912521364,0.0,0.0,0.0,28.709967613220215,3.1520897150039673,6.68427475169301,62.24443516135216,30.5,1.5,11.0,10.0,300.0,15.0,7.333333333333333,30.0
1.3958333333333333,x,gym_env,0.6840798854827881,6.613224294066731e-17,1.000014066696167,0.45149555802345276,4.4354361475291244e-16,-0.0028266801964491606,-1.4270241995079016e-16,-0.12963351607322693,2.682423063007892e-18,0.6979166865348816,0.0,1.0,0.5,0.0,0.0,14006.638671875,14865.837890625,14865.837890625,14006.638671875,-0.019682681560516356,0.0,0.0,0.0,28.709967613220215,3.1520897150039673,6.68427475169301,62.24443516135216,30.5,1.5,11.0,10.0,300.0,15.0,7.333333333333333,30.0
1.4166666666666665,x,gym_env,0.6931541562080383,7.572910638072383e-17,0.9999251961708069,0.4253992438316345,4.72276984027028e-16,-0.005164896138012409,-1.5069364641254245e-16,-0.10879424959421158,-2.188862847964918e-19,0.7083333134651184,0.0,1.0,0.5,0.0,0.0,14287.43359375,14639.048828125,14639.048828125,14287.43359375,-0.025813144445419312,0.0,0.0,0.0,29.30479919910431,3.1567615985870363,6.4047936126589775,62.730974063277245,30.5,1.5,11.0,10.0,300.0,15.0,7.333333333333333,30.0
1.4375,x,gym_env,0.7017384767532349,8.594716922591787e-17,0.9998016357421875,0.40390846133232117,5.028526499614217e-16,-0.006364250555634499,-1.607651857927513e-16,-0.07920973747968674,-4.655094968352928e-18,0.71875,0.0,1.0,0.5,0.0,0.0,14928.599609375,14069.3994140625,14069.3994140625,14928.599609375,-0.031144517660140994,0.0,0.0,0.0,29.30479919910431,3.1567615985870363,6.4047936126589775,62.730974063277245,30.5,1.5,11.0,10.0,300.0,15.0,7.333333333333333,30.0
1.4583333333333333,x,gym_env,0.7099484801292419,9.683117863866611e-17,0.999674379825592,0.3882850110530853,5.358085314171592e-16,-0.005880484823137522,-1.7261372088696087e-16,-0.05565160885453224,-8.399579060390118e-18,0.7291666865348816,0.0,1.0,0.5,0.0,0.0,14517.357421875,14492.78515625,14492.78515625,14517.357421875,-0.0358415424823761,0.0,0.0,0.0,29.059121817350388,3.1508745670318605,6.4160019382834435,62.50199070572853,30.5,1.5,11.0,10.0,300.0,15.0,7.333333333333333,30.0
1.4791666666666665,x,gym_env,0.717892587184906,1.0843222129359981e-16,0.999561071395874,0.37716278433799744,5.712031266071602e-16,-0.005119216628372669,-1.8376665664301744e-16,-0.03782911226153374,-1.1420012523515247e-17,0.7395833134651184,0.0,1.0,0.5,0.0,0.0,14079.4248046875,14938.625,14938.625,14079.4248046875,-0.039948797225952154,0.0,0.0,0.0,29.059121817350388,3.1508745670318605,6.4160019382834435,62.50199070572853,30.5,1.5,11.0,10.0,300.0,15.0,7.333333333333333,30.0
1.5,x,gym_env,0.7256520390510559,1.207988890886228e-16,0.9994693994522095,0.36991238594055176,6.088139305640929e-16,-0.003903775941580534,-1.9494382548229937e-16,-0.011989065445959568,-1.6129902830775832e-17,0.75,0.0,1.0,0.5,0.0,0.0,14413.0869140625,14634.79296875,14634.79296875,14413.0869140625,-0.04299787878990173,0.0,0.0,0.0,29.242058634757996,3.238856458663941,6.306511417031288,62.963841646909714,30.5,1.5,11.0,10.0,300.0,15.0,7.333333333333333,30.0
1.5208333333333333,x,gym_env,0.7333281636238098,1.3397764972182584e-16,0.9994076490402222,0.36836978793144226,6.487465577085681e-16,-0.0023300659377127886,-2.076139163608966e-16,0.02138153277337551,-2.2642138629089434e-17,0.7604166865348816,0.0,1.0,0.5,0.0,0.0,14976.279296875,14117.0791015625,14117.0791015625,14976.279296875,-0.04464542269706726,0.0,0.0,0.0,29.242058634757996,3.238856458663941,6.306511417031288,62.963841646909714,30.5,1.5,11.0,10.0,300.0,15.0,7.333333333333333,30.0
1.5416666666666665,x,gym_env,0.7410570383071899,1.4802042366589768e-16,0.9993882775306702,0.37357112765312195,6.912308186670876e-16,-1.8444572560838424e-05,-2.201726885813789e-16,0.04786936193704605,-2.809825999979738e-17,0.7708333134651184,0.0,1.0,0.5,0.0,0.0,14973.158203125,14113.9580078125,14113.9580078125,14973.158203125,-0.04514193534851074,0.0,0.0,0.0,29.410036116838455,3.205082225799561,6.399964407086372,61.85976034402847,30.5,1.5,11.0,10.0,300.0,15.0,7.333333333333333,30.0
1.5625,x,gym_env,0.7489600777626038,1.6297811230701236e-16,0.9994136691093445,0.38365650177001953,7.361578167663701e-16,0.002015972975641489,-2.3430103932290303e-16,0.0606091283261776,-3.078427426743467e-17,0.78125,0.0,1.0,0.5,0.0,0.0,14111.87890625,14971.0791015625,14971.0791015625,14111.87890625,-0.044896912574768064,0.0,0.0,0.0,29.410036116838455,3.205082225799561,6.399964407086372,61.85976034402847,30.5,1.5,11.0,10.0,300.0,15.0,7.333333333333333,30.0
1.5833333333333333,x,gym_env,0.7571062445640564,1.7890586543097003e-16,0.9994787573814392,0.3962342143058777,7.838006671923459e-16,0.0038470302242785692,-2.4772002644088127e-16,0.07607430964708328,-3.433442757739386e-17,0.7916666865348816,0.0,1.0,0.5,0.0,0.0,14099.83203125,14959.0322265625,14959.0322265625,14099.83203125,-0.043608635663986206,0.0,0.0,0.0,29.439075231552124,3.221969795227051,6.381770044565201,62.643834844231606,30.5,1.5,11.0,10.0,300.0,15.0,7.333333333333333,30.0
1.6041666666666665,x,gym_env,0.7655560374259949,1.9585715199256612e-16,0.9995747804641724,0.41251006722450256,8.338979014621095e-16,0.0050604515708982944,-2.620921373827574e-16,0.10520511865615845,-4.1592887821709926e-17,0.8020833134651184,0.0,1.0,0.5,0.0,0.0,14945.318359375,14086.1181640625,14086.1181640625,14945.318359375,-0.0407051682472229,0.0,0.0,0.0,29.439075231552124,3.221969795227051,6.381770044565201,62.643834844231606,30.5,1.5,11.0,10.0,300.0,15.0,7.333333333333333,30.0
1.625,x,gym_env,0.774418294429779,2.1388244986150106e-16,0.9996843338012695,0.4347992539405823,8.864514783393513e-16,0.005297151859849691,-2.7877545713055573e-16,0.1315421760082245,-4.851583699212958e-17,0.8125,0.0,1.0,0.5,0.0,0.0,14929.29296875,14070.0927734375,14070.0927734375,14929.29296875,-0.03633018732070923,0.0,0.0,0.0,29.446141183376312,3.1566668510437017,6.499103780835867,61.52802565693855,30.5,1.5,11.0,10.0,300.0,15.0,7.333333333333333,30.0
1.6458333333333333,x,gym_env,0.7838085889816284,2.3303800731942846e-16,0.9997854232788086,0.46180611848831177,9.418844378416657e-16,0.004495409317314625,-2.929593149999046e-16,0.14416800439357758,-5.193607331508119e-17,0.8229166865348816,0.0,1.0,0.5,0.0,0.0,14946.103515625,14086.9033203125,14086.9033203125,14946.103515625,-0.03095571994781494,0.0,0.0,0.0,29.446141183376312,3.1566668510437017,6.499103780835867,61.52802565693855,30.5,1.5,11.0,10.0,300.0,15.0,7.333333333333333,30.0
1.6666666666666665,x,gym_env,0.793791651725769,2.533826005119539e-16,0.9998716115951538,0.49084657430648804,9.999444170903302e-16,0.0038851613644510508,-3.049843241147187e-16,0.1431058645248413,-5.141036033113434e-17,0.8333333134651184,0.0,1.0,0.5,0.0,0.0,14786.7197265625,14150.5654296875,14150.5654296875,14786.7197265625,-0.03274605274200439,0.0,0.0,0.0,30.193618178367615,3.2650740146636967,6.489218030124903,61.26731729507446,30.5,1.5,11.0,10.0,300.0,15.0,7.333333333333333,30.0
1.6875,x,gym_env,0.8043718338012695,2.749612942388492e-16,0.9999279975891113,0.5189228653907776,1.0600134526107634e-15,0.0019582875538617373,-3.1732765879902277e-16,0.13051737844944,-4.727632338783112e-17,0.84375,0.0,1.0,0.5,0.0,0.0,14040.6689453125,14899.869140625,14899.869140625,14040.6689453125,-0.037124037742614746,0.0,0.0,0.0,30.193618178367615,3.2650740146636967,6.489218030124903,61.26731729507446,30.5,1.5,11.0,10.0,300.0,15.0,7.333333333333333,30.0
1.7083333333333333,x,gym_env,0.8155055046081543,2.9782522811430494e-16,0.999950110912323,0.5443977117538452,1.1228157575728678e-15,0.0005075786029919982,-3.3067570690766847e-16,0.12209178507328033,-4.437008055390771e-17,0.8541666865348816,0.0,1.0,0.5,0.0,0.0,14329.4658203125,14616.099609375,14616.099609375,14329.4658203125,-0.04072074890136719,0.0,0.0,0.0,29.24427244067192,3.1142641544342045,6.463607281446457,62.15341317653656,30.5,1.5,11.0,10.0,300.0,15.0,7.333333333333333,30.0
1.7291666666666665,x,gym_env,0.8271492123603821,3.2203181509027714e-16,0.9999434947967529,0.5685163736343384,1.1883354501088825e-15,-0.000864652160089463,-3.440897971164204e-16,0.12185888737440109,-4.411592434761712e-17,0.8645833134651184,0.0,1.0,0.5,0.0,0.0,14872.7998046875,14013.599609375,14013.599609375,14872.7998046875,-0.043761837482452395,0.0,0.0,0.0,29.24427244067192,3.1142641544342045,6.463607281446457,62.15341317653656,30.5,1.5,11.0,10.0,300.0,15.0,7.333333333333333,30.0
1.75,x,gym_env,0.8392921686172485,3.476336241490548e-16,0.9999001026153564,0.5923534631729126,1.2562902564891348e-15,-0.0028849663212895393,-3.588509873486619e-16,0.11527847498655319,-4.16050109807675e-17,0.875,0.0,1.0,0.5,0.0,0.0,14874.79296875,14015.5927734375,14015.5927734375,14874.79296875,-0.04594223499298096,0.0,0.0,0.0,30.188306093215942,3.217718553543091,6.382438607513905,61.21746426820755,30.5,1.5,11.0,10.0,300.0,15.0,7.333333333333333,30.0
1.7708333333333333,x,gym_env,0.8519123792648315,3.7468984171782726e-16,0.9998176097869873,0.6142730712890625,1.327447270926482e-15,-0.004628866910934448,-3.7633557379478317e-16,0.0950978696346283,-3.3976020144141985e-17,0.8854166865348816,0.0,1.0,0.5,0.0,0.0,14319.8115234375,14641.314453125,14641.314453125,14319.8115234375,-0.046857392787933355,0.0,0.0,0.0,30.188306093215942,3.217718553543091,6.382438607513905,61.21746426820755,30.5,1.5,11.0,10.0,300.0,15.0,7.333333333333333,30.0
1.7916666666666665,x,gym_env,0.8649381995201111,4.032799830145181e-16,0.9997146129608154,0.6318945288658142,1.4027925456506466e-15,-0.00509418360888958,-3.960279516179228e-16,0.07257461547851562,-2.507995735393019e-17,0.8958333134651184,0.0,1.0,0.5,0.0,0.0,14603.4443359375,14358.927734375,14358.927734375,14603.4443359375,-0.04655153751373291,0.0,0.0,0.0,30.171764016151428,3.1876312971115115,6.514462109655142,60.72276294231415,30.5,1.5,11.0,10.0,300.0,15.0,7.333333333333333,30.0
1.8125,x,gym_env,0.8782733678817749,4.3349184829806606e-16,0.999606728553772,0.644957959651947,1.4822906111569621e-15,-0.005191332660615444,-4.1508034310985256e-16,0.04980102926492691,-1.5627766148647967e-17,0.90625,0.0,1.0,0.5,0.0,0.0,14472.5810546875,14537.8779296875,14537.8779296875,14472.5810546875,-0.04508806467056274,0.0,0.0,0.0,30.171764016151428,3.1876312971115115,6.514462109655142,60.72276294231415,30.5,1.5,11.0,10.0,300.0,15.0,7.333333333333333,30.0
1.8333333333333333,x,gym_env,0.8918225169181824,4.654126290224792e-16,0.9995086789131165,0.6533029079437256,1.5659450673354545e-15,-0.004356372635811567,-4.327092957339215e-16,0.026138698682188988,-5.402809993819212e-18,0.9166666865348816,0.0,1.0,0.5,0.0,0.0,14714.5888671875,14313.001953125,14313.001953125,14714.5888671875,-0.04252469539642334,0.0,0.0,0.0,30.115954667329788,3.183061265945435,6.819735962897539,60.46357560157776,30.5,1.5,11.0,10.0,300.0,15.0,7.333333333333333,30.0
1.8541666666666665,x,gym_env,0.9054841995239258,4.991236932902531e-16,0.999433696269989,0.6567110419273376,1.6534339357870487e-15,-0.0030798232182860374,-4.524553013305341e-16,-0.0009007499902509153,6.767458654004082e-18,0.9270833134651184,0.0,1.0,0.5,0.0,0.0,14101.2470703125,14960.447265625,14960.447265625,14101.2470703125,-0.03886034488677979,0.0,0.0,0.0,30.115954667329788,3.183061265945435,6.819735962897539,60.46357560157776,30.5,1.5,11.0,10.0,300.0,15.0,7.333333333333333,30.0
1.875,x,gym_env,0.9191483855247498,5.347108825966361e-16,0.9993938207626343,0.6546270847320557,1.7452666009503998e-15,-0.0011399929644539952,-4.7408513467161995e-16,-0.022229041904211044,1.68602073587091e-17,0.9375,0.0,1.0,0.5,0.0,0.0,14741.1376953125,14323.4384765625,14323.4384765625,14741.1376953125,-0.034463036060333255,0.0,0.0,0.0,30.99506902694702,3.138820171356201,6.995378073304892,60.06820982694626,30.5,1.5,11.0,10.0,300.0,15.0,7.333333333333333,30.0
1.8958333333333333,x,gym_env,0.932714581489563,5.72262923642853e-16,0.9993924498558044,0.6483880877494812,1.841163330194677e-15,0.0006374954828061163,-4.924174687490448e-16,-0.04204322770237923,2.668424933655841e-17,0.9479166865348816,0.0,1.0,0.5,0.0,0.0,14544.345703125,14513.986328125,14513.986328125,14544.345703125,-0.02940114736557007,0.0,0.0,0.0,30.99506902694702,3.138820171356201,6.995378073304892,60.06820982694626,30.5,1.5,11.0,10.0,300.0,15.0,7.333333333333333,30.0
1.9166666666666665,x,gym_env,0.9460995197296143,6.118564199710712e-16,0.9994246959686279,0.6379199028015137,1.940538717874209e-15,0.0021263055969029665,-5.1347714303751e-16,-0.06477543711662292,3.834262718847061e-17,0.9583333134651184,0.0,1.0,0.5,0.0,0.0,14127.455078125,14948.9404296875,14948.9404296875,14127.455078125,-0.0254717230796814,0.0,0.0,0.0,31.346555054187775,3.1292848825454715,7.184323772788048,59.278750002384186,30.5,1.5,11.0,10.0,300.0,15.0,7.333333333333333,30.0
1.9375,x,gym_env,0.9592092037200928,6.535724220464311e-16,0.9994900822639465,0.6229791641235352,2.0441439763340926e-15,0.003776736557483673,-5.363832962114305e-16,-0.07980404049158096,4.6467092594570494e-17,0.96875,0.0,1.0,0.5,0.0,0.0,14437.8876953125,14592.380859375,14592.380859375,14437.8876953125,-0.024302864074707033,0.0,0.0,0.0,31.346555054187775,3.1292848825454715,7.184323772788048,59.278750002384186,30.5,1.5,11.0,10.0,300.0,15.0,7.333333333333333,30.0
1.9583333333333333,x,gym_env,0.971971333026886,6.974954743449804e-16,0.999576985836029,0.6054076552391052,2.151651092065503e-15,0.004413571674376726,-5.582986325953002e-16,-0.08809944242238998,5.127571848846786e-17,0.9791666865348816,0.0,1.0,0.5,0.0,0.0,14932.8466796875,14073.646484375,14073.646484375,14932.8466796875,-0.022383439540863036,0.0,0.0,0.0,31.22143977880478,3.1920819997787477,6.684540189802647,60.06628429889679,30.5,1.5,11.0,10.0,300.0,15.0,7.333333333333333,30.0
1.9791666666666665,x,gym_env,0.9843454957008362,7.437105448592407e-16,0.9996731877326965,0.5860231518745422,2.263380455280739e-15,0.004727092571556568,-5.839133324367439e-16,-0.10360174626111984,6.042667533007664e-17,0.9895833134651184,0.0,1.0,0.5,0.0,0.0,14079.552734375,14938.751953125,14938.751953125,14079.552734375,-0.01936969757080078,0.0,0.0,0.0,31.22143977880478,3.1920819997787477,6.684540189802647,60.06628429889679,30.5,1.5,11.0,10.0,300.0,15.0,7.333333333333333,30.0
2.0,x,gym_env,0.9962769746780396,7.923137718287253e-16,0.9997742176055908,0.5633801817893982,2.3799084719004077e-15,0.004880721215158701,-6.068261030555647e-16,-0.11634095013141632,6.828432204906897e-17,1.0,0.0,1.0,0.0,0.0,0.0,14065.9248046875,14925.125,14925.125,14065.9248046875,-0.11546385288238525,0.0,0.0,0.0,31.53761637210846,2.872178089618683,8.061125382781029,58.686331152915955,30.5,1.5,11.0,10.0,300.0,15.0,7.333333333333333,30.0
2.020833333333333,x,gym_env,1.0077075958251953,8.433950995645207e-16,0.9998703002929688,0.5387812852859497,2.5004514246900617e-15,0.004424847662448883,-6.274950833971089e-16,-0.11540030688047409,6.796824641084511e-17,1.0,0.0,1.0,0.0,0.0,0.0,15307.716796875,14448.517578125,14448.517578125,15307.716796875,-0.12126488685607911,0.0,0.0,0.0,31.53761637210846,2.872178089618683,8.061125382781029,58.686331152915955,30.5,1.5,11.0,10.0,300.0,15.0,7.333333333333333,30.0
2.0416666666666665,x,gym_env,1.0186123847961426,8.971253110846172e-16,1.0000932216644287,0.5132625102996826,2.63209495601172e-15,0.014886699616909027,-6.529578467036389e-16,-0.11741120368242264,6.957440616729647e-17,1.0,0.0,1.0,0.0,0.0,0.0,14952.1416015625,14092.94140625,14092.94140625,14952.1416015625,-0.12658922672271727,0.0,0.0,0.0,31.158138632774353,3.1156756639480596,7.316990843042731,59.55791902542114,30.5,1.5,11.0,10.0,300.0,15.0,7.333333333333333,30.0
2.0625,x,gym_env,1.0289932489395142,9.53583868667379e-16,1.0004065036773682,0.4879798889160156,2.762773505048219e-15,0.015095535665750504,-6.849802978515021e-16,-0.13323727250099182,8.051556383420477e-17,1.0,0.0,1.0,0.0,0.0,0.0,14993.32421875,14134.1240234375,14134.1240234375,14993.32421875,-0.1305614233016968,0.0,0.0,0.0,31.158138632774353,3.1156756639480596,7.316990843042731,59.55791902542114,30.5,1.5,11.0,10.0,300.0,15.0,7.333333333333333,30.0
2.083333333333333,x,gym_env,1.038803219795227,1.0128482228879206e-15,1.0007330179214478,0.45879101753234863,2.9000440879967245e-15,0.015964224934577942,-7.176746049452156e-16,-0.1627402901649475,1.0162994453966184e-16,1.0,0.0,1.0,0.0,0.0,0.0,14895.3427734375,14282.4541015625,14282.4541015625,14895.3427734375,-0.13253050446510317,0.0,0.0,0.0,31.963969230651855,3.0587561368942264,7.68145825038664,58.88449364900589,30.5,1.5,11.0,10.0,300.0,15.0,7.333333333333333,30.0
2.1041666666666665,x,gym_env,1.0479270219802856,1.0750460639630407e-15,1.0010735988616943,0.4230174124240875,3.043180585863203e-15,0.01642686501145363,-7.544550519160431e-16,-0.20354467630386353,1.3228472202784011e-16,1.0,0.0,1.0,0.0,0.0,0.0,14263.7900390625,15122.990234375,15122.990234375,14263.7900390625,-0.1318613052368164,0.0,0.0,0.0,31.963969230651855,3.0587561368942264,7.68145825038664,58.88449364900589,30.5,1.5,11.0,10.0,300.0,15.0,7.333333333333333,30.0
2.125,x,gym_env,1.0561950206756592,1.1403220227684829e-15,1.0014419555664062,0.37833142280578613,3.1940272011320636e-15,0.01828128471970558,-7.922722142747506e-16,-0.23986093699932098,1.6116804260339932e-16,1.0,0.0,1.0,0.0,0.0,0.0,14288.1337890625,15147.333984375,15147.333984375,14288.1337890625,-0.1287724792957306,0.0,0.0,0.0,31.869847238063812,3.043277764320374,7.564458115957677,58.69951444864273,30.5,1.5,11.0,10.0,300.0,15.0,7.333333333333333,30.0
2.145833333333333,x,gym_env,1.0634400844573975,1.2088164950152546e-15,1.001836895942688,0.32666197419166565,3.3510027350490195e-15,0.0192219540476799,-8.300373899863204e-16,-0.26224708557128906,1.8004155132478084e-16,1.0,0.0,1.0,0.0,0.0,0.0,14568.9521484375,14798.7998046875,14798.7998046875,14568.9521484375,-0.12379459738731385,0.0,0.0,0.0,31.869847238063812,3.043277764320374,7.564458115957677,58.69951444864273,30.5,1.5,11.0,10.0,300.0,15.0,7.333333333333333,30.0
2.1666666666666665,x,gym_env,1.0695573091506958,1.2806471124039058e-15,1.002223253250122,0.2711864411830902,3.5132531666450017e-15,0.017979593947529793,-8.655027653669764e-16,-0.27683189511299133,1.9305613315000436e-16,1.0,0.0,1.0,0.0,0.0,0.0,14786.068359375,14507.271484375,14507.271484375,14786.068359375,-0.11711422801017762,0.0,0.0,0.0,31.769295930862427,3.0763318061828615,7.352175083011389,59.04175442457199,30.5,1.5,11.0,10.0,300.0,15.0,7.333333333333333,30.0
2.1875,x,gym_env,1.0744861364364624,1.3559237774593428e-15,1.0025607347488403,0.21314045786857605,3.680768119766406e-15,0.014902791939675808,-9.01368628513006e-16,-0.29260334372520447,2.077776584175127e-16,1.0,0.0,1.0,0.0,0.0,0.0,14177.296875,15036.4970703125,15036.4970703125,14177.296875,-0.10865117013454437,0.0,0.0,0.0,31.769295930862427,3.0763318061828615,7.352175083011389,59.04175442457199,30.5,1.5,11.0,10.0,300.0,15.0,7.333333333333333,30.0
2.208333333333333,x,gym_env,1.0781716108322144,1.4347555456735244e-15,1.0028111934661865,0.15239779651165009,3.853509477930606e-15,0.009997408837080002,-9.365700472514739e-16,-0.30188366770744324,2.168734952518234e-16,1.0,0.0,1.0,0.0,0.0,0.0,14165.15234375,15024.3515625,15024.3515625,14165.15234375,-0.09867811352014541,0.0,0.0,0.0,31.56494653224945,3.1747517585754395,6.996799375861883,59.14453423023224,30.5,1.5,11.0,10.0,300.0,15.0,7.333333333333333,30.0
2.2291666666666665,x,gym_env,1.0805729627609253,1.5172632251205529e-15,1.0029491186141968,0.09052575379610062,4.032543443859959e-15,0.004369375761598349,-9.694699715931334e-16,-0.29739585518836975,2.1263691438234321e-16,1.0,0.0,1.0,0.0,0.0,0.0,14431.0224609375,14666.9599609375,14666.9599609375,14431.0224609375,-0.08778805769979954,0.0,0.0,0.0,31.56494653224945,3.1747517585754395,6.996799375861883,59.14453423023224,30.5,1.5,11.0,10.0,300.0,15.0,7.333333333333333,30.0
2.25,x,gym_env,1.081703782081604,1.6035770471160686e-15,1.0029561519622803,0.03042137809097767,4.2178153839293655e-15,-0.00226405612193048,-1.002509974008445e-15,-0.2851549983024597,2.0034187381092242e-16,1.0,0.0,1.0,0.0,0.0,0.0,14576.0458984375,14474.1552734375,14474.1552734375,14576.0458984375,-0.08700652234256268,0.0,0.0,0.0,31.71985524892807,3.211897659301758,6.680047612637281,59.52469480037689,30.5,1.5,11.0,10.0,300.0,15.0,7.333333333333333,30.0
2.270833333333333,x,gym_env,1.0816160440444946,1.6938431248434728e-15,1.0028257369995117,-0.026952391490340233,4.41046413393641e-15,-0.008814862929284573,-1.0351831052784772e-15,-0.27239930629730225,1.8715547664630429e-16,1.0,0.0,1.0,0.0,0.0,0.0,14076.0400390625,14935.240234375,14935.240234375,14076.0400390625,-0.09666246324777603,0.0,0.0,0.0,31.71985524892807,3.211897659301758,6.680047612637281,59.52469480037689,30.5,1.5,11.0,10.0,300.0,15.0,7.333333333333333,30.0
2.2916666666666665,x,gym_env,1.0803675651550293,1.7882142418706266e-15,1.0025639533996582,-0.08147449046373367,4.6103677211366875e-15,-0.014956014230847359,-1.0650442989218619e-15,-0.252109169960022,1.654215773667144e-16,1.0,0.0,1.0,0.0,0.0,0.0,14075.390625,14934.5908203125,14934.5908203125,14075.390625,-0.10431009829044342,0.0,0.0,0.0,31.524803638458252,3.241205072402954,6.640951544046402,59.07497614622116,30.5,1.5,11.0,10.0,300.0,15.0,7.333333333333333,30.0
2.3125,x,gym_env,1.0780364274978638,1.886845299347759e-15,1.0021878480911255,-0.13136835396289825,4.817967873212191e-15,-0.01991087943315506,-1.0932004152424237e-15,-0.21819376945495605,1.2814210887594595e-16,1.0,0.0,1.0,0.0,0.0,0.0,14952.310546875,14093.1103515625,14093.1103515625,14952.310546875,-0.109635066986084,0.0,0.0,0.0,31.524803638458252,3.241205072402954,6.640951544046402,59.07497614622116,30.5,1.5,11.0,10.0,300.0,15.0,7.333333333333333,30.0
2.333333333333333,x,gym_env,1.07474946975708,1.989911633094952e-15,1.0017348527908325,-0.17442798614501953,5.034520740023699e-15,-0.022770153358578682,-1.1267894008866746e-15,-0.18710169196128845,9.32776239620281e-17,1.0,0.0,1.0,0.0,0.0,0.0,14301.572265625,14763.873046875,14763.873046875,14301.572265625,-0.11292562186717987,0.0,0.0,0.0,31.757635176181793,3.1840276002883914,6.825853869318962,59.045731484889984,30.5,1.5,11.0,10.0,300.0,15.0,7.333333333333333,30.0
2.3541666666666665,x,gym_env,1.0706439018249512,2.0975993786023642e-15,1.0012400150299072,-0.2114086002111435,5.259789999378928e-15,-0.02426304668188095,-1.1612154668410495e-15,-0.15712100267410278,5.876129605921138e-17,1.0,0.0,1.0,0.0,0.0,0.0,14123.12109375,14982.3212890625,14982.3212890625,14123.12109375,-0.114236781001091,0.0,0.0,0.0,31.757635176181793,3.1840276002883914,6.825853869318962,59.045731484889984,30.5,1.5,11.0,10.0,300.0,15.0,7.333333333333333,30.0
2.375,x,gym_env,1.065845012664795,2.2100944596019183e-15,1.000736117362976,-0.2419588416814804,5.494155969071194e-15,-0.023988032713532448,-1.1936085478428957e-15,-0.1160353273153305,1.0276259137190213e-17,1.0,0.0,1.0,0.0,0.0,0.0,15024.9580078125,14165.7578125,14165.7578125,15024.9580078125,-0.11332817673683167,0.0,0.0,0.0,31.487891793251038,3.11497392654419,6.766244903206825,60.46067500114441,30.5,1.5,11.0,10.0,300.0,15.0,7.333333333333333,30.0
2.395833333333333,x,gym_env,1.0605130195617676,2.3275908466385354e-15,1.0002670288085938,-0.26407578587532043,5.738045977222387e-15,-0.021408870816230774,-1.2324416203427163e-15,-0.07782407104969025,-3.584920372849282e-17,1.0,0.0,1.0,0.0,0.0,0.0,14676.4599609375,14561.2451171875,14561.2451171875,14676.4599609375,-0.11055139899253846,0.0,0.0,0.0,31.487891793251038,3.11497392654419,6.766244903206825,60.46067500114441,30.5,1.5,11.0,10.0,300.0,15.0,7.333333333333333,30.0
2.4166666666666665,x,gym_env,1.0548179149627686,2.4502825102571367e-15,0.9998670816421509,-0.2786674201488495,5.991137304279604e-15,-0.01765742152929306,-1.2741113003037732e-15,-0.04630241170525551,-7.507792995018739e-17,1.0,0.0,1.0,0.0,0.0,0.0,14195.484375,15054.6845703125,15054.6845703125,14195.484375,-0.10620558261871338,0.0,0.0,0.0,31.803609430789948,3.23220853805542,6.768792029470205,59.13804417848587,30.5,1.5,11.0,10.0,300.0,15.0,7.333333333333333,30.0
2.4375,x,gym_env,1.048902153968811,2.5783579152884864e-15,0.9995546936988831,-0.2865171432495117,6.25297763464901e-15,-0.013184693641960621,-1.314989957371213e-15,-0.007319939788430929,-1.2520803968621625e-16,1.0,0.0,1.0,0.0,0.0,0.0,14712.1162109375,14582.6826171875,14582.6826171875,14712.1162109375,-0.10010865926742554,0.0,0.0,0.0,31.803609430789948,3.23220853805542,6.768792029470205,59.13804417848587,30.5,1.5,11.0,10.0,300.0,15.0,7.333333333333333,30.0
2.458333333333333,x,gym_env,1.042925238609314,2.7119917622779556e-15,0.9993435740470886,-0.28591710329055786,6.523041384386835e-15,-0.008102706633508205,-1.3591056567257035e-15,0.035823747515678406,-1.8247250941362108e-16,1.0,0.0,1.0,0.0,0.0,0.0,15101.1181640625,14241.91796875,14241.91796875,15101.1181640625,-0.09238218069076538,0.0,0.0,0.0,31.665631592273712,3.1566395044326785,6.827345188707113,58.81482291221619,30.5,1.5,11.0,10.0,300.0,15.0,7.333333333333333,30.0
2.4791666666666665,x,gym_env,1.0370724201202393,2.8513598105620996e-15,0.9992471933364868,-0.2765488028526306,6.801788068866964e-15,-0.002352556213736534,-1.4072779027437133e-15,0.06973743438720703,-2.290062098998368e-16,1.0,0.0,1.0,0.0,0.0,0.0,14750.5517578125,14576.6015625,14576.6015625,14750.5517578125,-0.08360410332679749,0.0,0.0,0.0,31.665631592273712,3.1566395044326785,6.827345188707113,58.81482291221619,30.5,1.5,11.0,10.0,300.0,15.0,7.333333333333333,30.0
2.5,x,gym_env,1.0315018892288208,2.9966268080491593e-15,0.9992608428001404,-0.2605110704898834,7.08790690460352e-15,0.002601143205538392,-1.4566765465902289e-15,0.09637761116027832,-2.6691456064927217e-16,1.0,0.0,1.0,0.0,0.0,0.0,14214.3818359375,15073.5810546875,15073.5810546875,14214.3818359375,-0.07409826219081879,0.0,0.0,0.0,31.413128554821014,3.1398119926452637,6.569444879889488,58.903442680835724,30.5,1.5,11.0,10.0,300.0,15.0,7.333333333333333,30.0
2.520833333333333,x,gym_env,1.026335597038269,3.1479486088014296e-15,0.9993667602539062,-0.23881332576274872,7.381492335770123e-15,0.006653561722487211,-1.507239331343627e-15,0.13012585043907166,-3.1692161237993274e-16,1.0,0.0,1.0,0.0,0.0,0.0,15061.9853515625,14202.7861328125,14202.7861328125,15061.9853515625,-0.06372077763080597,0.0,0.0,0.0,31.413128554821014,3.1398119926452637,6.569444879889488,58.903442680835724,30.5,1.5,11.0,10.0,300.0,15.0,7.333333333333333,30.0
2.5416666666666665,x,gym_env,1.021707534790039,3.3054706907276014e-15,0.999542772769928,-0.21006621420383453,7.681703682166623e-15,0.009514355100691319,-1.560920467892342e-15,0.16104170680046082,-3.644046382766735e-16,1.0,0.0,1.0,0.0,0.0,0.0,15055.5537109375,14196.353515625,14196.353515625,15055.5537109375,-0.05286916196346283,0.0,0.0,0.0,30.522088885307312,3.1967705965042117,6.601375371217728,59.99380558729172,30.5,1.5,11.0,10.0,300.0,15.0,7.333333333333333,30.0
2.5625,x,gym_env,1.017755150794983,3.469338108219892e-15,0.9997647404670715,-0.1755700558423996,7.989380776960223e-15,0.011313867755234241,-1.6122878280665134e-15,0.17811882495880127,-3.915297566817492e-16,1.0,0.0,1.0,0.0,0.0,0.0,14691.3251953125,14474.408203125,14474.408203125,14691.3251953125,-0.04221034646034241,0.0,0.0,0.0,30.522088885307312,3.1967705965042117,6.601375371217728,59.99380558729172,30.5,1.5,11.0,10.0,300.0,15.0,7.333333333333333,30.0
2.583333333333333,x,gym_env,1.0145604610443115,3.639692104022256e-15,0.9999996423721313,-0.13824942708015442,8.303092981503009e-15,0.011199241504073143,-1.656774739610138e-15,0.18757961690425873,-4.0696849386245534e-16,1.0,0.0,1.0,0.0,0.0,0.0,14459.3056640625,14614.3896484375,14614.3896484375,14459.3056640625,-0.03203038722276688,0.0,0.0,0.0,30.823391377925873,3.2187566757202153,6.424292713403702,61.14932268857956,30.5,1.5,11.0,10.0,300.0,15.0,7.333333333333333,30.0
2.6041666666666665,x,gym_env,1.0121638774871826,3.8166542273626244e-15,1.0002115964889526,-0.0993325486779213,8.62260312656975e-15,0.00944474060088396,-1.7017944348775857e-15,0.19712546467781067,-4.2303242076757394e-16,1.0,0.0,1.0,0.0,0.0,0.0,14933.8134765625,14074.61328125,14074.61328125,14933.8134765625,-0.02236536145210266,0.0,0.0,0.0,30.823391377925873,3.2187566757202153,6.424292713403702,61.14932268857956,30.5,1.5,11.0,10.0,300.0,15.0,7.333333333333333,30.0
2.625,x,gym_env,1.0105985403060913,4.000355768347822e-15,1.000373363494873,-0.05883410573005676,8.94878704422791e-15,0.006610199809074402,-1.7442231622385009e-15,0.19944709539413452,-4.268379809809099e-16,1.0,0.0,1.0,0.0,0.0,0.0,14905.2001953125,14046.0009765625,14046.0009765625,14905.2001953125,-0.013601115718483926,0.0,0.0,0.0,30.92340111732483,3.3279389381408695,6.3223161324858665,60.584721356630325,30.5,1.5,11.0,10.0,300.0,15.0,7.333333333333333,30.0
2.645833333333333,x,gym_env,1.0098780393600464,4.190940722578881e-15,1.0004655122756958,-0.01861538179218769,9.282139401718681e-15,0.003002249402925372,-1.7781824071598203e-15,0.18811511993408203,-4.0629653203748666e-16,1.0,0.0,1.0,0.0,0.0,0.0,14111.91796875,14804.1162109375,14804.1162109375,14111.91796875,-0.013773098960518837,0.0,0.0,0.0,30.92340111732483,3.3279389381408695,6.3223161324858665,60.584721356630325,30.5,1.5,11.0,10.0,300.0,15.0,7.333333333333333,30.0
2.6666666666666665,x,gym_env,1.009965419769287,4.388567908733413e-15,1.000481128692627,0.019038395956158638,9.62322347595199e-15,-0.0006822269060648978,-1.813764567208079e-15,0.17793063819408417,-3.875675483127304e-16,1.0,0.0,1.0,0.0,0.0,0.0,14883.49609375,14024.2958984375,14024.2958984375,14883.49609375,-0.021741356700658798,0.0,0.0,0.0,30.14496099948883,3.190025615692139,6.526128087192774,61.299137741327286,30.5,1.5,11.0,10.0,300.0,15.0,7.333333333333333,30.0
2.6875,x,gym_env,1.0108106136322021,4.593405039334973e-15,1.0004242658615112,0.05465371534228325,9.972689788231327e-15,-0.0040503512136638165,-1.853951198357612e-15,0.16397501528263092,-3.6140412994014356e-16,1.0,0.0,1.0,0.0,0.0,0.0,14880.6591796875,14021.458984375,14021.458984375,14880.6591796875,-0.02973404973745346,0.0,0.0,0.0,30.14496099948883,3.190025615692139,6.526128087192774,61.299137741327286,30.5,1.5,11.0,10.0,300.0,15.0,7.333333333333333,30.0
2.708333333333333,x,gym_env,1.012359857559204,4.805641002730799e-15,1.0003025531768799,0.0868709608912468,1.0331744513473583e-14,-0.006931743118911982,-1.889694082907612e-15,0.13642732799053192,-3.091399736330667e-16,1.0,0.0,1.0,0.0,0.0,0.0,14034.4873046875,14893.6875,14893.6875,14034.4873046875,-0.03720025569200516,0.0,0.0,0.0,30.591471195220947,3.292476034164429,6.358435742557049,61.13358050584793,30.5,1.5,11.0,10.0,300.0,15.0,7.333333333333333,30.0
2.7291666666666665,x,gym_env,1.0145117044448853,5.025491792322442e-15,1.0001357793807983,0.11344275623559952,1.070153792242113e-14,-0.008621937595307827,-1.9254841895444217e-15,0.111668661236763,-2.615289928217313e-16,1.0,0.0,1.0,0.0,0.0,0.0,14651.6796875,14306.7763671875,14306.7763671875,14651.6796875,-0.04420347809791565,0.0,0.0,0.0,30.591471195220947,3.292476034164429,6.358435742557049,61.13358050584793,30.5,1.5,11.0,10.0,300.0,15.0,7.333333333333333,30.0
2.75,x,gym_env,1.0171546936035156,5.2531691663467144e-15,0.9999448657035828,0.13524392247200012,1.1080997671362742e-14,-0.009460960514843464,-1.9608620028941552e-15,0.08911552280187607,-2.1741960650967582e-16,1.0,0.0,1.0,0.0,0.0,0.0,14927.0751953125,14067.875,14067.875,14927.0751953125,-0.050619897246360776,0.0,0.0,0.0,30.86588543653488,3.248173189163208,6.5130616165697575,60.053745210170746,30.5,1.5,11.0,10.0,300.0,15.0,7.333333333333333,30.0
2.770833333333333,x,gym_env,1.0201932191848755,5.488878530293326e-15,0.9997506141662598,0.15213339030742645,1.147066670841761e-14,-0.00916592963039875,-1.9986064262985173e-15,0.056219831109046936,-1.5206936026778144e-16,1.0,0.0,1.0,0.0,0.0,0.0,14115.0078125,14940.455078125,14940.455078125,14115.0078125,-0.055939975380897525,0.0,0.0,0.0,30.86588543653488,3.248173189163208,6.5130616165697575,60.053745210170746,30.5,1.5,11.0,10.0,300.0,15.0,7.333333333333333,30.0
2.7916666666666665,x,gym_env,1.0235003232955933,5.7328430773438774e-15,0.9995789527893066,0.1621982604265213,1.1871188778625648e-14,-0.007577685173600912,-2.0337405059176784e-15,0.02582695335149765,-9.075958691574318e-17,1.0,0.0,1.0,0.0,0.0,0.0,14620.1298828125,14473.7216796875,14473.7216796875,14620.1298828125,-0.06019848287105561,0.0,0.0,0.0,30.385742634534836,3.2653714656829838,6.538673538714647,60.66514042019844,30.5,1.5,11.0,10.0,300.0,15.0,7.333333333333333,30.0
2.8125,x,gym_env,1.0269395112991333,5.985262283757448e-15,0.9994481801986694,0.1662948578596115,1.2280412418300829e-14,-0.0053939553909003735,-2.0704350319839188e-15,-0.0006512586842291057,-3.637678944934649e-17,1.0,0.0,1.0,0.0,0.0,0.0,14990.712890625,14131.5126953125,14131.5126953125,14990.712890625,-0.06332188248634338,0.0,0.0,0.0,30.385742634534836,3.2653714656829838,6.538673538714647,60.66514042019844,30.5,1.5,11.0,10.0,300.0,15.0,7.333333333333333,30.0
2.833333333333333,x,gym_env,1.030394196510315,6.2463165675518025e-15,0.999370813369751,0.1646384298801422,1.2698421483704932e-14,-0.0025993073359131813,-2.108919762184181e-15,-0.03624142333865166,3.8039882392998655e-17,1.0,0.0,1.0,0.0,0.0,0.0,14152.3671875,15011.5673828125,15011.5673828125,14152.3671875,-0.06482026278972626,0.0,0.0,0.0,31.031224250793457,3.2793069362640384,6.412464484572411,60.59900030493736,30.5,1.5,11.0,10.0,300.0,15.0,7.333333333333333,30.0
2.8541666666666665,x,gym_env,1.0337225198745728,6.516185499711759e-15,0.9993571043014526,0.15548871457576752,1.312477382363949e-14,0.0005925785517320037,-2.14674147734498e-15,-0.06898972392082214,1.0778257349283537e-16,1.0,0.0,1.0,0.0,0.0,0.0,14159.5302734375,15018.73046875,15018.73046875,14159.5302734375,-0.0648024708032608,0.0,0.0,0.0,31.031224250793457,3.2793069362640384,6.412464484572411,60.59900030493736,30.5,1.5,11.0,10.0,300.0,15.0,7.333333333333333,30.0
2.875,x,gym_env,1.0367777347564697,6.7950206991348756e-15,0.9994080066680908,0.14012368023395538,1.3557777066275888e-14,0.0036287070252001286,-2.182505114202188e-15,-0.08793371915817261,1.4893267815009056e-16,1.0,0.0,1.0,0.0,0.0,0.0,15001.37109375,14142.1708984375,14142.1708984375,15001.37109375,-0.06366704851388931,0.0,0.0,0.0,30.500792026519775,3.1382114648818975,6.776029109954834,59.874772906303406,30.5,1.5,11.0,10.0,300.0,15.0,7.333333333333333,30.0
2.895833333333333,x,gym_env,1.0394641160964966,7.0829394798843474e-15,0.9995120167732239,0.12101466208696365,1.3995802367256557e-14,0.005857635755091906,-2.2195064779535712e-15,-0.10959061235189438,1.9692565758574782e-16,1.0,0.0,1.0,0.0,0.0,0.0,14394.6904296875,14727.54296875,14727.54296875,14394.6904296875,-0.06114989966154098,0.0,0.0,0.0,30.500792026519775,3.1382114648818975,6.776029109954834,59.874772906303406,30.5,1.5,11.0,10.0,300.0,15.0,7.333333333333333,30.0
2.9166666666666665,x,gym_env,1.0416970252990723,7.38004052129853e-15,0.9996511340141296,0.0972643718123436,1.443820682857453e-14,0.007141254376620054,-2.2534750402373105e-15,-0.13350807130336761,2.508558218209555e-16,1.0,0.0,1.0,0.0,0.0,0.0,14126.9033203125,14986.1025390625,14986.1025390625,14126.9033203125,-0.057173213362693785,0.0,0.0,0.0,30.53407484292984,3.234068870544434,6.4432481080293655,60.542982667684555,30.5,1.5,11.0,10.0,300.0,15.0,7.333333333333333,30.0
2.9375,x,gym_env,1.043375849723816,7.686415726452199e-15,0.9998098611831665,0.06898681819438934,1.4885089553084638e-14,0.007873785682022572,-2.2841681261140173e-15,-0.14703035354614258,2.818991822911316e-16,1.0,0.0,1.0,0.0,0.0,0.0,14297.1767578125,14765.6103515625,14765.6103515625,14297.1767578125,-0.05214508175849915,0.0,0.0,0.0,30.53407484292984,3.234068870544434,6.4432481080293655,60.542982667684555,30.5,1.5,11.0,10.0,300.0,15.0,7.333333333333333,30.0
2.958333333333333,x,gym_env,1.044434666633606,8.002136246112925e-15,0.9999688863754272,0.03855207562446594,1.5334952139503186e-14,0.007447936572134495,-2.3136395787225466e-15,-0.15057072043418884,2.902435685523297e-16,1.0,0.0,1.0,0.0,0.0,0.0,14867.126953125,14127.2451171875,14127.2451171875,14867.126953125,-0.04636133443564176,0.0,0.0,0.0,31.692286431789398,3.274382448196411,6.470102183520794,59.73985576629639,30.5,1.5,11.0,10.0,300.0,15.0,7.333333333333333,30.0
2.9791666666666665,x,gym_env,1.044851541519165,8.327273231048277e-15,1.0001065731048584,0.007548964582383633,1.578842816847472e-14,0.006034564692527056,-2.3449234700799633e-15,-0.15818119049072266,3.0832650436634734e-16,1.0,0.0,1.0,0.0,0.0,0.0,14050.158203125,14909.357421875,14909.357421875,14050.158203125,-0.049597694724798205,0.0,0.0,0.0,31.692286431789398,3.274382448196411,6.470102183520794,59.73985576629639,30.5,1.5,11.0,10.0,300.0,15.0,7.333333333333333,30.0
3.0,x,gym_env,1.0446051359176636,8.661911384552981e-15,1.000206470489502,-0.02496279403567314,1.6246083458008008e-14,0.003929927479475737,-2.3758204791387216e-15,-0.1622989922761917,3.182717828978561e-16,1.0,0.0,1.0,-0.6000000238418579,0.0,0.0,14022.58203125,14881.78125,14881.78125,14022.58203125,-0.15215488672256472,0.0,0.0,0.0,32.02118790149689,3.0988415956497195,7.625117676798254,60.180260956287384,30.5,1.5,11.0,10.0,300.0,15.0,7.333333333333333,30.0
3.020833333333333,x,gym_env,1.0436753034591675,9.006124398493447e-15,1.0002515316009521,-0.05760211497545242,1.6707021847244853e-14,0.001014163950458169,-2.4002004167013053e-15,-0.15278345346450806,2.9541536643980725e-16,0.987500011920929,0.0,1.0,-0.6000000238418579,0.0,0.0,15621.5859375,14762.3857421875,14762.3857421875,15621.5859375,-0.15626610517501832,0.0,0.0,0.0,32.02118790149689,3.0988415956497195,7.625117676798254,60.180260956287384,30.5,1.5,11.0,10.0,300.0,15.0,7.333333333333333,30.0
3.0416666666666665,x,gym_env,1.0420485734939575,9.36063902713842e-15,1.0005038976669312,-0.09141231328248978,1.7224042287919406e-14,0.019555343315005302,-2.430183688968213e-15,-0.14642487466335297,2.800871141191586e-16,0.9750000238418579,0.0,1.0,-0.6000000238418579,0.0,0.0,14843.41796875,13984.21875,13984.21875,14843.41796875,-0.16055409908294677,0.0,0.0,0.0,32.70709401369095,3.0131009340286257,7.642124237027019,59.6829748749733,30.5,1.5,11.0,10.0,300.0,15.0,7.333333333333333,30.0
3.0625,x,gym_env,1.0397741794586182,9.725337532908232e-15,1.0008667707443237,-0.1211002990603447,1.7694003272110403e-14,0.01598140224814415,-2.4682192799481938e-15,-0.15394903719425201,2.988664963042765e-16,0.9624999761581421,0.0,1.0,-0.6000000238418579,0.0,0.0,14966.5380859375,14107.337890625,14107.337890625,14966.5380859375,-0.16368250250816346,0.0,0.0,0.0,32.70709401369095,3.0131009340286257,7.642124237027019,59.6829748749733,30.5,1.5,11.0,10.0,300.0,15.0,7.333333333333333,30.0
3.083333333333333,x,gym_env,1.0368537902832031,1.0100003075368385e-14,1.001194953918457,-0.15335658192634583,1.8177943688062886e-14,0.015524428337812424,-2.5116693172852608e-15,-0.17511242628097534,3.5235167707460004e-16,0.949999988079071,0.0,1.0,-0.6000000238418579,0.0,0.0,15032.958984375,14173.759765625,14173.759765625,15032.958984375,-0.1650465726852417,0.0,0.0,0.0,32.47097831964493,3.0775828599929813,7.6039357664994895,60.0333446264267,30.5,1.5,11.0,10.0,300.0,15.0,7.333333333333333,30.0
3.1041666666666665,x,gym_env,1.0332015752792358,1.0484868588579374e-14,1.0015273094177246,-0.19077511131763458,1.8671192996105694e-14,0.0160862747579813,-2.5636136127756308e-15,-0.20996585488319397,4.425021612744837e-16,0.9375,0.0,1.0,-0.6000000238418579,0.0,0.0,14280.33203125,15125.8623046875,15125.8623046875,14280.33203125,-0.16397811770439147,0.0,0.0,0.0,32.47097831964493,3.0775828599929813,7.6039357664994895,60.0333446264267,30.5,1.5,11.0,10.0,300.0,15.0,7.333333333333333,30.0
3.125,x,gym_env,1.0286743640899658,1.0880138207481488e-14,1.001888632774353,-0.23598125576972961,1.9174333954906538e-14,0.017963463440537453,-2.614440883566809e-15,-0.24205979704856873,5.276985085845545e-16,0.925000011920929,0.0,1.0,-0.6000000238418579,0.0,0.0,14302.0380859375,15161.23828125,15161.23828125,14302.0380859375,-0.1606522023677826,0.0,0.0,0.0,31.729709684848785,3.0357614994049076,7.403448643162847,60.34868437051773,30.5,1.5,11.0,10.0,300.0,15.0,7.333333333333333,30.0
3.145833333333333,x,gym_env,1.0231233835220337,1.128594322218155e-14,1.002280592918396,-0.28735587000846863,1.9681860850308264e-14,0.019224347546696663,-2.6566288418124672e-15,-0.2603132724761963,5.773405155847281e-16,0.9125000238418579,0.0,1.0,-0.6000000238418579,0.0,0.0,15099.421875,14240.2216796875,14240.2216796875,15099.421875,-0.15559637546539307,0.0,0.0,0.0,31.729709684848785,3.0357614994049076,7.403448643162847,60.34868437051773,30.5,1.5,11.0,10.0,300.0,15.0,7.333333333333333,30.0
3.1666666666666665,x,gym_env,1.0164614915847778,1.1702301420371455e-14,1.0026651620864868,-0.3418254852294922,2.0187797017835046e-14,0.017829259857535362,-2.6993877002645748e-15,-0.2812829613685608,6.356521165582862e-16,0.8999999761581421,0.0,1.0,-0.6000000238418579,0.0,0.0,14284.0166015625,15075.001953125,15075.001953125,14284.0166015625,-0.14848145246505737,0.0,0.0,0.0,31.435600340366364,3.0684675693511965,7.063826762139797,60.80116739869118,30.5,1.5,11.0,10.0,300.0,15.0,7.333333333333333,30.0
3.1875,x,gym_env,1.0086122751235962,1.2129228895677198e-14,1.0030090808868408,-0.40065425634384155,2.0695738959380927e-14,0.015442018397152424,-2.7413219721425302e-15,-0.30010175704956055,6.890745904207334e-16,0.887499988079071,0.0,1.0,-0.6000000238418579,0.0,0.0,14181.1767578125,15040.3759765625,15040.3759765625,14181.1767578125,-0.1395852029323578,0.0,0.0,0.0,31.435600340366364,3.0684675693511965,7.063826762139797,60.80116739869118,30.5,1.5,11.0,10.0,300.0,15.0,7.333333333333333,30.0
3.208333333333333,x,gym_env,0.999500572681427,1.2566696001945626e-14,1.0032665729522705,-0.46207693219184875,2.1200651911107427e-14,0.010227857157588005,-2.772910160086248e-15,-0.30554038286209106,7.048281326902425e-16,0.875,0.0,1.0,-0.6000000238418579,0.0,0.0,14118.1689453125,14977.369140625,14977.369140625,14118.1689453125,-0.12942603826522828,0.0,0.0,0.0,31.79443621635437,3.143874788284302,7.483603266067803,59.64792025089264,30.5,1.5,11.0,10.0,300.0,15.0,7.333333333333333,30.0
3.2291666666666665,x,gym_env,0.9891058802604675,1.3014667163792955e-14,1.0033906698226929,-0.5233992338180542,2.170448066066144e-14,0.0031444558408111334,-2.7937211243255758e-15,-0.29724064469337463,6.807260219343582e-16,0.862500011920929,0.0,1.0,-0.6000000238418579,0.0,0.0,15017.556640625,14158.3564453125,14158.3564453125,15017.556640625,-0.11830964088439941,0.0,0.0,0.0,31.79443621635437,3.143874788284302,7.483603266067803,59.64792025089264,30.5,1.5,11.0,10.0,300.0,15.0,7.333333333333333,30.0
3.25,x,gym_env,0.9774507880210876,1.3473235554843383e-14,1.0033870935440063,-0.5832056999206543,2.2216554428924028e-14,-0.002299269661307335,-2.8173012510277146e-15,-0.29171833395957947,6.646903647538542e-16,0.8499999642372131,0.0,1.0,-0.6000000238418579,0.0,0.0,14056.931640625,14916.1318359375,14916.1318359375,14056.931640625,-0.1227946162223816,0.0,0.0,0.0,31.771500885486603,3.0936106920242312,7.4125899858772755,59.10127514600754,30.5,1.5,11.0,10.0,300.0,15.0,7.333333333333333,30.0
3.270833333333333,x,gym_env,0.9645755290985107,1.3942439291579536e-14,1.0032401084899902,-0.6410952806472778,2.2725866869778566e-14,-0.010191398672759533,-2.8408438965219374e-15,-0.283507764339447,6.405660723226637e-16,0.8374999761581421,0.0,1.0,-0.6000000238418579,0.0,0.0,14086.859375,14946.0595703125,14946.0595703125,14086.859375,-0.13240675926208495,0.0,0.0,0.0,31.771500885486603,3.0936106920242312,7.4125899858772755,59.10127514600754,30.5,1.5,11.0,10.0,300.0,15.0,7.333333333333333,30.0
3.2916666666666665,x,gym_env,0.9505150318145752,1.4422352065867824e-14,1.0029456615447998,-0.6969585418701172,2.3243295580333695e-14,-0.0166312325745821,-2.8530612879948966e-15,-0.2616434693336487,5.760751542406486e-16,0.824999988079071,0.0,1.0,-0.6000000238418579,0.0,0.0,14409.0810546875,14674.3466796875,14674.3466796875,14409.0810546875,-0.13997079133987428,0.0,0.0,0.0,30.758388817310333,3.118770742416382,7.34159354493022,60.00429856777191,30.5,1.5,11.0,10.0,300.0,15.0,7.333333333333333,30.0
3.3125,x,gym_env,0.9353458285331726,1.4913148366495384e-14,1.002539038658142,-0.7481247782707214,2.376914718651632e-14,-0.021234147250652313,-2.8574743296500916e-15,-0.2318144291639328,4.884507605174937e-16,0.8125,0.0,1.0,-0.6000000238418579,0.0,0.0,14234.53515625,14748.80859375,14748.80859375,14234.53515625,-0.14522727727890014,0.0,0.0,0.0,30.758388817310333,3.118770742416382,7.34159354493022,60.00429856777191,30.5,1.5,11.0,10.0,300.0,15.0,7.333333333333333,30.0
3.333333333333333,x,gym_env,0.9191914796829224,1.541493746071241e-14,1.0020389556884766,-0.7926790118217468,2.4297956631750758e-14,-0.025646576657891273,-2.8597090143231852e-15,-0.19545452296733856,3.8230990893000456e-16,0.800000011920929,0.0,1.0,-0.6000000238418579,0.0,0.0,14624.4794921875,14434.7412109375,14434.7412109375,14624.4794921875,-0.14817847013473512,0.0,0.0,0.0,31.49395328760147,3.0534765005111697,7.113105155527592,59.01678305864334,30.5,1.5,11.0,10.0,300.0,15.0,7.333333333333333,30.0
3.3541666666666665,x,gym_env,0.9021989703178406,1.592786165005404e-14,1.0014790296554565,-0.8298975825309753,2.4836012288637424e-14,-0.02749938704073429,-2.8633413033592485e-15,-0.15772745013237,2.7288439592196127e-16,0.7874999642372131,0.0,1.0,-0.6000000238418579,0.0,0.0,15034.173828125,14174.9736328125,14174.9736328125,15034.173828125,-0.14902820587158203,0.0,0.0,0.0,31.49395328760147,3.0534765005111697,7.113105155527592,59.01678305864334,30.5,1.5,11.0,10.0,300.0,15.0,7.333333333333333,30.0
3.375,x,gym_env,0.8845215439796448,1.645214455121835e-14,1.0009255409240723,-0.8600331544876099,2.538602805073932e-14,-0.025812359526753426,-2.8737314330067433e-15,-0.12954886257648468,1.9143045193109674e-16,0.7749999761581421,0.0,1.0,-0.6000000238418579,0.0,0.0,14180.498046875,15039.6982421875,15039.6982421875,14180.498046875,-0.14817595481872559,0.0,0.0,0.0,30.637964069843292,3.098319268226624,7.081830162554979,60.42223286628723,30.5,1.5,11.0,10.0,300.0,15.0,7.333333333333333,30.0
3.395833333333333,x,gym_env,0.8662898540496826,1.6987948794531214e-14,1.0004194974899292,-0.8844304084777832,2.594078719734584e-14,-0.023179633542895317,-2.8837315039820276e-15,-0.09866580367088318,1.0212901899916204e-16,0.762499988079071,0.0,1.0,-0.6000000238418579,0.0,0.0,14148.8681640625,15008.068359375,15008.068359375,14148.8681640625,-0.1454801917076111,0.0,0.0,0.0,30.637964069843292,3.098319268226624,7.081830162554979,60.42223286628723,30.5,1.5,11.0,10.0,300.0,15.0,7.333333333333333,30.0
3.4166666666666665,x,gym_env,0.847633957862854,1.7535323507903572e-14,0.9999662637710571,-0.9017311334609985,2.6496600052938746e-14,-0.020705997943878174,-2.8924542492728524e-15,-0.05411194637417793,-2.6707646967365084e-17,0.75,0.0,1.0,-0.6000000238418579,0.0,0.0,14892.0703125,14384.96875,14384.96875,14892.0703125,-0.14066215753555297,0.0,0.0,0.0,31.050644636154175,2.9290086865425113,7.362174699082971,59.04955583810806,30.5,1.5,11.0,10.0,300.0,15.0,7.333333333333333,30.0
3.4375,x,gym_env,0.8287323713302612,1.8094372029354988e-14,0.9995928406715393,-0.9096489548683167,2.7059827834951915e-14,-0.01601315476000309,-2.9076976659498776e-15,-0.00907315593212843,-1.5712307646845581e-16,0.737500011920929,0.0,1.0,-0.6000000238418579,0.0,0.0,15110.556640625,14251.3564453125,14251.3564453125,15110.556640625,-0.13399906158447267,0.0,0.0,0.0,31.050644636154175,2.9290086865425113,7.362174699082971,59.04955583810806,30.5,1.5,11.0,10.0,300.0,15.0,7.333333333333333,30.0
3.458333333333333,x,gym_env,0.8097814321517944,1.8665231578222918e-14,0.9993370771408081,-0.9085882306098938,2.762901364671607e-14,-0.00978180207312107,-2.929413049618636e-15,0.0243024080991745,-2.542424977720946e-16,0.7249999642372131,0.0,1.0,-0.6000000238418579,0.0,0.0,14512.552734375,14823.62890625,14823.62890625,14512.552734375,-0.12609968185424805,0.0,0.0,0.0,28.80344444513321,2.9114830136299137,7.178981801494956,61.10842180252075,30.5,1.5,11.0,10.0,300.0,15.0,7.333333333333333,30.0
3.4791666666666665,x,gym_env,0.7909396886825562,1.9247952976484198e-14,0.9992037415504456,-0.9007998108863831,2.8198736477368785e-14,-0.004175733309239149,-2.953436174552189e-15,0.055081818252801895,-3.4457911746213737e-16,0.7124999761581421,0.0,1.0,-0.6000000238418579,0.0,0.0,14251.22265625,15110.4228515625,15110.4228515625,14251.22265625,-0.11708192825317383,0.0,0.0,0.0,28.80344444513321,2.9114830136299137,7.178981801494956,61.10842180252075,30.5,1.5,11.0,10.0,300.0,15.0,7.333333333333333,30.0
3.5,x,gym_env,0.7723426818847656,1.9842585352049767e-14,0.9991900324821472,-0.8861961364746094,2.877140528861205e-14,0.0016200813697651029,-2.9817268632322457e-15,0.0960918590426445,-4.663307597977436e-16,0.699999988079071,0.0,1.0,-0.6000000238418579,0.0,0.0,15096.544921875,14237.3447265625,14237.3447265625,15096.544921875,-0.10674945116043091,0.0,0.0,0.0,30.48948335647583,2.949356007575989,7.429347595199943,60.14659655094147,30.5,1.5,11.0,10.0,300.0,15.0,7.333333333333333,30.0
3.520833333333333,x,gym_env,0.7541559934616089,2.0449132093051416e-14,0.9992835521697998,-0.8629672527313232,2.9342803550434435e-14,0.006279908586293459,-3.014822981580313e-15,0.13423553109169006,-5.811427406058342e-16,0.6875,0.0,1.0,-0.6000000238418579,0.0,0.0,15062.6103515625,14203.41015625,14203.41015625,15062.6103515625,-0.09556025266647339,0.0,0.0,0.0,30.48948335647583,2.949356007575989,7.429347595199943,60.14659655094147,30.5,1.5,11.0,10.0,300.0,15.0,7.333333333333333,30.0
3.5416666666666665,x,gym_env,0.7365478873252869,2.1067544071578202e-14,0.9994507431983948,-0.8325618505477905,2.991118976309638e-14,0.009078364819288254,-3.044438853306349e-15,0.1585008054971695,-6.551344037407272e-16,0.675000011920929,0.0,1.0,-0.6000000238418579,0.0,0.0,15030.8623046875,14171.662109375,14171.662109375,15030.8623046875,-0.08421680927276612,0.0,0.0,0.0,30.062546968460083,2.925329637527466,7.364468278363347,60.902419090270996,30.5,1.5,11.0,10.0,300.0,15.0,7.333333333333333,30.0
3.5625,x,gym_env,0.7196308970451355,2.1697775547850975e-14,0.9996561408042908,-0.7979296445846558,3.04778581929413e-14,0.01031188853085041,-3.065804200609655e-15,0.16895823180675507,-6.872291173869031e-16,0.6624999642372131,0.0,1.0,-0.6000000238418579,0.0,0.0,14156.4892578125,15015.6884765625,15015.6884765625,14156.4892578125,-0.07324384450912476,0.0,0.0,0.0,30.062546968460083,2.925329637527466,7.364468278363347,60.902419090270996,30.5,1.5,11.0,10.0,300.0,15.0,7.333333333333333,30.0
3.583333333333333,x,gym_env,0.7034608125686646,2.2339819745606157e-14,0.9998773336410522,-0.7614150047302246,3.104530589309769e-14,0.010779023170471191,-3.0893629397298755e-15,0.18214836716651917,-7.281981952214623e-16,0.6499999761581421,0.0,1.0,-0.6000000238418579,0.0,0.0,14962.7958984375,14103.595703125,14103.595703125,14962.7958984375,-0.06256973743438721,0.0,0.0,0.0,29.910901427268982,3.1144192218780518,6.910787180066109,60.90491518378258,30.5,1.5,11.0,10.0,300.0,15.0,7.333333333333333,30.0
3.6041666666666665,x,gym_env,0.6880803108215332,2.2993652947921224e-14,1.0000838041305542,-0.7224470376968384,3.160991433881488e-14,0.009264269843697548,-3.114545017493509e-15,0.19259777665138245,-7.608922376173798e-16,0.637499988079071,0.0,1.0,-0.6000000238418579,0.0,0.0,14927.60546875,14068.4052734375,14068.4052734375,14927.60546875,-0.05247024297714234,0.0,0.0,0.0,29.910901427268982,3.1144192218780518,6.910787180066109,60.90491518378258,30.5,1.5,11.0,10.0,300.0,15.0,7.333333333333333,30.0
3.625,x,gym_env,0.6735324263572693,2.3659244661610075e-14,1.0002421140670776,-0.6821890473365784,3.217465492167185e-14,0.006478413939476013,-3.1327073097067726e-15,0.18936000764369965,-7.503304249793883e-16,0.625,0.0,1.0,-0.6000000238418579,0.0,0.0,14864.1572265625,14004.95703125,14004.95703125,14864.1572265625,-0.04351638555526734,0.0,0.0,0.0,29.385546892881393,3.0426210880279543,6.902372721582651,62.311939626932144,30.5,1.5,11.0,10.0,300.0,15.0,7.333333333333333,30.0
3.645833333333333,x,gym_env,0.659807562828064,2.43365982748045e-14,1.0003223419189453,-0.6435441374778748,3.2739449714637436e-14,0.0021675294265151024,-3.1436945975820817e-15,0.1725018471479416,-6.963266747568879e-16,0.612500011920929,0.0,1.0,-0.6000000238418579,0.0,0.0,14066.4306640625,14925.6298828125,14925.6298828125,14066.4306640625,-0.035981035232543944,0.0,0.0,0.0,29.385546892881393,3.0426210880279543,6.902372721582651,62.311939626932144,30.5,1.5,11.0,10.0,300.0,15.0,7.333333333333333,30.0
3.6666666666666665,x,gym_env,0.6468489170074463,2.5025869641566792e-14,1.000341773033142,-0.608160674571991,3.3316238494136147e-14,0.00019557273481041193,-3.154553559965882e-15,0.15842823684215546,-6.512375227877654e-16,0.5999999642372131,0.0,1.0,-0.6000000238418579,0.0,0.0,14439.2099609375,14424.9208984375,14424.9208984375,14439.2099609375,-0.03945422172546387,0.0,0.0,0.0,29.01820197701454,3.179574799537659,6.90714168921113,62.26618413627148,30.5,1.5,11.0,10.0,300.0,15.0,7.333333333333333,30.0
3.6875,x,gym_env,0.6345880627632141,2.5727153629587045e-14,1.000301480293274,-0.5756694078445435,3.3892654579138065e-14,-0.003317011520266533,-3.1698679156522396e-15,0.14969930052757263,-6.231165053949554e-16,0.5874999761581421,0.0,1.0,-0.6000000238418579,0.0,0.0,14866.6630859375,14007.462890625,14007.462890625,14866.6630859375,-0.04644770622253418,0.0,0.0,0.0,29.01820197701454,3.179574799537659,6.90714168921113,62.26618413627148,30.5,1.5,11.0,10.0,300.0,15.0,7.333333333333333,30.0
3.708333333333333,x,gym_env,0.6229806542396545,2.644052647183051e-14,1.0001956224441528,-0.5451648831367493,3.44753590367404e-14,-0.006206618156284094,-3.181540876698351e-15,0.13272802531719208,-5.684947387583146e-16,0.574999988079071,0.0,1.0,-0.6000000238418579,0.0,0.0,14866.2998046875,14007.099609375,14007.099609375,14866.2998046875,-0.053226912021636964,0.0,0.0,0.0,29.594060331583023,3.205649518966675,6.842523273080587,62.699597865343094,30.5,1.5,11.0,10.0,300.0,15.0,7.333333333333333,30.0
3.7291666666666665,x,gym_env,0.6119630932807922,2.7166113529173384e-14,1.0000357627868652,-0.518680989742279,3.506445351089682e-14,-0.008560297079384327,-3.191551747343713e-15,0.10218673199415207,-4.703525251708663e-16,0.5625,0.0,1.0,-0.6000000238418579,0.0,0.0,14058.1728515625,14917.373046875,14917.373046875,14058.1728515625,-0.05924562811851501,0.0,0.0,0.0,29.594060331583023,3.205649518966675,6.842523273080587,62.699597865343094,30.5,1.5,11.0,10.0,300.0,15.0,7.333333333333333,30.0
3.75,x,gym_env,0.6014218926429749,2.7904124865786584e-14,0.9998536705970764,-0.4983813464641571,3.566555891224531e-14,-0.00877661257982254,-3.206277415131729e-15,0.07446294277906418,-3.812139012358167e-16,0.5499999523162842,0.0,1.0,-0.6000000238418579,0.0,0.0,14760.9970703125,14237.5732421875,14237.5732421875,14760.9970703125,-0.06452142000198365,0.0,0.0,0.0,29.456317216157913,3.275508546829224,6.607927773147821,62.787724778056145,30.5,1.5,11.0,10.0,300.0,15.0,7.333333333333333,30.0
3.770833333333333,x,gym_env,0.5912327170372009,2.865475191111619e-14,0.9996759295463562,-0.48355674743652344,3.627398606638986e-14,-0.008325393311679363,-3.2229891634228194e-15,0.047254424542188644,-2.9343550633493913e-16,0.5374999642372131,0.0,1.0,-0.6000000238418579,0.0,0.0,14943.78125,14108.6796875,14108.6796875,14943.78125,-0.06883899569511413,0.0,0.0,0.0,29.456317216157913,3.275508546829224,6.607927773147821,62.787724778056145,30.5,1.5,11.0,10.0,300.0,15.0,7.333333333333333,30.0
3.7916666666666665,x,gym_env,0.5812810659408569,2.9418169153949333e-14,0.9995224475860596,-0.4747105538845062,3.6891473084938245e-14,-0.0066866385750472546,-3.247196729780637e-15,0.008795207366347313,-1.6883400841340596e-16,0.5249999761581421,0.0,1.0,-0.6000000238418579,0.0,0.0,14131.0732421875,14990.2734375,14990.2734375,14131.0732421875,-0.07163716554641723,0.0,0.0,0.0,29.302922070026398,3.3014949321746827,6.422473683953285,63.05275431275368,30.5,1.5,11.0,10.0,300.0,15.0,7.333333333333333,30.0
3.8125,x,gym_env,0.5714151859283447,3.019457310592978e-14,0.9994179606437683,-0.4738902449607849,3.751900252610928e-14,-0.003901285817846656,-3.27861974629964e-15,-0.026656698435544968,-5.3083624287598457e-17,0.512499988079071,0.0,1.0,-0.6000000238418579,0.0,0.0,14150.59375,15009.7939453125,15009.7939453125,14150.59375,-0.07300722599029541,0.0,0.0,0.0,29.302922070026398,3.3014949321746827,6.422473683953285,63.05275431275368,30.5,1.5,11.0,10.0,300.0,15.0,7.333333333333333,30.0
3.833333333333333,x,gym_env,0.5614768862724304,3.0984153502437717e-14,0.9993774890899658,-0.47984838485717773,3.815456183962028e-14,-0.0006603895453736186,-3.313840435037658e-15,-0.04830899089574814,1.8489069914252595e-17,0.4999999701976776,0.0,1.0,-0.6000000238418579,0.0,0.0,15006.2333984375,14147.033203125,14147.033203125,15006.2333984375,-0.07332565188407898,0.0,0.0,0.0,28.552650690078735,3.174604511260987,6.722759757190943,63.407584227621555,30.5,1.5,11.0,10.0,300.0,15.0,7.333333333333333,30.0
3.8541666666666665,x,gym_env,0.5513580441474915,3.178704248061291e-14,0.9994010329246521,-0.4901621341705322,3.87955760453116e-14,0.0022934814915060997,-3.352923170498682e-15,-0.07267387956380844,1.0005147879011875e-16,0.48749998211860657,0.0,1.0,-0.6000000238418579,0.0,0.0,14595.69921875,14536.6171875,14536.6171875,14595.69921875,-0.07229804396629333,0.0,0.0,0.0,28.552650690078735,3.174604511260987,6.722759757190943,63.407584227621555,30.5,1.5,11.0,10.0,300.0,15.0,7.333333333333333,30.0
3.875,x,gym_env,0.5409610271453857,3.260333829627725e-14,0.9994760751724243,-0.5058150291442871,3.9440510319482813e-14,0.004409614484757185,-3.398002899226266e-15,-0.10304750502109528,2.0311274357451785e-16,0.47499996423721313,0.0,1.0,-0.6000000238418579,0.0,0.0,14154.6826171875,15013.8828125,15013.8828125,14154.6826171875,-0.06964759826660157,0.0,0.0,0.0,28.48700001835823,3.1718876600265506,6.796687673777342,63.88633191213012,30.5,1.5,11.0,10.0,300.0,15.0,7.333333333333333,30.0
3.895833333333333,x,gym_env,0.5301604270935059,3.343316292217513e-14,0.9995969533920288,-0.5275643467903137,4.009293914117133e-14,0.006648058537393808,-3.4455568111927803e-15,-0.12549324333667755,2.805550468829574e-16,0.4624999761581421,0.0,1.0,-0.6000000238418579,0.0,0.0,14117.8583984375,14977.0576171875,14977.0576171875,14117.8583984375,-0.06571325063705444,0.0,0.0,0.0,28.48700001835823,3.1718876600265506,6.796687673777342,63.88633191213012,30.5,1.5,11.0,10.0,300.0,15.0,7.333333333333333,30.0
3.9166666666666665,x,gym_env,0.5188533663749695,3.4276601061601283e-14,0.9997450113296509,-0.5532007217407227,4.0747285645452436e-14,0.0073700048960745335,-3.489316227313832e-15,-0.13418403267860413,3.111524445064041e-16,0.44999998807907104,0.0,1.0,-0.6000000238418579,0.0,0.0,14951.462890625,14092.2626953125,14092.2626953125,14951.462890625,-0.06091939210891724,0.0,0.0,0.0,28.830582171678543,3.196545124053955,6.717621695250273,63.43487832695246,30.5,1.5,11.0,10.0,300.0,15.0,7.333333333333333,30.0
3.9375,x,gym_env,0.5069912672042847,3.51337170890597e-14,0.9998961687088013,-0.5803594589233398,4.140508126789476e-14,0.007152264006435871,-3.5345266108735302e-15,-0.14559414982795715,3.519030143103513e-16,0.4374999701976776,0.0,1.0,-0.6000000238418579,0.0,0.0,14152.8046875,14871.6123046875,14871.6123046875,14152.8046875,-0.05901415348052978,0.0,0.0,0.0,28.830582171678543,3.196545124053955,6.717621695250273,63.43487832695246,30.5,1.5,11.0,10.0,300.0,15.0,7.333333333333333,30.0
3.958333333333333,x,gym_env,0.4945357143878937,3.6004588931581524e-14,1.0000346899032593,-0.6098920702934265,4.206725435660849e-14,0.006256675347685814,-3.580292224530154e-15,-0.15559528768062592,3.880979762261688e-16,0.42499998211860657,0.0,1.0,-0.6000000238418579,0.0,0.0,14063.01171875,14922.2119140625,14922.2119140625,14063.01171875,-0.06460777521133423,0.0,0.0,0.0,27.795680850744247,3.0448800086975103,7.039101433008909,63.82850429415703,30.5,1.5,11.0,10.0,300.0,15.0,7.333333333333333,30.0
3.9791666666666665,x,gym_env,0.4814433753490448,3.688930806872506e-14,1.0001448392868042,-0.6408219337463379,4.273337800698822e-14,0.004635557997971773,-3.618574725614259e-15,-0.15281446278095245,3.782348863603233e-16,0.41249996423721313,0.0,1.0,-0.6000000238418579,0.0,0.0,14394.5537109375,14521.6962890625,14521.6962890625,14394.5537109375,-0.06933623552322388,0.0,0.0,0.0,27.795680850744247,3.0448800086975103,7.039101433008909,63.82850429415703,30.5,1.5,11.0,10.0,300.0,15.0,7.333333333333333,30.0
4.0,x,gym_env,0.467717707157135,3.778793209873073e-14,1.0002082586288452,-0.6705924868583679,4.340200887489182e-14,0.002023181412369013,-3.654909897952627e-15,-0.1433657854795456,3.438336755289944e-16,0.3999999761581421,0.0,1.0,-0.6000000238418579,0.0,0.0,14682.94140625,14221.0556640625,14221.0556640625,14682.94140625,-0.07308663725852967,0.0,0.0,0.0,28.457445234060287,3.0966372251510625,6.856435734778643,63.574238028377295,30.5,1.5,11.0,10.0,300.0,15.0,7.333333333333333,30.0
4.020833333333333,x,gym_env,0.4533959925174713,3.870056944181577e-14,1.0002192258834839,-0.6984531283378601,4.40773075861562e-14,-0.00043820240534842014,-3.693868331328641e-15,-0.13751527667045593,3.224770897227369e-16,0.38749998807907104,0.0,1.0,-0.6000000238418579,0.0,0.0,14023.3994140625,14882.599609375,14882.599609375,14023.3994140625,-0.07602138519287109,0.0,0.0,0.0,28.457445234060287,3.0966372251510625,6.856435734778643,63.574238028377295,30.5,1.5,11.0,10.0,300.0,15.0,7.333333333333333,30.0
4.041666666666666,x,gym_env,0.43850988149642944,3.962737256391069e-14,1.00018310546875,-0.7250574827194214,4.4760138114387574e-14,-0.0025704859290271997,-3.729319201270075e-15,-0.1264263391494751,2.812676398196147e-16,0.3749999701976776,0.0,1.0,-0.6000000238418579,0.0,0.0,14020.166015625,14879.3662109375,14879.3662109375,14020.166015625,-0.07786173820495605,0.0,0.0,0.0,27.537938341498375,2.8778882086277013,7.069074425846338,63.495321340858936,30.5,1.5,11.0,10.0,300.0,15.0,7.333333333333333,30.0
4.0625,x,gym_env,0.42310062050819397,4.056848037841884e-14,1.0001055002212524,-0.7488054633140564,4.544975168246056e-14,-0.004431214649230242,-3.758571060587029e-15,-0.10173988342285156,1.8861823637176346e-16,0.36249998211860657,0.0,1.0,-0.6000000238418579,0.0,0.0,14899.5859375,14040.3857421875,14040.3857421875,14899.5859375,-0.07824928164482117,0.0,0.0,0.0,27.537938341498375,2.8778882086277013,7.069074425846338,63.495321340858936,30.5,1.5,11.0,10.0,300.0,15.0,7.333333333333333,30.0
4.083333333333333,x,gym_env,0.4072585105895996,4.152407923258862e-14,1.0000032186508179,-0.7674537897109985,4.614891639404678e-14,-0.005162918474525213,-3.791419421798024e-15,-0.07983768731355667,1.060360908172705e-16,0.34999996423721313,0.0,1.0,-0.6000000238418579,0.0,0.0,14562.775390625,14388.24609375,14388.24609375,14562.775390625,-0.07748011946678163,0.0,0.0,0.0,26.731756642460823,2.831121882796288,7.1250034011900425,63.33609998971224,30.5,1.5,11.0,10.0,300.0,15.0,7.333333333333333,30.0
4.104166666666666,x,gym_env,0.39108291268348694,4.24943317567459e-14,0.9998903274536133,-0.781985878944397,4.6855202958653516e-14,-0.005551715847104788,-3.8285071829100275e-15,-0.06508403271436691,5.003236676612715e-17,0.3374999761581421,0.0,1.0,-0.6000000238418579,0.0,0.0,14056.2470703125,14915.447265625,14915.447265625,14056.2470703125,-0.07581452131271363,0.0,0.0,0.0,26.731756642460823,2.831121882796288,7.1250034011900425,63.33609998971224,30.5,1.5,11.0,10.0,300.0,15.0,7.333333333333333,30.0
4.125,x,gym_env,0.37464332580566406,4.3479407357480127e-14,0.9997779726982117,-0.7933558821678162,4.7570274948989175e-14,-0.005258629564195871,-3.8651180644727265e-15,-0.04326993599534035,-3.3663918281580827e-17,0.32499995827674866,0.0,1.0,-0.6000000238418579,0.0,0.0,14118.25,14879.8056640625,14879.8056640625,14118.25,-0.0729694902896881,0.0,0.0,0.0,26.932249501347542,2.909867525100708,7.19966622069478,63.660398341715336,30.5,1.5,11.0,10.0,300.0,15.0,7.333333333333333,30.0
4.145833333333333,x,gym_env,0.3580248951911926,4.447948560577612e-14,0.9996788501739502,-0.7997227907180786,4.8293475067486685e-14,-0.004392504692077637,-3.901712428892954e-15,-0.008777068927884102,-1.6722569136991706e-16,0.3124999701976776,0.0,1.0,-0.6000000238418579,0.0,0.0,14956.439453125,14097.2392578125,14097.2392578125,14956.439453125,-0.06864945888519287,0.0,0.0,0.0,26.932249501347542,2.909867525100708,7.19966622069478,63.660398341715336,30.5,1.5,11.0,10.0,300.0,15.0,7.333333333333333,30.0
4.166666666666666,x,gym_env,0.34136173129081726,4.5494746072618705e-14,0.9996101260185242,-0.798938512802124,4.9026016265326516e-14,-0.0025658453814685345,-3.9428684892506196e-15,0.022265858948230743,-2.88513159650428e-16,0.29999998211860657,0.0,1.0,-0.6000000238418579,0.0,0.0,14972.2890625,14113.0888671875,14113.0888671875,14972.2890625,-0.06325706839561462,0.0,0.0,0.0,26.341608099639416,2.748928898572922,7.369503622874618,63.61114792898297,30.5,1.5,11.0,10.0,300.0,15.0,7.333333333333333,30.0
4.1875,x,gym_env,0.3247925639152527,4.65253649408609e-14,0.9995844960212708,-0.7923224568367004,4.9766248522327416e-14,-0.0003572329296730459,-3.9863869244981774e-15,0.039556484669446945,-3.5669467969296886e-16,0.28749996423721313,0.0,1.0,-0.6000000238418579,0.0,0.0,14106.2607421875,14965.4609375,14965.4609375,14106.2607421875,-0.05736176371574402,0.0,0.0,0.0,26.341608099639416,2.748928898572922,7.369503622874618,63.61114792898297,30.5,1.5,11.0,10.0,300.0,15.0,7.333333333333333,30.0
4.208333333333333,x,gym_env,0.30840596556663513,4.7571477735774276e-14,0.9996010065078735,-0.782278835773468,5.0512481160726666e-14,0.0015368176391348243,-4.034989675011629e-15,0.05956082418560982,-4.3670070026984096e-16,0.2749999761581421,0.0,1.0,-0.6000000238418579,0.0,0.0,14835.0283203125,14215.3701171875,14215.3701171875,14835.0283203125,-0.05087755918502808,0.0,0.0,0.0,26.42886370420456,2.872136735916138,7.164378402754664,64.64454949647188,30.5,1.5,11.0,10.0,300.0,15.0,7.333333333333333,30.0
4.229166666666666,x,gym_env,0.2922794222831726,4.863320304197144e-14,0.9996494054794312,-0.7679905891418457,5.1263992508453204e-14,0.0028088861145079136,-4.0859124487676104e-15,0.0790838673710823,-5.157794315277064e-16,0.26249995827674866,0.0,1.0,-0.6000000238418579,0.0,0.0,14471.2822265625,14615.7685546875,14615.7685546875,14471.2822265625,-0.0439800500869751,0.0,0.0,0.0,26.42886370420456,2.872136735916138,7.164378402754664,64.64454949647188,30.5,1.5,11.0,10.0,300.0,15.0,7.333333333333333,30.0
4.25,x,gym_env,0.27650025486946106,4.97106933253829e-14,0.9997261762619019,-0.7498987913131714,5.202429944630403e-14,0.004232118837535381,-4.136363425171971e-15,0.09601298719644547,-5.853311067717699e-16,0.2499999701976776,0.0,1.0,-0.6000000238418579,0.0,0.0,14655.71484375,14402.1005859375,14402.1005859375,14655.71484375,-0.03682432174682618,0.0,0.0,0.0,26.235704220831394,2.8431686580181124,7.297800833359361,63.742945682257414,30.5,1.5,11.0,10.0,300.0,15.0,7.333333333333333,30.0
4.270833333333333,x,gym_env,0.26114025712013245,5.08040908875438e-14,0.9998236894607544,-0.7284201979637146,5.278980377831921e-14,0.004935998935252428,-4.185216050404863e-15,0.11141321808099747,-6.49415184341307e-16,0.23749996721744537,0.0,1.0,-0.6000000238418579,0.0,0.0,14927.52734375,14068.3271484375,14068.3271484375,14927.52734375,-0.02961181700229645,0.0,0.0,0.0,26.235704220831394,2.8431686580181124,7.297800833359361,63.742945682257414,30.5,1.5,11.0,10.0,300.0,15.0,7.333333333333333,30.0
4.291666666666666,x,gym_env,0.24626389145851135,5.1913483819880646e-14,0.9999231100082397,-0.7042394876480103,5.3559085877279144e-14,0.004631371702998877,-4.227123428986743e-15,0.11697892844676971,-6.7265618022718885e-16,0.22499996423721313,0.0,1.0,-0.6000000238418579,0.0,0.0,14705.7685546875,14249.939453125,14249.939453125,14705.7685546875,-0.022803625464439394,0.0,0.0,0.0,26.662869349122047,2.923839664459229,6.944437973201275,64.76378140598536,30.5,1.5,11.0,10.0,300.0,15.0,7.333333333333333,30.0
4.3125,x,gym_env,0.23190216720104218,5.303895682568817e-14,1.000006079673767,-0.6795071363449097,5.4332969059208563e-14,0.003557986579835415,-4.262391763328044e-15,0.11273155361413956,-6.542565599700165e-16,0.2124999612569809,0.0,1.0,-0.6000000238418579,0.0,0.0,14066.9833984375,14926.18359375,14926.18359375,14066.9833984375,-0.016659396886825564,0.0,0.0,0.0,26.662869349122047,2.923839664459229,6.944437973201275,64.76378140598536,30.5,1.5,11.0,10.0,300.0,15.0,7.333333333333333,30.0
4.333333333333333,x,gym_env,0.2180461436510086,5.4180692864082974e-14,1.0000760555267334,-0.6555660963058472,5.511781284747545e-14,0.0032340562902390957,-4.299723469928856e-15,0.11379162222146988,-6.5860988580243e-16,0.19999997317790985,0.0,1.0,-0.6000000238418579,0.0,0.0,14693.3388671875,14232.3671875,14232.3671875,14693.3388671875,-0.010962462425231934,0.0,0.0,0.0,26.460977494716644,2.994689404964447,6.791069116443396,64.69872479140759,30.5,1.5,11.0,10.0,300.0,15.0,7.333333333333333,30.0
4.354166666666666,x,gym_env,0.20468966662883759,5.533881390780947e-14,1.000125527381897,-0.6313638687133789,5.590528921414241e-14,0.0017882668180391192,-4.336786667085389e-15,0.11592588573694229,-6.67607016828606e-16,0.1874999701976776,0.0,1.0,-0.6000000238418579,0.0,0.0,14891.23046875,14032.0302734375,14032.0302734375,14891.23046875,-0.005773171782493591,0.0,0.0,0.0,26.460977494716644,2.994689404964447,6.791069116443396,64.69872479140759,30.5,1.5,11.0,10.0,300.0,15.0,7.333333333333333,30.0
4.375,x,gym_env,0.19184048473834991,5.6513431765216685e-14,1.000145673751831,-0.6071633100509644,5.670051085007906e-14,0.0004336168058216572,-4.3686922806260905e-15,0.10695616155862808,-6.280789537955632e-16,0.17499996721744537,0.0,1.0,-0.6000000238418579,0.0,0.0,14511.564453125,14382.8310546875,14382.8310546875,14511.564453125,-0.007420009374618531,0.0,0.0,0.0,26.52845300734043,2.970172429084778,6.691944450139999,65.20047380030155,30.5,1.5,11.0,10.0,300.0,15.0,7.333333333333333,30.0
4.395833333333333,x,gym_env,0.17947028577327728,5.770469551410334e-14,1.0001329183578491,-0.5852515697479248,5.750219365333736e-14,-0.0012606176314875484,-4.400042240553393e-15,0.09132593125104904,-5.590300455452543e-16,0.16249996423721313,0.0,1.0,-0.6000000238418579,0.0,0.0,14041.0966796875,14900.296875,14900.296875,14041.0966796875,-0.011759310960769653,0.0,0.0,0.0,26.52845300734043,2.970172429084778,6.691944450139999,65.20047380030155,30.5,1.5,11.0,10.0,300.0,15.0,7.333333333333333,30.0
4.416666666666666,x,gym_env,0.1675187051296234,5.891282877116752e-14,1.0000991821289062,-0.566297173500061,5.83169783622238e-14,-0.001827325439080596,-4.434760003478979e-15,0.083084337413311,-5.223213846167066e-16,0.1499999612569809,0.0,1.0,-0.6000000238418579,0.0,0.0,14885.080078125,14025.880859375,14025.880859375,14885.080078125,-0.01614437997341156,0.0,0.0,0.0,26.63908724486828,3.036010313034058,6.924512434750795,65.10516902804375,30.5,1.5,11.0,10.0,300.0,15.0,7.333333333333333,30.0
4.4375,x,gym_env,0.1559397280216217,6.013801788365761e-14,1.0000501871109009,-0.5489769577980042,5.913824795535441e-14,-0.0026862281374633312,-4.468596428622946e-15,0.07213138788938522,-4.731836798575046e-16,0.13749995827674866,0.0,1.0,-0.6000000238418579,0.0,0.0,14890.544921875,14031.345703125,14031.345703125,14890.544921875,-0.020299866795539856,0.0,0.0,0.0,26.63908724486828,3.036010313034058,6.924512434750795,65.10516902804375,30.5,1.5,11.0,10.0,300.0,15.0,7.333333333333333,30.0
4.458333333333333,x,gym_env,0.14469121396541595,6.138043225816306e-14,0.9999875426292419,-0.5344569683074951,5.996905175133932e-14,-0.003185588400810957,-4.5039346431823956e-15,0.047573383897542953,-3.6265514466367896e-16,0.12499996274709702,0.0,1.0,-0.6000000238418579,0.0,0.0,14046.001953125,14905.201171875,14905.201171875,14046.001953125,-0.023672039806842807,0.0,0.0,0.0,27.029827758669853,3.0757506370544436,6.62731171771884,65.6047929674387,30.5,1.5,11.0,10.0,300.0,15.0,7.333333333333333,30.0
4.479166666666666,x,gym_env,0.13368305563926697,6.26403090639091e-14,0.9999232292175293,-0.5250552892684937,6.081213413692763e-14,-0.0029908237047493458,-4.547910476221471e-15,0.025798233225941658,-2.6392583136466497e-16,0.11249996721744537,0.0,1.0,-0.6000000238418579,0.0,0.0,14063.212890625,14922.4130859375,14922.4130859375,14063.212890625,-0.026408062875270845,0.0,0.0,0.0,27.029827758669853,3.0757506370544436,6.62731171771884,65.6047929674387,30.5,1.5,11.0,10.0,300.0,15.0,7.333333333333333,30.0
4.5,x,gym_env,0.12281743437051773,6.391791257517529e-14,0.999871015548706,-0.5195470452308655,6.166771195255383e-14,-0.002177182352170348,-4.5938903892137496e-15,0.017704779282212257,-2.2671419168412586e-16,0.09999996423721313,0.0,1.0,-0.6000000238418579,0.0,0.0,14914.9541015625,14055.75390625,14055.75390625,14914.9541015625,-0.028925852477550508,0.0,0.0,0.0,26.30543853342533,3.0002115964889526,6.888915408402681,65.5290701687336,30.5,1.5,11.0,10.0,300.0,15.0,7.333333333333333,30.0
4.520833333333333,x,gym_env,0.11204522103071213,6.52134325273418e-14,0.9998335242271423,-0.5155970454216003,6.253127898293853e-14,-0.0015437061665579677,-4.637641335005329e-15,0.0068911900743842125,-1.7650092713547826e-16,0.0874999612569809,0.0,1.0,-0.6000000238418579,0.0,0.0,14916.8095703125,14057.609375,14057.609375,14916.8095703125,-0.030940173566341402,0.0,0.0,0.0,26.30543853342533,3.0002115964889526,6.888915408402681,65.5290701687336,30.5,1.5,11.0,10.0,300.0,15.0,7.333333333333333,30.0
4.541666666666666,x,gym_env,0.10132522135972977,6.652705865578881e-14,0.9998102188110352,-0.5144254565238953,6.340377712871909e-14,-0.000835829006973654,-4.684771518739979e-15,-0.017553864046931267,-6.236279412415296e-17,0.07499996572732925,0.0,1.0,-0.6000000238418579,0.0,0.0,14073.294921875,14932.4951171875,14932.4951171875,14073.294921875,-0.03189148008823395,0.0,0.0,0.0,26.500468835234642,3.0724860668182377,6.7789320312440395,65.83313482999802,30.5,1.5,11.0,10.0,300.0,15.0,7.333333333333333,30.0
4.5625,x,gym_env,0.09056740254163742,6.785900102468725e-14,0.9998067021369934,-0.518379807472229,6.428734768918615e-14,0.0002613870019558817,-4.735536744367771e-15,-0.03921084105968475,3.9796195282963096e-17,0.062499962747097015,0.0,1.0,-0.6000000238418579,0.0,0.0,14076.2802734375,14935.48046875,14935.48046875,14076.2802734375,-0.03193211406469345,0.0,0.0,0.0,26.500468835234642,3.0724860668182377,6.7789320312440395,65.83313482999802,30.5,1.5,11.0,10.0,300.0,15.0,7.333333333333333,30.0
4.583333333333333,x,gym_env,0.07967405021190643,6.920946292194446e-14,0.9998255968093872,-0.5262098908424377,6.517972739230465e-14,0.0013220426626503468,-4.7858547365994125e-15,-0.04716869816184044,7.7926541456473e-17,0.049999963492155075,0.0,1.0,-0.6000000238418579,0.0,0.0,14927.01171875,14067.8125,14067.8125,14927.01171875,-0.03149024769663811,0.0,0.0,0.0,26.2928943708539,2.98807247877121,6.72703305259347,65.54908189177513,30.5,1.5,11.0,10.0,300.0,15.0,7.333333333333333,30.0
4.604166666666666,x,gym_env,0.06859701126813889,7.057860697788632e-14,0.9998626708984375,-0.5355340242385864,6.607933736866092e-14,0.002074542921036482,-4.839125062168709e-15,-0.05784876272082329,1.2969755253468046e-16,0.037499960511922836,0.0,1.0,-0.6000000238418579,0.0,0.0,14891.4697265625,14099.0390625,14099.0390625,14891.4697265625,-0.030283587425947188,0.0,0.0,0.0,26.2928943708539,2.98807247877121,6.72703305259347,65.54908189177513,30.5,1.5,11.0,10.0,300.0,15.0,7.333333333333333,30.0
4.625,x,gym_env,0.05729643255472183,7.19665890465751e-14,0.999912679195404,-0.5475644469261169,6.698688234966707e-14,0.0025841202586889267,-4.898281419688476e-15,-0.08153295516967773,2.454896298720831e-16,0.024999961256980896,0.0,1.0,-0.6000000238418579,0.0,0.0,14058.7626953125,14917.9619140625,14917.9619140625,14058.7626953125,-0.027789022028446197,0.0,0.0,0.0,26.721024125814438,2.9975868463516235,6.866235509514809,65.20816965401173,30.5,1.5,11.0,10.0,300.0,15.0,7.333333333333333,30.0
4.645833333333333,x,gym_env,0.045685671269893646,7.337356498207312e-14,0.9999669194221497,-0.5644834637641907,6.79011290553519e-14,0.002558307023718953,-4.9594846323252825e-15,-0.10201845318078995,3.4699784651280163e-16,0.012499961070716381,0.0,1.0,-0.6000000238418579,0.0,0.0,14065.1201171875,14924.3203125,14924.3203125,14065.1201171875,-0.024170973896980287,0.0,0.0,0.0,26.721024125814438,2.9975868463516235,6.866235509514809,65.20816965401173,30.5,1.5,11.0,10.0,300.0,15.0,7.333333333333333,30.0
4.666666666666666,x,gym_env,0.03367267921566963,7.479969063844266e-14,1.0000182390213013,-0.5850087404251099,6.882344629095816e-14,0.0023701691534370184,-5.0133792211767055e-15,-0.10881904512643814,3.8130373966778486e-16,-3.973643103449831e-08,0.0,1.0,-0.6000000238418579,0.0,0.0,14050.91796875,14910.1181640625,14910.1181640625,14050.91796875,-0.02247460335493088,0.0,0.0,0.0,26.02112691104412,2.8851014196872713,6.949837639927864,65.52755112946033,30.5,1.5,11.0,10.0,300.0,15.0,7.333333333333333,30.0
4.6875,x,gym_env,0.0212180744856596,7.624509476469171e-14,1.0000591278076172,-0.6062824726104736,6.975133361522556e-14,0.0016961904475465417,-5.0584286684764255e-15,-0.10196142643690109,3.4687351795801246e-16,-0.012500040233135223,0.0,1.0,-0.6000000238418579,0.0,0.0,14892.44140625,14033.2412109375,14033.2412109375,14892.44140625,-0.026030566543340683,0.0,0.0,0.0,26.02112691104412,2.8851014196872713,6.949837639927864,65.52755112946033,30.5,1.5,11.0,10.0,300.0,15.0,7.333333333333333,30.0
4.708333333333333,x,gym_env,0.008338365703821182,7.770990610982825e-14,1.0000815391540527,-0.6259608268737793,7.068473681804549e-14,0.000684065860696137,-5.104766452888919e-15,-0.09783363342285156,3.261803177681327e-16,-0.025000041350722313,0.0,1.0,-0.6000000238418579,0.0,0.0,14454.771484375,14483.109375,14483.109375,14454.771484375,-0.02907656505703926,0.0,0.0,0.0,25.59420597180724,2.861718183755875,7.037623804062605,66.07600337266922,30.5,1.5,11.0,10.0,300.0,15.0,7.333333333333333,30.0
4.729166666666666,x,gym_env,-0.004941241815686226,7.919425342286027e-14,1.0000836849212646,-0.6450888514518738,7.162581752749933e-14,-0.0002826825948432088,-5.155615111262016e-15,-0.09889088571071625,3.319306126888053e-16,-0.0375000424683094,0.0,1.0,-0.6000000238418579,0.0,0.0,14014.0166015625,14873.216796875,14873.216796875,14014.0166015625,-0.03170264847576618,0.0,0.0,0.0,25.59420597180724,2.861718183755875,7.037623804062605,66.07600337266922,30.5,1.5,11.0,10.0,300.0,15.0,7.333333333333333,30.0
4.75,x,gym_env,-0.018619509413838387,8.069827222905931e-14,1.0000590085983276,-0.6641106009483337,7.257200753969101e-14,-0.0017779042245820165,-5.202321355006565e-15,-0.09159974753856659,2.9430035344386537e-16,-0.05000004172325134,0.0,1.0,-0.6000000238418579,0.0,0.0,14015.3583984375,14874.5576171875,14874.5576171875,14015.3583984375,-0.0335411049425602,0.0,0.0,0.0,25.15999051462859,2.7872939586639407,7.2696948647499084,65.00007431209087,30.5,1.5,11.0,10.0,300.0,15.0,7.333333333333333,30.0
4.770833333333333,x,gym_env,-0.03267287835478783,8.222211160622411e-14,1.0000056028366089,-0.6810697317123413,7.352683728794468e-14,-0.0030464110895991325,-5.24457135841561e-15,-0.0707097053527832,1.8522391065431946e-16,-0.06250004470348358,0.0,1.0,-0.6000000238418579,0.0,0.0,14910.080078125,14050.8798828125,14050.8798828125,14910.080078125,-0.03421546891331673,0.0,0.0,0.0,25.15999051462859,2.7872939586639407,7.2696948647499084,65.00007431209087,30.5,1.5,11.0,10.0,300.0,15.0,7.333333333333333,30.0
4.791666666666666,x,gym_env,-0.04702749475836754,8.376601549984347e-14,0.9999424815177917,-0.6937146186828613,7.449599205740232e-14,-0.0029789204709231853,-5.289268440009272e-15,-0.05260129272937775,9.016943656207845e-17,-0.07500004023313522,0.0,1.0,-0.6000000238418579,0.0,0.0,14788.44140625,14168.5078125,14168.5078125,14788.44140625,-0.034024541079998014,0.0,0.0,0.0,25.565910529345274,2.728081238269806,7.298389444127679,65.55450831353664,30.5,1.5,11.0,10.0,300.0,15.0,7.333333333333333,30.0
4.8125,x,gym_env,-0.06160086393356323,8.533021430287904e-14,0.9998816847801208,-0.703126847743988,7.54729056486568e-14,-0.0028627514839172363,-5.3345863967532714e-15,-0.045881275087594986,5.483777658180291e-17,-0.08750004321336746,0.0,1.0,-0.6000000238418579,0.0,0.0,14042.369140625,14901.5693359375,14901.5693359375,14042.369140625,-0.03338046669960022,0.0,0.0,0.0,25.565910529345274,2.728081238269806,7.298389444127679,65.55450831353664,30.5,1.5,11.0,10.0,300.0,15.0,7.333333333333333,30.0
4.833333333333333,x,gym_env,-0.07635215669870377,8.691485709312954e-14,0.9998229742050171,-0.7111629247665405,7.645708339446694e-14,-0.002779195550829172,-5.379285595929302e-15,-0.03492216765880585,-3.57099205754093e-18,-0.1000000461935997,0.0,1.0,-0.6000000238418579,0.0,0.0,14047.912109375,14907.1123046875,14907.1123046875,14047.912109375,-0.03203831166028977,0.0,0.0,0.0,25.392961531877518,2.7420837461948397,7.275145459920168,65.13280630111694,30.5,1.5,11.0,10.0,300.0,15.0,7.333333333333333,30.0
4.854166666666666,x,gym_env,-0.09124043583869934,8.852011327718443e-14,0.9997691512107849,-0.7163935303688049,7.744994153392054e-14,-0.002437914488837123,-5.4255005605644436e-15,-0.010342423804104328,-1.359534731853047e-16,-0.11250004172325134,0.0,1.0,-0.6000000238418579,0.0,0.0,14928.2236328125,14069.0234375,14069.0234375,14928.2236328125,-0.029621419310569764,0.0,0.0,0.0,25.392961531877518,2.7420837461948397,7.275145459920168,65.13280630111694,30.5,1.5,11.0,10.0,300.0,15.0,7.333333333333333,30.0
4.875,x,gym_env,-0.10617528855800629,9.014618614295103e-14,0.9997311234474182,-0.7164833545684814,7.845403471838652e-14,-0.0014105277368798852,-5.4771962518847944e-15,0.011447618715465069,-2.5419919321266623e-16,-0.12500004470348358,0.0,1.0,-0.6000000238418579,0.0,0.0,14935.9423828125,14076.7421875,14076.7421875,14935.9423828125,-0.026474551856517793,0.0,0.0,0.0,25.39350187033415,2.7528224050998693,7.412533190101385,65.65533995628357,30.5,1.5,11.0,10.0,300.0,15.0,7.333333333333333,30.0
4.895833333333333,x,gym_env,-0.12105845659971237,9.179330608339101e-14,0.9997172355651855,-0.7126648426055908,7.9467723092079e-14,-0.0001780997117748484,-5.5262813876617075e-15,0.01953960582613945,-2.9829631078187634e-16,-0.13750004768371582,0.0,1.0,-0.6000000238418579,0.0,0.0,14071.26171875,14930.4619140625,14930.4619140625,14071.26171875,-0.023120969533920288,0.0,0.0,0.0,25.39350187033415,2.7528224050998693,7.412533190101385,65.65533995628357,30.5,1.5,11.0,10.0,300.0,15.0,7.333333333333333,30.0
4.916666666666666,x,gym_env,-0.1358409821987152,9.346163572883023e-14,0.9997267127037048,-0.7073095440864563,8.048884502691658e-14,0.0008715756121091545,-5.574291215112081e-15,0.03035539947450161,-3.5800644256069015e-16,-0.15000005066394806,0.0,1.0,-0.6000000238418579,0.0,0.0,14067.685546875,14926.8857421875,14926.8857421875,14067.685546875,-0.020320194959640506,0.0,0.0,0.0,25.517060793936253,2.729381108283997,7.470711485482752,65.20546296238899,30.5,1.5,11.0,10.0,300.0,15.0,7.333333333333333,30.0
4.9375,x,gym_env,-0.15048204362392426,9.515132415706742e-14,0.9997559189796448,-0.6991910338401794,8.151683809302229e-14,0.001738093444146216,-5.625018324257247e-15,0.05481418967247009,-4.946680352898994e-16,-0.1625000536441803,0.0,1.0,-0.6000000238418579,0.0,0.0,14931.484375,14072.2841796875,14072.2841796875,14931.484375,-0.019584456086158754,0.0,0.0,0.0,25.517060793936253,2.729381108283997,7.470711485482752,65.20546296238899,30.5,1.5,11.0,10.0,300.0,15.0,7.333333333333333,30.0
4.958333333333333,x,gym_env,-0.16489194333553314,9.686251366963772e-14,0.9998020529747009,-0.6859628558158875,8.255171584292328e-14,0.0024892790243029594,-5.679560469796846e-15,0.07648922502994537,-6.169242180944937e-16,-0.17500004172325134,0.0,1.0,-0.6000000238418579,0.0,0.0,14939.12109375,14079.9208984375,14079.9208984375,14939.12109375,-0.017747095227241515,0.0,0.0,0.0,25.173698406666517,2.716599386930466,7.164413450285792,64.998077750206,30.5,1.5,11.0,10.0,300.0,15.0,7.333333333333333,30.0
4.979166666666666,x,gym_env,-0.1789732426404953,9.859536689686699e-14,0.9998630285263062,-0.6688694953918457,8.35947928717537e-14,0.0031905255746096373,-5.7334791990872654e-15,0.08446342498064041,-6.621380956650994e-16,-0.18750004470348358,0.0,1.0,-0.6000000238418579,0.0,0.0,14419.3173828125,14560.3271484375,14560.3271484375,14419.3173828125,-0.015287742018699646,0.0,0.0,0.0,25.173698406666517,2.716599386930466,7.164413450285792,64.998077750206,30.5,1.5,11.0,10.0,300.0,15.0,7.333333333333333,30.0
5.0,x,gym_env,-0.19267991185188293,1.0035001258776322e-13,0.9999278783798218,-0.6505393981933594,8.464325703012865e-14,0.003053368767723441,-5.790222359740305e-15,0.08830571919679642,-6.840160567201715e-16,-0.20000004768371582,0.0,1.0,0.0,0.0,0.0,14067.8046875,14927.00390625,14927.00390625,14067.8046875,-0.13222303986549377,0.0,0.0,0.0,24.466008450835943,2.679008805751801,7.366299707442522,64.17026819474995,30.5,1.5,11.0,10.0,300.0,15.0,7.333333333333333,30.0
5.020833333333333,x,gym_env,-0.2059933841228485,1.0212666080649732e-13,0.9999936819076538,-0.6311485171318054,8.570427082865012e-14,0.0032102372497320175,-5.851124028647889e-15,0.10123737156391144,-7.592633403202505e-16,-0.20000004768371582,0.0,1.0,0.0,0.0,0.0,14664.8544921875,15524.0537109375,15524.0537109375,14664.8544921875,-0.140199214220047,0.0,0.0,0.0,24.466008450835943,2.679008805751801,7.366299707442522,64.17026819474995,30.5,1.5,11.0,10.0,300.0,15.0,7.333333333333333,30.0
5.041666666666666,x,gym_env,-0.21884581446647644,1.0392676844973858e-13,1.000273585319519,-0.6067672371864319,8.68736574105751e-14,0.02017279900610447,-5.926063151073845e-15,0.12814350426197052,-9.182635476789403e-16,-0.20000004768371582,0.0,1.0,0.0,0.0,0.0,14420.5146484375,14404.4912109375,14404.4912109375,14420.5146484375,-0.14690414667129517,0.0,0.0,0.0,23.642940908670425,2.581378173828125,7.314071336761117,65.1209679543972,30.5,1.5,11.0,10.0,300.0,15.0,7.333333333333333,30.0
5.0625,x,gym_env,-0.23114776611328125,1.05749901836618e-13,1.0006521940231323,-0.5787821412086487,8.793542337435373e-14,0.016730641946196556,-6.0127036101496455e-15,0.1605272740125656,-1.1130130452742938e-15,-0.20000004768371582,0.0,1.0,0.0,0.0,0.0,14341.7919921875,15200.9921875,15200.9921875,14341.7919921875,-0.15124682784080506,0.0,0.0,0.0,23.642940908670425,2.581378173828125,7.314071336761117,65.1209679543972,30.5,1.5,11.0,10.0,300.0,15.0,7.333333333333333,30.0
5.083333333333333,x,gym_env,-0.24276378750801086,1.0759597965197265e-13,1.001075267791748,-0.54241544008255,8.906340698581691e-14,0.02251269482076168,-6.113495872191697e-15,0.20108792185783386,-1.3623896034622085e-15,-0.20000004768371582,0.0,1.0,0.0,0.0,0.0,15031.369140625,14172.1689453125,14172.1689453125,15031.369140625,-0.15323508977890016,0.0,0.0,0.0,23.63541141152382,2.5549425840377813,7.1379081681370735,64.72737567871809,30.5,1.5,11.0,10.0,300.0,15.0,7.333333333333333,30.0
5.104166666666666,x,gym_env,-0.2535296082496643,1.0946523906502775e-13,1.0015395879745483,-0.4985276460647583,9.016511902338806e-14,0.021892840042710304,-6.218376338753672e-15,0.23885494470596313,-1.6002088206013118e-15,-0.20000004768371582,0.0,1.0,0.0,0.0,0.0,15013.076171875,14548.0830078125,14548.0830078125,15013.076171875,-0.15253488421440126,0.0,0.0,0.0,23.63541141152382,2.5549425840377813,7.1379081681370735,64.72737567871809,30.5,1.5,11.0,10.0,300.0,15.0,7.333333333333333,30.0
5.125,x,gym_env,-0.26327306032180786,1.113578359298456e-13,1.002030372619629,-0.446309357881546,9.129834068659706e-14,0.024465888738632202,-6.315943522849053e-15,0.2665187418460846,-1.7785521370412968e-15,-0.20000004768371582,0.0,1.0,0.0,0.0,0.0,14362.84765625,15222.0478515625,15222.0478515625,14362.84765625,-0.14951789379119873,0.0,0.0,0.0,24.64604778215289,2.7996639072895055,7.117645492777228,65.285968080163,30.5,1.5,11.0,10.0,300.0,15.0,7.333333333333333,30.0
5.145833333333333,x,gym_env,-0.271855890750885,1.1327412938839584e-13,1.0025616884231567,-0.3883102536201477,9.243834538964768e-14,0.02597152814269066,-6.427921701992545e-15,0.29947802424430847,-1.996553218434373e-15,-0.20000004768371582,0.0,1.0,0.0,0.0,0.0,15203.7685546875,14344.5693359375,14344.5693359375,15203.7685546875,-0.14389008283615112,0.0,0.0,0.0,24.64604778215289,2.7996639072895055,7.117645492777228,65.285968080163,30.5,1.5,11.0,10.0,300.0,15.0,7.333333333333333,30.0
5.166666666666666,x,gym_env,-0.2791495621204376,1.1521415332199636e-13,1.0030933618545532,-0.3237028419971466,9.3576283332307e-14,0.024931039661169052,-6.543896182581183e-15,0.32958346605300903,-2.2010329011321918e-15,-0.20000004768371582,0.0,1.0,0.0,0.0,0.0,15102.6455078125,14243.4453125,14243.4453125,15102.6455078125,-0.1359584629535675,0.0,0.0,0.0,24.679134292528033,2.7472471415996553,6.856038007885218,65.56050989031792,30.5,1.5,11.0,10.0,300.0,15.0,7.333333333333333,30.0
5.1875,x,gym_env,-0.2850363254547119,1.171777112190034e-13,1.0035450458526611,-0.25461092591285706,9.47007771680275e-14,0.019327769055962563,-6.634350407501996e-15,0.3457724153995514,-2.3133503169710593e-15,-0.20000004768371582,0.0,1.0,0.0,0.0,0.0,15045.2578125,14186.05859375,14186.05859375,15045.2578125,-0.1261547774076462,0.0,0.0,0.0,24.679134292528033,2.7472471415996553,6.856038007885218,65.56050989031792,30.5,1.5,11.0,10.0,300.0,15.0,7.333333333333333,30.0
5.208333333333333,x,gym_env,-0.2894538640975952,1.1916467433040895e-13,1.003847599029541,-0.18350480496883392,9.582509482089496e-14,0.011252904310822487,-6.6909402551915825e-15,0.3481464982032776,-2.329523352307696e-15,-0.20000004768371582,0.0,1.0,0.0,0.0,0.0,14987.30078125,14128.1005859375,14128.1005859375,14987.30078125,-0.11501736640930176,0.0,0.0,0.0,25.94864484667778,2.917247092723847,6.673472054302692,66.50360807776451,30.5,1.5,11.0,10.0,300.0,15.0,7.333333333333333,30.0
5.229166666666666,x,gym_env,-0.2923945188522339,1.2117512397137598e-13,1.003961205482483,-0.11311447620391846,9.695506387758651e-14,0.0016629676101729274,-6.713606433343634e-15,0.336778461933136,-2.2480815579456687e-15,-0.20000004768371582,0.0,1.0,0.0,0.0,0.0,14673.357421875,14341.6630859375,14341.6630859375,14673.357421875,-0.1030915655195713,0.0,0.0,0.0,25.94864484667778,2.917247092723847,6.673472054302692,66.50360807776451,30.5,1.5,11.0,10.0,300.0,15.0,7.333333333333333,30.0
5.25,x,gym_env,-0.29390522837638855,1.2320924987728465e-13,1.0038670301437378,-0.045931924134492874,9.809625442676329e-14,-0.008483215235173702,-6.714191309593713e-15,0.3167760670185089,-2.1058208921466513e-15,-0.20000004768371582,0.0,1.0,0.0,0.0,0.0,14513.7275390625,14478.279296875,14478.279296875,14513.7275390625,-0.0974786750972271,0.0,0.0,0.0,26.049713872373104,2.860963517427445,6.255001403391361,66.03861558437347,30.5,1.5,11.0,10.0,300.0,15.0,7.333333333333333,30.0
5.270833333333333,x,gym_env,-0.2940674424171448,1.252673908613139e-13,1.0035737752914429,0.017056401818990707,9.925718423174287e-14,-0.017611579969525337,-6.714451772224994e-15,0.2943595349788666,-1.947584761445944e-15,-0.20000004768371582,0.0,1.0,0.0,0.0,0.0,14937.6298828125,14078.4296875,14078.4296875,14937.6298828125,-0.10807730853557587,0.0,0.0,0.0,26.049713872373104,2.860963517427445,6.255001403391361,66.03861558437347,30.5,1.5,11.0,10.0,300.0,15.0,7.333333333333333,30.0
5.291666666666666,x,gym_env,-0.2929723858833313,1.2734999415685982e-13,1.0031143426895142,0.07552485167980194,1.0043801592285115e-13,-0.024805860593914986,-6.7091734864141786e-15,0.26355671882629395,-1.7321410842788655e-15,-0.20000004768371582,0.0,1.0,0.0,0.0,0.0,14739.7744140625,14292.107421875,14292.107421875,14739.7744140625,-0.1162236511707306,0.0,0.0,0.0,26.431909531354904,2.9538603067398075,6.5208017230033875,66.811248421669,30.5,1.5,11.0,10.0,300.0,15.0,7.333333333333333,30.0
5.3125,x,gym_env,-0.2907373309135437,1.2945739857710137e-13,1.002528190612793,0.12743183970451355,1.0163667596343323e-13,-0.0300864577293396,-6.696080898148469e-15,0.22308480739593506,-1.4523727721852298e-15,-0.20000004768371582,0.0,1.0,0.0,0.0,0.0,14117.6455078125,14976.8447265625,14976.8447265625,14117.6455078125,-0.12181269228458405,0.0,0.0,0.0,26.431909531354904,2.9538603067398075,6.5208017230033875,66.811248421669,30.5,1.5,11.0,10.0,300.0,15.0,7.333333333333333,30.0
5.333333333333333,x,gym_env,-0.28751876950263977,1.3159009201301614e-13,1.0018690824508667,0.17146985232830048,1.0286013712871092e-13,-0.0324382558465004,-6.7020118228451435e-15,0.1880866289138794,-1.2127194110779656e-15,-0.20000004768371582,0.0,1.0,0.0,0.0,0.0,14992.15625,14132.9560546875,14132.9560546875,14992.15625,-0.12518473863601684,0.0,0.0,0.0,26.689117521047592,2.946577548980713,6.850056849420071,66.58453679084778,30.5,1.5,11.0,10.0,300.0,15.0,7.333333333333333,30.0
5.354166666666666,x,gym_env,-0.2834712862968445,1.3374850814547312e-13,1.0011848211288452,0.20856750011444092,1.0410196874454866e-13,-0.03295520320534706,-6.7128288570980545e-15,0.15041156113147736,-9.560723455872937e-16,-0.20000004768371582,0.0,1.0,0.0,0.0,0.0,15031.46875,14172.26953125,14172.26953125,15031.46875,-0.1262529671192169,0.0,0.0,0.0,26.689117521047592,2.946577548980713,6.850056849420071,66.58453679084778,30.5,1.5,11.0,10.0,300.0,15.0,7.333333333333333,30.0
5.375,x,gym_env,-0.27874788641929626,1.3593308065534132e-13,1.0005199909210205,0.23752564191818237,1.0536656182974502e-13,-0.031033866107463837,-6.722003917982713e-15,0.09909772872924805,-6.084343009850454e-16,-0.20000004768371582,0.0,1.0,0.0,0.0,0.0,14238.15625,15097.3564453125,15097.3564453125,14238.15625,-0.12473250627517701,0.0,0.0,0.0,25.849484831094742,2.9010876655578617,6.771602168679237,66.08174720406532,30.5,1.5,11.0,10.0,300.0,15.0,7.333333333333333,30.0
5.395833333333333,x,gym_env,-0.2735513150691986,1.3814435164370698e-13,0.9999345541000366,0.25590619444847107,1.066588495041848e-13,-0.026011208072304726,-6.7515924728962e-15,0.05072777345776558,-2.815598397166378e-16,-0.20000004768371582,0.0,1.0,0.0,0.0,0.0,14280.634765625,15139.8349609375,15139.8349609375,14280.634765625,-0.1210500717163086,0.0,0.0,0.0,25.849484831094742,2.9010876655578617,6.771602168679237,66.08174720406532,30.5,1.5,11.0,10.0,300.0,15.0,7.333333333333333,30.0
5.416666666666666,x,gym_env,-0.2680954933166504,1.403828090015477e-13,0.9994780421257019,0.2647731304168701,1.0797202162297209e-13,-0.01913585513830185,-6.7997018267178765e-15,0.016319237649440765,-4.8051027662323784e-17,-0.20000004768371582,0.0,1.0,0.0,0.0,0.0,15135.5927734375,14276.392578125,14276.392578125,15135.5927734375,-0.11584370732307434,0.0,0.0,0.0,26.37081129103899,2.909560286998749,6.907689228653908,65.82018122076988,30.5,1.5,11.0,10.0,300.0,15.0,7.333333333333333,30.0
5.4375,x,gym_env,-0.2625463604927063,1.4264875088446094e-13,0.9991660118103027,0.2664869725704193,1.0929510063911047e-13,-0.012197562493383884,-6.855936767602563e-15,-0.020787976682186127,2.0566630968247315e-16,-0.20000004768371582,0.0,1.0,0.0,0.0,0.0,15137.6357421875,14278.435546875,14278.435546875,15137.6357421875,-0.10901937484741211,0.0,0.0,0.0,26.37081129103899,2.909560286998749,6.907689228653908,65.82018122076988,30.5,1.5,11.0,10.0,300.0,15.0,7.333333333333333,30.0
5.458333333333333,x,gym_env,-0.2570618689060211,1.4494236702782687e-13,0.9989985227584839,0.25978776812553406,1.1062800523743699e-13,-0.005305491853505373,-6.929992434664533e-15,-0.07165030390024185,5.568459710907591e-16,-0.20000004768371582,0.0,1.0,0.0,0.0,0.0,14304.34765625,15163.546875,15163.546875,14304.34765625,-0.10029311776161194,0.0,0.0,0.0,26.454766020178795,2.9489202260971075,6.952993325889111,66.469342648983,30.5,1.5,11.0,10.0,300.0,15.0,7.333333333333333,30.0
5.479166666666666,x,gym_env,-0.25185102224349976,1.472639284821886e-13,0.9989771842956543,0.24221071600914001,1.1197304612383177e-13,0.001707875868305564,-7.0212424470392915e-15,-0.11957354098558426,8.927871259661359e-16,-0.20000004768371582,0.0,1.0,0.0,0.0,0.0,14300.845703125,15160.044921875,15160.044921875,14300.845703125,-0.09016249179840088,0.0,0.0,0.0,26.454766020178795,2.9489202260971075,6.952993325889111,66.469342648983,30.5,1.5,11.0,10.0,300.0,15.0,7.333333333333333,30.0
