time,axis,backend,x,y,z,vx,vy,vz,roll,pitch,yaw,target_x,target_y,target_z,target_vx,target_vy,target_vz,rpm0,rpm1,rpm2,rpm3,reward,disturbance_x,disturbance_y,disturbance_z,x_b0,x_omega_c,x_k,x_r,y_b0,y_omega_c,y_k,y_r,z_b0,z_omega_c,z_k,z_r
0.0,x,gym_env,0.0,0.0,1.0,0.0,0.0,0.0,0.0,-0.0,0.0,0.0,0.0,1.0,0.5,0.0,0.0,14038.8291015625,14898.029296875,14898.029296875,14038.8291015625,-0.09995680319320854,0.0,0.0,0.0,30.5,1.5,11.0,10.0,30.5,1.5,11.0,10.0,300.0,15.0,7.333333333333333,30.0
0.020833333333333332,x,gym_env,1.393427965012961e-06,-2.2894487798747387e-22,1.0000022649765015,0.00022294015798252076,-4.3957043372967054e-20,0.00017966001178137958,2.1512492394521185e-18,0.008181506767868996,1.0172525001509352e-20,0.010416666977107525,0.0,1.0,0.5,0.0,0.0,14059.33203125,14918.53125,14918.53125,14059.33203125,-0.10984974950551987,0.0,0.0,0.0,30.5,1.5,11.0,10.0,30.5,1.5,11.0,10.0,300.0,15.0,7.333333333333333,30.0
0.041666666666666664,x,gym_env,3.071381797781214e-05,-6.7452923687808975e-21,1.000015377998352,0.002681031823158264,-5.617383539847611e-19,0.0009209475247189403,4.8419285989490555e-18,0.029994428157806396,9.293353502517952e-20,0.02083333395421505,0.0,1.0,0.5,0.0,0.0,14110.689453125,14969.8896484375,14969.8896484375,14110.689453125,-0.11862023659050465,0.0,0.0,0.0,30.5,1.5,11.0,10.0,30.5,1.5,11.0,10.0,300.0,15.0,7.333333333333333,30.0
0.0625,x,gym_env,0.00016998211503960192,-3.189348332475918e-20,1.000060796737671,0.0102155776694417,-1.75921153762598e-18,0.002986687468364835,8.619259205930113e-18,0.06544173508882523,3.519679355807275e-19,0.03125,0.0,1.0,0.5,0.0,0.0,14177.3466796875,15036.5458984375,15036.5458984375,14177.3466796875,-0.1255390655249357,0.0,0.0,0.0,30.5,1.5,11.0,10.0,30.5,1.5,11.0,10.0,300.0,15.0,7.333333333333333,30.0
0.08333333333333333,x,gym_env,0.0005614038673229516,-9.150202142697408e-20,1.000167965888977,0.025747662410140038,-3.680980609230881e-18,0.006493020337074995,1.1625939137010324e-17,0.11453168094158173,8.865847950386765e-19,0.0416666679084301,0.0,1.0,0.5,0.0,0.0,15103.35546875,14244.15625,14244.15625,15103.35546875,-0.1299054816365242,0.0,0.0,0.0,30.5,1.5,11.0,10.0,30.5,1.5,11.0,10.0,300.0,15.0,7.333333333333333,30.0
0.10416666666666666,x,gym_env,0.0014057215303182602,-1.9888203320584495e-19,1.0003600120544434,0.05177734047174454,-6.210058448741855e-18,0.010858388617634773,1.3329719440632747e-17,0.16068720817565918,1.541040996703894e-18,0.0520833320915699,0.0,1.0,0.5,0.0,0.0,15125.8662109375,14266.666015625,14266.666015625,15125.8662109375,-0.13179142251610756,0.0,0.0,0.0,30.5,1.5,11.0,10.0,30.5,1.5,11.0,10.0,300.0,15.0,7.333333333333333,30.0
0.125,x,gym_env,0.002910955809056759,-3.6264957732456617e-19,1.0006343126296997,0.08690477162599564,-8.959353687600678e-18,0.01453988067805767,1.3418568564588293e-17,0.19289612770080566,2.0458974486858335e-18,0.0625,0.0,1.0,0.5,0.0,0.0,15070.712890625,14280.294921875,14280.294921875,15070.712890625,-0.13167393133044242,0.0,0.0,0.0,30.5,1.5,11.0,10.0,30.5,1.5,11.0,10.0,300.0,15.0,7.333333333333333,30.0
0.14583333333333331,x,gym_env,0.005227316170930862,-5.834119852985107e-19,1.0009632110595703,0.12799376249313354,-1.1686385360272636e-17,0.016485629603266716,1.2947914376574196e-17,0.2118745744228363,2.3795992717874353e-18,0.0729166641831398,0.0,1.0,0.5,0.0,0.0,14208.6220703125,15067.822265625,15067.822265625,14208.6220703125,-0.129944309592247,0.0,0.0,0.0,30.5,1.5,11.0,10.0,30.5,1.5,11.0,10.0,300.0,15.0,7.333333333333333,30.0
0.16666666666666666,x,gym_env,0.008445789106190205,-8.587511497032445e-19,1.0013096332550049,0.17263279855251312,-1.4152130529773794e-17,0.0166177898645401,1.0063362699853765e-17,0.23401331901550293,2.7121573108970295e-18,0.0833333358168602,0.0,1.0,0.5,0.0,0.0,15042.8603515625,14183.66015625,14183.66015625,15042.8603515625,-0.1263509839773178,0.0,0.0,0.0,30.5,1.5,11.0,10.0,30.5,1.5,11.0,10.0,300.0,15.0,7.333333333333333,30.0
0.1875,x,gym_env,0.012647485360503197,-1.1784464785888508e-18,1.00163733959198,0.22167432308197021,-1.6123828016357243e-17,0.014987795613706112,1.0131372662637262e-17,0.2533648610115051,2.9936313637123394e-18,0.09375,0.0,1.0,0.5,0.0,0.0,15020.82421875,14161.625,14161.625,15020.82421875,-0.12106480449438095,0.0,0.0,0.0,30.5,1.5,11.0,10.0,30.5,1.5,11.0,10.0,300.0,15.0,7.333333333333333,30.0
0.20833333333333331,x,gym_env,0.017914779484272003,-1.5394439177362072e-18,1.001911997795105,0.27385208010673523,-1.818902503630001e-17,0.011911074630916119,1.2320575636930304e-17,0.25893211364746094,3.1432505521400122e-18,0.1041666641831398,0.0,1.0,0.5,0.0,0.0,14446.5634765625,14689.701171875,14689.701171875,14446.5634765625,-0.11456726044416428,0.0,0.0,0.0,30.5,1.5,11.0,10.0,30.5,1.5,11.0,10.0,300.0,15.0,7.333333333333333,30.0
0.22916666666666666,x,gym_env,0.02427910454571247,-1.948807124287422e-18,1.002109169960022,0.326601505279541,-2.0718953631070995e-17,0.00782008282840252,1.5310406726113422e-17,0.2613259255886078,3.2675253401893666e-18,0.1145833358168602,0.0,1.0,0.5,0.0,0.0,14697.82421875,14410.2509765625,14410.2509765625,14697.82421875,-0.10690234899520874,0.0,0.0,0.0,30.5,1.5,11.0,10.0,30.5,1.5,11.0,10.0,300.0,15.0,7.333333333333333,30.0
0.25,x,gym_env,0.031745992600917816,-2.4182062725171228e-18,1.002214789390564,0.3796749711036682,-2.3838481677218752e-17,0.0032193928491324186,1.9909443250763325e-17,0.26251646876335144,3.3745641658149535e-18,0.125,0.0,1.0,0.5,0.0,0.0,14974.697265625,14115.498046875,14115.498046875,14974.697265625,-0.09817030429840087,0.0,0.0,0.0,30.5,1.5,11.0,10.0,30.5,1.5,11.0,10.0,300.0,15.0,7.333333333333333,30.0
0.2708333333333333,x,gym_env,0.04031860828399658,-2.9645452118331373e-18,1.0022231340408325,0.4325554370880127,-2.796253620488968e-17,-0.0014425344998016953,2.52575712294188e-17,0.25364527106285095,3.2571074139645675e-18,0.1354166716337204,0.0,1.0,0.5,0.0,0.0,14464.28515625,14618.107421875,14618.107421875,14464.28515625,-0.08880385905504226,0.0,0.0,0.0,30.5,1.5,11.0,10.0,30.5,1.5,11.0,10.0,300.0,15.0,7.333333333333333,30.0
0.29166666666666663,x,gym_env,0.04996819049119949,-3.610869194101193e-18,1.0021369457244873,0.4832231104373932,-3.3223361887335084e-17,-0.005836425814777613,3.164453548704492e-17,0.24077746272087097,2.9846088911809173e-18,0.1458333283662796,0.0,1.0,0.5,0.0,0.0,14408.7783203125,14678.5048828125,14678.5048828125,14408.7783203125,-0.09146896600723267,0.0,0.0,0.0,30.5,1.5,11.0,10.0,30.5,1.5,11.0,10.0,300.0,15.0,7.333333333333333,30.0
0.3125,x,gym_env,0.060641009360551834,-4.383504276291555e-18,1.001968264579773,0.531383216381073,-3.987225288592612e-17,-0.009534223936498165,3.965310627188122e-17,0.2314889281988144,2.7347978646480653e-18,0.15625,0.0,1.0,0.5,0.0,0.0,14972.7724609375,14113.572265625,14113.572265625,14972.7724609375,-0.09946095496416092,0.0,0.0,0.0,30.5,1.5,11.0,10.0,30.5,1.5,11.0,10.0,300.0,15.0,7.333333333333333,30.0
0.3333333333333333,x,gym_env,0.07229220122098923,-5.31491791783239e-18,1.0017303228378296,0.5775157809257507,-4.813066199425549e-17,-0.012610800564289093,4.623899257757532e-17,0.21570929884910583,2.1177612459432154e-18,0.1666666716337204,0.0,1.0,0.5,0.0,0.0,14930.1923828125,14164.7431640625,14164.7431640625,14930.1923828125,-0.10578050762414933,0.0,0.0,0.0,30.5,1.5,11.0,10.0,30.5,1.5,11.0,10.0,300.0,15.0,7.333333333333333,30.0
0.35416666666666663,x,gym_env,0.08486182242631912,-6.436085137531664e-18,1.0014387369155884,0.6198782920837402,-5.777590557397901e-17,-0.014776686206459999,5.108514931022544e-17,0.18715111911296844,8.019708875181905e-19,0.1770833283662796,0.0,1.0,0.5,0.0,0.0,14133.71484375,14992.9140625,14992.9140625,14133.71484375,-0.11012016236782074,0.0,0.0,0.0,30.5,1.5,11.0,10.0,30.5,1.5,11.0,10.0,300.0,15.0,7.333333333333333,30.0
0.375,x,gym_env,0.09824249148368835,-7.771095502778453e-18,1.0011224746704102,0.6563966274261475,-6.838206171024824e-17,-0.015299834311008453,5.463748637700177e-17,0.1620023250579834,-4.2060272991943213e-19,0.1875,0.0,1.0,0.5,0.0,0.0,14137.046875,14996.2470703125,14996.2470703125,14137.046875,-0.11283754855394364,0.0,0.0,0.0,30.5,1.5,11.0,10.0,30.5,1.5,11.0,10.0,300.0,15.0,7.333333333333333,30.0
0.3958333333333333,x,gym_env,0.11232154816389084,-9.336304855824768e-18,1.0008074045181274,0.6882954835891724,-7.970039388414602e-17,-0.014937784522771835,5.697494989556637e-17,0.15061762928962708,-9.507811450055747e-19,0.1979166716337204,0.0,1.0,0.5,0.0,0.0,14981.6083984375,14122.4091796875,14122.4091796875,14981.6083984375,-0.11445365250110626,0.0,0.0,0.0,30.5,1.5,11.0,10.0,30.5,1.5,11.0,10.0,300.0,15.0,7.333333333333333,30.0
0.41666666666666663,x,gym_env,0.1270340383052826,-1.1143313163990747e-17,1.0004993677139282,0.7178550958633423,-9.149838493420614e-17,-0.014642234891653061,5.956148411401558e-17,0.13650795817375183,-1.6680427924376824e-18,0.2083333283662796,0.0,1.0,0.5,0.0,0.0,14975.7060546875,14116.505859375,14116.505859375,14975.7060546875,-0.11478767395019532,0.0,0.0,0.0,30.5,1.5,11.0,10.0,30.5,1.5,11.0,10.0,300.0,15.0,7.333333333333333,30.0
0.4375,x,gym_env,0.14232291281223297,-1.320264133748745e-17,1.000200867652893,0.7438862919807434,-1.0381747330039508e-16,-0.01403106190264225,6.205803431670882e-17,0.1087159514427185,-3.2440315496364823e-18,0.21875,0.0,1.0,0.5,0.0,0.0,14155.9296875,14962.6396484375,14962.6396484375,14155.9296875,-0.11348292231559753,0.0,0.0,0.0,30.5,1.5,11.0,10.0,30.5,1.5,11.0,10.0,300.0,15.0,7.333333333333333,30.0
0.4583333333333333,x,gym_env,0.15808311104774475,-1.5525448869958833e-17,0.9999281167984009,0.7640801668167114,-1.1668889994008772e-16,-0.012386365793645382,6.56797354409314e-17,0.08322906494140625,-4.7351693603705115e-18,0.2291666716337204,0.0,1.0,0.5,0.0,0.0,14400.6552734375,14723.2177734375,14723.2177734375,14400.6552734375,-0.11084463298320771,0.0,0.0,0.0,30.5,1.5,11.0,10.0,30.5,1.5,11.0,10.0,300.0,15.0,7.333333333333333,30.0
0.47916666666666663,x,gym_env,0.17419928312301636,-1.8125532306841665e-17,0.9996949434280396,0.7793862223625183,-1.3032726859140483e-16,-0.010353894904255867,7.017434372196893e-17,0.06602626293897629,-5.764347064918682e-18,0.2395833283662796,0.0,1.0,0.5,0.0,0.0,14982.4775390625,14123.27734375,14123.27734375,14982.4775390625,-0.10719678103923798,0.0,0.0,0.0,30.5,1.5,11.0,10.0,30.5,1.5,11.0,10.0,300.0,15.0,7.333333333333333,30.0
0.5,x,gym_env,0.19058844447135925,-2.1021420493857135e-17,0.9995061755180359,0.7910094857215881,-1.4492831665705605e-16,-0.00816856324672699,7.708077905863958e-17,0.042681965976953506,-7.336406300617549e-18,0.25,0.0,1.0,0.5,0.0,0.0,14599.5693359375,14503.00390625,14503.00390625,14599.5693359375,-0.10232598781585694,0.0,0.0,0.0,30.5,1.5,11.0,10.0,30.5,1.5,11.0,10.0,300.0,15.0,7.333333333333333,30.0
0.5208333333333333,x,gym_env,0.20715802907943726,-2.423956997571714e-17,0.9993632435798645,0.797420084476471,-1.6111966908117722e-16,-0.005957133136689663,8.804216625460848e-17,0.012976600788533688,-9.64687560707209e-18,0.2604166567325592,0.0,1.0,0.5,0.0,0.0,14127.6142578125,14986.8134765625,14986.8134765625,14127.6142578125,-0.09620752930641174,0.0,0.0,0.0,30.5,1.5,11.0,10.0,30.5,1.5,11.0,10.0,300.0,15.0,7.333333333333333,30.0
0.5416666666666666,x,gym_env,0.22378575801849365,-2.782310002339284e-17,0.9992727041244507,0.797883152961731,-1.7958468292885555e-16,-0.003268750384449959,9.96014263624409e-17,-0.009056813083589077,-1.1564092496970959e-17,0.2708333432674408,0.0,1.0,0.5,0.0,0.0,14244.9072265625,14848.048828125,14848.048828125,14244.9072265625,-0.0893246352672577,0.0,0.0,0.0,30.5,1.5,11.0,10.0,30.5,1.5,11.0,10.0,300.0,15.0,7.333333333333333,30.0
0.5625,x,gym_env,0.24036818742752075,-3.1820241884040985e-17,0.9992331862449646,0.7942973971366882,-2.0038396076048912e-16,-0.0009832791984081268,1.1332983196907318e-16,-0.01979791186749935,-1.2568862996774834e-17,0.28125,0.0,1.0,0.5,0.0,0.0,14957.5087890625,14098.30859375,14098.30859375,14957.5087890625,-0.08210764527320863,0.0,0.0,0.0,30.5,1.5,11.0,10.0,30.5,1.5,11.0,10.0,300.0,15.0,7.333333333333333,30.0
0.5833333333333333,x,gym_env,0.25684764981269836,-3.628385736188738e-17,0.9992354512214661,0.7885264754295349,-2.2383880599577313e-16,0.0008271001861430705,1.2601429593799414e-16,-0.0348922461271286,-1.4246190891588424e-17,0.2916666567325592,0.0,1.0,0.5,0.0,0.0,14851.3828125,14184.763671875,14184.763671875,14851.3828125,-0.07433312535285949,0.0,0.0,0.0,30.5,1.5,11.0,10.0,30.5,1.5,11.0,10.0,300.0,15.0,7.333333333333333,30.0
0.6041666666666666,x,gym_env,0.27316635847091675,-4.12679977468787e-17,0.9992697834968567,0.7791641354560852,-2.498888013627667e-16,0.0021689296700060368,1.3962660509129338e-16,-0.061802443116903305,-1.7689202805526068e-17,0.3020833432674408,0.0,1.0,0.5,0.0,0.0,14091.080078125,14950.2802734375,14950.2802734375,14091.080078125,-0.06571266651153565,0.0,0.0,0.0,30.5,1.5,11.0,10.0,30.5,1.5,11.0,10.0,300.0,15.0,7.333333333333333,30.0
0.625,x,gym_env,0.28922179341316223,-4.682767054974971e-17,0.9993304014205933,0.7642555832862854,-2.7849479805743893e-16,0.003355438821017742,1.516911997615018e-16,-0.08469405025243759,-2.0868185285381687e-17,0.3125,0.0,1.0,0.5,0.0,0.0,14085.431640625,14944.6318359375,14944.6318359375,14085.431640625,-0.056641459465026855,0.0,0.0,0.0,30.5,1.5,11.0,10.0,30.5,1.5,11.0,10.0,300.0,15.0,7.333333333333333,30.0
0.6458333333333333,x,gym_env,0.3049108386039734,-5.3011219514220465e-17,0.9994096159934998,0.7452614903450012,-3.092802899347353e-16,0.0040667373687028885,1.6202459143642043e-16,-0.09387198090553284,-2.2161290267206233e-17,0.3229166567325592,0.0,1.0,0.5,0.0,0.0,14375.8369140625,14629.7724609375,14629.7724609375,14375.8369140625,-0.04770943522453308,0.0,0.0,0.0,30.5,1.5,11.0,10.0,30.5,1.5,11.0,10.0,300.0,15.0,7.333333333333333,30.0
0.6666666666666666,x,gym_env,0.3201830983161926,-5.986061909329436e-17,0.999495267868042,0.7248793840408325,-3.420340216836546e-16,0.004136520437896252,1.7144316105852483e-16,-0.09514588117599487,-2.223689126647113e-17,0.3333333432674408,0.0,1.0,0.5,0.0,0.0,14923.509765625,14064.310546875,14064.310546875,14923.509765625,-0.042526316642761235,0.0,0.0,0.0,30.5,1.5,11.0,10.0,30.5,1.5,11.0,10.0,300.0,15.0,7.333333333333333,30.0
0.6875,x,gym_env,0.3350270092487335,-6.741461111814092e-17,0.9995809197425842,0.7041632533073425,-3.7646511689615387e-16,0.00408268254250288,1.796338505444657e-16,-0.10299912840127945,-2.3485766900942466e-17,0.34375,0.0,1.0,0.5,0.0,0.0,14057.9169921875,14917.1171875,14917.1171875,14057.9169921875,-0.042029619216918945,0.0,0.0,0.0,30.5,1.5,11.0,10.0,30.5,1.5,11.0,10.0,300.0,15.0,7.333333333333333,30.0
0.7083333333333333,x,gym_env,0.34942054748535156,-7.570667324251139e-17,0.9996612071990967,0.6817953586578369,-4.1268887793217805e-16,0.0036763260141015053,1.9208835830309692e-16,-0.10811213403940201,-2.429488023455611e-17,0.3541666567325592,0.0,1.0,0.5,0.0,0.0,14094.01171875,14871.6640625,14871.6640625,14094.01171875,-0.0409680962562561,0.0,0.0,0.0,30.5,1.5,11.0,10.0,30.5,1.5,11.0,10.0,300.0,15.0,7.333333333333333,30.0
0.7291666666666666,x,gym_env,0.36333802342414856,-8.478415328466832e-17,0.9997298717498779,0.6589836478233337,-4.514359501180728e-16,0.0030537392012774944,2.0535887642728924e-16,-0.10034757107496262,-2.261876746806236e-17,0.3645833432674408,0.0,1.0,0.5,0.0,0.0,14908.890625,14049.6904296875,14049.6904296875,14908.890625,-0.03979313373565674,0.0,0.0,0.0,30.5,1.5,11.0,10.0,30.5,1.5,11.0,10.0,300.0,15.0,7.333333333333333,30.0
0.75,x,gym_env,0.3768000900745392,-9.470351128450211e-17,0.9997867345809937,0.6378819346427917,-4.929790515930744e-16,0.0025358032435178757,2.1923863623368403e-16,-0.0958404615521431,-2.1565637508106798e-17,0.375,0.0,1.0,0.5,0.0,0.0,14905.755859375,14046.5556640625,14046.5556640625,14905.755859375,-0.03827028870582581,0.0,0.0,0.0,30.5,1.5,11.0,10.0,30.5,1.5,11.0,10.0,300.0,15.0,7.333333333333333,30.0
0.7708333333333333,x,gym_env,0.3898322880268097,-1.0552291458268751e-16,0.9998326301574707,0.6171900033950806,-5.3725653424049045e-16,0.0019664885476231575,2.32880935647272e-16,-0.10498055070638657,-2.3531951703263752e-17,0.3854166567325592,0.0,1.0,0.5,0.0,0.0,14043.81640625,14903.015625,14903.015625,14043.81640625,-0.03590970635414124,0.0,0.0,0.0,30.5,1.5,11.0,10.0,30.5,1.5,11.0,10.0,300.0,15.0,7.333333333333333,30.0
0.7916666666666666,x,gym_env,0.40241122245788574,-1.1729758575691854e-16,0.9998633861541748,0.5945757031440735,-5.841365256183454e-16,0.0011188796488568187,2.462088402536408e-16,-0.11137964576482773,-2.493929032768187e-17,0.3958333432674408,0.0,1.0,0.5,0.0,0.0,14042.23828125,14901.4384765625,14901.4384765625,14042.23828125,-0.032924824953079225,0.0,0.0,0.0,30.5,1.5,11.0,10.0,30.5,1.5,11.0,10.0,300.0,15.0,7.333333333333333,30.0
0.8125,x,gym_env,0.41450566053390503,-1.3008238342541973e-16,0.9998744130134583,0.571262538433075,-6.337942556676023e-16,0.00014770821144338697,2.6320667392266647e-16,-0.10413394868373871,-2.2970992553416016e-17,0.40625,0.0,1.0,0.5,0.0,0.0,14552.31640625,14397.962890625,14397.962890625,14552.31640625,-0.029836881160736087,0.0,0.0,0.0,30.5,1.5,11.0,10.0,30.5,1.5,11.0,10.0,300.0,15.0,7.333333333333333,30.0
0.8333333333333333,x,gym_env,0.4261341094970703,-1.439446864121672e-16,0.9998663067817688,0.5497638583183289,-6.86913121158018e-16,-0.0007157698855735362,2.7822528276153446e-16,-0.09291481226682663,-1.9831498021642453e-17,0.4166666567325592,0.0,1.0,0.5,0.0,0.0,14910.3671875,14051.1669921875,14051.1669921875,14910.3671875,-0.026729094982147216,0.0,0.0,0.0,30.5,1.5,11.0,10.0,30.5,1.5,11.0,10.0,300.0,15.0,7.333333333333333,30.0
0.8541666666666666,x,gym_env,0.43734171986579895,-1.589541234724032e-16,0.9998469948768616,0.5302701592445374,-7.431968723162902e-16,-0.001051570987328887,2.9214611043098127e-16,-0.09087754786014557,-1.9155094236784367e-17,0.4270833432674408,0.0,1.0,0.5,0.0,0.0,14048.24609375,14907.4462890625,14907.4462890625,14048.24609375,-0.023290193080902098,0.0,0.0,0.0,30.5,1.5,11.0,10.0,30.5,1.5,11.0,10.0,300.0,15.0,7.333333333333333,30.0
0.875,x,gym_env,0.44814935326576233,-1.7517041042890917e-16,0.9998201727867126,0.5111209154129028,-8.021971110759661e-16,-0.0014410006115213037,3.054541891724284e-16,-0.08611267805099487,-1.7607594820652812e-17,0.4375,0.0,1.0,0.5,0.0,0.0,14047.85546875,14907.0556640625,14907.0556640625,14047.85546875,-0.02236660122871399,0.0,0.0,0.0,30.5,1.5,11.0,10.0,30.5,1.5,11.0,10.0,300.0,15.0,7.333333333333333,30.0
0.8958333333333333,x,gym_env,0.45857295393943787,-1.9264917352351807e-16,0.999786376953125,0.4935317635536194,-8.638313046642476e-16,-0.00170986820012331,3.1656898197607894e-16,-0.06771320849657059,-1.1776070763827473e-17,0.4479166567325592,0.0,1.0,0.5,0.0,0.0,14913.4140625,14054.21484375,14054.21484375,14913.4140625,-0.024795615673065187,0.0,0.0,0.0,30.5,1.5,11.0,10.0,30.5,1.5,11.0,10.0,300.0,15.0,7.333333333333333,30.0
0.9166666666666666,x,gym_env,0.46867671608924866,-2.114419229473348e-16,0.9997527599334717,0.47982221841812134,-9.278079149286017e-16,-0.0015163490315899253,3.2406112074344123e-16,-0.05207880213856697,-6.660820597385277e-18,0.4583333432674408,0.0,1.0,0.5,0.0,0.0,14914.24609375,14055.046875,14055.046875,14914.24609375,-0.02644563913345337,0.0,0.0,0.0,30.5,1.5,11.0,10.0,30.5,1.5,11.0,10.0,300.0,15.0,7.333333333333333,30.0
0.9375,x,gym_env,0.4785327613353729,-2.315852134659893e-16,0.9997256994247437,0.4687688946723938,-9.929676184620333e-16,-0.0011447849683463573,3.2429244014738046e-16,-0.05011299252510071,-5.92262848872101e-18,0.46875,0.0,1.0,0.5,0.0,0.0,14048.4208984375,14907.62109375,14907.62109375,14048.4208984375,-0.02780781388282776,0.0,0.0,0.0,30.5,1.5,11.0,10.0,30.5,1.5,11.0,10.0,300.0,15.0,7.333333333333333,30.0
0.9583333333333333,x,gym_env,0.48816433548927307,-2.530850801892308e-16,0.9997043609619141,0.45803260803222656,-1.0579647975487104e-15,-0.0009455824038013816,3.2233280295412804e-16,-0.04542086645960808,-4.3056446603640824e-18,0.4791666567325592,0.0,1.0,0.5,0.0,0.0,14045.57421875,14904.7744140625,14904.7744140625,14045.57421875,-0.028653568029403685,0.0,0.0,0.0,30.5,1.5,11.0,10.0,30.5,1.5,11.0,10.0,300.0,15.0,7.333333333333333,30.0
0.9791666666666666,x,gym_env,0.49758681654930115,-2.759331586667051e-16,0.9996867775917053,0.4488329589366913,-1.1224654035700598e-15,-0.0007587510626763105,3.199642870753682e-16,-0.027095237746834755,1.6851190056056506e-18,0.4895833432674408,0.0,1.0,0.5,0.0,0.0,14909.3837890625,14050.1845703125,14050.1845703125,14909.3837890625,-0.02858095169067383,0.0,0.0,0.0,30.5,1.5,11.0,10.0,30.5,1.5,11.0,10.0,300.0,15.0,7.333333333333333,30.0
1.0,x,gym_env,0.506864070892334,-3.001191256843676e-16,0.9996763467788696,0.4434988796710968,-1.1865193055908508e-15,-0.00031684068380855024,3.1959725711141107e-16,-0.011533080600202084,6.7730549444383095e-18,0.5,0.0,1.0,0.5,0.0,0.0,14909.23828125,14050.0380859375,14050.0380859375,14909.23828125,-0.027908533811569214,0.0,0.0,0.0,30.5,1.5,11.0,10.0,30.5,1.5,11.0,10.0,300.0,15.0,7.333333333333333,30.0
1.0208333333333333,x,gym_env,0.5160678029060364,-3.2563813727255113e-16,0.9996757507324219,0.4407963454723358,-1.2505198445359649e-15,0.00016794531256891787,3.1878294081174447e-16,-0.009635058231651783,7.504951795050741e-18,0.5104166865348816,0.0,1.0,0.5,0.0,0.0,14043.8671875,14903.06640625,14903.06640625,14043.8671875,-0.027128762006759642,0.0,0.0,0.0,30.5,1.5,11.0,10.0,30.5,1.5,11.0,10.0,300.0,15.0,7.333333333333333,30.0
1.0416666666666665,x,gym_env,0.5252206325531006,-3.5248619649453587e-16,0.9996832013130188,0.43837592005729675,-1.3140915730515314e-15,0.00048100764979608357,3.158132697684505e-16,-0.005011354107409716,9.094372724626484e-18,0.5208333134651184,0.0,1.0,0.5,0.0,0.0,14084.888671875,14856.1318359375,14856.1318359375,14084.888671875,-0.02601595520973206,0.0,0.0,0.0,30.5,1.5,11.0,10.0,30.5,1.5,11.0,10.0,300.0,15.0,7.333333333333333,30.0
1.0625,x,gym_env,0.5343371033668518,-3.806493008369125e-16,0.9996957182884216,0.4374391734600067,-1.3768899604862548e-15,0.000682126556057483,3.1314479834724422e-16,0.01240418292582035,1.4697121785076806e-17,0.53125,0.0,1.0,0.5,0.0,0.0,14902.6728515625,14043.47265625,14043.47265625,14902.6728515625,-0.024200254678726198,0.0,0.0,0.0,30.5,1.5,11.0,10.0,30.5,1.5,11.0,10.0,300.0,15.0,7.333333333333333,30.0
1.0833333333333333,x,gym_env,0.5434779524803162,-4.101127331022225e-16,0.9997135400772095,0.44013848900794983,-1.4390713902980219e-15,0.0009640841744840145,3.102755536477591e-16,0.02650260739028454,1.9246831875438948e-17,0.5416666865348816,0.0,1.0,0.5,0.0,0.0,14901.306640625,14042.1064453125,14042.1064453125,14901.306640625,-0.022011113166809083,0.0,0.0,0.0,30.5,1.5,11.0,10.0,30.5,1.5,11.0,10.0,300.0,15.0,7.333333333333333,30.0
1.1041666666666665,x,gym_env,0.5527086853981018,-4.4086243783749736e-16,0.9997361302375793,0.44515442848205566,-1.5004731262818413e-15,0.0011598720448091626,3.062498442774758e-16,0.026946227997541428,1.9531775744128764e-17,0.5520833134651184,0.0,1.0,0.5,0.0,0.0,14132.30078125,14803.6025390625,14803.6025390625,14132.30078125,-0.01994411945343018,0.0,0.0,0.0,30.5,1.5,11.0,10.0,30.5,1.5,11.0,10.0,300.0,15.0,7.333333333333333,30.0
1.125,x,gym_env,0.5620450377464294,-4.728791715129666e-16,0.9997605085372925,0.4500880241394043,-1.5608852101459125e-15,0.001181496656499803,3.014249857912377e-16,0.02832774631679058,2.0090992851606464e-17,0.5625,0.0,1.0,0.5,0.0,0.0,14316.9609375,14616.244140625,14616.244140625,14316.9609375,-0.017862635850906375,0.0,0.0,0.0,30.5,1.5,11.0,10.0,30.5,1.5,11.0,10.0,300.0,15.0,7.333333333333333,30.0
1.1458333333333333,x,gym_env,0.5714887380599976,-5.061403024670709e-16,0.9997836947441101,0.45563051104545593,-1.620146387992902e-15,0.001059149275533855,2.9613433859334854e-16,0.036817070096731186,2.2775830868412704e-17,0.5729166865348816,0.0,1.0,0.5,0.0,0.0,14897.17578125,14037.9765625,14037.9765625,14897.17578125,-0.015592694282531738,0.0,0.0,0.0,30.5,1.5,11.0,10.0,30.5,1.5,11.0,10.0,300.0,15.0,7.333333333333333,30.0
1.1666666666666665,x,gym_env,0.5810684561729431,-5.406217961399318e-16,0.9998059272766113,0.4627953767776489,-1.6782600479545986e-15,0.0010674628429114819,2.8971112893564157e-16,0.03901444375514984,2.3572690348431988e-17,0.5833333134651184,0.0,1.0,0.5,0.0,0.0,14750.7138671875,14180.529296875,14180.529296875,14750.7138671875,-0.013485825061798096,0.0,0.0,0.0,30.5,1.5,11.0,10.0,30.5,1.5,11.0,10.0,300.0,15.0,7.333333333333333,30.0
1.1875,x,gym_env,0.5908010005950928,-5.762958592629675e-16,0.9998262524604797,0.46990931034088135,-1.7348869533356272e-15,0.0009213722078129649,2.82907363256601e-16,0.03032902628183365,2.122590119564147e-17,0.59375,0.0,1.0,0.5,0.0,0.0,14036.1123046875,14895.3115234375,14895.3115234375,14036.1123046875,-0.011861318349838258,0.0,0.0,0.0,30.5,1.5,11.0,10.0,30.5,1.5,11.0,10.0,300.0,15.0,7.333333333333333,30.0
1.2083333333333333,x,gym_env,0.6006603240966797,-6.131315751336033e-16,0.999845564365387,0.47524502873420715,-1.7900434095202223e-15,0.0009373279171995819,2.740047558133827e-16,0.026216553524136543,2.0208851199644244e-17,0.6041666865348816,0.0,1.0,0.5,0.0,0.0,14034.4482421875,14893.6484375,14893.6484375,14034.4482421875,-0.01039806604385376,0.0,0.0,0.0,30.5,1.5,11.0,10.0,30.5,1.5,11.0,10.0,300.0,15.0,7.333333333333333,30.0
1.2291666666666665,x,gym_env,0.6106224656105042,-6.510924154559889e-16,0.9998648762702942,0.480288565158844,-1.843196421026324e-15,0.000914655567612499,2.625254476748372e-16,0.035738833248615265,2.2907958082017025e-17,0.6145833134651184,0.0,1.0,0.5,0.0,0.0,14892.52734375,14033.3271484375,14033.3271484375,14892.52734375,-0.008654868602752686,0.0,0.0,0.0,30.5,1.5,11.0,10.0,30.5,1.5,11.0,10.0,300.0,15.0,7.333333333333333,30.0
1.25,x,gym_env,0.6207133531570435,-6.901295699565386e-16,0.9998825192451477,0.4873758554458618,-1.8938282389649235e-15,0.000792705686762929,2.5049951211773705e-16,0.04252084344625473,2.4810147581727642e-17,0.625,0.0,1.0,0.5,0.0,0.0,14891.5712890625,14032.3720703125,14032.3720703125,14891.5712890625,-0.006911450624465942,0.0,0.0,0.0,30.5,1.5,11.0,10.0,30.5,1.5,11.0,10.0,300.0,15.0,7.333333333333333,30.0
1.2708333333333333,x,gym_env,0.6309667825698853,-7.301889344057467e-16,0.999896764755249,0.49527665972709656,-1.941823666855194e-15,0.00061208033002913,2.3726364293504335e-16,0.035667143762111664,2.327725452085255e-17,0.6354166865348816,0.0,1.0,0.5,0.0,0.0,14033.6591796875,14892.859375,14892.859375,14033.6591796875,-0.006282401084899902,0.0,0.0,0.0,30.5,1.5,11.0,10.0,30.5,1.5,11.0,10.0,300.0,15.0,7.333333333333333,30.0
1.2916666666666665,x,gym_env,0.6413676142692566,-7.712139164148246e-16,0.9999083280563354,0.5016573667526245,-1.9870698375569137e-15,0.000524816510733217,2.2190821938563356e-16,0.03155049309134483,2.244445900630151e-17,0.6458333134651184,0.0,1.0,0.5,0.0,0.0,14282.619140625,14644.2626953125,14644.2626953125,14282.619140625,-0.007581079006195068,0.0,0.0,0.0,30.5,1.5,11.0,10.0,30.5,1.5,11.0,10.0,300.0,15.0,7.333333333333333,30.0
1.3125,x,gym_env,0.6518921852111816,-8.13140617935814e-16,0.9999166131019592,0.5076110363006592,-2.028902253722962e-15,0.0003090307000093162,2.0204885695787665e-16,0.036331404000520706,2.3602008938063318e-17,0.65625,0.0,1.0,0.5,0.0,0.0,14893.76171875,14034.5615234375,14034.5615234375,14893.76171875,-0.009192538261413575,0.0,0.0,0.0,30.5,1.5,11.0,10.0,30.5,1.5,11.0,10.0,300.0,15.0,7.333333333333333,30.0
1.3333333333333333,x,gym_env,0.6625519394874573,-8.558862944376799e-16,0.9999220967292786,0.5144529938697815,-2.0663838851554383e-15,0.00023097895609680563,1.7623289414723148e-16,0.03522225841879845,2.3552077007567167e-17,0.6666666865348816,0.0,1.0,0.5,0.0,0.0,14893.4560546875,14034.255859375,14034.255859375,14893.4560546875,-0.010782361030578613,0.0,0.0,0.0,30.5,1.5,11.0,10.0,30.5,1.5,11.0,10.0,300.0,15.0,7.333333333333333,30.0
1.3541666666666665,x,gym_env,0.6733489632606506,-8.993461255931996e-16,0.9999260306358337,0.5205004215240479,-2.0984222711106218e-15,0.00017075576761271805,1.460523293780625e-16,0.020485758781433105,2.1273015748971264e-17,0.6770833134651184,0.0,1.0,0.5,0.0,0.0,14036.861328125,14896.0615234375,14896.0615234375,14036.861328125,-0.011835837364196779,0.0,0.0,0.0,30.5,1.5,11.0,10.0,30.5,1.5,11.0,10.0,300.0,15.0,7.333333333333333,30.0
1.375,x,gym_env,0.6842347383499146,-9.43396497531633e-16,0.9999306201934814,0.5234220623970032,-2.124211247980963e-15,0.0002613987016957253,1.132240851995644e-16,0.008501441217958927,1.975377944000942e-17,0.6875,0.0,1.0,0.5,0.0,0.0,14036.75,14895.9501953125,14895.9501953125,14036.75,-0.012542998790740967,0.0,0.0,0.0,30.5,1.5,11.0,10.0,30.5,1.5,11.0,10.0,300.0,15.0,7.333333333333333,30.0
1.3958333333333333,x,gym_env,0.695152997970581,-9.879002438550845e-16,0.9999374747276306,0.5244500041007996,-2.1432709716018425e-15,0.00037524965591728687,8.149624931611294e-17,0.010163310915231705,2.0011874680376992e-17,0.6979166865348816,0.0,1.0,0.5,0.0,0.0,14893.873046875,14034.673828125,14034.673828125,14893.873046875,-0.013365030288696289,0.0,0.0,0.0,30.5,1.5,11.0,10.0,30.5,1.5,11.0,10.0,300.0,15.0,7.333333333333333,30.0
1.4166666666666665,x,gym_env,0.7060964703559875,-1.0327199334678617e-15,0.9999459385871887,0.5259262323379517,-2.1558779982305386e-15,0.0004261332505848259,5.003593687765093e-17,0.009095867164433002,2.00911864118698e-17,0.7083333134651184,0.0,1.0,0.5,0.0,0.0,14660.2294921875,14266.353515625,14266.353515625,14660.2294921875,-0.014081966876983643,0.0,0.0,0.0,30.5,1.5,11.0,10.0,30.5,1.5,11.0,10.0,300.0,15.0,7.333333333333333,30.0
1.4375,x,gym_env,0.7170663475990295,-1.0777208881313513e-15,0.9999533891677856,0.5267446637153625,-2.161896802595491e-15,0.0003125004004687071,1.561565291575774e-17,-0.0011701298644766212,1.9854194203289683e-17,0.71875,0.0,1.0,0.5,0.0,0.0,14035.9443359375,14895.14453125,14895.14453125,14035.9443359375,-0.014385628700256347,0.0,0.0,0.0,30.5,1.5,11.0,10.0,30.5,1.5,11.0,10.0,300.0,15.0,7.333333333333333,30.0
1.4583333333333333,x,gym_env,0.7280280590057373,-1.1227594298818754e-15,0.9999611377716064,0.5255378484725952,-2.160831023389608e-15,0.0004093047755304724,-2.068621547678737e-17,-0.00574211310595274,1.9934472081737955e-17,0.7291666865348816,0.0,1.0,0.5,0.0,0.0,14034.57421875,14893.7744140625,14893.7744140625,14034.57421875,-0.014580059051513671,0.0,0.0,0.0,30.5,1.5,11.0,10.0,30.5,1.5,11.0,10.0,300.0,15.0,7.333333333333333,30.0
1.4791666666666665,x,gym_env,0.7389553189277649,-1.1676839398218754e-15,0.9999703764915466,0.5239571332931519,-2.152465514244288e-15,0.0004664227890316397,-5.456762270246554e-17,0.003321223659440875,1.9720187635333643e-17,0.7395833134651184,0.0,1.0,0.5,0.0,0.0,14892.1083984375,14032.908203125,14032.908203125,14892.1083984375,-0.015156924724578857,0.0,0.0,0.0,30.5,1.5,11.0,10.0,30.5,1.5,11.0,10.0,300.0,15.0,7.333333333333333,30.0
1.5,x,gym_env,0.7498723268508911,-1.2123477753723578e-15,0.9999802112579346,0.5243395566940308,-2.137226120973762e-15,0.00047516103950329125,-8.6568328926386e-17,0.009645335376262665,1.9452975210254513e-17,0.75,0.0,1.0,0.5,0.0,0.0,14890.84375,14031.6435546875,14031.6435546875,14890.84375,-0.015901970863342284,0.0,0.0,0.0,30.5,1.5,11.0,10.0,30.5,1.5,11.0,10.0,300.0,15.0,7.333333333333333,30.0
1.5208333333333333,x,gym_env,0.7608110904693604,-1.256613823074986e-15,0.9999896883964539,0.5254544019699097,-2.115682896751533e-15,0.00044394860742613673,-1.1479758124798727e-16,0.0023348452523350716,2.031324304730966e-17,0.7604166865348816,0.0,1.0,0.5,0.0,0.0,14032.6005859375,14891.7998046875,14891.7998046875,14032.6005859375,-0.01633126735687256,0.0,0.0,0.0,30.5,1.5,11.0,10.0,30.5,1.5,11.0,10.0,300.0,15.0,7.333333333333333,30.0
1.5416666666666665,x,gym_env,0.7717549204826355,-1.3003590513941711e-15,0.9999989867210388,0.5249651670455933,-2.088401024311656e-15,0.0004469102423172444,-1.4383883376354e-16,-0.0022382561583071947,2.0973267001677973e-17,0.7708333134651184,0.0,1.0,0.5,0.0,0.0,14070.400390625,14854.115234375,14854.115234375,14070.400390625,-0.016661953926086426,0.0,0.0,0.0,30.5,1.5,11.0,10.0,30.5,1.5,11.0,10.0,300.0,15.0,7.333333333333333,30.0
1.5625,x,gym_env,0.7826790809631348,-1.343462334618456e-15,1.0000079870224,0.5240809321403503,-2.05518653310921e-15,0.0004216750094201416,-1.742270671885741e-16,0.006103192921727896,1.976973906274802e-17,0.78125,0.0,1.0,0.5,0.0,0.0,14891.0048828125,14031.8046875,14031.8046875,14891.0048828125,-0.017351806163787842,0.0,0.0,0.0,30.5,1.5,11.0,10.0,30.5,1.5,11.0,10.0,300.0,15.0,7.333333333333333,30.0
1.5833333333333333,x,gym_env,0.7936055064201355,-1.385795770772805e-15,1.000016450881958,0.5249814987182617,-2.015667787438587e-15,0.0003962275222875178,-2.0730850804385223e-16,0.011227840557694435,1.8972568562818415e-17,0.7916666865348816,0.0,1.0,0.5,0.0,0.0,14890.146484375,14030.947265625,14030.947265625,14890.146484375,-0.018168604373931883,0.0,0.0,0.0,30.5,1.5,11.0,10.0,30.5,1.5,11.0,10.0,300.0,15.0,7.333333333333333,30.0
1.6041666666666665,x,gym_env,0.8045614957809448,-1.427222140519763e-15,1.0000240802764893,0.5263689756393433,-1.9694661635723644e-15,0.00034282117849215865,-2.3929347798379947e-16,0.002720130141824484,2.0993086249154744e-17,0.8020833134651184,0.0,1.0,0.5,0.0,0.0,14032.6884765625,14891.888671875,14891.888671875,14032.6884765625,-0.018623387813568114,0.0,0.0,0.0,30.5,1.5,11.0,10.0,30.5,1.5,11.0,10.0,300.0,15.0,7.333333333333333,30.0
1.625,x,gym_env,0.8155251145362854,-1.4676048597965854e-15,1.0000312328338623,0.5259079337120056,-1.9167201513974183e-15,0.00034819432767108083,-2.745197518453133e-16,-0.00304800714366138,2.2541111752155882e-17,0.8125,0.0,1.0,0.5,0.0,0.0,14033.048828125,14892.2490234375,14892.2490234375,14033.048828125,-0.018932271003723144,0.0,0.0,0.0,30.5,1.5,11.0,10.0,30.5,1.5,11.0,10.0,300.0,15.0,7.333333333333333,30.0
1.6458333333333333,x,gym_env,0.8264667391777039,-1.5067994036066469e-15,1.000038743019104,0.5248276591300964,-1.8567440777429462e-15,0.00036408877349458635,-3.12167904661264e-16,0.004818507004529238,2.0361436244158226e-17,0.8229166865348816,0.0,1.0,0.5,0.0,0.0,14890.7744140625,14031.57421875,14031.57421875,14890.7744140625,-0.019581818580627443,0.0,0.0,0.0,30.5,1.5,11.0,10.0,30.5,1.5,11.0,10.0,300.0,15.0,7.333333333333333,30.0
1.6666666666666665,x,gym_env,0.8374055027961731,-1.5446490708547053e-15,1.000045895576477,0.5254650115966797,-1.789128190420714e-15,0.0003340579569339752,-3.487492459499275e-16,0.009947883896529675,1.885629343847306e-17,0.8333333134651184,0.0,1.0,0.5,0.0,0.0,14889.955078125,14030.7548828125,14030.7548828125,14889.955078125,-0.02035306692123413,0.0,0.0,0.0,30.5,1.5,11.0,10.0,30.5,1.5,11.0,10.0,300.0,15.0,7.333333333333333,30.0
1.6875,x,gym_env,0.848368227481842,-1.5809991721487684e-15,1.0000522136688232,0.5265907645225525,-1.7143750976057986e-15,0.0002777824702206999,-3.809988342765529e-16,0.001445083529688418,2.208408619191421e-17,0.84375,0.0,1.0,0.5,0.0,0.0,14032.7431640625,14891.943359375,14891.943359375,14032.7431640625,-0.020757102966308595,0.0,0.0,0.0,30.5,1.5,11.0,10.0,30.5,1.5,11.0,10.0,300.0,15.0,7.333333333333333,30.0
1.7083333333333333,x,gym_env,0.8593332171440125,-1.6157099470525392e-15,1.0000580549240112,0.5258694291114807,-1.63305167609815e-15,0.00028488057432696223,-4.1542156503869803e-16,-0.004318054765462875,2.4448376832105125e-17,0.8541666865348816,0.0,1.0,0.5,0.0,0.0,14033.2138671875,14892.4140625,14892.4140625,14033.2138671875,-0.021010148525238036,0.0,0.0,0.0,30.5,1.5,11.0,10.0,30.5,1.5,11.0,10.0,300.0,15.0,7.333333333333333,30.0
1.7291666666666665,x,gym_env,0.8702707886695862,-1.6486402587011814e-15,1.0000642538070679,0.5245302319526672,-1.5447739023353069e-15,0.0003048214712180197,-4.514531025352547e-16,0.00355356652289629,2.1167363278052316e-17,0.8645833134651184,0.0,1.0,0.5,0.0,0.0,14890.818359375,14031.6181640625,14031.6181640625,14890.818359375,-0.021598875522613525,0.0,0.0,0.0,30.5,1.5,11.0,10.0,30.5,1.5,11.0,10.0,300.0,15.0,7.333333333333333,30.0
1.75,x,gym_env,0.8812001347541809,-1.6796402881421495e-15,1.0000702142715454,0.5249102711677551,-1.4491393297882049e-15,0.000277589337201789,-4.896503709290426e-16,0.008688080124557018,1.894557765943081e-17,0.875,0.0,1.0,0.5,0.0,0.0,14889.9560546875,14030.755859375,14030.755859375,14889.9560546875,-0.022304177284240723,0.0,0.0,0.0,30.5,1.5,11.0,10.0,30.5,1.5,11.0,10.0,300.0,15.0,7.333333333333333,30.0
1.7708333333333333,x,gym_env,0.8921481370925903,-1.7085515343351885e-15,1.000075340270996,0.525780200958252,-1.345726559565585e-15,0.00022350979270413518,-5.299655393283214e-16,0.00019039324251934886,2.3405523764079922e-17,0.8854166865348816,0.0,1.0,0.5,0.0,0.0,14032.869140625,14892.0693359375,14892.0693359375,14032.869140625,-0.02263723611831665,0.0,0.0,0.0,30.5,1.5,11.0,10.0,30.5,1.5,11.0,10.0,300.0,15.0,7.333333333333333,30.0
1.7916666666666665,x,gym_env,0.9030930399894714,-1.7352071317896893e-15,1.0000801086425781,0.524804413318634,-1.2342357420041194e-15,0.0002340045612072572,-5.689648420440408e-16,-0.0055675688199698925,2.6627987820015003e-17,0.8958333134651184,0.0,1.0,0.5,0.0,0.0,14037.587890625,14888.376953125,14888.376953125,14037.587890625,-0.02281399965286255,0.0,0.0,0.0,30.5,1.5,11.0,10.0,30.5,1.5,11.0,10.0,300.0,15.0,7.333333333333333,30.0
1.8125,x,gym_env,0.9140052795410156,-1.7594425443556477e-15,1.0000852346420288,0.5232101678848267,-1.1149729736351218e-15,0.00025425091735087335,-6.087547970764628e-16,0.002229307545349002,2.2163452517327447e-17,0.90625,0.0,1.0,0.5,0.0,0.0,14890.96484375,14031.7646484375,14031.7646484375,14890.96484375,-0.023317110538482667,0.0,0.0,0.0,30.5,1.5,11.0,10.0,30.5,1.5,11.0,10.0,300.0,15.0,7.333333333333333,30.0
1.8333333333333333,x,gym_env,0.9249036908149719,-1.7810932358830597e-15,1.00009024143219,0.5233170986175537,-9.87627605125187e-16,0.00023245859483722597,-6.49372515056589e-16,0.007235835772007704,1.9208624402945123e-17,0.9166666865348816,0.0,1.0,0.5,0.0,0.0,14890.0771484375,14030.876953125,14030.876953125,14890.0771484375,-0.023925840854644775,0.0,0.0,0.0,30.5,1.5,11.0,10.0,30.5,1.5,11.0,10.0,300.0,15.0,7.333333333333333,30.0
1.8541666666666665,x,gym_env,0.9358148574829102,-1.7999899056615927e-15,1.0000945329666138,0.523888349533081,-8.52274916527502e-16,0.000183889627805911,-6.883457715091803e-16,-0.001389809069223702,2.5099872554358016e-17,0.9270833134651184,0.0,1.0,0.5,0.0,0.0,14033.0107421875,14892.2109375,14892.2109375,14033.0107421875,-0.02415062189102173,0.0,0.0,0.0,30.5,1.5,11.0,10.0,30.5,1.5,11.0,10.0,300.0,15.0,7.333333333333333,30.0
1.875,x,gym_env,0.94671630859375,-1.815969393969782e-15,1.0000985860824585,0.5225881338119507,-7.091301600897879e-16,0.0001976498169824481,-7.281613492882567e-16,-0.007275489158928394,2.9316448887904226e-17,0.9375,0.0,1.0,0.5,0.0,0.0,14033.5087890625,14892.708984375,14892.708984375,14033.5087890625,-0.02420727014541626,0.0,0.0,0.0,30.5,1.5,11.0,10.0,30.5,1.5,11.0,10.0,300.0,15.0,7.333333333333333,30.0
1.8958333333333333,x,gym_env,0.9575780630111694,-1.8288667411411495e-15,1.0001029968261719,0.5206460356712341,-5.579432493343678e-16,0.00022311693464871496,-7.698217118868938e-16,0.0004740030854009092,2.3631372195447725e-17,0.9479166865348816,0.0,1.0,0.5,0.0,0.0,14891.064453125,14031.8642578125,14031.8642578125,14891.064453125,-0.024581873416900636,0.0,0.0,0.0,30.5,1.5,11.0,10.0,30.5,1.5,11.0,10.0,300.0,15.0,7.333333333333333,30.0
1.9166666666666665,x,gym_env,0.9684186577796936,-1.8385116935532974e-15,1.0001074075698853,0.5203995108604431,-3.9857799724519105e-16,0.00020521004626061767,-8.088232380640996e-16,0.005486548878252506,1.9874283111646146e-17,0.9583333134651184,0.0,1.0,0.5,0.0,0.0,14890.19140625,14030.9912109375,14030.9912109375,14890.19140625,-0.025055134296417238,0.0,0.0,0.0,30.5,1.5,11.0,10.0,30.5,1.5,11.0,10.0,300.0,15.0,7.333333333333333,30.0
1.9375,x,gym_env,0.9792646169662476,-1.844739079781511e-15,1.0001111030578613,0.5206191539764404,-2.314244889642478e-16,0.00016174557094927877,-8.494185626106829e-16,-0.0031331880018115044,2.7150140618605426e-17,0.96875,0.0,1.0,0.5,0.0,0.0,14033.0185546875,14892.21875,14892.21875,14033.0185546875,-0.025137388706207277,0.0,0.0,0.0,30.5,1.5,11.0,10.0,30.5,1.5,11.0,10.0,300.0,15.0,7.333333333333333,30.0
1.9583333333333333,x,gym_env,0.9900935888290405,-1.8473828813681285e-15,1.0001146793365479,0.5189689993858337,-5.611955249795793e-17,0.0001743388274917379,-8.897850294428298e-16,-0.009013008326292038,3.231780425738143e-17,0.9791666865348816,0.0,1.0,0.5,0.0,0.0,14033.4638671875,14892.6630859375,14892.6630859375,14033.4638671875,-0.025044667720794677,0.0,0.0,0.0,30.5,1.5,11.0,10.0,30.5,1.5,11.0,10.0,300.0,15.0,7.333333333333333,30.0
1.9791666666666665,x,gym_env,1.0008755922317505,-1.8462751740313567e-15,1.0001184940338135,0.5166788101196289,1.270338324389127e-16,0.000196025226614438,-9.287401805661735e-16,-0.0012576946755871177,2.5391132774205287e-17,0.9895833134651184,0.0,1.0,0.5,0.0,0.0,14891.1728515625,14031.97265625,14031.97265625,14891.1728515625,-0.025263094902038576,0.0,0.0,0.0,30.5,1.5,11.0,10.0,30.5,1.5,11.0,10.0,300.0,15.0,7.333333333333333,30.0
2.0,x,gym_env,1.0116292238235474,-1.8412533274453228e-15,1.0001224279403687,0.5160859227180481,3.182280548219541e-16,0.00018161746265832335,-9.739209179727179e-16,0.003760578576475382,2.0813900730502282e-17,1.0,0.0,1.0,0.0,0.0,0.0,14880.0693359375,14020.869140625,14020.869140625,14880.0693359375,-0.1255730390548706,0.0,0.0,0.0,30.5,1.5,11.0,10.0,30.5,1.5,11.0,10.0,300.0,15.0,7.333333333333333,30.0
2.020833333333333,x,gym_env,1.0223809480667114,-1.832139888207577e-15,1.0001221895217896,0.5159604549407959,5.181242834235023e-16,-0.00014587277837563306,-1.0196386742678215e-15,-0.004847755189985037,2.951288112232842e-17,1.0,0.0,1.0,0.0,0.0,0.0,14910.0478515625,14050.84765625,14050.84765625,14910.0478515625,-0.1358096718788147,0.0,0.0,0.0,30.5,1.5,11.0,10.0,30.5,1.5,11.0,10.0,300.0,15.0,7.333333333333333,30.0
2.0416666666666665,x,gym_env,1.0331058502197266,-1.818739615223777e-15,1.000125527381897,0.5135191082954407,7.277528147098841e-16,0.0003628346312325448,-1.0619587696532513e-15,-0.02707512304186821,5.2703422299567033e-17,1.0,0.0,1.0,0.0,0.0,0.0,14970.1171875,14110.9169921875,14110.9169921875,14970.1171875,-0.14490435123443604,0.0,0.0,0.0,30.5,1.5,11.0,10.0,30.5,1.5,11.0,10.0,300.0,15.0,7.333333333333333,30.0
2.0625,x,gym_env,1.043720006942749,-1.8008475265206877e-15,1.0001596212387085,0.5059217214584351,9.47251767991061e-16,0.0024553185794502497,-1.1061982416971593e-15,-0.0629325583577156,9.157275177999711e-17,1.0,0.0,1.0,0.0,0.0,0.0,15044.755859375,14185.5556640625,14185.5556640625,15044.755859375,-0.15212733149528504,0.0,0.0,0.0,30.5,1.5,11.0,10.0,30.5,1.5,11.0,10.0,300.0,15.0,7.333333333333333,30.0
2.083333333333333,x,gym_env,1.0540797710418701,-1.778254404960337e-15,1.0002591609954834,0.4902378022670746,1.1769689032314402e-15,0.006230545695871115,-1.1536063581176273e-15,-0.11243566870689392,1.4766284341325835e-16,1.0,0.0,1.0,0.0,0.0,0.0,14259.666015625,15118.8662109375,15118.8662109375,14259.666015625,-0.156772118806839,0.0,0.0,0.0,30.5,1.5,11.0,10.0,30.5,1.5,11.0,10.0,300.0,15.0,7.333333333333333,30.0
2.1041666666666665,x,gym_env,1.0639820098876953,-1.750753362745358e-15,1.0004518032073975,0.4639505445957184,1.4164065885745097e-15,0.011085465550422668,-1.2065397763321535e-15,-0.15899667143821716,2.0294111352358045e-16,1.0,0.0,1.0,0.0,0.0,0.0,14285.7265625,15144.92578125,15144.92578125,14285.7265625,-0.15890988111495974,0.0,0.0,0.0,30.5,1.5,11.0,10.0,30.5,1.5,11.0,10.0,300.0,15.0,7.333333333333333,30.0
2.125,x,gym_env,1.0732167959213257,-1.7181573114735259e-15,1.000738263130188,0.42846542596817017,1.664485280528994e-15,0.0153578482568264,-1.2607147330891176e-15,-0.19159282743930817,2.437227720836698e-16,1.0,0.0,1.0,0.0,0.0,0.0,14696.5419921875,14690.8369140625,14690.8369140625,14696.5419921875,-0.15898428559303285,0.0,0.0,0.0,30.5,1.5,11.0,10.0,30.5,1.5,11.0,10.0,300.0,15.0,7.333333333333333,30.0
2.145833333333333,x,gym_env,1.081631064414978,-1.6803028796651392e-15,1.0010889768600464,0.38676610589027405,1.919794245721241e-15,0.01766655221581459,-1.314489678536741e-15,-0.2186361849308014,2.7932684910943867e-16,1.0,0.0,1.0,0.0,0.0,0.0,14632.63671875,14699.623046875,14699.623046875,14632.63671875,-0.1570612907409668,0.0,0.0,0.0,30.5,1.5,11.0,10.0,30.5,1.5,11.0,10.0,300.0,15.0,7.333333333333333,30.0
2.1666666666666665,x,gym_env,1.0891101360321045,-1.6370407777632442e-15,1.001463532447815,0.3397557735443115,2.182173289045101e-15,0.01801992394030094,-1.369648993457533e-15,-0.24501830339431763,3.1574526890465373e-16,1.0,0.0,1.0,0.0,0.0,0.0,14211.8515625,15071.0517578125,15071.0517578125,14211.8515625,-0.1531097710132599,0.0,0.0,0.0,30.5,1.5,11.0,10.0,30.5,1.5,11.0,10.0,300.0,15.0,7.333333333333333,30.0
2.1875,x,gym_env,1.0955463647842407,-1.5882202339032297e-15,1.0018234252929688,0.2878170311450958,2.4519742468110403e-15,0.016630372032523155,-1.424448848771334e-15,-0.26264435052871704,3.4121713781536665e-16,1.0,0.0,1.0,0.0,0.0,0.0,14180.833984375,15040.0341796875,15040.0341796875,14180.833984375,-0.1474960684776306,0.0,0.0,0.0,30.5,1.5,11.0,10.0,30.5,1.5,11.0,10.0,300.0,15.0,7.333333333333333,30.0
2.208333333333333,x,gym_env,1.1008620262145996,-1.5336836999569063e-15,1.002132773399353,0.23317021131515503,2.7295211091213833e-15,0.013603726401925087,-1.4746539738627541e-15,-0.266467809677124,3.4708408505474395e-16,1.0,0.0,1.0,0.0,0.0,0.0,15009.9296875,14150.7294921875,14150.7294921875,15009.9296875,-0.14070702195167542,-0.0015265283873304725,0.0,0.0,30.5,1.5,11.0,10.0,30.5,1.5,11.0,10.0,300.0,15.0,7.333333333333333,30.0
2.2291666666666665,x,gym_env,1.1050310134887695,-1.4732606046645208e-15,1.0023669004440308,0.17838004231452942,3.0153360717881123e-15,0.009700275026261806,-1.5172420492968715e-15,-0.2635449469089508,3.6089403081743926e-16,1.0,0.0,1.0,0.0,0.0,0.0,14987.146484375,14127.9462890625,14127.9462890625,14987.146484375,-0.13290252089500426,-0.0010649095056578517,0.0,0.0,30.5,1.5,11.0,10.0,30.5,1.5,11.0,10.0,300.0,15.0,7.333333333333333,30.0
2.25,x,gym_env,1.1080687046051025,-1.4067929763814102e-15,1.0025135278701782,0.12416908144950867,3.3081284683578486e-15,0.005251436959952116,-1.5612074003032244e-15,-0.26773619651794434,3.984054407519676e-16,1.0,0.0,1.0,0.0,0.0,0.0,14113.708984375,14972.9091796875,14972.9091796875,14113.708984375,-0.12385494560003281,-0.0009515155106782913,0.0,0.0,30.5,1.5,11.0,10.0,30.5,1.5,11.0,10.0,300.0,15.0,7.333333333333333,30.0
2.270833333333333,x,gym_env,1.109970211982727,-1.3341510073084078e-15,1.0025601387023926,0.06942366808652878,3.60671287622091e-15,0.0002229409437859431,-1.5980081231252267e-15,-0.2632727026939392,4.329325418550822e-16,1.0,0.0,1.0,0.0,0.0,0.0,14205.6005859375,14868.017578125,14868.017578125,14205.6005859375,-0.11400571092963219,-5.417314969236031e-05,0.0,0.0,30.5,1.5,11.0,10.0,30.5,1.5,11.0,10.0,300.0,15.0,7.333333333333333,30.0
2.2916666666666665,x,gym_env,1.1107476949691772,-1.2552165363493716e-15,1.002502202987671,0.016290079802274704,3.911233502736566e-15,-0.004685235675424337,-1.631312188061845e-15,-0.24666154384613037,4.475620978733645e-16,1.0,0.0,1.0,0.0,0.0,0.0,14970.0634765625,14110.86328125,14110.86328125,14970.0634765625,-0.11720739006996155,0.0017020649975165725,0.0,0.0,30.5,1.5,11.0,10.0,30.5,1.5,11.0,10.0,300.0,15.0,7.333333333333333,30.0
2.3125,x,gym_env,1.1104612350463867,-1.1698410151011768e-15,1.0023539066314697,-0.033730775117874146,4.2235913015966926e-15,-0.008682587184011936,-1.673152651040892e-15,-0.24464772641658783,4.671216768122423e-16,1.0,0.0,1.0,0.0,0.0,0.0,14103.5498046875,14962.75,14962.75,14103.5498046875,-0.12582768201828004,-0.0005428118165582418,0.0,0.0,30.5,1.5,11.0,10.0,30.5,1.5,11.0,10.0,300.0,15.0,7.333333333333333,30.0
2.333333333333333,x,gym_env,1.1091349124908447,-1.0778693306553577e-15,1.0021220445632935,-0.08346384763717651,4.542982862050819e-15,-0.012742009945213795,-1.7132659079613691e-15,-0.23652547597885132,4.818608441878552e-16,1.0,0.0,1.0,0.0,0.0,0.0,14104.8662109375,14964.06640625,14964.06640625,14104.8662109375,-0.13300674557685851,0.000823476817458868,0.0,0.0,30.5,1.5,11.0,10.0,30.5,1.5,11.0,10.0,300.0,15.0,7.333333333333333,30.0
2.3541666666666665,x,gym_env,1.1067978143692017,-9.791430878507775e-16,1.0018110275268555,-0.1310446560382843,4.870646546267831e-15,-0.016299553215503693,-1.7516726052513656e-15,-0.2198338806629181,4.720505615323151e-16,1.0,0.0,1.0,0.0,0.0,0.0,14116.86328125,14976.0634765625,14976.0634765625,14116.86328125,-0.13842079937458038,-0.0018480223370715976,0.0,0.0,30.5,1.5,11.0,10.0,30.5,1.5,11.0,10.0,300.0,15.0,7.333333333333333,30.0
2.375,x,gym_env,1.1035094261169434,-8.734658279832325e-16,1.001441240310669,-0.17455686628818512,5.208334865415597e-15,-0.01850994862616062,-1.7736850857263736e-15,-0.1780097335577011,4.362547903626708e-16,1.0,0.0,1.0,0.0,0.0,0.0,15012.9814453125,14153.78125,14153.78125,15012.9814453125,-0.1412335067987442,-0.0023278670851141214,0.0,0.0,30.5,1.5,11.0,10.0,30.5,1.5,11.0,10.0,300.0,15.0,7.333333333333333,30.0
2.395833333333333,x,gym_env,1.0994197130203247,-7.606150460853908e-16,1.001059651374817,-0.20906896889209747,5.5570151311198825e-15,-0.01793968677520752,-1.7888008121866002e-15,-0.12463150173425674,4.0317672440429186e-16,1.0,0.0,1.0,0.0,0.0,0.0,15040.078125,14180.8779296875,14180.8779296875,15040.078125,-0.14136961698532105,0.0006271394086070359,0.0,0.0,30.5,1.5,11.0,10.0,30.5,1.5,11.0,10.0,300.0,15.0,7.333333333333333,30.0
2.4166666666666665,x,gym_env,1.0947505235671997,-6.4038020153030055e-16,1.0007190704345703,-0.2330954670906067,5.915113132648215e-15,-0.015154886990785599,-1.810724989476857e-15,-0.08903508633375168,3.949898068619442e-16,1.0,0.0,1.0,0.0,0.0,0.0,15028.23046875,14169.0302734375,14169.0302734375,15028.23046875,-0.13974403738975524,0.00026394447195343673,0.0,0.0,30.5,1.5,11.0,10.0,30.5,1.5,11.0,10.0,300.0,15.0,7.333333333333333,30.0
2.4375,x,gym_env,1.0896703004837036,-5.126036932502132e-16,1.0004417896270752,-0.2503686845302582,6.279539317325484e-15,-0.012017088010907173,-1.8342953753001023e-15,-0.06890388578176498,4.1158905858972754e-16,1.0,0.0,1.0,0.0,0.0,0.0,14892.2314453125,14251.626953125,14251.626953125,14892.2314453125,-0.1370020627975464,-0.002042095409706235,0.0,0.0,30.5,1.5,11.0,10.0,30.5,1.5,11.0,10.0,300.0,15.0,7.333333333333333,30.0
2.458333333333333,x,gym_env,1.0842784643173218,-3.771813891321758e-16,1.0002237558364868,-0.26361799240112305,6.648126127839667e-15,-0.009399022907018661,-1.8536485958372054e-15,-0.04778951779007912,4.447383017854554e-16,1.0,0.0,1.0,0.0,0.0,0.0,14984.416015625,14125.2158203125,14125.2158203125,14984.416015625,-0.13325151801109314,0.0011282921768724918,0.0,0.0,30.5,1.5,11.0,10.0,30.5,1.5,11.0,10.0,300.0,15.0,7.333333333333333,30.0
2.4791666666666665,x,gym_env,1.0786691904067993,-2.3402723592270307e-16,1.0000578165054321,-0.2729116380214691,7.0208562000153435e-15,-0.00699528818950057,-1.8786519496489682e-15,-0.046023596078157425,5.034414437388819e-16,1.0,0.0,1.0,0.0,0.0,0.0,14094.6669921875,14953.8671875,14953.8671875,14094.6669921875,-0.1293077290058136,0.001091024256311357,0.0,0.0,30.5,1.5,11.0,10.0,30.5,1.5,11.0,10.0,300.0,15.0,7.333333333333333,30.0
2.5,x,gym_env,1.0728707313537598,-8.307376215359037e-17,0.9999313950538635,-0.28218498826026917,7.396270519600869e-15,-0.005460077431052923,-1.9069458147025773e-15,-0.048293691128492355,5.605181236149025e-16,1.0,0.0,1.0,0.0,0.0,0.0,14070.4833984375,14929.68359375,14929.68359375,14070.4833984375,-0.12519047260284424,0.0009764394490048289,0.0,0.0,30.5,1.5,11.0,10.0,30.5,1.5,11.0,10.0,300.0,15.0,7.333333333333333,30.0
2.520833333333333,x,gym_env,1.0668748617172241,7.574334712214954e-17,0.9998281002044678,-0.2915780544281006,7.775260165256755e-15,-0.0046168128028512,-1.93654728686851e-15,-0.04293961450457573,5.953124371430962e-16,1.0,0.0,1.0,0.0,0.0,0.0,14063.306640625,14922.5068359375,14922.5068359375,14063.306640625,-0.12057826519012452,6.169072730699554e-05,0.0,0.0,30.5,1.5,11.0,10.0,30.5,1.5,11.0,10.0,300.0,15.0,7.333333333333333,30.0
2.5416666666666665,x,gym_env,1.0606975555419922,2.425257292407423e-16,0.9997406601905823,-0.2994035482406616,8.159977447701975e-15,-0.0039046735037118196,-1.962957985922136e-15,-0.024316929280757904,6.035824433236136e-16,1.0,0.0,1.0,0.0,0.0,0.0,14074.3564453125,14933.556640625,14933.556640625,14074.3564453125,-0.11504247188568115,0.002037936123088002,0.0,0.0,30.5,1.5,11.0,10.0,30.5,1.5,11.0,10.0,300.0,15.0,7.333333333333333,30.0
2.5625,x,gym_env,1.054409384727478,4.174224156787903e-16,0.9996733665466309,-0.3031654357910156,8.552899938307247e-15,-0.0027669325936585665,-1.9972922546808523e-15,-0.004688727203756571,5.953461596423088e-16,1.0,0.0,1.0,0.0,0.0,0.0,14272.5400390625,14749.92578125,14749.92578125,14272.5400390625,-0.1085289478302002,-0.0028900178149342537,0.0,0.0,30.5,1.5,11.0,10.0,30.5,1.5,11.0,10.0,300.0,15.0,7.333333333333333,30.0
2.583333333333333,x,gym_env,1.048087477684021,6.006204749861837e-16,0.9996314644813538,-0.302207350730896,8.955198236605677e-15,-0.0015163321513682604,-2.019994431733162e-15,0.04281133413314819,5.487895760316274e-16,1.0,0.0,1.0,0.0,0.0,0.0,14970.9970703125,14111.796875,14111.796875,14970.9970703125,-0.10015930533409119,0.0002105700405081734,0.0,0.0,30.5,1.5,11.0,10.0,30.5,1.5,11.0,10.0,300.0,15.0,7.333333333333333,30.0
2.6041666666666665,x,gym_env,1.041913390159607,7.923438414983528e-16,0.9996250867843628,-0.29122957587242126,9.368917080131937e-15,0.0004384530184324831,-2.0423599131889382e-15,0.08369572460651398,5.132433619440678e-16,1.0,0.0,1.0,0.0,0.0,0.0,14971.71484375,14112.5146484375,14112.5146484375,14971.71484375,-0.09059374332427979,0.0011224334593862295,0.0,0.0,30.5,1.5,11.0,10.0,30.5,1.5,11.0,10.0,300.0,15.0,7.333333333333333,30.0
2.625,x,gym_env,1.036071538925171,9.927906944551756e-16,0.9996532797813416,-0.27261102199554443,9.790859766543088e-15,0.0018979923333972692,-2.070533499564037e-15,0.10384190082550049,5.134181683685575e-16,1.0,0.0,1.0,0.0,0.0,0.0,14955.732421875,14096.5322265625,14096.5322265625,14955.732421875,-0.08074796795845032,-0.0011916047660633922,0.0,0.0,30.5,1.5,11.0,10.0,30.5,1.5,11.0,10.0,300.0,15.0,7.333333333333333,30.0
2.645833333333333,x,gym_env,1.0306624174118042,1.2021092646224214e-15,0.9997011423110962,-0.2504277527332306,1.0219091672587603e-14,0.0025173979811370373,-2.0913196880896576e-15,0.117646224796772,5.316890396177471e-16,1.0,0.0,1.0,0.0,0.0,0.0,14942.154296875,14082.9541015625,14082.9541015625,14942.154296875,-0.07096351981163025,0.0008834246546030045,0.0,0.0,30.5,1.5,11.0,10.0,30.5,1.5,11.0,10.0,300.0,15.0,7.333333333333333,30.0
2.6666666666666665,x,gym_env,1.0257508754730225,1.4204117838656017e-15,0.9997538328170776,-0.22606322169303894,1.0652131337640734e-14,0.0025387383066117764,-2.110505619619678e-15,0.11227943748235703,5.867144174537546e-16,1.0,0.0,1.0,0.0,0.0,0.0,14070.94140625,14930.1416015625,14930.1416015625,14070.94140625,-0.06202673316001892,0.002668357454240322,0.0,0.0,30.5,1.5,11.0,10.0,30.5,1.5,11.0,10.0,300.0,15.0,7.333333333333333,30.0
2.6875,x,gym_env,1.0213340520858765,1.6477829554794416e-15,0.9998047947883606,-0.20346340537071228,1.1088892018431152e-14,0.0024411652702838182,-2.1411798590133084e-15,0.0931214988231659,6.629704114148951e-16,1.0,0.0,1.0,0.0,0.0,0.0,14059.8203125,14919.01953125,14919.01953125,14059.8203125,-0.05417658686637879,-0.0021862280555069447,0.0,0.0,30.5,1.5,11.0,10.0,30.5,1.5,11.0,10.0,300.0,15.0,7.333333333333333,30.0
2.708333333333333,x,gym_env,1.0173325538635254,1.8843092827036797e-15,0.9998538494110107,-0.18422016501426697,1.1530257170322845e-14,0.002292575314640999,-2.1650958342790336e-15,0.10119397938251495,6.857660267891989e-16,1.0,0.0,1.0,0.0,0.0,0.0,14914.392578125,14055.193359375,14055.193359375,14914.392578125,-0.04643033146858216,0.0022070968989282846,0.0,0.0,30.5,1.5,11.0,10.0,30.5,1.5,11.0,10.0,300.0,15.0,7.333333333333333,30.0
2.7291666666666665,x,gym_env,1.0137587785720825,2.1301061737773793e-15,0.9998968839645386,-0.16335776448249817,1.197785309657454e-14,0.0019189317245036364,-2.198682384703561e-15,0.09284920245409012,7.411355117600284e-16,1.0,0.0,1.0,0.0,0.0,0.0,14051.02734375,14910.2265625,14910.2265625,14051.02734375,-0.039547064900398256,0.0012764703715220094,0.0,0.0,30.5,1.5,11.0,10.0,30.5,1.5,11.0,10.0,300.0,15.0,7.333333333333333,30.0
2.75,x,gym_env,1.0105950832366943,2.3853061893567857e-15,0.9999327063560486,-0.1447599083185196,1.243159001169383e-14,0.0016242054989561439,-2.236856465570418e-15,0.07933688908815384,8.073841820262738e-16,1.0,0.0,1.0,0.0,0.0,0.0,14047.130859375,14906.3310546875,14906.3310546875,14047.130859375,-0.03340008556842804,-0.0028347414918243885,0.0,0.0,30.5,1.5,11.0,10.0,30.5,1.5,11.0,10.0,300.0,15.0,7.333333333333333,30.0
2.770833333333333,x,gym_env,1.0077805519104004,2.650038501966355e-15,0.9999631643295288,-0.12809766829013824,1.2891832986880979e-14,0.0013311745133250952,-2.261777657186297e-15,0.09704972058534622,8.027040073553386e-16,1.0,0.0,1.0,0.0,0.0,0.0,14903.73046875,14044.5302734375,14044.5302734375,14903.73046875,-0.026803846657276156,-0.0016109667485579848,0.0,0.0,30.5,1.5,11.0,10.0,30.5,1.5,11.0,10.0,300.0,15.0,7.333333333333333,30.0
2.7916666666666665,x,gym_env,1.0053616762161255,2.9244521894048045e-15,0.999982476234436,-0.10721085220575333,1.3359512064312073e-14,0.0005816336488351226,-2.278560768003194e-15,0.12198203057050705,7.79218430705937e-16,1.0,0.0,1.0,0.0,0.0,0.0,14897.6318359375,14038.431640625,14038.431640625,14897.6318359375,-0.01978019028902054,0.0,0.0,0.0,30.5,1.5,11.0,10.0,30.5,1.5,11.0,10.0,300.0,15.0,7.333333333333333,30.0
2.8125,x,gym_env,1.0034419298171997,3.208687647383141e-15,0.9999774694442749,-0.08169130235910416,1.3833266909073823e-14,-0.0008402481907978654,-2.2950482643214988e-15,0.13324010372161865,7.8672256028345885e-16,1.0,0.0,1.0,0.0,0.0,0.0,14896.6142578125,14037.4150390625,14037.4150390625,14896.6142578125,-0.012974313646554948,0.0,0.0,0.0,30.5,1.5,11.0,10.0,30.5,1.5,11.0,10.0,300.0,15.0,7.333333333333333,30.0
2.833333333333333,x,gym_env,1.002079725265503,3.5028552019427447e-15,0.9999391436576843,-0.054472941905260086,1.431172448075873e-14,-0.0025115543976426125,-2.3073613705174977e-15,0.13085202872753143,8.256791937144602e-16,1.0,0.0,1.0,0.0,0.0,0.0,14904.4404296875,14045.240234375,14045.240234375,14904.4404296875,-0.006933801248669625,0.0,0.0,0.0,30.5,1.5,11.0,10.0,30.5,1.5,11.0,10.0,300.0,15.0,7.333333333333333,30.0
2.8541666666666665,x,gym_env,1.0012762546539307,3.807032780114763e-15,0.9998698234558105,-0.0282877329736948,1.4793189866439335e-14,-0.0038273318205028772,-2.3150774171505108e-15,0.11483116447925568,8.962792310494285e-16,1.0,0.0,1.0,0.0,0.0,0.0,14270.9697265625,14708.7763671875,14708.7763671875,14270.9697265625,-0.0020904415287077427,0.0,0.0,0.0,30.5,1.5,11.0,10.0,30.5,1.5,11.0,10.0,300.0,15.0,7.333333333333333,30.0
2.875,x,gym_env,1.000977635383606,4.121256169041217e-15,0.9997817277908325,-0.005564030725508928,1.5275813993191785e-14,-0.004437215160578489,-2.3282809667323108e-15,0.09755691140890121,9.697660096081987e-16,1.0,0.0,1.0,0.0,0.0,0.0,14107.5771484375,14893.7265625,14893.7265625,14107.5771484375,-0.003917755372822285,0.0,0.0,0.0,30.5,1.5,11.0,10.0,30.5,1.5,11.0,10.0,300.0,15.0,7.333333333333333,30.0
2.895833333333333,x,gym_env,1.0011104345321655,4.445558826523524e-15,0.9996905326843262,0.014036604203283787,1.5760587889564366e-14,-0.004311718512326479,-2.3473334905731386e-15,0.0905909612774849,1.019201817025275e-15,1.0,0.0,1.0,0.0,0.0,0.0,14926.6181640625,14067.41796875,14067.41796875,14926.6181640625,-0.008087847381830215,0.0,0.0,0.0,30.5,1.5,11.0,10.0,30.5,1.5,11.0,10.0,300.0,15.0,7.333333333333333,30.0
2.9166666666666665,x,gym_env,1.0016329288482666,4.779995386186781e-15,0.999602735042572,0.03227459266781807,1.6248360282570228e-14,-0.004134689923375845,-2.371461647592151e-15,0.0804351419210434,1.076303060856766e-15,1.0,0.0,1.0,0.0,0.0,0.0,14926.1767578125,14066.9775390625,14066.9775390625,14926.1767578125,-0.012079166620969773,0.0,0.0,0.0,30.5,1.5,11.0,10.0,30.5,1.5,11.0,10.0,300.0,15.0,7.333333333333333,30.0
2.9375,x,gym_env,1.0025068521499634,5.124628951985559e-15,0.9995208382606506,0.04786157235503197,1.6738568742332392e-14,-0.0037548488471657038,-2.394322431563834e-15,0.056636787950992584,1.1660405900250836e-15,1.0,0.0,1.0,0.0,0.0,0.0,14076.220703125,14935.4208984375,14935.4208984375,14076.220703125,-0.01533876433968544,0.0,0.0,0.0,30.5,1.5,11.0,10.0,30.5,1.5,11.0,10.0,300.0,15.0,7.333333333333333,30.0
2.958333333333333,x,gym_env,1.0036451816558838,5.47948197029296e-15,0.9994540810585022,0.058467913419008255,1.722907874582378e-14,-0.002796855755150318,-2.417673224095504e-15,0.03562280535697937,1.249414466539798e-15,1.0,0.0,1.0,0.0,0.0,0.0,14076.4970703125,14935.697265625,14935.697265625,14076.4970703125,-0.018016116321086885,0.0,0.0,0.0,30.5,1.5,11.0,10.0,30.5,1.5,11.0,10.0,300.0,15.0,7.333333333333333,30.0
2.9791666666666665,x,gym_env,1.0049527883529663,5.844554017592511e-15,0.9994098544120789,0.06531663984060287,1.7719993631063954e-14,-0.0016674317885190248,-2.4421778872595707e-15,0.028307825326919556,1.2999301350855052e-15,1.0,0.0,1.0,0.0,0.0,0.0,14924.833984375,14065.6337890625,14065.6337890625,14924.833984375,-0.020536091923713685,0.0,0.0,0.0,30.5,1.5,11.0,10.0,30.5,1.5,11.0,10.0,300.0,15.0,7.333333333333333,30.0
3.0,x,gym_env,1.0063836574554443,6.219880245751522e-15,0.9993858337402344,0.07076217234134674,1.821321922218424e-14,-0.0008032812620513141,-2.46904026663232e-15,0.0182710699737072,1.3573197936355363e-15,1.0,0.0,1.0,-0.6000000238418579,0.0,0.0,14859.099609375,13999.8994140625,13999.8994140625,14859.099609375,-0.14261159896850586,0.0,0.0,0.0,30.5,1.5,11.0,10.0,30.5,1.5,11.0,10.0,300.0,15.0,7.333333333333333,30.0
3.020833333333333,x,gym_env,1.007899522781372,6.605453031473469e-15,0.999357283115387,0.07356035709381104,1.8703724143477943e-14,-0.0017427299171686172,-2.499340117463264e-15,-0.005369890946894884,1.4486918846338178e-15,0.987500011920929,0.0,1.0,-0.6000000238418579,0.0,0.0,14963.71484375,14104.5146484375,14104.5146484375,14963.71484375,-0.15610381364822387,0.0,0.0,0.0,30.5,1.5,11.0,10.0,30.5,1.5,11.0,10.0,300.0,15.0,7.333333333333333,30.0
3.0416666666666665,x,gym_env,1.0094109773635864,7.0013210791528176e-15,0.9993463158607483,0.07096423208713531,1.919971275607217e-14,0.0002714906295295805,-2.5343365542284963e-15,-0.04261372610926628,1.5749536862459776e-15,0.9750000238418579,0.0,1.0,-0.6000000238418579,0.0,0.0,15081.29296875,14222.0927734375,14222.0927734375,15081.29296875,-0.1677603840827942,0.0,0.0,0.0,30.5,1.5,11.0,10.0,30.5,1.5,11.0,10.0,300.0,15.0,7.333333333333333,30.0
3.0625,x,gym_env,1.0107680559158325,7.407552998458296e-15,0.9994162917137146,0.05996172875165939,1.9697568229282147e-14,0.005349994171410799,-2.579001448570163e-15,-0.09351563453674316,1.7378298634317438e-15,0.9624999761581421,0.0,1.0,-0.6000000238418579,0.0,0.0,15197.9873046875,14338.787109375,14338.787109375,15197.9873046875,-0.17674038410186768,0.0,0.0,0.0,30.5,1.5,11.0,10.0,30.5,1.5,11.0,10.0,300.0,15.0,7.333333333333333,30.0
3.083333333333333,x,gym_env,1.0117567777633667,7.824119566753225e-15,0.9996238350868225,0.03741787374019623,2.0191644241481475e-14,0.012852412648499012,-2.6450117849408745e-15,-0.15811996161937714,1.9403669819441534e-15,0.949999988079071,0.0,1.0,-0.6000000238418579,0.0,0.0,14440.5751953125,15299.775390625,15299.775390625,14440.5751953125,-0.18223539590835572,0.0,0.0,0.0,30.5,1.5,11.0,10.0,30.5,1.5,11.0,10.0,300.0,15.0,7.333333333333333,30.0
3.1041666666666665,x,gym_env,1.012100338935852,8.25085815371173e-15,1.0000015497207642,0.0006751798209734261,2.0675584657433958e-14,0.021329203620553017,-2.7290404179238165e-15,-0.2196551412343979,2.141199764287569e-15,0.9375,0.0,1.0,-0.6000000238418579,0.0,0.0,14472.58203125,15331.7822265625,15331.7822265625,14472.58203125,-0.18428447246551516,0.0,0.0,0.0,30.5,1.5,11.0,10.0,30.5,1.5,11.0,10.0,300.0,15.0,7.333333333333333,30.0
3.125,x,gym_env,1.0115158557891846,8.687498555823639e-15,1.0005360841751099,-0.04865695536136627,2.1145677778764728e-14,0.028197895735502243,-2.8193665291113574e-15,-0.26698189973831177,2.3093961554150394e-15,0.925000011920929,0.0,1.0,-0.6000000238418579,0.0,0.0,14439.66015625,15298.8603515625,15298.8603515625,14439.66015625,-0.18338062167167662,0.0,0.0,0.0,30.5,1.5,11.0,10.0,30.5,1.5,11.0,10.0,300.0,15.0,7.333333333333333,30.0
3.145833333333333,x,gym_env,1.0097854137420654,9.133752781886884e-15,1.0011714696884155,-0.1070239245891571,2.1601920217341995e-14,0.03174709528684616,-2.903455724950028e-15,-0.3001735508441925,2.4415883523282817e-15,0.9125000238418579,0.0,1.0,-0.6000000238418579,0.0,0.0,14470.736328125,15146.720703125,15146.720703125,14470.736328125,-0.1800391674041748,0.0,0.0,0.0,30.5,1.5,11.0,10.0,30.5,1.5,11.0,10.0,300.0,15.0,7.333333333333333,30.0
3.1666666666666665,x,gym_env,1.0067627429962158,9.589372651247919e-15,1.0018346309661865,-0.17111776769161224,2.2047923721652853e-14,0.03167674317955971,-2.983288368470509e-15,-0.3211122155189514,2.5399113015708505e-15,0.8999999761581421,0.0,1.0,-0.6000000238418579,0.0,0.0,15109.7001953125,14380.0185546875,14380.0185546875,15109.7001953125,-0.17461127042770386,0.0,0.0,0.0,30.5,1.5,11.0,10.0,30.5,1.5,11.0,10.0,300.0,15.0,7.333333333333333,30.0
3.1875,x,gym_env,1.00235915184021,1.0054215015338659e-14,1.0024572610855103,-0.23873955011367798,2.2488653598834105e-14,0.028517315164208412,-3.0730800018683325e-15,-0.34470704197883606,2.6493632049491567e-15,0.887499988079071,0.0,1.0,-0.6000000238418579,0.0,0.0,14269.8798828125,15129.080078125,15129.080078125,14269.8798828125,-0.16686829924583435,0.0,0.0,0.0,30.5,1.5,11.0,10.0,30.5,1.5,11.0,10.0,300.0,15.0,7.333333333333333,30.0
3.208333333333333,x,gym_env,0.9964945316314697,1.0528175689106592e-14,1.0029791593551636,-0.31063124537467957,2.292406072097481e-14,0.02250422164797783,-3.1665930745199177e-15,-0.36466535925865173,2.749720939089267e-15,0.875,0.0,1.0,-0.6000000238418579,0.0,0.0,14231.7783203125,15090.978515625,15090.978515625,14231.7783203125,-0.15700518488883972,0.0,0.0,0.0,30.5,1.5,11.0,10.0,30.5,1.5,11.0,10.0,300.0,15.0,7.333333333333333,30.0
3.2291666666666665,x,gym_env,0.9890912175178528,1.1011181827718253e-14,1.0033456087112427,-0.3854301869869232,2.3358441239183445e-14,0.01421303953975439,-3.24561553102635e-15,-0.3707660436630249,2.804880783405651e-15,0.862500011920929,0.0,1.0,-0.6000000238418579,0.0,0.0,14201.1923828125,15060.392578125,15060.392578125,14201.1923828125,-0.14553080201148988,0.0,0.0,0.0,30.5,1.5,11.0,10.0,30.5,1.5,11.0,10.0,300.0,15.0,7.333333333333333,30.0
3.25,x,gym_env,0.9801222681999207,1.1503308817105949e-14,1.0035244226455688,-0.46045729517936707,2.379947266009392e-14,0.004864988382905722,-3.3065949152068447e-15,-0.3630616068840027,2.812107456753388e-15,0.8499999642372131,0.0,1.0,-0.6000000238418579,0.0,0.0,14560.9111328125,14667.8125,14667.8125,14560.9111328125,-0.13295739889144897,0.0,0.0,0.0,30.5,1.5,11.0,10.0,30.5,1.5,11.0,10.0,300.0,15.0,7.333333333333333,30.0
3.270833333333333,x,gym_env,0.9696143865585327,1.2004788744297227e-14,1.0035086870193481,-0.5332851409912109,2.42544767365023e-14,-0.004369648173451424,-3.3608361522919315e-15,-0.34882643818855286,2.7956684530713134e-15,0.8374999761581421,0.0,1.0,-0.6000000238418579,0.0,0.0,14670.513671875,14551.830078125,14551.830078125,14670.513671875,-0.1207594633102417,0.0,0.0,0.0,30.5,1.5,11.0,10.0,30.5,1.5,11.0,10.0,300.0,15.0,7.333333333333333,30.0
3.2916666666666665,x,gym_env,0.9576258659362793,1.2515973127965197e-14,1.003312349319458,-0.6031678915023804,2.4727505674028254e-14,-0.012648813426494598,-3.4153302287117738e-15,-0.33506739139556885,2.7801681736530333e-15,0.824999988079071,0.0,1.0,-0.6000000238418579,0.0,0.0,14181.0673828125,15040.267578125,15040.267578125,14181.0673828125,-0.13323825597763062,0.0,0.0,0.0,30.5,1.5,11.0,10.0,30.5,1.5,11.0,10.0,300.0,15.0,7.333333333333333,30.0
3.3125,x,gym_env,0.944217324256897,1.3037243132936124e-14,1.0029581785202026,-0.6701046228408813,2.5219211688041164e-14,-0.019752267748117447,-3.458029159582863e-15,-0.3138279914855957,2.7368589555434473e-15,0.8125,0.0,1.0,-0.6000000238418579,0.0,0.0,14291.375,14946.3037109375,14946.3037109375,14291.375,-0.14342321157455445,0.0,0.0,0.0,30.5,1.5,11.0,10.0,30.5,1.5,11.0,10.0,300.0,15.0,7.333333333333333,30.0
3.333333333333333,x,gym_env,0.929469645023346,1.3569034134144897e-14,1.0024760961532593,-0.7322678565979004,2.573394175162634e-14,-0.02514760009944439,-3.490269139379493e-15,-0.2808263301849365,2.650388538331808e-15,0.800000011920929,0.0,1.0,-0.6000000238418579,0.0,0.0,15071.0712890625,14211.8720703125,14211.8720703125,15071.0712890625,-0.15108437538146974,0.0,0.0,0.0,30.5,1.5,11.0,10.0,30.5,1.5,11.0,10.0,300.0,15.0,7.333333333333333,30.0
3.3541666666666665,x,gym_env,0.9135075807571411,1.4111917031797965e-14,1.0019150972366333,-0.7878840565681458,2.6278324744628996e-14,-0.027859533205628395,-3.5278064632282514e-15,-0.25197672843933105,2.578602707810243e-15,0.7874999642372131,0.0,1.0,-0.6000000238418579,0.0,0.0,14697.1572265625,14597.345703125,14597.345703125,14697.1572265625,-0.15654314756393434,0.0,0.0,0.0,30.5,1.5,11.0,10.0,30.5,1.5,11.0,10.0,300.0,15.0,7.333333333333333,30.0
3.375,x,gym_env,0.8964600563049316,1.4666451714673463e-14,1.001317024230957,-0.837915301322937,2.6846683852236632e-14,-0.029113946482539177,-3.572092098567785e-15,-0.22965770959854126,2.529784387411715e-15,0.7749999761581421,0.0,1.0,-0.6000000238418579,0.0,0.0,14212.5458984375,15071.74609375,15071.74609375,14212.5458984375,-0.16005386114120485,0.0,0.0,0.0,30.5,1.5,11.0,10.0,30.5,1.5,11.0,10.0,300.0,15.0,7.333333333333333,30.0
3.395833333333333,x,gym_env,0.8784294724464417,1.523309812166175e-14,1.0007073879241943,-0.8831218481063843,2.7437125108779187e-14,-0.02920091152191162,-3.6158379621616804e-15,-0.19974201917648315,2.452222427464586e-15,0.762499988079071,0.0,1.0,-0.6000000238418579,0.0,0.0,14281.203125,15016.1298828125,15016.1298828125,14281.203125,-0.16135666370391846,0.0,0.0,0.0,30.5,1.5,11.0,10.0,30.5,1.5,11.0,10.0,300.0,15.0,7.333333333333333,30.0
3.4166666666666665,x,gym_env,0.8595366477966309,1.5812378872091283e-14,1.0001145601272583,-0.9216000437736511,2.8055094936107507e-14,-0.027754781767725945,-3.653728710507681e-15,-0.1572973132133484,2.3277227720200702e-15,0.75,0.0,1.0,-0.6000000238418579,0.0,0.0,15100.90234375,14241.7021484375,14241.7021484375,15100.90234375,-0.16020666360855101,0.0,0.0,0.0,30.5,1.5,11.0,10.0,30.5,1.5,11.0,10.0,300.0,15.0,7.333333333333333,30.0
3.4375,x,gym_env,0.8399506211280823,1.6404956345726814e-14,0.999579668045044,-0.9512802362442017,2.870700367956641e-14,-0.02410954423248768,-3.69829704309336e-15,-0.11853645741939545,2.21595381001455e-15,0.737500011920929,0.0,1.0,-0.6000000238418579,0.0,0.0,15100.6103515625,14241.41015625,14241.41015625,15100.6103515625,-0.1570261359214783,0.0,0.0,0.0,30.5,1.5,11.0,10.0,30.5,1.5,11.0,10.0,300.0,15.0,7.333333333333333,30.0
3.458333333333333,x,gym_env,0.8198455572128296,1.7011474287608255e-14,0.9991341233253479,-0.9734029769897461,2.93867137384201e-14,-0.019483020529150963,-3.7544244107937455e-15,-0.09367923438549042,2.154639424303416e-15,0.7249999642372131,0.0,1.0,-0.6000000238418579,0.0,0.0,14212.8623046875,15072.0625,15072.0625,14212.8623046875,-0.15241198539733886,0.0,0.0,0.0,30.5,1.5,11.0,10.0,30.5,1.5,11.0,10.0,300.0,15.0,7.333333333333333,30.0
3.4791666666666665,x,gym_env,0.7993465662002563,1.7632405342120176e-14,0.9987815022468567,-0.9903269410133362,3.0086281637689213e-14,-0.015160168521106243,-3.813704858640285e-15,-0.06611474603414536,2.0815752093062074e-15,0.7124999761581421,0.0,1.0,-0.6000000238418579,0.0,0.0,14227.5732421875,15024.1416015625,15024.1416015625,14227.5732421875,-0.14624521732330323,0.0,0.0,0.0,30.5,1.5,11.0,10.0,30.5,1.5,11.0,10.0,300.0,15.0,7.333333333333333,30.0
3.5,x,gym_env,0.7785700559616089,1.8268193354526938e-14,0.9985184073448181,-1.00087571144104,3.080929879707012e-14,-0.010884204879403114,-3.8722924335359704e-15,-0.025430884212255478,1.956584698268758e-15,0.699999988079071,0.0,1.0,-0.6000000238418579,0.0,0.0,15060.8134765625,14201.61328125,14201.61328125,15060.8134765625,-0.1382468819618225,0.0,0.0,0.0,30.5,1.5,11.0,10.0,30.5,1.5,11.0,10.0,300.0,15.0,7.333333333333333,30.0
3.520833333333333,x,gym_env,0.7576794624328613,1.8919416001298567e-14,0.9983510375022888,-1.002837061882019,3.156210102300827e-14,-0.006115287076681852,-3.936838038182643e-15,0.011986474506556988,1.8420194687461143e-15,0.6875,0.0,1.0,-0.6000000238418579,0.0,0.0,15051.0986328125,14191.8984375,14191.8984375,15051.0986328125,-0.12885676622390746,0.0,0.0,0.0,30.5,1.5,11.0,10.0,30.5,1.5,11.0,10.0,300.0,15.0,7.333333333333333,30.0
3.5416666666666665,x,gym_env,0.7368432879447937,1.9586644182641513e-14,0.9982799291610718,-0.9975674152374268,3.233988394462685e-14,-0.0016227540327236056,-4.004166569577519e-15,0.03554786369204521,1.779771864485343e-15,0.675000011920929,0.0,1.0,-0.6000000238418579,0.0,0.0,14742.4921875,14442.630859375,14442.630859375,14742.4921875,-0.11874930858612061,0.0,0.0,0.0,30.5,1.5,11.0,10.0,30.5,1.5,11.0,10.0,300.0,15.0,7.333333333333333,30.0
3.5625,x,gym_env,0.7161762118339539,2.0270289556568143e-14,0.998288631439209,-0.9878655672073364,3.313428226453877e-14,0.0017595873214304447,-4.069984417710967e-15,0.05068296939134598,1.7497834041416333e-15,0.6624999642372131,0.0,1.0,-0.6000000238418579,0.0,0.0,14134.9765625,14994.1767578125,14994.1767578125,14134.9765625,-0.1082464575767517,0.0,0.0,0.0,30.5,1.5,11.0,10.0,30.5,1.5,11.0,10.0,300.0,15.0,7.333333333333333,30.0
3.583333333333333,x,gym_env,0.6957508325576782,2.097068077186199e-14,0.9983580112457275,-0.974977970123291,3.3944303260129843e-14,0.004348410293459892,-4.1426285043663375e-15,0.07211162149906158,1.692734358715517e-15,0.6499999761581421,0.0,1.0,-0.6000000238418579,0.0,0.0,14941.767578125,14156.947265625,14156.947265625,14941.767578125,-0.09716867208480835,0.0,0.0,0.0,30.5,1.5,11.0,10.0,30.5,1.5,11.0,10.0,300.0,15.0,7.333333333333333,30.0
3.6041666666666665,x,gym_env,0.6756481528282166,2.1688183746756268e-14,0.9984719753265381,-0.9576025009155273,3.4773572232414326e-14,0.0061721098609268665,-4.216059061113234e-15,0.09147530794143677,1.6427581442780923e-15,0.637499988079071,0.0,1.0,-0.6000000238418579,0.0,0.0,14965.80859375,14106.6083984375,14106.6083984375,14965.80859375,-0.08582495450973511,0.0,0.0,0.0,30.5,1.5,11.0,10.0,30.5,1.5,11.0,10.0,300.0,15.0,7.333333333333333,30.0
3.625,x,gym_env,0.6559540033340454,2.2423193198604398e-14,0.9986158013343811,-0.9368547201156616,3.5620608567800416e-14,0.007361722644418478,-4.284926651373271e-15,0.09758436679840088,1.6477917434462694e-15,0.625,0.0,1.0,-0.6000000238418579,0.0,0.0,14086.7900390625,14945.990234375,14945.990234375,14086.7900390625,-0.07472134828567505,0.0,0.0,0.0,30.5,1.5,11.0,10.0,30.5,1.5,11.0,10.0,300.0,15.0,7.333333333333333,30.0
3.645833333333333,x,gym_env,0.6367069482803345,2.3176012365201497e-14,0.998775839805603,-0.9150720238685608,3.648055368530266e-14,0.00788191705942154,-4.356432749264005e-15,0.10641735792160034,1.6404086866406457e-15,0.612500011920929,0.0,1.0,-0.6000000238418579,0.0,0.0,14121.427734375,14888.4833984375,14888.4833984375,14121.427734375,-0.06364532709121704,0.0,0.0,0.0,30.5,1.5,11.0,10.0,30.5,1.5,11.0,10.0,300.0,15.0,7.333333333333333,30.0
3.6666666666666665,x,gym_env,0.6179373264312744,2.3946941096210893e-14,0.9989396333694458,-0.8910400867462158,3.7356568711880214e-14,0.007795604877173901,-4.435541814889294e-15,0.12802831828594208,1.5758663642466441e-15,0.5999999642372131,0.0,1.0,-0.6000000238418579,0.0,0.0,14933.1845703125,14073.9853515625,14073.9853515625,14933.1845703125,-0.05279570817947388,0.0,0.0,0.0,30.5,1.5,11.0,10.0,30.5,1.5,11.0,10.0,300.0,15.0,7.333333333333333,30.0
3.6875,x,gym_env,0.599722146987915,2.4736385967447268e-14,0.99909508228302,-0.8625894784927368,3.8254101763449816e-14,0.007160545792430639,-4.52049794894948e-15,0.14627967774868011,1.5246206591795221e-15,0.5874999761581421,0.0,1.0,-0.6000000238418579,0.0,0.0,14928.5009765625,14069.30078125,14069.30078125,14928.5009765625,-0.05157161951065064,0.0,0.0,0.0,30.5,1.5,11.0,10.0,30.5,1.5,11.0,10.0,300.0,15.0,7.333333333333333,30.0
3.708333333333333,x,gym_env,0.58214271068573,2.554478235384551e-14,0.9992296695709229,-0.8310717940330505,3.917156380620242e-14,0.0059550246223807335,-4.5996425899585535e-15,0.15084236860275269,1.5346987630650722e-15,0.574999988079071,0.0,1.0,-0.6000000238418579,0.0,0.0,14923.28515625,14064.0849609375,14064.0849609375,14923.28515625,-0.04962712526321411,0.0,0.0,0.0,30.5,1.5,11.0,10.0,30.5,1.5,11.0,10.0,300.0,15.0,7.333333333333333,30.0
3.7291666666666665,x,gym_env,0.5652279853820801,2.6372501255836518e-14,0.9993358850479126,-0.7992756366729736,4.010505171231707e-14,0.004550658632069826,-4.669554995359029e-15,0.14174048602581024,1.6082693978856206e-15,0.5625,0.0,1.0,-0.6000000238418579,0.0,0.0,14061.513671875,14920.7138671875,14920.7138671875,14061.513671875,-0.04745085239410401,0.0,0.0,0.0,30.5,1.5,11.0,10.0,30.5,1.5,11.0,10.0,300.0,15.0,7.333333333333333,30.0
3.75,x,gym_env,0.548952043056488,2.7219828970556463e-14,0.9994153380393982,-0.7695145010948181,4.1051214619454435e-14,0.003361053764820099,-4.74265097409176e-15,0.13538295030593872,1.669188854485097e-15,0.5499999523162842,0.0,1.0,-0.6000000238418579,0.0,0.0,14058.8408203125,14918.041015625,14918.041015625,14058.8408203125,-0.0448307991027832,0.0,0.0,0.0,30.5,1.5,11.0,10.0,30.5,1.5,11.0,10.0,300.0,15.0,7.333333333333333,30.0
3.770833333333333,x,gym_env,0.5332814455032349,2.808704501887794e-14,0.9994710087776184,-0.7405614852905273,4.201223109635485e-14,0.0022014786954969168,-4.826392039389109e-15,0.14268621802330017,1.6647325082704738e-15,0.5374999642372131,0.0,1.0,-0.6000000238418579,0.0,0.0,14913.076171875,14053.8759765625,14053.8759765625,14913.076171875,-0.0412883996963501,0.0,0.0,0.0,30.5,1.5,11.0,10.0,30.5,1.5,11.0,10.0,300.0,15.0,7.333333333333333,30.0
3.7916666666666665,x,gym_env,0.5182310342788696,2.8974513624968265e-14,0.9994982481002808,-0.7100973725318909,4.2991845028645184e-14,0.0006797227542847395,-4.907949453748436e-15,0.14725030958652496,1.6732504833462999e-15,0.5249999761581421,0.0,1.0,-0.6000000238418579,0.0,0.0,14910.8984375,14051.6982421875,14051.6982421875,14910.8984375,-0.037042880058288576,0.0,0.0,0.0,30.5,1.5,11.0,10.0,30.5,1.5,11.0,10.0,300.0,15.0,7.333333333333333,30.0
3.8125,x,gym_env,0.5038236975669861,2.9882607483324233e-14,0.9994917511940002,-0.6793330311775208,4.3988291199663354e-14,-0.0009544488275423646,-4.977754709481084e-15,0.13816264271736145,1.7494096508536574e-15,0.512499988079071,0.0,1.0,-0.6000000238418579,0.0,0.0,14801.0498046875,14174.072265625,14174.072265625,14801.0498046875,-0.03265843391418457,0.0,0.0,0.0,30.5,1.5,11.0,10.0,30.5,1.5,11.0,10.0,300.0,15.0,7.333333333333333,30.0
3.833333333333333,x,gym_env,0.49003171920776367,3.081162644360917e-14,0.9994558691978455,-0.6509508490562439,4.49973310565413e-14,-0.002167282858863473,-5.040757020097859e-15,0.11765465885400772,1.8835213303044964e-15,0.4999999701976776,0.0,1.0,-0.6000000238418579,0.0,0.0,14069.3759765625,14928.576171875,14928.576171875,14069.3759765625,-0.028572547435760497,0.0,0.0,0.0,30.5,1.5,11.0,10.0,30.5,1.5,11.0,10.0,300.0,15.0,7.333333333333333,30.0
3.8541666666666665,x,gym_env,0.47677960991859436,3.1761800898784734e-14,0.9994063973426819,-0.6267609596252441,4.6016792806802265e-14,-0.00245313229970634,-5.108001695230957e-15,0.10139597207307816,1.9968185515051003e-15,0.48749998211860657,0.0,1.0,-0.6000000238418579,0.0,0.0,14070.705078125,14929.9052734375,14929.9052734375,14070.705078125,-0.024581915140151976,0.0,0.0,0.0,30.5,1.5,11.0,10.0,30.5,1.5,11.0,10.0,300.0,15.0,7.333333333333333,30.0
3.875,x,gym_env,0.46399182081222534,3.273334091302184e-14,0.999355673789978,-0.6053687930107117,4.7046920395935055e-14,-0.0024018571712076664,-5.182456314811084e-15,0.0988214984536171,2.0405036404850304e-15,0.47499996423721313,0.0,1.0,-0.6000000238418579,0.0,0.0,14921.2197265625,14062.0205078125,14062.0205078125,14921.2197265625,-0.026467376947402955,0.0,0.0,0.0,30.5,1.5,11.0,10.0,30.5,1.5,11.0,10.0,300.0,15.0,7.333333333333333,30.0
3.895833333333333,x,gym_env,0.45164188742637634,3.372650059620466e-14,0.9993036985397339,-0.5844535231590271,4.8090210877068176e-14,-0.0025533894076943398,-5.249163124022675e-15,0.09351958334445953,2.0987619313224707e-15,0.4624999761581421,0.0,1.0,-0.6000000238418579,0.0,0.0,14917.7099609375,14058.509765625,14058.509765625,14917.7099609375,-0.02974395751953125,0.0,0.0,0.0,30.5,1.5,11.0,10.0,30.5,1.5,11.0,10.0,300.0,15.0,7.333333333333333,30.0
3.9166666666666665,x,gym_env,0.4397112727165222,3.474153744634917e-14,0.9992488622665405,-0.565223753452301,4.9143716575545185e-14,-0.0026503396220505238,-5.309422741956241e-15,0.07457275688648224,2.2294087166234476e-15,0.44999998807907104,0.0,1.0,-0.6000000238418579,0.0,0.0,14066.240234375,14925.4404296875,14925.4404296875,14066.240234375,-0.03186888098716736,0.0,0.0,0.0,30.5,1.5,11.0,10.0,30.5,1.5,11.0,10.0,300.0,15.0,7.333333333333333,30.0
3.9375,x,gym_env,0.42813315987586975,3.5778603929385866e-14,0.9991986155509949,-0.5499897599220276,5.020358179739018e-14,-0.0022098785266280174,-5.3724297112542254e-15,0.058395110070705414,2.3460282128014197e-15,0.4374999701976776,0.0,1.0,-0.6000000238418579,0.0,0.0,14197.9287109375,14795.666015625,14795.666015625,14197.9287109375,-0.03314676284790039,0.0,0.0,0.0,30.5,1.5,11.0,10.0,30.5,1.5,11.0,10.0,300.0,15.0,7.333333333333333,30.0
3.958333333333333,x,gym_env,0.4168325960636139,3.6837832182454525e-14,0.9991593956947327,-0.5376030802726746,5.1270297821712565e-14,-0.0016525189857929945,-5.438099328621904e-15,0.05340386927127838,2.4031538088301442e-15,0.42499998211860657,0.0,1.0,-0.6000000238418579,0.0,0.0,14919.23046875,14060.0302734375,14060.0302734375,14919.23046875,-0.03397284150123596,0.0,0.0,0.0,30.5,1.5,11.0,10.0,30.5,1.5,11.0,10.0,300.0,15.0,7.333333333333333,30.0
3.9791666666666665,x,gym_env,0.4057762026786804,3.791940516467175e-14,0.9991312026977539,-0.5262547135353088,5.234715452447948e-14,-0.0011499365791678429,-5.501860157242945e-15,0.04402518272399902,2.4846648481356096e-15,0.41249996423721313,0.0,1.0,-0.6000000238418579,0.0,0.0,14916.53515625,14057.3359375,14057.3359375,14916.53515625,-0.034089076519012454,0.0,0.0,0.0,30.5,1.5,11.0,10.0,30.5,1.5,11.0,10.0,300.0,15.0,7.333333333333333,30.0
4.0,x,gym_env,0.3949296474456787,3.9023509223285943e-14,0.9991136789321899,-0.5174062252044678,5.3430526604676676e-14,-0.0006126658990979195,-5.566626413972377e-15,0.021010592579841614,2.6420630514932455e-15,0.3999999761581421,0.0,1.0,-0.6000000238418579,0.0,0.0,14064.4697265625,14923.669921875,14923.669921875,14064.4697265625,-0.033113217353820806,0.0,0.0,0.0,30.5,1.5,11.0,10.0,30.5,1.5,11.0,10.0,300.0,15.0,7.333333333333333,30.0
4.020833333333333,x,gym_env,0.38420891761779785,4.015020873280109e-14,0.9991117119789124,-0.5133892297744751,5.451570455911742e-14,0.00025944289518520236,-5.63447883524513e-15,0.0007751804660074413,2.7851591035364925e-15,0.38749998807907104,0.0,1.0,-0.6000000238418579,0.0,0.0,14064.18359375,14923.3837890625,14923.3837890625,14064.18359375,-0.0313849151134491,0.0,0.0,0.0,30.5,1.5,11.0,10.0,30.5,1.5,11.0,10.0,300.0,15.0,7.333333333333333,30.0
4.041666666666666,x,gym_env,0.37352225184440613,4.129954773893045e-14,0.9991282820701599,-0.512964129447937,5.5604135120075615e-14,0.0011537829414010048,-5.706206855768045e-15,-0.005774205084890127,2.8521496687854142e-15,0.3749999701976776,0.0,1.0,-0.6000000238418579,0.0,0.0,14914.1376953125,14054.9375,14054.9375,14914.1376953125,-0.0294192373752594,0.0,0.0,0.0,30.5,1.5,11.0,10.0,30.5,1.5,11.0,10.0,300.0,15.0,7.333333333333333,30.0
4.0625,x,gym_env,0.36282724142074585,4.2471658378813795e-14,0.9991601705551147,-0.5137674808502197,5.6700873380180483e-14,0.0017815028550103307,-5.777491878059546e-15,-0.015044953674077988,2.9353416449747058e-15,0.36249998211860657,0.0,1.0,-0.6000000238418579,0.0,0.0,14482.6162109375,14476.5537109375,14476.5537109375,14482.6162109375,-0.02704959511756897,0.0,0.0,0.0,30.5,1.5,11.0,10.0,30.5,1.5,11.0,10.0,300.0,15.0,7.333333333333333,30.0
4.083333333333333,x,gym_env,0.35209089517593384,4.366668634211805e-14,0.9992008209228516,-0.5167974829673767,5.780220594699126e-14,0.0020591889042407274,-5.85161573127377e-15,-0.029818326234817505,3.051055662932063e-15,0.34999996423721313,0.0,1.0,-0.6000000238418579,0.0,0.0,14050.9521484375,14910.1513671875,14910.1513671875,14050.9521484375,-0.024219900369644165,0.0,0.0,0.0,30.5,1.5,11.0,10.0,30.5,1.5,11.0,10.0,300.0,15.0,7.333333333333333,30.0
4.104166666666666,x,gym_env,0.3412550389766693,4.4884729884665103e-14,0.9992490410804749,-0.5226251482963562,5.890949484948713e-14,0.002474934095516801,-5.929214960670578e-15,-0.036422211676836014,3.1197366941854675e-15,0.3374999761581421,0.0,1.0,-0.6000000238418579,0.0,0.0,14395.1865234375,14554.7470703125,14554.7470703125,14395.1865234375,-0.02133678197860718,0.0,0.0,0.0,30.5,1.5,11.0,10.0,30.5,1.5,11.0,10.0,300.0,15.0,7.333333333333333,30.0
4.125,x,gym_env,0.33028239011764526,4.6125938084253665e-14,0.9993012547492981,-0.5294040441513062,6.002557934210728e-14,0.002526794793084264,-6.004974858022424e-15,-0.03604181855916977,3.147337051013512e-15,0.32499995827674866,0.0,1.0,-0.6000000238418579,0.0,0.0,14901.25390625,14042.0537109375,14042.0537109375,14901.25390625,-0.018580085039138793,0.0,0.0,0.0,30.5,1.5,11.0,10.0,30.5,1.5,11.0,10.0,300.0,15.0,7.333333333333333,30.0
4.145833333333333,x,gym_env,0.3191683888435364,4.739057521516328e-14,0.9993555545806885,-0.5362574458122253,6.115529767704644e-14,0.0026556127704679966,-6.079535356720957e-15,-0.0428321398794651,3.2182762721042965e-15,0.3124999701976776,0.0,1.0,-0.6000000238418579,0.0,0.0,14136.3017578125,14801.390625,14801.390625,14136.3017578125,-0.01567736268043518,0.0,0.0,0.0,30.5,1.5,11.0,10.0,30.5,1.5,11.0,10.0,300.0,15.0,7.333333333333333,30.0
4.166666666666666,x,gym_env,0.30789464712142944,4.867883778903771e-14,0.9994099736213684,-0.5446398258209229,6.22918058280908e-14,0.00256953458301723,-6.1508745891210824e-15,-0.04873431473970413,3.284122284083241e-15,0.29999998211860657,0.0,1.0,-0.6000000238418579,0.0,0.0,14055.4501953125,14879.98828125,14879.98828125,14055.4501953125,-0.012818539142608642,0.0,0.0,0.0,30.5,1.5,11.0,10.0,30.5,1.5,11.0,10.0,300.0,15.0,7.333333333333333,30.0
4.1875,x,gym_env,0.2964334189891815,4.9990891824334624e-14,0.9994623064994812,-0.5537401437759399,6.343816666637761e-14,0.0024763995315879583,-6.220702714743306e-15,-0.04255826026201248,3.2756572485666182e-15,0.28749996423721313,0.0,1.0,-0.6000000238418579,0.0,0.0,14894.23046875,14035.0302734375,14035.0302734375,14894.23046875,-0.010409027338027954,0.0,0.0,0.0,30.5,1.5,11.0,10.0,30.5,1.5,11.0,10.0,300.0,15.0,7.333333333333333,30.0
4.208333333333333,x,gym_env,0.28479811549186707,5.132702531225608e-14,0.9995124340057373,-0.5614641308784485,6.460089895746896e-14,0.0023708546068519354,-6.290711258383295e-15,-0.03933677449822426,3.2853381998790244e-15,0.2749999761581421,0.0,1.0,-0.6000000238418579,0.0,0.0,14892.2041015625,14033.0048828125,14033.0048828125,14892.2041015625,-0.008177638053894043,0.0,0.0,0.0,30.5,1.5,11.0,10.0,30.5,1.5,11.0,10.0,300.0,15.0,7.333333333333333,30.0
4.229166666666666,x,gym_env,0.27300798892974854,5.268755334905846e-14,0.9995599389076233,-0.5690717697143555,6.577590306190012e-14,0.0022125996183604,-6.363506963936224e-15,-0.049747735261917114,3.3809686431405086e-15,0.26249995827674866,0.0,1.0,-0.6000000238418579,0.0,0.0,14032.8662109375,14892.06640625,14892.06640625,14032.8662109375,-0.0056868791580200195,0.0,0.0,0.0,30.5,1.5,11.0,10.0,30.5,1.5,11.0,10.0,300.0,15.0,7.333333333333333,30.0
4.25,x,gym_env,0.26103344559669495,5.407262162440869e-14,0.9996029138565063,-0.5788981914520264,6.695535917150205e-14,0.0019462675554677844,-6.436323421796361e-15,-0.05741661414504051,3.4596577921821962e-15,0.2499999701976776,0.0,1.0,-0.6000000238418579,0.0,0.0,14032.271484375,14891.4716796875,14891.4716796875,14032.271484375,-0.003220278024673462,0.0,0.0,0.0,30.5,1.5,11.0,10.0,30.5,1.5,11.0,10.0,300.0,15.0,7.333333333333333,30.0
4.270833333333333,x,gym_env,0.24883723258972168,5.548234872291939e-14,0.9996392130851746,-0.5897123217582703,6.814324495299506e-14,0.0016099201748147607,-6.5060469388495985e-15,-0.05144892632961273,3.4506169860196775e-15,0.23749996721744537,0.0,1.0,-0.6000000238418579,0.0,0.0,14892.3330078125,14033.1328125,14033.1328125,14892.3330078125,-0.0012330144643783569,0.0,0.0,0.0,30.5,1.5,11.0,10.0,30.5,1.5,11.0,10.0,300.0,15.0,7.333333333333333,30.0
4.291666666666666,x,gym_env,0.23643067479133606,5.69170294120562e-14,0.99966961145401,-0.5991814136505127,6.934801040706096e-14,0.0013689195038750768,-6.576354908636442e-15,-0.04821676015853882,3.4591760421934454e-15,0.22499996423721313,0.0,1.0,-0.6000000238418579,0.0,0.0,14567.466796875,14358.1875,14358.1875,14567.466796875,-0.002836686372756958,0.0,0.0,0.0,30.5,1.5,11.0,10.0,30.5,1.5,11.0,10.0,300.0,15.0,7.333333333333333,30.0
4.3125,x,gym_env,0.22383412718772888,5.837697539994371e-14,0.9996932744979858,-0.6083542704582214,7.056478340018713e-14,0.0009756736690178514,-6.6507650589868374e-15,-0.05243057757616043,3.5166497687634914e-15,0.2124999612569809,0.0,1.0,-0.6000000238418579,0.0,0.0,14034.560546875,14893.7607421875,14893.7607421875,14034.560546875,-0.00511053204536438,0.0,0.0,0.0,30.5,1.5,11.0,10.0,30.5,1.5,11.0,10.0,300.0,15.0,7.333333333333333,30.0
4.333333333333333,x,gym_env,0.21103699505329132,5.986240691514821e-14,0.9997108578681946,-0.6182378530502319,7.179294729238797e-14,0.0007531693554483354,-6.7256173605357e-15,-0.049788422882556915,3.528466725410636e-15,0.19999997317790985,0.0,1.0,-0.6000000238418579,0.0,0.0,14182.728515625,14745.826171875,14745.826171875,14182.728515625,-0.007373231649398804,0.0,0.0,0.0,30.5,1.5,11.0,10.0,30.5,1.5,11.0,10.0,300.0,15.0,7.333333333333333,30.0
4.354166666666666,x,gym_env,0.1980428248643875,6.137360856073998e-14,0.999722957611084,-0.6270804405212402,7.303692698377995e-14,0.0004817044537048787,-6.795598375604903e-15,-0.03633902966976166,3.4670532368446735e-15,0.1874999701976776,0.0,1.0,-0.6000000238418579,0.0,0.0,14897.8056640625,14038.60546875,14038.60546875,14897.8056640625,-0.009237390756607056,0.0,0.0,0.0,30.5,1.5,11.0,10.0,30.5,1.5,11.0,10.0,300.0,15.0,7.333333333333333,30.0
4.375,x,gym_env,0.1848980188369751,6.291102079385158e-14,0.9997335076332092,-0.6331772208213806,7.430436609967908e-14,0.0005350380670279264,-6.862888790517153e-15,-0.027517439797520638,3.4364058907471184e-15,0.17499996721744537,0.0,1.0,-0.6000000238418579,0.0,0.0,14897.0654296875,14037.865234375,14037.865234375,14897.0654296875,-0.010957244038581847,0.0,0.0,0.0,30.5,1.5,11.0,10.0,30.5,1.5,11.0,10.0,300.0,15.0,7.333333333333333,30.0
4.395833333333333,x,gym_env,0.17164653539657593,6.44750501902977e-14,0.9997456073760986,-0.6380190849304199,7.558758035718788e-14,0.0006073167896829545,-6.927118875390973e-15,-0.03233915567398071,3.49914392708435e-15,0.16249996423721313,0.0,1.0,-0.6000000238418579,0.0,0.0,14034.4443359375,14893.64453125,14893.64453125,14034.4443359375,-0.013006201386451722,0.0,0.0,0.0,30.5,1.5,11.0,10.0,30.5,1.5,11.0,10.0,300.0,15.0,7.333333333333333,30.0
4.416666666666666,x,gym_env,0.15828250348567963,6.606590003798568e-14,0.9997575879096985,-0.643943727016449,7.687696101455269e-14,0.0005492139025591314,-6.990193183808264e-15,-0.03442826867103577,3.543024468916859e-15,0.1499999612569809,0.0,1.0,-0.6000000238418579,0.0,0.0,14032.8837890625,14892.083984375,14892.083984375,14032.8837890625,-0.015152800083160401,0.0,0.0,0.0,30.5,1.5,11.0,10.0,30.5,1.5,11.0,10.0,300.0,15.0,7.333333333333333,30.0
4.4375,x,gym_env,0.14479218423366547,6.768372619097782e-14,0.9997677206993103,-0.6497251391410828,7.817690586683565e-14,0.0004513700259849429,-7.050324052733847e-15,-0.0228866096585989,3.4913736703427126e-15,0.13749995827674866,0.0,1.0,-0.6000000238418579,0.0,0.0,14895.072265625,14035.8720703125,14035.8720703125,14895.072265625,-0.016895979642868042,0.0,0.0,0.0,30.5,1.5,11.0,10.0,30.5,1.5,11.0,10.0,300.0,15.0,7.333333333333333,30.0
4.458333333333333,x,gym_env,0.13121050596237183,6.932887423871659e-14,0.9997776746749878,-0.653032660484314,7.949656964613069e-14,0.0005026402650400996,-7.112607655894877e-15,-0.014090804383158684,3.4585479672630563e-15,0.12499996274709702,0.0,1.0,-0.6000000238418579,0.0,0.0,14895.5966796875,14036.396484375,14036.396484375,14895.5966796875,-0.018439143896102905,0.0,0.0,0.0,30.5,1.5,11.0,10.0,30.5,1.5,11.0,10.0,300.0,15.0,7.333333333333333,30.0
4.479166666666666,x,gym_env,0.1175801083445549,7.100172365196236e-14,0.9997892379760742,-0.6550964713096619,8.083154100484852e-14,0.0005917058442719281,-7.17655440824784e-15,-0.018936412408947945,3.5224949313742565e-15,0.11249996721744537,0.0,1.0,-0.6000000238418579,0.0,0.0,14033.1796875,14892.3798828125,14892.3798828125,14033.1796875,-0.02025599777698517,0.0,0.0,0.0,30.5,1.5,11.0,10.0,30.5,1.5,11.0,10.0,300.0,15.0,7.333333333333333,30.0
4.5,x,gym_env,0.10389488935470581,7.270246416609533e-14,0.9998013377189636,-0.6582546234130859,8.217276685484887e-14,0.0005707063246518373,-7.238783377783772e-15,-0.02104954794049263,3.56690613934822e-15,0.09999996423721313,0.0,1.0,-0.6000000238418579,0.0,0.0,14031.814453125,14891.013671875,14891.013671875,14031.814453125,-0.022115163505077362,0.0,0.0,0.0,30.5,1.5,11.0,10.0,30.5,1.5,11.0,10.0,300.0,15.0,7.333333333333333,30.0
4.520833333333333,x,gym_env,0.09014088660478592,7.443127196396851e-14,0.9998124837875366,-0.6612804532051086,8.352459755734884e-14,0.0005135585088282824,-7.29929202340383e-15,-0.009532974101603031,3.5124340857850067e-15,0.0874999612569809,0.0,1.0,-0.6000000238418579,0.0,0.0,14894.416015625,14035.216796875,14035.216796875,14894.416015625,-0.02351541519165039,0.0,0.0,0.0,30.5,1.5,11.0,10.0,30.5,1.5,11.0,10.0,300.0,15.0,7.333333333333333,30.0
4.541666666666666,x,gym_env,0.07635281980037689,7.618847908249723e-14,0.999824047088623,-0.6618413925170898,8.489637080355897e-14,0.0005841446691192687,-7.362540820608256e-15,-0.0007622349658049643,3.47745522495343e-15,0.07499996572732925,0.0,1.0,-0.6000000238418579,0.0,0.0,14895.169921875,14035.970703125,14035.970703125,14895.169921875,-0.024660553038120273,0.0,0.0,0.0,30.5,1.5,11.0,10.0,30.5,1.5,11.0,10.0,300.0,15.0,7.333333333333333,30.0
4.5625,x,gym_env,0.0625731348991394,7.797447854496903e-14,0.9998374581336975,-0.66116863489151,8.628368879841711e-14,0.0006824330193921924,-7.424563961138005e-15,-0.005632374435663223,3.542630175079912e-15,0.062499962747097015,0.0,1.0,-0.6000000238418579,0.0,0.0,14032.9208984375,14892.12109375,14892.12109375,14032.9208984375,-0.026024846732616423,0.0,0.0,0.0,30.5,1.5,11.0,10.0,30.5,1.5,11.0,10.0,300.0,15.0,7.333333333333333,30.0
4.583333333333333,x,gym_env,0.048795491456985474,7.978946008676407e-14,0.9998517632484436,-0.6616019010543823,8.767705122038685e-14,0.0006899810978211462,-7.483517454266904e-15,-0.0077699897810816765,3.587583907656592e-15,0.049999963492155075,0.0,1.0,-0.6000000238418579,0.0,0.0,14031.60546875,14890.8056640625,14890.8056640625,14031.60546875,-0.02737695798277855,0.0,0.0,0.0,30.5,1.5,11.0,10.0,30.5,1.5,11.0,10.0,300.0,15.0,7.333333333333333,30.0
4.604166666666666,x,gym_env,0.03500570356845856,8.163358633820825e-14,0.9998657703399658,-0.6619135141372681,8.908054415640576e-14,0.0006610615528188646,-7.541784850708527e-15,0.0037219307851046324,3.5303390917405418e-15,0.037499960511922836,0.0,1.0,-0.6000000238418579,0.0,0.0,14893.810546875,14034.6103515625,14034.6103515625,14893.810546875,-0.028215526416897774,0.0,0.0,0.0,30.5,1.5,11.0,10.0,30.5,1.5,11.0,10.0,300.0,15.0,7.333333333333333,30.0
4.625,x,gym_env,0.021238276734948158,8.350718255995329e-14,0.9998802542686462,-0.6597692370414734,9.05033697724128e-14,0.0007160028326325119,-7.599866746934702e-15,0.01246832124888897,3.4932744122763513e-15,0.024999961256980896,0.0,1.0,-0.6000000238418579,0.0,0.0,14894.396484375,14035.1962890625,14035.1962890625,14894.396484375,-0.02874475494027138,0.0,0.0,0.0,30.5,1.5,11.0,10.0,30.5,1.5,11.0,10.0,300.0,15.0,7.333333333333333,30.0
4.645833333333333,x,gym_env,0.007535467855632305,8.5410621446496e-14,0.9998959302902222,-0.6564013361930847,9.194060850105032e-14,0.0007776480633765459,-7.655908140790941e-15,0.007574514951556921,3.559626738199517e-15,0.012499961070716381,0.0,1.0,-0.6000000238418579,0.0,0.0,14032.8310546875,14892.03125,14892.03125,14032.8310546875,-0.029439304769039155,0.0,0.0,0.0,30.5,1.5,11.0,10.0,30.5,1.5,11.0,10.0,300.0,15.0,7.333333333333333,30.0
4.666666666666666,x,gym_env,-0.006109286565333605,8.734407240442582e-14,0.9999122023582458,-0.6541503071784973,9.338328179307742e-14,0.0007825460052117705,-7.712650877927506e-15,0.005413497798144817,3.605125536477755e-15,-3.973643103449831e-08,0.0,1.0,-0.6000000238418579,0.0,0.0,14031.748046875,14890.9482421875,14890.9482421875,14031.748046875,-0.030067937076091768,0.0,0.0,0.0,30.5,1.5,11.0,10.0,30.5,1.5,11.0,10.0,300.0,15.0,7.333333333333333,30.0
4.6875,x,gym_env,-0.019710393622517586,8.930769128780505e-14,0.9999281764030457,-0.6517879366874695,9.483592296882781e-14,0.0007559830555692315,-7.769818825603594e-15,0.016882093623280525,3.545302987544973e-15,-0.012500040233135223,0.0,1.0,-0.6000000238418579,0.0,0.0,14892.8369140625,14033.63671875,14033.63671875,14892.8369140625,-0.03012935519218445,0.0,0.0,0.0,30.5,1.5,11.0,10.0,30.5,1.5,11.0,10.0,300.0,15.0,7.333333333333333,30.0
4.708333333333333,x,gym_env,-0.03323354572057724,9.130180335728544e-14,0.9999439120292664,-0.6469792723655701,9.630740893358872e-14,0.0007495333557017148,-7.825202921892763e-15,0.025605805218219757,3.506298814389807e-15,-0.025000041350722313,0.0,1.0,-0.6000000238418579,0.0,0.0,14892.947265625,14033.7470703125,14033.7470703125,14892.947265625,-0.029828081652522088,0.0,0.0,0.0,30.5,1.5,11.0,10.0,30.5,1.5,11.0,10.0,300.0,15.0,7.333333333333333,30.0
4.729166666666666,x,gym_env,-0.04663670435547829,9.332676097857304e-14,0.9999591708183289,-0.6409571170806885,9.779280656747533e-14,0.0007204232970252633,-7.87765713121738e-15,0.020690536126494408,3.573809457868343e-15,-0.0375000424683094,0.0,1.0,-0.6000000238418579,0.0,0.0,14032.7646484375,14891.96484375,14891.96484375,14032.7646484375,-0.029638732969760894,0.0,0.0,0.0,30.5,1.5,11.0,10.0,30.5,1.5,11.0,10.0,300.0,15.0,7.333333333333333,30.0
4.75,x,gym_env,-0.05992662534117699,9.53827335582573e-14,0.999973714351654,-0.6360607743263245,9.928333383289051e-14,0.0006883464520797133,-7.927608358182861e-15,0.018508590757846832,3.619832569540932e-15,-0.05000004172325134,0.0,1.0,-0.6000000238418579,0.0,0.0,14032.197265625,14891.3974609375,14891.3974609375,14032.197265625,-0.0293303519487381,0.0,0.0,0.0,30.5,1.5,11.0,10.0,30.5,1.5,11.0,10.0,300.0,15.0,7.333333333333333,30.0
4.770833333333333,x,gym_env,-0.07311789691448212,9.746985662160979e-14,0.9999874830245972,-0.6310625076293945,1.0078275833238365e-13,0.0006379741826094687,-7.976474535942909e-15,0.0299565140157938,3.557604870554421e-15,-0.06250004470348358,0.0,1.0,-0.6000000238418579,0.0,0.0,14891.3828125,14032.1826171875,14032.1826171875,14891.3828125,-0.028402066230773924,0.0,0.0,0.0,30.5,1.5,11.0,10.0,30.5,1.5,11.0,10.0,300.0,15.0,7.333333333333333,30.0
4.791666666666666,x,gym_env,-0.08617644011974335,9.958842154796435e-14,0.999999463558197,-0.6236283779144287,1.0229892697917811e-13,0.0005221529281698167,-8.021941570485625e-15,0.03866058588027954,3.516834210187756e-15,-0.07500004023313522,0.0,1.0,-0.6000000238418579,0.0,0.0,14890.6953125,14031.4951171875,14031.4951171875,14890.6953125,-0.02705856114625931,0.0,0.0,0.0,30.5,1.5,11.0,10.0,30.5,1.5,11.0,10.0,300.0,15.0,7.333333333333333,30.0
4.8125,x,gym_env,-0.09906041622161865,1.0173873326918201e-13,1.0000081062316895,-0.6149909496307373,1.0382666270790028e-13,0.00034551159478724003,-8.059766673778213e-15,0.03372751921415329,3.585320635621529e-15,-0.08750004321336746,0.0,1.0,-0.6000000238418579,0.0,0.0,14176.2421875,14748.38671875,14748.38671875,14176.2421875,-0.025789742171764374,0.0,0.0,0.0,30.5,1.5,11.0,10.0,30.5,1.5,11.0,10.0,300.0,15.0,7.333333333333333,30.0
4.833333333333333,x,gym_env,-0.11177724599838257,1.0392091375800716e-13,1.000012755393982,-0.6075627207756042,1.0535651940712237e-13,0.00014499462849926203,-8.098518431115097e-15,0.028796439990401268,3.6538595770980314e-15,-0.1000000461935997,0.0,1.0,-0.6000000238418579,0.0,0.0,14184.5078125,14744.2509765625,14744.2509765625,14184.5078125,-0.02450732737779617,0.0,0.0,0.0,30.5,1.5,11.0,10.0,30.5,1.5,11.0,10.0,300.0,15.0,7.333333333333333,30.0
4.854166666666666,x,gym_env,-0.12435051798820496,1.0613501044828486e-13,1.0000141859054565,-0.6007843017578125,1.0689147185655515e-13,1.9655672076623887e-05,-8.140881089906127e-15,0.03282848373055458,3.649802289280683e-15,-0.11250004172325134,0.0,1.0,-0.6000000238418579,0.0,0.0,14893.853515625,14034.6533203125,14034.6533203125,14893.853515625,-0.025633525848388673,0.0,0.0,0.0,30.5,1.5,11.0,10.0,30.5,1.5,11.0,10.0,300.0,15.0,7.333333333333333,30.0
4.875,x,gym_env,-0.13677319884300232,1.0838122662792243e-13,1.000014066696167,-0.5931981801986694,1.0843740185298434e-13,-3.12097545247525e-05,-8.181704689831995e-15,0.03222811594605446,3.683423144539575e-15,-0.12500004470348358,0.0,1.0,-0.6000000238418579,0.0,0.0,14893.318359375,14034.1181640625,14034.1181640625,14893.318359375,-0.02678074538707733,0.0,0.0,0.0,30.5,1.5,11.0,10.0,30.5,1.5,11.0,10.0,300.0,15.0,7.333333333333333,30.0
4.895833333333333,x,gym_env,-0.14904186129570007,1.1065972492724577e-13,1.000012755393982,-0.5863053798675537,1.0998800747128237e-13,-7.637459202669561e-05,-8.223199139852089e-15,0.01799972727894783,3.828769339607203e-15,-0.13750004768371582,0.0,1.0,-0.6000000238418579,0.0,0.0,14036.740234375,14895.9404296875,14895.9404296875,14036.740234375,-0.0272154301404953,0.0,0.0,0.0,30.5,1.5,11.0,10.0,30.5,1.5,11.0,10.0,300.0,15.0,7.333333333333333,30.0
4.916666666666666,x,gym_env,-0.16120289266109467,1.129704917937277e-13,1.0000122785568237,-0.5824370980262756,1.1153563830986965e-13,1.9259781765867956e-05,-8.268509473299563e-15,0.006522450130432844,3.951903789698981e-15,-0.15000005066394806,0.0,1.0,-0.6000000238418579,0.0,0.0,14036.83984375,14896.0390625,14896.0390625,14036.83984375,-0.02723814845085144,0.0,0.0,0.0,30.5,1.5,11.0,10.0,30.5,1.5,11.0,10.0,300.0,15.0,7.333333333333333,30.0
4.9375,x,gym_env,-0.17331038415431976,1.1531349334605034e-13,1.000014066696167,-0.5803609490394592,1.1308410262887703e-13,0.00013877020683139563,-8.314980241884776e-15,0.008690654300153255,3.962456549672349e-15,-0.1625000536441803,0.0,1.0,-0.6000000238418579,0.0,0.0,14893.9375,14034.7373046875,14034.7373046875,14893.9375,-0.027322536706924437,0.0,0.0,0.0,30.5,1.5,11.0,10.0,30.5,1.5,11.0,10.0,300.0,15.0,7.333333333333333,30.0
4.958333333333333,x,gym_env,-0.185369610786438,1.1768887188574884e-13,1.000017762184143,-0.5777351260185242,1.1464174878503264e-13,0.00019447010708972812,-8.358768457126034e-15,0.008128950372338295,3.995734356587602e-15,-0.17500004172325134,0.0,1.0,-0.6000000238418579,0.0,0.0,14817.1123046875,14109.64453125,14109.64453125,14817.1123046875,-0.02722834050655365,0.0,0.0,0.0,30.5,1.5,11.0,10.0,30.5,1.5,11.0,10.0,300.0,15.0,7.333333333333333,30.0
4.979166666666666,x,gym_env,-0.19737769663333893,1.2009676293809474e-13,1.0000214576721191,-0.5757465958595276,1.1620337938417213e-13,0.00016930498532019556,-8.4017985778795e-15,-0.004616617690771818,4.1310288116701635e-15,-0.18750004470348358,0.0,1.0,-0.6000000238418579,0.0,0.0,14035.5712890625,14894.771484375,14894.771484375,14035.5712890625,-0.026593440771102907,0.0,0.0,0.0,30.5,1.5,11.0,10.0,30.5,1.5,11.0,10.0,300.0,15.0,7.333333333333333,30.0
5.0,x,gym_env,-0.2093762904405594,1.225371529505609e-13,1.000025987625122,-0.5764140486717224,1.1776189290206573e-13,0.0002507137833163142,-8.444732983909926e-15,-0.013652564957737923,4.235520066592875e-15,-0.20000004768371582,0.0,1.0,0.0,0.0,0.0,13989.9501953125,14849.150390625,14849.150390625,13989.9501953125,-0.13707942664623263,0.0,0.0,0.0,30.5,1.5,11.0,10.0,30.5,1.5,11.0,10.0,300.0,15.0,7.333333333333333,30.0
5.020833333333333,x,gym_env,-0.22140930593013763,1.2500987929282142e-13,1.0000160932540894,-0.578350841999054,1.193106079428255e-13,-0.0009640463395044208,-8.487669931039193e-15,-0.009073175489902496,4.225169747493901e-15,-0.20000004768371582,0.0,1.0,0.0,0.0,0.0,14020.505859375,14879.7060546875,14879.7060546875,14020.505859375,-0.14923047423362734,0.0,0.0,0.0,30.5,1.5,11.0,10.0,30.5,1.5,11.0,10.0,300.0,15.0,7.333333333333333,30.0
5.041666666666666,x,gym_env,-0.23346880078315735,1.2751509104267506e-13,0.9999916553497314,-0.578808605670929,1.2087946203893918e-13,-0.001304682926274836,-8.530728003879919e-15,0.009103712625801563,4.098967344067167e-15,-0.20000004768371582,0.0,1.0,0.0,0.0,0.0,14087.158203125,14946.3583984375,14946.3583984375,14087.158203125,-0.16048498153686525,0.0,0.0,0.0,30.5,1.5,11.0,10.0,30.5,1.5,11.0,10.0,300.0,15.0,7.333333333333333,30.0
5.0625,x,gym_env,-0.2454889416694641,1.3005347937900674e-13,0.9999836087226868,-0.5749804377555847,1.2248887884883097e-13,0.00021323842520359904,-8.580952822487362e-15,0.04089755192399025,3.855359821403883e-15,-0.20000004768371582,0.0,1.0,0.0,0.0,0.0,14174.1689453125,15033.369140625,15033.369140625,14174.1689453125,-0.17013297080993653,0.0,0.0,0.0,30.5,1.5,11.0,10.0,30.5,1.5,11.0,10.0,300.0,15.0,7.333333333333333,30.0
5.083333333333333,x,gym_env,-0.2573440670967102,1.3262610139893466e-13,1.0000356435775757,-0.5639447569847107,1.2415533824552266e-13,0.003959812223911285,-8.64821740289472e-15,0.08633791655302048,3.49168220209375e-15,-0.20000004768371582,0.0,1.0,0.0,0.0,0.0,14266.330078125,15125.5302734375,15125.5302734375,14266.330078125,-0.1773821473121643,0.0,0.0,0.0,30.5,1.5,11.0,10.0,30.5,1.5,11.0,10.0,300.0,15.0,7.333333333333333,30.0
5.104166666666666,x,gym_env,-0.2688462734222412,1.3523427169759294e-13,1.0001901388168335,-0.5426796078681946,1.258899261962279e-13,0.009573747403919697,-8.749474262508342e-15,0.14544986188411713,3.0026443418646907e-15,-0.20000004768371582,0.0,1.0,0.0,0.0,0.0,15207.90234375,14348.7021484375,14348.7021484375,15207.90234375,-0.1814727485179901,0.0,0.0,0.0,30.5,1.5,11.0,10.0,30.5,1.5,11.0,10.0,300.0,15.0,7.333333333333333,30.0
5.125,x,gym_env,-0.27974751591682434,1.378794675004416e-13,1.0004723072052002,-0.508626401424408,1.2769550228417664e-13,0.0159166119992733,-8.878212259062681e-15,0.20154941082000732,2.5295669117025073e-15,-0.20000004768371582,0.0,1.0,0.0,0.0,0.0,15231.8701171875,14372.669921875,14372.669921875,15231.8701171875,-0.1824590265750885,0.0,0.0,0.0,30.5,1.5,11.0,10.0,30.5,1.5,11.0,10.0,300.0,15.0,7.333333333333333,30.0
5.145833333333333,x,gym_env,-0.28979364037513733,1.4056289498239755e-13,1.0008691549301147,-0.46332716941833496,1.2954965062945273e-13,0.02086513116955757,-9.006577561120228e-15,0.24355894327163696,2.1733478410094218e-15,-0.20000004768371582,0.0,1.0,0.0,0.0,0.0,15202.2548828125,14343.0546875,14343.0546875,15202.2548828125,-0.18082306981086732,0.0,0.0,0.0,30.5,1.5,11.0,10.0,30.5,1.5,11.0,10.0,300.0,15.0,7.333333333333333,30.0
5.166666666666666,x,gym_env,-0.2987925410270691,1.4328528597992718e-13,1.0013344287872314,-0.4101528823375702,1.3142805799833818e-13,0.02307908795773983,-9.117871761158813e-15,0.27154645323753357,1.940072214478509e-15,-0.20000004768371582,0.0,1.0,0.0,0.0,0.0,15151.408203125,14292.2080078125,14292.2080078125,15151.408203125,-0.17707488536834717,0.0,0.0,0.0,30.5,1.5,11.0,10.0,30.5,1.5,11.0,10.0,300.0,15.0,7.333333333333333,30.0
5.1875,x,gym_env,-0.3066199719905853,1.460469522011551e-13,1.0018097162246704,-0.3522748053073883,1.3331783593750757e-13,0.02249910682439804,-9.201266389980735e-15,0.28559619188308716,1.8352040298942694e-15,-0.20000004768371582,0.0,1.0,0.0,0.0,0.0,14238.0654296875,15097.265625,15097.265625,14238.0654296875,-0.17164809703826905,0.0,0.0,0.0,30.5,1.5,11.0,10.0,30.5,1.5,11.0,10.0,300.0,15.0,7.333333333333333,30.0
5.208333333333333,x,gym_env,-0.31321194767951965,1.4884806982893434e-13,1.002243995666504,-0.29218098521232605,1.3521354988357132e-13,0.019642429426312447,-9.294193527591057e-15,0.30237314105033875,1.7020746969040085e-15,-0.20000004768371582,0.0,1.0,0.0,0.0,0.0,15060.3662109375,14201.1669921875,14201.1669921875,15060.3662109375,-0.16431663632392884,0.0,0.0,0.0,30.5,1.5,11.0,10.0,30.5,1.5,11.0,10.0,300.0,15.0,7.333333333333333,30.0
5.229166666666666,x,gym_env,-0.31851527094841003,1.5168882859864508e-13,1.0025935173034668,-0.2290070652961731,1.3712132557880397e-13,0.014718745835125446,-9.38328275891737e-15,0.31637734174728394,1.5939560233846806e-15,-0.20000004768371582,0.0,1.0,0.0,0.0,0.0,15032.263671875,14173.0634765625,14173.0634765625,15032.263671875,-0.15525880455970764,0.0,0.0,0.0,30.5,1.5,11.0,10.0,30.5,1.5,11.0,10.0,300.0,15.0,7.333333333333333,30.0
5.25,x,gym_env,-0.32247403264045715,1.5456949956083044e-13,1.002820611000061,-0.16392409801483154,1.390420303849435e-13,0.008322945795953274,-9.43159582416286e-15,0.3165934085845947,1.6209274582493888e-15,-0.20000004768371582,0.0,1.0,0.0,0.0,0.0,14936.169921875,14228.396484375,14228.396484375,14936.169921875,-0.14499664902687073,0.0,0.0,0.0,30.5,1.5,11.0,10.0,30.5,1.5,11.0,10.0,300.0,15.0,7.333333333333333,30.0
5.270833333333333,x,gym_env,-0.3250817656517029,1.5749032666097923e-13,1.0029075145721436,-0.09957465529441833,1.4097306221677597e-13,0.0014783735387027264,-9.442885079283866e-15,0.30451419949531555,1.7695730584048092e-15,-0.20000004768371582,0.0,1.0,0.0,0.0,0.0,14144.2197265625,15003.419921875,15003.419921875,14144.2197265625,-0.13393614664673806,0.0,0.0,0.0,30.5,1.5,11.0,10.0,30.5,1.5,11.0,10.0,300.0,15.0,7.333333333333333,30.0
5.291666666666666,x,gym_env,-0.3263796269893646,1.6045152673952595e-13,1.002859115600586,-0.03778283670544624,1.4291546461889237e-13,-0.0047580162063241005,-9.466444453678797e-15,0.29616594314575195,1.880913739376374e-15,-0.20000004768371582,0.0,1.0,0.0,0.0,0.0,14995.9384765625,14136.73828125,14136.73828125,14995.9384765625,-0.1308821365237236,0.0,0.0,0.0,30.5,1.5,11.0,10.0,30.5,1.5,11.0,10.0,300.0,15.0,7.333333333333333,30.0
5.3125,x,gym_env,-0.32641276717185974,1.6345333018943226e-13,1.0026848316192627,0.022347085177898407,1.4486941377414575e-13,-0.01071665994822979,-9.48432362512944e-15,0.2850826680660248,2.019232102080633e-15,-0.20000004768371582,0.0,1.0,0.0,0.0,0.0,14995.0556640625,14135.85546875,14135.85546875,14995.0556640625,-0.14115793853998185,0.0,0.0,0.0,30.5,1.5,11.0,10.0,30.5,1.5,11.0,10.0,300.0,15.0,7.333333333333333,30.0
5.333333333333333,x,gym_env,-0.3252236843109131,1.6649588608849686e-13,1.0023949146270752,0.07967150956392288,1.468244471315716e-13,-0.015885043889284134,-9.465276395244533e-15,0.26029378175735474,2.2915146546237906e-15,-0.20000004768371582,0.0,1.0,0.0,0.0,0.0,14150.3896484375,15009.58984375,15009.58984375,14150.3896484375,-0.14929885864257814,0.0,0.0,0.0,30.5,1.5,11.0,10.0,30.5,1.5,11.0,10.0,300.0,15.0,7.333333333333333,30.0
5.354166666666666,x,gym_env,-0.32290107011795044,1.6957914022661114e-13,1.0020195245742798,0.13198918104171753,1.4877526565305194e-13,-0.019262144342064857,-9.460809143480714e-15,0.23830808699131012,2.5342478275272714e-15,-0.20000004768371582,0.0,1.0,0.0,0.0,0.0,14775.666015625,14395.841796875,14395.841796875,14775.666015625,-0.15555780827999116,0.0,0.0,0.0,30.5,1.5,11.0,10.0,30.5,1.5,11.0,10.0,300.0,15.0,7.333333333333333,30.0
5.375,x,gym_env,-0.31954407691955566,1.7270292997344922e-13,1.0015878677368164,0.18006889522075653,1.5071944343622579e-13,-0.021566880866885185,-9.466743456309178e-15,0.21820533275604248,2.7575161833028484e-15,-0.20000004768371582,0.0,1.0,0.0,0.0,0.0,15018.919921875,14159.7197265625,14159.7197265625,15018.919921875,-0.15998015701770782,0.0,0.0,0.0,30.5,1.5,11.0,10.0,30.5,1.5,11.0,10.0,300.0,15.0,7.333333333333333,30.0
5.395833333333333,x,gym_env,-0.31523799896240234,1.7586717401384816e-13,1.0011234283447266,0.2237110286951065,1.5265809178831996e-13,-0.02262258529663086,-9.456155544468499e-15,0.1874619573354721,3.0822169462703646e-15,-0.20000004768371582,0.0,1.0,0.0,0.0,0.0,14174.6943359375,15033.89453125,15033.89453125,14174.6943359375,-0.16230159401893615,0.0,0.0,0.0,30.5,1.5,11.0,10.0,30.5,1.5,11.0,10.0,300.0,15.0,7.333333333333333,30.0
5.416666666666666,x,gym_env,-0.31010013818740845,1.7907168261242778e-13,1.0006580352783203,0.26100751757621765,1.5458611495912378e-13,-0.02198869176208973,-9.45976136372496e-15,0.1595451682806015,3.377693166733476e-15,-0.20000004768371582,0.0,1.0,0.0,0.0,0.0,14646.3173828125,14567.5625,14567.5625,14646.3173828125,-0.16282376050949096,0.0,0.0,0.0,30.5,1.5,11.0,10.0,30.5,1.5,11.0,10.0,300.0,15.0,7.333333333333333,30.0
5.4375,x,gym_env,-0.30425676703453064,1.8231617116611781e-13,1.0002169609069824,0.29283520579338074,1.5650036876233703e-13,-0.02053460292518139,-9.480357816870396e-15,0.13642381131649017,3.626442391144831e-15,-0.20000004768371582,0.0,1.0,0.0,0.0,0.0,15031.5205078125,14172.3203125,14172.3203125,15031.5205078125,-0.1617335915565491,0.0,0.0,0.0,30.5,1.5,11.0,10.0,30.5,1.5,11.0,10.0,300.0,15.0,7.333333333333333,30.0
5.458333333333333,x,gym_env,-0.29781174659729004,1.8560039572942943e-13,0.9998154640197754,0.31960946321487427,1.584031435750491e-13,-0.01832730323076248,-9.498290351396717e-15,0.10458628833293915,3.957938052415221e-15,-0.20000004768371582,0.0,1.0,0.0,0.0,0.0,14230.734375,14984.6083984375,14984.6083984375,14230.734375,-0.15881935358047486,0.0,0.0,0.0,30.5,1.5,11.0,10.0,30.5,1.5,11.0,10.0,300.0,15.0,7.333333333333333,30.0
5.479166666666666,x,gym_env,-0.2908911406993866,1.8892405814676522e-13,0.9994711875915527,0.3396413028240204,1.6028801549938798e-13,-0.015231706202030182,-9.52941627110947e-15,0.07456428557634354,4.2716100228930125e-15,-0.20000004768371582,0.0,1.0,0.0,0.0,0.0,14361.9814453125,14848.19921875,14848.19921875,14361.9814453125,-0.15439804792404177,0.0,0.0,0.0,30.5,1.5,11.0,10.0,30.5,1.5,11.0,10.0,300.0,15.0,7.333333333333333,30.0
