time,axis,backend,x,y,z,vx,vy,vz,roll,pitch,yaw,target_x,target_y,target_z,target_vx,target_vy,target_vz,rpm0,rpm1,rpm2,rpm3,reward,disturbance_x,disturbance_y,disturbance_z,x_b0,x_omega_c,x_k,y_b0,y_omega_c,y_k,z_b0,z_omega_c,z_k
0.0,x,gym_env,0.0,0.0,1.0,0.0,0.0,0.0,0.0,-0.0,0.0,0.0,0.0,1.0,0.0,0.0,0.0,14468.4287109375,14468.4287109375,14468.4287109375,14468.4287109375,-8.13474296875,0.0,0.0,0.0,25.925,1.4662499999999998,14.168,30.5,1.5,11.0,300.0,15.0,7.333333333333333
0.020833333333333332,x,gym_env,0.0,0.0,1.0,0.0,0.0,-1.3332407178268113e-08,0.0,-0.0,0.0,0.0,0.0,1.0,0.0,0.0,0.0,14468.4296875,14468.4296875,14468.4296875,14468.4296875,-7.8125e-07,0.0,0.0,0.0,25.925,1.4662499999999998,14.168,30.5,1.5,11.0,300.0,15.0,7.333333333333333
0.041666666666666664,x,gym_env,0.0,0.0,1.0,0.0,0.0,8.980127197411036e-10,0.0,-0.0,0.0,0.0,0.0,1.0,0.0,0.0,0.0,14468.4287109375,14468.4287109375,14468.4287109375,14468.4287109375,-7.8125e-07,0.0,0.0,0.0,25.925,1.4662499999999998,14.168,30.5,1.5,11.0,300.0,15.0,7.333333333333333
0.0625,x,gym_env,0.0,0.0,1.0,0.0,0.0,-1.2435142693334456e-08,0.0,-0.0,0.0,0.0,0.0,1.0,0.0,0.0,0.0,14468.4296875,14468.4296875,14468.4296875,14468.4296875,-7.8125e-07,0.0,0.0,0.0,25.925,1.4662499999999998,14.168,30.5,1.5,11.0,300.0,15.0,7.333333333333333
0.08333333333333333,x,gym_env,0.0,0.0,1.0,0.0,0.0,1.7945298580457347e-09,0.0,-0.0,0.0,0.0,0.0,1.0,0.0,0.0,0.0,14468.4287109375,14468.4287109375,14468.4287109375,14468.4287109375,-7.8125e-07,0.0,0.0,0.0,25.925,1.4662499999999998,14.168,30.5,1.5,11.0,300.0,15.0,7.333333333333333
0.10416666666666666,x,gym_env,0.0,0.0,1.0,0.0,0.0,-1.1539372124502734e-08,0.0,-0.0,0.0,0.0,0.0,1.0,0.4000000059604645,0.0,0.0,14468.4296875,14468.4296875,14468.4296875,14468.4296875,-0.06000078214406967,0.0,0.0,0.0,25.925,1.4662499999999998,14.168,30.5,1.5,11.0,300.0,15.0,7.333333333333333
0.125,x,gym_env,0.0,0.0,1.0,0.0,0.0,2.6895539129156987e-09,0.0,-0.0,0.0,0.008333333767950535,0.0,1.0,0.4000000059604645,0.0,0.0,14328.94140625,14607.9169921875,14607.9169921875,14328.94140625,-0.17991226781010627,0.0,0.0,0.0,25.925,1.4662499999999998,14.168,30.5,1.5,11.0,300.0,15.0,7.333333333333333
0.14583333333333331,x,gym_env,4.520825882536883e-07,4.575448155000872e-23,1.000000238418579,7.233071664813906e-05,1.0981075471027897e-20,1.894376691780053e-05,-8.067006028631921e-19,0.0026566029991954565,-1.3759452767868124e-21,0.01666666753590107,0.0,1.0,0.4000000059604645,0.0,0.0,14507.2236328125,14429.7724609375,14429.7724609375,14507.2236328125,-0.21911174321770668,0.0,0.0,0.0,25.925,1.4662499999999998,14.168,30.5,1.5,11.0,300.0,15.0,7.333333333333333
0.16666666666666666,x,gym_env,9.364086508867331e-06,2.3785414935765004e-21,1.0000007152557373,0.000775110675022006,1.9758224812018858e-19,2.0988290998502634e-05,-1.8823272388419945e-18,0.006343514658510685,-7.444189304451098e-21,0.02500000037252903,0.0,1.0,0.4000000059604645,0.0,0.0,14470.8408203125,14468.0,14468.0,14470.8408203125,-0.11447206734716893,0.0,0.0,0.0,25.925,1.4662499999999998,14.168,30.5,1.5,11.0,300.0,15.0,7.333333333333333
0.1875,x,gym_env,4.223042196827009e-05,1.2257020952936548e-20,1.0000014305114746,0.0021989697124809027,7.683184401637542e-19,4.388605884741992e-05,-6.7226353909710585e-18,0.009508265182375908,-2.214088980902687e-20,0.03333333507180214,0.0,1.0,0.4000000059604645,0.0,0.0,14220.9892578125,14720.0419921875,14720.0419921875,14220.9892578125,-0.29331760215163233,0.0,0.0,0.0,25.925,1.4662499999999998,14.168,30.5,1.5,11.0,300.0,15.0,7.333333333333333
0.20833333333333331,x,gym_env,0.00011363804514985532,4.6333691600371024e-20,1.000003695487976,0.004396781791001558,2.3602372483942535e-18,0.0001513211173005402,-1.2101674695527334e-17,0.01740455999970436,-9.826485624475157e-20,0.0416666679084301,0.0,1.0,0.4000000059604645,0.0,0.0,14736.0439453125,14208.7314453125,14208.7314453125,14736.0439453125,-0.5107226143956185,0.0,0.0,0.0,25.925,1.4662499999999998,14.168,30.5,1.5,11.0,300.0,15.0,7.333333333333333
0.22916666666666666,x,gym_env,0.00025066337548196316,1.2775459471469713e-19,1.0000087022781372,0.008263233117759228,5.115695603202056e-18,0.0002933971700258553,-1.882591440329644e-17,0.023436205461621284,-1.8340478601133596e-19,0.05000000074505806,0.0,1.0,0.4000000059604645,0.0,0.0,14370.921875,14577.20703125,14577.20703125,14370.921875,-0.40097479429245,0.0,0.0,0.0,25.925,1.4662499999999998,14.168,30.5,1.5,11.0,300.0,15.0,7.333333333333333
0.25,x,gym_env,0.00048335958854295313,2.830280925417498e-19,1.000016212463379,0.013206053525209427,9.164798881979248e-18,0.0004024498048238456,-2.4475329685184553e-17,0.02807939611375332,-2.8126601689125286e-19,0.05833333358168602,0.0,1.0,0.4000000059604645,0.0,0.0,14055.78515625,14896.7431640625,14896.7431640625,14055.78515625,-0.36846030327677726,0.0,0.0,0.0,25.925,1.4662499999999998,14.168,30.5,1.5,11.0,300.0,15.0,7.333333333333333
0.2708333333333333,x,gym_env,0.0008324984810315073,5.3760489432443195e-19,1.000028371810913,0.01939782127737999,1.444628257304255e-17,0.000700662552844733,-3.1480518806465457e-17,0.042038410902023315,-6.719435235976244e-19,0.06666667014360428,0.0,1.0,0.4000000059604645,0.0,0.0,14909.60546875,14050.4052734375,14050.4052734375,14909.60546875,-0.801102373790741,0.0,0.0,0.0,25.925,1.4662499999999998,14.168,30.5,1.5,11.0,300.0,15.0,7.333333333333333
0.29166666666666663,x,gym_env,0.0013457981403917074,9.20010026218602e-19,1.000046968460083,0.0285451989620924,2.114394248618849e-17,0.0009994959691539407,-3.822046584688633e-17,0.05312810838222504,-1.0380184041399844e-18,0.07500000298023224,0.0,1.0,0.4000000059604645,0.0,0.0,14912.287109375,14053.0869140625,14053.0869140625,14912.287109375,-0.12916024602651596,0.0,0.0,0.0,25.925,1.4662499999999998,14.168,30.5,1.5,11.0,300.0,15.0,7.333333333333333
0.3125,x,gym_env,0.002075624419376254,1.4590860095636713e-18,1.000071406364441,0.039396293461322784,2.921265426464107e-17,0.0012918369611725211,-4.4398677842044895e-17,0.050558507442474365,-9.133850332950883e-19,0.0833333358168602,0.0,1.0,0.4000000059604645,0.0,0.0,14049.8232421875,14909.0234375,14909.0234375,14049.8232421875,-0.8202288261771202,0.0,0.0,0.0,25.925,1.4662499999999998,14.168,30.5,1.5,11.0,300.0,15.0,7.333333333333333
0.3333333333333333,x,gym_env,0.0030252349097281694,2.1814448473279073e-18,1.0001012086868286,0.04959623143076897,3.8415329746869123e-17,0.0015246557304635644,-4.708758062438122e-17,0.050721682608127594,-9.113837732005928e-19,0.09166666865348816,0.0,1.0,0.4000000059604645,0.0,0.0,14047.744140625,14906.9443359375,14906.9443359375,14047.744140625,-0.14008379154205322,0.0,0.0,0.0,25.925,1.4662499999999998,14.168,30.5,1.5,11.0,300.0,15.0,7.333333333333333
0.35416666666666663,x,gym_env,0.0041899303905665874,3.102307593360475e-18,1.0001349449157715,0.06037485972046852,4.812336295253032e-17,0.0016675324877724051,-5.008362880304829e-17,0.06452689319849014,-1.5729130928861746e-18,0.10000000149011612,0.0,1.0,0.4000000059604645,0.0,0.0,14912.326171875,14053.1259765625,14053.1259765625,14912.326171875,-0.8306338480830193,0.0,0.0,0.0,25.925,1.4662499999999998,14.168,30.5,1.5,11.0,300.0,15.0,7.333333333333333
0.375,x,gym_env,0.005613946821540594,4.232784110468574e-18,1.000171422958374,0.07408243417739868,5.844199110787611e-17,0.0017845002003014088,-5.442514580503696e-17,0.07557772845029831,-2.1314785888363354e-18,0.10833333432674408,0.0,1.0,0.4000000059604645,0.0,0.0,14916.0224609375,14056.822265625,14056.822265625,14916.0224609375,-0.15051858735084533,0.0,0.0,0.0,25.925,1.4662499999999998,14.168,30.5,1.5,11.0,300.0,15.0,7.333333333333333
0.3958333333333333,x,gym_env,0.0073493546806275845,5.589508793975493e-18,1.000209927558899,0.08948279917240143,6.972200165835554e-17,0.001885786303319037,-5.979145355919512e-17,0.07296616584062576,-1.9741275364279763e-18,0.11666666716337204,0.0,1.0,0.4000000059604645,0.0,0.0,14053.8818359375,14913.08203125,14913.08203125,14053.8818359375,-0.8389950967550278,0.0,0.0,0.0,25.925,1.4662499999999998,14.168,30.5,1.5,11.0,300.0,15.0,7.333333333333333
0.41666666666666663,x,gym_env,0.00939913745969534,7.194492713186114e-18,1.000249981880188,0.10421724617481232,8.204443845166408e-17,0.001951832789927721,-6.328776733744446e-17,0.07308832556009293,-1.9826590772658483e-18,0.125,0.0,1.0,0.4000000059604645,0.0,0.0,14051.357421875,14910.556640625,14910.556640625,14051.357421875,-0.15733455810546876,0.0,0.0,0.0,25.925,1.4662499999999998,14.168,30.5,1.5,11.0,300.0,15.0,7.333333333333333
0.4375,x,gym_env,0.011758272536098957,9.064739806362384e-18,1.0002902746200562,0.11951392143964767,9.4976255893518e-17,0.0019029577961191535,-6.658590849326079e-17,0.08685613423585892,-2.874972718431914e-18,0.13333334028720856,0.0,1.0,0.4000000059604645,0.0,0.0,14913.83984375,14054.6396484375,14054.6396484375,14913.83984375,-0.8455643270969391,0.0,0.0,0.0,25.925,1.4662499999999998,14.168,30.5,1.5,11.0,300.0,15.0,7.333333333333333
0.4583333333333333,x,gym_env,0.014470626600086689,1.1212892288396257e-17,1.0003279447555542,0.1377210021018982,1.0866372598599625e-16,0.0017041839892044663,-7.042040017570141e-17,0.09787014126777649,-3.6324925224939415e-18,0.14166666567325592,0.0,1.0,0.4000000059604645,0.0,0.0,14915.8828125,14056.6826171875,14056.6826171875,14915.8828125,-0.16207286491394043,0.0,0.0,0.0,25.925,1.4662499999999998,14.168,30.5,1.5,11.0,300.0,15.0,7.333333333333333
0.47916666666666663,x,gym_env,0.017587870359420776,1.3656172059641087e-17,1.0003597736358643,0.15760204195976257,1.231498290337271e-16,0.0014061760157346725,-7.685466758383699e-17,0.09522131085395813,-3.432141519917779e-18,0.15000000596046448,0.0,1.0,0.4000000059604645,0.0,0.0,14054.78125,14913.9814453125,14913.9814453125,14054.78125,-0.8497267096459866,0.0,0.0,0.0,25.925,1.4662499999999998,14.168,30.5,1.5,11.0,300.0,15.0,7.333333333333333
0.5,x,gym_env,0.021112684160470963,1.6417538345178896e-17,1.0003852844238281,0.17680515348911285,1.3902773956269479e-16,0.0011177487904205918,-8.411654573844412e-17,0.09530680626630783,-3.449000081187069e-18,0.15833333134651184,0.0,1.0,0.4000000059604645,0.0,0.0,14256.4013671875,14706.5205078125,14706.5205078125,14256.4013671875,-0.32746173807382584,0.0,0.0,0.0,25.925,1.4662499999999998,14.168,30.5,1.5,11.0,300.0,15.0,7.333333333333333
0.5208333333333333,x,gym_env,0.025038912892341614,1.952717992864542e-17,1.0004019737243652,0.19643402099609375,1.5621131167518556e-16,0.0005722439964301884,-8.796621783948631e-17,0.10514037311077118,-4.29905699396571e-18,0.1666666716337204,0.0,1.0,0.4000000059604645,0.0,0.0,14911.1962890625,14051.9970703125,14051.9970703125,14911.1962890625,-0.6882949335098267,0.0,0.0,0.0,25.925,1.4662499999999998,14.168,30.5,1.5,11.0,300.0,15.0,7.333333333333333
0.5416666666666666,x,gym_env,0.029398074373602867,2.3003972244438505e-17,1.0004066228866577,0.21800675988197327,1.7407200721966735e-16,-3.867142368108034e-05,-9.069764763147521e-17,0.10963182151317596,-4.6949956795606486e-18,0.17499999701976776,0.0,1.0,0.4000000059604645,0.0,0.0,14910.1396484375,14050.9404296875,14050.9404296875,14910.1396484375,-0.16564361023306848,0.0,0.0,0.0,25.925,1.4662499999999998,14.168,30.5,1.5,11.0,300.0,15.0,7.333333333333333
0.5625,x,gym_env,0.03421541675925255,2.6858850620256103e-17,1.0003970861434937,0.23990853130817413,1.9239141080975674e-16,-0.0007168572628870606,-9.275996109980262e-17,0.10047274827957153,-3.847243085173427e-18,0.18333333730697632,0.0,1.0,0.4000000059604645,0.0,0.0,14051.7197265625,14910.919921875,14910.919921875,14051.7197265625,-0.8522555430293084,0.0,0.0,0.0,25.925,1.4662499999999998,14.168,30.5,1.5,11.0,300.0,15.0,7.333333333333333
0.5833333333333333,x,gym_env,0.039465904235839844,3.110132597878135e-17,1.0003762245178223,0.25981104373931885,2.1121587102953632e-16,-0.0011680241441354156,-9.538994546146802e-17,0.09405754506587982,-3.2394489690429386e-18,0.19166666269302368,0.0,1.0,0.4000000059604645,0.0,0.0,14316.8076171875,14641.958984375,14641.958984375,14316.8076171875,-0.37835351780653004,0.0,0.0,0.0,25.925,1.4662499999999998,14.168,30.5,1.5,11.0,300.0,15.0,7.333333333333333
0.6041666666666666,x,gym_env,0.04511559009552002,3.5742603308591884e-17,1.0003447532653809,0.27878057956695557,2.305616535585713e-16,-0.0017397250048816204,-9.944274003372873e-17,0.09620524197816849,-3.4426363739395455e-18,0.20000000298023224,0.0,1.0,0.4000000059604645,0.0,0.0,14907.697265625,14048.498046875,14048.498046875,14907.697265625,-0.6378638470172882,0.0,0.0,0.0,25.925,1.4662499999999998,14.168,30.5,1.5,11.0,300.0,15.0,7.333333333333333
0.625,x,gym_env,0.05116473510861397,4.0797331978336025e-17,1.0003024339675903,0.2980777323246002,2.5082839912928814e-16,-0.0022260101977735758,-1.0585651321500769e-16,0.0922287181019783,-3.019550034230923e-18,0.2083333432674408,0.0,1.0,0.4000000059604645,0.0,0.0,14908.0751953125,14048.875,14048.875,14908.0751953125,-0.16363447355031968,0.0,0.0,0.0,25.925,1.4662499999999998,14.168,30.5,1.5,11.0,300.0,15.0,7.333333333333333
0.6458333333333333,x,gym_env,0.05760315805673599,4.629042335934142e-17,1.000251293182373,0.31598448753356934,2.7237244391468485e-16,-0.002575784921646118,-1.110743552841024e-16,0.07461564242839813,-1.0961559663126614e-18,0.21666666865348816,0.0,1.0,0.4000000059604645,0.0,0.0,14054.4501953125,14913.650390625,14913.650390625,14054.4501953125,-0.8501301503896713,0.0,0.0,0.0,25.925,1.4662499999999998,14.168,30.5,1.5,11.0,300.0,15.0,7.333333333333333
0.6666666666666666,x,gym_env,0.0643700659275055,5.22458326021476e-17,1.000198483467102,0.3301773965358734,2.9499097646345325e-16,-0.002472207648679614,-1.1714605950358863e-16,0.059765540063381195,5.881704451697985e-19,0.22500000894069672,0.0,1.0,0.4000000059604645,0.0,0.0,14054.7607421875,14913.9609375,14913.9609375,14054.7607421875,-0.1625700214266777,0.0,0.0,0.0,25.925,1.4662499999999998,14.168,30.5,1.5,11.0,300.0,15.0,7.333333333333333
0.6875,x,gym_env,0.0713968351483345,5.868869607120883e-17,1.0001503229141235,0.3418772220611572,3.1899186678214066e-16,-0.0021960849408060312,-1.26280528981228e-16,0.05858270823955536,7.251420420315356e-19,0.23333333432674408,0.0,1.0,0.4000000059604645,0.0,0.0,14908.3056640625,14049.1064453125,14049.1064453125,14908.3056640625,-0.8490163360595704,0.0,0.0,0.0,25.925,1.4662499999999998,14.168,30.5,1.5,11.0,300.0,15.0,7.333333333333333
0.7083333333333333,x,gym_env,0.07866354286670685,6.56547545864323e-17,1.0001060962677002,0.35342147946357727,3.4491298079225357e-16,-0.002071783412247896,-1.3862001231260005e-16,0.054672256112098694,1.2532296030230855e-18,0.24166667461395264,0.0,1.0,0.4000000059604645,0.0,0.0,14906.908203125,14047.7080078125,14047.7080078125,14906.908203125,-0.16208813529014587,0.0,0.0,0.0,25.925,1.4662499999999998,14.168,30.5,1.5,11.0,300.0,15.0,7.333333333333333
0.7291666666666666,x,gym_env,0.08615822345018387,7.319290444818724e-17,1.0000646114349365,0.3635912239551544,3.7354444141490264e-16,-0.0019137937342748046,-1.5463616126553759e-16,0.037125568836927414,3.830017876097623e-18,0.25,0.0,1.0,0.4000000059604645,0.0,0.0,14052.4638671875,14911.6640625,14911.6640625,14052.4638671875,-0.8480314663767815,0.0,0.0,0.0,25.925,1.4662499999999998,14.168,30.5,1.5,11.0,300.0,15.0,7.333333333333333
0.75,x,gym_env,0.09382031112909317,8.136848630742045e-17,1.0000301599502563,0.3700559139251709,4.05450054955604e-16,-0.0014654673868790269,-1.7096822703802138e-16,0.02234102040529251,6.221176996945487e-18,0.25833332538604736,0.0,1.0,0.4000000059604645,0.0,0.0,14051.8974609375,14911.09765625,14911.09765625,14051.8974609375,-0.1610979870557785,0.0,0.0,0.0,25.925,1.4662499999999998,14.168,30.5,1.5,11.0,300.0,15.0,7.333333333333333
0.7708333333333333,x,gym_env,0.10158147662878036,9.025050026210865e-17,1.000005841255188,0.37404653429985046,4.4072468910445013e-16,-0.0009629037231206894,-1.8898003855424925e-16,0.02122127078473568,6.426208187427474e-18,0.2666666805744171,0.0,1.0,0.4000000059604645,0.0,0.0,14905.1396484375,14045.939453125,14045.939453125,14905.1396484375,-0.8479178912162781,0.0,0.0,0.0,25.925,1.4662499999999998,14.168,30.5,1.5,11.0,300.0,15.0,7.333333333333333
0.7916666666666666,x,gym_env,0.10942234098911285,9.991245950765064e-17,0.9999900460243225,0.37791070342063904,4.796329357783396e-16,-0.0006263471441343427,-2.0563645177108244e-16,0.017374536022543907,7.22049265419988e-18,0.2750000059604645,0.0,1.0,0.4000000059604645,0.0,0.0,14794.3740234375,14151.21484375,14151.21484375,14794.3740234375,-0.24701277247667314,0.0,0.0,0.0,25.925,1.4662499999999998,14.168,30.5,1.5,11.0,300.0,15.0,7.333333333333333
0.8125,x,gym_env,0.11733180284500122,1.1042527658359938e-16,0.9999794363975525,0.3804789185523987,5.215977537819554e-16,-0.0004249780613463372,-2.1770563894805175e-16,0.0019524877425283194,1.0478947338587144e-17,0.28333333134651184,0.0,1.0,0.4000000059604645,0.0,0.0,14044.818359375,14904.0185546875,14904.0185546875,14044.818359375,-0.7620410321712494,0.0,0.0,0.0,25.925,1.4662499999999998,14.168,30.5,1.5,11.0,300.0,15.0,7.333333333333333
0.8333333333333333,x,gym_env,0.12525604665279388,1.2184305571946073e-16,0.9999749064445496,0.37986668944358826,5.660272259038444e-16,-7.761845336062834e-05,-2.3169781590841494e-16,-0.009344336576759815,1.298671493756722e-17,0.2916666567325592,0.0,1.0,0.4000000059604645,0.0,0.0,14041.7685546875,14900.96875,14900.96875,14041.7685546875,-0.16433963242769242,0.0,0.0,0.0,25.925,1.4662499999999998,14.168,30.5,1.5,11.0,300.0,15.0,7.333333333333333
0.8541666666666666,x,gym_env,0.13314101099967957,1.342217672642025e-16,0.9999765157699585,0.37750571966171265,6.133888613913318e-16,0.00017620588187128305,-2.4782714963892934e-16,-0.006990085355937481,1.2418492314760656e-17,0.30000001192092896,0.0,1.0,0.4000000059604645,0.0,0.0,14896.9013671875,14037.701171875,14037.701171875,14896.9013671875,-0.8500165662884712,0.0,0.0,0.0,25.925,1.4662499999999998,14.168,30.5,1.5,11.0,300.0,15.0,7.333333333333333
0.875,x,gym_env,0.14098238945007324,1.4762657981520403e-16,0.9999819397926331,0.3757414221763611,6.638188737302479e-16,0.00031963002402335405,-2.599284446585555e-16,-0.00736576970666647,1.2534706227740681e-17,0.3083333373069763,0.0,1.0,0.4000000059604645,0.0,0.0,14432.4091796875,14497.1220703125,14497.1220703125,14432.4091796875,-0.5330751531243324,0.0,0.0,0.0,25.925,1.4662499999999998,14.168,30.5,1.5,11.0,300.0,15.0,7.333333333333333
0.8958333333333333,x,gym_env,0.1487852782011032,1.6211098879704037e-16,0.9999872446060181,0.37358760833740234,7.164717652205553e-16,0.00020942020637448877,-2.7016039090315064e-16,-0.012577091343700886,1.391357494983595e-17,0.3166666626930237,0.0,1.0,0.4000000059604645,0.0,0.0,14035.7099609375,14894.9091796875,14894.9091796875,14035.7099609375,-0.4823367637038231,0.0,0.0,0.0,25.925,1.4662499999999998,14.168,30.5,1.5,11.0,300.0,15.0,7.333333333333333
0.9166666666666666,x,gym_env,0.15653148293495178,1.7771757085020086e-16,0.9999925494194031,0.37061965465545654,7.711152370764695e-16,0.00028526727692224085,-2.7821726241831514e-16,-0.009192573837935925,1.2985284742288116e-17,0.32500001788139343,0.0,1.0,0.4000000059604645,0.0,0.0,14578.4833984375,14349.1171875,14349.1171875,14578.4833984375,-0.6009076021671296,0.0,0.0,0.0,25.925,1.4662499999999998,14.168,30.5,1.5,11.0,300.0,15.0,7.333333333333333
0.9375,x,gym_env,0.16422513127326965,1.9448217929115598e-16,0.9999969005584717,0.3686230480670929,8.273319667527902e-16,0.00016064324881881475,-2.884245388283215e-16,-0.0025441681500524282,1.1119361322173661e-17,0.3333333432674408,0.0,1.0,0.4000000059604645,0.0,0.0,14895.462890625,14036.2626953125,14036.2626953125,14895.462890625,-0.4182235252857208,0.0,0.0,0.0,25.925,1.4662499999999998,14.168,30.5,1.5,11.0,300.0,15.0,7.333333333333333
0.9583333333333333,x,gym_env,0.17189252376556396,2.124447040777655e-16,1.0000015497207642,0.3676725924015045,8.857683992069499e-16,0.0002672673435881734,-3.0052858670502624e-16,-0.005538128782063723,1.2011405302460034e-17,0.34166666865348816,0.0,1.0,0.4000000059604645,0.0,0.0,14033.9033203125,14893.103515625,14893.103515625,14033.9033203125,-0.8545936650753021,0.0,0.0,0.0,25.925,1.4662499999999998,14.168,30.5,1.5,11.0,300.0,15.0,7.333333333333333
0.9791666666666666,x,gym_env,0.1795329600572586,2.316548025165622e-16,1.0000076293945312,0.36600133776664734,9.466360809175255e-16,0.00030393118504434824,-3.134361512113201e-16,-0.0058014774695038795,1.2081863719856689e-17,0.3499999940395355,0.0,1.0,0.4000000059604645,0.0,0.0,14032.8447265625,14892.044921875,14892.044921875,14032.8447265625,-0.16898127077817918,0.0,0.0,0.0,25.925,1.4662499999999998,14.168,30.5,1.5,11.0,300.0,15.0,7.333333333333333
1.0,x,gym_env,0.18714025616645813,2.521643289057858e-16,1.000014066696167,0.36483561992645264,1.0099898043282925e-15,0.00031262164702638984,-3.263472891378602e-16,0.007563361432403326,7.823888651013425e-18,0.3583333492279053,0.0,1.0,0.4000000059604645,0.0,0.0,14894.99609375,14035.7958984375,14035.7958984375,14894.99609375,-0.8559600672841072,0.0,0.0,0.0,25.925,1.4662499999999998,14.168,30.5,1.5,11.0,300.0,15.0,7.333333333333333
1.0208333333333333,x,gym_env,0.19475692510604858,2.740267257304521e-16,1.0000216960906982,0.3665100932121277,1.0760247046544746e-15,0.00039414764614775777,-3.390308928389441e-16,0.01817888766527176,4.3109353075619716e-18,0.36666667461395264,0.0,1.0,0.4000000059604645,0.0,0.0,14896.3291015625,14037.12890625,14037.12890625,14896.3291015625,-0.16983101534843445,0.0,0.0,0.0,25.925,1.4662499999999998,14.168,30.5,1.5,11.0,300.0,15.0,7.333333333333333
1.0416666666666665,x,gym_env,0.20243322849273682,2.9729665308543866e-16,1.0000311136245728,0.36979225277900696,1.1445850337128954e-15,0.0004921089275740087,-3.5165168375303317e-16,0.015150274150073528,5.36031028112685e-18,0.375,0.0,1.0,0.4000000059604645,0.0,0.0,14035.203125,14894.4033203125,14894.4033203125,14035.203125,-0.8563387028098106,0.0,0.0,0.0,25.925,1.4662499999999998,14.168,30.5,1.5,11.0,300.0,15.0,7.333333333333333
1.0625,x,gym_env,0.21017056703567505,3.2202588585964636e-16,1.0000419616699219,0.37233924865722656,1.2156111815598918e-15,0.0005474177305586636,-3.642886477024589e-16,0.014852723106741905,5.445566132501465e-18,0.38333332538604736,0.0,1.0,0.4000000059604645,0.0,0.0,14034.16015625,14893.3603515625,14893.3603515625,14034.16015625,-0.16989850786924363,0.0,0.0,0.0,25.925,1.4662499999999998,14.168,30.5,1.5,11.0,300.0,15.0,7.333333333333333
1.0833333333333333,x,gym_env,0.21796247363090515,3.4826627835131494e-16,1.0000536441802979,0.3753781318664551,1.28919113374286e-15,0.0005648935330100358,-3.7918496615956703e-16,0.028184639289975166,4.887969471843757e-19,0.3916666805744171,0.0,1.0,0.4000000059604645,0.0,0.0,14895.5947265625,14036.39453125,14036.39453125,14895.5947265625,-0.8559888548374176,0.0,0.0,0.0,25.925,1.4662499999999998,14.168,30.5,1.5,11.0,300.0,15.0,7.333333333333333
1.1041666666666665,x,gym_env,0.22585120797157288,3.760773610947686e-16,1.000065803527832,0.3812451660633087,1.3658736617325022e-15,0.0005765634123235941,-3.9572484617170374e-16,0.03876746445894241,-3.598936286584503e-18,0.4000000059604645,0.0,1.0,0.4000000059604645,0.0,0.0,14896.279296875,14037.0791015625,14037.0791015625,14896.279296875,-0.16835495216846466,0.0,0.0,0.0,25.925,1.4662499999999998,14.168,30.5,1.5,11.0,300.0,15.0,7.333333333333333
1.125,x,gym_env,0.2338867485523224,4.0552708201424493e-16,1.000077486038208,0.38870641589164734,1.4458806881609992e-15,0.0005535194068215787,-4.15308724368256e-16,0.03570599481463432,-2.3690365889554395e-18,0.40833333134651184,0.0,1.0,0.4000000059604645,0.0,0.0,14035.9619140625,14895.162109375,14895.162109375,14035.9619140625,-0.8543103016138077,0.0,0.0,0.0,25.925,1.4662499999999998,14.168,30.5,1.5,11.0,300.0,15.0,7.333333333333333
1.1458333333333333,x,gym_env,0.2420702427625656,4.366915681958784e-16,1.0000885725021362,0.3954196274280548,1.5297507142245678e-15,0.0005260247853584588,-4.352038607031446e-16,0.03537607565522194,-2.274055368323885e-18,0.4166666865348816,0.0,1.0,0.4000000059604645,0.0,0.0,14293.427734375,14635.208984375,14635.208984375,14293.427734375,-0.373610929441452,0.0,0.0,0.0,25.925,1.4662499999999998,14.168,30.5,1.5,11.0,300.0,15.0,7.333333333333333
1.1666666666666665,x,gym_env,0.2503940165042877,4.696528759564342e-16,1.0000967979431152,0.4024712145328522,1.6176704048089592e-15,0.00029918967629782856,-4.582091961412326e-16,0.043751370161771774,-6.034369008948349e-18,0.42500001192092896,0.0,1.0,0.4000000059604645,0.0,0.0,14895.3017578125,14036.1015625,14036.1015625,14895.3017578125,-0.6481781988143921,0.0,0.0,0.0,25.925,1.4662499999999998,14.168,30.5,1.5,11.0,300.0,15.0,7.333333333333333
1.1875,x,gym_env,0.258884996175766,5.045047877250412e-16,1.000101923942566,0.4111373722553253,1.7104066423687938e-15,0.0001968914148164913,-4.854181178685273e-16,0.046105191111564636,-7.149100349891654e-18,0.4333333373069763,0.0,1.0,0.4000000059604645,0.0,0.0,14894.384765625,14035.1845703125,14035.1845703125,14894.384765625,-0.1694638377904892,0.0,0.0,0.0,25.925,1.4662499999999998,14.168,30.5,1.5,11.0,300.0,15.0,7.333333333333333
1.2083333333333333,x,gym_env,0.2675600051879883,5.413554854909316e-16,1.000104308128357,0.41971275210380554,1.8084663761230033e-15,7.22026452422142e-05,-5.107383678816817e-16,0.03482598438858986,-1.5755195389963292e-18,0.4416666626930237,0.0,1.0,0.4000000059604645,0.0,0.0,14035.6689453125,14894.869140625,14894.869140625,14035.6689453125,-0.8565211988210678,0.0,0.0,0.0,25.925,1.4662499999999998,14.168,30.5,1.5,11.0,300.0,15.0,7.333333333333333
1.2291666666666665,x,gym_env,0.27638524770736694,5.803127541966434e-16,1.0001055002212524,0.42586418986320496,1.9115956020665298e-15,5.328247061697766e-05,-5.356123903503106e-16,0.026291171088814735,2.8016787258954278e-18,0.45000001788139343,0.0,1.0,0.4000000059604645,0.0,0.0,14034.9365234375,14894.13671875,14894.13671875,14034.9365234375,-0.16989011466503143,0.0,0.0,0.0,25.925,1.4662499999999998,14.168,30.5,1.5,11.0,300.0,15.0,7.333333333333333
1.25,x,gym_env,0.2853190302848816,6.214801436199785e-16,1.0001065731048584,0.4308212697505951,2.0196327486646844e-15,5.0186376029159874e-05,-5.593575296584865e-16,0.031396541744470596,-4.2600764436412725e-20,0.4583333432674408,0.0,1.0,0.4000000059604645,0.0,0.0,14892.4814453125,14033.28125,14033.28125,14892.4814453125,-0.8568632177233696,0.0,0.0,0.0,25.925,1.4662499999999998,14.168,30.5,1.5,11.0,300.0,15.0,7.333333333333333
1.2708333333333333,x,gym_env,0.29436856508255005,6.649568095553249e-16,1.0001065731048584,0.4369218945503235,2.1323154474620553e-15,-3.401790308998898e-05,-5.822583888764866e-16,0.03376849368214607,-1.4045627096799682e-18,0.46666666865348816,0.0,1.0,0.4000000059604645,0.0,0.0,14892.1396484375,14032.939453125,14032.939453125,14892.1396484375,-0.16983231723308564,0.0,0.0,0.0,25.925,1.4662499999999998,14.168,30.5,1.5,11.0,300.0,15.0,7.333333333333333
1.2916666666666665,x,gym_env,0.30354878306388855,7.108383079070446e-16,1.0001046657562256,0.44293996691703796,2.2496210403273034e-15,-0.0001254899107152596,-6.04928219858123e-16,0.022509723901748657,5.2358502046202834e-18,0.4749999940395355,0.0,1.0,0.4000000059604645,0.0,0.0,14035.11328125,14894.3134765625,14894.3134765625,14035.11328125,-0.8565155006170273,0.0,0.0,0.0,25.925,1.4662499999999998,14.168,30.5,1.5,11.0,300.0,15.0,7.333333333333333
1.3125,x,gym_env,0.3128260374069214,7.592187652114013e-16,1.0001024007797241,0.4465425908565521,2.3711848795766356e-15,-9.344558202428743e-05,-6.239265865298858e-16,0.013995840214192867,1.0362314045036554e-17,0.4833333492279053,0.0,1.0,0.4000000059604645,0.0,0.0,14035.2802734375,14894.48046875,14894.48046875,14035.2802734375,-0.16865197159051895,0.0,0.0,0.0,25.925,1.4662499999999998,14.168,30.5,1.5,11.0,300.0,15.0,7.333333333333333
1.3333333333333333,x,gym_env,0.3221588730812073,8.101782790214697e-16,1.000101089477539,0.4489593505859375,2.496454911486679e-15,-3.493532494758256e-05,-6.419976638826418e-16,0.019122103229165077,7.047908864016204e-18,0.49166667461395264,0.0,1.0,0.4000000059604645,0.0,0.0,14892.48046875,14033.2802734375,14033.2802734375,14892.48046875,-0.8553515187621117,0.0,0.0,0.0,25.925,1.4662499999999998,14.168,30.5,1.5,11.0,300.0,15.0,7.333333333333333
1.3541666666666665,x,gym_env,0.3315545916557312,8.637917058739635e-16,1.0001002550125122,0.45252853631973267,2.625262788259167e-15,-5.3258459956850857e-05,-6.613909067265027e-16,0.021515045315027237,5.451477578749075e-18,0.5,0.0,1.0,0.4000000059604645,0.0,0.0,14891.853515625,14032.654296875,14032.654296875,14891.853515625,-0.16787626110315323,0.0,0.0,0.0,25.925,1.4662499999999998,14.168,30.5,1.5,11.0,300.0,15.0,7.333333333333333
1.375,x,gym_env,0.3410283923149109,9.201353846132539e-16,1.0000985860824585,0.4560232162475586,2.7578238680209385e-15,-8.792829612502828e-05,-6.811710318690219e-16,0.010277414694428444,1.2919919275922951e-17,0.5083333253860474,0.0,1.0,0.4000000059604645,0.0,0.0,14035.0546875,14894.2548828125,14894.2548828125,14035.0546875,-0.853712769305706,0.0,0.0,0.0,25.925,1.4662499999999998,14.168,30.5,1.5,11.0,300.0,15.0,7.333333333333333
1.3958333333333333,x,gym_env,0.3505467474460602,9.792902598253629e-16,1.000097632408142,0.4571095108985901,2.8943655791183317e-15,-2.2266156520345248e-05,-7.007659744334477e-16,0.0017847117269411683,1.86747554181585e-17,0.5166666507720947,0.0,1.0,0.4000000059604645,0.0,0.0,14035.3681640625,14894.568359375,14894.568359375,14035.3681640625,-0.16540177829265595,0.0,0.0,0.0,25.925,1.4662499999999998,14.168,30.5,1.5,11.0,300.0,15.0,7.333333333333333
1.4166666666666665,x,gym_env,0.36006835103034973,1.0413372231567533e-15,1.0000981092453003,0.4570179879665375,3.034647575952563e-15,5.9500518545974046e-05,-7.179917658444032e-16,0.006932155694812536,1.4945484418357078e-17,0.5250000357627869,0.0,1.0,0.4000000059604645,0.0,0.0,14892.5849609375,14033.384765625,14033.384765625,14892.5849609375,-0.8514726496458054,0.0,0.0,0.0,25.925,1.4662499999999998,14.168,30.5,1.5,11.0,300.0,15.0,7.333333333333333
1.4375,x,gym_env,0.36960074305534363,1.106348060649705e-15,1.0000996589660645,0.4580880105495453,3.178184508644856e-15,7.895772432675585e-05,-7.341403960442472e-16,0.00934622623026371,1.314953137907787e-17,0.5333333611488342,0.0,1.0,0.4000000059604645,0.0,0.0,14891.791015625,14032.5908203125,14032.5908203125,14891.791015625,-0.1636731030702591,0.0,0.0,0.0,25.925,1.4662499999999998,14.168,30.5,1.5,11.0,300.0,15.0,7.333333333333333
1.4583333333333333,x,gym_env,0.37915921211242676,1.1743879938411563e-15,1.0001012086868286,0.45909199118614197,3.3248192525834946e-15,7.643560820724815e-05,-7.502437099814131e-16,-0.0018703166861087084,2.1407854460623533e-17,0.5416666865348816,0.0,1.0,0.4000000059604645,0.0,0.0,14034.3642578125,14893.564453125,14893.564453125,14034.3642578125,-0.8489706359028817,0.0,0.0,0.0,25.925,1.4662499999999998,14.168,30.5,1.5,11.0,300.0,15.0,7.333333333333333
1.4791666666666665,x,gym_env,0.3887104392051697,1.2455218207515725e-15,1.00010347366333,0.4576948881149292,3.4745818774381066e-15,0.0001272910158149898,-7.67223120683836e-16,-0.010342341847717762,2.7743293637893726e-17,0.550000011920929,0.0,1.0,0.4000000059604645,0.0,0.0,14034.416015625,14893.6162109375,14893.6162109375,14034.416015625,-0.1600973490834236,0.0,0.0,0.0,25.925,1.4662499999999998,14.168,30.5,1.5,11.0,300.0,15.0,7.333333333333333
1.5,x,gym_env,0.39821329712867737,1.3198162452255496e-15,1.000106692314148,0.45512819290161133,3.627588426722466e-15,0.00017263971676584333,-7.830566016877422e-16,-0.005175045225769281,2.367786801767933e-17,0.5583333373069763,0.0,1.0,0.4000000059604645,0.0,0.0,14892.376953125,14033.1767578125,14033.1767578125,14892.376953125,-0.8460777647018433,0.0,0.0,0.0,25.925,1.4662499999999998,14.168,30.5,1.5,11.0,300.0,15.0,7.333333333333333
1.5208333333333333,x,gym_env,0.40767544507980347,1.3973362770417896e-15,1.0001105070114136,0.4537314474582672,3.783611895606708e-15,0.00019080928177572787,-7.994517714147965e-16,-0.0027413894422352314,2.1730734486566257e-17,0.5666666626930237,0.0,1.0,0.4000000059604645,0.0,0.0,14891.697265625,14032.4970703125,14032.4970703125,14891.697265625,-0.15793952561616897,0.0,0.0,0.0,25.925,1.4662499999999998,14.168,30.5,1.5,11.0,300.0,15.0,7.333333333333333
1.5416666666666665,x,gym_env,0.41711241006851196,1.4781475612537045e-15,1.0001144409179688,0.4522768259048462,3.943000202873918e-15,0.00018946925411000848,-8.213081331297136e-16,-0.01393823977559805,3.075117380804275e-17,0.574999988079071,0.0,1.0,0.4000000059604645,0.0,0.0,14032.6943359375,14891.89453125,14891.89453125,14032.6943359375,-0.8431335187673569,0.0,0.0,0.0,25.925,1.4662499999999998,14.168,30.5,1.5,11.0,300.0,15.0,7.333333333333333
1.5625,x,gym_env,0.42649102210998535,1.5623327894527701e-15,1.0001182556152344,0.44842931628227234,4.106816374872899e-15,0.00016813109687063843,-8.469801135742154e-16,-0.022391516715288162,3.7714813647155116e-17,0.5833333134651184,0.0,1.0,0.4000000059604645,0.0,0.0,14032.0546875,14891.2548828125,14891.2548828125,14032.0546875,-0.15458782112598418,0.0,0.0,0.0,25.925,1.4662499999999998,14.168,30.5,1.5,11.0,300.0,15.0,7.333333333333333
1.5833333333333333,x,gym_env,0.43577030301094055,1.6499920174058809e-15,1.000120997428894,0.4434206187725067,4.275476728297228e-15,0.00010782664321595803,-8.700163921846577e-16,-0.01720746047794819,3.321674444243466e-17,0.5916666984558105,0.0,1.0,0.4000000059604645,0.0,0.0,14891.708984375,14032.5087890625,14032.5087890625,14891.708984375,-0.8400069869279861,0.0,0.0,0.0,25.925,1.4662499999999998,14.168,30.5,1.5,11.0,300.0,15.0,7.333333333333333
1.6041666666666665,x,gym_env,0.4449580907821655,1.7412218068690237e-15,1.0001229047775269,0.43958815932273865,4.448644567550371e-15,8.230728417402133e-05,-8.923005055379383e-16,-0.014757578261196613,3.105126831683209e-17,0.6000000238418579,0.0,1.0,0.4000000059604645,0.0,0.0,14470.4736328125,14453.359375,14453.359375,14470.4736328125,-0.4881518507361412,0.0,0.0,0.0,25.925,1.4662499999999998,14.168,30.5,1.5,11.0,300.0,15.0,7.333333333333333
1.625,x,gym_env,0.45407143235206604,1.8361122609719628e-15,1.0001219511032104,0.4359259009361267,4.6260441834079964e-15,-0.00012558586604427546,-9.138584469576259e-16,-0.017923466861248016,3.3865455874745697e-17,0.6083333492279053,0.0,1.0,0.4000000059604645,0.0,0.0,14034.0205078125,14893.220703125,14893.220703125,14034.0205078125,-0.5005327177405358,0.0,0.0,0.0,25.925,1.4662499999999998,14.168,30.5,1.5,11.0,300.0,15.0,7.333333333333333
1.6458333333333333,x,gym_env,0.4631018042564392,1.934752847569752e-15,1.0001195669174194,0.43183594942092896,4.807784419603826e-15,-0.00011237925355089828,-9.366439508761218e-16,-0.013015853241086006,2.92793614179598e-17,0.6166666746139526,0.0,1.0,0.4000000059604645,0.0,0.0,14605.279296875,14322.3125,14322.3125,14605.279296875,-0.6058257898330689,0.0,0.0,0.0,25.925,1.4662499999999998,14.168,30.5,1.5,11.0,300.0,15.0,7.333333333333333
1.6666666666666665,x,gym_env,0.47206008434295654,2.037235152099813e-15,1.0001156330108643,0.42901602387428284,4.99406602294636e-15,-0.0002371039445279166,-9.61853768968778e-16,-0.005357272922992706,2.2005917624027948e-17,0.625,0.0,1.0,0.4000000059604645,0.0,0.0,14896.2578125,14037.0576171875,14037.0576171875,14896.2578125,-0.3786301315903664,0.0,0.0,0.0,25.925,1.4662499999999998,14.168,30.5,1.5,11.0,300.0,15.0,7.333333333333333
1.6875,x,gym_env,0.48097744584083557,2.143663147856421e-15,1.0001122951507568,0.42742812633514404,5.185499280674095e-15,-0.00010976603516610339,-9.860693821395943e-16,-0.007682777941226959,2.4256260826117235e-17,0.6333333253860474,0.0,1.0,0.4000000059604645,0.0,0.0,14034.7734375,14893.9736328125,14893.9736328125,14034.7734375,-0.8346257276058198,0.0,0.0,0.0,25.925,1.4662499999999998,14.168,30.5,1.5,11.0,300.0,15.0,7.333333333333333
1.7083333333333333,x,gym_env,0.4898563027381897,2.2541369964855897e-15,1.0001107454299927,0.42525699734687805,5.381467129284955e-15,-5.1019287639064714e-05,-1.0065022520470914e-15,-0.007278261240571737,2.3794085239381806e-17,0.6416666507720947,0.0,1.0,0.4000000059604645,0.0,0.0,14033.9267578125,14893.126953125,14893.126953125,14033.9267578125,-0.14720995678901672,0.0,0.0,0.0,25.925,1.4662499999999998,14.168,30.5,1.5,11.0,300.0,15.0,7.333333333333333
1.7291666666666665,x,gym_env,0.4986933469772339,2.368742248314991e-15,1.000110149383545,0.42372873425483704,5.581263566817405e-15,-1.2707279893220402e-05,-1.025590668909059e-15,0.006754483561962843,9.52127071259775e-18,0.6500000357627869,0.0,1.0,0.4000000059604645,0.0,0.0,14895.47265625,14036.2724609375,14036.2724609375,14895.47265625,-0.8336029417037965,0.0,0.0,0.0,25.925,1.4662499999999998,14.168,30.5,1.5,11.0,300.0,15.0,7.333333333333333
1.75,x,gym_env,0.5075339078903198,2.4875572538922463e-15,1.0001111030578613,0.4251777231693268,5.784885628656129e-15,8.382822124985978e-05,-1.0464407025430789e-15,0.01803671009838581,-2.1416150668577134e-18,0.6583333611488342,0.0,1.0,0.4000000059604645,0.0,0.0,14895.7890625,14036.5888671875,14036.5888671875,14895.7890625,-0.14641090975999832,0.0,0.0,0.0,25.925,1.4662499999999998,14.168,30.5,1.5,11.0,300.0,15.0,7.333333333333333
1.7708333333333333,x,gym_env,0.5164310932159424,2.610664175413239e-15,1.0001139640808105,0.4283701181411743,5.9924972156764206e-15,0.00016692547069396824,-1.0681795913761237e-15,0.015674028545618057,3.4958338066989026e-19,0.6666666865348816,0.0,1.0,0.4000000059604645,0.0,0.0,14034.9814453125,14894.181640625,14894.181640625,14034.9814453125,-0.8332821942090989,0.0,0.0,0.0,25.925,1.4662499999999998,14.168,30.5,1.5,11.0,300.0,15.0,7.333333333333333
1.7916666666666665,x,gym_env,0.5253891348838806,2.738148774963879e-15,1.0001180171966553,0.4309632480144501,6.204388860179188e-15,0.00021439501142594963,-1.0929253412928028e-15,0.01604170724749565,-9.658934375288859e-20,0.675000011920929,0.0,1.0,0.4000000059604645,0.0,0.0,14289.9375,14637.060546875,14637.060546875,14289.9375,-0.35053448803424836,0.0,0.0,0.0,25.925,1.4662499999999998,14.168,30.5,1.5,11.0,300.0,15.0,7.333333333333333
1.8125,x,gym_env,0.5344036221504211,2.8701065555089686e-15,1.0001206398010254,0.43404826521873474,6.421084875558782e-15,7.223816646728665e-05,-1.1213682841451286e-15,0.025164028629660606,-1.0208274817005705e-17,0.6833333373069763,0.0,1.0,0.4000000059604645,0.0,0.0,14894.857421875,14035.6572265625,14035.6572265625,14894.857421875,-0.6281939187645913,0.0,0.0,0.0,25.925,1.4662499999999998,14.168,30.5,1.5,11.0,300.0,15.0,7.333333333333333
1.8333333333333333,x,gym_env,0.543504536151886,3.006649113639309e-15,1.0001225471496582,0.4389054775238037,6.6433861314668316e-15,9.135004074778408e-05,-1.1483528480205193e-15,0.02829779125750065,-1.3747203286052548e-17,0.6916666626930237,0.0,1.0,0.4000000059604645,0.0,0.0,14893.650390625,14034.4501953125,14034.4501953125,14893.650390625,-0.1464955374121666,0.0,0.0,0.0,25.925,1.4662499999999998,14.168,30.5,1.5,11.0,300.0,15.0,7.333333333333333
1.8541666666666665,x,gym_env,0.5527122616767883,3.1478876224292273e-15,1.0001240968704224,0.4438367486000061,6.870842429891871e-15,7.430688856402412e-05,-1.1749624939376316e-15,0.017798148095607758,-1.5753701294981868e-18,0.699999988079071,0.0,1.0,0.4000000059604645,0.0,0.0,14034.0947265625,14893.294921875,14893.294921875,14034.0947265625,-0.8323399595141411,0.0,0.0,0.0,25.925,1.4662499999999998,14.168,30.5,1.5,11.0,300.0,15.0,7.333333333333333
1.875,x,gym_env,0.5619962215423584,3.2939302903377352e-15,1.0001258850097656,0.44650691747665405,7.103600307533774e-15,9.427857730770484e-05,-1.2044141471510188e-15,0.010040891356766224,7.571959214931824e-18,0.7083333730697632,0.0,1.0,0.4000000059604645,0.0,0.0,14033.3095703125,14892.509765625,14892.509765625,14033.3095703125,-0.1448651232600212,0.0,0.0,0.0,25.925,1.4662499999999998,14.168,30.5,1.5,11.0,300.0,15.0,7.333333333333333
1.8958333333333333,x,gym_env,0.5713183879852295,3.4448933726368433e-15,1.0001280307769775,0.4481467604637146,7.34207396350375e-15,0.00010673886572476476,-1.234893357208544e-15,0.015921354293823242,3.722690933124926e-19,0.7166666984558105,0.0,1.0,0.4000000059604645,0.0,0.0,14891.740234375,14032.541015625,14032.541015625,14891.740234375,-0.8310015161395072,0.0,0.0,0.0,25.925,1.4662499999999998,14.168,30.5,1.5,11.0,300.0,15.0,7.333333333333333
1.9166666666666665,x,gym_env,0.5806891322135925,3.600898418554483e-15,1.0001299381256104,0.4510945677757263,7.586535295377866e-15,7.889559492468834e-05,-1.2683053129668186e-15,0.019067157059907913,-3.538525218498224e-18,0.7250000238418579,0.0,1.0,0.4000000059604645,0.0,0.0,14891.4296875,14032.23046875,14032.23046875,14891.4296875,-0.14323986855745316,0.0,0.0,0.0,25.925,1.4662499999999998,14.168,30.5,1.5,11.0,300.0,15.0,7.333333333333333
1.9375,x,gym_env,0.5901269912719727,3.762078200505135e-15,1.0001310110092163,0.4541226625442505,7.83758400248278e-15,4.094947507837787e-05,-1.3030765448471997e-15,0.008581986650824547,9.913803482020502e-18,0.7333333492279053,0.0,1.0,0.4000000059604645,0.0,0.0,14033.24609375,14892.4462890625,14892.4462890625,14033.24609375,-0.8293259878516197,0.0,0.0,0.0,25.925,1.4662499999999998,14.168,30.5,1.5,11.0,300.0,15.0,7.333333333333333
1.9583333333333333,x,gym_env,0.5996015667915344,3.9285735377162824e-15,1.0001320838928223,0.4548962712287903,8.09550384085582e-15,5.789477290818468e-05,-1.3382547760587365e-15,0.000839537417050451,2.004256308110271e-17,0.7416666746139526,0.0,1.0,0.4000000059604645,0.0,0.0,14033.2119140625,14892.412109375,14892.412109375,14033.2119140625,-0.14081605833768843,0.0,0.0,0.0,25.925,1.4662499999999998,14.168,30.5,1.5,11.0,300.0,15.0,7.333333333333333
1.9791666666666665,x,gym_env,0.6090748310089111,4.1005280022724834e-15,1.0001335144042969,0.4546458125114441,8.36026262324499e-15,7.904493395471945e-05,-1.3748555991051868e-15,0.006734415423125029,1.2009108221898975e-17,0.75,0.0,1.0,0.4000000059604645,0.0,0.0,14891.689453125,14032.4892578125,14032.4892578125,14891.689453125,-0.827159134221077,0.0,0.0,0.0,25.925,1.4662499999999998,14.168,30.5,1.5,11.0,300.0,15.0,7.333333333333333
2.0,x,gym_env,0.6185574531555176,4.27808770735714e-15,1.0001351833343506,0.4557095468044281,8.632306736013496e-15,7.322330202441663e-05,-1.4138823245125735e-15,0.009894595481455326,7.636766334383517e-18,0.7583333253860474,0.0,1.0,0.4000000059604645,0.0,0.0,14891.337890625,14032.1376953125,14032.1376953125,14891.337890625,-0.13907553803920747,0.0,0.0,0.0,25.925,1.4662499999999998,14.168,30.5,1.5,11.0,300.0,15.0,7.333333333333333
2.020833333333333,x,gym_env,0.6280679702758789,4.461410624614914e-15,1.0001364946365356,0.4568595588207245,8.91195551058245e-15,5.6876378948800266e-05,-1.4528033825597902e-15,-0.0005761584034189582,2.2610047330044827e-17,0.7666666507720947,0.0,1.0,0.4000000059604645,0.0,0.0,14033.1171875,14892.3173828125,14892.3173828125,14033.1171875,-0.8248147375106811,0.0,0.0,0.0,25.925,1.4662499999999998,14.168,30.5,1.5,11.0,300.0,15.0,7.333333333333333
2.0416666666666665,x,gym_env,0.637576162815094,4.6506543021739965e-15,1.0001378059387207,0.4557606279850006,9.199184382996384e-15,7.373712287517264e-05,-1.4904994192070403e-15,-0.008304260671138763,3.388034512577165e-17,0.7750000357627869,0.0,1.0,0.4000000059604645,0.0,0.0,14033.1064453125,14892.306640625,14892.306640625,14033.1064453125,-0.13601109559535982,0.0,0.0,0.0,25.925,1.4662499999999998,14.168,30.5,1.5,11.0,300.0,15.0,7.333333333333333
2.0625,x,gym_env,0.6470440626144409,4.845972476514313e-15,1.000139594078064,0.4536435306072235,9.493580001177036e-15,8.611629891674966e-05,-1.524870745657199e-15,-0.0023951618932187557,2.493043453204388e-17,0.7833333611488342,0.0,1.0,0.4000000059604645,0.0,0.0,14891.90234375,14032.7021484375,14032.7021484375,14891.90234375,-0.8221379405975342,0.0,0.0,0.0,25.925,1.4662499999999998,14.168,30.5,1.5,11.0,300.0,15.0,7.333333333333333
2.083333333333333,x,gym_env,0.6564825773239136,5.047507872687476e-15,1.0001413822174072,0.4528466761112213,9.794630757224265e-15,9.252519521396607e-05,-1.5576725200560954e-15,0.0007790598901920021,2.0054090670119248e-17,0.7916666865348816,0.0,1.0,0.4000000059604645,0.0,0.0,14891.576171875,14032.3759765625,14032.3759765625,14891.576171875,-0.13383873878717423,0.0,0.0,0.0,25.925,1.4662499999999998,14.168,30.5,1.5,11.0,300.0,15.0,7.333333333333333
2.1041666666666665,x,gym_env,0.6659101843833923,5.255393898382678e-15,1.00014328956604,0.45214200019836426,1.010196056850949e-14,8.991948561742902e-05,-1.5884003342836396e-15,-0.009677885100245476,3.6466889270388216e-17,0.800000011920929,0.0,1.0,0.0,0.0,0.0,14032.5322265625,14891.732421875,14891.732421875,14032.5322265625,-0.879442261826992,0.0,0.0,0.0,25.925,1.4662499999999998,14.168,30.5,1.5,11.0,300.0,15.0,7.333333333333333
2.125,x,gym_env,0.6752970218658447,5.469754643926692e-15,1.0001450777053833,0.4491941034793854,1.0414903667136169e-14,7.684644515393302e-05,-1.615724981887353e-15,-0.01739262416958809,4.8710383254757153e-17,0.800000011920929,0.0,1.0,0.0,0.0,0.0,14033.091796875,14892.2919921875,14892.2919921875,14033.091796875,-0.18262764368057252,0.0,0.0,0.0,25.925,1.4662499999999998,14.168,30.5,1.5,11.0,300.0,15.0,7.333333333333333
2.145833333333333,x,gym_env,0.684605062007904,5.690699800086187e-15,1.000146508216858,0.4452335834503174,1.0733068723882671e-14,6.616838800255209e-05,-1.6432812930021403e-15,-0.011470405384898186,3.8989998588189313e-17,0.800000011920929,0.0,1.0,0.0,0.0,0.0,14893.1279296875,14033.927734375,14033.927734375,14893.1279296875,-0.8599046058177948,0.0,0.0,0.0,25.925,1.4662499999999998,14.168,30.5,1.5,11.0,300.0,15.0,7.333333333333333
2.1666666666666665,x,gym_env,0.6938453316688538,5.918341175210201e-15,1.0001482963562012,0.44259846210479736,1.1056617522041921e-14,9.651062282500789e-05,-1.6698500695795475e-15,-0.008283780887722969,3.369433867578808e-17,0.800000011920929,0.0,1.0,0.0,0.0,0.0,14892.92578125,14033.7255859375,14033.7255859375,14892.92578125,-0.16313426139354706,0.0,0.0,0.0,25.925,1.4662499999999998,14.168,30.5,1.5,11.0,300.0,15.0,7.333333333333333
2.1875,x,gym_env,0.7030366063117981,6.152785495450088e-15,1.0001505613327026,0.44006091356277466,1.1385117227777873e-14,0.00012215954484418035,-1.6940187783009097e-15,-0.018729563802480698,5.1199369717929214e-17,0.800000011920929,0.0,1.0,0.0,0.0,0.0,14036.1005859375,14895.30078125,14895.30078125,14036.1005859375,-0.840503954064846,0.0,0.0,0.0,25.925,1.4662499999999998,14.168,30.5,1.5,11.0,300.0,15.0,7.333333333333333
2.208333333333333,x,gym_env,0.7121487855911255,6.394130169594782e-15,1.00015389919281,0.4352838099002838,1.1718007105279444e-14,0.00017957121599465609,-1.7171691416614353e-15,-0.026431649923324585,6.421540738103083e-17,0.800000011920929,0.0,1.0,0.0,0.0,0.0,14038.4794921875,14897.6787109375,14897.6787109375,14038.4794921875,-0.1451831496119499,0.0,0.0,0.0,25.925,1.4662499999999998,14.168,30.5,1.5,11.0,300.0,15.0,7.333333333333333
2.2291666666666665,x,gym_env,0.7211442589759827,6.642464559620219e-15,1.0001589059829712,0.42949774861335754,1.2055385410368515e-14,0.0002814324398059398,-1.7413959780188028e-15,-0.02049241214990616,5.385617458377603e-17,0.800000011920929,0.0,1.0,0.0,0.0,0.0,14896.4013671875,14037.201171875,14037.201171875,14896.4013671875,-0.8210825447797776,0.0,0.0,0.0,25.925,1.4662499999999998,14.168,30.5,1.5,11.0,300.0,15.0,7.333333333333333
2.25,x,gym_env,0.7300339937210083,6.897887344864753e-15,1.0001659393310547,0.42504507303237915,1.2397557074906099e-14,0.00037658459041267633,-1.768178948052747e-15,-0.01728862151503563,4.819183365491501e-17,0.800000011920929,0.0,1.0,0.0,0.0,0.0,14895.17578125,14035.9755859375,14035.9755859375,14895.17578125,-0.12524811094999314,0.0,0.0,0.0,25.925,1.4662499999999998,14.168,30.5,1.5,11.0,300.0,15.0,7.333333333333333
2.270833333333333,x,gym_env,0.7388368844985962,7.160501439831476e-15,1.000174641609192,0.42069676518440247,1.2744777902842265e-14,0.0004390190588310361,-1.7949477302848247e-15,-0.027719762176275253,6.669473237464827e-17,0.800000011920929,0.0,1.0,0.0,0.0,0.0,14251.935546875,14689.904296875,14689.904296875,14251.935546875,-0.6334460621237755,0.0,0.0,0.0,25.925,1.4662499999999998,14.168,30.5,1.5,11.0,300.0,15.0,7.333333333333333
2.2916666666666665,x,gym_env,0.7475224137306213,7.430410182539954e-15,1.000184178352356,0.41400590538978577,1.3096722633525269e-14,0.0004599921521730721,-1.8171649809748313e-15,-0.03941625356674194,8.770434569244182e-17,0.800000011920929,0.0,1.0,0.0,0.0,0.0,14116.90625,14840.193359375,14840.193359375,14116.90625,-0.21887976959943772,0.0,0.0,0.0,25.925,1.4662499999999998,14.168,30.5,1.5,11.0,300.0,15.0,7.333333333333333
2.3125,x,gym_env,0.7560403943061829,7.707705899581436e-15,1.000196933746338,0.40528538823127747,1.345305160674326e-14,0.0007064322708174586,-1.838551927618292e-15,-0.04142693802714348,9.126634422877277e-17,0.800000011920929,0.0,1.0,0.0,0.0,0.0,14908.4921875,14049.2919921875,14049.2919921875,14908.4921875,-0.7280574057221413,0.0,0.0,0.0,25.925,1.4662499999999998,14.168,30.5,1.5,11.0,300.0,15.0,7.333333333333333
2.333333333333333,x,gym_env,0.7643710374832153,7.99247583534949e-15,1.0002152919769287,0.39622339606285095,1.3813378575472293e-14,0.001000339980237186,-1.8578295504648526e-15,-0.04702981561422348,1.0154750441109236e-16,0.800000011920929,0.0,1.0,0.0,0.0,0.0,14909.64453125,14050.4443359375,14050.4443359375,14909.64453125,-0.0862461415529251,0.0,0.0,0.0,25.925,1.4662499999999998,14.168,30.5,1.5,11.0,300.0,15.0,7.333333333333333
2.3541666666666665,x,gym_env,0.7724964022636414,8.284796222809369e-15,1.0002394914627075,0.38547104597091675,1.4177044548079401e-14,0.0012458901619538665,-1.877070962652918e-15,-0.06626774370670319,1.3742075924307577e-16,0.800000011920929,0.0,1.0,0.0,0.0,0.0,14058.8662109375,14918.0654296875,14918.0654296875,14058.8662109375,-0.7626126472711563,0.0,0.0,0.0,25.925,1.4662499999999998,14.168,30.5,1.5,11.0,300.0,15.0,7.333333333333333
2.375,x,gym_env,0.7803491353988647,8.584733130530958e-15,1.0002689361572266,0.370680034160614,1.4544009714016065e-14,0.0014833173481747508,-1.8992791077387418e-15,-0.08273691684007645,1.684446511903548e-16,0.800000011920929,0.0,1.0,0.0,0.0,0.0,14063.9365234375,14923.13671875,14923.13671875,14063.9365234375,-0.069166686296463,0.0,0.0,0.0,25.925,1.4662499999999998,14.168,30.5,1.5,11.0,300.0,15.0,7.333333333333333
2.395833333333333,x,gym_env,0.7878541350364685,8.892361097413617e-15,1.0003020763397217,0.3530944585800171,1.491479330447895e-14,0.0016500442288815975,-1.92284398784783e-15,-0.08552930504083633,1.7367466935806628e-16,0.800000011920929,0.0,1.0,0.0,0.0,0.0,14920.916015625,14061.7158203125,14061.7158203125,14920.916015625,-0.7426367736577988,0.0,0.0,0.0,25.925,1.4662499999999998,14.168,30.5,1.5,11.0,300.0,15.0,7.333333333333333
2.4166666666666665,x,gym_env,0.7949855327606201,9.207768214883859e-15,1.0003373622894287,0.33508092164993286,1.5289998406926505e-14,0.001715413760393858,-1.948521791643844e-15,-0.09105130285024643,1.843229058264573e-16,0.800000011920929,0.0,1.0,0.0,0.0,0.0,14514.34375,14463.60546875,14463.60546875,14514.34375,-0.3724580996632576,0.0,0.0,0.0,25.925,1.4662499999999998,14.168,30.5,1.5,11.0,300.0,15.0,7.333333333333333
2.4375,x,gym_env,0.8017271757125854,9.531044268434093e-15,1.0003695487976074,0.3156411349773407,1.5669387852133496e-14,0.0014027621364220977,-1.976506913188179e-15,-0.10251078754663467,2.0678473727998365e-16,0.800000011920929,0.0,1.0,0.0,0.0,0.0,14061.5712890625,14920.7705078125,14920.7705078125,14061.5712890625,-0.41612185201644897,0.0,0.0,0.0,25.925,1.4662499999999998,14.168,30.5,1.5,11.0,300.0,15.0,7.333333333333333
2.458333333333333,x,gym_env,0.8080359697341919,9.862289207952096e-15,1.00039541721344,0.29407262802124023,1.6053947586450526e-14,0.00112043262924999,-2.002513154009491e-15,-0.10608430206775665,2.1379434520009681e-16,0.800000011920929,0.0,1.0,0.0,0.0,0.0,14249.08203125,14728.8505859375,14728.8505859375,14249.08203125,-0.20650333065986634,0.0,0.0,0.0,25.925,1.4662499999999998,14.168,30.5,1.5,11.0,300.0,15.0,7.333333333333333
2.4791666666666665,x,gym_env,0.813888669013977,1.0201602983325644e-14,1.0004124641418457,0.2722827196121216,1.644311518000062e-14,0.0006254474865272641,-2.024822943048985e-15,-0.09961790591478348,2.0061254054223957e-16,0.800000011920929,0.0,1.0,0.0,0.0,0.0,14916.8916015625,14057.69140625,14057.69140625,14916.8916015625,-0.5926597684264183,0.0,0.0,0.0,25.925,1.4662499999999998,14.168,30.5,1.5,11.0,300.0,15.0,7.333333333333333
2.5,x,gym_env,0.8193032145500183,1.0549088085541353e-14,1.0004217624664307,0.251793771982193,1.6837356500904767e-14,0.0003380285925231874,-2.0484833261228763e-15,-0.09830211848020554,1.978627274883173e-16,0.800000011920929,0.0,1.0,0.0,0.0,0.0,14633.2041015625,14333.189453125,14333.189453125,14633.2041015625,-0.2826498586893082,0.0,0.0,0.0,25.925,1.4662499999999998,14.168,30.5,1.5,11.0,300.0,15.0,7.333333333333333
2.520833333333333,x,gym_env,0.8242935538291931,1.0904840229322265e-14,1.0004217624664307,0.2312139868736267,1.7235929548301172e-14,-0.0002356605400564149,-2.0765700916208817e-15,-0.10530707240104675,2.1228360899910956e-16,0.800000011920929,0.0,1.0,0.0,0.0,0.0,14053.1064453125,14912.306640625,14912.306640625,14053.1064453125,-0.5239231790363789,0.0,0.0,0.0,25.925,1.4662499999999998,14.168,30.5,1.5,11.0,300.0,15.0,7.333333333333333
2.5416666666666665,x,gym_env,0.8288384675979614,1.1268962752687944e-14,1.0004099607467651,0.20932523906230927,1.763996257007558e-14,-0.0008013885235413909,-2.10548737292367e-15,-0.10602038353681564,2.1366087133645526e-16,0.800000011920929,0.0,1.0,0.0,0.0,0.0,14052.1220703125,14911.3212890625,14911.3212890625,14052.1220703125,-0.061897534799575805,0.0,0.0,0.0,25.925,1.4662499999999998,14.168,30.5,1.5,11.0,300.0,15.0,7.333333333333333
2.5625,x,gym_env,0.8329282402992249,1.1641575087283952e-14,1.000386118888855,0.18787610530853271,1.804983673105425e-14,-0.0013513874728232622,-2.1320539260395906e-15,-0.09308678656816483,1.8605484997557593e-16,0.800000011920929,0.0,1.0,0.0,0.0,0.0,14912.833984375,14053.6337890625,14053.6337890625,14912.833984375,-0.7493424896955491,0.0,0.0,0.0,25.925,1.4662499999999998,14.168,30.5,1.5,11.0,300.0,15.0,7.333333333333333
2.583333333333333,x,gym_env,0.8366038799285889,1.2022807676184168e-14,1.000354528427124,0.169192373752594,1.846625506858341e-14,-0.0015916249249130487,-2.159704257811523e-15,-0.08290448784828186,1.6410675723944911e-16,0.800000011920929,0.0,1.0,0.0,0.0,0.0,14911.095703125,14051.8955078125,14051.8955078125,14911.095703125,-0.06411271563172341,0.0,0.0,0.0,25.925,1.4662499999999998,14.168,30.5,1.5,11.0,300.0,15.0,7.333333333333333
2.6041666666666665,x,gym_env,0.8399142622947693,1.2412792656528362e-14,1.0003193616867065,0.15205226838588715,1.8888755102673856e-14,-0.001746767433360219,-2.189919193589505e-15,-0.08638082444667816,1.7162885979732053e-16,0.800000011920929,0.0,1.0,0.0,0.0,0.0,14047.0439453125,14906.2431640625,14906.2431640625,14047.0439453125,-0.7503376607656479,0.0,0.0,0.0,25.925,1.4662499999999998,14.168,30.5,1.5,11.0,300.0,15.0,7.333333333333333
2.625,x,gym_env,0.8428595066070557,1.281164861292915e-14,1.0002785921096802,0.13412266969680786,1.931673713399893e-14,-0.0021083697210997343,-2.2198995012410972e-15,-0.08712444454431534,1.7315789985090235e-16,0.800000011920929,0.0,1.0,0.0,0.0,0.0,14046.16015625,14905.3603515625,14905.3603515625,14046.16015625,-0.0636313978523016,0.0,0.0,0.0,25.925,1.4662499999999998,14.168,30.5,1.5,11.0,300.0,15.0,7.333333333333333
2.645833333333333,x,gym_env,0.845431923866272,1.3219494977032096e-14,1.000230073928833,0.11661896854639053,1.975075173397435e-14,-0.0024600187316536903,-2.2490259996818572e-15,-0.07422676682472229,1.4418381440108892e-16,0.800000011920929,0.0,1.0,0.0,0.0,0.0,14910.5283203125,14051.328125,14051.328125,14910.5283203125,-0.7503116137504577,0.0,0.0,0.0,25.925,1.4662499999999998,14.168,30.5,1.5,11.0,300.0,15.0,7.333333333333333
2.6666666666666665,x,gym_env,0.8476721048355103,1.3636472356306443e-14,1.000178575515747,0.10186243057250977,2.0191944091144803e-14,-0.002451731124892831,-2.2810461744286747e-15,-0.06408125162124634,1.2113651112744244e-16,0.800000011920929,0.0,1.0,0.0,0.0,0.0,14616.46875,14345.91015625,14345.91015625,14616.46875,-0.2984058528929949,0.0,0.0,0.0,25.925,1.4662499999999998,14.168,30.5,1.5,11.0,300.0,15.0,7.333333333333333
2.6875,x,gym_env,0.8496297597885132,1.406272305228733e-14,1.0001269578933716,0.08879642933607101,2.0639631496954802e-14,-0.00248355302028358,-2.3124674968817835e-15,-0.061982978135347366,1.1623204477905223e-16,0.800000011920929,0.0,1.0,0.0,0.0,0.0,14050.228515625,14909.4287109375,14909.4287109375,14050.228515625,-0.5146674230128527,0.0,0.0,0.0,25.925,1.4662499999999998,14.168,30.5,1.5,11.0,300.0,15.0,7.333333333333333
2.708333333333333,x,gym_env,0.8513216972351074,1.4498383437279265e-14,1.0000767707824707,0.07628148049116135,2.1093903736896756e-14,-0.002358060097321868,-2.340351821505395e-15,-0.05341736972332001,9.617360975635586e-17,0.800000011920929,0.0,1.0,0.0,0.0,0.0,14262.6435546875,14698.4931640625,14698.4931640625,14262.6435546875,-0.23201408286988737,0.0,0.0,0.0,25.925,1.4662499999999998,14.168,30.5,1.5,11.0,300.0,15.0,7.333333333333333
2.7291666666666665,x,gym_env,0.8527766466140747,1.4943578872158442e-14,1.0000289678573608,0.065981425344944,2.1553803663740267e-14,-0.002225315198302269,-2.3664201074900934e-15,-0.03525475785136223,5.335062164571832e-17,0.800000011920929,0.0,1.0,0.0,0.0,0.0,14916.10546875,14056.9052734375,14056.9052734375,14916.10546875,-0.5809830220252276,0.0,0.0,0.0,25.925,1.4662499999999998,14.168,30.5,1.5,11.0,300.0,15.0,7.333333333333333
2.75,x,gym_env,0.8540624976158142,1.5398435564834e-14,0.9999897480010986,0.05933742970228195,2.202014104098291e-14,-0.0016413747798651457,-2.395393504725637e-15,-0.02254372090101242,2.307353978831544e-17,0.800000011920929,0.0,1.0,0.0,0.0,0.0,14913.572265625,14054.373046875,14054.373046875,14913.572265625,-0.06547782522141933,0.0,0.0,0.0,25.925,1.4662499999999998,14.168,30.5,1.5,11.0,300.0,15.0,7.333333333333333
2.770833333333333,x,gym_env,0.8552401661872864,1.5863078876182136e-14,0.9999626278877258,0.05474332720041275,2.2492075611941012e-14,-0.0010717302793636918,-2.4209906286334253e-15,-0.023497413843870163,2.5317662592198327e-17,0.800000011920929,0.0,1.0,0.0,0.0,0.0,14046.8740234375,14906.07421875,14906.07421875,14046.8740234375,-0.7511577327609062,0.0,0.0,0.0,25.925,1.4662499999999998,14.168,30.5,1.5,11.0,300.0,15.0,7.333333333333333
2.7916666666666665,x,gym_env,0.8563202619552612,1.6337608756090624e-14,0.9999447464942932,0.049851447343826294,2.2968226712910544e-14,-0.0007212631753645837,-2.4432093616310897e-15,-0.021722305566072464,2.0900713335789722e-17,0.800000011920929,0.0,1.0,0.0,0.0,0.0,14043.4072265625,14902.607421875,14902.607421875,14043.4072265625,-0.06696186255663633,0.0,0.0,0.0,25.925,1.4662499999999998,14.168,30.5,1.5,11.0,300.0,15.0,7.333333333333333
2.8125,x,gym_env,0.8573054075241089,1.6822108213788295e-14,0.9999330043792725,0.04588686302304268,2.344836903312754e-14,-0.00045019754907116294,-2.4641907912510523e-15,-0.006310984492301941,-1.6976732291599444e-17,0.800000011920929,0.0,1.0,0.0,0.0,0.0,14904.380859375,14045.1806640625,14045.1806640625,14904.380859375,-0.7523849832981825,0.0,0.0,0.0,25.925,1.4662499999999998,14.168,30.5,1.5,11.0,300.0,15.0,7.333333333333333
2.833333333333333,x,gym_env,0.858246922492981,1.731666364663577e-14,0.9999280571937561,0.045186109840869904,2.393253814797578e-14,-9.402097930433229e-05,-2.4857035222871802e-15,0.006345467176288366,-4.831053407281637e-17,0.800000011920929,0.0,1.0,0.0,0.0,0.0,14902.466796875,14043.267578125,14043.267578125,14902.466796875,-0.06771190756708384,0.0,0.0,0.0,25.925,1.4662499999999998,14.168,30.5,1.5,11.0,300.0,15.0,7.333333333333333
2.8541666666666665,x,gym_env,0.8592038750648499,1.78213512875983e-14,0.9999298453330994,0.046514566987752914,2.4420695093939696e-14,0.00020654723630286753,-2.5104279905010596e-15,0.005347964819520712,-4.587033141345024e-17,0.800000011920929,0.0,1.0,0.0,0.0,0.0,14038.744140625,14897.9443359375,14897.9443359375,14038.744140625,-0.7546750045254826,0.0,0.0,0.0,25.925,1.4662499999999998,14.168,30.5,1.5,11.0,300.0,15.0,7.333333333333333
2.875,x,gym_env,0.8601863980293274,1.8336264310300082e-14,0.9999363422393799,0.04752568528056145,2.491322611804323e-14,0.0003811329370364547,-2.536001185728088e-15,0.007078897673636675,-5.033297081817382e-17,0.800000011920929,0.0,1.0,0.0,0.0,0.0,14483.0537109375,14448.1865234375,14448.1865234375,14483.0537109375,-0.42620402794331314,0.0,0.0,0.0,25.925,1.4662499999999998,14.168,30.5,1.5,11.0,300.0,15.0,7.333333333333333
2.895833333333333,x,gym_env,0.8611952066421509,1.8861490806167634e-14,0.999943196773529,0.049212533980607986,2.540984661721611e-14,0.0002941303828265518,-2.5628061786186606e-15,0.013928299769759178,-6.784604867331387e-17,0.800000011920929,0.0,1.0,0.0,0.0,0.0,14895.8076171875,14036.607421875,14036.607421875,14895.8076171875,-0.39979762263298035,0.0,0.0,0.0,25.925,1.4662499999999998,14.168,30.5,1.5,11.0,300.0,15.0,7.333333333333333
2.9166666666666665,x,gym_env,0.8622552156448364,1.9397129031022836e-14,0.9999505877494812,0.05206143856048584,2.5911808506154377e-14,0.00039058347465470433,-2.587493165624624e-15,0.012368728406727314,-6.389222460698391e-17,0.800000011920929,0.0,1.0,0.0,0.0,0.0,14448.783203125,14479.0859375,14479.0859375,14448.783203125,-0.42730984731614596,0.0,0.0,0.0,25.925,1.4662499999999998,14.168,30.5,1.5,11.0,300.0,15.0,7.333333333333333
2.9375,x,gym_env,0.8633696436882019,1.994327385255578e-14,0.9999569058418274,0.054260291159152985,2.6417763308406e-14,0.00025094536249525845,-2.6142265842311538e-15,0.005647791083902121,-4.6524230922563207e-17,0.800000011920929,0.0,1.0,0.0,0.0,0.0,14035.9873046875,14895.1875,14895.1875,14035.9873046875,-0.404371472863853,0.0,0.0,0.0,25.925,1.4662499999999998,14.168,30.5,1.5,11.0,300.0,15.0,7.333333333333333
2.958333333333333,x,gym_env,0.864514172077179,2.050003199691782e-14,0.9999633431434631,0.05532218888401985,2.6929476240633056e-14,0.00034741091076284647,-2.6441033421049443e-15,0.007306336425244808,-5.099587666979627e-17,0.800000011920929,0.0,1.0,0.0,0.0,0.0,14893.06640625,14033.8662109375,14033.8662109375,14893.06640625,-0.7615696105331182,0.0,0.0,0.0,25.925,1.4662499999999998,14.168,30.5,1.5,11.0,300.0,15.0,7.333333333333333
2.9791666666666665,x,gym_env,0.8656845688819885,2.1067518660589785e-14,0.9999710321426392,0.05683264881372452,2.744677959031199e-14,0.0003810006019193679,-2.6763524275057573e-15,0.006235731765627861,-4.82064747517572e-17,0.800000011920929,0.0,1.0,0.0,0.0,0.0,14853.1025390625,14072.0439453125,14072.0439453125,14853.1025390625,-0.1067760960355401,0.0,0.0,0.0,25.925,1.4662499999999998,14.168,30.5,1.5,11.0,300.0,15.0,7.333333333333333
3.0,x,gym_env,0.8668814897537231,2.164585751038197e-14,0.9999787211418152,0.05758651718497276,2.7970098567982327e-14,0.00036172615364193916,-2.709993188038909e-15,-0.007717669941484928,-1.0739113012027935e-17,0.800000011920929,0.0,1.0,0.0,0.0,0.0,14035.5166015625,14894.716796875,14894.716796875,14035.5166015625,-0.7324742084369064,0.0,0.0,0.0,25.925,1.4662499999999998,14.168,30.5,1.5,11.0,300.0,15.0,7.333333333333333
3.020833333333333,x,gym_env,0.8680590391159058,2.2235182377500044e-14,0.9999871850013733,0.05541110411286354,2.850013451692439e-14,0.00043503454071469605,-2.743447601323665e-15,-0.01842541992664337,1.829780424993441e-17,0.800000011920929,0.0,1.0,0.0,0.0,0.0,14036.2314453125,14895.431640625,14895.431640625,14036.2314453125,-0.07747948105037213,0.0,0.0,0.0,25.925,1.4662499999999998,14.168,30.5,1.5,11.0,300.0,15.0,7.333333333333333
3.0416666666666665,x,gym_env,0.8691663146018982,2.2835630481281462e-14,0.9999971985816956,0.05160868912935257,2.903658081121127e-14,0.0005067722522653639,-2.7763829951699907e-15,-0.015489519573748112,1.0092045187594041e-17,0.800000011920929,0.0,1.0,0.0,0.0,0.0,14894.029296875,14034.8291015625,14034.8291015625,14894.029296875,-0.7648397117078305,0.0,0.0,0.0,25.925,1.4662499999999998,14.168,30.5,1.5,11.0,300.0,15.0,7.333333333333333
3.0625,x,gym_env,0.8702014088630676,2.3447333958865994e-14,1.000008225440979,0.04852105677127838,2.957948149655623e-14,0.0005505880690179765,-2.8126751805862852e-15,-0.015284698456525803,9.478455844092006e-18,0.800000011920929,0.0,1.0,0.0,0.0,0.0,14893.13671875,14033.9365234375,14033.9365234375,14893.13671875,-0.0786227695375681,0.0,0.0,0.0,25.925,1.4662499999999998,14.168,30.5,1.5,11.0,300.0,15.0,7.333333333333333
3.083333333333333,x,gym_env,0.8711704611778259,2.407043511178878e-14,1.000019907951355,0.044921718537807465,3.0129293970750787e-14,0.0005603106692433357,-2.850886742661058e-15,-0.02870895154774189,4.739376318247895e-17,0.800000011920929,0.0,1.0,0.0,0.0,0.0,14035.2236328125,14894.423828125,14894.423828125,14035.2236328125,-0.7651620644301176,0.0,0.0,0.0,25.925,1.4662499999999998,14.168,30.5,1.5,11.0,300.0,15.0,7.333333333333333
3.1041666666666665,x,gym_env,0.8720307350158691,2.4705081323782643e-14,1.0000314712524414,0.038474567234516144,3.068659421619907e-14,0.0005356635665521026,-2.8944113188974835e-15,-0.03938451036810875,7.789679604164559e-17,0.800000011920929,0.0,1.0,-0.6000000238418579,0.0,0.0,14035.4931640625,14894.6923828125,14894.6923828125,14035.4931640625,-0.1675088991880417,0.0,0.0,0.0,25.925,1.4662499999999998,14.168,30.5,1.5,11.0,300.0,15.0,7.333333333333333
3.125,x,gym_env,0.8727319240570068,2.5351442001437033e-14,1.0000417232513428,0.03041166067123413,3.125228008782517e-14,0.00046303810086101294,-2.9384477147922873e-15,-0.036416999995708466,6.913310200177698e-17,0.7875000238418579,0.0,1.0,-0.6000000238418579,0.0,0.0,14897.3544921875,14038.154296875,14038.154296875,14897.3544921875,-0.8665924553632736,0.0,0.0,0.0,25.925,1.4662499999999998,14.168,30.5,1.5,11.0,300.0,15.0,7.333333333333333
3.145833333333333,x,gym_env,0.8732722401618958,2.600970179793445e-14,1.0000516176223755,0.02306981384754181,3.182703937638226e-14,0.0004923121305182576,-2.9827903130975235e-15,-0.03618277236819267,6.842011201842568e-17,0.7750000357627869,0.0,1.0,-0.6000000238418579,0.0,0.0,14899.708984375,14040.5087890625,14040.5087890625,14899.708984375,-0.19282485301494598,0.0,0.0,0.0,25.925,1.4662499999999998,14.168,30.5,1.5,11.0,300.0,15.0,7.333333333333333
3.1666666666666665,x,gym_env,0.8736578822135925,2.6680047060523293e-14,1.0000629425048828,0.01522274874150753,3.241083820055245e-14,0.0005685074138455093,-3.0299594603477474e-15,-0.049582622945308685,1.0864643460247145e-16,0.762499988079071,0.0,1.0,-0.6000000238418579,0.0,0.0,14045.6591796875,14904.859375,14904.859375,14045.6591796875,-0.889385986995697,0.0,0.0,0.0,25.925,1.4662499999999998,14.168,30.5,1.5,11.0,300.0,15.0,7.333333333333333
3.1875,x,gym_env,0.8738464117050171,2.736266921864964e-14,1.0000762939453125,0.004529334604740143,3.3003764651762246e-14,0.0006597642786800861,-3.0766430459609577e-15,-0.06023040786385536,1.4102829903521143e-16,0.75,0.0,1.0,-0.6000000238418579,0.0,0.0,14051.40234375,14910.6015625,14910.6015625,14051.40234375,-0.21721424994468688,0.0,0.0,0.0,25.925,1.4662499999999998,14.168,30.5,1.5,11.0,300.0,15.0,7.333333333333333
3.208333333333333,x,gym_env,0.8737872242927551,2.805775970175957e-14,1.0000920295715332,-0.007780777756124735,3.360581195374808e-14,0.0008236122666858137,-3.1201885862628276e-15,-0.05722222849726677,1.3159000942730378e-16,0.737500011920929,0.0,1.0,-0.6000000238418579,0.0,0.0,14912.33203125,14053.1318359375,14053.1318359375,14912.33203125,-0.9104350481987,0.0,0.0,0.0,25.925,1.4662499999999998,14.168,30.5,1.5,11.0,300.0,15.0,7.333333333333333
3.2291666666666665,x,gym_env,0.873478889465332,2.8765499774903794e-14,1.0001122951507568,-0.019357336685061455,3.4216468498609806e-14,0.0010783852776512504,-3.1677338161416324e-15,-0.05694985017180443,1.307168375726928e-16,0.7250000238418579,0.0,1.0,-0.6000000238418579,0.0,0.0,14913.0966796875,14053.896484375,14053.896484375,14913.0966796875,-0.23382546827793121,0.0,0.0,0.0,25.925,1.4662499999999998,14.168,30.5,1.5,11.0,300.0,15.0,7.333333333333333
3.25,x,gym_env,0.8729279041290283,2.9486074091264816e-14,1.0001380443572998,-0.03142755478620529,3.483630688061977e-14,0.0013248433824628592,-3.2239634630703987e-15,-0.07032482326030731,1.734501791572643e-16,0.7125000357627869,0.0,1.0,-0.6000000238418579,0.0,0.0,14061.103515625,14920.3037109375,14920.3037109375,14061.103515625,-0.9300001836538315,0.0,0.0,0.0,25.925,1.4662499999999998,14.168,30.5,1.5,11.0,300.0,15.0,7.333333333333333
3.270833333333333,x,gym_env,0.8720917105674744,3.0219692715013555e-14,1.000169277191162,-0.04634435102343559,3.546639436129151e-14,0.001585068996064365,-3.2795392005638847e-15,-0.08094408363103867,2.0788725653995353e-16,0.699999988079071,0.0,1.0,-0.6000000238418579,0.0,0.0,14195.5966796875,14799.5634765625,14799.5634765625,14195.5966796875,-0.35357300593852997,0.0,0.0,0.0,25.925,1.4662499999999998,14.168,30.5,1.5,11.0,300.0,15.0,7.333333333333333
3.2916666666666665,x,gym_env,0.8709195852279663,3.096655893405735e-14,1.0002052783966064,-0.06293303519487381,3.610632775294213e-14,0.001820217352360487,-3.3307260368411725e-15,-0.08032757043838501,2.057418676683462e-16,0.6875,0.0,1.0,-0.6000000238418579,0.0,0.0,14928.9140625,14069.7138671875,14069.7138671875,14928.9140625,-0.8452626597166062,0.0,0.0,0.0,25.925,1.4662499999999998,14.168,30.5,1.5,11.0,300.0,15.0,7.333333333333333
3.3125,x,gym_env,0.8694027662277222,3.1726879424435334e-14,1.0002480745315552,-0.07937939465045929,3.6756090114912696e-14,0.0022059425245970488,-3.38258012332266e-15,-0.08407020568847656,2.1831081751908535e-16,0.675000011920929,0.0,1.0,-0.6000000238418579,0.0,0.0,14929.8447265625,14070.64453125,14070.64453125,14929.8447265625,-0.2687056756973267,0.0,0.0,0.0,25.925,1.4662499999999998,14.168,30.5,1.5,11.0,300.0,15.0,7.333333333333333
3.333333333333333,x,gym_env,0.8675315380096436,3.2500854085923056e-14,1.0002981424331665,-0.09713591635227203,3.74151562867759e-14,0.0025049028918147087,-3.4426804990621415e-15,-0.10147008299827576,2.7781325417225444e-16,0.6625000238418579,0.0,1.0,-0.6000000238418579,0.0,0.0,14079.7158203125,14938.9150390625,14938.9150390625,14079.7158203125,-0.9623213206291199,0.0,0.0,0.0,25.925,1.4662499999999998,14.168,30.5,1.5,11.0,300.0,15.0,7.333333333333333
3.3541666666666665,x,gym_env,0.8652463555335999,3.328868620642786e-14,1.000353455543518,-0.11856520175933838,3.808425810499817e-14,0.0027045432943850756,-3.504945043981858e-15,-0.11610139906406403,3.287093199206176e-16,0.6499999761581421,0.0,1.0,-0.6000000238418579,0.0,0.0,14086.8603515625,14946.060546875,14946.060546875,14086.8603515625,-0.28683214955329894,0.0,0.0,0.0,25.925,1.4662499999999998,14.168,30.5,1.5,11.0,300.0,15.0,7.333333333333333
3.375,x,gym_env,0.8624796867370605,3.409058246198887e-14,1.0004116296768188,-0.1424238681793213,3.8763778428471674e-14,0.0028371100779622793,-3.566088329037646e-15,-0.11703812330961227,3.319087486508543e-16,0.637499988079071,0.0,1.0,-0.6000000238418579,0.0,0.0,14944.7255859375,14085.525390625,14085.525390625,14944.7255859375,-0.9741238839149475,0.0,0.0,0.0,25.925,1.4662499999999998,14.168,30.5,1.5,11.0,300.0,15.0,7.333333333333333
3.395833333333333,x,gym_env,0.8592135310173035,3.490677663369954e-14,1.000471830368042,-0.16633211076259613,3.945428307520517e-14,0.002922837156802416,-3.6300490574342394e-15,-0.12071123719215393,3.451972926949554e-16,0.625,0.0,1.0,-0.6000000238418579,0.0,0.0,14942.4697265625,14083.26953125,14083.26953125,14942.4697265625,-0.2935155366063118,0.0,0.0,0.0,25.925,1.4662499999999998,14.168,30.5,1.5,11.0,300.0,15.0,7.333333333333333
3.4166666666666665,x,gym_env,0.8554379343986511,3.573748895012614e-14,1.000531554222107,-0.19151392579078674,4.015557892168668e-14,0.002785337157547474,-3.702843492437748e-15,-0.13805478811264038,4.091922465165735e-16,0.612500011920929,0.0,1.0,-0.6000000238418579,0.0,0.0,14086.6103515625,14945.810546875,14945.810546875,14086.6103515625,-0.9829059264779091,0.0,0.0,0.0,25.925,1.4662499999999998,14.168,30.5,1.5,11.0,300.0,15.0,7.333333333333333
3.4375,x,gym_env,0.8510942459106445,3.658294302796676e-14,1.0005838871002197,-0.2203231155872345,4.086751011385392e-14,0.002254219027236104,-3.77639856302789e-15,-0.1526307612657547,4.640294771591721e-16,0.6000000238418579,0.0,1.0,-0.6000000238418579,0.0,0.0,14089.078125,14948.2783203125,14948.2783203125,14089.078125,-0.3003627460837364,0.0,0.0,0.0,25.925,1.4662499999999998,14.168,30.5,1.5,11.0,300.0,15.0,7.333333333333333
3.458333333333333,x,gym_env,0.8461158871650696,3.7443369260183046e-14,1.0006208419799805,-0.25151559710502625,4.15905035563123e-14,0.0014377968618646264,-3.844656289565904e-15,-0.15350836515426636,4.672777955723332e-16,0.5874999761581421,0.0,1.0,-0.6000000238418579,0.0,0.0,14486.3212890625,14548.3720703125,14548.3720703125,14486.3212890625,-0.6194775200843812,0.0,0.0,0.0,25.925,1.4662499999999998,14.168,30.5,1.5,11.0,300.0,15.0,7.333333333333333
3.4791666666666665,x,gym_env,0.8404874205589294,3.831899803973665e-14,1.0006380081176758,-0.2824646234512329,4.232488450971357e-14,0.0004345106426626444,-3.909358171791345e-15,-0.14832065999507904,4.469191469268392e-16,0.574999988079071,0.0,1.0,-0.6000000238418579,0.0,0.0,14944.9365234375,14085.736328125,14085.736328125,14944.9365234375,-0.670846211886406,0.0,0.0,0.0,25.925,1.4662499999999998,14.168,30.5,1.5,11.0,300.0,15.0,7.333333333333333
3.5,x,gym_env,0.8342262506484985,3.921008686464354e-14,1.0006376504898071,-0.3125362992286682,4.3072133587649525e-14,-0.00031720090191811323,-3.97814614095434e-15,-0.15095141530036926,4.574046736600186e-16,0.5625,0.0,1.0,-0.6000000238418579,0.0,0.0,14079.4951171875,14938.6953125,14938.6953125,14079.4951171875,-0.9907153523683548,0.0,0.0,0.0,25.925,1.4662499999999998,14.168,30.5,1.5,11.0,300.0,15.0,7.333333333333333
3.520833333333333,x,gym_env,0.8273332118988037,4.011687968039253e-14,1.0006184577941895,-0.34318679571151733,4.383040764642694e-14,-0.001340338378213346,-4.046630448805745e-15,-0.15084482729434967,4.568386438930159e-16,0.550000011920929,0.0,1.0,-0.6000000238418579,0.0,0.0,14076.9951171875,14936.1953125,14936.1953125,14076.9951171875,-0.3058239240646362,0.0,0.0,0.0,25.925,1.4662499999999998,14.168,30.5,1.5,11.0,300.0,15.0,7.333333333333333
3.5416666666666665,x,gym_env,0.8198049068450928,4.103962043247242e-14,1.000577449798584,-0.3732064962387085,4.460062825789243e-14,-0.0023455831687897444,-4.104640770747877e-15,-0.13706843554973602,4.000992948882394e-16,0.5375000238418579,0.0,1.0,-0.6000000238418579,0.0,0.0,14937.6689453125,14078.46875,14078.46875,14937.6689453125,-0.991504643034935,0.0,0.0,0.0,25.925,1.4662499999999998,14.168,30.5,1.5,11.0,300.0,15.0,7.333333333333333
3.5625,x,gym_env,0.8116861581802368,4.1978570007030966e-14,1.0005210638046265,-0.40027767419815063,4.538399143256752e-14,-0.002894848817959428,-4.168542206838162e-15,-0.12604966759681702,3.5426118050528685e-16,0.5249999761581421,0.0,1.0,-0.6000000238418579,0.0,0.0,14934.791015625,14075.591796875,14075.591796875,14934.791015625,-0.3064899214982986,0.0,0.0,0.0,25.925,1.4662499999999998,14.168,30.5,1.5,11.0,300.0,15.0,7.333333333333333
3.583333333333333,x,gym_env,0.8030298352241516,4.293400284274308e-14,1.0004554986953735,-0.4256126284599304,4.6180270165622345e-14,-0.0033015666995197535,-4.24204306731968e-15,-0.12871339917182922,3.6556597338691836e-16,0.512499988079071,0.0,1.0,-0.6000000238418579,0.0,0.0,14068.580078125,14927.779296875,14927.779296875,14068.580078125,-0.9909690486788749,0.0,0.0,0.0,25.925,1.4662499999999998,14.168,30.5,1.5,11.0,300.0,15.0,7.333333333333333
3.6041666666666665,x,gym_env,0.7938401699066162,4.3906169661361155e-14,1.0003783702850342,-0.45153674483299255,4.698822440082212e-14,-0.003988347016274929,-4.3102880883634856e-15,-0.12864211201667786,3.651325572157202e-16,0.5,0.0,1.0,-0.6000000238418579,0.0,0.0,14066.974609375,14926.1748046875,14926.1748046875,14066.974609375,-0.3038709377169609,0.0,0.0,0.0,25.925,1.4662499999999998,14.168,30.5,1.5,11.0,300.0,15.0,7.333333333333333
3.625,x,gym_env,0.7841134667396545,4.489531779650578e-14,1.00028657913208,-0.4768434464931488,4.7808111636182815e-14,-0.004646483808755875,-4.3694135291806775e-15,-0.11491074413061142,3.0509322078800007e-16,0.48750001192092896,0.0,1.0,-0.6000000238418579,0.0,0.0,14771.42578125,14233.6416015625,14233.6416015625,14771.42578125,-0.8603197019219399,0.0,0.0,0.0,25.925,1.4662499999999998,14.168,30.5,1.5,11.0,300.0,15.0,7.333333333333333
3.645833333333333,x,gym_env,0.7738949656486511,4.590170813432472e-14,1.0001862049102783,-0.49912670254707336,4.864081956223315e-14,-0.0048888367600739,-4.4294249664606974e-15,-0.10087042301893234,2.4308974730449524e-16,0.4749999940395355,0.0,1.0,-0.6000000238418579,0.0,0.0,14781.3935546875,14228.84765625,14228.84765625,14781.3935546875,-0.3063208679914475,0.0,0.0,0.0,25.925,1.4662499999999998,14.168,30.5,1.5,11.0,300.0,15.0,7.333333333333333
3.6666666666666665,x,gym_env,0.7632468938827515,4.6925608337229294e-14,1.0000853538513184,-0.5188714861869812,4.948640238908175e-14,-0.004786340519785881,-4.494580858345866e-15,-0.09554322063922882,2.19244552229425e-16,0.4625000059604645,0.0,1.0,-0.6000000238418579,0.0,0.0,14071.0361328125,14930.236328125,14930.236328125,14071.0361328125,-0.86377791826725,0.0,0.0,0.0,25.925,1.4662499999999998,14.168,30.5,1.5,11.0,300.0,15.0,7.333333333333333
3.6875,x,gym_env,0.7522023320198059,4.7967275903235476e-14,0.999987781047821,-0.537485659122467,5.0344111339603245e-14,-0.0045985328033566475,-4.55715329974191e-15,-0.08553746342658997,1.737357086698278e-16,0.44999998807907104,0.0,1.0,-0.6000000238418579,0.0,0.0,14070.5556640625,14929.755859375,14929.755859375,14070.5556640625,-0.2981631393671036,0.0,0.0,0.0,25.925,1.4662499999999998,14.168,30.5,1.5,11.0,300.0,15.0,7.333333333333333
3.708333333333333,x,gym_env,0.74079829454422,4.902696494222744e-14,0.9998964071273804,-0.5534636378288269,5.121391930874332e-14,-0.00419835327193141,-4.613689784355819e-15,-0.06188545748591423,6.508362276941138e-17,0.4375,0.0,1.0,-0.6000000238418579,0.0,0.0,14936.4677734375,14077.267578125,14077.267578125,14936.4677734375,-0.9843104488372802,0.0,0.0,0.0,25.925,1.4662499999999998,14.168,30.5,1.5,11.0,300.0,15.0,7.333333333333333
3.7291666666666665,x,gym_env,0.7291215658187866,5.010493634035294e-14,0.9998201131820679,-0.5644751787185669,5.2096612343077026e-14,-0.0032677806448191404,-4.672711463636972e-15,-0.041016653180122375,-3.172581094531193e-17,0.42499998211860657,0.0,1.0,-0.6000000238418579,0.0,0.0,14934.580078125,14075.3798828125,14075.3798828125,14934.580078125,-0.2980147938489914,0.0,0.0,0.0,25.925,1.4662499999999998,14.168,30.5,1.5,11.0,300.0,15.0,7.333333333333333
3.75,x,gym_env,0.7172669172286987,5.120143743123258e-14,0.9997650980949402,-0.571748673915863,5.299069288835362e-14,-0.0022087236866354942,-4.735988636445131e-15,-0.03384631499648094,-6.53646722717773e-17,0.4124999940395355,0.0,1.0,-0.6000000238418579,0.0,0.0,14272.08984375,14717.939453125,14717.939453125,14272.08984375,-0.8181372425317764,0.0,0.0,0.0,25.925,1.4662499999999998,14.168,30.5,1.5,11.0,300.0,15.0,7.333333333333333
3.770833333333333,x,gym_env,0.7052791714668274,5.231668844343264e-14,0.9997276663780212,-0.5777457356452942,5.389457191076405e-14,-0.001518036238849163,-4.800992909432741e-15,-0.027896670624613762,-9.374834267012998e-17,0.4000000059604645,0.0,1.0,-0.6000000238418579,0.0,0.0,14240.302734375,14738.896484375,14738.896484375,14240.302734375,-0.3169499329328537,0.0,0.0,0.0,25.925,1.4662499999999998,14.168,30.5,1.5,11.0,300.0,15.0,7.333333333333333
3.7916666666666665,x,gym_env,0.6931832432746887,5.345091299365119e-14,0.9997033476829529,-0.5822064280509949,5.480963176807824e-14,-0.0009254654869437218,-4.864955755411703e-15,-0.014365569688379765,-1.5909339421777752e-16,0.38749998807907104,0.0,1.0,-0.6000000238418579,0.0,0.0,14916.884765625,14057.6845703125,14057.6845703125,14916.884765625,-0.8390577090740204,0.0,0.0,0.0,25.925,1.4662499999999998,14.168,30.5,1.5,11.0,300.0,15.0,7.333333333333333
3.8125,x,gym_env,0.6810281872749329,5.4604348251113474e-14,0.9996927380561829,-0.5839204788208008,5.573671610511165e-14,-0.00022848746448289603,-4.9309544450793896e-15,-0.005876688752323389,-2.005535394035074e-16,0.375,0.0,1.0,-0.6000000238418579,0.0,0.0,14909.998046875,14050.7978515625,14050.7978515625,14909.998046875,-0.3016984834909439,0.0,0.0,0.0,25.925,1.4662499999999998,14.168,30.5,1.5,11.0,300.0,15.0,7.333333333333333
3.833333333333333,x,gym_env,0.6688569188117981,5.5777234773176504e-14,0.9996944069862366,-0.5844520926475525,5.667482881111831e-14,0.00028529210248962045,-4.994900773915879e-15,-0.011045203544199467,-1.7489692466606443e-16,0.36249998211860657,0.0,1.0,-0.6000000238418579,0.0,0.0,14043.255859375,14902.4560546875,14902.4560546875,14043.255859375,-0.9835996485471725,0.0,0.0,0.0,25.925,1.4662499999999998,14.168,30.5,1.5,11.0,300.0,15.0,7.333333333333333
3.8541666666666665,x,gym_env,0.6566618084907532,5.696980295280193e-14,0.9997040033340454,-0.5861489176750183,5.762387501840813e-14,0.0005744290538132191,-5.060392090848161e-15,-0.013480547815561295,-1.6277025836269004e-16,0.3499999940395355,0.0,1.0,-0.6000000238418579,0.0,0.0,14039.2861328125,14898.486328125,14898.486328125,14039.2861328125,-0.29943616795539857,0.0,0.0,0.0,25.925,1.4662499999999998,14.168,30.5,1.5,11.0,300.0,15.0,7.333333333333333
3.875,x,gym_env,0.6444275379180908,5.818228657108321e-14,0.9997181296348572,-0.5877810716629028,5.858441715685808e-14,0.0007518495549447834,-5.1268990002842005e-15,-0.002277747727930546,-2.1983903700949952e-16,0.3375000059604645,0.0,1.0,-0.6000000238418579,0.0,0.0,14896.7021484375,14037.5029296875,14037.5029296875,14896.7021484375,-0.9839954946994782,0.0,0.0,0.0,25.925,1.4662499999999998,14.168,30.5,1.5,11.0,300.0,15.0,7.333333333333333
3.895833333333333,x,gym_env,0.6321874856948853,5.941492957350913e-14,0.9997355937957764,-0.5870116949081421,5.955660769239868e-14,0.0008920305408537388,-5.194747186392217e-15,0.006181316450238228,-2.633754981769661e-16,0.32499998807907104,0.0,1.0,-0.6000000238418579,0.0,0.0,14893.6337890625,14034.43359375,14034.43359375,14893.6337890625,-0.29967654502391816,0.0,0.0,0.0,25.925,1.4662499999999998,14.168,30.5,1.5,11.0,300.0,15.0,7.333333333333333
3.9166666666666665,x,gym_env,0.6199826598167419,6.066797590556852e-14,0.999754786491394,-0.5850747227668762,6.054079899073597e-14,0.0009434540988877416,-5.264563877069653e-15,0.0009998881723731756,-2.362800788646035e-16,0.3125,0.0,1.0,-0.6000000238418579,0.0,0.0,14161.001953125,14765.1826171875,14765.1826171875,14161.001953125,-0.8830009136915207,0.0,0.0,0.0,25.925,1.4662499999999998,14.168,30.5,1.5,11.0,300.0,15.0,7.333333333333333
3.9375,x,gym_env,0.6078049540519714,6.194167628901376e-14,0.9997736811637878,-0.5843759179115295,6.153777032218144e-14,0.0008801402873359621,-5.334783331913508e-15,-0.0038750944659113884,-2.105762288054613e-16,0.29999998211860657,0.0,1.0,-0.6000000238418579,0.0,0.0,14303.4736328125,14624.94140625,14624.94140625,14303.4736328125,-0.41106263058185577,0.0,0.0,0.0,25.925,1.4662499999999998,14.168,30.5,1.5,11.0,300.0,15.0,7.333333333333333
3.958333333333333,x,gym_env,0.5956305861473083,6.323631532691512e-14,0.9997907876968384,-0.5843542218208313,6.254771819837884e-14,0.0007837160956114531,-5.4057418230038425e-15,-0.0018519459990784526,-2.2148839544626085e-16,0.2874999940395355,0.0,1.0,-0.6000000238418579,0.0,0.0,14894.294921875,14035.0947265625,14035.0947265625,14894.294921875,-0.7706252374887467,0.0,0.0,0.0,25.925,1.4662499999999998,14.168,30.5,1.5,11.0,300.0,15.0,7.333333333333333
3.9791666666666665,x,gym_env,0.5834607481956482,6.455217084607931e-14,0.9998080134391785,-0.5840180516242981,6.35715303098569e-14,0.0008567784680053592,-5.473323193733474e-15,-0.005970846861600876,-1.9908384459579257e-16,0.2749999761581421,0.0,1.0,-0.6000000238418579,0.0,0.0,14702.4169921875,14226.6025390625,14226.6025390625,14702.4169921875,-0.4518931545734406,0.0,0.0,0.0,25.925,1.4662499999999998,14.168,30.5,1.5,11.0,300.0,15.0,7.333333333333333
4.0,x,gym_env,0.5712857246398926,6.588950712078587e-14,0.999825119972229,-0.5849792957305908,6.460725509270515e-14,0.000791778729762882,-5.5404823185388995e-15,-0.020064350217580795,-1.2159237367174286e-16,0.26249998807907104,0.0,1.0,-0.6000000238418579,0.0,0.0,14039.84375,14899.0439453125,14899.0439453125,14039.84375,-0.8322443305253983,0.0,0.0,0.0,25.925,1.4662499999999998,14.168,30.5,1.5,11.0,300.0,15.0,7.333333333333333
4.020833333333333,x,gym_env,0.559055507183075,6.724858842531434e-14,0.9998436570167542,-0.5887803435325623,6.565687799215195e-14,0.0009466392803005874,-5.607576221807386e-15,-0.02897471934556961,-7.210702806214193e-17,0.2499999850988388,0.0,1.0,-0.6000000238418579,0.0,0.0,14040.3056640625,14899.505859375,14899.505859375,14040.3056640625,-0.2980199489355087,0.0,0.0,0.0,25.925,1.4662499999999998,14.168,30.5,1.5,11.0,300.0,15.0,7.333333333333333
4.041666666666666,x,gym_env,0.546725869178772,6.862969258647142e-14,0.9998650550842285,-0.5938363671302795,6.671844066802324e-14,0.0010835329303517938,-5.671130374389297e-15,-0.024239826947450638,-9.88994014852896e-17,0.23749998211860657,0.0,1.0,-0.6000000238418579,0.0,0.0,14896.244140625,14037.0439453125,14037.0439453125,14896.244140625,-0.9844923294305802,0.0,0.0,0.0,25.925,1.4662499999999998,14.168,30.5,1.5,11.0,300.0,15.0,7.333333333333333
4.0625,x,gym_env,0.5343025922775269,7.003304322095519e-14,0.9998884797096252,-0.5978029370307922,6.779072339287498e-14,0.0011559301055967808,-5.731636902426987e-15,-0.022237971425056458,-1.1028314710202807e-16,0.22499999403953552,0.0,1.0,-0.6000000238418579,0.0,0.0,14894.1328125,14034.9326171875,14034.9326171875,14894.1328125,-0.2987750301599503,0.0,0.0,0.0,25.925,1.4662499999999998,14.168,30.5,1.5,11.0,300.0,15.0,7.333333333333333
4.083333333333333,x,gym_env,0.5217995643615723,7.145886394546372e-14,0.9999127388000488,-0.601909339427948,6.887336024847396e-14,0.001165029127150774,-5.792674096606132e-15,-0.03386891633272171,-4.331216287256669e-17,0.21249999105930328,0.0,1.0,-0.6000000238418579,0.0,0.0,14037.6337890625,14896.833984375,14896.833984375,14037.6337890625,-0.9853162176132202,0.0,0.0,0.0,25.925,1.4662499999999998,14.168,30.5,1.5,11.0,300.0,15.0,7.333333333333333
4.104166666666666,x,gym_env,0.5091819167137146,7.290737837669509e-14,0.9999372959136963,-0.6084941625595093,6.996687978337926e-14,0.0011745304800570011,-5.852464034770445e-15,-0.04275361821055412,8.278779258094099e-18,0.19999998807907104,0.0,1.0,-0.6000000238418579,0.0,0.0,14038.904296875,14898.1044921875,14898.1044921875,14038.904296875,-0.2998717944145203,0.0,0.0,0.0,25.925,1.4662499999999998,14.168,30.5,1.5,11.0,300.0,15.0,7.333333333333333
4.125,x,gym_env,0.49640682339668274,7.437880335508379e-14,0.9999617338180542,-0.616323709487915,7.107052983233372e-14,0.0011718514142557979,-5.910219399795453e-15,-0.03799471631646156,-1.980577435895328e-17,0.1874999850988388,0.0,1.0,-0.6000000238418579,0.0,0.0,14895.9453125,14036.7451171875,14036.7451171875,14895.9453125,-0.9867988056659699,0.0,0.0,0.0,25.925,1.4662499999999998,14.168,30.5,1.5,11.0,300.0,15.0,7.333333333333333
4.145833333333333,x,gym_env,0.4834804832935333,7.587334216853717e-14,0.9999858140945435,-0.6230542659759521,7.218417487006579e-14,0.001150996540673077,-5.9729667534951045e-15,-0.035969242453575134,-3.1813521868744604e-17,0.17499998211860657,0.0,1.0,-0.6000000238418579,0.0,0.0,14894.2216796875,14035.021484375,14035.021484375,14894.2216796875,-0.3012830113172531,0.0,0.0,0.0,25.925,1.4662499999999998,14.168,30.5,1.5,11.0,300.0,15.0,7.333333333333333
4.166666666666666,x,gym_env,0.47041699290275574,7.739121165748972e-14,1.0000089406967163,-0.6299139857292175,7.330844508908821e-14,0.0010760650038719177,-6.036917741012804e-15,-0.04757653549313545,3.787053866927435e-17,0.16249997913837433,0.0,1.0,-0.6000000238418579,0.0,0.0,14036.2001953125,14895.3994140625,14895.3994140625,14036.2001953125,-0.9879273121118546,0.0,0.0,0.0,25.925,1.4662499999999998,14.168,30.5,1.5,11.0,300.0,15.0,7.333333333333333
4.1875,x,gym_env,0.4571816027164459,7.893264221490309e-14,1.0000296831130981,-0.6392396092414856,7.444329305555594e-14,0.0009248603601008654,-6.099940380420313e-15,-0.05643848329782486,9.152009015347953e-17,0.14999999105930328,0.0,1.0,-0.6000000238418579,0.0,0.0,14036.55859375,14895.7587890625,14895.7587890625,14036.55859375,-0.3014886525869369,0.0,0.0,0.0,25.925,1.4662499999999998,14.168,30.5,1.5,11.0,300.0,15.0,7.333333333333333
4.208333333333333,x,gym_env,0.4437318444252014,8.049783712868464e-14,1.0000463724136353,-0.6497978568077087,7.558829864112715e-14,0.0007190582109615207,-6.159120878379077e-15,-0.05165872722864151,6.207701314868324e-17,0.13749998807907104,0.0,1.0,-0.6000000238418579,0.0,0.0,14895.359375,14036.1591796875,14036.1591796875,14895.359375,-0.9888217753887176,0.0,0.0,0.0,25.925,1.4662499999999998,14.168,30.5,1.5,11.0,300.0,15.0,7.333333333333333
4.229166666666666,x,gym_env,0.43007412552833557,8.208702001553242e-14,1.0000592470169067,-0.6592499017715454,7.674333309679385e-14,0.0005599645664915442,-6.215486685854114e-15,-0.04961298033595085,4.941520400237889e-17,0.1249999850988388,0.0,1.0,-0.6000000238418579,0.0,0.0,14597.09765625,14331.900390625,14331.900390625,14597.09765625,-0.5391237725257874,0.0,0.0,0.0,25.925,1.4662499999999998,14.168,30.5,1.5,11.0,300.0,15.0,7.333333333333333
4.25,x,gym_env,0.4162237048149109,8.37003602820359e-14,1.0000665187835693,-0.6686593294143677,7.790656683138997e-14,0.00020392733858898282,-6.273632109551333e-15,-0.05554557964205742,8.642590165979416e-17,0.11249998211860657,0.0,1.0,-0.6000000238418579,0.0,0.0,14035.71875,14894.9189453125,14894.9189453125,14035.71875,-0.7512947069883347,0.0,0.0,0.0,25.925,1.4662499999999998,14.168,30.5,1.5,11.0,300.0,15.0,7.333333333333333
4.270833333333333,x,gym_env,0.4021633267402649,8.533806799236598e-14,1.000067949295044,-0.6791492104530334,7.907998529014387e-14,-2.405773921054788e-05,-6.32801289531448e-15,-0.05497441068291664,8.270075001944326e-17,0.09999998658895493,0.0,1.0,-0.6000000238418579,0.0,0.0,14035.2822265625,14894.482421875,14894.482421875,14035.2822265625,-0.30157947649955746,0.0,0.0,0.0,25.925,1.4662499999999998,14.168,30.5,1.5,11.0,300.0,15.0,7.333333333333333
4.291666666666666,x,gym_env,0.38788846135139465,8.700033288190287e-14,1.000064730644226,-0.6889452934265137,8.026222644407638e-14,-0.00022817685385234654,-6.3782762539210235e-15,-0.04077412188053131,-7.646202810811521e-18,0.08749998360872269,0.0,1.0,-0.6000000238418579,0.0,0.0,14896.75390625,14037.5537109375,14037.5537109375,14896.75390625,-0.9876634783267975,0.0,0.0,0.0,25.925,1.4662499999999998,14.168,30.5,1.5,11.0,300.0,15.0,7.333333333333333
4.3125,x,gym_env,0.37344545125961304,8.868733790976316e-14,1.000059723854065,-0.6957190036773682,8.14537171977929e-14,-0.0002328420232515782,-6.42787553869692e-15,-0.029324907809495926,-8.092367489610374e-17,0.07499998062849045,0.0,1.0,-0.6000000238418579,0.0,0.0,14896.7041015625,14037.50390625,14037.50390625,14896.7041015625,-0.29903333587646486,0.0,0.0,0.0,25.925,1.4662499999999998,14.168,30.5,1.5,11.0,300.0,15.0,7.333333333333333
4.333333333333333,x,gym_env,0.3588883876800537,9.039927958759061e-14,1.0000555515289307,-0.7007006406784058,8.265375281988133e-14,-0.00017719948664307594,-6.480473320106097e-15,-0.03152183070778847,-6.675213870915945e-17,0.06249998137354851,0.0,1.0,-0.6000000238418579,0.0,0.0,14035.0283203125,14894.2275390625,14894.2275390625,14035.0283203125,-0.9850167785644531,0.0,0.0,0.0,25.925,1.4662499999999998,14.168,30.5,1.5,11.0,300.0,15.0,7.333333333333333
4.354166666666666,x,gym_env,0.3442225158214569,9.213632054571111e-14,1.000051498413086,-0.7062298059463501,8.386165568398385e-14,-0.00020862964447587729,-6.526343118815232e-15,-0.030988909304142,-7.032693538392782e-17,0.04999998211860657,0.0,1.0,-0.6000000238418579,0.0,0.0,14034.5791015625,14893.779296875,14893.779296875,14034.5791015625,-0.29646662523746486,0.0,0.0,0.0,25.925,1.4662499999999998,14.168,30.5,1.5,11.0,300.0,15.0,7.333333333333333
4.375,x,gym_env,0.3294453024864197,9.389860986192336e-14,1.000046730041504,-0.7110821604728699,8.507671428242478e-14,-0.0002332012663828209,-6.570913992499754e-15,-0.016827479004859924,-1.6312151233800455e-16,0.03749998286366463,0.0,1.0,-0.6000000238418579,0.0,0.0,14896.6357421875,14037.435546875,14037.435546875,14896.6357421875,-0.9814018524408341,0.0,0.0,0.0,25.925,1.4662499999999998,14.168,30.5,1.5,11.0,300.0,15.0,7.333333333333333
4.395833333333333,x,gym_env,0.3146027624607086,9.568631694281682e-14,1.0000433921813965,-0.7129262089729309,8.629949104508108e-14,-0.00011426535638747737,-6.6176731758035064e-15,-0.0054172431118786335,-2.3832870745687683e-16,0.024999981746077538,0.0,1.0,-0.6000000238418579,0.0,0.0,14896.755859375,14037.556640625,14037.556640625,14896.755859375,-0.29179440970420834,0.0,0.0,0.0,25.925,1.4662499999999998,14.168,30.5,1.5,11.0,300.0,15.0,7.333333333333333
4.416666666666666,x,gym_env,0.29974862933158875,9.74995908661902e-14,1.0000426769256592,-0.712995171546936,8.752995209063488e-14,2.695308103284333e-05,-6.667516406068212e-15,-0.007653063628822565,-2.2352561556352585e-16,0.012499980628490448,0.0,1.0,-0.6000000238418579,0.0,0.0,14035.2099609375,14894.41015625,14894.41015625,14035.2099609375,-0.9767923151016236,0.0,0.0,0.0,25.925,1.4662499999999998,14.168,30.5,1.5,11.0,300.0,15.0,7.333333333333333
4.4375,x,gym_env,0.2848878502845764,9.933859426236938e-14,1.0000442266464233,-0.713631272315979,8.876852432369159e-14,9.791855700314045e-05,-6.718850414320085e-15,-0.007158900145441294,-2.2697595133460704e-16,-1.9868215517249155e-08,0.0,1.0,-0.6000000238418579,0.0,0.0,14078.4462890625,14849.2841796875,14849.2841796875,14078.4462890625,-0.32240683071613313,0.0,0.0,0.0,25.925,1.4662499999999998,14.168,30.5,1.5,11.0,300.0,15.0,7.333333333333333
4.458333333333333,x,gym_env,0.27001723647117615,1.0120351009047096e-13,1.0000463724136353,-0.7136309742927551,9.001522129677836e-14,0.00011055175127694383,-6.7707023832192046e-15,0.006122746039181948,-3.166046102994228e-16,-0.012500020675361156,0.0,1.0,-0.6000000238418579,0.0,0.0,14894.8798828125,14035.6796875,14035.6796875,14894.8798828125,-0.9363218738079072,0.0,0.0,0.0,25.925,1.4662499999999998,14.168,30.5,1.5,11.0,300.0,15.0,7.333333333333333
4.479166666666666,x,gym_env,0.2551800012588501,1.030945077570844e-13,1.0000497102737427,-0.7108441591262817,9.127049701955492e-14,0.00019216665532439947,-6.821201640501559e-15,0.01609562151134014,-3.843505436488382e-16,-0.02500002086162567,0.0,1.0,-0.6000000238418579,0.0,0.0,14893.931640625,14034.732421875,14034.732421875,14893.931640625,-0.2821699015855789,0.0,0.0,0.0,25.925,1.4662499999999998,14.168,30.5,1.5,11.0,300.0,15.0,7.333333333333333
4.5,x,gym_env,0.24042384326457977,1.0501174989253556e-13,1.0000542402267456,-0.7065855860710144,9.253342314391108e-14,0.00023039386724121869,-6.8652130489244186e-15,0.012426606379449368,-3.5928906220106997e-16,-0.03750002011656761,0.0,1.0,-0.6000000238418579,0.0,0.0,14033.677734375,14892.8779296875,14892.8779296875,14033.677734375,-0.966086554980278,0.0,0.0,0.0,25.925,1.4662499999999998,14.168,30.5,1.5,11.0,300.0,15.0,7.333333333333333
4.520833333333333,x,gym_env,0.22574740648269653,1.0695539912715032e-13,1.0000592470169067,-0.7031957507133484,9.380408776127336e-14,0.00025050900876522064,-6.9100431146908e-15,0.01148947887122631,-3.5296334074163605e-16,-0.05000002309679985,0.0,1.0,-0.6000000238418579,0.0,0.0,14428.7431640625,14496.0634765625,14496.0634765625,14428.7431640625,-0.5928403279781342,0.0,0.0,0.0,25.925,1.4662499999999998,14.168,30.5,1.5,11.0,300.0,15.0,7.333333333333333
4.541666666666666,x,gym_env,0.21114012598991394,1.0892559776246383e-13,1.000062108039856,-0.6996549367904663,9.508097976486385e-14,6.52616290608421e-05,-6.9578733711563555e-15,0.01664476841688156,-3.8876292355954304e-16,-0.06250002235174179,0.0,1.0,-0.6000000238418579,0.0,0.0,14893.572265625,14034.3720703125,14034.3720703125,14893.572265625,-0.6440161064386368,0.0,0.0,0.0,25.925,1.4662499999999998,14.168,30.5,1.5,11.0,300.0,15.0,7.333333333333333
4.5625,x,gym_env,0.19661837816238403,1.1092251520506552e-13,1.0000638961791992,-0.6952633261680603,9.636733143240928e-14,9.097241854760796e-05,-7.006803923420395e-15,0.01404261402785778,-3.706379007959587e-16,-0.07500002533197403,0.0,1.0,-0.6000000238418579,0.0,0.0,14452.765625,14473.8095703125,14473.8095703125,14452.765625,-0.623039479970932,0.0,0.0,0.0,25.925,1.4662499999999998,14.168,30.5,1.5,11.0,300.0,15.0,7.333333333333333
4.583333333333333,x,gym_env,0.18218044936656952,1.1294632763780843e-13,1.0000636577606201,-0.6917423009872437,9.76612725151621e-14,-7.038725016172975e-05,-7.05680004313208e-15,0.006193139124661684,-3.1556940368898006e-16,-0.08750002086162567,0.0,1.0,-0.6000000238418579,0.0,0.0,14036.41796875,14895.6181640625,14895.6181640625,14036.41796875,-0.6039991306781769,0.0,0.0,0.0,25.925,1.4662499999999998,14.168,30.5,1.5,11.0,300.0,15.0,7.333333333333333
4.604166666666666,x,gym_env,0.16779722273349762,1.1499723157233632e-13,1.0000635385513306,-0.6895959377288818,9.896615726359345e-14,3.811263741226867e-05,-7.107644042823966e-15,0.006666082888841629,-3.190505767532972e-16,-0.10000002384185791,0.0,1.0,-0.6000000238418579,0.0,0.0,14893.873046875,14034.6728515625,14034.6728515625,14893.873046875,-0.9539064890861512,0.0,0.0,0.0,25.925,1.4662499999999998,14.168,30.5,1.5,11.0,300.0,15.0,7.333333333333333
4.625,x,gym_env,0.15345939993858337,1.1707543029655654e-13,1.0000650882720947,-0.6872460842132568,1.0027938359248936e-13,9.602779027773067e-05,-7.15864643767699e-15,0.0044108908623456955,-3.0299991120775907e-16,-0.11250002682209015,0.0,1.0,-0.6000000238418579,0.0,0.0,14565.0673828125,14362.171875,14362.171875,14565.0673828125,-0.5270475895166398,0.0,0.0,0.0,25.925,1.4662499999999998,14.168,30.5,1.5,11.0,300.0,15.0,7.333333333333333
4.645833333333333,x,gym_env,0.13916344940662384,1.1918108644079495e-13,1.000065565109253,-0.685748279094696,1.0160024677043772e-13,-3.102330447291024e-05,-7.208152125312214e-15,-0.005223650019615889,-2.3391135122760684e-16,-0.1250000298023224,0.0,1.0,-0.6000000238418579,0.0,0.0,14036.96875,14896.1689453125,14896.1689453125,14036.96875,-0.6876248246192932,0.0,0.0,0.0,25.925,1.4662499999999998,14.168,30.5,1.5,11.0,300.0,15.0,7.333333333333333
4.666666666666666,x,gym_env,0.1248752623796463,1.2131437618790458e-13,1.0000663995742798,-0.6860750317573547,1.0293163348572276e-13,9.19742597034201e-05,-7.25668287802515e-15,-0.00795340072363615,-2.1430983092295006e-16,-0.13750003278255463,0.0,1.0,-0.6000000238418579,0.0,0.0,14359.5615234375,14570.8466796875,14570.8466796875,14359.5615234375,-0.5202258064746856,0.0,0.0,0.0,25.925,1.4662499999999998,14.168,30.5,1.5,11.0,300.0,15.0,7.333333333333333
4.6875,x,gym_env,0.11057460308074951,1.2347550282579278e-13,1.0000672340393066,-0.6865677237510681,1.0426947798019767e-13,6.452075012930436e-06,-7.304354739329569e-15,-0.0032168454490602016,-2.4884888313155484e-16,-0.15000002086162567,0.0,1.0,-0.6000000238418579,0.0,0.0,14895.4150390625,14036.21484375,14036.21484375,14895.4150390625,-0.6874039731740951,0.0,0.0,0.0,25.925,1.4662499999999998,14.168,30.5,1.5,11.0,300.0,15.0,7.333333333333333
4.708333333333333,x,gym_env,0.09627459943294525,1.256646018797311e-13,1.0000686645507812,-0.6862347722053528,1.0561634168149495e-13,0.00011157936387462541,-7.352015589205674e-15,-0.005324846133589745,-2.3343243350527334e-16,-0.1625000238418579,0.0,1.0,-0.6000000238418579,0.0,0.0,14488.9638671875,14440.19921875,14440.19921875,14488.9638671875,-0.5816511028766632,0.0,0.0,0.0,25.925,1.4662499999999998,14.168,30.5,1.5,11.0,300.0,15.0,7.333333333333333
4.729166666666666,x,gym_env,0.08197514712810516,1.278818495325726e-13,1.0000696182250977,-0.6866781115531921,1.0696963605692777e-13,-1.861214968812419e-06,-7.399624770071996e-15,-0.013345984742045403,-1.743846947261022e-16,-0.17500002682209015,0.0,1.0,-0.6000000238418579,0.0,0.0,14037.19921875,14896.3994140625,14896.3994140625,14037.19921875,-0.6191165787935258,0.0,0.0,0.0,25.925,1.4662499999999998,14.168,30.5,1.5,11.0,300.0,15.0,7.333333333333333
4.75,x,gym_env,0.06764732301235199,1.301274084146431e-13,1.0000710487365723,-0.6885553002357483,1.0833255272664141e-13,0.00011211929086130112,-7.445349302630678e-15,-0.013486869633197784,-1.734614420484848e-16,-0.1875000298023224,0.0,1.0,-0.6000000238418579,0.0,0.0,14579.6396484375,14350.611328125,14350.611328125,14579.6396484375,-0.6895990965127945,0.0,0.0,0.0,25.925,1.4662499999999998,14.168,30.5,1.5,11.0,300.0,15.0,7.333333333333333
4.770833333333333,x,gym_env,0.053280673921108246,1.3240142760374135e-13,1.0000721216201782,-0.6901798844337463,1.0970108691886124e-13,1.493497984483838e-05,-7.490514793444172e-15,-0.010355991311371326,-1.9688429855512017e-16,-0.20000003278255463,0.0,1.0,-0.6000000238418579,0.0,0.0,14895.67578125,14036.4755859375,14036.4755859375,14895.67578125,-0.5046768167972564,0.0,0.0,0.0,25.925,1.4662499999999998,14.168,30.5,1.5,11.0,300.0,15.0,7.333333333333333
4.791666666666666,x,gym_env,0.03888653591275215,1.3470406973019322e-13,1.0000736713409424,-0.6914767026901245,1.1107830828098811e-13,0.00011575933604035527,-7.539312361535492e-15,-0.01686161197721958,-1.4805089038221923e-16,-0.21250003576278687,0.0,1.0,-0.6000000238418579,0.0,0.0,14035.01953125,14894.2197265625,14894.2197265625,14035.01953125,-0.9384408510446549,0.0,0.0,0.0,25.925,1.4662499999999998,14.168,30.5,1.5,11.0,300.0,15.0,7.333333333333333
4.8125,x,gym_env,0.02444928139448166,1.3703549742432458e-13,1.0000766515731812,-0.6942091584205627,1.1246326813612109e-13,0.0001538628275739029,-7.590128409140119e-15,-0.020631469786167145,-1.1967209704075816e-16,-0.2250000238418579,0.0,1.0,-0.6000000238418579,0.0,0.0,14033.947265625,14893.1474609375,14893.1474609375,14033.947265625,-0.25037788186073306,0.0,0.0,0.0,25.925,1.4662499999999998,14.168,30.5,1.5,11.0,300.0,15.0,7.333333333333333
4.833333333333333,x,gym_env,0.009947882033884525,1.3939588686898846e-13,1.000079870223999,-0.697147786617279,1.1385613589084964e-13,0.0001579450472490862,-7.641652576288651e-15,-0.010767675936222076,-1.9485325913139217e-16,-0.23750002682209015,0.0,1.0,-0.6000000238418579,0.0,0.0,14892.810546875,14033.6103515625,14033.6103515625,14892.810546875,-0.9349637872695923,0.0,0.0,0.0,25.925,1.4662499999999998,14.168,30.5,1.5,11.0,300.0,15.0,7.333333333333333
4.854166666666666,x,gym_env,-0.0045899683609604836,1.4178538714198358e-13,1.0000834465026855,-0.6979572176933289,1.152573587785699e-13,0.0001815005816752091,-7.698803583305793e-15,-0.003645080840215087,-2.49437941606811e-16,-0.2500000298023224,0.0,1.0,-0.6000000238418579,0.0,0.0,14892.12109375,14032.9208984375,14032.9208984375,14892.12109375,-0.24610308904647826,0.0,0.0,0.0,25.925,1.4662499999999998,14.168,30.5,1.5,11.0,300.0,15.0,7.333333333333333
4.875,x,gym_env,-0.019128812476992607,1.4420420153121727e-13,1.0000873804092407,-0.6978687644004822,1.1666806843529942e-13,0.00019247936143074185,-7.758847207837809e-15,-0.010159033350646496,-1.9914767646930207e-16,-0.26250001788139343,0.0,1.0,-0.6000000238418579,0.0,0.0,14032.4921875,14891.69140625,14891.69140625,14032.4921875,-0.9310608570337295,0.0,0.0,0.0,25.925,1.4662499999999998,14.168,30.5,1.5,11.0,300.0,15.0,7.333333333333333
4.895833333333333,x,gym_env,-0.0336819626390934,1.4665253332459688e-13,1.0000911951065063,-0.6992202401161194,1.180892813005749e-13,0.00017946002481039613,-7.822928638429386e-15,-0.013937312178313732,-1.6986760036729302e-16,-0.27500003576278687,0.0,1.0,-0.6000000238418579,0.0,0.0,14032.2158203125,14891.4150390625,14891.4150390625,14032.2158203125,-0.24206801578998566,0.0,0.0,0.0,25.925,1.4662499999999998,14.168,30.5,1.5,11.0,300.0,15.0,7.333333333333333
4.916666666666666,x,gym_env,-0.04827055335044861,1.491305993625569e-13,1.0000946521759033,-0.7007829546928406,1.1952137684515668e-13,0.00015633444127161056,-7.887574192963834e-15,-0.0040838755667209625,-2.473089242938873e-16,-0.2875000238418579,0.0,1.0,-0.6000000238418579,0.0,0.0,14891.9267578125,14032.7265625,14032.7265625,14891.9267578125,-0.9270260606765748,0.0,0.0,0.0,25.925,1.4662499999999998,14.168,30.5,1.5,11.0,300.0,15.0,7.333333333333333
4.9375,x,gym_env,-0.06286700069904327,1.516386571431133e-13,1.0000979900360107,-0.700221836566925,1.209643821740991e-13,0.00016241417324636132,-7.953425075382225e-15,0.003028221195563674,-3.03563135178124e-16,-0.30000004172325134,0.0,1.0,-0.6000000238418579,0.0,0.0,14891.736328125,14032.5361328125,14032.5361328125,14891.736328125,-0.23753160858154299,0.0,0.0,0.0,25.925,1.4662499999999998,14.168,30.5,1.5,11.0,300.0,15.0,7.333333333333333
4.958333333333333,x,gym_env,-0.0774359405040741,1.5417690995417344e-13,1.0001013278961182,-0.6987677812576294,1.2241863610058107e-13,0.00016402419714722782,-8.019317462415031e-15,-0.0034956668969243765,-2.5150250500640455e-16,-0.3125000298023224,0.0,1.0,-0.6000000238418579,0.0,0.0,14032.3291015625,14891.529296875,14891.529296875,14032.3291015625,-0.9226831740856171,0.0,0.0,0.0,25.925,1.4662499999999998,14.168,30.5,1.5,11.0,300.0,15.0,7.333333333333333
4.979166666666666,x,gym_env,-0.09199080616235733,1.567456017412261e-13,1.0001046657562256,-0.698758602142334,1.2388469427821597e-13,0.00015751125465612859,-8.085092958901117e-15,-0.007283803541213274,-2.2115646441005557e-16,-0.3250000476837158,0.0,1.0,-0.6000000238418579,0.0,0.0,14032.115234375,14891.3154296875,14891.3154296875,14032.115234375,-0.2334631190776825,0.0,0.0,0.0,25.925,1.4662499999999998,14.168,30.5,1.5,11.0,300.0,15.0,7.333333333333333
5.0,x,gym_env,-0.10655282437801361,1.593449764497601e-13,1.000107765197754,-0.6989653706550598,1.2536210947360765e-13,0.00014406198170036077,-8.15132246504693e-15,0.0025596842169761658,-3.011096777766223e-16,-0.33750003576278687,0.0,1.0,-0.6000000238418579,0.0,0.0,14891.677734375,14032.4775390625,14032.4775390625,14891.677734375,-0.9183236367225647,0.0,0.0,0.0,25.925,1.4662499999999998,14.168,30.5,1.5,11.0,300.0,15.0,7.333333333333333
5.020833333333333,x,gym_env,-0.12109450250864029,1.6197527802526424e-13,1.0001107454299927,-0.6970529556274414,1.268504886634686e-13,0.00014150544302538037,-8.219171498187895e-15,0.009661958552896976,-3.5916208666832063e-16,-0.3500000238418579,0.0,1.0,-0.6000000238418579,0.0,0.0,14891.470703125,14032.2705078125,14032.2705078125,14891.470703125,-0.22872291662693023,0.0,0.0,0.0,25.925,1.4662499999999998,14.168,30.5,1.5,11.0,300.0,15.0,7.333333333333333
5.041666666666666,x,gym_env,-0.13558058440685272,1.6463672330817303e-13,1.000113606452942,-0.6942523717880249,1.2835064499942817e-13,0.00012809975305572152,-8.291698694296544e-15,0.003128503216430545,-3.0526927129213095e-16,-0.36250004172325134,0.0,1.0,-0.6000000238418579,0.0,0.0,14032.4814453125,14891.681640625,14891.681640625,14032.4814453125,-0.9137707746744156,0.0,0.0,0.0,25.925,1.4662499999999998,14.168,30.5,1.5,11.0,300.0,15.0,7.333333333333333
5.0625,x,gym_env,-0.15002460777759552,1.6732959690155674e-13,1.000116229057312,-0.6929012537002563,1.298645707029783e-13,0.00012794349458999932,-8.369371615559763e-15,-0.0006690002628602087,-2.738083500487381e-16,-0.3750000298023224,0.0,1.0,-0.6000000238418579,0.0,0.0,14032.3740234375,14891.57421875,14891.57421875,14032.3740234375,-0.2244037057161331,0.0,0.0,0.0,25.925,1.4662499999999998,14.168,30.5,1.5,11.0,300.0,15.0,7.333333333333333
5.083333333333333,x,gym_env,-0.1644478589296341,1.7005418340848566e-13,1.0001188516616821,-0.6917706727981567,1.313923606418091e-13,0.00012527835497166961,-8.446090777724374e-15,0.009165335446596146,-3.5652797302103737e-16,-0.3875000476837158,0.0,1.0,-0.6000000238418579,0.0,0.0,14891.203125,14032.00390625,14032.00390625,14891.203125,-0.9093156640291213,0.0,0.0,0.0,25.925,1.4662499999999998,14.168,30.5,1.5,11.0,300.0,15.0,7.333333333333333
