time,axis,backend,x,y,z,vx,vy,vz,roll,pitch,yaw,target_x,target_y,target_z,target_vx,target_vy,target_vz,rpm0,rpm1,rpm2,rpm3,reward,disturbance_x,disturbance_y,disturbance_z,x_b0,x_omega_c,x_k,y_b0,y_omega_c,y_k,z_b0,z_omega_c,z_k
0.0,x,gym_env,0.0,0.0,1.0,0.0,0.0,0.0,0.0,-0.0,0.0,0.0,0.0,1.0,0.0,0.0,0.0,14468.4287109375,14468.4287109375,14468.4287109375,14468.4287109375,-8.13474296875,0.0,0.0,0.0,0.8,6.6,3.2,30.5,1.5,11.0,300.0,15.0,7.333333333333333
0.020833333333333332,x,gym_env,0.0,0.0,1.0,0.0,0.0,-1.3332407178268113e-08,0.0,-0.0,0.0,0.0,0.0,1.0,0.0,0.0,0.0,14468.4296875,14468.4296875,14468.4296875,14468.4296875,-7.8125e-07,0.0,0.0,0.0,0.8,6.6,3.2,30.5,1.5,11.0,300.0,15.0,7.333333333333333
0.041666666666666664,x,gym_env,0.0,0.0,1.0,0.0,0.0,8.980127197411036e-10,0.0,-0.0,0.0,0.0,0.0,1.0,0.0,0.0,0.0,14468.4287109375,14468.4287109375,14468.4287109375,14468.4287109375,-7.8125e-07,0.0,0.0,0.0,0.8,6.6,3.2,30.5,1.5,11.0,300.0,15.0,7.333333333333333
0.0625,x,gym_env,0.0,0.0,1.0,0.0,0.0,-1.2435142693334456e-08,0.0,-0.0,0.0,0.0,0.0,1.0,0.0,0.0,0.0,14468.4296875,14468.4296875,14468.4296875,14468.4296875,-7.8125e-07,0.0,0.0,0.0,0.8,6.6,3.2,30.5,1.5,11.0,300.0,15.0,7.333333333333333
0.08333333333333333,x,gym_env,0.0,0.0,1.0,0.0,0.0,1.7945298580457347e-09,0.0,-0.0,0.0,0.0,0.0,1.0,0.0,0.0,0.0,14468.4287109375,14468.4287109375,14468.4287109375,14468.4287109375,-7.8125e-07,0.0,0.0,0.0,0.8,6.6,3.2,30.5,1.5,11.0,300.0,15.0,7.333333333333333
0.10416666666666666,x,gym_env,0.0,0.0,1.0,0.0,0.0,-1.1539372124502734e-08,0.0,-0.0,0.0,0.0,0.0,1.0,0.6000000238418579,0.0,0.0,14468.4296875,14468.4296875,14468.4296875,14468.4296875,-0.09000078482627868,0.0,0.0,0.0,0.8,6.6,3.2,30.5,1.5,11.0,300.0,15.0,7.333333333333333
0.125,x,gym_env,0.0,0.0,1.0,0.0,0.0,2.6895539129156987e-09,0.0,-0.0,0.0,0.012500000186264515,0.0,1.0,0.6000000238418579,0.0,0.0,14038.8291015625,14898.029296875,14898.029296875,14038.8291015625,-0.4461452504232526,0.0,0.0,0.0,0.8,6.6,3.2,30.5,1.5,11.0,300.0,15.0,7.333333333333333
0.14583333333333331,x,gym_env,1.393427965012961e-06,-2.2894487798747387e-22,1.0000022649765015,0.00022294015798252076,-4.3957043372967054e-20,0.00017966270388569683,2.1512492394521185e-18,0.008181506767868996,1.0172525001509352e-20,0.02500000037252903,0.0,1.0,0.6000000238418579,0.0,0.0,14262.55078125,15121.7509765625,15121.7509765625,14262.55078125,-0.2935328751176596,0.0,0.0,0.0,0.8,6.6,3.2,30.5,1.5,11.0,300.0,15.0,7.333333333333333
0.16666666666666666,x,gym_env,3.143048525089398e-05,-7.469915106177637e-21,1.0000876188278198,0.002753639128059149,-6.556657982147114e-19,0.0067022014409303665,5.917812643194727e-18,0.030109308660030365,1.0521012962403675e-19,0.03750000149011612,0.0,1.0,0.6000000238418579,0.0,0.0,15204.8828125,16064.08203125,16064.08203125,15204.8828125,-0.8794514855444432,0.0,0.0,0.0,0.8,6.6,3.2,30.5,1.5,11.0,300.0,15.0,7.333333333333333
0.1875,x,gym_env,0.0001857326424214989,-3.9558384449919886e-20,1.0006555318832397,0.011520162224769592,-2.257943337557424e-18,0.04092862457036972,8.889758846763529e-18,0.06636592745780945,3.9115393688980794e-19,0.05000000074505806,0.0,1.0,0.6000000238418579,0.0,0.0,16975.197265625,17834.396484375,17834.396484375,16975.197265625,-1.5504720978081226,0.0,0.0,0.0,0.8,6.6,3.2,30.5,1.5,11.0,300.0,15.0,7.333333333333333
0.20833333333333331,x,gym_env,0.0006833527004346251,-1.2017445375292897e-19,1.0026415586471558,0.033974118530750275,-5.0487208569551685e-18,0.13143764436244965,1.190016191778084e-17,0.11825376749038696,9.514586059272556e-19,0.0625,0.0,1.0,0.6000000238418579,0.0,0.0,19297.736328125,20156.935546875,20156.935546875,19297.736328125,-1.9960086005032063,0.0,0.0,0.0,0.8,6.6,3.2,30.5,1.5,11.0,300.0,15.0,7.333333333333333
0.22916666666666666,x,gym_env,0.0019723293371498585,-2.7992812979863077e-19,1.0075359344482422,0.0836687982082367,-9.369319288432985e-18,0.30347058176994324,1.1759049041182357e-17,0.18767328560352325,1.7923579055418987e-18,0.07500000298023224,0.0,1.0,0.6000000238418579,0.0,0.0,21146.09375,21666.447265625,21666.447265625,21146.09375,-1.4772534921050071,0.0,0.0,0.0,0.8,6.6,3.2,30.5,1.5,11.0,300.0,15.0,7.333333333333333
0.25,x,gym_env,0.0047868043184280396,-5.420348083961714e-19,1.0167829990386963,0.17404910922050476,-1.4952105171979953e-17,0.5364325046539307,1.8770460215030884e-17,0.27156925201416016,3.046706787331345e-18,0.08750000596046448,0.0,1.0,0.6000000238418579,0.0,0.0,20740.6796875,19881.478515625,19881.478515625,20740.6796875,-1.0006769315719606,0.0,0.0,0.0,0.8,6.6,3.2,30.5,1.5,11.0,300.0,15.0,7.333333333333333
0.2708333333333333,x,gym_env,0.009783650748431683,-9.49352293894966e-19,1.0302358865737915,0.2879503667354584,-2.336594648049171e-17,0.7173057198524475,3.5265780007569367e-17,0.3485160171985626,5.08690310044031e-18,0.10000000149011612,0.0,1.0,0.6000000238418579,0.0,0.0,10193.232421875,9440.2998046875,9440.2998046875,10193.232421875,-8.521143792104722,0.0,0.0,0.0,0.8,6.6,3.2,30.5,1.5,11.0,300.0,15.0,7.333333333333333
0.29166666666666663,x,gym_env,0.016183704137802124,-1.4763353102748162e-18,1.0437191724777222,0.3208167254924774,-2.678329263438306e-17,0.6001908183097839,5.2354944342388244e-17,0.41267722845077515,8.00394684521213e-18,0.11250000447034836,0.0,1.0,0.6000000238418579,0.0,0.0,9440.2998046875,9440.2998046875,9440.2998046875,9440.2998046875,-0.42694495086669926,0.0,0.0,0.0,0.8,6.6,3.2,30.5,1.5,11.0,300.0,15.0,7.333333333333333
0.3125,x,gym_env,0.023301418870687485,-2.088315684087859e-18,1.054654598236084,0.3561779260635376,-3.1275983510760695e-17,0.4744505286216736,6.953525074582066e-17,0.4733883738517761,1.2000051421372132e-17,0.125,0.0,1.0,0.6000000238418579,0.0,0.0,9440.2998046875,9440.2998046875,9440.2998046875,9440.2998046875,-0.12434784173965455,0.0,0.0,0.0,0.8,6.6,3.2,30.5,1.5,11.0,300.0,15.0,7.333333333333333
0.3333333333333333,x,gym_env,0.031214958056807518,-2.8100320093112945e-18,1.0629446506500244,0.3962480127811432,-3.70570495502203e-17,0.34659451246261597,8.757275780059689e-17,0.5339019894599915,1.732493066173119e-17,0.13750000298023224,0.0,1.0,0.6000000238418579,0.0,0.0,9440.2998046875,9440.2998046875,9440.2998046875,9440.2998046875,-0.121351657807827,0.0,0.0,0.0,0.8,6.6,3.2,30.5,1.5,11.0,300.0,15.0,7.333333333333333
0.35416666666666663,x,gym_env,0.04002029076218605,-3.66805260343729e-18,1.0685412883758545,0.4408537447452545,-4.410405265146576e-17,0.21632876992225647,1.0669017230611824e-16,0.5942190885543823,2.4150973969029035e-17,0.15000000596046448,0.0,1.0,0.6000000238418579,0.0,0.0,9440.2998046875,9440.2998046875,9440.2998046875,9440.2998046875,-0.11672036051750183,0.0,0.0,0.0,0.8,6.6,3.2,30.5,1.5,11.0,300.0,15.0,7.333333333333333
0.375,x,gym_env,0.049809522926807404,-4.688417112149014e-18,1.0713908672332764,0.4898008406162262,-5.238951387454806e-17,0.0833778977394104,1.2715790953079565e-16,0.6543408632278442,3.270358144274146e-17,0.16250000894069672,0.0,1.0,0.6000000238418579,0.0,0.0,9440.2998046875,9440.2998046875,9440.2998046875,9440.2998046875,-0.11039843559265136,0.0,0.0,0.0,0.8,6.6,3.2,30.5,1.5,11.0,300.0,15.0,7.333333333333333
0.3958333333333333,x,gym_env,0.060670435428619385,-5.896526390901593e-18,1.071434497833252,0.542874276638031,-6.188079928994076e-17,-0.05250886455178261,1.4931169892420725e-16,0.7142683863639832,4.32779705347662e-17,0.17500001192092896,0.0,1.0,0.6000000238418579,0.0,0.0,9440.2998046875,9440.2998046875,9440.2998046875,9440.2998046875,-0.10233769863843918,0.0,0.0,0.0,0.8,6.6,3.2,30.5,1.5,11.0,300.0,15.0,7.333333333333333
0.41666666666666663,x,gym_env,0.07268611341714859,-7.31704117529707e-18,1.0686079263687134,0.5998413562774658,-7.254035158911151e-17,-0.1915542334318161,1.7357756497159745e-16,0.774002730846405,5.626360103855036e-17,0.1875000149011612,0.0,1.0,0.6000000238418579,0.0,0.0,9440.2998046875,9440.2998046875,9440.2998046875,9440.2998046875,-0.11063375174999238,0.0,0.0,0.0,0.8,6.6,3.2,30.5,1.5,11.0,300.0,15.0,7.333333333333333
0.4375,x,gym_env,0.08593462407588959,-8.973780544664215e-18,1.0628429651260376,0.6604557633399963,-8.432612683588545e-17,-0.333953857421875,2.0050869959686212e-16,0.8335450291633606,7.218038905630803e-17,0.20000000298023224,0.0,1.0,0.6000000238418579,0.0,0.0,9440.2998046875,9440.2998046875,9440.2998046875,9440.2998046875,-0.11818025559186936,0.0,0.0,0.0,0.8,6.6,3.2,30.5,1.5,11.0,300.0,15.0,7.333333333333333
0.4583333333333333,x,gym_env,0.10048874467611313,-1.088963837681666e-17,1.0540674924850464,0.7244600057601929,-9.719195511719234e-17,-0.4798792898654938,2.3084085679381e-16,0.892896294593811,9.173371450975503e-17,0.21250000596046448,0.0,1.0,0.6000000238418579,0.0,0.0,9440.2998046875,9440.2998046875,9440.2998046875,9440.2998046875,-0.12482212036848069,0.0,0.0,0.0,0.8,6.6,3.2,30.5,1.5,11.0,300.0,15.0,7.333333333333333
0.47916666666666663,x,gym_env,0.11641576141119003,-1.3086495253317655e-17,1.0422061681747437,0.7915858626365662,-1.1108778869725025e-16,-0.629480242729187,2.6557892204035014e-16,0.9520576596260071,1.1590061666865939e-16,0.22500000894069672,0.0,1.0,0.6000000238418579,0.0,0.0,9440.2998046875,9440.2998046875,9440.2998046875,9440.2998046875,-0.1304561048746109,0.0,0.0,0.0,0.8,6.6,3.2,30.5,1.5,11.0,300.0,15.0,7.333333333333333
0.5,x,gym_env,0.13377724587917328,-1.558514484040556e-17,1.0271809101104736,0.8615556359291077,-1.2595988730602285e-16,-0.7828856110572815,3.061372683048298e-16,1.0110300779342651,1.4606968031859142e-16,0.23750001192092896,0.0,1.0,0.6000000238418579,0.0,0.0,9440.2998046875,9440.2998046875,9440.2998046875,9440.2998046875,-0.13498348593711854,0.0,0.0,0.0,0.8,6.6,3.2,30.5,1.5,11.0,300.0,15.0,7.333333333333333
0.5208333333333333,x,gym_env,0.15262889862060547,-1.840521696119687e-17,1.008910894393921,0.9340825080871582,-1.4175101666256637e-16,-0.9402039051055908,3.545769649759351e-16,1.0698148012161255,1.8427811895937123e-16,0.25,0.0,1.0,0.6000000238418579,0.0,0.0,9440.2998046875,9440.2998046875,9440.2998046875,9440.2998046875,-0.13831044137477874,0.0,0.0,0.0,0.8,6.6,3.2,30.5,1.5,11.0,300.0,15.0,7.333333333333333
0.5416666666666666,x,gym_env,0.17302028834819794,-2.1565104803792314e-17,0.9873135685920715,1.0088715553283691,-1.5840071979027052e-16,-1.1015231609344482,4.1402909581297117e-16,1.1284126043319702,2.336347155609895e-16,0.26250001788139343,0.0,1.0,0.6000000238418579,0.0,0.0,9440.2998046875,9440.2998046875,9440.2998046875,9440.2998046875,-0.14034833610057829,0.0,0.0,0.0,0.8,6.6,3.2,30.5,1.5,11.0,300.0,15.0,7.333333333333333
0.5625,x,gym_env,0.19499479234218597,-2.5081909500175814e-17,0.9623046517372131,1.0856207609176636,-1.7584552215765045e-16,-1.2669106721878052,4.894995990644313e-16,1.1868246793746948,2.9912452371583383e-16,0.2750000059604645,0.0,1.0,0.6000000238418579,0.0,0.0,9440.2998046875,9440.2998046875,9440.2998046875,9440.2998046875,-0.14101390838623046,0.0,0.0,0.0,0.8,6.6,3.2,30.5,1.5,11.0,300.0,15.0,7.333333333333333
0.5833333333333333,x,gym_env,0.2185894250869751,-2.8971368988681804e-17,0.9337987899780273,1.1640222072601318,-1.940191699063631e-16,-1.4364136457443237,5.895282609045334e-16,1.2450519800186157,3.892675434378698e-16,0.2875000238418579,0.0,1.0,0.6000000238418579,0.0,0.0,9440.2998046875,9440.2998046875,9440.2998046875,9440.2998046875,-0.14022979140281677,0.0,0.0,0.0,0.8,6.6,3.2,30.5,1.5,11.0,300.0,15.0,7.333333333333333
0.6041666666666666,x,gym_env,0.24383467435836792,-3.32478166549646e-17,0.9017098546028137,1.2437629699707031,-2.1285297395834206e-16,-1.610058069229126,7.299865464709121e-16,1.3030955791473389,5.199165522003332e-16,0.30000001192092896,0.0,1.0,0.6000000238418579,0.0,0.0,9440.2998046875,9440.2998046875,9440.2998046875,9440.2998046875,-0.1379245102405548,0.0,0.0,0.0,0.8,6.6,3.2,30.5,1.5,11.0,300.0,15.0,7.333333333333333
0.625,x,gym_env,0.27075451612472534,-3.7924120120633084e-17,0.8659514784812927,1.3245267868041992,-2.322760217740344e-16,-1.7878496646881104,9.441131932841286e-16,1.3609563112258911,7.242922086643175e-16,0.3125,0.0,1.0,0.6000000238418579,0.0,0.0,9440.2998046875,9440.2998046875,9440.2998046875,9440.2998046875,-0.1340329647064209,0.0,0.0,0.0,0.8,6.6,3.2,30.5,1.5,11.0,300.0,15.0,7.333333333333333
0.6458333333333333,x,gym_env,0.2993662655353546,-4.301164815602618e-17,0.8264374732971191,1.4059948921203613,-2.5221549498975586e-16,-1.969773292541504,1.3152434319806789e-15,1.4186354875564575,1.0857126439886957e-15,0.32500001788139343,0.0,1.0,0.6000000238418579,0.0,0.0,9440.2998046875,9440.2998046875,9440.2998046875,9440.2998046875,-0.13785765171051026,0.0,0.0,0.0,0.8,6.6,3.2,30.5,1.5,11.0,300.0,15.0,7.333333333333333
0.6666666666666666,x,gym_env,0.32968059182167053,-4.8520230975543463e-17,0.7830820679664612,1.4878472089767456,-2.7259690764570724e-16,-2.1557934284210205,2.1283248634893035e-15,1.4761338233947754,1.8891087831410594e-15,0.3375000059604645,0.0,1.0,0.6000000238418579,0.0,0.0,9440.2998046875,9440.2998046875,9440.2998046875,9440.2998046875,-0.16966610550880432,0.0,0.0,0.0,0.8,6.6,3.2,30.5,1.5,11.0,300.0,15.0,7.333333333333333
0.6875,x,gym_env,0.3617015480995178,-5.445813376786557e-17,0.7358006238937378,1.5697637796401978,-2.933445561722277e-16,-2.3458547592163086,5.41318512502784e-15,1.5334523916244507,5.164292116773689e-15,0.3500000238418579,0.0,1.0,0.6000000238418579,0.0,0.0,9440.2998046875,9440.2998046875,9440.2998046875,9440.2998046875,-0.2031403064727783,0.0,0.0,0.0,0.8,6.6,3.2,30.5,1.5,11.0,300.0,15.0,7.333333333333333
0.7083333333333333,x,gym_env,0.3954264223575592,-6.083202030000723e-17,0.684509813785553,1.651426076889038,-3.143816252689131e-16,-2.539881944656372,3.1415927410125732,1.5510004758834839,3.1415927410125732,0.36250001192092896,0.0,1.0,0.6000000238418579,0.0,0.0,9440.2998046875,9440.2998046875,9440.2998046875,9440.2998046875,-0.23822365403175352,0.0,0.0,0.0,0.8,6.6,3.2,30.5,1.5,11.0,300.0,15.0,7.333333333333333
0.7291666666666666,x,gym_env,0.4308459758758545,-6.764696284348461e-17,0.6291282773017883,1.732517957687378,-3.356306114210897e-16,-2.7377798557281494,3.1415927410125732,1.494038462638855,3.1415927410125732,0.375,0.0,1.0,0.6000000238418579,0.0,0.0,9440.2998046875,9440.2998046875,9440.2998046875,9440.2998046875,-0.2748534500598907,0.0,0.0,0.0,0.8,6.6,3.2,30.5,1.5,11.0,300.0,15.0,7.333333333333333
0.75,x,gym_env,0.4679444432258606,-7.490639916092349e-17,0.569576621055603,1.8127267360687256,-3.570136405371693e-16,-2.939434766769409,3.1415927410125732,1.4372533559799194,3.1415927410125732,0.38750001788139343,0.0,1.0,0.6000000238418579,0.0,0.0,9440.2998046875,9440.2998046875,9440.2998046875,9440.2998046875,-0.3129613041877747,0.0,0.0,0.0,0.8,6.6,3.2,30.5,1.5,11.0,300.0,15.0,7.333333333333333
0.7708333333333333,x,gym_env,0.5066995620727539,-8.261214243222658e-17,0.5057783126831055,1.8917450904846191,-3.784526532371065e-16,-3.1447150707244873,3.1415927410125732,1.3806442022323608,3.1415927410125732,0.4000000059604645,0.0,1.0,0.6000000238418579,0.0,0.0,9440.2998046875,9440.2998046875,9440.2998046875,9440.2998046875,-0.35247337222099306,0.0,0.0,0.0,0.8,6.6,3.2,30.5,1.5,11.0,300.0,15.0,7.333333333333333
0.7916666666666666,x,gym_env,0.5470827221870422,-9.076439118074089e-17,0.4376596510410309,1.9692710638046265,-3.9986988130843147e-16,-3.353470802307129,3.1415927410125732,1.3242100477218628,3.1415927410125732,0.4125000238418579,0.0,1.0,0.6000000238418579,0.0,0.0,9440.2998046875,9440.2998046875,9440.2998046875,9440.2998046875,-0.39331069588661194,0.0,0.0,0.0,0.8,6.6,3.2,30.5,1.5,11.0,300.0,15.0,7.333333333333333
0.8125,x,gym_env,0.5890591740608215,-9.936171603836793e-17,0.36515024304389954,2.0450103282928467,-4.211879800551481e-16,-3.565535545349121,3.1415927410125732,1.2679498195648193,3.1415927410125732,0.42500001192092896,0.0,1.0,0.6000000238418579,0.0,0.0,9440.2998046875,9440.2998046875,9440.2998046875,9440.2998046875,-0.4353894412517547,0.0,0.0,0.0,0.8,6.6,3.2,30.5,1.5,11.0,300.0,15.0,7.333333333333333
0.8333333333333333,x,gym_env,0.6325880289077759,-1.0840109945023312e-16,0.28818339109420776,2.11867618560791,-4.4233037240486866e-16,-3.780726194381714,3.1415927410125732,1.2118628025054932,3.1415927410125732,0.4375000298023224,0.0,1.0,0.6000000238418579,0.0,0.0,9440.2998046875,9440.2998046875,9440.2998046875,9440.2998046875,-0.47862149477005,0.0,0.0,0.0,0.8,6.6,3.2,30.5,1.5,11.0,300.0,15.0,7.333333333333333
0.8541666666666666,x,gym_env,0.6776227355003357,-1.1787793567468574e-16,0.2066964954137802,2.1899919509887695,-4.632216724252875e-16,-3.998844861984253,3.1415927410125732,1.1559480428695679,3.1415927410125732,0.45000001788139343,0.0,1.0,0.6000000238418579,0.0,0.0,9440.2998046875,9440.2998046875,9440.2998046875,9440.2998046875,-0.5229143023490905,0.0,0.0,0.0,0.8,6.6,3.2,30.5,1.5,11.0,300.0,15.0,7.333333333333333
0.875,x,gym_env,0.7241108417510986,-1.2778606387052352e-16,0.120631143450737,2.2586898803710938,-4.837876853241811e-16,-4.219679355621338,3.1415927410125732,1.1002044677734375,3.1415927410125732,0.4625000059604645,0.0,1.0,0.6000000238418579,0.0,0.0,9440.2998046875,9440.2998046875,9440.2998046875,9440.2998046875,-0.6813659965991974,0.0,0.0,0.0,0.8,6.6,3.2,30.5,1.5,11.0,300.0,15.0,7.333333333333333
0.8958333333333333,x,gym_env,0.7750540375709534,5.157704263680785e-10,0.04530993103981018,3.058746337890625,1.2378494318454614e-07,-0.75267493724823,-3.1415927410125732,0.8410764932632446,-3.1415927410125732,0.4750000238418579,0.0,1.0,0.6000000238418579,0.0,0.0,9440.2998046875,9440.2998046875,9440.2998046875,9440.2998046875,-0.7389141321182251,0.0,0.0,0.0,0.8,6.6,3.2,30.5,1.5,11.0,300.0,15.0,7.333333333333333
0.9166666666666666,x,gym_env,0.8393765687942505,3.072168741624637e-09,0.02636224403977394,3.0969173908233643,1.2126125170652813e-07,-1.020961880683899,-3.141592502593994,-0.20465639233589172,3.1415927410125732,0.48750001192092896,0.0,1.0,0.6000000238418579,0.0,0.0,21666.447265625,21666.447265625,21666.447265625,21666.447265625,-10.496940758228302,0.0,0.0,0.0,0.8,6.6,3.2,30.5,1.5,11.0,300.0,15.0,7.333333333333333
0.9375,x,gym_env,0.8956838846206665,5.146380210874213e-09,0.011776648461818695,2.652259588241577,7.853405747937359e-08,-0.917688250541687,-3.141592502593994,0.028922613710165024,3.1415927410125732,0.5,0.0,1.0,0.6000000238418579,0.0,0.0,9440.2998046875,9440.2998046875,9440.2998046875,9440.2998046875,-10.460168679952622,0.0,0.0,0.0,0.8,6.6,3.2,30.5,1.5,11.0,300.0,15.0,7.333333333333333
0.9583333333333333,x,gym_env,0.9443249106407166,6.547387521038672e-09,0.0020687049254775047,2.1661720275878906,5.8994032769987825e-08,-0.25036120414733887,-3.141592264175415,-0.01904168352484703,3.141592502593994,0.5125000476837158,0.0,1.0,0.6000000238418579,0.0,0.0,16546.958984375,17406.15625,17406.123046875,16546.919921875,-6.688013940572739,0.0,0.0,0.0,0.8,6.6,3.2,30.5,1.5,11.0,300.0,15.0,7.333333333333333
0.9791666666666666,x,gym_env,0.9853026270866394,6.717437717185248e-09,-0.0010408643865957856,1.841461181640625,-2.5808645887082093e-08,-0.09648652374744415,-3.141592502593994,0.009041944518685341,3.141592502593994,0.5250000357627869,0.0,1.0,0.6000000238418579,0.0,0.0,9440.2998046875,9440.2998046875,9440.2998046875,9440.2998046875,-6.677706849098206,0.0,0.0,0.0,0.8,6.6,3.2,30.5,1.5,11.0,300.0,15.0,7.333333333333333
1.0,x,gym_env,1.0207256078720093,6.019826859215982e-09,-0.000923898012842983,1.6199272871017456,-3.254945113440044e-08,0.046488672494888306,3.141592264175415,-0.011864908039569855,3.141592502593994,0.5375000238418579,0.0,1.0,0.6000000238418579,0.0,0.0,9440.2998046875,9440.2998046875,9440.2998046875,9440.2998046875,-0.6435000598430634,0.0,0.0,0.0,0.8,6.6,3.2,30.5,1.5,11.0,300.0,15.0,7.333333333333333
1.0208333333333333,x,gym_env,1.0523816347122192,5.726836338482144e-09,0.0005007187137380242,1.457456350326538,3.843902529609977e-09,0.0732308179140091,3.141591787338257,0.0031688769813627005,3.141592502593994,0.550000011920929,0.0,1.0,0.6000000238418579,0.0,0.0,9440.2998046875,9440.2998046875,9440.2998046875,9440.2998046875,-0.6390850305557251,0.0,0.0,0.0,0.8,6.6,3.2,30.5,1.5,11.0,300.0,15.0,7.333333333333333
1.0416666666666665,x,gym_env,1.0810216665267944,6.761016191347835e-09,0.0017510132165625691,1.3204225301742554,8.702520659653601e-08,0.049644242972135544,3.1415910720825195,-0.009549776092171669,3.141592502593994,0.5625,0.0,1.0,0.6000000238418579,0.0,0.0,9440.2998046875,9440.2998046875,9440.2998046875,9440.2998046875,-0.6311458349227905,0.0,0.0,0.0,0.8,6.6,3.2,30.5,1.5,11.0,300.0,15.0,7.333333333333333
1.0625,x,gym_env,1.1067676544189453,1.0164575847682045e-08,0.0026062633842229843,1.1791878938674927,2.2170634395024535e-07,0.03585680201649666,3.141590118408203,0.003555172821506858,-3.141592502593994,0.5750000476837158,0.0,1.0,0.6000000238418579,0.0,0.0,9440.2998046875,9440.2998046875,9440.2998046875,9440.2998046875,-0.6208901107311249,0.0,0.0,0.0,0.8,6.6,3.2,30.5,1.5,11.0,300.0,15.0,7.333333333333333
1.0833333333333333,x,gym_env,1.129620909690857,1.725844533950749e-08,0.0030802013352513313,1.041795015335083,4.3124592252752336e-07,0.014793061651289463,3.1415889263153076,-0.009473176673054695,-3.141592502593994,0.5875000357627869,0.0,1.0,0.6000000238418579,0.0,0.0,9440.2998046875,9440.2998046875,9440.2998046875,9440.2998046875,-0.606346070766449,0.0,0.0,0.0,0.8,6.6,3.2,30.5,1.5,11.0,300.0,15.0,7.333333333333333
1.1041666666666665,x,gym_env,1.1495016813278198,2.9699162240603982e-08,0.0033509323839098215,0.8956295251846313,7.198083267212496e-07,0.012506692670285702,3.141587257385254,0.003989452961832285,-3.141592025756836,0.6000000238418579,0.0,1.0,0.6000000238418579,0.0,0.0,9440.2998046875,9440.2998046875,9440.2998046875,9440.2998046875,-0.5895242482423783,0.0,0.0,0.0,0.8,6.6,3.2,30.5,1.5,11.0,300.0,15.0,7.333333333333333
1.125,x,gym_env,1.166394591331482,4.98344050470223e-08,0.0034626219421625137,0.754197895526886,1.1531418522281456e-06,0.0009843460284173489,3.141584634780884,-0.009574453346431255,-3.1415915489196777,0.612500011920929,0.0,1.0,0.6000000238418579,0.0,0.0,9440.2998046875,9440.2998046875,9440.2998046875,9440.2998046875,-0.5685578972101212,0.0,0.0,0.0,0.8,6.6,3.2,30.5,1.5,11.0,300.0,15.0,7.333333333333333
1.1458333333333333,x,gym_env,1.1802481412887573,8.056032640979538e-08,0.0035338406451046467,0.6053984761238098,1.7078082237276249e-06,0.005291911773383617,3.141580820083618,0.004131841938942671,-3.1415908336639404,0.625,0.0,1.0,0.6000000238418579,0.0,0.0,9440.2998046875,9440.2998046875,9440.2998046875,9440.2998046875,-0.5866657361388207,0.0,0.0,0.0,0.8,6.6,3.2,30.5,1.5,11.0,300.0,15.0,7.333333333333333
1.1666666666666665,x,gym_env,1.1910778284072876,1.2602323806731874e-07,0.0035437550395727158,0.4627473056316376,2.538232592996792e-06,-0.0026236220728605986,3.141575336456299,-0.009623103775084019,-3.141589641571045,0.6375000476837158,0.0,1.0,0.6000000238418579,0.0,0.0,9440.2998046875,9440.2998046875,9440.2998046875,9440.2998046875,-0.610533207654953,0.0,0.0,0.0,0.8,6.6,3.2,30.5,1.5,11.0,300.0,15.0,7.333333333333333
1.1875,x,gym_env,1.1974488496780396,1.7818031494698516e-07,0.0063692606054246426,0.2627706527709961,2.8970371204195544e-06,0.10464140772819519,3.141566276550293,-0.0025361930020153522,-3.1415882110595703,0.6500000357627869,0.0,1.0,0.6000000238418579,0.0,0.0,9440.2998046875,9440.2998046875,9440.2998046875,9440.2998046875,-0.6200128585100174,0.0,0.0,0.0,0.8,6.6,3.2,30.5,1.5,11.0,300.0,15.0,7.333333333333333
1.2083333333333333,x,gym_env,1.2011334896087646,2.437747923522693e-07,0.008480977267026901,0.1408039778470993,3.6226369957148563e-06,0.05684719607234001,3.141554117202759,-0.0025190042797476053,-3.1415867805480957,0.6625000238418579,0.0,1.0,0.6000000238418579,0.0,0.0,9440.2998046875,9440.2998046875,9440.2998046875,9440.2998046875,-0.6295998394489288,0.0,0.0,0.0,0.8,6.6,3.2,30.5,1.5,11.0,300.0,15.0,7.333333333333333
1.2291666666666665,x,gym_env,1.202027440071106,2.3424726691700926e-07,0.010187290608882904,-0.00048282433999702334,-7.720766006968915e-06,0.06888101994991302,3.141540050506592,-0.0016460784245282412,-3.1415863037109375,0.675000011920929,0.0,1.0,0.6000000238418579,0.0,0.0,9440.2998046875,9440.2998046875,9440.2998046875,9440.2998046875,-0.6170677870512009,0.0,0.0,0.0,0.8,6.6,3.2,30.5,1.5,11.0,300.0,15.0,7.333333333333333
1.25,x,gym_env,1.202019453048706,4.3027807095086246e-08,0.011312165297567844,-0.0003222986706532538,-1.0252550964651164e-05,0.04538344591856003,3.141525983810425,-0.0010579111985862255,-3.1415863037109375,0.6875,0.0,1.0,0.6000000238418579,0.0,0.0,9440.2998046875,9440.2998046875,9440.2998046875,9440.2998046875,-0.6045457541942596,0.0,0.0,0.0,0.8,6.6,3.2,30.5,1.5,11.0,300.0,15.0,7.333333333333333
1.2708333333333333,x,gym_env,1.2020142078399658,-2.61436134962878e-08,0.012053520418703556,-0.0002102880971506238,3.081830436713062e-05,0.02991119585931301,3.1415207386016846,-0.0006701192469336092,-3.1415863037109375,0.7000000476837158,0.0,1.0,0.6000000238418579,0.0,0.0,9440.2998046875,9440.2998046875,9440.2998046875,9440.2998046875,-0.592030256986618,0.0,0.0,0.0,0.8,6.6,3.2,30.5,1.5,11.0,300.0,15.0,7.333333333333333
1.2916666666666665,x,gym_env,1.202010989189148,2.06946378966677e-06,0.01254141703248024,-0.0001287424674956128,0.000125288192066364,0.01966622658073902,-3.141512155532837,-0.0004269234195817262,-3.1415867805480957,0.7125000357627869,0.0,1.0,0.6000000238418579,0.0,0.0,9440.2998046875,9440.2998046875,9440.2998046875,9440.2998046875,-0.5795216739177704,0.0,0.0,0.0,0.8,6.6,3.2,30.5,1.5,11.0,300.0,15.0,7.333333333333333
1.3125,x,gym_env,1.2020087242126465,9.69435404840624e-07,0.012865211814641953,-8.654614794068038e-05,-0.0001165776775451377,0.013090992346405983,-3.1415767669677734,-0.0002650428796187043,-3.141582489013672,0.7250000238418579,0.0,1.0,0.6000000238418579,0.0,0.0,9440.2998046875,9440.2998046875,9440.2998046875,9440.2998046875,-0.5670156151056289,0.0,0.0,0.0,0.8,6.6,3.2,30.5,1.5,11.0,300.0,15.0,7.333333333333333
1.3333333333333333,x,gym_env,1.2020072937011719,-8.546687126909092e-07,0.013079116120934486,-5.5590717238374054e-05,-4.048709524795413e-05,0.008640563115477562,3.1415059566497803,-0.0001697406405583024,-3.1415746212005615,0.737500011920929,0.0,1.0,0.6000000238418579,0.0,0.0,9440.2998046875,9440.2998046875,9440.2998046875,9440.2998046875,-0.5545125186443329,0.0,0.0,0.0,0.8,6.6,3.2,30.5,1.5,11.0,300.0,15.0,7.333333333333333
1.3541666666666665,x,gym_env,1.2020063400268555,-1.5595350078001502e-06,0.013220694847404957,-4.123380495002493e-05,-3.2327527151210234e-05,0.0057175420224666595,3.141496419906616,-0.00012540273019112647,-3.141566276550293,0.7500000596046448,0.0,1.0,0.6000000238418579,0.0,0.0,9440.2998046875,9440.2998046875,9440.2998046875,9440.2998046875,-0.5420088350772858,0.0,0.0,0.0,0.8,6.6,3.2,30.5,1.5,11.0,300.0,15.0,7.333333333333333
1.375,x,gym_env,1.2020057439804077,-1.8172443105868297e-06,0.013313770294189453,-2.100209349009674e-05,-1.4276938031798636e-07,0.0037444212939590216,3.141505479812622,-0.00010022894275607541,-3.141559600830078,0.7625000476837158,0.0,1.0,0.6000000238418579,0.0,0.0,9440.2998046875,9440.2998046875,9440.2998046875,9440.2998046875,-0.5295076996088028,0.0,0.0,0.0,0.8,6.6,3.2,30.5,1.5,11.0,300.0,15.0,7.333333333333333
1.3958333333333333,x,gym_env,1.2020052671432495,-1.8674859347811434e-06,0.013374938629567623,-1.650004014663864e-05,-3.7241106838337146e-06,0.002467984100803733,3.1415181159973145,-8.43094167066738e-05,-3.141554117202759,0.7750000357627869,0.0,1.0,0.6000000238418579,0.0,0.0,9440.2998046875,9440.2998046875,9440.2998046875,9440.2998046875,-0.5170070260763169,0.0,0.0,0.0,0.8,6.6,3.2,30.5,1.5,11.0,300.0,15.0,7.333333333333333
1.4166666666666665,x,gym_env,1.2020050287246704,-1.97612257579749e-06,0.013415256515145302,-1.3541141015593894e-05,-6.076797035348136e-06,0.0016266722232103348,3.141526222229004,-7.384537457255647e-05,-3.1415486335754395,0.7875000238418579,0.0,1.0,0.6000000238418579,0.0,0.0,9440.2998046875,9440.2998046875,9440.2998046875,9440.2998046875,-0.5045065134763718,0.0,0.0,0.0,0.8,6.6,3.2,30.5,1.5,11.0,300.0,15.0,7.333333333333333
1.4375,x,gym_env,1.2020047903060913,-2.1231217033346184e-06,0.013441829942166805,-1.1596421245485544e-05,-7.622418252140051e-06,0.0010721556609496474,3.1415317058563232,-6.69672735966742e-05,-3.141543388366699,0.800000011920929,0.0,1.0,0.6000000238418579,0.0,0.0,9440.2998046875,9440.2998046875,9440.2998046875,9440.2998046875,-0.49200609028339387,0.0,0.0,0.0,0.8,6.6,3.2,30.5,1.5,11.0,300.0,15.0,7.333333333333333
1.4583333333333333,x,gym_env,1.2020045518875122,-2.295324065926252e-06,0.013459344394505024,-1.0318267413822468e-05,-8.637875907879788e-06,0.0007066684775054455,3.1415352821350098,-6.244623364182189e-05,-3.14153790473938,0.8125000596046448,0.0,1.0,0.6000000238418579,0.0,0.0,9440.2998046875,9440.2998046875,9440.2998046875,9440.2998046875,-0.4795056790113449,0.0,0.0,0.0,0.8,6.6,3.2,30.5,1.5,11.0,300.0,15.0,7.333333333333333
1.4791666666666665,x,gym_env,1.202004313468933,-2.4840853711793898e-06,0.013470889069139957,-9.47822081798222e-06,-9.305057574238162e-06,0.0004657723766285926,3.1415374279022217,-5.947449608356692e-05,-3.1415326595306396,0.8250000476837158,0.0,1.0,0.6000000238418579,0.0,0.0,9440.2998046875,9440.2998046875,9440.2998046875,9440.2998046875,-0.4670053720474243,0.0,0.0,0.0,0.8,6.6,3.2,30.5,1.5,11.0,300.0,15.0,7.333333333333333
1.5,x,gym_env,1.202004075050354,-2.683726279428811e-06,0.013478497974574566,-8.926132068154402e-06,-9.743444024934433e-06,0.0003069954691454768,3.1415390968322754,-5.752109791501425e-05,-3.1415271759033203,0.8375000357627869,0.0,1.0,0.6000000238418579,0.0,0.0,9440.2998046875,9440.2998046875,9440.2998046875,9440.2998046875,-0.4545052111148834,0.0,0.0,0.0,0.8,6.6,3.2,30.5,1.5,11.0,300.0,15.0,7.333333333333333
1.5208333333333333,x,gym_env,1.2020039558410645,-2.890516725528869e-06,0.01348351314663887,-8.563310984754935e-06,-1.0031525562226307e-05,0.00020234410476405174,3.141540050506592,-5.623705146717839e-05,-3.141521692276001,0.8500000238418579,0.0,1.0,0.6000000238418579,0.0,0.0,9440.2998046875,9440.2998046875,9440.2998046875,9440.2998046875,-0.4420049488544464,0.0,0.0,0.0,0.8,6.6,3.2,30.5,1.5,11.0,300.0,15.0,7.333333333333333
1.5416666666666665,x,gym_env,1.2020037174224854,-3.102005621258286e-06,0.01348681841045618,-8.324893315148074e-06,-1.02208668977255e-05,0.0001333673862973228,3.141540765762329,-5.5392960348399356e-05,-3.1415164470672607,0.862500011920929,0.0,1.0,0.6000000238418579,0.0,0.0,9440.2998046875,9440.2998046875,9440.2998046875,9440.2998046875,-0.42950614988803865,0.0,0.0,0.0,0.8,6.6,3.2,30.5,1.5,11.0,300.0,15.0,7.333333333333333
1.5625,x,gym_env,1.2020033597946167,-3.2695988920750096e-06,0.013488177210092545,-1.8629722035257146e-05,-8.051639269979205e-06,4.7835696022957563e-05,3.1415445804595947,-3.898301292792894e-05,-3.1415109634399414,0.8750000596046448,0.0,1.0,0.6000000238418579,0.0,0.0,9440.2998046875,9440.2998046875,9440.2998046875,9440.2998046875,-0.41700420081615447,0.0,0.0,0.0,0.8,6.6,3.2,30.5,1.5,11.0,300.0,15.0,7.333333333333333
1.5833333333333333,x,gym_env,1.2020031213760376,-2.9626767172885593e-06,0.013488652184605598,-7.585317689517979e-06,1.1923481906706002e-05,2.8446742362575606e-05,3.14156436920166,-1.7452453903388232e-05,-3.1415116786956787,0.8875000476837158,0.0,1.0,0.6000000238418579,0.0,0.0,9440.2998046875,9440.2998046875,9440.2998046875,9440.2998046875,-0.4045040398836136,0.0,0.0,0.0,0.8,6.6,3.2,30.5,1.5,11.0,300.0,15.0,7.333333333333333
1.6041666666666665,x,gym_env,1.202003002166748,-2.6651298412616597e-06,0.013488806784152985,-7.1981721703195944e-06,1.9459266695776023e-05,-1.6955002138274722e-05,3.1415820121765137,-1.7386620356774074e-06,-3.1415135860443115,0.9000000357627869,0.0,1.0,0.6000000238418579,0.0,0.0,9440.2998046875,9440.2998046875,9440.2998046875,9440.2998046875,-0.39199433028697966,0.0,0.0,0.0,0.8,6.6,3.2,30.5,1.5,11.0,300.0,15.0,7.333333333333333
1.625,x,gym_env,1.2020032405853271,-2.359249265282415e-06,0.013488790951669216,5.917184898862615e-05,-8.410299415118061e-06,4.2428186134202406e-05,-3.14158034324646,-9.45991416756442e-07,-3.1415181159973145,0.9125000238418579,0.0,1.0,0.6000000238418579,0.0,0.0,9440.2998046875,9440.2998046875,9440.2998046875,9440.2998046875,-0.3795041650533676,0.0,0.0,0.0,0.8,6.6,3.2,30.5,1.5,11.0,300.0,15.0,7.333333333333333
1.6458333333333333,x,gym_env,1.2020034790039062,-2.172352196794236e-06,0.013489031232893467,-4.682427970692515e-06,6.875714007037459e-06,4.656267549307813e-07,-3.141576051712036,-9.95361915556714e-06,-3.141517400741577,0.925000011920929,0.0,1.0,0.6000000238418579,0.0,0.0,9440.2998046875,9440.2998046875,9440.2998046875,9440.2998046875,-0.3670040935277939,0.0,0.0,0.0,0.8,6.6,3.2,30.5,1.5,11.0,300.0,15.0,7.333333333333333
1.6666666666666665,x,gym_env,1.2020033597946167,-2.02711385099974e-06,0.013489038683474064,-4.964483196090441e-06,7.028186701063532e-06,3.0325475108838873e-07,-3.1415765285491943,-1.0953809578495566e-05,-3.1415131092071533,0.9375000596046448,0.0,1.0,0.6000000238418579,0.0,0.0,9440.2998046875,9440.2998046875,9440.2998046875,9440.2998046875,-0.3545039534568787,0.0,0.0,0.0,0.8,6.6,3.2,30.5,1.5,11.0,300.0,15.0,7.333333333333333
1.6875,x,gym_env,1.2020032405853271,-1.8793484741763677e-06,0.013489043340086937,-5.149978278495837e-06,7.13011650077533e-06,1.9987159305401292e-07,-3.1415770053863525,-1.1613067727012094e-05,-3.1415088176727295,0.9500000476837158,0.0,1.0,0.6000000238418579,0.0,0.0,9440.2998046875,9440.2998046875,9440.2998046875,9440.2998046875,-0.3420038640499115,0.0,0.0,0.0,0.8,6.6,3.2,30.5,1.5,11.0,300.0,15.0,7.333333333333333
1.7083333333333333,x,gym_env,1.2020031213760376,-1.7299184946750756e-06,0.013489047065377235,-5.272129328659503e-06,7.197251306934049e-06,1.3173729485060903e-07,-3.1415772438049316,-1.2047646123392042e-05,-3.1415045261383057,0.9625000357627869,0.0,1.0,0.6000000238418579,0.0,0.0,9440.2998046875,9440.2998046875,9440.2998046875,9440.2998046875,-0.32950377464294434,0.0,0.0,0.0,0.8,6.6,3.2,30.5,1.5,11.0,300.0,15.0,7.333333333333333
1.7291666666666665,x,gym_env,1.202003002166748,-1.5793925740581471e-06,0.013489048928022385,-5.352536845748546e-06,7.24145593267167e-06,8.683357322070151e-08,-3.1415772438049316,-1.2334156963333953e-05,-3.141500234603882,0.9750000238418579,0.0,1.0,0.6000000238418579,0.0,0.0,9440.2998046875,9440.2998046875,9440.2998046875,9440.2998046875,-0.3170036762952805,0.0,0.0,0.0,0.8,6.6,3.2,30.5,1.5,11.0,300.0,15.0,7.333333333333333
1.75,x,gym_env,1.2020028829574585,-1.4281449693953618e-06,0.01348904985934496,-5.405433967098361e-06,7.270549303939333e-06,5.72398768383664e-08,-3.1415774822235107,-1.2523090845206752e-05,-3.141495943069458,0.987500011920929,0.0,1.0,0.6000000238418579,0.0,0.0,9440.2998046875,9440.2998046875,9440.2998046875,9440.2998046875,-0.30443969964981077,0.0,0.0,0.0,0.8,6.6,3.2,30.5,1.5,11.0,300.0,15.0,7.333333333333333
1.7708333333333333,x,gym_env,1.201988935470581,7.9512956290273e-06,0.01347449142485857,0.0003281918470747769,-0.00020694332488346845,0.00028542301151901484,-3.140878677368164,0.0010450487025082111,-3.141507863998413,1.0,0.0,1.0,0.6000000238418579,0.0,0.0,9440.2998046875,9440.2998046875,9440.2998046875,9440.2998046875,-0.29194369316101076,0.0,0.0,0.0,0.8,6.6,3.2,30.5,1.5,11.0,300.0,15.0,7.333333333333333
1.7916666666666665,x,gym_env,1.201995849609375,3.952421593567124e-06,0.013478962704539299,0.00034773399238474667,-0.0001896371104521677,0.0001873834989964962,-3.141166925430298,0.0005476769292727113,-3.141519546508789,1.0125000476837158,0.0,1.0,0.6000000238418579,0.0,0.0,9440.2998046875,9440.2998046875,9440.2998046875,9440.2998046875,-0.2794825047254562,0.0,0.0,0.0,0.8,6.6,3.2,30.5,1.5,11.0,300.0,15.0,7.333333333333333
1.8125,x,gym_env,1.201999545097351,1.5296880064852303e-06,0.013482550159096718,0.00011332543363096192,-8.434041956206784e-05,0.00015371476183645427,-3.1413462162017822,0.00027053651865571737,-3.141519784927368,1.0250000953674316,0.0,1.0,0.6000000238418579,0.0,0.0,9440.2998046875,9440.2998046875,9440.2998046875,9440.2998046875,-0.2669931024312973,0.0,0.0,0.0,0.8,6.6,3.2,30.5,1.5,11.0,300.0,15.0,7.333333333333333
1.8333333333333333,x,gym_env,1.2020012140274048,3.8584408912356594e-07,0.013484902679920197,5.349098501028493e-05,-5.539332050830126e-05,9.169757686322555e-05,-3.1414341926574707,0.00015789034659974277,-3.141531467437744,1.037500023841858,0.0,1.0,0.6000000238418579,0.0,0.0,9440.2998046875,9440.2998046875,9440.2998046875,9440.2998046875,-0.2544964224100113,0.0,0.0,0.0,0.8,6.6,3.2,30.5,1.5,11.0,300.0,15.0,7.333333333333333
1.8541666666666665,x,gym_env,1.2020020484924316,-4.6582610480072617e-07,0.013486684300005436,3.7365742173278704e-05,-3.5166671295883134e-05,7.189228927018121e-05,-3.1414899826049805,0.00010049105912912637,-3.1415421962738037,1.0500000715255737,0.0,1.0,0.6000000238418579,0.0,0.0,9440.2998046875,9440.2998046875,9440.2998046875,9440.2998046875,-0.24199869036674498,0.0,0.0,0.0,0.8,6.6,3.2,30.5,1.5,11.0,300.0,15.0,7.333333333333333
1.875,x,gym_env,1.202002763748169,-1.0616766985549475e-06,0.013487858697772026,2.6721691028797068e-05,-2.4797944206511602e-05,4.738208735943772e-05,-3.141526937484741,6.270839367061853e-05,-3.1415531635284424,1.0625,0.0,1.0,0.6000000238418579,0.0,0.0,9440.2998046875,9440.2998046875,9440.2998046875,9440.2998046875,-0.22950016558170316,0.0,0.0,0.0,0.8,6.6,3.2,30.5,1.5,11.0,300.0,15.0,7.333333333333333
1.8958333333333333,x,gym_env,1.2020031213760376,-1.4881285324008786e-06,0.013488632626831532,1.9705132217495702e-05,-1.7962858692044392e-05,3.122866837657057e-05,-3.1415512561798096,3.78069125872571e-05,-3.141564130783081,1.0750000476837158,0.0,1.0,0.6000000238418579,0.0,0.0,9440.2998046875,9440.2998046875,9440.2998046875,9440.2998046875,-0.21700117290019988,0.0,0.0,0.0,0.8,6.6,3.2,30.5,1.5,11.0,300.0,15.0,7.333333333333333
1.9166666666666665,x,gym_env,1.2020034790039062,-1.8029164721156121e-06,0.01348914299160242,1.5080036064318847e-05,-1.3457428394758608e-05,2.0582563593052328e-05,-3.1415672302246094,2.1395246221800335e-05,-3.1415750980377197,1.0875000953674316,0.0,1.0,0.6000000238418579,0.0,0.0,9440.2998046875,9440.2998046875,9440.2998046875,9440.2998046875,-0.20450194776058195,0.0,0.0,0.0,0.8,6.6,3.2,30.5,1.5,11.0,300.0,15.0,7.333333333333333
1.9375,x,gym_env,1.202003836631775,-2.0717868665087735e-06,0.013489502482116222,1.1993428415735252e-05,-1.203584633913124e-05,1.574225098011084e-05,-3.1415796279907227,7.496441412513377e-06,-3.141587495803833,1.100000023841858,0.0,1.0,0.6000000238418579,0.0,0.0,9440.2998046875,9440.2998046875,9440.2998046875,9440.2998046875,-0.1920138210058212,0.0,0.0,0.0,0.8,6.6,3.2,30.5,1.5,11.0,300.0,15.0,7.333333333333333
1.9583333333333333,x,gym_env,1.202003836631775,-2.0813247374462662e-06,0.013489939272403717,-6.667790876235813e-05,5.78548751946073e-05,-4.6590146666858345e-05,-3.141587257385254,3.806554104812676e-06,3.1415910720825195,1.1125000715255737,0.0,1.0,0.6000000238418579,0.0,0.0,9440.2998046875,9440.2998046875,9440.2998046875,9440.2998046875,-0.1795036494731903,0.0,0.0,0.0,0.8,6.6,3.2,30.5,1.5,11.0,300.0,15.0,7.333333333333333
1.9791666666666665,x,gym_env,1.202004075050354,-2.1881000975554343e-06,0.013489867560565472,2.3967152174009243e-06,6.776308964617783e-06,1.3462218703352846e-05,-3.141589641571045,-6.958012363611488e-06,3.141585350036621,1.125,0.0,1.0,0.6000000238418579,0.0,0.0,9440.2998046875,9440.2998046875,9440.2998046875,9440.2998046875,-0.16700296998023986,0.0,0.0,0.0,0.8,6.6,3.2,30.5,1.5,11.0,300.0,15.0,7.333333333333333
2.0,x,gym_env,1.202004075050354,-2.27813029596291e-06,0.013489924371242523,7.4054391916433815e-06,-1.2034904102620203e-05,-4.734853973786812e-06,3.141592502593994,-5.915348083362915e-06,3.141580104827881,1.1375000476837158,0.0,1.0,0.6000000238418579,0.0,0.0,9440.2998046875,9440.2998046875,9440.2998046875,9440.2998046875,-0.15450487434864044,0.0,0.0,0.0,0.8,6.6,3.2,30.5,1.5,11.0,300.0,15.0,7.333333333333333
2.020833333333333,x,gym_env,1.2020041942596436,-2.2712754343956476e-06,0.013490033335983753,-4.807387540495256e-06,1.3099273928673938e-05,1.8213338989880867e-05,-3.1415915489196777,-3.4462793792044977e-06,3.141580104827881,1.1500000953674316,0.0,1.0,0.6000000238418579,0.0,0.0,9440.2998046875,9440.2998046875,9440.2998046875,9440.2998046875,-0.14200396835803986,0.0,0.0,0.0,0.8,6.6,3.2,30.5,1.5,11.0,300.0,15.0,7.333333333333333
2.0416666666666665,x,gym_env,1.2020041942596436,-2.257483401990612e-06,0.01349003054201603,9.093205903809576e-07,8.045661161304452e-06,4.924395852867747e-06,-3.1415903568267822,-1.480028572586889e-06,3.141578435897827,1.162500023841858,0.0,1.0,0.6000000238418579,0.0,0.0,9440.2998046875,9440.2998046875,9440.2998046875,9440.2998046875,-0.12950090169906614,0.0,0.0,0.0,0.8,6.6,3.2,30.5,1.5,11.0,300.0,15.0,7.333333333333333
2.0625,x,gym_env,1.202003836631775,-2.0088953078811755e-06,0.013489557430148125,1.9423065168666653e-05,-4.683021870732773e-06,4.16557741118595e-05,-3.141573667526245,1.980068554985337e-05,3.1415798664093018,1.1750000715255737,0.0,1.0,0.6000000238418579,0.0,0.0,9440.2998046875,9440.2998046875,9440.2998046875,9440.2998046875,-0.11700277328491211,0.0,0.0,0.0,0.8,6.6,3.2,30.5,1.5,11.0,300.0,15.0,7.333333333333333
2.083333333333333,x,gym_env,1.202004075050354,-2.1288237803673837e-06,0.013489980250597,8.203915058402345e-06,-4.121520760236308e-06,1.732540113152936e-05,-3.1415863037109375,6.722170383000048e-06,3.141582727432251,1.1875,0.0,1.0,0.6000000238418579,0.0,0.0,9440.2998046875,9440.2998046875,9440.2998046875,9440.2998046875,-0.1045033723115921,0.0,0.0,0.0,0.8,6.6,3.2,30.5,1.5,11.0,300.0,15.0,7.333333333333333
2.1041666666666665,x,gym_env,1.2020044326782227,-2.2126250769360922e-06,0.01348970364779234,7.080120212776819e-06,3.1529075386060867e-06,-3.223290332243778e-05,3.141592502593994,-8.842856004775967e-06,3.141584634780884,1.2000000476837158,0.0,1.0,0.6000000238418579,0.0,0.0,9440.2998046875,9440.2998046875,9440.2998046875,9440.2998046875,-0.09200336635112762,0.0,0.0,0.0,0.8,6.6,3.2,30.5,1.5,11.0,300.0,15.0,7.333333333333333
2.125,x,gym_env,1.2020046710968018,-2.210999355156673e-06,0.013488912023603916,8.37613879411947e-06,-4.723901270153874e-07,-3.601412754505873e-05,-3.1415891647338867,-2.472346750437282e-05,3.1415796279907227,1.2125000953674316,0.0,1.0,0.6000000238418579,0.0,0.0,9440.2998046875,9440.2998046875,9440.2998046875,9440.2998046875,-0.10049456655979157,0.0,0.0,0.0,0.8,6.6,3.2,30.5,1.5,11.0,300.0,15.0,7.333333333333333
2.145833333333333,x,gym_env,1.2020047903060913,-2.2252561393543147e-06,0.01348830945789814,4.9263635446550325e-06,-1.0286081533195102e-06,-2.4377786758122966e-05,-3.1415855884552,-3.487334106466733e-05,3.1415748596191406,1.225000023841858,0.0,1.0,0.6000000238418579,0.0,0.0,9440.2998046875,9440.2998046875,9440.2998046875,9440.2998046875,-0.11299478113651275,0.0,0.0,0.0,0.8,6.6,3.2,30.5,1.5,11.0,300.0,15.0,7.333333333333333
2.1666666666666665,x,gym_env,1.2020047903060913,-2.255776053061709e-06,0.013487910851836205,3.054661419810145e-06,-1.718151224849862e-06,-1.6066576790763065e-05,-3.14158296585083,-4.1510302253300324e-05,3.1415698528289795,1.2375000715255737,0.0,1.0,0.6000000238418579,0.0,0.0,9440.2998046875,9440.2998046875,9440.2998046875,9440.2998046875,-0.12549488842487333,0.0,0.0,0.0,0.8,6.6,3.2,30.5,1.5,11.0,300.0,15.0,7.333333333333333
2.1875,x,gym_env,1.2020049095153809,-2.297575520060491e-06,0.013487648218870163,1.8220760011899984e-06,-2.173299662899808e-06,-1.0587948054308072e-05,-3.1415815353393555,-4.5883974962634966e-05,3.1415650844573975,1.25,0.0,1.0,0.6000000238418579,0.0,0.0,9440.2998046875,9440.2998046875,9440.2998046875,9440.2998046875,-0.13799494206905366,0.0,0.0,0.0,0.8,6.6,3.2,30.5,1.5,11.0,300.0,15.0,7.333333333333333
2.208333333333333,x,gym_env,1.2020049095153809,-2.346809878872591e-06,0.013487475924193859,1.0097880931425607e-06,-2.4732617021072656e-06,-6.977461907808902e-06,-3.14158034324646,-4.8766240070108324e-05,3.1415600776672363,1.2625000476837158,0.0,1.0,0.6000000238418579,0.0,0.0,9440.2998046875,9440.2998046875,9440.2998046875,9440.2998046875,-0.1504950702190399,0.0,0.0,0.0,0.8,6.6,3.2,30.5,1.5,11.0,300.0,15.0,7.333333333333333
2.2291666666666665,x,gym_env,1.2020049095153809,-2.4009443677641684e-06,0.013487361371517181,4.7448216378143115e-07,-2.670954017958138e-06,-4.598109626385849e-06,-3.1415796279907227,-5.066564699518494e-05,3.1415553092956543,1.2750000953674316,0.0,1.0,0.6000000238418579,0.0,0.0,9440.2998046875,9440.2998046875,9440.2998046875,9440.2998046875,-0.16299517154693605,0.0,0.0,0.0,0.8,6.6,3.2,30.5,1.5,11.0,300.0,15.0,7.333333333333333
2.25,x,gym_env,1.2020049095153809,-2.458308244968066e-06,0.013487286865711212,1.217120910723679e-07,-2.8012505026708823e-06,-3.030089146704995e-06,-3.1415791511535645,-5.191733725951053e-05,3.141550302505493,1.287500023841858,0.0,1.0,0.6000000238418579,0.0,0.0,9440.2998046875,9440.2998046875,9440.2998046875,9440.2998046875,-0.17549513578414916,0.0,0.0,0.0,0.8,6.6,3.2,30.5,1.5,11.0,300.0,15.0,7.333333333333333
2.270833333333333,x,gym_env,1.2020049095153809,-2.5178005671477877e-06,0.013487236574292183,-1.1076408412691308e-07,-2.887133632611949e-06,-1.9967462776548928e-06,-3.1415789127349854,-5.274217983242124e-05,3.141545534133911,1.3000000715255737,0.0,1.0,0.6000000238418579,0.0,0.0,9440.2998046875,9440.2998046875,9440.2998046875,9440.2998046875,-0.1879952013492584,0.0,0.0,0.0,0.8,6.6,3.2,30.5,1.5,11.0,300.0,15.0,7.333333333333333
2.2916666666666665,x,gym_env,1.2020049095153809,-2.5786960122786695e-06,0.013487203978002071,-2.6396489261060196e-07,-2.943748313555261e-06,-1.3157618923287373e-06,-3.1415786743164062,-5.328572660801001e-05,3.14154052734375,1.3125,0.0,1.0,0.6000000238418579,0.0,0.0,9440.2998046875,9440.2998046875,9440.2998046875,9440.2998046875,-0.20049514770507812,0.0,0.0,0.0,0.8,6.6,3.2,30.5,1.5,11.0,300.0,15.0,7.333333333333333
2.3125,x,gym_env,1.2020049095153809,-2.64051664089493e-06,0.013487182557582855,-3.649221582691098e-07,-2.9810751129843993e-06,-8.669857152199256e-07,-3.1415786743164062,-5.36438928975258e-05,3.141535758972168,1.3250000476837158,0.0,1.0,0.6000000238418579,0.0,0.0,9440.2998046875,9440.2998046875,9440.2998046875,9440.2998046875,-0.21299520432949065,0.0,0.0,0.0,0.8,6.6,3.2,30.5,1.5,11.0,300.0,15.0,7.333333333333333
2.333333333333333,x,gym_env,1.2020049095153809,-2.702947085708729e-06,0.013487168587744236,-4.3145027461832797e-07,-3.00569126920891e-06,-5.712373081223632e-07,-3.141578435897827,-5.387988858274184e-05,3.141530752182007,1.3375000953674316,0.0,1.0,0.6000000238418579,0.0,0.0,9440.2998046875,9440.2998046875,9440.2998046875,9440.2998046875,-0.2254952609539032,0.0,0.0,0.0,0.8,6.6,3.2,30.5,1.5,11.0,300.0,15.0,7.333333333333333
2.3541666666666665,x,gym_env,1.2020049095153809,-2.765779754554387e-06,0.01348715927451849,-4.752891413772886e-07,-3.0219312066037674e-06,-3.76335918872428e-07,-3.141578435897827,-5.403537943493575e-05,3.141525983810425,1.350000023841858,0.0,1.0,0.6000000238418579,0.0,0.0,9440.2998046875,9440.2998046875,9440.2998046875,9440.2998046875,-0.23799518942832948,0.0,0.0,0.0,0.8,6.6,3.2,30.5,1.5,11.0,300.0,15.0,7.333333333333333
2.375,x,gym_env,1.2020049095153809,-2.8288782232266385e-06,0.013487153686583042,-5.041754889134609e-07,-3.0326511932798894e-06,-2.4789375174805173e-07,-3.141578435897827,-5.413781400420703e-05,3.1415209770202637,1.3625000715255737,0.0,1.0,0.6000000238418579,0.0,0.0,9440.2998046875,9440.2998046875,9440.2998046875,9440.2998046875,-0.250495246052742,0.0,0.0,0.0,0.8,6.6,3.2,30.5,1.5,11.0,300.0,15.0,7.333333333333333
2.395833333333333,x,gym_env,1.2020049095153809,-2.892151769628981e-06,0.013487149029970169,-5.232079729466932e-07,-3.039733883269946e-06,-1.6324896989772242e-07,-3.141578435897827,-5.4205280321184546e-05,3.1415162086486816,1.375,0.0,1.0,0.6000000238418579,0.0,0.0,9440.2998046875,9440.2998046875,9440.2998046875,9440.2998046875,-0.26299517452716825,0.0,0.0,0.0,0.8,6.6,3.2,30.5,1.5,11.0,300.0,15.0,7.333333333333333
2.4166666666666665,x,gym_env,1.2020049095153809,-2.9555412766058e-06,0.013487146236002445,-5.357466648092668e-07,-3.0444191452261293e-06,-1.0746713741127678e-07,-3.141578435897827,-5.424970731837675e-05,3.1415112018585205,1.3875000476837158,0.0,1.0,0.6000000238418579,0.0,0.0,9440.2998046875,9440.2998046875,9440.2998046875,9440.2998046875,-0.27549522221088407,0.0,0.0,0.0,0.8,6.6,3.2,30.5,1.5,11.0,300.0,15.0,7.333333333333333
2.4375,x,gym_env,1.2020049095153809,-3.0190076358849183e-06,0.013487144373357296,-5.440057861960668e-07,-3.047524614885333e-06,-7.070629948202622e-08,-3.141578435897827,-5.427894939202815e-05,3.1415064334869385,1.4000000953674316,0.0,1.0,0.6000000238418579,0.0,0.0,9440.2998046875,9440.2998046875,9440.2998046875,9440.2998046875,-0.28799538910388944,0.0,0.0,0.0,0.8,6.6,3.2,30.5,1.5,11.0,300.0,15.0,7.333333333333333
2.458333333333333,x,gym_env,1.2020047903060913,-3.082524926867336e-06,0.013487143442034721,-5.494446781995066e-07,-3.049589395232033e-06,-4.64804976729738e-08,-3.141578435897827,-5.429818338598125e-05,3.1415014266967773,1.412500023841858,0.0,1.0,0.6000000238418579,0.0,0.0,9440.2998046875,9440.2998046875,9440.2998046875,9440.2998046875,-0.3004953175783157,0.0,0.0,0.0,0.8,6.6,3.2,30.5,1.5,11.0,300.0,15.0,7.333333333333333
2.4791666666666665,x,gym_env,1.2020047903060913,-3.1460763239010703e-06,0.013487142510712147,-5.530250177798735e-07,-3.0509679618262453e-06,-3.051542307730415e-08,-3.141578435897827,-5.4310821724357083e-05,3.1414966583251953,1.4250000715255737,0.0,1.0,0.6000000238418579,0.0,0.0,9440.2998046875,9440.2998046875,9440.2998046875,9440.2998046875,-0.31299536526203153,0.0,0.0,0.0,0.8,6.6,3.2,30.5,1.5,11.0,300.0,15.0,7.333333333333333
2.5,x,gym_env,1.2020047903060913,-3.2096502309286734e-06,0.013487142510712147,-5.553804953706276e-07,-3.051894282180001e-06,-1.999425336407512e-08,-3.141578435897827,-5.431911631603725e-05,3.141491651535034,1.4375,0.0,1.0,0.6000000238418579,0.0,0.0,9440.2998046875,9440.2998046875,9440.2998046875,9440.2998046875,-0.3254952937364578,0.0,0.0,0.0,0.8,6.6,3.2,30.5,1.5,11.0,300.0,15.0,7.333333333333333
2.520833333333333,x,gym_env,1.2020047903060913,-3.2732395993662067e-06,0.013487142510712147,-5.569288532569772e-07,-3.0525229703926016e-06,-1.3060677872545057e-08,-3.141578435897827,-5.432454418041743e-05,3.141486883163452,1.4500000476837158,0.0,1.0,0.6000000238418579,0.0,0.0,9440.2998046875,9440.2998046875,9440.2998046875,9440.2998046875,-0.3379953414201736,0.0,0.0,0.0,0.8,6.6,3.2,30.5,1.5,11.0,300.0,15.0,7.333333333333333
2.5416666666666665,x,gym_env,1.2020047903060913,-3.3368396543664858e-06,0.013487141579389572,-5.579452135862084e-07,-3.0529549803759437e-06,-8.491369385410508e-09,-3.141578435897827,-5.432808757177554e-05,3.141481876373291,1.4625000953674316,0.0,1.0,0.6000000238418579,0.0,0.0,9440.2998046875,9440.2998046875,9440.2998046875,9440.2998046875,-0.35049538910388944,0.0,0.0,0.0,0.8,6.6,3.2,30.5,1.5,11.0,300.0,15.0,7.333333333333333
2.5625,x,gym_env,1.2020047903060913,-3.4004467579507036e-06,0.013487141579389572,-5.586110205513251e-07,-3.053257842111634e-06,-5.480135012447818e-09,-3.141578435897827,-5.4330383136402816e-05,3.141477108001709,1.475000023841858,0.0,1.0,0.6000000238418579,0.0,0.0,9440.2998046875,9440.2998046875,9440.2998046875,9440.2998046875,-0.3629953175783157,0.0,0.0,0.0,0.8,6.6,3.2,30.5,1.5,11.0,300.0,15.0,7.333333333333333
2.583333333333333,x,gym_env,1.2020047903060913,-3.4640590911294566e-06,0.013487141579389572,-5.590458158621914e-07,-3.0534754387190333e-06,-3.4956879613190495e-09,-3.141578435897827,-5.43318637937773e-05,3.141472101211548,1.4875000715255737,0.0,1.0,0.6000000238418579,0.0,0.0,9440.2998046875,9440.2998046875,9440.2998046875,9440.2998046875,-0.37549536526203153,0.0,0.0,0.0,0.8,6.6,3.2,30.5,1.5,11.0,300.0,15.0,7.333333333333333
2.6041666666666665,x,gym_env,1.2020047903060913,-3.5276752896606922e-06,0.013487141579389572,-5.593283844973485e-07,-3.053636874028598e-06,-2.1879054123985497e-09,-3.141578435897827,-5.433280239230953e-05,3.141467332839966,1.5,0.0,1.0,0.0,0.0,0.0,9440.2998046875,9440.2998046875,9440.2998046875,9440.2998046875,-0.2979952973876266,0.09659258276224136,0.0,0.0,0.8,6.6,3.2,30.5,1.5,11.0,300.0,15.0,7.333333333333333
2.625,x,gym_env,1.2020047903060913,-3.593118890421465e-06,0.01348714530467987,-5.846247859153664e-07,-2.9833754524588585e-06,-1.463871939222372e-07,-3.141578435897827,-5.4277308663586155e-05,3.1414623260498047,1.5,0.0,1.0,0.0,0.0,0.0,9440.2998046875,9440.2998046875,9440.2998046875,9440.2998046875,-0.2979952963961125,0.10000000149011612,0.0,0.0,0.8,6.6,3.2,30.5,1.5,11.0,300.0,15.0,7.333333333333333
2.645833333333333,x,gym_env,1.2020047903060913,-3.6580734104063595e-06,0.013487148098647594,-5.780146921097185e-07,-2.953514467662899e-06,-2.0224888430675492e-07,-3.1415786743164062,-5.423878974397667e-05,3.1414575576782227,1.5,0.0,1.0,0.0,0.0,0.0,9440.2998046875,9440.2998046875,9440.2998046875,9440.2998046875,-0.29799541382689937,0.09659258276224136,0.0,0.0,0.8,6.6,3.2,30.5,1.5,11.0,300.0,15.0,7.333333333333333
2.6666666666666665,x,gym_env,1.2020046710968018,-3.7224317566142417e-06,0.013487149029970169,-5.661580075866368e-07,-2.942174432973843e-06,-2.2896695384133636e-07,-3.1415786743164062,-5.421132664196193e-05,3.1414525508880615,1.5,0.0,1.0,0.0,0.0,0.0,9440.2998046875,9440.2998046875,9440.2998046875,9440.2998046875,-0.2979954121894764,0.08660253882408142,0.0,0.0,0.8,6.6,3.2,30.5,1.5,11.0,300.0,15.0,7.333333333333333
2.6875,x,gym_env,1.2020046710968018,-3.7861364035052247e-06,0.013487149961292744,-5.552418542720261e-07,-2.948632527477457e-06,-2.1803970184919308e-07,-3.1415786743164062,-5.42061279702466e-05,3.1414477825164795,1.5,0.0,1.0,0.0,0.0,0.0,9440.2998046875,9440.2998046875,9440.2998046875,9440.2998046875,-0.2979954144328616,0.0707106813788414,0.0,0.0,0.8,6.6,3.2,30.5,1.5,11.0,300.0,15.0,7.333333333333333
2.708333333333333,x,gym_env,1.2020046710968018,-3.8494531509059016e-06,0.01348714530467987,-5.701977556782367e-07,-2.9640664251928683e-06,-1.2698153284418368e-07,-3.1415786743164062,-5.4273004934657365e-05,3.1414427757263184,1.5,0.0,1.0,0.0,0.0,0.0,9440.2998046875,9440.2998046875,9440.2998046875,9440.2998046875,-0.29799541489134923,0.05000000074505806,0.0,0.0,0.8,6.6,3.2,30.5,1.5,11.0,300.0,15.0,7.333333333333333
2.7291666666666665,x,gym_env,1.2020046710968018,-3.912672582373489e-06,0.013487143442034721,-5.732543399972201e-07,-2.9833047392457956e-06,-6.355259074553032e-08,-3.141578435897827,-5.431194949778728e-05,3.1414377689361572,1.5,0.0,1.0,0.0,0.0,0.0,9440.2998046875,9440.2998046875,9440.2998046875,9440.2998046875,-0.2979954142654179,0.025881905108690262,0.0,0.0,0.8,6.6,3.2,30.5,1.5,11.0,300.0,15.0,7.333333333333333
2.75,x,gym_env,1.2020046710968018,-3.975764684582828e-06,0.013487141579389572,-5.690814646186482e-07,-3.0043727292650146e-06,-2.404458854243785e-08,-3.141578435897827,-5.432988109532744e-05,3.141433000564575,1.5,0.0,1.0,0.0,0.0,0.0,9440.2998046875,9440.2998046875,9440.2998046875,9440.2998046875,-0.2979954127205929,4.899825137234847e-16,0.0,0.0,0.8,6.6,3.2,30.5,1.5,11.0,300.0,15.0,7.333333333333333
2.770833333333333,x,gym_env,1.2020046710968018,-4.038708084408427e-06,0.013487141579389572,-5.587826308328658e-07,-3.027150114576216e-06,-4.32311919595918e-09,-3.141578435897827,-5.433028854895383e-05,3.141427993774414,1.5,0.0,1.0,0.0,0.0,0.0,9440.2998046875,9440.2998046875,9440.2998046875,9440.2998046875,-0.297995411027901,-0.025881905108690262,0.0,0.0,0.8,6.6,3.2,30.5,1.5,11.0,300.0,15.0,7.333333333333333
2.7916666666666665,x,gym_env,1.2020046710968018,-4.1015041460923385e-06,0.013487141579389572,-5.474980184771994e-07,-3.051063686143607e-06,9.397395750454507e-09,-3.141578435897827,-5.432627585832961e-05,3.141423225402832,1.5,0.0,1.0,0.0,0.0,0.0,9440.2998046875,9440.2998046875,9440.2998046875,9440.2998046875,-0.2979954086971361,-0.05000000074505806,0.0,0.0,0.8,6.6,3.2,30.5,1.5,11.0,300.0,15.0,7.333333333333333
2.8125,x,gym_env,1.2020046710968018,-4.1641956158855464e-06,0.013487142510712147,-5.319595857145032e-07,-3.074763299082406e-06,6.443541700207334e-09,-3.141578435897827,-5.430843521025963e-05,3.141418218612671,1.5,0.0,1.0,0.0,0.0,0.0,9440.2998046875,9440.2998046875,9440.2998046875,9440.2998046875,-0.2979954048612029,-0.0707106813788414,0.0,0.0,0.8,6.6,3.2,30.5,1.5,11.0,300.0,15.0,7.333333333333333
2.833333333333333,x,gym_env,1.2020046710968018,-4.226821147312876e-06,0.01348714530467987,-5.063866979071463e-07,-3.0956541650084546e-06,-3.6442056483565466e-08,-3.141578197479248,-5.4257630836218596e-05,3.141413450241089,1.5,0.0,1.0,0.0,0.0,0.0,9440.2998046875,9440.2998046875,9440.2998046875,9440.2998046875,-0.29799540090739923,-0.08660253882408142,0.0,0.0,0.8,6.6,3.2,30.5,1.5,11.0,300.0,15.0,7.333333333333333
2.8541666666666665,x,gym_env,1.2020046710968018,-4.289408479962731e-06,0.013487149029970169,-4.800280066774576e-07,-3.1114450393943116e-06,-1.0022148444477352e-07,-3.141578197479248,-5.419419539975934e-05,3.141408681869507,1.5,0.0,1.0,0.0,0.0,0.0,9440.2998046875,9440.2998046875,9440.2998046875,9440.2998046875,-0.2979955167465292,-0.09659258276224136,0.0,0.0,0.8,6.6,3.2,30.5,1.5,11.0,300.0,15.0,7.333333333333333
2.875,x,gym_env,1.2020045518875122,-4.352000360086095e-06,0.013487152755260468,-4.5756027589050063e-07,-3.122261205135146e-06,-1.6664628788021218e-07,-3.141578197479248,-5.413328835857101e-05,3.1414036750793457,1.5,0.0,1.0,0.0,0.0,0.0,9440.2998046875,9440.2998046875,9440.2998046875,9440.2998046875,-0.29799551450987566,-0.10000000149011612,0.0,0.0,0.8,6.6,3.2,30.5,1.5,11.0,300.0,15.0,7.333333333333333
2.895833333333333,x,gym_env,1.2020045518875122,-4.414653176354477e-06,0.013487155549228191,-4.4264925236348063e-07,-3.1281997507903725e-06,-2.214692358393222e-07,-3.141578197479248,-5.408676224760711e-05,3.1413989067077637,1.5,0.0,1.0,0.0,0.0,0.0,9440.2998046875,9440.2998046875,9440.2998046875,9440.2998046875,-0.2979955137804581,-0.09659258276224136,0.0,0.0,0.8,6.6,3.2,30.5,1.5,11.0,300.0,15.0,7.333333333333333
2.9166666666666665,x,gym_env,1.2020045518875122,-4.477432412386406e-06,0.01348715741187334,-4.377864684101951e-07,-3.1294252949010115e-06,-2.5434380290789704e-07,-3.141578197479248,-5.406303898780607e-05,3.1413941383361816,1.5,0.0,1.0,0.0,0.0,0.0,9440.2998046875,9440.2998046875,9440.2998046875,9440.2998046875,-0.29799551474797,-0.08660253882408142,0.0,0.0,0.8,6.6,3.2,30.5,1.5,11.0,300.0,15.0,7.333333333333333
2.9375,x,gym_env,1.2020045518875122,-4.540403551800409e-06,0.01348715741187334,-4.4423654799174983e-07,-3.1261881758837262e-06,-2.5892657617987425e-07,-3.141578197479248,-5.406702621257864e-05,3.1413891315460205,1.5,0.0,1.0,0.0,0.0,0.0,9440.2998046875,9440.2998046875,9440.2998046875,9440.2998046875,-0.2979955174202473,-0.0707106813788414,0.0,0.0,0.8,6.6,3.2,30.5,1.5,11.0,300.0,15.0,7.333333333333333
2.958333333333333,x,gym_env,1.2020045518875122,-4.603629349730909e-06,0.013487155549228191,-4.6205173021007795e-07,-3.118797394563444e-06,-2.3294234097193112e-07,-3.141578197479248,-5.4100055422168225e-05,3.1413843631744385,1.5,0.0,1.0,0.0,0.0,0.0,9440.2998046875,9440.2998046875,9440.2998046875,9440.2998046875,-0.2979955216888328,-0.05000000074505806,0.0,0.0,0.8,6.6,3.2,30.5,1.5,11.0,300.0,15.0,7.333333333333333
2.9791666666666665,x,gym_env,1.2020045518875122,-4.6671634663653094e-06,0.013487151823937893,-4.9050896677727e-07,-3.1075703645910835e-06,-1.7711128919017938e-07,-3.141578197479248,-5.4160973377292976e-05,3.1413795948028564,1.5,0.0,1.0,0.0,0.0,0.0,9440.2998046875,9440.2998046875,9440.2998046875,9440.2998046875,-0.2979955256042075,-0.025881905108690262,0.0,0.0,0.8,6.6,3.2,30.5,1.5,11.0,300.0,15.0,7.333333333333333
3.0,x,gym_env,1.2020045518875122,-4.731022727355594e-06,0.013487148098647594,-5.16611464718153e-07,-3.0928686101105995e-06,-1.2712123975688883e-07,-3.141578197479248,-5.421615423983894e-05,3.1413745880126953,1.5,0.0,1.0,0.0,0.0,0.0,9440.2998046875,9440.2998046875,9440.2998046875,9440.2998046875,-0.29799552884774416,-1.4695762231022014e-16,0.0,0.0,0.8,6.6,3.2,30.5,1.5,11.0,300.0,15.0,7.333333333333333
3.020833333333333,x,gym_env,1.2020045518875122,-4.795163022208726e-06,0.013487146236002445,-5.382350423133175e-07,-3.074369942623889e-06,-9.47832106135138e-08,-3.141578197479248,-5.425672134151682e-05,3.1413698196411133,1.5,0.0,1.0,0.0,0.0,0.0,9440.2998046875,9440.2998046875,9440.2998046875,9440.2998046875,-0.2979955320208688,0.025881905108690262,0.0,0.0,0.8,6.6,3.2,30.5,1.5,11.0,300.0,15.0,7.333333333333333
3.0416666666666665,x,gym_env,1.2020045518875122,-4.859505679633003e-06,0.013487144373357296,-5.593892069555295e-07,-3.0538326427631546e-06,-6.614723702114134e-08,-3.141578435897827,-5.4294709116220474e-05,3.141364812850952,1.5,0.0,1.0,0.0,0.0,0.0,9440.2998046875,9440.2998046875,9440.2998046875,9440.2998046875,-0.2979955347835698,0.05000000074505806,0.0,0.0,0.8,6.6,3.2,30.5,1.5,11.0,300.0,15.0,7.333333333333333
3.0625,x,gym_env,1.2020045518875122,-4.923985216009896e-06,0.013487142510712147,-5.778072136308765e-07,-3.0333155791595345e-06,-4.2250650977848636e-08,-3.141578435897827,-5.432718535303138e-05,3.141359806060791,1.5,0.0,1.0,0.0,0.0,0.0,9440.2998046875,9440.2998046875,9440.2998046875,9440.2998046875,-0.2979956562885889,0.0707106813788414,0.0,0.0,0.8,6.6,3.2,30.5,1.5,11.0,300.0,15.0,7.333333333333333
3.083333333333333,x,gym_env,1.2020044326782227,-4.988544787920546e-06,0.013487140648066998,-5.931120767854736e-07,-3.013695504705538e-06,-2.4035280432599393e-08,-3.141578435897827,-5.435323328129016e-05,3.141355037689209,1.5,0.0,1.0,0.0,0.0,0.0,9440.2998046875,9440.2998046875,9440.2998046875,9440.2998046875,-0.29799565463478644,0.08660253882408142,0.0,0.0,0.8,6.6,3.2,30.5,1.5,11.0,300.0,15.0,7.333333333333333
3.1041666666666665,x,gym_env,1.2020044326782227,-5.053258064435795e-06,0.013487143442034721,-5.820867272632313e-07,-2.988802179970662e-06,-9.747623863631816e-08,-3.141578435897827,-5.430020246421918e-05,3.141350030899048,1.5,0.0,1.0,0.0,0.0,0.0,9440.2998046875,9440.2998046875,9440.2998046875,9440.2998046875,-0.29799565403485245,0.09659258276224136,0.0,0.0,0.8,6.6,3.2,30.5,1.5,11.0,300.0,15.0,7.333333333333333
3.125,x,gym_env,1.2020044326782227,-5.118031367601361e-06,0.01348714716732502,-5.78087167468766e-07,-2.9583795821963577e-06,-1.7458808088122169e-07,-3.1415786743164062,-5.425236304290593e-05,3.141345262527466,1.5,0.0,1.0,0.0,0.0,0.0,9440.2998046875,9440.2998046875,9440.2998046875,9440.2998046875,-0.29799565336333844,0.10000000149011612,0.0,0.0,0.8,6.6,3.2,30.5,1.5,11.0,300.0,15.0,7.333333333333333
3.145833333333333,x,gym_env,1.2020044326782227,-5.1825836635543965e-06,0.013487149029970169,-5.736104071729642e-07,-2.937538965852582e-06,-2.2052466874811216e-07,-3.1415786743164062,-5.422166577773169e-05,3.1413402557373047,1.5,0.0,1.0,0.0,0.0,0.0,9440.2998046875,9440.2998046875,9440.2998046875,9440.2998046875,-0.2979956518024835,0.09659258276224136,0.0,0.0,0.8,6.6,3.2,30.5,1.5,11.0,300.0,15.0,7.333333333333333
3.1666666666666665,x,gym_env,1.2020044326782227,-5.246685759630054e-06,0.013487149961292744,-5.632047077597235e-07,-2.932105871877866e-06,-2.4078946125882794e-07,-3.1415786743164062,-5.4199350415728986e-05,3.1413354873657227,1.5,0.0,1.0,0.0,0.0,0.0,9440.2998046875,9440.2998046875,9440.2998046875,9440.2998046875,-0.29799565030585884,0.08660253882408142,0.0,0.0,0.8,6.6,3.2,30.5,1.5,11.0,300.0,15.0,7.333333333333333
3.1875,x,gym_env,1.2020044326782227,-5.310230790200876e-06,0.013487149961292744,-5.532272098207613e-07,-2.942456603705068e-06,-2.2566457857919886e-07,-3.1415786743164062,-5.419749504653737e-05,3.1413304805755615,1.5,0.0,1.0,0.0,0.0,0.0,9440.2998046875,9440.2998046875,9440.2998046875,9440.2998046875,-0.2979956526404607,0.0707106813788414,0.0,0.0,0.8,6.6,3.2,30.5,1.5,11.0,300.0,15.0,7.333333333333333
3.208333333333333,x,gym_env,1.2020044326782227,-5.373452040657867e-06,0.013487146236002445,-5.687912221219449e-07,-2.9604420888063032e-06,-1.319132820754021e-07,-3.1415786743164062,-5.426651841844432e-05,3.1413254737854004,1.5,0.0,1.0,0.0,0.0,0.0,9440.2998046875,9440.2998046875,9440.2998046875,9440.2998046875,-0.2979956531558628,0.05000000074505806,0.0,0.0,0.8,6.6,3.2,30.5,1.5,11.0,300.0,15.0,7.333333333333333
3.2291666666666665,x,gym_env,1.2020044326782227,-5.436617811938049e-06,0.013487143442034721,-5.722272362618241e-07,-2.98135500997887e-06,-6.679479724880366e-08,-3.141578435897827,-5.4306805395754054e-05,3.1413207054138184,1.5,0.0,1.0,0.0,0.0,0.0,9440.2998046875,9440.2998046875,9440.2998046875,9440.2998046875,-0.2979956525677636,0.025881905108690262,0.0,0.0,0.8,6.6,3.2,30.5,1.5,11.0,300.0,15.0,7.333333333333333
3.25,x,gym_env,1.2020044326782227,-5.499683538801037e-06,0.013487142510712147,-5.683065751327376e-07,-3.0035209874768043e-06,-2.6191852242618552e-08,-3.141578435897827,-5.4325617384165525e-05,3.1413156986236572,1.5,0.0,1.0,0.0,0.0,0.0,9440.2998046875,9440.2998046875,9440.2998046875,9440.2998046875,-0.2979956510486545,5.144754772449676e-16,0.0,0.0,0.8,6.6,3.2,30.5,1.5,11.0,300.0,15.0,7.333333333333333
3.270833333333333,x,gym_env,1.2020044326782227,-5.56261875317432e-06,0.013487141579389572,-5.581791810982395e-07,-3.0270196020865114e-06,-5.741373154677376e-09,-3.141578435897827,-5.432661055237986e-05,3.141310930252075,1.5,0.0,1.0,0.0,0.0,0.0,9440.2998046875,9440.2998046875,9440.2998046875,9440.2998046875,-0.2979956493722057,-0.025881905108690262,0.0,0.0,0.8,6.6,3.2,30.5,1.5,11.0,300.0,15.0,7.333333333333333
3.2916666666666665,x,gym_env,1.2020044326782227,-5.625418452837039e-06,0.013487142510712147,-5.470028554555029e-07,-3.051407020393526e-06,8.44385272813497e-09,-3.141578435897827,-5.432297257357277e-05,3.141305923461914,1.5,0.0,1.0,0.0,0.0,0.0,9440.2998046875,9440.2998046875,9440.2998046875,9440.2998046875,-0.2979957662604761,-0.05000000074505806,0.0,0.0,0.8,6.6,3.2,30.5,1.5,11.0,300.0,15.0,7.333333333333333
3.3125,x,gym_env,1.202004313468933,-5.688121291314019e-06,0.013487143442034721,-5.315293947205646e-07,-3.0754172257729806e-06,5.770464550636234e-09,-3.141578435897827,-5.4305353842210025e-05,3.141301155090332,1.5,0.0,1.0,0.0,0.0,0.0,9440.2998046875,9440.2998046875,9440.2998046875,9440.2998046875,-0.29799576243110837,-0.0707106813788414,0.0,0.0,0.8,6.6,3.2,30.5,1.5,11.0,300.0,15.0,7.333333333333333
3.333333333333333,x,gym_env,1.202004313468933,-5.750763648393331e-06,0.013487146236002445,-5.060002763457305e-07,-3.0965122732595773e-06,-3.693578776164941e-08,-3.141578197479248,-5.4254691349342465e-05,3.141296148300171,1.5,0.0,1.0,0.0,0.0,0.0,9440.2998046875,9440.2998046875,9440.2998046875,9440.2998046875,-0.2979957584817214,-0.08660253882408142,0.0,0.0,0.8,6.6,3.2,30.5,1.5,11.0,300.0,15.0,7.333333333333333
3.3541666666666665,x,gym_env,1.202004313468933,-5.813370535179274e-06,0.013487149961292744,-4.796710300070117e-07,-3.112437298113946e-06,-1.0059778077220471e-07,-3.141578197479248,-5.419135050033219e-05,3.141291379928589,1.5,0.0,1.0,0.0,0.0,0.0,9440.2998046875,9440.2998046875,9440.2998046875,9440.2998046875,-0.29799575511450344,-0.09659258276224136,0.0,0.0,0.8,6.6,3.2,30.5,1.5,11.0,300.0,15.0,7.333333333333333
3.375,x,gym_env,1.202004313468933,-5.8759842431754805e-06,0.013487152755260468,-4.5722291019956174e-07,-3.123341912214528e-06,-1.6694481530521443e-07,-3.141578197479248,-5.413050530478358e-05,3.141286611557007,1.5,0.0,1.0,0.0,0.0,0.0,9440.2998046875,9440.2998046875,9440.2998046875,9440.2998046875,-0.2979957528797428,-0.10000000149011612,0.0,0.0,0.8,6.6,3.2,30.5,1.5,11.0,300.0,15.0,7.333333333333333
3.395833333333333,x,gym_env,1.202004313468933,-5.938660251558758e-06,0.013487155549228191,-4.4232450591152883e-07,-3.129338438156992e-06,-2.217160073314517e-07,-3.141578197479248,-5.4084019211586565e-05,3.1412816047668457,1.5,0.0,1.0,0.0,0.0,0.0,9440.2998046875,9440.2998046875,9440.2998046875,9440.2998046875,-0.29799575215145924,-0.09659258276224136,0.0,0.0,0.8,6.6,3.2,30.5,1.5,11.0,300.0,15.0,7.333333333333333
3.4166666666666665,x,gym_env,1.202004313468933,-6.001463589200284e-06,0.01348715741187334,-4.374692821329518e-07,-3.1306026357924566e-06,-2.545560562339233e-07,-3.141578197479248,-5.4060325055615976e-05,3.1412768363952637,1.5,0.0,1.0,0.0,0.0,0.0,9440.2998046875,9440.2998046875,9440.2998046875,9440.2998046875,-0.29799575311955523,-0.08660253882408142,0.0,0.0,0.8,6.6,3.2,30.5,1.5,11.0,300.0,15.0,7.333333333333333
3.4375,x,gym_env,1.202004313468933,-6.064459739718586e-06,0.01348715741187334,-4.439232554886985e-07,-3.12739052787947e-06,-2.5911577949955245e-07,-3.141578197479248,-5.406432683230378e-05,3.1412720680236816,1.5,0.0,1.0,0.0,0.0,0.0,9440.2998046875,9440.2998046875,9440.2998046875,9440.2998046875,-0.29799575579204995,-0.0707106813788414,0.0,0.0,0.8,6.6,3.2,30.5,1.5,11.0,300.0,15.0,7.333333333333333
3.458333333333333,x,gym_env,1.202004313468933,-6.127711003500735e-06,0.013487155549228191,-4.6173988721420756e-07,-3.120016344837495e-06,-2.3311557129090943e-07,-3.141578197479248,-5.4097366955829784e-05,3.1412670612335205,1.5,0.0,1.0,0.0,0.0,0.0,9440.2998046875,9440.2998046875,9440.2998046875,9440.2998046875,-0.2979957600607719,-0.05000000074505806,0.0,0.0,0.8,6.6,3.2,30.5,1.5,11.0,300.0,15.0,7.333333333333333
3.4791666666666665,x,gym_env,1.202004313468933,-6.191270585986786e-06,0.013487151823937893,-4.901980332761013e-07,-3.1088000014278805e-06,-1.772702233893142e-07,-3.141578197479248,-5.415829946286976e-05,3.1412622928619385,1.5,0.0,1.0,0.0,0.0,0.0,9440.2998046875,9440.2998046875,9440.2998046875,9440.2998046875,-0.29799576397720384,-0.025881905108690262,0.0,0.0,0.8,6.6,3.2,30.5,1.5,11.0,300.0,15.0,7.333333333333333
3.5,x,gym_env,1.202004313468933,-6.2551557675760705e-06,0.013487149029970169,-5.163075798009231e-07,-3.094107114520739e-06,-1.2724505893402238e-07,-3.141578197479248,-5.421350942924619e-05,3.1412572860717773,1.5,0.0,1.0,0.0,0.0,0.0,9440.2998046875,9440.2998046875,9440.2998046875,9440.2998046875,-0.2979958864310362,-1.714505461270337e-16,0.0,0.0,0.8,6.6,3.2,30.5,1.5,11.0,300.0,15.0,7.333333333333333
3.520833333333333,x,gym_env,1.2020041942596436,-6.319321983028203e-06,0.013487146236002445,-5.379378649195132e-07,-3.075617996728397e-06,-9.486394247915086e-08,-3.141578197479248,-5.425410927273333e-05,3.1412525177001953,1.5,0.0,1.0,0.0,0.0,0.0,9440.2998046875,9440.2998046875,9440.2998046875,9440.2998046875,-0.2979958896038625,0.025881905108690262,0.0,0.0,0.8,6.6,3.2,30.5,1.5,11.0,300.0,15.0,7.333333333333333
3.5416666666666665,x,gym_env,1.2020041942596436,-6.3836905610514805e-06,0.013487144373357296,-5.590900400420651e-07,-3.0550904739357065e-06,-6.620526704637086e-08,-3.141578435897827,-5.4292107961373404e-05,3.141247510910034,1.5,0.0,1.0,0.0,0.0,0.0,9440.2998046875,9440.2998046875,9440.2998046875,9440.2998046875,-0.29799589236663165,0.05000000074505806,0.0,0.0,0.8,6.6,3.2,30.5,1.5,11.0,300.0,15.0,7.333333333333333
3.5625,x,gym_env,1.2020041942596436,-6.448196472774725e-06,0.013487142510712147,-5.77508501464763e-07,-3.034582960026455e-06,-4.228149919072166e-08,-3.141578435897827,-5.4324606026057154e-05,3.141242742538452,1.5,0.0,1.0,0.0,0.0,0.0,9440.2998046875,9440.2998046875,9440.2998046875,9440.2998046875,-0.29799589466589965,0.0707106813788414,0.0,0.0,0.8,6.6,3.2,30.5,1.5,11.0,300.0,15.0,7.333333333333333
3.583333333333333,x,gym_env,1.2020041942596436,-6.512781510537025e-06,0.013487140648066998,-5.928369546381873e-07,-3.0149751637509326e-06,-2.3965730733266355e-08,-3.141578435897827,-5.435073398984969e-05,3.141237735748291,1.5,0.0,1.0,0.0,0.0,0.0,9440.2998046875,9440.2998046875,9440.2998046875,9440.2998046875,-0.2979958930162837,0.08660253882408142,0.0,0.0,0.8,6.6,3.2,30.5,1.5,11.0,300.0,15.0,7.333333333333333
3.6041666666666665,x,gym_env,1.2020041942596436,-6.577520707651274e-06,0.013487144373357296,-5.818395152346056e-07,-2.9901023026468465e-06,-9.727072836085426e-08,-3.141578435897827,-5.4297812312142923e-05,3.14123272895813,1.5,0.0,1.0,0.0,0.0,0.0,9440.2998046875,9440.2998046875,9440.2998046875,9440.2998046875,-0.2979958924217726,0.09659258276224136,0.0,0.0,0.8,6.6,3.2,30.5,1.5,11.0,300.0,15.0,7.333333333333333
3.625,x,gym_env,1.2020041942596436,-6.642320386163192e-06,0.01348714716732502,-5.778761078545358e-07,-2.959693574666744e-06,-1.7423872122890316e-07,-3.1415786743164062,-5.425009658210911e-05,3.141227960586548,1.5,0.0,1.0,0.0,0.0,0.0,9440.2998046875,9440.2998046875,9440.2998046875,9440.2998046875,-0.29799589175376295,0.10000000149011612,0.0,0.0,0.8,6.6,3.2,30.5,1.5,11.0,300.0,15.0,7.333333333333333
3.645833333333333,x,gym_env,1.2020041942596436,-6.706898602715228e-06,0.013487149029970169,-5.734227102038858e-07,-2.938866145996144e-06,-2.2006381072969816e-07,-3.1415786743164062,-5.421948662842624e-05,3.1412229537963867,1.5,0.0,1.0,0.0,0.0,0.0,9440.2998046875,9440.2998046875,9440.2998046875,9440.2998046875,-0.29799589019482653,0.09659258276224136,0.0,0.0,0.8,6.6,3.2,30.5,1.5,11.0,300.0,15.0,7.333333333333333
3.6666666666666665,x,gym_env,1.2020041942596436,-6.771027528884588e-06,0.013487149961292744,-5.630298005598888e-07,-2.9334419195947703e-06,-2.402654502020596e-07,-3.1415786743164062,-5.419722219812684e-05,3.1412181854248047,1.5,0.0,1.0,0.0,0.0,0.0,9440.2998046875,9440.2998046875,9440.2998046875,9440.2998046875,-0.29799588869682053,0.08660253882408142,0.0,0.0,0.8,6.6,3.2,30.5,1.5,11.0,300.0,15.0,7.333333333333333
3.6875,x,gym_env,1.2020041942596436,-6.834599389549112e-06,0.013487149961292744,-5.530430939870712e-07,-2.9437983357638586e-06,-2.2515359887620434e-07,-3.1415786743164062,-5.419534500106238e-05,3.1412131786346436,1.5,0.0,1.0,0.0,0.0,0.0,9440.2998046875,9440.2998046875,9440.2998046875,9440.2998046875,-0.29799589102893265,0.0707106813788414,0.0,0.0,0.8,6.6,3.2,30.5,1.5,11.0,300.0,15.0,7.333333333333333
3.708333333333333,x,gym_env,1.2020041942596436,-6.897847924847156e-06,0.013487146236002445,-5.685905080099474e-07,-2.9617733616760233e-06,-1.3148387267847284e-07,-3.1415786743164062,-5.426430652732961e-05,3.1412084102630615,1.5,0.0,1.0,0.0,0.0,0.0,9440.2998046875,9440.2998046875,9440.2998046875,9440.2998046875,-0.29799601074879833,0.05000000074505806,0.0,0.0,0.8,6.6,3.2,30.5,1.5,11.0,300.0,15.0,7.333333333333333
3.7291666666666665,x,gym_env,1.202004075050354,-6.961040526221041e-06,0.013487143442034721,-5.719943487747514e-07,-2.982672413054388e-06,-6.650427764043343e-08,-3.141578435897827,-5.430448072729632e-05,3.1412034034729004,1.5,0.0,1.0,0.0,0.0,0.0,9440.2998046875,9440.2998046875,9440.2998046875,9440.2998046875,-0.2979960101578428,0.025881905108690262,0.0,0.0,0.8,6.6,3.2,30.5,1.5,11.0,300.0,15.0,7.333333333333333
3.75,x,gym_env,1.202004075050354,-7.024133537925081e-06,0.013487142510712147,-5.680546451003465e-07,-3.0048231565160677e-06,-2.601124293732937e-08,-3.141578435897827,-5.4323205404216424e-05,3.1411983966827393,1.5,0.0,1.0,0.0,0.0,0.0,9440.2998046875,9440.2998046875,9440.2998046875,9440.2998046875,-0.29799600863764225,5.389683878268914e-16,0.0,0.0,0.8,6.6,3.2,30.5,1.5,11.0,300.0,15.0,7.333333333333333
3.770833333333333,x,gym_env,1.202004075050354,-7.087095582392067e-06,0.013487142510712147,-5.579199751082342e-07,-3.0283097203209763e-06,-5.625679477816448e-09,-3.141578435897827,-5.432415127870627e-05,3.1411936283111572,1.5,0.0,1.0,0.0,0.0,0.0,9440.2998046875,9440.2998046875,9440.2998046875,9440.2998046875,-0.297996006959761,-0.025881905108690262,0.0,0.0,0.8,6.6,3.2,30.5,1.5,11.0,300.0,15.0,7.333333333333333
3.7916666666666665,x,gym_env,1.202004075050354,-7.149922566895839e-06,0.013487142510712147,-5.46734099771129e-07,-3.0526875889336225e-06,8.501087833678866e-09,-3.141578435897827,-5.4320466006174684e-05,3.141188621520996,1.5,0.0,1.0,0.0,0.0,0.0,9440.2998046875,9440.2998046875,9440.2998046875,9440.2998046875,-0.2979960046368575,-0.05000000074505806,0.0,0.0,0.8,6.6,3.2,30.5,1.5,11.0,300.0,15.0,7.333333333333333
3.8125,x,gym_env,1.202004075050354,-7.212652235466521e-06,0.013487143442034721,-5.312480766406225e-07,-3.076689608860761e-06,5.763410193537766e-09,-3.141578435897827,-5.430279634310864e-05,3.141183853149414,1.5,0.0,1.0,0.0,0.0,0.0,9440.2998046875,9440.2998046875,9440.2998046875,9440.2998046875,-0.29799600080636424,-0.0707106813788414,0.0,0.0,0.8,6.6,3.2,30.5,1.5,11.0,300.0,15.0,7.333333333333333
3.833333333333333,x,gym_env,1.202004075050354,-7.275320513144834e-06,0.013487146236002445,-5.057114549344988e-07,-3.0977789720054716e-06,-3.6990652318991124e-08,-3.141578197479248,-5.425209747045301e-05,3.141178846359253,1.5,0.0,1.0,0.0,0.0,0.0,9440.2998046875,9440.2998046875,9440.2998046875,9440.2998046875,-0.29799599685635486,-0.08660253882408142,0.0,0.0,0.8,6.6,3.2,30.5,1.5,11.0,300.0,15.0,7.333333333333333
3.8541666666666665,x,gym_env,1.202004075050354,-7.337954230024479e-06,0.013487149961292744,-4.793780590262031e-07,-3.1136996767600067e-06,-1.0068487910075419e-07,-3.141578197479248,-5.4188731155591086e-05,3.141174077987671,1.5,0.0,1.0,0.0,0.0,0.0,9440.2998046875,9440.2998046875,9440.2998046875,9440.2998046875,-0.29799599348874894,-0.09659258276224136,0.0,0.0,0.8,6.6,3.2,30.5,1.5,11.0,300.0,15.0,7.333333333333333
3.875,x,gym_env,1.202004075050354,-7.400593858619686e-06,0.013487153686583042,-4.5692735284319497e-07,-3.1246015623764833e-06,-1.6705271832506696e-07,-3.141578197479248,-5.412787140812725e-05,3.141169309616089,1.5,0.0,1.0,0.0,0.0,0.0,9440.2998046875,9440.2998046875,9440.2998046875,9440.2998046875,-0.29799599125368986,-0.10000000149011612,0.0,0.0,0.8,6.6,3.2,30.5,1.5,11.0,300.0,15.0,7.333333333333333
3.895833333333333,x,gym_env,1.202004075050354,-7.4632962423493154e-06,0.013487156480550766,-4.4202695903550193e-07,-3.130596269329544e-06,-2.2183714065704407e-07,-3.141578197479248,-5.408137440099381e-05,3.1411643028259277,1.5,0.0,1.0,0.0,0.0,0.0,9440.2998046875,9440.2998046875,9440.2998046875,9440.2998046875,-0.29799599052509507,-0.09659258276224136,0.0,0.0,0.8,6.6,3.2,30.5,1.5,11.0,300.0,15.0,7.333333333333333
3.9166666666666665,x,gym_env,1.202004075050354,-7.526125500589842e-06,0.01348715741187334,-4.3716966047213646e-07,-3.131859102722956e-06,-2.5468548869866936e-07,-3.141578197479248,-5.4057672969065607e-05,3.1411595344543457,1.5,0.0,1.0,0.0,0.0,0.0,9440.2998046875,9440.2998046875,9440.2998046875,9440.2998046875,-0.29799611070210974,-0.08660253882408142,0.0,0.0,0.8,6.6,3.2,30.5,1.5,11.0,300.0,15.0,7.333333333333333
3.9375,x,gym_env,1.2020039558410645,-7.589148026454495e-06,0.01348715741187334,-4.436211611391627e-07,-3.1286460853152676e-06,-2.592503562937054e-07,-3.141578197479248,-5.406166746979579e-05,3.1411547660827637,1.5,0.0,1.0,0.0,0.0,0.0,9440.2998046875,9440.2998046875,9440.2998046875,9440.2998046875,-0.2979961133741867,-0.0707106813788414,0.0,0.0,0.8,6.6,3.2,30.5,1.5,11.0,300.0,15.0,7.333333333333333
3.958333333333333,x,gym_env,1.2020039558410645,-7.652425665582996e-06,0.013487155549228191,-4.614350075371476e-07,-3.1212712201522663e-06,-2.3325281972574885e-07,-3.141578197479248,-5.409470395534299e-05,3.1411497592926025,1.5,0.0,1.0,0.0,0.0,0.0,9440.2998046875,9440.2998046875,9440.2998046875,9440.2998046875,-0.29799611764264,-0.05000000074505806,0.0,0.0,0.8,6.6,3.2,30.5,1.5,11.0,300.0,15.0,7.333333333333333
3.9791666666666665,x,gym_env,1.2020039558410645,-7.716011168668047e-06,0.013487151823937893,-4.898913630313473e-07,-3.1100541946216254e-06,-1.7740545388278406e-07,-3.141578197479248,-5.415563646238297e-05,3.1411449909210205,1.5,0.0,1.0,0.0,0.0,0.0,9440.2998046875,9440.2998046875,9440.2998046875,9440.2998046875,-0.2979961215598479,-0.025881905108690262,0.0,0.0,0.8,6.6,3.2,30.5,1.5,11.0,300.0,15.0,7.333333333333333
4.0,x,gym_env,1.2020039558410645,-7.779923180351034e-06,0.013487149029970169,-5.160060823072854e-07,-3.0953626719565364e-06,-1.2735328880353336e-07,-3.141578197479248,-5.421086825663224e-05,3.1411399841308594,1.5,0.0,1.0,0.0,0.0,0.0,9440.2998046875,9440.2998046875,9440.2998046875,9440.2998046875,-0.2979961248052092,-1.9594348317873706e-16,0.0,0.0,0.8,6.6,3.2,30.5,1.5,11.0,300.0,15.0,7.333333333333333
4.020833333333333,x,gym_env,1.2020039558410645,-7.844115316402167e-06,0.013487146236002445,-5.376418243940861e-07,-3.076878329011379e-06,-9.493438568597412e-08,-3.141578197479248,-5.425149720394984e-05,3.1411352157592773,1.5,0.0,1.0,0.0,0.0,0.0,9440.2998046875,9440.2998046875,9440.2998046875,9440.2998046875,-0.29799612797761765,0.025881905108690262,0.0,0.0,0.8,6.6,3.2,30.5,1.5,11.0,300.0,15.0,7.333333333333333
4.041666666666666,x,gym_env,1.2020039558410645,-7.908510269771796e-06,0.013487144373357296,-5.587912141891138e-07,-3.0563569453079253e-06,-6.62565255993286e-08,-3.141578435897827,-5.428951044450514e-05,3.141130208969116,1.5,0.0,1.0,0.0,0.0,0.0,9440.2998046875,9440.2998046875,9440.2998046875,9440.2998046875,-0.2979961307403869,0.05000000074505806,0.0,0.0,0.8,6.6,3.2,30.5,1.5,11.0,300.0,15.0,7.333333333333333
4.0625,x,gym_env,1.2020039558410645,-7.97304164734669e-06,0.013487142510712147,-5.772096756118117e-07,-3.035856707356288e-06,-4.2307906511496185e-08,-3.141578435897827,-5.432201942312531e-05,3.141125440597534,1.5,0.0,1.0,0.0,0.0,0.0,9440.2998046875,9440.2998046875,9440.2998046875,9440.2998046875,-0.2979961330431422,0.0707106813788414,0.0,0.0,0.8,6.6,3.2,30.5,1.5,11.0,300.0,15.0,7.333333333333333
4.083333333333333,x,gym_env,1.2020039558410645,-8.037653060455341e-06,0.013487140648066998,-5.925613777435501e-07,-3.0162600523908623e-06,-2.3893194978086285e-08,-3.141578435897827,-5.434823106043041e-05,3.141120433807373,1.5,0.0,1.0,0.0,0.0,0.0,9440.2998046875,9440.2998046875,9440.2998046875,9440.2998046875,-0.2979961313976787,0.08660253882408142,0.0,0.0,0.8,6.6,3.2,30.5,1.5,11.0,300.0,15.0,7.333333333333333
4.104166666666666,x,gym_env,1.2020039558410645,-8.102418178168591e-06,0.013487144373357296,-5.815916210849537e-07,-2.9914069727965398e-06,-9.706312198431988e-08,-3.141578435897827,-5.429541852208786e-05,3.141115427017212,1.5,0.0,1.0,0.0,0.0,0.0,9440.2998046875,9440.2998046875,9440.2998046875,9440.2998046875,-0.2979961308085734,0.09659258276224136,0.0,0.0,0.8,6.6,3.2,30.5,1.5,11.0,300.0,15.0,7.333333333333333
4.125,x,gym_env,1.2020039558410645,-8.16724423202686e-06,0.01348714716732502,-5.776642524324416e-07,-2.9610112051159376e-06,-1.7388785522598482e-07,-3.1415786743164062,-5.4247822845354676e-05,3.14111065864563,1.5,0.0,1.0,0.0,0.0,0.0,9440.2998046875,9440.2998046875,9440.2998046875,9440.2998046875,-0.2979961301440596,0.10000000149011612,0.0,0.0,0.8,6.6,3.2,30.5,1.5,11.0,300.0,15.0,7.333333333333333
4.145833333333333,x,gym_env,1.2020039558410645,-8.231849278672598e-06,0.013487149029970169,-5.732341605835245e-07,-2.940196736744838e-06,-2.1960181584290694e-07,-3.1415786743164062,-5.4217303841141984e-05,3.1411056518554688,1.5,0.0,1.0,0.0,0.0,0.0,9440.2998046875,9440.2998046875,9440.2998046875,9440.2998046875,-0.2979962477963142,0.09659258276224136,0.0,0.0,0.8,6.6,3.2,30.5,1.5,11.0,300.0,15.0,7.333333333333333
4.166666666666666,x,gym_env,1.202003836631775,-8.296004125440959e-06,0.013487149961292744,-5.628539270219335e-07,-2.9347813779168064e-06,-2.397405864940083e-07,-3.1415786743164062,-5.419509034254588e-05,3.1411008834838867,1.5,0.0,1.0,0.0,0.0,0.0,9440.2998046875,9440.2998046875,9440.2998046875,9440.2998046875,-0.2979962462969269,0.08660253882408142,0.0,0.0,0.8,6.6,3.2,30.5,1.5,11.0,300.0,15.0,7.333333333333333
4.1875,x,gym_env,1.202003836631775,-8.359603270946536e-06,0.013487149961292744,-5.528580118152604e-07,-2.94514302368043e-06,-2.2464192284132878e-07,-3.1415786743164062,-5.419319495558739e-05,3.1410958766937256,1.5,0.0,1.0,0.0,0.0,0.0,9440.2998046875,9440.2998046875,9440.2998046875,9440.2998046875,-0.2979962486265492,0.0707106813788414,0.0,0.0,0.8,6.6,3.2,30.5,1.5,11.0,300.0,15.0,7.333333333333333
4.208333333333333,x,gym_env,1.202003836631775,-8.422878636338282e-06,0.013487146236002445,-5.683888275598292e-07,-2.9631073630298488e-06,-1.3105393747991911e-07,-3.1415786743164062,-5.426208736025728e-05,3.1410908699035645,1.5,0.0,1.0,0.0,0.0,0.0,9440.2998046875,9440.2998046875,9440.2998046875,9440.2998046875,-0.29799624913229084,0.05000000074505806,0.0,0.0,0.8,6.6,3.2,30.5,1.5,11.0,300.0,15.0,7.333333333333333
4.229166666666666,x,gym_env,1.202003836631775,-8.486099432047922e-06,0.013487143442034721,-5.717604381061392e-07,-2.983992771987687e-06,-6.621343118240475e-08,-3.141578435897827,-5.430214514490217e-05,3.1410861015319824,1.5,0.0,1.0,0.0,0.0,0.0,9440.2998046875,9440.2998046875,9440.2998046875,9440.2998046875,-0.29799624853847034,0.025881905108690262,0.0,0.0,0.8,6.6,3.2,30.5,1.5,11.0,300.0,15.0,7.333333333333333
4.25,x,gym_env,1.202003836631775,-8.549219273845665e-06,0.013487142510712147,-5.678016350429971e-07,-3.006128281413112e-06,-2.583042935100366e-08,-3.141578435897827,-5.432078614830971e-05,3.1410810947418213,1.5,0.0,1.0,0.0,0.0,0.0,9440.2998046875,9440.2998046875,9440.2998046875,9440.2998046875,-0.2979962470171785,5.634612984088151e-16,0.0,0.0,0.8,6.6,3.2,30.5,1.5,11.0,300.0,15.0,7.333333333333333
4.270833333333333,x,gym_env,1.202003836631775,-8.612208148406353e-06,0.013487142510712147,-5.576596890932706e-07,-3.029602339665871e-06,-5.5098632323336005e-09,-3.141578435897827,-5.432168472907506e-05,3.1410763263702393,1.5,0.0,1.0,0.0,0.0,0.0,9440.2998046875,9440.2998046875,9440.2998046875,9440.2998046875,-0.2979962453378732,-0.025881905108690262,0.0,0.0,0.8,6.6,3.2,30.5,1.5,11.0,300.0,15.0,7.333333333333333
4.291666666666666,x,gym_env,1.202003836631775,-8.675062417751178e-06,0.013487142510712147,-5.464643209052156e-07,-3.0539706585841486e-06,8.558395769853178e-09,-3.141578435897827,-5.431795580079779e-05,3.141071319580078,1.5,0.0,1.0,0.0,0.0,0.0,9440.2998046875,9440.2998046875,9440.2998046875,9440.2998046875,-0.2979962430130684,-0.05000000074505806,0.0,0.0,0.8,6.6,3.2,30.5,1.5,11.0,300.0,15.0,7.333333333333333
4.3125,x,gym_env,1.202003836631775,-8.737818461668212e-06,0.013487143442034721,-5.309656216923031e-07,-3.0779647204326466e-06,5.756384702237938e-09,-3.141578435897827,-5.430023156804964e-05,3.141066312789917,1.5,0.0,1.0,0.0,0.0,0.0,9440.2998046875,9440.2998046875,9440.2998046875,9440.2998046875,-0.29799623918146667,-0.0707106813788414,0.0,0.0,0.8,6.6,3.2,30.5,1.5,11.0,300.0,15.0,7.333333333333333
4.333333333333333,x,gym_env,1.202003836631775,-8.800513569440227e-06,0.013487146236002445,-5.054216103417275e-07,-3.0990481718617957e-06,-3.7045506218191804e-08,-3.141578197479248,-5.424949631560594e-05,3.141061544418335,1.5,0.0,1.0,0.0,0.0,0.0,9440.2998046875,9440.2998046875,9440.2998046875,9440.2998046875,-0.2979962352308263,-0.08660253882408142,0.0,0.0,0.8,6.6,3.2,30.5,1.5,11.0,300.0,15.0,7.333333333333333
4.354166666666666,x,gym_env,1.202003836631775,-8.863173206918873e-06,0.013487149961292744,-4.790840080204362e-07,-3.1149645565164974e-06,-1.0077194190216687e-07,-3.141578197479248,-5.4186104534892365e-05,3.141056776046753,1.5,0.0,1.0,0.0,0.0,0.0,9440.2998046875,9440.2998046875,9440.2998046875,9440.2998046875,-0.29799635107212624,-0.09659258276224136,0.0,0.0,0.8,6.6,3.2,30.5,1.5,11.0,300.0,15.0,7.333333333333333
4.375,x,gym_env,1.2020037174224854,-8.925839210860431e-06,0.013487153686583042,-4.5663074388357927e-07,-3.1258634862751933e-06,-1.6716057871235535e-07,-3.141578197479248,-5.41252302355133e-05,3.141051769256592,1.5,0.0,1.0,0.0,0.0,0.0,9440.2998046875,9440.2998046875,9440.2998046875,9440.2998046875,-0.2979963488367602,-0.10000000149011612,0.0,0.0,0.8,6.6,3.2,30.5,1.5,11.0,300.0,15.0,7.333333333333333
4.395833333333333,x,gym_env,1.2020037174224854,-8.988567969936412e-06,0.013487156480550766,-4.4172830371280725e-07,-3.1318563742388505e-06,-2.2195818871750816e-07,-3.141578197479248,-5.407872231444344e-05,3.1410470008850098,1.5,0.0,1.0,0.0,0.0,0.0,9440.2998046875,9440.2998046875,9440.2998046875,9440.2998046875,-0.2979963481078542,-0.09659258276224136,0.0,0.0,0.8,6.6,3.2,30.5,1.5,11.0,300.0,15.0,7.333333333333333
4.416666666666666,x,gym_env,1.2020037174224854,-9.05142405827064e-06,0.01348715741187334,-4.3686893036465335e-07,-3.133118070763885e-06,-2.5481483589828713e-07,-3.141578197479248,-5.405501360655762e-05,3.1410422325134277,1.5,0.0,1.0,0.0,0.0,0.0,9440.2998046875,9440.2998046875,9440.2998046875,9440.2998046875,-0.2979963490752084,-0.08660253882408142,0.0,0.0,0.8,6.6,3.2,30.5,1.5,11.0,300.0,15.0,7.333333333333333
4.4375,x,gym_env,1.2020037174224854,-9.114472959481645e-06,0.01348715741187334,-4.4331795834295917e-07,-3.1299043712351704e-06,-2.593848762444395e-07,-3.141578197479248,-5.4059004469309e-05,3.1410372257232666,1.5,0.0,1.0,0.0,0.0,0.0,9440.2998046875,9440.2998046875,9440.2998046875,9440.2998046875,-0.29799635174687183,-0.0707106813788414,0.0,0.0,0.8,6.6,3.2,30.5,1.5,11.0,300.0,15.0,7.333333333333333
4.458333333333333,x,gym_env,1.2020037174224854,-9.177776519209146e-06,0.013487155549228191,-4.611290478351293e-07,-3.122528823951143e-06,-2.333900113171694e-07,-3.141578197479248,-5.4092037316877395e-05,3.1410324573516846,1.5,0.0,1.0,0.0,0.0,0.0,9440.2998046875,9440.2998046875,9440.2998046875,9440.2998046875,-0.29799635601504804,-0.05000000074505806,0.0,0.0,0.8,6.6,3.2,30.5,1.5,11.0,300.0,15.0,7.333333333333333
4.479166666666666,x,gym_env,1.2020037174224854,-9.241388397640549e-06,0.013487151823937893,-4.89583555918216e-07,-3.1113108889258e-06,-1.7754068437625392e-07,-3.141578197479248,-5.415296618593857e-05,3.1410274505615234,1.5,0.0,1.0,0.0,0.0,0.0,9440.2998046875,9440.2998046875,9440.2998046875,9440.2998046875,-0.29799635993304036,-0.025881905108690262,0.0,0.0,0.8,6.6,3.2,30.5,1.5,11.0,300.0,15.0,7.333333333333333
4.5,x,gym_env,1.2020037174224854,-9.305325875175186e-06,0.013487149029970169,-5.157035047886893e-07,-3.0966207305027638e-06,-1.2746150446218962e-07,-3.141578197479248,-5.420822344603948e-05,3.1410226821899414,1.5,0.0,1.0,0.0,0.0,0.0,9440.2998046875,9440.2998046875,9440.2998046875,9440.2998046875,-0.29799636317922024,-9.309792062831218e-16,0.0,0.0,0.8,6.6,3.2,30.5,1.5,11.0,300.0,15.0,7.333333333333333
4.520833333333333,x,gym_env,1.2020037174224854,-9.369545296067372e-06,0.013487146236002445,-5.373447038437007e-07,-3.078140935031115e-06,-9.500482178737002e-08,-3.141578197479248,-5.424888149718754e-05,3.1410176753997803,1.5,0.0,1.0,0.0,0.0,0.0,9440.2998046875,9440.2998046875,9440.2998046875,9440.2998046875,-0.2979963663512109,0.025881905108690262,0.0,0.0,0.8,6.6,3.2,30.5,1.5,11.0,300.0,15.0,7.333333333333333
4.541666666666666,x,gym_env,1.2020037174224854,-9.43396571528865e-06,0.013487144373357296,-5.584913083112042e-07,-3.0576261451642495e-06,-6.630778415228633e-08,-3.141578435897827,-5.4286902013700455e-05,3.1410129070281982,1.5,0.0,1.0,0.0,0.0,0.0,9440.2998046875,9440.2998046875,9440.2998046875,9440.2998046875,-0.2979963691139801,0.05000000074505806,0.0,0.0,0.8,6.6,3.2,30.5,1.5,11.0,300.0,15.0,7.333333333333333
4.5625,x,gym_env,1.2020037174224854,-9.498524377704598e-06,0.013487142510712147,-5.769097697339021e-07,-3.037133410543902e-06,-4.2334328043125424e-08,-3.141578435897827,-5.431942918221466e-05,3.141007900238037,1.5,0.0,1.0,0.0,0.0,0.0,9440.2998046875,9440.2998046875,9440.2998046875,9440.2998046875,-0.29799649062951233,0.0707106813788414,0.0,0.0,0.8,6.6,3.2,30.5,1.5,11.0,300.0,15.0,7.333333333333333
4.583333333333333,x,gym_env,1.2020035982131958,-9.563161256664898e-06,0.013487141579389572,-5.922847208239546e-07,-3.0175476695148973e-06,-2.3820609484914712e-08,-3.141578435897827,-5.434572449303232e-05,3.141002893447876,1.5,0.0,1.0,0.0,0.0,0.0,9440.2998046875,9440.2998046875,9440.2998046875,9440.2998046875,-0.29799648898820125,0.08660253882408142,0.0,0.0,0.8,6.6,3.2,30.5,1.5,11.0,300.0,15.0,7.333333333333333
4.604166666666666,x,gym_env,1.2020035982131958,-9.6279527497245e-06,0.013487144373357296,-5.813426469103433e-07,-2.992714144056663e-06,-9.685535928838362e-08,-3.141578435897827,-5.4293017456075177e-05,3.140998125076294,1.5,0.0,1.0,0.0,0.0,0.0,9440.2998046875,9440.2998046875,9440.2998046875,9440.2998046875,-0.29799648840450177,0.09659258276224136,0.0,0.0,0.8,6.6,3.2,30.5,1.5,11.0,300.0,15.0,7.333333333333333
4.625,x,gym_env,1.2020035982131958,-9.692804269434419e-06,0.01348714716732502,-5.77451316985389e-07,-2.962331791422912e-06,-1.7353674763853633e-07,-3.1415786743164062,-5.424554547062144e-05,3.140993118286133,1.5,0.0,1.0,0.0,0.0,0.0,9440.2998046875,9440.2998046875,9440.2998046875,9440.2998046875,-0.29799648774348386,0.10000000149011612,0.0,0.0,0.8,6.6,3.2,30.5,1.5,11.0,300.0,15.0,7.333333333333333
4.645833333333333,x,gym_env,1.2020035982131958,-9.757435691426508e-06,0.013487149029970169,-5.730445309382048e-07,-2.9415298286039615e-06,-2.1913953673902142e-07,-3.1415786743164062,-5.4215113777900115e-05,3.140988349914551,1.5,0.0,1.0,0.0,0.0,0.0,9440.2998046875,9440.2998046875,9440.2998046875,9440.2998046875,-0.2979964861883587,0.09659258276224136,0.0,0.0,0.8,6.6,3.2,30.5,1.5,11.0,300.0,15.0,7.333333333333333
4.666666666666666,x,gym_env,1.2020035982131958,-9.821617823035922e-06,0.013487150892615318,-5.626770303024387e-07,-2.936123109975597e-06,-2.392153817254439e-07,-3.1415786743164062,-5.4192947573028505e-05,3.1409833431243896,1.5,0.0,1.0,0.0,0.0,0.0,9440.2998046875,9440.2998046875,9440.2998046875,9440.2998046875,-0.29799648468758166,0.08660253882408142,0.0,0.0,0.8,6.6,3.2,30.5,1.5,11.0,300.0,15.0,7.333333333333333
4.6875,x,gym_env,1.2020035982131958,-9.88524334388785e-06,0.013487150892615318,-5.526718496184913e-07,-2.946490212707431e-06,-2.2412990574594005e-07,-3.1415786743164062,-5.4191033996175975e-05,3.1409783363342285,1.5,0.0,1.0,0.0,0.0,0.0,9440.2998046875,9440.2998046875,9440.2998046875,9440.2998046875,-0.29799648701471426,0.0707106813788414,0.0,0.0,0.8,6.6,3.2,30.5,1.5,11.0,300.0,15.0,7.333333333333333
4.708333333333333,x,gym_env,1.2020035982131958,-9.948546903615352e-06,0.013487146236002445,-5.681860670847527e-07,-2.9644440928677795e-06,-1.3062370385341637e-07,-3.1415786743164062,-5.425986455520615e-05,3.1409735679626465,1.5,0.0,1.0,0.0,0.0,0.0,9440.2998046875,9440.2998046875,9440.2998046875,9440.2998046875,-0.2979964875156128,0.05000000074505806,0.0,0.0,0.8,6.6,3.2,30.5,1.5,11.0,300.0,15.0,7.333333333333333
4.729166666666666,x,gym_env,1.2020035982131958,-1.0011794074671343e-05,0.013487143442034721,-5.715253905691497e-07,-2.98531540465774e-06,-6.592239998326477e-08,-3.1415786743164062,-5.429980592452921e-05,3.1409685611724854,1.5,0.0,1.0,0.0,0.0,0.0,9440.2998046875,9440.2998046875,9440.2998046875,9440.2998046875,-0.29799648691892744,0.025881905108690262,0.0,0.0,0.8,6.6,3.2,30.5,1.5,11.0,300.0,15.0,7.333333333333333
4.75,x,gym_env,1.2020035982131958,-1.0074942110804841e-05,0.013487142510712147,-5.675474881172704e-07,-3.007435907420586e-06,-2.564951984140862e-08,-3.141578435897827,-5.4318363254424185e-05,3.140963554382324,1.5,0.0,1.0,0.0,0.0,0.0,9440.2998046875,9440.2998046875,9440.2998046875,9440.2998046875,-0.29799648539655266,5.879542619302981e-16,0.0,0.0,0.8,6.6,3.2,30.5,1.5,11.0,300.0,15.0,7.333333333333333
4.770833333333333,x,gym_env,1.2020035982131958,-1.0137958270206582e-05,0.013487142510712147,-5.573983230533486e-07,-3.030897687494871e-06,-5.393982149826115e-09,-3.141578435897827,-5.4319214541465044e-05,3.140958786010742,1.5,0.0,1.0,0.0,0.0,0.0,9440.2998046875,9440.2998046875,9440.2998046875,9440.2998046875,-0.297996602925096,-0.025881905108690262,0.0,0.0,0.8,6.6,3.2,30.5,1.5,11.0,300.0,15.0,7.333333333333333
4.791666666666666,x,gym_env,1.2020034790039062,-1.0200838914897759e-05,0.013487142510712147,-5.461933483275061e-07,-3.05525645671878e-06,8.615725910487981e-09,-3.141578435897827,-5.431543831946328e-05,3.140953779220581,1.5,0.0,1.0,0.0,0.0,0.0,9440.2998046875,9440.2998046875,9440.2998046875,9440.2998046875,-0.2979966005983982,-0.05000000074505806,0.0,0.0,0.8,6.6,3.2,30.5,1.5,11.0,300.0,15.0,7.333333333333333
4.8125,x,gym_env,1.2020034790039062,-1.0263622243655846e-05,0.013487143442034721,-5.306820298756065e-07,-3.0792425604886375e-06,5.749356546402851e-09,-3.141578435897827,-5.429766315501183e-05,3.140949010848999,1.5,0.0,1.0,0.0,0.0,0.0,9440.2998046875,9440.2998046875,9440.2998046875,9440.2998046875,-0.29799659676568807,-0.0707106813788414,0.0,0.0,0.8,6.6,3.2,30.5,1.5,11.0,300.0,15.0,7.333333333333333
4.833333333333333,x,gym_env,1.2020034790039062,-1.0326343726774212e-05,0.013487146236002445,-5.05130628880579e-07,-3.1003198728285497e-06,-3.710036367010616e-08,-3.141578197479248,-5.4246887884801254e-05,3.140944004058838,1.5,0.0,1.0,0.0,0.0,0.0,9440.2998046875,9440.2998046875,9440.2998046875,9440.2998046875,-0.2979965928144253,-0.08660253882408142,0.0,0.0,0.8,6.6,3.2,30.5,1.5,11.0,300.0,15.0,7.333333333333333
4.854166666666666,x,gym_env,1.2020034790039062,-1.038902973959921e-05,0.013487149961292744,-4.787888769897108e-07,-3.1162321647570934e-06,-1.008589975981522e-07,-3.141578197479248,-5.418347427621484e-05,3.140939235687256,1.5,0.0,1.0,0.0,0.0,0.0,9440.2998046875,9440.2998046875,9440.2998046875,9440.2998046875,-0.29799658944604346,-0.09659258276224136,0.0,0.0,0.8,6.6,3.2,30.5,1.5,11.0,300.0,15.0,7.333333333333333
4.875,x,gym_env,1.2020034790039062,-1.0451722118887119e-05,0.013487153686583042,-4.5633299805558636e-07,-3.127128366031684e-06,-1.6726839646707958e-07,-3.141578197479248,-5.412258178694174e-05,3.140934467315674,1.5,0.0,1.0,0.0,0.0,0.0,9440.2998046875,9440.2998046875,9440.2998046875,9440.2998046875,-0.297996587210379,-0.10000000149011612,0.0,0.0,0.8,6.6,3.2,30.5,1.5,11.0,300.0,15.0,7.333333333333333
4.895833333333333,x,gym_env,1.2020034790039062,-1.0514477253309451e-05,0.013487156480550766,-4.414285683651542e-07,-3.1331192076322623e-06,-2.220791799345534e-07,-3.141578197479248,-5.4076062951935455e-05,3.1409294605255127,1.5,0.0,1.0,0.0,0.0,0.0,9440.2998046875,9440.2998046875,9440.2998046875,9440.2998046875,-0.2979965864811618,-0.09659258276224136,0.0,0.0,0.8,6.6,3.2,30.5,1.5,11.0,300.0,15.0,7.333333333333333
4.916666666666666,x,gym_env,1.2020034790039062,-1.057735880749533e-05,0.013487158343195915,-4.365671202322119e-07,-3.134379539915244e-06,-2.549440978327766e-07,-3.141578197479248,-5.4052346968092024e-05,3.1409246921539307,1.5,0.0,1.0,0.0,0.0,0.0,9440.2998046875,9440.2998046875,9440.2998046875,9440.2998046875,-0.29799658744814506,-0.08660253882408142,0.0,0.0,0.8,6.6,3.2,30.5,1.5,11.0,300.0,15.0,7.333333333333333
4.9375,x,gym_env,1.2020034790039062,-1.0640434084052686e-05,0.01348715741187334,-4.4301367552179727e-07,-3.1311649308918277e-06,-2.595193109300453e-07,-3.141578197479248,-5.40563341928646e-05,3.1409199237823486,1.5,0.0,1.0,0.0,0.0,0.0,9440.2998046875,9440.2998046875,9440.2998046875,9440.2998046875,-0.2979965901193907,-0.0707106813788414,0.0,0.0,0.8,6.6,3.2,30.5,1.5,11.0,300.0,15.0,7.333333333333333
4.958333333333333,x,gym_env,1.2020034790039062,-1.0703764019126538e-05,0.013487155549228191,-4.6082197968644323e-07,-3.123788701486774e-06,-2.335271460651711e-07,-3.141578197479248,-5.408936340245418e-05,3.1409149169921875,1.5,0.0,1.0,0.0,0.0,0.0,9440.2998046875,9440.2998046875,9440.2998046875,9440.2998046875,-0.29799659438728554,-0.05000000074505806,0.0,0.0,0.8,6.6,3.2,30.5,1.5,11.0,300.0,15.0,7.333333333333333
4.979166666666666,x,gym_env,1.2020034790039062,-1.0767402272904292e-05,0.013487152755260468,-4.892746119367075e-07,-3.1125700843404047e-06,-1.7767588644801435e-07,-3.141578197479248,-5.4150292271515355e-05,3.1409101486206055,1.5,0.0,1.0,0.0,0.0,0.0,9440.2998046875,9440.2998046875,9440.2998046875,9440.2998046875,-0.2979965983060623,-0.025881905108690262,0.0,0.0,0.8,6.6,3.2,30.5,1.5,11.0,300.0,15.0,7.333333333333333
5.0,x,gym_env,1.2020034790039062,-1.0831367035279982e-05,0.013487149029970169,-5.15399790401716e-07,-3.0978815175330965e-06,-1.2756972012084589e-07,-3.141578197479248,-5.420557135948911e-05,3.1409051418304443,1.5,0.0,1.0,0.0,0.0,0.0,9440.2998046875,9440.2998046875,9440.2998046875,9440.2998046875,-0.2979967207623503,-9.554721168650456e-16,0.0,0.0,0.8,6.6,3.2,30.5,1.5,11.0,300.0,15.0,7.333333333333333
5.020833333333333,x,gym_env,1.2020033597946167,-1.0895611922023818e-05,0.01348714716732502,-5.37046446424938e-07,-3.0794062695349567e-06,-9.507525078333856e-08,-3.141578197479248,-5.424625851446763e-05,3.140900135040283,1.5,0.0,1.0,0.0,0.0,0.0,9440.2998046875,9440.2998046875,9440.2998046875,9440.2998046875,-0.2979967239339231,0.025881905108690262,0.0,0.0,0.8,6.6,3.2,30.5,1.5,11.0,300.0,15.0,7.333333333333333
5.041666666666666,x,gym_env,1.2020033597946167,-1.096005962608615e-05,0.013487144373357296,-5.581902655649174e-07,-3.0588978461310035e-06,-6.635904981067142e-08,-3.141578435897827,-5.4284289944916964e-05,3.140895366668701,1.5,0.0,1.0,0.0,0.0,0.0,9440.2998046875,9440.2998046875,9440.2998046875,9440.2998046875,-0.2979967266966838,0.05000000074505806,0.0,0.0,0.8,6.6,3.2,30.5,1.5,11.0,300.0,15.0,7.333333333333333
5.0625,x,gym_env,1.2020033597946167,-1.1024643754353747e-05,0.013487142510712147,-5.766086701441964e-07,-3.03841238746827e-06,-4.23607602328957e-08,-3.141578435897827,-5.4316835303325206e-05,3.14089035987854,1.5,0.0,1.0,0.0,0.0,0.0,9440.2998046875,9440.2998046875,9440.2998046875,9440.2998046875,-0.2979967290064224,0.0707106813788414,0.0,0.0,0.8,6.6,3.2,30.5,1.5,11.0,300.0,15.0,7.333333333333333
5.083333333333333,x,gym_env,1.2020033597946167,-1.1089307008660398e-05,0.013487141579389572,-5.920069270359818e-07,-3.018837787749362e-06,-2.3747979582822154e-08,-3.141578435897827,-5.4343207011697814e-05,3.140885353088379,1.5,0.0,1.0,0.0,0.0,0.0,9440.2998046875,9440.2998046875,9440.2998046875,9440.2998046875,-0.2979967273692637,0.08660253882408142,0.0,0.0,0.8,6.6,3.2,30.5,1.5,11.0,300.0,15.0,7.333333333333333
5.104166666666666,x,gym_env,1.2020033597946167,-1.1154124877066351e-05,0.013487144373357296,-5.810925358673558e-07,-2.994023816427216e-06,-9.664745448390022e-08,-3.141578435897827,-5.429061275208369e-05,3.140880584716797,1.5,0.0,1.0,0.0,0.0,0.0,9440.2998046875,9440.2998046875,9440.2998046875,9440.2998046875,-0.29799672679098704,0.09659258276224136,0.0,0.0,0.8,6.6,3.2,30.5,1.5,11.0,300.0,15.0,7.333333333333333
5.125,x,gym_env,1.2020033597946167,-1.1219002772122622e-05,0.01348714716732502,-5.772373583567969e-07,-2.9636546514666406e-06,-1.731854126774124e-07,-3.1415786743164062,-5.424326081993058e-05,3.1408755779266357,1.5,0.0,1.0,0.0,0.0,0.0,9440.2998046875,9440.2998046875,9440.2998046875,9440.2998046875,-0.297996726133465,0.10000000149011612,0.0,0.0,0.8,6.6,3.2,30.5,1.5,11.0,300.0,15.0,7.333333333333333
5.145833333333333,x,gym_env,1.2020033597946167,-1.1283660569461063e-05,0.013487149029970169,-5.728538781113457e-07,-2.9428656489471905e-06,-2.1867695920718688e-07,-3.1415786743164062,-5.421292007667944e-05,3.1408708095550537,1.5,0.0,1.0,0.0,0.0,0.0,9440.2998046875,9440.2998046875,9440.2998046875,9440.2998046875,-0.29799672458024135,0.09659258276224136,0.0,0.0,0.8,6.6,3.2,30.5,1.5,11.0,300.0,15.0,7.333333333333333
5.166666666666666,x,gym_env,1.2020033597946167,-1.134786998591153e-05,0.013487150892615318,-5.624990535579855e-07,-2.937467797892168e-06,-2.386898358963663e-07,-3.1415786743164062,-5.419080480351113e-05,3.1408658027648926,1.5,0.0,1.0,0.0,0.0,0.0,9440.2998046875,9440.2998046875,9440.2998046875,9440.2998046875,-0.29799672307808295,0.08660253882408142,0.0,0.0,0.8,6.6,3.2,30.5,1.5,11.0,300.0,15.0,7.333333333333333
5.1875,x,gym_env,1.2020033597946167,-1.141152188210981e-05,0.013487150892615318,-5.524846642401826e-07,-2.947839902844862e-06,-2.2361756180089287e-07,-3.1415786743164062,-5.418887303676456e-05,3.1408607959747314,1.5,0.0,1.0,0.0,0.0,0.0,9440.2998046875,9440.2998046875,9440.2998046875,9440.2998046875,-0.2979967254027258,0.0707106813788414,0.0,0.0,0.8,6.6,3.2,30.5,1.5,11.0,300.0,15.0,7.333333333333333
5.208333333333333,x,gym_env,1.2020033597946167,-1.1474852726678364e-05,0.013487146236002445,-5.679822834281367e-07,-2.9657835511898156e-06,-1.3019320022067404e-07,-3.1415786743164062,-5.42576344741974e-05,3.1408560276031494,1.5,0.0,1.0,0.0,0.0,0.0,9440.2998046875,9440.2998046875,9440.2998046875,9440.2998046875,-0.2979968451080623,0.05000000074505806,0.0,0.0,0.8,6.6,3.2,30.5,1.5,11.0,300.0,15.0,7.333333333333333
5.229166666666666,x,gym_env,1.2020032405853271,-1.153812809207011e-05,0.013487144373357296,-5.71289263007202e-07,-2.9866407658118987e-06,-6.56311982538682e-08,-3.1415786743164062,-5.429746306617744e-05,3.1408510208129883,1.5,0.0,1.0,0.0,0.0,0.0,9440.2998046875,9440.2998046875,9440.2998046875,9440.2998046875,-0.29799684450852054,0.025881905108690262,0.0,0.0,0.8,6.6,3.2,30.5,1.5,11.0,300.0,15.0,7.333333333333333
5.25,x,gym_env,1.2020032405853271,-1.160130250354996e-05,0.013487142510712147,-5.672923180100042e-07,-3.0087460345384898e-06,-2.5468505526760055e-08,-3.141578435897827,-5.431593308458105e-05,3.140846014022827,1.5,0.0,1.0,0.0,0.0,0.0,9440.2998046875,9440.2998046875,9440.2998046875,9440.2998046875,-0.29799684298504586,1.322989971799793e-15,0.0,0.0,0.8,6.6,3.2,30.5,1.5,11.0,300.0,15.0,7.333333333333333
5.270833333333333,x,gym_env,1.2020032405853271,-1.1664345947792754e-05,0.013487142510712147,-5.571358201450494e-07,-3.0321957638079766e-06,-5.27804333572135e-09,-3.141578435897827,-5.4316737077897415e-05,3.140841245651245,1.5,0.0,1.0,0.0,0.0,0.0,9440.2998046875,9440.2998046875,9440.2998046875,9440.2998046875,-0.29799684130287574,-0.025881905108690262,0.0,0.0,0.8,6.6,3.2,30.5,1.5,11.0,300.0,15.0,7.333333333333333
5.291666666666666,x,gym_env,1.2020032405853271,-1.1727252967830282e-05,0.013487142510712147,-5.459213525682571e-07,-3.0565447559638415e-06,8.673087137367474e-09,-3.141578435897827,-5.431291356217116e-05,3.140836238861084,1.5,0.0,1.0,0.0,0.0,0.0,9440.2998046875,9440.2998046875,9440.2998046875,9440.2998046875,-0.29799683897427653,-0.05000000074505806,0.0,0.0,0.8,6.6,3.2,30.5,1.5,11.0,300.0,15.0,7.333333333333333
5.3125,x,gym_env,1.2020032405853271,-1.1790063581429422e-05,0.013487143442034721,-5.303973580339516e-07,-3.080522674281383e-06,5.742323505586455e-09,-3.141578435897827,-5.4295083828037605e-05,3.140831470489502,1.5,0.0,1.0,0.0,0.0,0.0,9440.2998046875,9440.2998046875,9440.2998046875,9440.2998046875,-0.29799683514044945,-0.0707106813788414,0.0,0.0,0.8,6.6,3.2,30.5,1.5,11.0,300.0,15.0,7.333333333333333
5.333333333333333,x,gym_env,1.2020032405853271,-1.185281143989414e-05,0.013487146236002445,-5.048385105510533e-07,-3.1015940749057336e-06,-3.71552246747342e-08,-3.141578197479248,-5.424427581601776e-05,3.140826463699341,1.5,0.0,1.0,0.0,0.0,0.0,9440.2998046875,9440.2998046875,9440.2998046875,9440.2998046875,-0.29799683118856424,-0.08660253882408142,0.0,0.0,0.8,6.6,3.2,30.5,1.5,11.0,300.0,15.0,7.333333333333333
5.354166666666666,x,gym_env,1.2020032405853271,-1.191552473756019e-05,0.013487149961292744,-4.784926090906083e-07,-3.1175022741081193e-06,-1.0094603908328281e-07,-3.141578197479248,-5.418083310360089e-05,3.140821695327759,1.5,0.0,1.0,0.0,0.0,0.0,9440.2998046875,9440.2998046875,9440.2998046875,9440.2998046875,-0.2979968278197987,-0.09659258276224136,0.0,0.0,0.8,6.6,3.2,30.5,1.5,11.0,300.0,15.0,7.333333333333333
5.375,x,gym_env,1.2020032405853271,-1.1978243492194451e-05,0.013487153686583042,-4.560341722026351e-07,-3.128395519524929e-06,-1.6737617158923968e-07,-3.141578197479248,-5.411992606241256e-05,3.1408169269561768,1.5,0.0,1.0,0.0,0.0,0.0,9440.2998046875,9440.2998046875,9440.2998046875,9440.2998046875,-0.2979968255838358,-0.10000000149011612,0.0,0.0,0.8,6.6,3.2,30.5,1.5,11.0,300.0,15.0,7.333333333333333
5.395833333333333,x,gym_env,1.2020032405853271,-1.2041025001963135e-05,0.013487156480550766,-4.411277529925428e-07,-3.134384542136104e-06,-2.2220008588647033e-07,-3.141578197479248,-5.407339631346986e-05,3.1408119201660156,1.5,0.0,1.0,0.0,0.0,0.0,9440.2998046875,9440.2998046875,9440.2998046875,9440.2998046875,-0.29799682485430734,-0.09659258276224136,0.0,0.0,0.8,6.6,3.2,30.5,1.5,11.0,300.0,15.0,7.333333333333333
5.416666666666666,x,gym_env,1.2020032405853271,-1.2103932931495365e-05,0.013487158343195915,-4.362642300748121e-07,-3.1356437375507085e-06,-2.550732745021378e-07,-3.141578197479248,-5.404967669164762e-05,3.1408071517944336,1.5,0.0,1.0,0.0,0.0,0.0,9440.2998046875,9440.2998046875,9440.2998046875,9440.2998046875,-0.2979969450302093,-0.08660253882408142,0.0,0.0,0.8,6.6,3.2,30.5,1.5,11.0,300.0,15.0,7.333333333333333
5.4375,x,gym_env,1.2020031213760376,-1.2167034583399072e-05,0.013487158343195915,-4.42708312675677e-07,-3.1324282190325903e-06,-2.5965366035052284e-07,-3.141578197479248,-5.405365664046258e-05,3.1408021450042725,1.5,0.0,1.0,0.0,0.0,0.0,9440.2998046875,9440.2998046875,9440.2998046875,9440.2998046875,-0.29799694770103713,-0.0707106813788414,0.0,0.0,0.8,6.6,3.2,30.5,1.5,11.0,300.0,15.0,7.333333333333333
5.458333333333333,x,gym_env,1.2020031213760376,-1.2230390893819276e-05,0.013487156480550766,-4.605138315127988e-07,-3.12505130750651e-06,-2.3366423818060866e-07,-3.141578197479248,-5.4086682212073356e-05,3.1407973766326904,1.5,0.0,1.0,0.0,0.0,0.0,9440.2998046875,9440.2998046875,9440.2998046875,9440.2998046875,-0.2979969519686506,-0.05000000074505806,0.0,0.0,0.8,6.6,3.2,30.5,1.5,11.0,300.0,15.0,7.333333333333333
5.479166666666666,x,gym_env,1.2020031213760376,-1.2294055522943381e-05,0.013487152755260468,-4.889645879302407e-07,-3.1138320082391147e-06,-1.7781106009806535e-07,-3.141578197479248,-5.414761108113453e-05,3.1407923698425293,1.5,0.0,1.0,0.0,0.0,0.0,9440.2998046875,9440.2998046875,9440.2998046875,9440.2998046875,-0.2979969558882118,-0.025881905108690262,0.0,0.0,0.8,6.6,3.2,30.5,1.5,11.0,300.0,15.0,7.333333333333333
5.5,x,gym_env,1.2020031213760376,-1.2358046660665423e-05,0.013487149029970169,-5.150949959897844e-07,-3.099144805673859e-06,-1.2767793577950215e-07,-3.141578197479248,-5.420291199698113e-05,3.1407876014709473,1.5,0.0,1.0,-0.6000000238418579,0.0,0.0,9440.2998046875,9440.2998046875,9440.2998046875,9440.2998046875,-0.38799680173397066,0.0,0.0,0.0,0.8,6.6,3.2,30.5,1.5,11.0,300.0,15.0,7.333333333333333
5.520833333333333,x,gym_env,1.2020031213760376,-1.242231792275561e-05,0.01348714716732502,-5.36747108981217e-07,-3.080674105149228e-06,-9.514567267387974e-08,-3.141578197479248,-5.42436282557901e-05,3.140782594680786,1.4875000715255737,0.0,1.0,-0.6000000238418579,0.0,0.0,9440.2998046875,9440.2998046875,9440.2998046875,9440.2998046875,-0.3754968732595444,0.0,0.0,0.0,0.8,6.6,3.2,30.5,1.5,11.0,300.0,15.0,7.333333333333333
5.541666666666666,x,gym_env,1.2020031213760376,-1.2486411833378952e-05,0.01348714530467987,-5.440814447865705e-07,-3.074099140576436e-06,-6.261161900056322e-08,-3.141578197479248,-5.426953066489659e-05,3.140777826309204,1.475000023841858,0.0,1.0,-0.6000000238418579,0.0,0.0,9440.2998046875,9440.2998046875,9440.2998046875,9440.2998046875,-0.3629968255758286,0.0,0.0,0.0,0.8,6.6,3.2,30.5,1.5,11.0,300.0,15.0,7.333333333333333
5.5625,x,gym_env,1.2020031213760376,-1.2550398423627485e-05,0.013487144373357296,-5.488954570864735e-07,-3.069796093768673e-06,-4.1145835183442614e-08,-3.141578435897827,-5.428656004369259e-05,3.140772819519043,1.4625000953674316,0.0,1.0,-0.6000000238418579,0.0,0.0,9440.2998046875,9440.2998046875,9440.2998046875,9440.2998046875,-0.3504968971014023,0.0,0.0,0.0,0.8,6.6,3.2,30.5,1.5,11.0,300.0,15.0,7.333333333333333
5.583333333333333,x,gym_env,1.2020031213760376,-1.2614315892278682e-05,0.013487143442034721,-5.520639092537749e-07,-3.0669780244352296e-06,-2.6999126490068193e-08,-3.141578435897827,-5.4297746828524396e-05,3.140767812728882,1.4500000476837158,0.0,1.0,-0.6000000238418579,0.0,0.0,9440.2998046875,9440.2998046875,9440.2998046875,9440.2998046875,-0.3379968494176865,0.0,0.0,0.0,0.8,6.6,3.2,30.5,1.5,11.0,300.0,15.0,7.333333333333333
5.604166666666666,x,gym_env,1.2020031213760376,-1.267818697670009e-05,0.013487143442034721,-5.541479595194687e-07,-3.0651387987745693e-06,-1.7675979790965357e-08,-3.141578435897827,-5.43050846317783e-05,3.1407630443573,1.4375,0.0,1.0,-0.6000000238418579,0.0,0.0,9440.2998046875,9440.2998046875,9440.2998046875,9440.2998046875,-0.32549680173397066,0.0,0.0,0.0,0.8,6.6,3.2,30.5,1.5,11.0,300.0,15.0,7.333333333333333
5.625,x,gym_env,1.2020031213760376,-1.2742028047796339e-05,0.013487143442034721,-5.555173174798256e-07,-3.0639446322311414e-06,-1.153171158563282e-08,-3.141578435897827,-5.4309883125824854e-05,3.1407580375671387,1.4250000715255737,0.0,1.0,-0.6000000238418579,0.0,0.0,9440.2998046875,9440.2998046875,9440.2998046875,9440.2998046875,-0.3129968732595444,0.0,0.0,0.0,0.8,6.6,3.2,30.5,1.5,11.0,300.0,15.0,7.333333333333333
5.645833333333333,x,gym_env,1.2020031213760376,-1.280585001950385e-05,0.013487142510712147,-5.564156708715018e-07,-3.063175881834468e-06,-7.482433339589534e-09,-3.141578435897827,-5.4313008149620146e-05,3.1407532691955566,1.412500023841858,0.0,1.0,-0.6000000238418579,0.0,0.0,9440.2998046875,9440.2998046875,9440.2998046875,9440.2998046875,-0.3004969447851181,0.0,0.0,0.0,0.8,6.6,3.2,30.5,1.5,11.0,300.0,15.0,7.333333333333333
5.666666666666666,x,gym_env,1.202003002166748,-1.2869659258285537e-05,0.013487142510712147,-5.57003659196198e-07,-3.0626872558059404e-06,-4.813815568383006e-09,-3.141578435897827,-5.431503086583689e-05,3.1407482624053955,1.4000000953674316,0.0,1.0,-0.6000000238418579,0.0,0.0,9440.2998046875,9440.2998046875,9440.2998046875,9440.2998046875,-0.28799701631069186,0.0,0.0,0.0,0.8,6.6,3.2,30.5,1.5,11.0,300.0,15.0,7.333333333333333
5.6875,x,gym_env,1.202003002166748,-1.293346122110961e-05,0.013487142510712147,-5.573870680564141e-07,-3.062383484575548e-06,-3.0551003948886546e-09,-3.141578435897827,-5.431632598629221e-05,3.1407432556152344,1.3875000476837158,0.0,1.0,-0.6000000238418579,0.0,0.0,9440.2998046875,9440.2998046875,9440.2998046875,9440.2998046875,-0.27549696862697604,0.0,0.0,0.0,0.8,6.6,3.2,30.5,1.5,11.0,300.0,15.0,7.333333333333333
5.708333333333333,x,gym_env,1.202003002166748,-1.2997258636460174e-05,0.013487142510712147,-5.576356443270925e-07,-3.0622015856351936e-06,-1.8960422121239162e-09,-3.141578435897827,-5.431714453152381e-05,3.1407384872436523,1.375,0.0,1.0,-0.6000000238418579,0.0,0.0,9440.2998046875,9440.2998046875,9440.2998046875,9440.2998046875,-0.2629969209432602,0.0,0.0,0.0,0.8,6.6,3.2,30.5,1.5,11.0,300.0,15.0,7.333333333333333
5.729166666666666,x,gym_env,1.202003002166748,-1.3061053323326632e-05,0.013487142510712147,-5.577953743340913e-07,-3.062099722228595e-06,-1.1321708015543663e-09,-3.141578435897827,-5.431764657259919e-05,3.140733480453491,1.3625000715255737,0.0,1.0,-0.6000000238418579,0.0,0.0,9440.2998046875,9440.2998046875,9440.2998046875,9440.2998046875,-0.25049699246883395,0.0,0.0,0.0,0.8,6.6,3.2,30.5,1.5,11.0,300.0,15.0,7.333333333333333
5.75,x,gym_env,1.202003002166748,-1.3124846191203687e-05,0.013487142510712147,-5.578965556196636e-07,-3.06205106426205e-06,-6.28748553221925e-10,-3.141578435897827,-5.431794124888256e-05,3.140728712081909,1.350000023841858,0.0,1.0,-0.6000000238418579,0.0,0.0,9440.2998046875,9440.2998046875,9440.2998046875,9440.2998046875,-0.2379969447851181,0.0,0.0,0.0,0.8,6.6,3.2,30.5,1.5,11.0,300.0,15.0,7.333333333333333
5.770833333333333,x,gym_env,1.202003002166748,-1.3188639059080742e-05,0.013487142510712147,-5.579591970672482e-07,-3.0620369670941727e-06,-2.9696348158303465e-10,-3.141578435897827,-5.431809768197127e-05,3.140723705291748,1.3375000953674316,0.0,1.0,-0.6000000238418579,0.0,0.0,9440.2998046875,9440.2998046875,9440.2998046875,9440.2998046875,-0.22549701631069183,0.0,0.0,0.0,0.8,6.6,3.2,30.5,1.5,11.0,300.0,15.0,7.333333333333333
5.791666666666666,x,gym_env,1.202003002166748,-1.3252431017463095e-05,0.013487142510712147,-5.579963726631831e-07,-3.0620460620411905e-06,-7.829589060426301e-11,-3.141578435897827,-5.4318163165589795e-05,3.140718698501587,1.3250000476837158,0.0,1.0,-0.6000000238418579,0.0,0.0,9440.2998046875,9440.2998046875,9440.2998046875,9440.2998046875,-0.212996968626976,0.0,0.0,0.0,0.8,6.6,3.2,30.5,1.5,11.0,300.0,15.0,7.333333333333333
5.8125,x,gym_env,1.202003002166748,-1.331622388534015e-05,0.013487142510712147,-5.580167794505542e-07,-3.062070391024463e-06,6.582402678478871e-11,-3.141578435897827,-5.431817044154741e-05,3.140713930130005,1.3125,0.0,1.0,-0.6000000238418579,0.0,0.0,9440.2998046875,9440.2998046875,9440.2998046875,9440.2998046875,-0.2004969209432602,0.0,0.0,0.0,0.8,6.6,3.2,30.5,1.5,11.0,300.0,15.0,7.333333333333333
5.833333333333333,x,gym_env,1.202003002166748,-1.3380017662711907e-05,0.013487142510712147,-5.580261586146662e-07,-3.0621044970757794e-06,1.6081233567000197e-10,-3.141578435897827,-5.431814133771695e-05,3.1407089233398438,1.3000000715255737,0.0,1.0,-0.6000000238418579,0.0,0.0,9440.2998046875,9440.2998046875,9440.2998046875,9440.2998046875,-0.18799699246883392,0.0,0.0,0.0,0.8,6.6,3.2,30.5,1.5,11.0,300.0,15.0,7.333333333333333
5.854166666666666,x,gym_env,1.202003002166748,-1.3443812349578366e-05,0.013487142510712147,-5.580282049777452e-07,-3.0621451969636837e-06,2.2342597216784554e-10,-3.141578435897827,-5.431808313005604e-05,3.1407041549682617,1.287500023841858,0.0,1.0,-0.6000000238418579,0.0,0.0,9440.2998046875,9440.2998046875,9440.2998046875,9440.2998046875,-0.17549706399440765,0.0,0.0,0.0,0.8,6.6,3.2,30.5,1.5,11.0,300.0,15.0,7.333333333333333
5.875,x,gym_env,1.2020028829574585,-1.3507607036444824e-05,0.013487142510712147,-5.580254764936399e-07,-3.062190444325097e-06,2.647014829548766e-10,-3.141578435897827,-5.431800673250109e-05,3.1406991481781006,1.2750000953674316,0.0,1.0,-0.6000000238418579,0.0,0.0,9440.2998046875,9440.2998046875,9440.2998046875,9440.2998046875,-0.16299713551998138,0.0,0.0,0.0,0.8,6.6,3.2,30.5,1.5,11.0,300.0,15.0,7.333333333333333
5.895833333333333,x,gym_env,1.2020028829574585,-1.3571403542300686e-05,0.013487142510712147,-5.580196216214972e-07,-3.0622384201706154e-06,2.919127439771074e-10,-3.141578435897827,-5.4317923058988526e-05,3.1406941413879395,1.2625000476837158,0.0,1.0,-0.6000000238418579,0.0,0.0,9440.2998046875,9440.2998046875,9440.2998046875,9440.2998046875,-0.15049708783626556,0.0,0.0,0.0,0.8,6.6,3.2,30.5,1.5,11.0,300.0,15.0,7.333333333333333
5.916666666666666,x,gym_env,1.2020028829574585,-1.363520095765125e-05,0.013487142510712147,-5.580116635428567e-07,-3.0622882150055375e-06,3.098554191005576e-10,-3.141578435897827,-5.431782847153954e-05,3.1406893730163574,1.25,0.0,1.0,-0.6000000238418579,0.0,0.0,9440.2998046875,9440.2998046875,9440.2998046875,9440.2998046875,-0.13799704015254974,0.0,0.0,0.0,0.8,6.6,3.2,30.5,1.5,11.0,300.0,15.0,7.333333333333333
5.9375,x,gym_env,1.2020028829574585,-1.3698999282496516e-05,0.013487142510712147,-5.580023412221635e-07,-3.0623393740825122e-06,3.216935051675307e-10,-3.141578435897827,-5.431773024611175e-05,3.1406843662261963,1.2375000715255737,0.0,1.0,-0.6000000238418579,0.0,0.0,9440.2998046875,9440.2998046875,9440.2998046875,9440.2998046875,-0.12549711167812347,0.0,0.0,0.0,0.8,6.6,3.2,30.5,1.5,11.0,300.0,15.0,7.333333333333333
5.958333333333333,x,gym_env,1.2020028829574585,-1.3762798516836483e-05,0.013487142510712147,-5.579921094067686e-07,-3.0623912152805133e-06,3.2950597805836424e-10,-3.141578435897827,-5.431762838270515e-05,3.140679359436035,1.225000023841858,0.0,1.0,-0.6000000238418579,0.0,0.0,9440.2998046875,9440.2998046875,9440.2998046875,9440.2998046875,-0.11299706399440765,0.0,0.0,0.0,0.8,6.6,3.2,30.5,1.5,11.0,300.0,15.0,7.333333333333333
5.979166666666666,x,gym_env,1.2020028829574585,-1.3826598660671152e-05,0.013487142510712147,-5.579812523137662e-07,-3.0624437385995407e-06,3.3466590609876334e-10,-3.141578435897827,-5.4317522881319746e-05,3.140674591064453,1.2125000953674316,0.0,1.0,-0.6000000238418579,0.0,0.0,9440.2998046875,9440.2998046875,9440.2998046875,9440.2998046875,-0.10049713551998138,0.0,0.0,0.0,0.8,6.6,3.2,30.5,1.5,11.0,300.0,15.0,7.333333333333333
6.0,x,gym_env,1.2020028829574585,-1.3890400623495225e-05,0.013487142510712147,-5.579699973168317e-07,-3.062496716665919e-06,3.380741242509089e-10,-3.141578435897827,-5.431741737993434e-05,3.140669584274292,1.2000000476837158,0.0,1.0,-0.6000000238418579,0.0,0.0,9440.2998046875,9440.2998046875,9440.2998046875,9440.2998046875,-0.09200275838375091,0.0,0.0,0.0,0.8,6.6,3.2,30.5,1.5,11.0,300.0,15.0,7.333333333333333
6.020833333333333,x,gym_env,1.2020028829574585,-1.3954203495814e-05,0.013487142510712147,-5.579585149462218e-07,-3.0625496947322972e-06,3.403352322184361e-10,-3.141578435897827,-5.4317311878548935e-05,3.14066481590271,1.1875,0.0,1.0,-0.6000000238418579,0.0,0.0,9440.2998046875,9440.2998046875,9440.2998046875,9440.2998046875,-0.10450280606746673,0.0,0.0,0.0,0.8,6.6,3.2,30.5,1.5,11.0,300.0,15.0,7.333333333333333
6.041666666666666,x,gym_env,1.2020028829574585,-1.4018007277627476e-05,0.013487142510712147,-5.579468052019365e-07,-3.062602900172351e-06,3.41830785899333e-10,-3.141578435897827,-5.431720637716353e-05,3.140659809112549,1.1750000715255737,0.0,1.0,-0.6000000238418579,0.0,0.0,9440.2998046875,9440.2998046875,9440.2998046875,9440.2998046875,-0.117002734541893,0.0,0.0,0.0,0.8,6.6,3.2,30.5,1.5,11.0,300.0,15.0,7.333333333333333
6.0625,x,gym_env,1.2020028829574585,-1.4081811968935654e-05,0.013487142510712147,-5.579350386142323e-07,-3.06265633298608e-06,3.428313188891252e-10,-3.141578435897827,-5.4317100875778124e-05,3.1406548023223877,1.162500023841858,0.0,1.0,-0.6000000238418579,0.0,0.0,9440.2998046875,9440.2998046875,9440.2998046875,9440.2998046875,-0.12950266301631927,0.0,0.0,0.0,0.8,6.6,3.2,30.5,1.5,11.0,300.0,15.0,7.333333333333333
6.083333333333333,x,gym_env,1.202002763748169,-1.4145617569738533e-05,0.013487142510712147,-5.579231583396904e-07,-3.0627097657998092e-06,3.4350000621685695e-10,-3.141578435897827,-5.431699173641391e-05,3.1406500339508057,1.1500000953674316,0.0,1.0,-0.6000000238418579,0.0,0.0,9440.2998046875,9440.2998046875,9440.2998046875,9440.2998046875,-0.14200259149074554,0.0,0.0,0.0,0.8,6.6,3.2,30.5,1.5,11.0,300.0,15.0,7.333333333333333
6.104166666666666,x,gym_env,1.202002763748169,-1.4209424989530817e-05,0.013487142510712147,-5.579112780651485e-07,-3.0627631986135384e-06,3.439495910306789e-10,-3.141578435897827,-5.4316886235028505e-05,3.1406450271606445,1.1375000476837158,0.0,1.0,-0.6000000238418579,0.0,0.0,9440.2998046875,9440.2998046875,9440.2998046875,9440.2998046875,-0.15450263917446136,0.0,0.0,0.0,0.8,6.6,3.2,30.5,1.5,11.0,300.0,15.0,7.333333333333333
6.125,x,gym_env,1.202002763748169,-1.4273233318817802e-05,0.013487142510712147,-5.578993409471877e-07,-3.0628166314272676e-06,3.44256623208139e-10,-3.141578435897827,-5.431677709566429e-05,3.1406400203704834,1.125,0.0,1.0,-0.6000000238418579,0.0,0.0,9440.2998046875,9440.2998046875,9440.2998046875,9440.2998046875,-0.16700268685817718,0.0,0.0,0.0,0.8,6.6,3.2,30.5,1.5,11.0,300.0,15.0,7.333333333333333
6.145833333333333,x,gym_env,1.202002763748169,-1.4337042557599489e-05,0.013487142510712147,-5.578873469858081e-07,-3.062870291614672e-06,3.444732832313946e-10,-3.141578435897827,-5.431666795630008e-05,3.1406352519989014,1.1125000715255737,0.0,1.0,-0.6000000238418579,0.0,0.0,9440.2998046875,9440.2998046875,9440.2998046875,9440.2998046875,-0.17950261533260345,0.0,0.0,0.0,0.8,6.6,3.2,30.5,1.5,11.0,300.0,15.0,7.333333333333333
6.166666666666666,x,gym_env,1.202002763748169,-1.4400852705875877e-05,0.013487142510712147,-5.578753530244285e-07,-3.0629237244284013e-06,3.4462330211759706e-10,-3.141578435897827,-5.4316562454914674e-05,3.1406302452087402,1.100000023841858,0.0,1.0,-0.6000000238418579,0.0,0.0,9440.2998046875,9440.2998046875,9440.2998046875,9440.2998046875,-0.19200266301631927,0.0,0.0,0.0,0.8,6.6,3.2,30.5,1.5,11.0,300.0,15.0,7.333333333333333
6.1875,x,gym_env,1.202002763748169,-1.446466467314167e-05,0.013487142510712147,-5.578633590630488e-07,-3.062977384615806e-06,3.4473565668768913e-10,-3.141578435897827,-5.431645331555046e-05,3.140625476837158,1.0875000953674316,0.0,1.0,-0.6000000238418579,0.0,0.0,9440.2998046875,9440.2998046875,9440.2998046875,9440.2998046875,-0.20450259149074554,0.0,0.0,0.0,0.8,6.6,3.2,30.5,1.5,11.0,300.0,15.0,7.333333333333333
6.208333333333333,x,gym_env,1.202002763748169,-1.4528477549902163e-05,0.013487142510712147,-5.578513651016692e-07,-3.0630310448032105e-06,3.4482022792658995e-10,-3.141578435897827,-5.431634417618625e-05,3.140620470046997,1.0750000476837158,0.0,1.0,-0.6000000238418579,0.0,0.0,9440.2998046875,9440.2998046875,9440.2998046875,9440.2998046875,-0.21700263917446136,0.0,0.0,0.0,0.8,6.6,3.2,30.5,1.5,11.0,300.0,15.0,7.333333333333333
6.229166666666666,x,gym_env,1.202002763748169,-1.459229133615736e-05,0.013487142510712147,-5.578393711402896e-07,-3.0630844776169397e-06,3.4488578659619407e-10,-3.141578435897827,-5.431623867480084e-05,3.140615463256836,1.0625,0.0,1.0,-0.6000000238418579,0.0,0.0,9440.2998046875,9440.2998046875,9440.2998046875,9440.2998046875,-0.22950268685817718,0.0,0.0,0.0,0.8,6.6,3.2,30.5,1.5,11.0,300.0,15.0,7.333333333333333
6.25,x,gym_env,1.202002763748169,-1.4656106031907257e-05,0.013487142510712147,-5.578273203354911e-07,-3.0631381378043443e-06,3.4494085365821547e-10,-3.141578435897827,-5.431612953543663e-05,3.140610694885254,1.0500000715255737,0.0,1.0,-0.6000000238418579,0.0,0.0,9440.2998046875,9440.2998046875,9440.2998046875,9440.2998046875,-0.24200261533260345,0.0,0.0,0.0,0.8,6.6,3.2,30.5,1.5,11.0,300.0,15.0,7.333333333333333
6.270833333333333,x,gym_env,1.202002763748169,-1.4719922546646558e-05,0.013487142510712147,-5.578153263741115e-07,-3.063191797991749e-06,3.44990064293782e-10,-3.141578435897827,-5.431602039607242e-05,3.1406056880950928,1.037500023841858,0.0,1.0,-0.6000000238418579,0.0,0.0,9440.2998046875,9440.2998046875,9440.2998046875,9440.2998046875,-0.25450254380702975,0.0,0.0,0.0,0.8,6.6,3.2,30.5,1.5,11.0,300.0,15.0,7.333333333333333
6.291666666666666,x,gym_env,1.2020026445388794,-1.4783739061385859e-05,0.013487142510712147,-5.57803275569313e-07,-3.063245230805478e-06,3.4502820045467786e-10,-3.141578435897827,-5.431591489468701e-05,3.1406006813049316,1.0250000953674316,0.0,1.0,-0.6000000238418579,0.0,0.0,9440.2998046875,9440.2998046875,9440.2998046875,9440.2998046875,-0.267002472281456,0.0,0.0,0.0,0.8,6.6,3.2,30.5,1.5,11.0,300.0,15.0,7.333333333333333
6.3125,x,gym_env,1.2020026445388794,-1.4847557395114563e-05,0.013487142510712147,-5.577912816079333e-07,-3.0632988909928827e-06,3.450663088599981e-10,-3.141578435897827,-5.43158057553228e-05,3.1405959129333496,1.0125000476837158,0.0,1.0,-0.6000000238418579,0.0,0.0,9440.2998046875,9440.2998046875,9440.2998046875,9440.2998046875,-0.27950251996517184,0.0,0.0,0.0,0.8,6.6,3.2,30.5,1.5,11.0,300.0,15.0,7.333333333333333
6.333333333333333,x,gym_env,1.2020026445388794,-1.491137663833797e-05,0.013487142510712147,-5.577792308031349e-07,-3.0633525511802873e-06,3.451006980181859e-10,-3.141578435897827,-5.4315696615958586e-05,3.1405909061431885,1.0,0.0,1.0,-0.6000000238418579,0.0,0.0,9440.2998046875,9440.2998046875,9440.2998046875,9440.2998046875,-0.29200256764888766,0.0,0.0,0.0,0.8,6.6,3.2,30.5,1.5,11.0,300.0,15.0,7.333333333333333
6.354166666666666,x,gym_env,1.2020026445388794,-1.497519770055078e-05,0.013487142510712147,-5.577672368417552e-07,-3.063406211367692e-06,3.4513597535479335e-10,-3.141578435897827,-5.431559111457318e-05,3.1405861377716064,0.987500011920929,0.0,1.0,-0.6000000238418579,0.0,0.0,9440.2998046875,9440.2998046875,9440.2998046875,9440.2998046875,-0.3045025557279587,0.0,0.0,0.0,0.8,6.6,3.2,30.5,1.5,11.0,300.0,15.0,7.333333333333333
6.375,x,gym_env,1.2020026445388794,-1.503901876276359e-05,0.013487142510712147,-5.577551860369567e-07,-3.063459644181421e-06,3.4517008695722495e-10,-3.141578435897827,-5.431548197520897e-05,3.1405811309814453,0.9750000238418579,0.0,1.0,-0.6000000238418579,0.0,0.0,9440.2998046875,9440.2998046875,9440.2998046875,9440.2998046875,-0.31700254380702975,0.0,0.0,0.0,0.8,6.6,3.2,30.5,1.5,11.0,300.0,15.0,7.333333333333333
6.395833333333333,x,gym_env,1.2020026445388794,-1.5102841643965803e-05,0.013487142510712147,-5.577431352321582e-07,-3.0635133043688256e-06,3.4520331038123686e-10,-3.141578435897827,-5.4315372835844755e-05,3.140576124191284,0.9625000357627869,0.0,1.0,-0.6000000238418579,0.0,0.0,9440.2998046875,9440.2998046875,9440.2998046875,9440.2998046875,-0.3295025318861008,0.0,0.0,0.0,0.8,6.6,3.2,30.5,1.5,11.0,300.0,15.0,7.333333333333333
6.416666666666666,x,gym_env,1.2020026445388794,-1.5166665434662718e-05,0.013487142510712147,-5.577310844273597e-07,-3.0635669645562302e-06,3.4523400804786775e-10,-3.141578435897827,-5.431526733445935e-05,3.140571355819702,0.9500000476837158,0.0,1.0,-0.6000000238418579,0.0,0.0,9440.2998046875,9440.2998046875,9440.2998046875,9440.2998046875,-0.34200251996517184,0.0,0.0,0.0,0.8,6.6,3.2,30.5,1.5,11.0,300.0,15.0,7.333333333333333
6.4375,x,gym_env,1.2020026445388794,-1.5230491044349037e-05,0.013487142510712147,-5.577190904659801e-07,-3.063620624743635e-06,3.4526595471540134e-10,-3.141578435897827,-5.431515819509514e-05,3.140566349029541,0.9375000596046448,0.0,1.0,-0.6000000238418579,0.0,0.0,9440.2998046875,9440.2998046875,9440.2998046875,9440.2998046875,-0.3545025080442429,0.0,0.0,0.0,0.8,6.6,3.2,30.5,1.5,11.0,300.0,15.0,7.333333333333333
6.458333333333333,x,gym_env,1.2020026445388794,-1.5294317563530058e-05,0.013487142510712147,-5.577070396611816e-07,-3.0636742849310394e-06,3.452983732277204e-10,-3.141578435897827,-5.4315049055730924e-05,3.14056134223938,0.925000011920929,0.0,1.0,-0.6000000238418579,0.0,0.0,9440.2998046875,9440.2998046875,9440.2998046875,9440.2998046875,-0.3670025557279587,0.0,0.0,0.0,0.8,6.6,3.2,30.5,1.5,11.0,300.0,15.0,7.333333333333333
6.479166666666666,x,gym_env,1.2020026445388794,-1.5358144082711078e-05,0.013487142510712147,-5.576949888563831e-07,-3.063727945118444e-06,3.45332484830152e-10,-3.141578435897827,-5.431494355434552e-05,3.140556573867798,0.9125000238418579,0.0,1.0,-0.6000000238418579,0.0,0.0,9440.2998046875,9440.2998046875,9440.2998046875,9440.2998046875,-0.37950254380702975,0.0,0.0,0.0,0.8,6.6,3.2,30.5,1.5,11.0,300.0,15.0,7.333333333333333
6.5,x,gym_env,1.2020026445388794,-1.5421972420881502e-05,0.013487142510712147,-5.576829380515846e-07,-3.0637816053058486e-06,3.453648478313198e-10,-3.141578435897827,-5.4314834414981306e-05,3.1405515670776367,0.9000000357627869,0.0,1.0,-0.6000000238418579,0.0,0.0,9440.2998046875,9440.2998046875,9440.2998046875,9440.2998046875,-0.39200241267681124,0.0,0.0,0.0,0.8,6.6,3.2,30.5,1.5,11.0,300.0,15.0,7.333333333333333
6.520833333333333,x,gym_env,1.2020025253295898,-1.548580257804133e-05,0.013487142510712147,-5.576708872467862e-07,-3.0638352654932532e-06,3.4539385240783815e-10,-3.141578435897827,-5.431472527561709e-05,3.1405465602874756,0.8875000476837158,0.0,1.0,-0.6000000238418579,0.0,0.0,9440.2998046875,9440.2998046875,9440.2998046875,9440.2998046875,-0.4045024007558823,0.0,0.0,0.0,0.8,6.6,3.2,30.5,1.5,11.0,300.0,15.0,7.333333333333333
6.541666666666666,x,gym_env,1.2020025253295898,-1.5549632735201158e-05,0.013487142510712147,-5.576588364419877e-07,-3.063888925680658e-06,3.4542435578543973e-10,-3.141578435897827,-5.431461613625288e-05,3.1405417919158936,0.8750000596046448,0.0,1.0,-0.6000000238418579,0.0,0.0,9440.2998046875,9440.2998046875,9440.2998046875,9440.2998046875,-0.41700238883495333,0.0,0.0,0.0,0.8,6.6,3.2,30.5,1.5,11.0,300.0,15.0,7.333333333333333
6.5625,x,gym_env,1.2020025253295898,-1.561346471135039e-05,0.013487142510712147,-5.576467856371892e-07,-3.0639425858680625e-06,3.4545655225315386e-10,-3.141578435897827,-5.4314510634867474e-05,3.1405367851257324,0.862500011920929,0.0,1.0,-0.6000000238418579,0.0,0.0,9440.2998046875,9440.2998046875,9440.2998046875,9440.2998046875,-0.42950243651866915,0.0,0.0,0.0,0.8,6.6,3.2,30.5,1.5,11.0,300.0,15.0,7.333333333333333
6.583333333333333,x,gym_env,1.2020025253295898,-1.567729668749962e-05,0.013487142510712147,-5.576347348323907e-07,-3.063996246055467e-06,3.4549224592339556e-10,-3.141578435897827,-5.431440149550326e-05,3.1405320167541504,0.8500000238418579,0.0,1.0,-0.6000000238418579,0.0,0.0,9440.2998046875,9440.2998046875,9440.2998046875,9440.2998046875,-0.4420024245977402,0.0,0.0,0.0,0.8,6.6,3.2,30.5,1.5,11.0,300.0,15.0,7.333333333333333
6.604166666666666,x,gym_env,1.2020025253295898,-1.5741130482638255e-05,0.013487142510712147,-5.576226840275922e-07,-3.0640499062428717e-06,3.4552277705657275e-10,-3.141578435897827,-5.431429235613905e-05,3.1405270099639893,0.8375000357627869,0.0,1.0,-0.6000000238418579,0.0,0.0,9440.2998046875,9440.2998046875,9440.2998046875,9440.2998046875,-0.45450241267681124,0.0,0.0,0.0,0.8,6.6,3.2,30.5,1.5,11.0,300.0,15.0,7.333333333333333
6.625,x,gym_env,1.2020025253295898,-1.5804966096766293e-05,0.013487142510712147,-5.576106332227937e-07,-3.0641035664302763e-06,3.455520314332716e-10,-3.141578435897827,-5.431418685475364e-05,3.140522003173828,0.8250000476837158,0.0,1.0,-0.6000000238418579,0.0,0.0,9440.2998046875,9440.2998046875,9440.2998046875,9440.2998046875,-0.4670024007558823,0.0,0.0,0.0,0.8,6.6,3.2,30.5,1.5,11.0,300.0,15.0,7.333333333333333
6.645833333333333,x,gym_env,1.2020025253295898,-1.586880171089433e-05,0.013487142510712147,-5.575985824179952e-07,-3.064157226617681e-06,3.455841446342589e-10,-3.141578435897827,-5.431407771538943e-05,3.140517234802246,0.8125000596046448,0.0,1.0,-0.6000000238418579,0.0,0.0,9440.2998046875,9440.2998046875,9440.2998046875,9440.2998046875,-0.47950238883495333,0.0,0.0,0.0,0.8,6.6,3.2,30.5,1.5,11.0,300.0,15.0,7.333333333333333
6.666666666666666,x,gym_env,1.2020025253295898,-1.5932639144011773e-05,0.013487142510712147,-5.575865316131967e-07,-3.0642108868050855e-06,3.4561387085574324e-10,-3.141578435897827,-5.431396857602522e-05,3.140512228012085,0.800000011920929,0.0,1.0,-0.6000000238418579,0.0,0.0,9440.2998046875,9440.2998046875,9440.2998046875,9440.2998046875,-0.49200243651866915,0.0,0.0,0.0,0.8,6.6,3.2,30.5,1.5,11.0,300.0,15.0,7.333333333333333
6.6875,x,gym_env,1.2020025253295898,-1.599647839611862e-05,0.013487142510712147,-5.575744239649794e-07,-3.06426454699249e-06,3.456472053020576e-10,-3.141578435897827,-5.4313859436661005e-05,3.140507221221924,0.7875000238418579,0.0,1.0,-0.6000000238418579,0.0,0.0,9440.2998046875,9440.2998046875,9440.2998046875,9440.2998046875,-0.5045024245977402,0.0,0.0,0.0,0.8,6.6,3.2,30.5,1.5,11.0,300.0,15.0,7.333333333333333
6.708333333333333,x,gym_env,1.2020025253295898,-1.6060317648225464e-05,0.013487142510712147,-5.575623731601809e-07,-3.0643182071798947e-06,3.456777086796592e-10,-3.141578435897827,-5.43137539352756e-05,3.140502452850342,0.7750000357627869,0.0,1.0,-0.6000000238418579,0.0,0.0,9440.2998046875,9440.2998046875,9440.2998046875,9440.2998046875,-0.5170022934675217,0.0,0.0,0.0,0.8,6.6,3.2,30.5,1.5,11.0,300.0,15.0,7.333333333333333
6.729166666666666,x,gym_env,1.2020024061203003,-1.6124158719321713e-05,0.013487142510712147,-5.575503223553824e-07,-3.0643718673672993e-06,3.457110986371248e-10,-3.141578435897827,-5.4313644795911387e-05,3.1404974460601807,0.7625000476837158,0.0,1.0,-0.6000000238418579,0.0,0.0,9440.2998046875,9440.2998046875,9440.2998046875,9440.2998046875,-0.5295022815465927,0.0,0.0,0.0,0.8,6.6,3.2,30.5,1.5,11.0,300.0,15.0,7.333333333333333
6.75,x,gym_env,1.2020024061203003,-1.6187999790417962e-05,0.013487142510712147,-5.575382715505839e-07,-3.0644257549283793e-06,3.457441832832586e-10,-3.141578435897827,-5.4313535656547174e-05,3.1404924392700195,0.7500000596046448,0.0,1.0,-0.6000000238418579,0.0,0.0,9440.2998046875,9440.2998046875,9440.2998046875,9440.2998046875,-0.5420022696256638,0.0,0.0,0.0,0.8,6.6,3.2,30.5,1.5,11.0,300.0,15.0,7.333333333333333
6.770833333333333,x,gym_env,1.2020024061203003,-1.6251842680503614e-05,0.013487142510712147,-5.575261639023665e-07,-3.064479415115784e-06,3.457725772371134e-10,-3.141578435897827,-5.431343015516177e-05,3.1404876708984375,0.737500011920929,0.0,1.0,-0.6000000238418579,0.0,0.0,9440.2998046875,9440.2998046875,9440.2998046875,9440.2998046875,-0.5545023173093796,0.0,0.0,0.0,0.8,6.6,3.2,30.5,1.5,11.0,300.0,15.0,7.333333333333333
6.791666666666666,x,gym_env,1.2020024061203003,-1.6315685570589267e-05,0.013487142510712147,-5.57514113097568e-07,-3.0645330753031885e-06,3.4580657781724256e-10,-3.141578435897827,-5.4313321015797555e-05,3.1404826641082764,0.7250000238418579,0.0,1.0,-0.6000000238418579,0.0,0.0,9440.2998046875,9440.2998046875,9440.2998046875,9440.2998046875,-0.5670023053884506,0.0,0.0,0.0,0.8,6.6,3.2,30.5,1.5,11.0,300.0,15.0,7.333333333333333
6.8125,x,gym_env,1.2020024061203003,-1.6379532098653726e-05,0.013487142510712147,-5.575020054493507e-07,-3.064586735490593e-06,3.458354713714584e-10,-3.141578435897827,-5.431321187643334e-05,3.1404778957366943,0.7125000357627869,0.0,1.0,-0.6000000238418579,0.0,0.0,9440.2998046875,9440.2998046875,9440.2998046875,9440.2998046875,-0.5795022934675217,0.0,0.0,0.0,0.8,6.6,3.2,30.5,1.5,11.0,300.0,15.0,7.333333333333333
6.833333333333333,x,gym_env,1.2020024061203003,-1.6443378626718186e-05,0.013487142510712147,-5.574899546445522e-07,-3.0646403956779977e-06,3.45868139683958e-10,-3.141578435897827,-5.431310273706913e-05,3.140472888946533,0.7000000476837158,0.0,1.0,-0.6000000238418579,0.0,0.0,9440.2998046875,9440.2998046875,9440.2998046875,9440.2998046875,-0.5920022815465927,0.0,0.0,0.0,0.8,6.6,3.2,30.5,1.5,11.0,300.0,15.0,7.333333333333333
6.854166666666666,x,gym_env,1.2020024061203003,-1.6507225154782645e-05,0.013487142510712147,-5.574779038397537e-07,-3.0646942832390778e-06,3.4590333375383864e-10,-3.141578435897827,-5.4312997235683724e-05,3.140467882156372,0.6875,0.0,1.0,-0.6000000238418579,0.0,0.0,9440.2998046875,9440.2998046875,9440.2998046875,9440.2998046875,-0.6045023292303086,0.0,0.0,0.0,0.8,6.6,3.2,30.5,1.5,11.0,300.0,15.0,7.333333333333333
6.875,x,gym_env,1.2020024061203003,-1.657107350183651e-05,0.013487142510712147,-5.574657961915364e-07,-3.0647479434264824e-06,3.459327269084156e-10,-3.141578435897827,-5.431288809631951e-05,3.14046311378479,0.675000011920929,0.0,1.0,-0.6000000238418579,0.0,0.0,9440.2998046875,9440.2998046875,9440.2998046875,9440.2998046875,-0.6170023173093796,0.0,0.0,0.0,0.8,6.6,3.2,30.5,1.5,11.0,300.0,15.0,7.333333333333333
6.895833333333333,x,gym_env,1.2020024061203003,-1.6634923667879775e-05,0.013487142510712147,-5.57453688543319e-07,-3.064801603613887e-06,3.459638686642563e-10,-3.141578435897827,-5.43127789569553e-05,3.140458106994629,0.6625000238418579,0.0,1.0,-0.6000000238418579,0.0,0.0,9440.2998046875,9440.2998046875,9440.2998046875,9440.2998046875,-0.6295023053884506,0.0,0.0,0.0,0.8,6.6,3.2,30.5,1.5,11.0,300.0,15.0,7.333333333333333
6.916666666666666,x,gym_env,1.2020024061203003,-1.6698773833923042e-05,0.013487142510712147,-5.574416377385205e-07,-3.064855491174967e-06,3.45998119044566e-10,-3.141578435897827,-5.4312669817591086e-05,3.1404531002044678,0.6500000357627869,0.0,1.0,-0.6000000238418579,0.0,0.0,9440.2998046875,9440.2998046875,9440.2998046875,9440.2998046875,-0.6420021742582321,0.0,0.0,0.0,0.8,6.6,3.2,30.5,1.5,11.0,300.0,15.0,7.333333333333333
6.9375,x,gym_env,1.2020022869110107,-1.6762625818955712e-05,0.013487142510712147,-5.574295300903032e-07,-3.0649091513623716e-06,3.4602642973169395e-10,-3.141578435897827,-5.431256067822687e-05,3.1404483318328857,0.6375000476837158,0.0,1.0,-0.6000000238418579,0.0,0.0,9440.2998046875,9440.2998046875,9440.2998046875,9440.2998046875,-0.6545021623373032,0.0,0.0,0.0,0.8,6.6,3.2,30.5,1.5,11.0,300.0,15.0,7.333333333333333
6.958333333333333,x,gym_env,1.2020022869110107,-1.6826477803988382e-05,0.013487142510712147,-5.574174792855047e-07,-3.0649628115497762e-06,3.460614572681209e-10,-3.141578435897827,-5.431245517684147e-05,3.1404433250427246,0.625,0.0,1.0,-0.6000000238418579,0.0,0.0,9440.2998046875,9440.2998046875,9440.2998046875,9440.2998046875,-0.667002210021019,0.0,0.0,0.0,0.8,6.6,3.2,30.5,1.5,11.0,300.0,15.0,7.333333333333333
6.979166666666666,x,gym_env,1.2020022869110107,-1.689033342699986e-05,0.013487142510712147,-5.574053716372873e-07,-3.0650166991108563e-06,3.4609093368942467e-10,-3.141578435897827,-5.4312346037477255e-05,3.1404383182525635,0.612500011920929,0.0,1.0,-0.6000000238418579,0.0,0.0,9440.2998046875,9440.2998046875,9440.2998046875,9440.2998046875,-0.67950219810009,0.0,0.0,0.0,0.8,6.6,3.2,30.5,1.5,11.0,300.0,15.0,7.333333333333333
7.0,x,gym_env,1.2020022869110107,-1.6954187231021933e-05,0.013487142510712147,-5.5739326398907e-07,-3.065070359298261e-06,3.4612307464598757e-10,-3.141578435897827,-5.431223689811304e-05,3.1404335498809814,0.6000000238418579,0.0,1.0,-0.6000000238418579,0.0,0.0,9440.2998046875,9440.2998046875,9440.2998046875,9440.2998046875,-0.6920021861791611,0.0,0.0,0.0,0.8,6.6,3.2,30.5,1.5,11.0,300.0,15.0,7.333333333333333
7.020833333333333,x,gym_env,1.2020022869110107,-1.7018044673022814e-05,0.013487142510712147,-5.573811563408526e-07,-3.065124246859341e-06,3.461559927586677e-10,-3.141578435897827,-5.431212775874883e-05,3.1404285430908203,0.5875000357627869,0.0,1.0,-0.6000000238418579,0.0,0.0,9440.2998046875,9440.2998046875,9440.2998046875,9440.2998046875,-0.7045021742582321,0.0,0.0,0.0,0.8,6.6,3.2,30.5,1.5,11.0,300.0,15.0,7.333333333333333
7.041666666666666,x,gym_env,1.2020022869110107,-1.7081902115023695e-05,0.013487142510712147,-5.573691055360541e-07,-3.0651779070467455e-06,3.4618730104796214e-10,-3.141578435897827,-5.4312022257363424e-05,3.140423536300659,0.5750000476837158,0.0,1.0,-0.6000000238418579,0.0,0.0,9440.2998046875,9440.2998046875,9440.2998046875,9440.2998046875,-0.7170021623373032,0.0,0.0,0.0,0.8,6.6,3.2,30.5,1.5,11.0,300.0,15.0,7.333333333333333
7.0625,x,gym_env,1.2020022869110107,-1.7145759557024576e-05,0.013487142510712147,-5.573569978878368e-07,-3.0652317946078256e-06,3.4622021916064227e-10,-3.141578435897827,-5.431191311799921e-05,3.140418767929077,0.5625,0.0,1.0,-0.6000000238418579,0.0,0.0,9440.2998046875,9440.2998046875,9440.2998046875,9440.2998046875,-0.729502210021019,0.0,0.0,0.0,0.8,6.6,3.2,30.5,1.5,11.0,300.0,15.0,7.333333333333333
7.083333333333333,x,gym_env,1.2020022869110107,-1.7209620637004264e-05,0.013487142510712147,-5.573448902396194e-07,-3.06528545479523e-06,3.4625091682727316e-10,-3.141578435897827,-5.4311803978635e-05,3.140413761138916,0.550000011920929,0.0,1.0,-0.6000000238418579,0.0,0.0,9440.2998046875,9440.2998046875,9440.2998046875,9440.2998046875,-0.74200219810009,0.0,0.0,0.0,0.8,6.6,3.2,30.5,1.5,11.0,300.0,15.0,7.333333333333333
7.104166666666666,x,gym_env,1.2020022869110107,-1.7273479897994548e-05,0.013487142510712147,-5.573327825914021e-07,-3.0653393423563102e-06,3.4628411249570945e-10,-3.141578435897827,-5.4311694839270785e-05,3.140408754348755,0.5375000238418579,0.0,1.0,-0.6000000238418579,0.0,0.0,9440.2998046875,9440.2998046875,9440.2998046875,9440.2998046875,-0.7545021861791611,0.0,0.0,0.0,0.8,6.6,3.2,30.5,1.5,11.0,300.0,15.0,7.333333333333333
7.125,x,gym_env,1.2020022869110107,-1.733734279696364e-05,0.013487143442034721,-5.573206749431847e-07,-3.065393002543715e-06,3.4631628120784796e-10,-3.141578435897827,-5.431158569990657e-05,3.140403985977173,0.5250000357627869,0.0,1.0,-0.6000000238418579,0.0,0.0,9440.2998046875,9440.2998046875,9440.2998046875,9440.2998046875,-0.7670020550489426,0.0,0.0,0.0,0.8,6.6,3.2,30.5,1.5,11.0,300.0,15.0,7.333333333333333
7.145833333333333,x,gym_env,1.2020021677017212,-1.740120569593273e-05,0.013487143442034721,-5.573085672949674e-07,-3.065446890104795e-06,3.4634467516170275e-10,-3.141578435897827,-5.431148019852117e-05,3.1403989791870117,0.5125000476837158,0.0,1.0,-0.6000000238418579,0.0,0.0,9440.2998046875,9440.2998046875,9440.2998046875,9440.2998046875,-0.7795020431280136,0.0,0.0,0.0,0.8,6.6,3.2,30.5,1.5,11.0,300.0,15.0,7.333333333333333
7.166666666666666,x,gym_env,1.2020021677017212,-1.7465070413891226e-05,0.013487143442034721,-5.5729645964675e-07,-3.0655005502921995e-06,3.463756503840898e-10,-3.141578435897827,-5.4311371059156954e-05,3.1403939723968506,0.5,0.0,1.0,-0.6000000238418579,0.0,0.0,9440.2998046875,9440.2998046875,9440.2998046875,9440.2998046875,-0.7920020908117295,0.0,0.0,0.0,0.8,6.6,3.2,30.5,1.5,11.0,300.0,15.0,7.333333333333333
7.1875,x,gym_env,1.2020021677017212,-1.752893513184972e-05,0.013487143442034721,-5.572843519985327e-07,-3.0655544378532795e-06,3.464082909410138e-10,-3.141578435897827,-5.431126191979274e-05,3.1403892040252686,0.48750001192092896,0.0,1.0,-0.6000000238418579,0.0,0.0,9440.2998046875,9440.2998046875,9440.2998046875,9440.2998046875,-0.8045020788908005,0.0,0.0,0.0,0.8,6.6,3.2,30.5,1.5,11.0,300.0,15.0,7.333333333333333
7.208333333333333,x,gym_env,1.2020021677017212,-1.759280166879762e-05,0.013487143442034721,-5.572722443503153e-07,-3.065608098040684e-06,3.464400988306693e-10,-3.141578435897827,-5.431115278042853e-05,3.1403841972351074,0.4750000238418579,0.0,1.0,-0.6000000238418579,0.0,0.0,9440.2998046875,9440.2998046875,9440.2998046875,9440.2998046875,-0.8170020669698715,0.0,0.0,0.0,0.8,6.6,3.2,30.5,1.5,11.0,300.0,15.0,7.333333333333333
7.229166666666666,x,gym_env,1.2020021677017212,-1.7656668205745518e-05,0.013487143442034721,-5.57260136702098e-07,-3.065661985601764e-06,3.4647040791924155e-10,-3.141578435897827,-5.4311043641064316e-05,3.1403794288635254,0.4625000059604645,0.0,1.0,-0.6000000238418579,0.0,0.0,9440.2998046875,9440.2998046875,9440.2998046875,9440.2998046875,-0.8295021146535874,0.0,0.0,0.0,0.8,6.6,3.2,30.5,1.5,11.0,300.0,15.0,7.333333333333333
7.25,x,gym_env,1.2020021677017212,-1.7720538380672224e-05,0.013487143442034721,-5.572480290538806e-07,-3.0657158731628442e-06,3.4650324276519484e-10,-3.141578435897827,-5.431093813967891e-05,3.1403744220733643,0.45000001788139343,0.0,1.0,-0.6000000238418579,0.0,0.0,9440.2998046875,9440.2998046875,9440.2998046875,9440.2998046875,-0.8420020431280136,0.0,0.0,0.0,0.8,6.6,3.2,30.5,1.5,11.0,300.0,15.0,7.333333333333333
7.270833333333333,x,gym_env,1.2020021677017212,-1.7784406736609526e-05,0.013487143442034721,-5.572359214056632e-07,-3.065769533350249e-06,3.4653790947913876e-10,-3.141578435897827,-5.43108290003147e-05,3.140369415283203,0.4375000298023224,0.0,1.0,-0.6000000238418579,0.0,0.0,9440.2998046875,9440.2998046875,9440.2998046875,9440.2998046875,-0.8545020908117295,0.0,0.0,0.0,0.8,6.6,3.2,30.5,1.5,11.0,300.0,15.0,7.333333333333333
7.291666666666666,x,gym_env,1.2020021677017212,-1.7848278730525635e-05,0.013487143442034721,-5.57223756914027e-07,-3.065823420911329e-06,3.46567857745228e-10,-3.141578435897827,-5.4310719860950485e-05,3.140364646911621,0.42500001192092896,0.0,1.0,-0.6000000238418579,0.0,0.0,9440.2998046875,9440.2998046875,9440.2998046875,9440.2998046875,-0.8670020788908005,0.0,0.0,0.0,0.8,6.6,3.2,30.5,1.5,11.0,300.0,15.0,7.333333333333333
7.3125,x,gym_env,1.2020021677017212,-1.7912150724441744e-05,0.013487143442034721,-5.572116492658097e-07,-3.065877308472409e-06,3.465999709462153e-10,-3.141578435897827,-5.431061072158627e-05,3.14035964012146,0.4125000238418579,0.0,1.0,-0.6000000238418579,0.0,0.0,9440.2998046875,9440.2998046875,9440.2998046875,9440.2998046875,-0.8795020669698715,0.0,0.0,0.0,0.8,6.6,3.2,30.5,1.5,11.0,300.0,15.0,7.333333333333333
7.333333333333333,x,gym_env,1.2020021677017212,-1.7976022718357854e-05,0.013487143442034721,-5.571995416175923e-07,-3.0659309686598135e-06,3.4663197312490013e-10,-3.141578435897827,-5.431050158222206e-05,3.140354633331299,0.4000000059604645,0.0,1.0,-0.6000000238418579,0.0,0.0,9440.2998046875,9440.2998046875,9440.2998046875,9440.2998046875,-0.8920021146535874,0.0,0.0,0.0,0.8,6.6,3.2,30.5,1.5,11.0,300.0,15.0,7.333333333333333
7.354166666666666,x,gym_env,1.2020021677017212,-1.803989835025277e-05,0.013487143442034721,-5.57187433969375e-07,-3.0659848562208936e-06,3.466624765025017e-10,-3.141578435897827,-5.4310396080836654e-05,3.140349864959717,0.38750001788139343,0.0,1.0,-0.6000000238418579,0.0,0.0,9440.2998046875,9440.2998046875,9440.2998046875,9440.2998046875,-0.9045019239187241,0.0,0.0,0.0,0.8,6.6,3.2,30.5,1.5,11.0,300.0,15.0,7.333333333333333
7.375,x,gym_env,1.2020020484924316,-1.8103772163158283e-05,0.013487143442034721,-5.571752694777388e-07,-3.0660387437819736e-06,3.4669400683640106e-10,-3.141578435897827,-5.431028694147244e-05,3.1403448581695557,0.375,0.0,1.0,-0.6000000238418579,0.0,0.0,9440.2998046875,9440.2998046875,9440.2998046875,9440.2998046875,-0.9170019716024399,0.0,0.0,0.0,0.8,6.6,3.2,30.5,1.5,11.0,300.0,15.0,7.333333333333333
7.395833333333333,x,gym_env,1.2020020484924316,-1.8167649614042602e-05,0.013487143442034721,-5.571631618295214e-07,-3.0660926313430537e-06,3.4672420490267086e-10,-3.141578435897827,-5.431017780210823e-05,3.1403398513793945,0.36250001192092896,0.0,1.0,-0.6000000238418579,0.0,0.0,9440.2998046875,9440.2998046875,9440.2998046875,9440.2998046875,-0.929501959681511,0.0,0.0,0.0,0.8,6.6,3.2,30.5,1.5,11.0,300.0,15.0,7.333333333333333
7.416666666666666,x,gym_env,1.2020020484924316,-1.8231527064926922e-05,0.013487143442034721,-5.571509973378852e-07,-3.0661465189041337e-06,3.4675828874952686e-10,-3.141578435897827,-5.4310068662744015e-05,3.1403350830078125,0.3500000238418579,0.0,1.0,-0.6000000238418579,0.0,0.0,9440.2998046875,9440.2998046875,9440.2998046875,9440.2998046875,-0.942001947760582,0.0,0.0,0.0,0.8,6.6,3.2,30.5,1.5,11.0,300.0,15.0,7.333333333333333
7.4375,x,gym_env,1.2020020484924316,-1.8295406334800646e-05,0.013487143442034721,-5.571388896896678e-07,-3.0662001790915383e-06,3.4679220606292915e-10,-3.141578435897827,-5.43099595233798e-05,3.1403300762176514,0.3375000059604645,0.0,1.0,-0.6000000238418579,0.0,0.0,9440.2998046875,9440.2998046875,9440.2998046875,9440.2998046875,-0.9545019954442978,0.0,0.0,0.0,0.8,6.6,3.2,30.5,1.5,11.0,300.0,15.0,7.333333333333333
7.458333333333333,x,gym_env,1.2020020484924316,-1.835928560467437e-05,0.013487143442034721,-5.571267251980316e-07,-3.0662540666526183e-06,3.4682043348333025e-10,-3.141578435897827,-5.430985038401559e-05,3.1403250694274902,0.32500001788139343,0.0,1.0,-0.6000000238418579,0.0,0.0,9440.2998046875,9440.2998046875,9440.2998046875,9440.2998046875,-0.9670019239187241,0.0,0.0,0.0,0.8,6.6,3.2,30.5,1.5,11.0,300.0,15.0,7.333333333333333
7.479166666666666,x,gym_env,1.2020020484924316,-1.8423166693537496e-05,0.013487143442034721,-5.571146175498143e-07,-3.0663079542136984e-06,3.468537124184934e-10,-3.141578435897827,-5.4309744882630184e-05,3.140320301055908,0.3125,0.0,1.0,-0.6000000238418579,0.0,0.0,9440.2998046875,9440.2998046875,9440.2998046875,9440.2998046875,-0.9795019716024399,0.0,0.0,0.0,0.8,6.6,3.2,30.5,1.5,11.0,300.0,15.0,7.333333333333333
7.5,x,gym_env,1.2020020484924316,-1.8487047782400623e-05,0.013487143442034721,-5.571024530581781e-07,-3.0663618417747784e-06,3.4688896199952524e-10,-3.141578435897827,-5.430963574326597e-05,3.140315294265747,0.30000001192092896,0.0,1.0,-0.6000000238418579,0.0,0.0,9440.2998046875,9440.2998046875,9440.2998046875,9440.2998046875,-0.992001959681511,0.0,0.0,0.0,0.8,6.6,3.2,30.5,1.5,11.0,300.0,15.0,7.333333333333333
7.520833333333333,x,gym_env,1.2020020484924316,-1.8550932509242557e-05,0.013487143442034721,-5.570903454099607e-07,-3.0664157293358585e-06,3.4691488570715023e-10,-3.141578435897827,-5.430952660390176e-05,3.140310287475586,0.2875000238418579,0.0,1.0,-0.6000000238418579,0.0,0.0,9440.2998046875,9440.2998046875,9440.2998046875,9440.2998046875,-1.0045019477605819,0.0,0.0,0.0,0.8,6.6,3.2,30.5,1.5,11.0,300.0,15.0,7.333333333333333
7.541666666666666,x,gym_env,1.2020020484924316,-1.8614815417095087e-05,0.013487143442034721,-5.570781809183245e-07,-3.0664696168969385e-06,3.4695041284393824e-10,-3.141578435897827,-5.4309417464537546e-05,3.140305519104004,0.2750000059604645,0.0,1.0,-0.6000000238418579,0.0,0.0,9440.2998046875,9440.2998046875,9440.2998046875,9440.2998046875,-1.0170019954442977,0.0,0.0,0.0,0.8,6.6,3.2,30.5,1.5,11.0,300.0,15.0,7.333333333333333
7.5625,x,gym_env,1.2020020484924316,-1.8678701962926425e-05,0.013487143442034721,-5.570660164266883e-07,-3.0665235044580186e-06,3.4698061091020804e-10,-3.141578435897827,-5.430930832517333e-05,3.1403005123138428,0.26250001788139343,0.0,1.0,-0.6000000238418579,0.0,0.0,9440.2998046875,9440.2998046875,9440.2998046875,9440.2998046875,-1.0295018047094344,0.0,0.0,0.0,0.8,6.6,3.2,30.5,1.5,11.0,300.0,15.0,7.333333333333333
7.583333333333333,x,gym_env,1.202001929283142,-1.8742588508757763e-05,0.013487143442034721,-5.570539087784709e-07,-3.0665773920190986e-06,3.470114195991414e-10,-3.141578435897827,-5.430919918580912e-05,3.1402955055236816,0.25,0.0,1.0,-0.6000000238418579,0.0,0.0,9440.2998046875,9440.2998046875,9440.2998046875,9440.2998046875,-1.0420018523931502,0.0,0.0,0.0,0.8,6.6,3.2,30.5,1.5,11.0,300.0,15.0,7.333333333333333
7.604166666666666,x,gym_env,1.202001929283142,-1.88064750545891e-05,0.013487143442034721,-5.570417442868347e-07,-3.0666312795801787e-06,3.4704136786523065e-10,-3.141578435897827,-5.430909004644491e-05,3.1402907371520996,0.23750001192092896,0.0,1.0,-0.6000000238418579,0.0,0.0,9440.2998046875,9440.2998046875,9440.2998046875,9440.2998046875,-1.0545018404722213,0.0,0.0,0.0,0.8,6.6,3.2,30.5,1.5,11.0,300.0,15.0,7.333333333333333
7.625,x,gym_env,1.202001929283142,-1.8870365238399245e-05,0.013487143442034721,-5.570295797951985e-07,-3.0666851671412587e-06,3.470758958012965e-10,-3.141578435897827,-5.43089845450595e-05,3.1402857303619385,0.22500000894069672,0.0,1.0,-0.6000000238418579,0.0,0.0,9440.2998046875,9440.2998046875,9440.2998046875,9440.2998046875,-1.0670018285512923,0.0,0.0,0.0,0.8,6.6,3.2,30.5,1.5,11.0,300.0,15.0,7.333333333333333
7.645833333333333,x,gym_env,1.202001929283142,-1.893425542220939e-05,0.013487143442034721,-5.570174153035623e-07,-3.0667390547023388e-06,3.4710881391397663e-10,-3.141578435897827,-5.430887540569529e-05,3.1402807235717773,0.21250000596046448,0.0,1.0,-0.6000000238418579,0.0,0.0,9440.2998046875,9440.2998046875,9440.2998046875,9440.2998046875,-1.0795018762350082,0.0,0.0,0.0,0.8,6.6,3.2,30.5,1.5,11.0,300.0,15.0,7.333333333333333
7.666666666666666,x,gym_env,1.202001929283142,-1.8998145606019534e-05,0.013487143442034721,-5.57005307655345e-07,-3.066792942263419e-06,3.4713759644589004e-10,-3.141578435897827,-5.430876626633108e-05,3.1402759552001953,0.20000000298023224,0.0,1.0,-0.6000000238418579,0.0,0.0,9440.2998046875,9440.2998046875,9440.2998046875,9440.2998046875,-1.0920018047094344,0.0,0.0,0.0,0.8,6.6,3.2,30.5,1.5,11.0,300.0,15.0,7.333333333333333
7.6875,x,gym_env,1.202001929283142,-1.9062037608819082e-05,0.013487143442034721,-5.569931431637087e-07,-3.066846829824499e-06,3.471723741821364e-10,-3.141578435897827,-5.4308657126966864e-05,3.140270948410034,0.1875000149011612,0.0,1.0,-0.6000000238418579,0.0,0.0,9440.2998046875,9440.2998046875,9440.2998046875,9440.2998046875,-1.1045018523931502,0.0,0.0,0.0,0.8,6.6,3.2,30.5,1.5,11.0,300.0,15.0,7.333333333333333
7.708333333333333,x,gym_env,1.202001929283142,-1.9125931430608034e-05,0.013487143442034721,-5.569809786720725e-07,-3.066900717385579e-06,3.472030996043429e-10,-3.141578435897827,-5.430854798760265e-05,3.140265941619873,0.17500001192092896,0.0,1.0,-0.6000000238418579,0.0,0.0,9440.2998046875,9440.2998046875,9440.2998046875,9440.2998046875,-1.1170017808675765,0.0,0.0,0.0,0.8,6.6,3.2,30.5,1.5,11.0,300.0,15.0,7.333333333333333
7.729166666666666,x,gym_env,1.202001929283142,-1.9189825252396986e-05,0.013487143442034721,-5.569688141804363e-07,-3.066954604946659e-06,3.472349907607253e-10,-3.141578435897827,-5.430843884823844e-05,3.140261173248291,0.16250000894069672,0.0,1.0,-0.6000000238418579,0.0,0.0,9440.2998046875,9440.2998046875,9440.2998046875,9440.2998046875,-1.1295018285512923,0.0,0.0,0.0,0.8,6.6,3.2,30.5,1.5,11.0,300.0,15.0,7.333333333333333
7.75,x,gym_env,1.202001929283142,-1.925372089317534e-05,0.013487143442034721,-5.569566496888001e-07,-3.067008492507739e-06,3.472648280045121e-10,-3.141578435897827,-5.4308329708874226e-05,3.14025616645813,0.15000000596046448,0.0,1.0,-0.6000000238418579,0.0,0.0,9440.2998046875,9440.2998046875,9440.2998046875,9440.2998046875,-1.1420018762350082,0.0,0.0,0.0,0.8,6.6,3.2,30.5,1.5,11.0,300.0,15.0,7.333333333333333
7.770833333333333,x,gym_env,1.202001929283142,-1.93176183529431e-05,0.013487143442034721,-5.569444851971639e-07,-3.067062380068819e-06,3.4730007758554393e-10,-3.141578435897827,-5.430822420748882e-05,3.1402511596679688,0.13750000298023224,0.0,1.0,-0.6000000238418579,0.0,0.0,9440.2998046875,9440.2998046875,9440.2998046875,9440.2998046875,-1.1545016855001449,0.0,0.0,0.0,0.8,6.6,3.2,30.5,1.5,11.0,300.0,15.0,7.333333333333333
7.791666666666666,x,gym_env,1.2020018100738525,-1.938151581271086e-05,0.013487143442034721,-5.569323207055277e-07,-3.0671164950035745e-06,3.4733116383023344e-10,-3.141578435897827,-5.430811506812461e-05,3.1402463912963867,0.125,0.0,1.0,-0.6000000238418579,0.0,0.0,9440.2998046875,9440.2998046875,9440.2998046875,9440.2998046875,-1.1670017331838607,0.0,0.0,0.0,0.8,6.6,3.2,30.5,1.5,11.0,300.0,15.0,7.333333333333333
7.8125,x,gym_env,1.2020018100738525,-1.944541509146802e-05,0.013487143442034721,-5.569201562138915e-07,-3.0671703825646546e-06,3.473636378537037e-10,-3.141578435897827,-5.4308005928760394e-05,3.1402413845062256,0.11250000447034836,0.0,1.0,-0.6000000238418579,0.0,0.0,9440.2998046875,9440.2998046875,9440.2998046875,9440.2998046875,-1.1795017808675765,0.0,0.0,0.0,0.8,6.6,3.2,30.5,1.5,11.0,300.0,15.0,7.333333333333333
7.833333333333333,x,gym_env,1.2020018100738525,-1.9509314370225184e-05,0.013487143442034721,-5.569079917222552e-07,-3.0672242701257346e-06,3.473921983410122e-10,-3.141578435897827,-5.430789678939618e-05,3.1402363777160645,0.10000000149011612,0.0,1.0,-0.6000000238418579,0.0,0.0,9440.2998046875,9440.2998046875,9440.2998046875,9440.2998046875,-1.1920017093420028,0.0,0.0,0.0,0.8,6.6,3.2,30.5,1.5,11.0,300.0,15.0,7.333333333333333
7.854166666666666,x,gym_env,1.2020018100738525,-1.957321546797175e-05,0.013487143442034721,-5.568957703872002e-07,-3.0672781576868147e-06,3.474250331869655e-10,-3.141578435897827,-5.430778765003197e-05,3.1402316093444824,0.08750000596046448,0.0,1.0,-0.6000000238418579,0.0,0.0,9440.2998046875,9440.2998046875,9440.2998046875,9440.2998046875,-1.2045017570257186,0.0,0.0,0.0,0.8,6.6,3.2,30.5,1.5,11.0,300.0,15.0,7.333333333333333
7.875,x,gym_env,1.2020018100738525,-1.963711838470772e-05,0.013487143442034721,-5.56883605895564e-07,-3.06733227262157e-06,3.474609489018121e-10,-3.141578435897827,-5.4307678510667756e-05,3.1402266025543213,0.07500000298023224,0.0,1.0,-0.6000000238418579,0.0,0.0,9440.2998046875,9440.2998046875,9440.2998046875,9440.2998046875,-1.2170016855001449,0.0,0.0,0.0,0.8,6.6,3.2,30.5,1.5,11.0,300.0,15.0,7.333333333333333
7.895833333333333,x,gym_env,1.2020018100738525,-1.970102130144369e-05,0.013487143442034721,-5.568714414039277e-07,-3.06738616018265e-06,3.4749064736772084e-10,-3.141578435897827,-5.4307569371303543e-05,3.14022159576416,0.0625,0.0,1.0,-0.6000000238418579,0.0,0.0,9440.2998046875,9440.2998046875,9440.2998046875,9440.2998046875,-1.2295017331838607,0.0,0.0,0.0,0.8,6.6,3.2,30.5,1.5,11.0,300.0,15.0,7.333333333333333
7.916666666666666,x,gym_env,1.2020018100738525,-1.976492603716906e-05,0.013487143442034721,-5.568592769122915e-07,-3.0674400477437302e-06,3.475214560566542e-10,-3.141578435897827,-5.430746023193933e-05,3.140216827392578,0.05000000074505806,0.0,1.0,-0.6000000238418579,0.0,0.0,9440.2998046875,9440.2998046875,9440.2998046875,9440.2998046875,-1.2420017808675765,0.0,0.0,0.0,0.8,6.6,3.2,30.5,1.5,11.0,300.0,15.0,7.333333333333333
7.9375,x,gym_env,1.2020018100738525,-1.9828832591883838e-05,0.013487143442034721,-5.568470555772365e-07,-3.0674939353048103e-06,3.475550403031491e-10,-3.141578435897827,-5.430735109257512e-05,3.140211820602417,0.03750000149011612,0.0,1.0,-0.6000000238418579,0.0,0.0,9440.2998046875,9440.2998046875,9440.2998046875,9440.2998046875,-1.2545017093420028,0.0,0.0,0.0,0.8,6.6,3.2,30.5,1.5,11.0,300.0,15.0,7.333333333333333
7.958333333333333,x,gym_env,1.2020018100738525,-1.9892739146598615e-05,0.013487143442034721,-5.568348910856002e-07,-3.0675480502395658e-06,3.475866539037753e-10,-3.141578435897827,-5.4307241953210905e-05,3.140206813812256,0.02500000037252903,0.0,1.0,-0.6000000238418579,0.0,0.0,9440.2998046875,9440.2998046875,9440.2998046875,9440.2998046875,-1.2670017570257186,0.0,0.0,0.0,0.8,6.6,3.2,30.5,1.5,11.0,300.0,15.0,7.333333333333333
7.979166666666666,x,gym_env,1.2020018100738525,-1.995664570131339e-05,0.013487143442034721,-5.56822726593964e-07,-3.067601937800646e-06,3.476186283268845e-10,-3.141578435897827,-5.43071364518255e-05,3.1402018070220947,0.012500000186264515,0.0,1.0,-0.6000000238418579,0.0,0.0,9440.2998046875,9440.2998046875,9440.2998046875,9440.2998046875,-1.2795015662908553,0.0,0.0,0.0,0.8,6.6,3.2,30.5,1.5,11.0,300.0,15.0,7.333333333333333
