time,axis,backend,x,y,z,vx,vy,vz,roll,pitch,yaw,target_x,target_y,target_z,target_vx,target_vy,target_vz,rpm0,rpm1,rpm2,rpm3,reward,disturbance_x,disturbance_y,disturbance_z,x_b0,x_omega_c,x_k,x_r,y_b0,y_omega_c,y_k,y_r,z_b0,z_omega_c,z_k,z_r
0.0,x,gym_env,0.0,0.0,1.0,0.0,0.0,0.0,0.0,-0.0,0.0,0.0,0.0,1.0,0.5,0.0,0.0,14468.4287109375,14468.4287109375,14468.4287109375,14468.4287109375,-5.184214355468749,0.0,0.0,0.0,26.90133735537529,2.5942141294479373,7.446428259834647,64.28999104350805,30.5,1.5,11.0,10.0,300.0,15.0,7.333333333333333,30.0
0.020833333333333332,x,gym_env,0.0,0.0,1.0,0.0,0.0,-1.3332407178268113e-08,0.0,-0.0,0.0,0.010416666977107525,0.0,1.0,0.5,0.0,0.0,14038.8291015625,14898.029296875,14898.029296875,14038.8291015625,-0.3251707323119044,0.0,0.0,0.0,26.309529222548008,2.6045900940895086,7.39258386939764,63.86365681141615,30.5,1.5,11.0,10.0,300.0,15.0,7.333333333333333,30.0
0.041666666666666664,x,gym_env,1.393427965012961e-06,-2.2894487798747387e-22,1.0000022649765015,0.00022294015798252076,-4.3957043372967054e-20,0.00017964669677894562,2.1512492394521185e-18,0.008181506767868996,1.0172525001509352e-20,0.02083333395421505,0.0,1.0,0.5,0.0,0.0,14117.1533203125,14976.353515625,14976.353515625,14117.1533203125,-0.1594242110401392,0.0,0.0,0.0,26.52585892379284,2.6619646430015567,7.439414548687637,64.59957292675972,30.5,1.5,11.0,10.0,300.0,15.0,7.333333333333333,30.0
0.0625,x,gym_env,3.09166316583287e-05,-7.391728766832903e-21,1.0000357627868652,0.0027015747036784887,-6.547371328807557e-19,0.0025576739571988583,6.4556504405603806e-18,0.030027121305465698,1.0759729532368236e-19,0.03125,0.0,1.0,0.5,0.0,0.0,14418.046875,15277.2470703125,15277.2470703125,14418.046875,-0.27940804764628413,0.0,0.0,0.0,26.648010164499283,2.576837968826294,7.376414753496647,64.04165315302089,30.5,1.5,11.0,10.0,300.0,15.0,7.333333333333333,30.0
0.08333333333333333,x,gym_env,0.00017430310253985226,-3.9533640117377187e-20,1.000225305557251,0.010572150349617004,-2.308140172644745e-18,0.013421808369457722,1.265572606007964e-17,0.06570247560739517,4.1847529893212817e-19,0.0416666679084301,0.0,1.0,0.5,0.0,0.0,15072.728515625,15931.9287109375,15931.9287109375,15072.728515625,-0.462779167920351,0.0,0.0,0.0,26.67564356327057,2.5982918024063113,7.473384348675609,64.95107817649841,30.5,1.5,11.0,10.0,300.0,15.0,7.333333333333333,30.0
0.10416666666666666,x,gym_env,0.0005966360913589597,-1.2655253326359566e-19,1.0008776187896729,0.028158413246273994,-5.657077042311887e-18,0.04312075674533844,1.998758038578631e-17,0.11564092338085175,1.1916209842049829e-18,0.0520833320915699,0.0,1.0,0.5,0.0,0.0,16060.12109375,16919.3203125,16919.3203125,16060.12109375,-0.6318002013266086,0.0,0.0,0.0,26.46686163544655,2.646762728691101,7.502053600735962,64.49418531358242,30.5,1.5,11.0,10.0,300.0,15.0,7.333333333333333,30.0
0.125,x,gym_env,0.0015798356616869569,-3.0997378533900025e-19,1.0025161504745483,0.06199668347835541,-1.1012735259673738e-17,0.10206089913845062,2.260588495720246e-17,0.18057863414287567,2.529493290973629e-18,0.0625,0.0,1.0,0.5,0.0,0.0,17246.5859375,18105.787109375,18105.787109375,17246.5859375,-0.727895187407732,0.0,0.0,0.0,26.467266008257866,2.573151516914368,7.448804705403745,64.78761883825064,30.5,1.5,11.0,10.0,300.0,15.0,7.333333333333333,30.0
0.14583333333333331,x,gym_env,0.0035751271061599255,-6.240924176311389e-19,1.0058338642120361,0.12131296843290329,-1.7854379193324332e-17,0.19675703346729279,2.4917944104794328e-17,0.26146724820137024,4.4808274520324e-18,0.0729166641831398,0.0,1.0,0.5,0.0,0.0,18651.216796875,19510.41796875,19510.41796875,18651.216796875,-0.8240739100575447,0.0,0.0,0.0,26.37132876366377,2.5361770868301394,7.174219952896237,64.58040182292461,30.5,1.5,11.0,10.0,300.0,15.0,7.333333333333333,30.0
0.16666666666666666,x,gym_env,0.007276174612343311,-1.102183217846029e-18,1.0116589069366455,0.2194100320339203,-2.6449060381713657e-17,0.3335956931114197,2.9259009466168543e-17,0.35942965745925903,7.234170912809058e-18,0.0833333358168602,0.0,1.0,0.5,0.0,0.0,20455.056640625,21314.255859375,21314.255859375,20455.056640625,-0.9959785507321358,0.0,0.0,0.0,26.498828887939453,2.5454881668090823,7.244510553777218,65.10081082582474,30.5,1.5,11.0,10.0,300.0,15.0,7.333333333333333,30.0
0.1875,x,gym_env,0.013752294704318047,-1.79519740978964e-18,1.0210140943527222,0.37760961055755615,-3.791170910272234e-17,0.5236306190490723,3.334669782538919e-17,0.4758634865283966,1.1330514062778847e-17,0.09375,0.0,1.0,0.5,0.0,0.0,21666.447265625,21666.447265625,21666.447265625,21666.447265625,-0.4796805750131607,0.0,0.0,0.0,26.492559388279915,2.422525215148926,6.948537439107895,64.83658983558416,30.5,1.5,11.0,10.0,300.0,15.0,7.333333333333333,30.0
0.20833333333333331,x,gym_env,0.024273674935102463,-2.7463976251730495e-18,1.0344237089157104,0.5965437293052673,-5.098214216290544e-17,0.7199876308441162,4.0176824096190597e-17,0.5994845628738403,1.6770736194932914e-17,0.1041666641831398,0.0,1.0,0.5,0.0,0.0,21666.447265625,21666.447265625,21666.447265625,21666.447265625,-0.136758054792881,0.0,0.0,0.0,26.385723009705544,2.550244474411011,6.947341520339251,64.9714715629816,30.5,1.5,11.0,10.0,300.0,15.0,7.333333333333333,30.0
0.22916666666666666,x,gym_env,0.039953768253326416,-3.983952465780985e-18,1.0515514612197876,0.8627257943153381,-6.514739508591677e-17,0.8857783675193787,4.856352891752694e-17,0.7223943471908569,2.384062903808894e-17,0.1145833358168602,0.0,1.0,0.5,0.0,0.0,21666.447265625,21666.447265625,21666.447265625,21666.447265625,-0.18718804717063905,0.0,0.0,0.0,26.18147622048855,2.436397981643677,6.817481655627489,65.68255676329136,30.5,1.5,11.0,10.0,300.0,15.0,7.333333333333333,30.0
0.25,x,gym_env,0.06172143667936325,-5.52784413367089e-18,1.0716913938522339,1.1716307401657104,-8.017962262638984e-17,1.0155330896377563,5.930719555882698e-17,0.8446004986763,3.332348051995605e-17,0.125,0.0,1.0,0.5,0.0,0.0,21666.447265625,21666.447265625,21666.447265625,21666.447265625,-0.23822116404771806,0.0,0.0,0.0,26.623173773288727,2.4700961589813235,6.914945788681507,66.71045276522636,30.5,1.5,11.0,10.0,300.0,15.0,7.333333333333333,30.0
0.2708333333333333,x,gym_env,0.0904034897685051,-7.393167434250938e-18,1.0940313339233398,1.5181232690811157,-9.584037508350519e-17,1.104438066482544,7.383166655209049e-17,0.966110348701477,4.662892551833282e-17,0.1354166716337204,0.0,1.0,0.5,0.0,0.0,21666.447265625,21666.447265625,21666.447265625,21666.447265625,-0.2880137234926224,0.0,0.0,0.0,26.053607866168022,2.2511670112609865,6.745415639132261,66.75568953156471,30.5,1.5,11.0,10.0,300.0,15.0,7.333333333333333,30.0
0.29166666666666663,x,gym_env,0.1267131268978119,-9.589961445025379e-18,1.1176679134368896,1.8965508937835693,-1.1188451582837153e-16,1.1483960151672363,9.495386907741986e-17,1.0869312286376953,6.656179452404365e-17,0.1458333283662796,0.0,1.0,0.5,0.0,0.0,21666.447265625,21666.447265625,21666.447265625,21666.447265625,-0.3855753600597382,0.0,0.0,0.0,25.539190780371428,2.2708352565765386,6.45574763789773,67.55180233716965,30.5,1.5,11.0,10.0,300.0,15.0,7.333333333333333,30.0
0.3125,x,gym_env,0.17124037444591522,-1.2123114389824096e-17,1.1416215896606445,2.3008415699005127,-1.2806411567034955e-16,1.144073724746704,1.2916054688101103e-16,1.2070704698562622,9.95982896935581e-17,0.15625,0.0,1.0,0.5,0.0,0.0,21666.447265625,21666.447265625,21666.447265625,21666.447265625,-0.5131157249212266,0.0,0.0,0.0,25.569829929620028,2.288449239730835,6.838940992951393,67.28114777803421,30.5,1.5,11.0,10.0,300.0,15.0,7.333333333333333,30.0
0.3333333333333333,x,gym_env,0.22444461286067963,-1.4992357434948008e-17,1.1648536920547485,2.7246055603027344,-1.4413225127042482e-16,1.0889363288879395,1.9550824059274635e-16,1.3265349864959717,1.6478546885821622e-16,0.1666666716337204,0.0,1.0,0.5,0.0,0.0,21666.447265625,21666.447265625,21666.447265625,21666.447265625,-0.6522304445505143,0.0,0.0,0.0,25.158058935776353,2.3761296749114993,6.553087618201971,66.57697904109955,30.5,1.5,11.0,10.0,300.0,15.0,7.333333333333333,30.0
0.35416666666666663,x,gym_env,0.28664928674697876,-1.8192332104388997e-17,1.1862825155258179,3.1612391471862793,-1.5984672414524182e-16,0.9812694191932678,3.847939653967258e-16,1.4453319311141968,3.5291164526207394e-16,0.1770833283662796,0.0,1.0,0.5,0.0,0.0,21666.447265625,21666.447265625,21666.447265625,21666.447265625,-0.8017610460519791,0.0,0.0,0.0,25.066694949753582,2.4757772922515873,6.8908433355391026,66.2756153345108,30.5,1.5,11.0,10.0,300.0,15.0,7.333333333333333,30.0
0.375,x,gym_env,0.35803863406181335,-2.1712726764630977e-17,1.2048014402389526,3.6040287017822266,-1.7497362085246035e-16,0.8201873302459717,6.6250360096975144e-15,1.563468098640442,6.59198690167802e-15,0.1875,0.0,1.0,0.5,0.0,0.0,21666.447265625,21666.447265625,21666.447265625,21666.447265625,-0.9604076325893403,0.0,0.0,0.0,24.394173063337803,2.2787721633911135,7.044247943907976,66.9071968793869,30.5,1.5,11.0,10.0,300.0,15.0,7.333333333333333,30.0
0.3958333333333333,x,gym_env,0.43865689635276794,-2.5538499963415284e-17,1.2192955017089844,4.046253681182861,-1.8929062171320576e-16,0.6056287288665771,3.1415927410125732,1.4606424570083618,3.1415927410125732,0.1979166716337204,0.0,1.0,0.5,0.0,0.0,20376.91796875,19517.71875,20376.91796875,17799.318359375,-2.1832096166610717,0.0,0.0,0.0,24.468289706856012,2.3827665328979495,6.799642227590084,66.42166882753372,30.5,1.5,11.0,10.0,300.0,15.0,7.333333333333333,30.0
0.41666666666666663,x,gym_env,0.5273533463478088,3.0179946861608187e-06,1.2287805080413818,4.397042274475098,0.0004801488248631358,0.3491605222225189,-3.0961732864379883,1.3329519033432007,-3.085402488708496,0.2083333283662796,0.0,1.0,0.5,0.0,0.0,9440.2998046875,9440.2998046875,9440.2998046875,9440.2998046875,-6.242309259414673,0.0,0.0,0.0,23.873052150011063,2.360408210754395,6.879788342863321,65.99342346191406,30.5,1.5,11.0,10.0,300.0,15.0,7.333333333333333,30.0
0.4375,x,gym_env,0.6197620034217834,2.382684760959819e-05,1.2332212924957275,4.460855484008789,0.001497607328929007,0.12112341076135635,-3.0690741539001465,1.1981282234191895,-3.041193723678589,0.21875,0.0,1.0,0.5,0.0,0.0,9440.2998046875,9440.2998046875,9440.2998046875,9440.2998046875,-1.2987756133079529,0.0,0.0,0.0,25.322319654747844,2.2049002647399902,7.030581206083298,66.15604358911514,30.5,1.5,11.0,10.0,300.0,15.0,7.333333333333333,30.0
0.4583333333333333,x,gym_env,0.7134489417076111,7.825517241144553e-05,1.232785940170288,4.520383358001709,0.003452765056863427,-0.11685728281736374,-3.059701919555664,1.0637832880020142,-3.0159549713134766,0.2291666716337204,0.0,1.0,0.5,0.0,0.0,9440.2998046875,9440.2998046875,9440.2998046875,9440.2998046875,-1.3939810991287231,0.0,0.0,0.0,24.635987266898155,2.198440408706665,6.7793817818164825,65.77685788273811,30.5,1.5,11.0,10.0,300.0,15.0,7.333333333333333,30.0
0.47916666666666663,x,gym_env,0.8083069920539856,0.00018055259715765715,1.2272759675979614,4.574203968048096,0.0059221768751740456,-0.3640693724155426,-3.05637526512146,0.9300662279129028,-2.997866630554199,0.2395833283662796,0.0,1.0,0.5,0.0,0.0,9440.2998046875,9440.2998046875,9440.2998046875,9440.2998046875,-1.4888232231140137,0.0,0.0,0.0,25.838267870247364,2.212213850021363,7.041230101138353,65.0330895036459,30.5,1.5,11.0,10.0,300.0,15.0,7.333333333333333,30.0
0.5,x,gym_env,0.9042008519172668,0.0003361301205586642,1.2165099382400513,4.621028423309326,0.00848214142024517,-0.6196162104606628,-3.055574893951416,0.7970301508903503,-2.983285665512085,0.25,0.0,1.0,0.5,0.0,0.0,9440.2998046875,9440.2998046875,9440.2998046875,9440.2998046875,-1.582913875579834,0.0,0.0,0.0,24.557137560099363,2.2637782096862793,6.8171553537249565,65.82953974604607,30.5,1.5,11.0,10.0,300.0,15.0,7.333333333333333,30.0
0.5208333333333333,x,gym_env,1.0009703636169434,0.0005416554631665349,1.2003271579742432,4.659717559814453,0.010716704651713371,-0.882438600063324,-3.0558974742889404,0.6647017598152161,-2.970695734024048,0.2604166567325592,0.0,1.0,0.5,0.0,0.0,9440.2998046875,9440.2998046875,9440.2998046875,9440.2998046875,-1.6758773565292358,0.0,0.0,0.0,25.287136372178793,2.236117744445801,6.87930565699935,66.82325053215027,30.5,1.5,11.0,10.0,300.0,15.0,7.333333333333333,30.0
0.5416666666666666,x,gym_env,1.098433494567871,0.000785309704951942,1.1785907745361328,4.689302444458008,0.012225208804011345,-1.1513392925262451,-3.056689500808716,0.5330976843833923,-2.959336280822754,0.2708333432674408,0.0,1.0,0.5,0.0,0.0,9440.2998046875,9440.2998046875,9440.2998046875,9440.2998046875,-1.7673562049865723,0.0,0.0,0.0,25.35193572193384,2.1536758422851565,6.6160647459328175,65.30922096967697,30.5,1.5,11.0,10.0,300.0,15.0,7.333333333333333,30.0
0.5625,x,gym_env,1.1963905096054077,0.0010471941204741597,1.1511905193328857,4.708995342254639,0.012629253789782524,-1.425008773803711,-3.057616949081421,0.4022294878959656,-2.948770523071289,0.28125,0.0,1.0,0.5,0.0,0.0,9440.2998046875,9440.2998046875,9440.2998046875,9440.2998046875,-1.8570170879364014,0.0,0.0,0.0,25.528293285518885,2.2815615177154545,6.794487189501524,65.9262986779213,30.5,1.5,11.0,10.0,300.0,15.0,7.333333333333333,30.0
0.5833333333333333,x,gym_env,1.2946274280548096,0.0012998734600842,1.1180442571640015,4.718198299407959,0.011578990146517754,-1.7020522356033325,-3.058502435684204,0.2721061110496521,-2.9387176036834717,0.2916666567325592,0.0,1.0,0.5,0.0,0.0,9440.2998046875,9440.2998046875,9440.2998046875,9440.2998046875,-1.944555926322937,0.0,0.0,0.0,26.718755900859833,2.1912642002105716,6.472976628690958,65.40645429491997,30.5,1.5,11.0,10.0,300.0,15.0,7.333333333333333,30.0
0.6041666666666666,x,gym_env,1.3929204940795898,0.001509041409008205,1.0790996551513672,4.71651029586792,0.00875862780958414,-1.9810171127319336,-3.0592541694641113,0.14273464679718018,-2.928976535797119,0.3020833432674408,0.0,1.0,0.5,0.0,0.0,9440.2998046875,9440.2998046875,9440.2998046875,9440.2998046875,-2.0297019481658936,0.0,0.0,0.0,26.549326971173286,2.196261501312256,6.60487699508667,63.60267782211304,30.5,1.5,11.0,10.0,300.0,15.0,7.333333333333333,30.0
0.625,x,gym_env,1.4910398721694946,0.001634289976209402,1.0343354940414429,4.7037272453308105,0.003891127882525325,-2.260420799255371,-3.0598325729370117,0.014121261425316334,-2.91938853263855,0.3125,0.0,1.0,0.5,0.0,0.0,9440.2998046875,9440.2998046875,9440.2998046875,9440.2998046875,-2.1122222661972048,0.0,0.0,0.0,25.785058587789536,2.2048310279846195,6.808394722640514,65.26184161007404,30.5,1.5,11.0,10.0,300.0,15.0,7.333333333333333,30.0
0.6458333333333333,x,gym_env,1.5887540578842163,0.0016299656126648188,0.9837609529495239,4.679841041564941,-0.0032579954713582993,-2.5387771129608154,-3.0602359771728516,-0.11372857540845871,-2.909813404083252,0.3229166567325592,0.0,1.0,0.5,0.0,0.0,9440.2998046875,9440.2998046875,9440.2998046875,9440.2998046875,-2.1919236183166504,0.0,0.0,0.0,24.58852554485202,2.197278690338135,6.826199885457754,64.97286386787891,30.5,1.5,11.0,10.0,300.0,15.0,7.333333333333333,30.0
0.6666666666666666,x,gym_env,1.6858335733413696,0.0014460940146818757,0.9274162650108337,4.645033359527588,-0.012877773493528366,-2.8146233558654785,-3.060495615005493,-0.24080964922904968,-2.9001121520996094,0.3333333432674408,0.0,1.0,0.5,0.0,0.0,9440.2998046875,9440.2998046875,9440.2998046875,9440.2998046875,-2.2686554908752443,0.0,0.0,0.0,25.962020210921764,2.3279792785644533,7.085192926228046,64.77071826159954,30.5,1.5,11.0,10.0,300.0,15.0,7.333333333333333,30.0
0.6875,x,gym_env,1.7820552587509155,0.0010293530067428946,0.865371584892273,4.599668025970459,-0.025109799578785896,-3.0865437984466553,-3.060678482055664,-0.36711665987968445,-2.890132188796997,0.34375,0.0,1.0,0.5,0.0,0.0,18978.599609375,19580.30078125,18978.599609375,17861.900390625,-7.027788338661194,0.0,0.0,0.0,26.04776544123888,2.2989390373229983,7.2729529943317175,66.1660027205944,30.5,1.5,11.0,10.0,300.0,15.0,7.333333333333333,30.0
0.7083333333333333,x,gym_env,1.8761183023452759,-0.00022373681713361293,0.7947195768356323,4.45322322845459,-0.08478851616382599,-3.591726064682007,-3.0721607208251953,-0.5033004879951477,-2.8778932094573975,0.3541666567325592,0.0,1.0,0.5,0.0,0.0,9440.2998046875,9440.2998046875,9440.2998046875,9440.2998046875,-7.096168742179871,0.0,0.0,0.0,25.781409971415997,2.134367561340332,6.765170242637396,65.14507105946541,30.5,1.5,11.0,10.0,300.0,15.0,7.333333333333333,30.0
0.7291666666666666,x,gym_env,1.968088150024414,-0.002194436965510249,0.7166534662246704,4.387359142303467,-0.10135533660650253,-3.849738359451294,-3.0929529666900635,-0.6456063985824585,-2.86095929145813,0.3645833432674408,0.0,1.0,0.5,0.0,0.0,21666.447265625,21666.447265625,21666.447265625,21666.447265625,-8.523349642753601,0.0,0.0,0.0,26.07378290593624,2.3015946388244632,6.833878111094236,65.42133249342442,30.5,1.5,11.0,10.0,300.0,15.0,7.333333333333333,30.0
0.75,x,gym_env,2.0559146404266357,-0.005524932406842709,0.6296544075012207,4.094723224639893,-0.20007914304733276,-4.387607097625732,-3.1178300380706787,-0.7867594957351685,-2.8379719257354736,0.375,0.0,1.0,0.5,0.0,0.0,21666.447265625,21666.447265625,21666.447265625,21666.447265625,-2.4134458541870116,0.0,0.0,0.0,27.18796670436859,2.2176515579223635,6.5907470509409904,64.21343741752207,30.5,1.5,11.0,10.0,300.0,15.0,7.333333333333333,30.0
0.7708333333333333,x,gym_env,2.1370677947998047,-0.011025507003068924,0.5320260524749756,3.756890296936035,-0.30786240100860596,-4.878523349761963,3.132826566696167,-0.926561176776886,-2.8055419921875,0.3854166567325592,0.0,1.0,0.5,0.0,0.0,21666.447265625,21666.447265625,21666.447265625,21666.447265625,-2.4015366792678834,0.0,0.0,0.0,26.95449098944664,2.160407304763794,6.589900121092796,64.87401267141104,30.5,1.5,11.0,10.0,300.0,15.0,7.333333333333333,30.0
0.7916666666666666,x,gym_env,2.210697650909424,-0.018883297219872475,0.42482081055641174,3.3812782764434814,-0.42455020546913147,-5.316699981689453,3.0854363441467285,-1.0646144151687622,-2.756582498550415,0.3958333432674408,0.0,1.0,0.5,0.0,0.0,21666.447265625,21666.447265625,21666.447265625,21666.447265625,-2.3754735708236696,0.0,0.0,0.0,26.73817940056324,2.4295839071273804,6.999337427318096,64.78944240510464,30.5,1.5,11.0,10.0,300.0,15.0,7.333333333333333,30.0
0.8125,x,gym_env,2.2761168479919434,-0.029279764741659164,0.3091968595981598,2.9759504795074463,-0.5497936606407166,-5.697552680969238,3.005892276763916,-1.1999626159667969,-2.6738815307617188,0.40625,0.0,1.0,0.5,0.0,0.0,21666.447265625,21666.447265625,21666.447265625,21666.447265625,-2.3364463806152345,0.0,0.0,0.0,27.133194103837013,2.2375903129577637,6.497290227562189,64.08079957962036,30.5,1.5,11.0,10.0,300.0,15.0,7.333333333333333,30.0
0.8333333333333333,x,gym_env,2.3328123092651367,-0.04238683357834816,0.18639211356639862,2.5494203567504883,-0.6830644011497498,-6.017759323120117,2.841142416000366,-1.3295791149139404,-2.504432201385498,0.4166666567325592,0.0,1.0,0.5,0.0,0.0,21666.447265625,21666.447265625,21666.447265625,21666.447265625,-2.2858765363693236,0.0,0.0,0.0,27.72937698662281,2.3019717693328863,6.718645583838224,63.56263007223606,30.5,1.5,11.0,10.0,300.0,15.0,7.333333333333333,30.0
0.8541666666666666,x,gym_env,2.3804514408111572,-0.05836336687207222,0.05769754573702812,2.1104586124420166,-0.8236725926399231,-6.275287628173828,2.3663978576660156,-1.4386074542999268,-2.0234603881835938,0.4270833432674408,0.0,1.0,0.5,0.0,0.0,21666.447265625,21666.447265625,21666.447265625,21666.447265625,-2.314675283432007,0.0,0.0,0.0,28.345452815294266,2.2824524402618414,6.55354730412364,62.58503499627113,30.5,1.5,11.0,10.0,300.0,15.0,7.333333333333333,30.0
0.875,x,gym_env,2.427520275115967,-0.07884377986192703,0.06209335848689079,2.0711913108825684,-1.0484551191329956,0.3074376881122589,0.8606825470924377,-0.7155227661132812,-0.5420078039169312,0.4375,0.0,1.0,0.5,0.0,0.0,21666.447265625,21666.447265625,21666.447265625,21666.447265625,-2.2816841840744018,0.0,0.0,0.0,28.231181025505066,2.250393056869507,6.39344760030508,62.62277618050575,30.5,1.5,11.0,10.0,300.0,15.0,7.333333333333333,30.0
0.8958333333333333,x,gym_env,2.466475486755371,-0.10324651002883911,0.06879720091819763,1.7635434865951538,-1.2716208696365356,0.34853824973106384,0.9377110004425049,0.08931521326303482,-0.4073731601238251,0.4479166567325592,0.0,1.0,0.5,0.0,0.0,21666.447265625,21666.447265625,21666.447265625,21666.447265625,-2.2879191875457763,0.0,0.0,0.0,27.938946187496185,2.3231619834899906,6.883116215467453,63.71374540403485,30.5,1.5,11.0,10.0,300.0,15.0,7.333333333333333,30.0
0.9166666666666666,x,gym_env,2.5017387866973877,-0.1341474950313568,0.07667911052703857,1.6704857349395752,-1.642362117767334,0.3786974251270294,1.3626152276992798,0.7922804951667786,-0.1167447417974472,0.4583333432674408,0.0,1.0,0.5,0.0,0.0,9440.2998046875,9440.2998046875,9440.2998046875,9440.2998046875,-8.424760127067566,0.0,0.0,0.0,28.635324358940125,2.3709109783172613,6.848523519933224,62.79732321202755,30.5,1.5,11.0,10.0,300.0,15.0,7.333333333333333,30.0
0.9375,x,gym_env,2.5365054607391357,-0.16937308013439178,0.08211851865053177,1.667570948600769,-1.723288893699646,0.17597272992134094,2.680887460708618,1.1058149337768555,0.9408567547798157,0.46875,0.0,1.0,0.5,0.0,0.0,21666.447265625,19477.86328125,20337.0625,19477.86328125,-7.71829151058197,0.0,0.0,0.0,27.58555680513382,2.4732872724533084,7.109085289761424,63.580496568232775,30.5,1.5,11.0,10.0,300.0,15.0,7.333333333333333,30.0
0.9583333333333333,x,gym_env,2.570464611053467,-0.20964933931827545,0.0811581015586853,1.584112524986267,-2.0592384338378906,-0.21091033518314362,-2.4516584873199463,0.7491951584815979,1.7290719747543335,0.4791666567325592,0.0,1.0,0.5,0.0,0.0,21666.447265625,21666.447265625,21666.447265625,21666.447265625,-2.9928127813339236,0.0,0.0,0.0,28.713427484035492,2.3136898994445803,6.464794985949993,63.847203716635704,30.5,1.5,11.0,10.0,300.0,15.0,7.333333333333333,30.0
0.9791666666666666,x,gym_env,2.600139617919922,-0.25591233372688293,0.071126289665699,1.2926040887832642,-2.310894250869751,-0.6496583223342896,-1.8247125148773193,0.26525649428367615,1.9098268747329712,0.4895833432674408,0.0,1.0,0.5,0.0,0.0,21666.447265625,21666.447265625,21666.447265625,21666.447265625,-2.2087675094604493,0.0,0.0,0.0,28.550937801599503,2.3019699573516847,6.6686727330088615,62.04496422410011,30.5,1.5,11.0,10.0,300.0,15.0,7.333333333333333,30.0
1.0,x,gym_env,2.6220104694366455,-0.30444276332855225,0.06137418746948242,0.8817014694213867,-2.2680656909942627,0.030400851741433144,-1.4950053691864014,-0.34603753685951233,1.9673842191696167,0.5,0.0,1.0,0.5,0.0,0.0,21666.447265625,21666.447265625,21666.447265625,21666.447265625,-2.142437529563904,0.0,0.0,0.0,29.39367499947548,2.35980486869812,6.4731500670313835,62.4522589892149,30.5,1.5,11.0,10.0,300.0,15.0,7.333333333333333,30.0
1.0208333333333333,x,gym_env,2.63504695892334,-0.3538718819618225,0.06170813366770744,0.4630471467971802,-2.4514591693878174,-0.05694751441478729,-1.7266101837158203,-1.1329718828201294,2.214296340942383,0.5104166865348816,0.0,1.0,0.5,0.0,0.0,21666.447265625,21666.447265625,21666.447265625,21666.447265625,-2.2072416067123415,0.0,0.0,0.0,28.56467467546463,2.4459646940231323,6.8965611681342125,62.216651648283005,30.5,1.5,11.0,10.0,300.0,15.0,7.333333333333333,30.0
1.0416666666666665,x,gym_env,2.6408274173736572,-0.40629372000694275,0.0633603036403656,0.11584532260894775,-2.594191789627075,-0.032205063849687576,2.1866672039031982,-1.110379934310913,-1.7921572923660278,0.5208333134651184,0.0,1.0,0.5,0.0,0.0,21666.447265625,21666.447265625,21666.447265625,21666.447265625,-2.255361270904541,0.0,0.0,0.0,29.82270684838295,2.4310665845870973,6.7304612174630165,61.83146071434021,30.5,1.5,11.0,10.0,300.0,15.0,7.333333333333333,30.0
1.0625,x,gym_env,2.6393656730651855,-0.4609946012496948,0.062216948717832565,-0.18414424359798431,-2.6218535900115967,-0.03832269832491875,1.950574278831482,-0.2778562307357788,-1.6461049318313599,0.53125,0.0,1.0,0.5,0.0,0.0,21666.447265625,21666.447265625,21666.447265625,21666.447265625,-2.307060122489929,0.0,0.0,0.0,29.156515508890152,2.4478780269622806,6.871309030801058,63.13427226245403,30.5,1.5,11.0,10.0,300.0,15.0,7.333333333333333,30.0
1.0833333333333333,x,gym_env,2.630911111831665,-0.5155057311058044,0.05906911939382553,-0.5369950532913208,-2.593898296356201,-0.11629090458154678,1.953400731086731,0.6152651309967041,-1.6850271224975586,0.5416666865348816,0.0,1.0,0.5,0.0,0.0,21666.447265625,21666.447265625,21666.447265625,21666.447265625,-2.34830105304718,0.0,0.0,0.0,28.65675726532936,2.4479697942733765,6.967445034533739,62.3504604101181,30.5,1.5,11.0,10.0,300.0,15.0,7.333333333333333,30.0
1.1041666666666665,x,gym_env,2.615389585494995,-0.5678628087043762,0.05900773033499718,-0.8728910684585571,-2.4417386054992676,0.0664295181632042,2.95857572555542,1.4195594787597656,-0.7479488849639893,0.5520833134651184,0.0,1.0,0.5,0.0,0.0,21666.447265625,21666.447265625,21666.447265625,21666.447265625,-2.37898166179657,0.0,0.0,0.0,28.69236272573471,2.4212052106857302,7.06498434767127,61.82567536830902,30.5,1.5,11.0,10.0,300.0,15.0,7.333333333333333,30.0
1.125,x,gym_env,2.593507766723633,-0.6157022714614868,0.06157118082046509,-1.1877857446670532,-2.1937031745910645,0.07964184135198593,-1.5753432512283325,0.7511430382728577,1.0080732107162476,0.5625,0.0,1.0,0.5,0.0,0.0,21666.447265625,21666.447265625,21666.447265625,21666.447265625,-2.410649633407593,0.0,0.0,0.0,29.800688445568085,2.4604282617568973,6.792226780205965,61.92799288034439,30.5,1.5,11.0,10.0,300.0,15.0,7.333333333333333,30.0
1.1458333333333333,x,gym_env,2.5642333030700684,-0.6584812998771667,0.06134194880723953,-1.544581651687622,-1.9691919088363647,-0.04810531809926033,-1.5962040424346924,-0.07161188125610352,1.1296782493591309,0.5729166865348816,0.0,1.0,0.5,0.0,0.0,21666.447265625,21666.447265625,21666.447265625,21666.447265625,-2.425837182998657,0.0,0.0,0.0,29.265689939260483,2.418843984603882,6.8025068156421185,62.0034696161747,30.5,1.5,11.0,10.0,300.0,15.0,7.333333333333333,30.0
1.1666666666666665,x,gym_env,2.528214931488037,-0.6973491311073303,0.0624590702354908,-1.8526949882507324,-1.8000622987747192,0.13293027877807617,-1.9794132709503174,-0.8570699095726013,1.3717281818389893,0.5833333134651184,0.0,1.0,0.5,0.0,0.0,21666.447265625,21666.447265625,21666.447265625,21666.447265625,-2.439219522476196,0.0,0.0,0.0,29.374724715948105,2.437423300743103,6.898299776017666,61.33337000012398,30.5,1.5,11.0,10.0,300.0,15.0,7.333333333333333,30.0
1.1875,x,gym_env,2.485077142715454,-0.7320159077644348,0.061404988169670105,-2.187378168106079,-1.5701789855957031,-0.14351168274879456,2.5689544677734375,-1.1854841709136963,2.917306900024414,0.59375,0.0,1.0,0.5,0.0,0.0,21666.447265625,21666.447265625,21666.447265625,21666.447265625,-2.412781858444214,0.0,0.0,0.0,28.9568372964859,2.549887013435364,7.106619445607066,61.62604734301567,30.5,1.5,11.0,10.0,300.0,15.0,7.333333333333333,30.0
1.2083333333333333,x,gym_env,2.437833070755005,-0.7614179253578186,0.06093703210353851,-2.343493938446045,-1.2808940410614014,0.030872751027345657,1.9167760610580444,-0.3751552700996399,-2.892080068588257,0.6041666865348816,0.0,1.0,0.5,0.0,0.0,21666.447265625,21666.447265625,21666.447265625,21666.447265625,-2.3699479579925535,0.0,0.0,0.0,28.56715828180313,2.4738394260406498,6.825796213001013,60.979567885398865,30.5,1.5,11.0,10.0,300.0,15.0,7.333333333333333,30.0
1.2291666666666665,x,gym_env,2.3877086639404297,-0.7836011052131653,0.0627952441573143,-2.432030200958252,-0.915165901184082,0.08637955784797668,1.7679835557937622,0.49665915966033936,-2.888427257537842,0.6145833134651184,0.0,1.0,0.5,0.0,0.0,21666.447265625,21666.447265625,21666.447265625,21666.447265625,-2.320486068725586,0.0,0.0,0.0,28.72946536540985,2.5446618795394897,7.224756145849824,62.233914226293564,30.5,1.5,11.0,10.0,300.0,15.0,7.333333333333333,30.0
1.25,x,gym_env,2.3362321853637695,-0.7970651388168335,0.06114662066102028,-2.49418568611145,-0.4651744067668915,-0.17717574536800385,1.4686191082000732,1.331752061843872,-3.05120849609375,0.625,0.0,1.0,0.5,0.0,0.0,21666.447265625,21666.447265625,21666.447265625,21666.447265625,-2.2642157554626463,0.0,0.0,0.0,27.602011516690254,2.6135129094123846,7.043183609843254,62.96958401799202,30.5,1.5,11.0,10.0,300.0,15.0,7.333333333333333,30.0
1.2708333333333333,x,gym_env,2.283865451812744,-0.8014693260192871,0.06174864619970322,-2.5267515182495117,-0.0643550455570221,0.03279057517647743,-1.7480098009109497,0.9810959100723267,0.15610867738723755,0.6354166865348816,0.0,1.0,0.5,0.0,0.0,21666.447265625,21666.447265625,21666.447265625,21666.447265625,-2.22236590385437,0.0,0.0,0.0,28.75131395459175,2.500928330421448,6.735671799629927,62.184294641017914,30.5,1.5,11.0,10.0,300.0,15.0,7.333333333333333,30.0
1.2916666666666665,x,gym_env,2.229792356491089,-0.798058032989502,0.06276778131723404,-2.639951467514038,0.33304479718208313,-0.05468034744262695,-1.8856993913650513,0.12930244207382202,0.10900130867958069,0.6458333134651184,0.0,1.0,0.5,0.0,0.0,21666.447265625,21666.447265625,21666.447265625,21666.447265625,-2.155046272277832,0.0,0.0,0.0,28.729694843292236,2.5424057960510256,6.992990303784609,61.35516059398651,30.5,1.5,11.0,10.0,300.0,15.0,7.333333333333333,30.0
1.3125,x,gym_env,2.174622058868408,-0.7869299650192261,0.060369592159986496,-2.6312873363494873,0.6530819535255432,-0.07343686372041702,-2.1041502952575684,-0.7221018075942993,0.1882418692111969,0.65625,0.0,1.0,0.5,0.0,0.0,9440.2998046875,9440.2998046875,9440.2998046875,9440.2998046875,-8.196177005767822,0.0,0.0,0.0,28.68668806552887,2.550310039520264,6.949646677821875,62.009390980005264,30.5,1.5,11.0,10.0,300.0,15.0,7.333333333333333,30.0
1.3333333333333333,x,gym_env,2.120239496231079,-0.7725760340690613,0.060622330754995346,-2.595568895339966,0.7105385065078735,0.06426268070936203,2.5386993885040283,-1.2312968969345093,1.6514778137207031,0.6666666865348816,0.0,1.0,0.5,0.0,0.0,9440.2998046875,9440.2998046875,9440.2998046875,9440.2998046875,-2.0056411743164064,0.0,0.0,0.0,28.618108600378036,2.5310838699340823,6.8038087375462055,62.47037397325039,30.5,1.5,11.0,10.0,300.0,15.0,7.333333333333333,30.0
1.3541666666666665,x,gym_env,2.0669801235198975,-0.7573837637901306,0.062146324664354324,-2.526638984680176,0.7450962662696838,0.03838515281677246,1.5600816011428833,-0.5134550333023071,2.555636167526245,0.6770833134651184,0.0,1.0,0.5,0.0,0.0,9440.2998046875,9440.2998046875,9440.2998046875,9440.2998046875,-1.9283719539642334,0.0,0.0,0.0,28.0311222076416,2.5910571336746218,6.956299606710672,62.17222848534584,30.5,1.5,11.0,10.0,300.0,15.0,7.333333333333333,30.0
1.375,x,gym_env,2.0151865482330322,-0.7406048774719238,0.062336310744285583,-2.451343297958374,0.8579776287078857,0.07630074769258499,1.4166170358657837,0.33977001905441284,2.7639172077178955,0.6875,0.0,1.0,0.5,0.0,0.0,9440.2998046875,9440.2998046875,9440.2998046875,9440.2998046875,-1.8600193500518798,0.0,0.0,0.0,28.396079897880554,2.593516516685486,6.891928557306528,61.96600714325905,30.5,1.5,11.0,10.0,300.0,15.0,7.333333333333333,30.0
1.3958333333333333,x,gym_env,1.9646835327148438,-0.7215603590011597,0.0619870163500309,-2.4141790866851807,0.9468111991882324,-0.09469757229089737,1.6473585367202759,1.174225926399231,3.1267104148864746,0.6979166865348816,0.0,1.0,0.5,0.0,0.0,9440.2998046875,9440.2998046875,9440.2998046875,9440.2998046875,-1.7902915954589844,0.0,0.0,0.0,27.790449410676956,2.6142189979553225,6.956856690347195,62.44193843007088,30.5,1.5,11.0,10.0,300.0,15.0,7.333333333333333,30.0
1.4166666666666665,x,gym_env,1.9153093099594116,-0.7012366652488708,0.06304485350847244,-2.364494562149048,1.004348635673523,0.003200726816430688,-2.1084938049316406,1.055870771408081,-0.6493837833404541,0.7083333134651184,0.0,1.0,0.5,0.0,0.0,9440.2998046875,9440.2998046875,9440.2998046875,9440.2998046875,-1.7248512268066407,0.0,0.0,0.0,27.33528183400631,2.628286921977997,7.230944734066725,62.78933498263359,30.5,1.5,11.0,10.0,300.0,15.0,7.333333333333333,30.0
1.4375,x,gym_env,1.8663619756698608,-0.6797361969947815,0.06216586008667946,-2.334113121032715,1.030531406402588,0.049928218126297,-1.870824933052063,0.22627457976341248,-0.500176727771759,0.71875,0.0,1.0,0.5,0.0,0.0,9440.2998046875,9440.2998046875,9440.2998046875,9440.2998046875,-1.6562774419784545,0.0,0.0,0.0,28.245466351509094,2.539025688171387,6.902409803122282,61.70132860541344,30.5,1.5,11.0,10.0,300.0,15.0,7.333333333333333,30.0
1.4583333333333333,x,gym_env,1.8183594942092896,-0.6577911376953125,0.06263653934001923,-2.283339738845825,1.0755797624588013,-0.04443668574094772,-1.787096381187439,-0.6190157532691956,-0.5166893601417542,0.7291666865348816,0.0,1.0,0.5,0.0,0.0,9440.2998046875,9440.2998046875,9440.2998046875,9440.2998046875,-1.5856035232543946,0.0,0.0,0.0,27.498409628868103,2.584522247314453,7.1876554396003485,61.7852868437767,30.5,1.5,11.0,10.0,300.0,15.0,7.333333333333333,30.0
1.4791666666666665,x,gym_env,1.771544337272644,-0.6352958679199219,0.06141182407736778,-2.2161290645599365,1.082526683807373,-0.06029806658625603,-1.4209873676300049,-1.4501097202301025,-0.7744463086128235,0.7395833134651184,0.0,1.0,0.5,0.0,0.0,9440.2998046875,9440.2998046875,9440.2998046875,9440.2998046875,-1.5129276871681214,0.0,0.0,0.0,27.3227259516716,2.580983972549439,7.011614076793194,62.25489059090614,30.5,1.5,11.0,10.0,300.0,15.0,7.333333333333333,30.0
1.5,x,gym_env,1.726267695426941,-0.6112627387046814,0.061635591089725494,-2.131216526031494,1.207429051399231,0.12821850180625916,1.4674713611602783,-0.8695962429046631,2.7666711807250977,0.75,0.0,1.0,0.5,0.0,0.0,9440.2998046875,9440.2998046875,9440.2998046875,9440.2998046875,-1.448355221748352,0.0,0.0,0.0,26.92827920615673,2.62547265291214,7.088673114776611,62.601839765906334,30.5,1.5,11.0,10.0,300.0,15.0,7.333333333333333,30.0
1.5208333333333333,x,gym_env,1.682637333869934,-0.5850427150726318,0.06281347572803497,-2.07858943939209,1.2892131805419922,-0.02416997402906418,1.6335563659667969,-0.08082829415798187,2.7968404293060303,0.7604166865348816,0.0,1.0,0.5,0.0,0.0,9440.2998046875,9440.2998046875,9440.2998046875,9440.2998046875,-1.3863844275474548,0.0,0.0,0.0,27.666046500205994,2.6300564408302307,7.045795746147633,62.13296481966972,30.5,1.5,11.0,10.0,300.0,15.0,7.333333333333333,30.0
1.5416666666666665,x,gym_env,1.6398874521255493,-0.557553768157959,0.062433406710624695,-2.0345683097839355,1.3309440612792969,0.08930762112140656,1.8680475950241089,0.6947398781776428,2.9036688804626465,0.7708333134651184,0.0,1.0,0.5,0.0,0.0,9440.2998046875,9440.2998046875,9440.2998046875,9440.2998046875,-1.325866734981537,0.0,0.0,0.0,27.833415865898132,2.5549649715423586,6.901571948081255,61.591520726680756,30.5,1.5,11.0,10.0,300.0,15.0,7.333333333333333,30.0
1.5625,x,gym_env,1.5980238914489746,-0.529142439365387,0.06218787655234337,-1.9933807849884033,1.383303165435791,-0.08500270545482635,3.0267772674560547,1.3392903804779053,-2.34045672416687,0.78125,0.0,1.0,0.5,0.0,0.0,9440.2998046875,9440.2998046875,9440.2998046875,9440.2998046875,-1.262877106666565,0.0,0.0,0.0,27.48214554786682,2.611933267116547,7.06048433855176,62.212197691202164,30.5,1.5,11.0,10.0,300.0,15.0,7.333333333333333,30.0
1.5833333333333333,x,gym_env,1.5572038888931274,-0.5004470348358154,0.06266892701387405,-1.9346160888671875,1.3962174654006958,-0.04928695037961006,-1.746026635169983,0.782457172870636,-0.9154033660888672,0.7916666865348816,0.0,1.0,0.5,0.0,0.0,9440.2998046875,9440.2998046875,9440.2998046875,9440.2998046875,-1.1998398661613465,0.0,0.0,0.0,27.51805867254734,2.5837252140045166,6.972483664751053,61.58398050069809,30.5,1.5,11.0,10.0,300.0,15.0,7.333333333333333,30.0
1.6041666666666665,x,gym_env,1.5177077054977417,-0.47139060497283936,0.061356641352176666,-1.8689942359924316,1.4042998552322388,-0.0966249406337738,-1.557997703552246,0.0033968838397413492,-0.7654919028282166,0.8020833134651184,0.0,1.0,0.5,0.0,0.0,9440.2998046875,9440.2998046875,9440.2998046875,9440.2998046875,-1.1318729281425477,0.0,0.0,0.0,26.86407670378685,2.614444231987,7.0878341645002365,62.89793507754803,30.5,1.5,11.0,10.0,300.0,15.0,7.333333333333333,30.0
1.625,x,gym_env,1.480231761932373,-0.44076743721961975,0.06206507980823517,-1.7686225175857544,1.497309923171997,-0.01710803061723709,-1.5288678407669067,-0.7651711702346802,-0.6717589497566223,0.8125,0.0,1.0,0.5,0.0,0.0,9440.2998046875,9440.2998046875,9440.2998046875,9440.2998046875,-1.074798846244812,0.0,0.0,0.0,26.81493631005287,2.6718656301498416,7.179717838764191,62.45682319998741,30.5,1.5,11.0,10.0,300.0,15.0,7.333333333333333,30.0
1.6458333333333333,x,gym_env,1.4441436529159546,-0.409076988697052,0.06110474839806557,-1.7157758474349976,1.51703679561615,0.06940977275371552,-2.5721428394317627,-1.4903690814971924,0.41764795780181885,0.8229166865348816,0.0,1.0,0.5,0.0,0.0,9440.2998046875,9440.2998046875,9440.2998046875,9440.2998046875,-1.0198476672172547,0.0,0.0,0.0,26.58498603105545,2.645743191242218,7.17018373683095,62.60648763179779,30.5,1.5,11.0,10.0,300.0,15.0,7.333333333333333,30.0
1.6666666666666665,x,gym_env,1.4089275598526,-0.3772001564502716,0.06401321291923523,-1.6691839694976807,1.5540614128112793,0.07262768596410751,1.7943142652511597,-0.8332644701004028,2.3259830474853516,0.8333333134651184,0.0,1.0,0.5,0.0,0.0,9440.2998046875,9440.2998046875,9440.2998046875,9440.2998046875,-0.9637794613838195,0.0,0.0,0.0,26.57860916852951,2.640740764141083,7.065927110612392,62.45420162379742,30.5,1.5,11.0,10.0,300.0,15.0,7.333333333333333,30.0
1.6875,x,gym_env,1.3748654127120972,-0.3440268337726593,0.06281392276287079,-1.611236810684204,1.6170152425765991,-0.14436861872673035,1.6921941041946411,-0.09369566291570663,2.3795993328094482,0.84375,0.0,1.0,0.5,0.0,0.0,12837.8837890625,10260.2841796875,12837.8837890625,11978.68359375,-2.1764955644607547,0.0,0.0,0.0,27.54495593905449,2.585414791107178,6.9928496442735195,61.56600111722946,30.5,1.5,11.0,10.0,300.0,15.0,7.333333333333333,30.0
1.7083333333333333,x,gym_env,1.3420859575271606,-0.3107045292854309,0.0625600591301918,-1.5448379516601562,1.6145426034927368,0.08698798716068268,1.723946213722229,0.6614818572998047,2.409086227416992,0.8541666865348816,0.0,1.0,0.5,0.0,0.0,9440.2998046875,9440.2998046875,9440.2998046875,9440.2998046875,-2.1213299756050112,0.0,0.0,0.0,26.453919246792793,2.7130859315395357,7.111669849604368,62.40108823776245,30.5,1.5,11.0,10.0,300.0,15.0,7.333333333333333,30.0
1.7291666666666665,x,gym_env,1.3107385635375977,-0.2764289081096649,0.06176292896270752,-1.477830410003662,1.6637932062149048,-0.11848288029432297,1.9763821363449097,1.394870400428772,2.662846803665161,0.8645833134651184,0.0,1.0,0.5,0.0,0.0,9440.2998046875,9440.2998046875,9440.2998046875,9440.2998046875,-0.8038342118263244,0.0,0.0,0.0,26.022675722837448,2.727595096826554,7.229943258687854,62.82597999274731,30.5,1.5,11.0,10.0,300.0,15.0,7.333333333333333,30.0
1.75,x,gym_env,1.280272364616394,-0.24222823977470398,0.06224852055311203,-1.4407258033752441,1.6494691371917725,0.02785634435713291,-1.629223346710205,0.9864816069602966,-0.9325046539306641,0.875,0.0,1.0,0.5,0.0,0.0,21666.447265625,21666.447265625,21666.447265625,21666.447265625,-6.82268660068512,0.0,0.0,0.0,26.450153186917305,2.6877951622009277,7.058236446231604,62.815057158470154,30.5,1.5,11.0,10.0,300.0,15.0,7.333333333333333,30.0
1.7708333333333333,x,gym_env,1.2544416189193726,-0.2046295702457428,0.06128944829106331,-1.1508562564849854,1.8538784980773926,0.09650363773107529,-1.6081842184066772,0.2569524347782135,-0.866184413433075,0.8854166865348816,0.0,1.0,0.5,0.0,0.0,21666.447265625,21666.447265625,21666.447265625,21666.447265625,-0.613036286830902,0.0,0.0,0.0,26.35408030450344,2.6515090465545654,7.045856531709433,62.288516506552696,30.5,1.5,11.0,10.0,300.0,15.0,7.333333333333333,30.0
1.7916666666666665,x,gym_env,1.2344378232955933,-0.16287435591220856,0.06338471919298172,-0.8200756907463074,2.1200413703918457,0.002629668451845646,-1.7386488914489746,-0.4710647165775299,-0.8401623368263245,0.8958333134651184,0.0,1.0,0.5,0.0,0.0,21666.447265625,21666.447265625,21666.447265625,21666.447265625,-0.5315968871116639,0.0,0.0,0.0,26.08454041928053,2.682982325553894,7.249710222706199,62.72807763516903,30.5,1.5,11.0,10.0,300.0,15.0,7.333333333333333,30.0
1.8125,x,gym_env,1.2211251258850098,-0.11624610424041748,0.06292883306741714,-0.5315254330635071,2.2890617847442627,0.036212217062711716,-2.239264726638794,-1.1394962072372437,-0.4510272443294525,0.90625,0.0,1.0,0.5,0.0,0.0,21666.447265625,21666.447265625,21666.447265625,21666.447265625,-0.4476949334144592,0.0,0.0,0.0,26.650567531585693,2.634163057804108,7.193503800779581,62.23163217306137,30.5,1.5,11.0,10.0,300.0,15.0,7.333333333333333,30.0
1.8333333333333333,x,gym_env,1.2143627405166626,-0.06672004610300064,0.06199030950665474,-0.19791094958782196,2.402571678161621,-0.024984145537018776,2.2812395095825195,-0.97144615650177,1.1450098752975464,0.9166666865348816,0.0,1.0,0.5,0.0,0.0,21666.447265625,21666.447265625,21666.447265625,21666.447265625,-0.3620320796966553,0.0,0.0,0.0,25.87079832702875,2.637276875972748,7.006509497761726,62.29956513643265,30.5,1.5,11.0,10.0,300.0,15.0,7.333333333333333,30.0
1.8541666666666665,x,gym_env,1.2149791717529297,-0.016073325648903847,0.06028208136558533,0.1814020425081253,2.4267404079437256,0.0172526054084301,1.9305564165115356,-0.19297952950000763,1.3126444816589355,0.9270833134651184,0.0,1.0,0.5,0.0,0.0,21666.447265625,21666.447265625,21666.447265625,21666.447265625,-0.3095026969909668,0.0,0.0,0.0,25.449593476951122,2.6920929551124573,7.05387357622385,63.07039302587509,30.5,1.5,11.0,10.0,300.0,15.0,7.333333333333333,30.0
1.875,x,gym_env,1.2235760688781738,0.03300223499536514,0.06344810128211975,0.5650497078895569,2.2916250228881836,0.15467651188373566,1.8373945951461792,0.6111732721328735,1.2821242809295654,0.9375,0.0,1.0,0.5,0.0,0.0,21666.447265625,21666.447265625,21666.447265625,21666.447265625,-0.3962923526763916,0.0,0.0,0.0,25.846304677426815,2.6741120338439943,7.045529525727034,62.93871705234051,30.5,1.5,11.0,10.0,300.0,15.0,7.333333333333333,30.0
1.8958333333333333,x,gym_env,1.2403783798217773,0.07825617492198944,0.06298604607582092,0.9670698642730713,2.086782932281494,-0.12613311409950256,1.4601517915725708,1.3709663152694702,1.012958288192749,0.9479166865348816,0.0,1.0,0.5,0.0,0.0,21666.447265625,21666.447265625,21666.447265625,21666.447265625,-0.4767651438713074,0.0,0.0,0.0,26.249486580491066,2.6642118811607363,6.866332516074181,62.91873860359192,30.5,1.5,11.0,10.0,300.0,15.0,7.333333333333333,30.0
1.9166666666666665,x,gym_env,1.2645167112350464,0.11943873763084412,0.06040536239743233,1.300825595855713,1.9081170558929443,-0.11800265312194824,-1.6471738815307617,1.0345488786697388,-1.9267455339431763,0.9583333134651184,0.0,1.0,0.5,0.0,0.0,21666.447265625,21666.447265625,21666.447265625,21666.447265625,-0.5686809897422791,0.0,0.0,0.0,25.712780758738518,2.649773669242859,6.972265243530273,63.23853204399347,30.5,1.5,11.0,10.0,300.0,15.0,7.333333333333333,30.0
1.9375,x,gym_env,1.295466661453247,0.15708336234092712,0.06360745429992676,1.657738208770752,1.7537096738815308,0.04679028317332268,-1.8483588695526123,0.26766711473464966,-1.9971975088119507,0.96875,0.0,1.0,0.5,0.0,0.0,21666.447265625,21666.447265625,21666.447265625,21666.447265625,-0.654530692100525,0.0,0.0,0.0,25.583646710962057,2.621337902545929,6.820429012179375,62.92093043029308,30.5,1.5,11.0,10.0,300.0,15.0,7.333333333333333,30.0
1.9583333333333333,x,gym_env,1.334556221961975,0.19168734550476074,0.061724718660116196,1.943622350692749,1.6017252206802368,-0.01755346916615963,-1.997578501701355,-0.49069854617118835,-1.9626083374023438,0.9791666865348816,0.0,1.0,0.5,0.0,0.0,21666.447265625,21666.447265625,21666.447265625,21666.447265625,-0.738364851474762,0.0,0.0,0.0,25.922840386629105,2.5647785663604736,7.008025538176298,62.80642680823803,30.5,1.5,11.0,10.0,300.0,15.0,7.333333333333333,30.0
1.9791666666666665,x,gym_env,1.378368616104126,0.22183021903038025,0.06010769307613373,2.195814609527588,1.314913272857666,-0.03810130059719086,-3.0168819427490234,-1.064224362373352,-1.195622444152832,0.9895833134651184,0.0,1.0,0.5,0.0,0.0,21666.447265625,21666.447265625,21666.447265625,21666.447265625,-0.8007093787193298,0.0,0.0,0.0,25.38498193025589,2.628505384922028,6.907701276242733,64.07166465185583,30.5,1.5,11.0,10.0,300.0,15.0,7.333333333333333,30.0
2.0,x,gym_env,1.4260056018829346,0.24404571950435638,0.06192637234926224,2.3214354515075684,0.9034402370452881,0.13347481191158295,2.0384292602539062,-0.6226595044136047,-0.18188941478729248,1.0,0.0,1.0,0.0,0.0,0.0,9440.2998046875,9440.2998046875,9440.2998046875,9440.2998046875,-7.050098156929017,0.0,0.0,0.0,24.50421205163002,2.730258005857468,7.080756206065416,64.59284786880016,30.5,1.5,11.0,10.0,300.0,15.0,7.333333333333333,30.0
2.020833333333333,x,gym_env,1.4742425680160522,0.26183775067329407,0.06279865652322769,2.3139092922210693,0.8195743560791016,-0.0489654615521431,1.6517254114151,0.11115514487028122,0.039721958339214325,1.0,0.0,1.0,0.0,0.0,0.0,12937.25,10359.650390625,12937.25,12078.05078125,-2.3027997999191285,0.0,0.0,0.0,24.608152214437723,2.736417400836945,7.1380452290177345,64.93404424190521,30.5,1.5,11.0,10.0,300.0,15.0,7.333333333333333,30.0
2.0416666666666665,x,gym_env,1.522347092628479,0.27670031785964966,0.06229722872376442,2.307887315750122,0.6221181750297546,0.09309285134077072,1.4490036964416504,0.8708632588386536,0.16837497055530548,1.0,0.0,1.0,0.0,0.0,0.0,21666.447265625,21666.447265625,21666.447265625,21666.447265625,-5.8475672159194945,0.0,0.0,0.0,24.66006888076663,2.6451459527015686,7.284533739089966,64.86210141330957,30.5,1.5,11.0,10.0,300.0,15.0,7.333333333333333,30.0
2.0625,x,gym_env,1.5717724561691284,0.2842065989971161,0.06236870586872101,2.407982587814331,0.19692783057689667,-0.012000709772109985,-2.4191734790802,1.475650668144226,2.782472848892212,1.0,0.0,1.0,0.0,0.0,0.0,21666.447265625,21666.447265625,21666.447265625,21666.447265625,-1.142497253417969,0.0,0.0,0.0,24.650008898228407,2.696314811706543,7.072875127196312,64.84698351472616,30.5,1.5,11.0,10.0,300.0,15.0,7.333333333333333,30.0
2.083333333333333,x,gym_env,1.6241605281829834,0.28406569361686707,0.06215481087565422,2.5916836261749268,-0.1519954353570938,-0.07363898307085037,-2.102679491043091,0.6520028710365295,-3.1014227867126465,1.0,0.0,1.0,0.0,0.0,0.0,9440.2998046875,9440.2998046875,9440.2998046875,9440.2998046875,-7.302623248100281,0.0,0.0,0.0,24.813420405611396,2.6841118097305303,7.2883288860321045,64.56127228587866,30.5,1.5,11.0,10.0,300.0,15.0,7.333333333333333,30.0
2.1041666666666665,x,gym_env,1.678087830543518,0.2802874445915222,0.058790139853954315,2.5573084354400635,-0.18280866742134094,-0.1154826432466507,-2.095907688140869,-0.1894712597131729,-3.090871572494507,1.0,0.0,1.0,0.0,0.0,0.0,9440.2998046875,9440.2998046875,9440.2998046875,9440.2998046875,-1.2366846799850464,0.0,0.0,0.0,24.998932108283043,2.701816809177399,7.336007414385676,64.91842170059681,30.5,1.5,11.0,10.0,300.0,15.0,7.333333333333333,30.0
2.125,x,gym_env,1.7310367822647095,0.2749069035053253,0.05952335521578789,2.5282394886016846,-0.301731139421463,0.12543722987174988,-2.343505382537842,-1.0529500246047974,-2.9085466861724854,1.0,0.0,1.0,0.0,0.0,0.0,20297.4921875,19438.29296875,21666.447265625,19438.29296875,-6.632014950752259,0.0,0.0,0.0,24.84394715167582,2.7286692678928377,7.322333948686719,65.13767968118191,30.5,1.5,11.0,10.0,300.0,15.0,7.333333333333333,30.0
2.145833333333333,x,gym_env,1.7813633680343628,0.2649837136268616,0.06303732097148895,2.3286802768707275,-0.5944084525108337,0.1481606364250183,1.760348916053772,-1.149648666381836,-0.6797721982002258,1.0,0.0,1.0,0.0,0.0,0.0,21666.447265625,21666.447265625,21666.447265625,21666.447265625,-1.9789088582992553,0.0,0.0,0.0,25.30346269905567,2.696209108829499,7.191813265904784,64.57234840095043,30.5,1.5,11.0,10.0,300.0,15.0,7.333333333333333,30.0
2.1666666666666665,x,gym_env,1.8271230459213257,0.24759456515312195,0.06317977607250214,2.1181392669677734,-1.0001380443572998,-0.07577822357416153,1.5373685359954834,-0.37675535678863525,-0.26389142870903015,1.0,0.0,1.0,0.0,0.0,0.0,18678.814453125,16101.21484375,18678.814453125,17819.615234375,-3.1969849138259887,0.0,0.0,0.0,24.869975096546113,2.6916864395141604,7.115069264546037,64.43282436206937,30.5,1.5,11.0,10.0,300.0,15.0,7.333333333333333,30.0
2.1875,x,gym_env,1.8698872327804565,0.22394317388534546,0.061964716762304306,2.018407106399536,-1.2274748086929321,-0.05162689462304115,1.7649505138397217,0.39537912607192993,-0.04510466381907463,1.0,0.0,1.0,0.0,0.0,0.0,9440.2998046875,9440.2998046875,9440.2998046875,9440.2998046875,-5.508472779273987,0.0,0.0,0.0,25.059767867904156,2.714988046884537,7.356937440112233,64.89592525362968,30.5,1.5,11.0,10.0,300.0,15.0,7.333333333333333,30.0
2.208333333333333,x,gym_env,1.9123739004135132,0.19758960604667664,0.06159345805644989,2.032205820083618,-1.2961872816085815,-0.09452484548091888,2.4832301139831543,0.997903048992157,0.5240057706832886,1.0,0.0,1.0,0.0,0.0,0.0,9440.2998046875,9440.2998046875,9440.2998046875,9440.2998046875,-1.345062017440796,0.0,0.0,0.0,25.33215864188969,2.6195988774299623,7.2490304335951805,64.69478371739388,30.5,1.5,11.0,10.0,300.0,15.0,7.333333333333333,30.0
2.2291666666666665,x,gym_env,1.953930377960205,0.1699405461549759,0.0603640079498291,1.955658197402954,-1.3498502969741821,0.04775027930736542,-2.372772693634033,0.8776711821556091,1.787225604057312,1.0,0.0,1.0,0.0,0.0,0.0,21666.447265625,21666.447265625,21666.447265625,21666.447265625,-7.43855721950531,0.0,0.0,0.0,25.257196187973022,2.658498084545136,7.252200240269303,64.86966526508331,30.5,1.5,11.0,10.0,300.0,15.0,7.333333333333333,30.0
2.25,x,gym_env,1.9910024404525757,0.13819575309753418,0.06072191148996353,1.6724052429199219,-1.6121492385864258,-0.015555956400930882,-1.9132877588272095,0.18055923283100128,2.1101233959198,1.0,0.0,1.0,0.0,0.0,0.0,21666.447265625,21666.447265625,21666.447265625,21666.447265625,-1.2791937351226808,0.0,0.0,0.0,25.53339134156704,2.6950818300247192,7.338037667796016,64.43458474427462,30.5,1.5,11.0,10.0,300.0,15.0,7.333333333333333,30.0
2.270833333333333,x,gym_env,2.0210952758789062,0.10189791023731232,0.06304912269115448,1.290492296218872,-1.8265354633331299,0.05996253341436386,-1.8099117279052734,-0.5633829236030579,2.221449375152588,1.0,0.0,1.0,0.0,0.0,0.0,21666.447265625,21666.447265625,21666.447265625,21666.447265625,-1.2354623436927796,0.0,0.0,0.0,26.33253003656864,2.6497467398643497,7.1980253625661135,63.73223214223981,30.5,1.5,11.0,10.0,300.0,15.0,7.333333333333333,30.0
2.2916666666666665,x,gym_env,2.0433855056762695,0.061478231102228165,0.062056805938482285,0.96038419008255,-1.968504786491394,0.08106666803359985,-2.018624782562256,-1.2766011953353882,2.590970516204834,1.0,0.0,1.0,0.0,0.0,0.0,21666.447265625,21666.447265625,21666.447265625,21666.447265625,-1.1772844552993775,0.0,0.0,0.0,26.51457992196083,2.6993977427482605,7.3796350583434105,64.38117261976004,30.5,1.5,11.0,10.0,300.0,15.0,7.333333333333333,30.0
2.3125,x,gym_env,2.058823823928833,0.01764902099967003,0.062806636095047,0.5923031568527222,-2.2044644355773926,-0.0778748020529747,2.0843279361724854,-1.0316601991653442,-1.4247846603393555,1.0,0.0,1.0,0.0,0.0,0.0,21666.447265625,21666.447265625,21666.447265625,21666.447265625,-1.1256858170032502,0.0,0.0,0.0,26.054594539105892,2.714843368530274,7.342482797801495,64.22347813099623,30.5,1.5,11.0,10.0,300.0,15.0,7.333333333333333,30.0
2.333333333333333,x,gym_env,2.067416191101074,-0.030682967975735664,0.06073468551039696,0.2913481295108795,-2.385995626449585,-0.08427923172712326,2.057835102081299,-0.2671446204185486,-1.2927571535110474,1.0,0.0,1.0,0.0,0.0,0.0,21666.447265625,21666.447265625,21666.447265625,21666.447265625,-1.0833088859915734,0.0,0.0,0.0,26.54580694437027,2.7289341866970065,7.237687511369586,63.80646285228431,30.5,1.5,11.0,10.0,300.0,15.0,7.333333333333333,30.0
2.3541666666666665,x,gym_env,2.0690908432006836,-0.0818866565823555,0.0559546984732151,-0.0710902139544487,-2.4809727668762207,-0.21509799361228943,2.25215220451355,0.546122670173645,-1.2170476913452148,1.0,0.0,1.0,0.0,0.0,0.0,21666.447265625,21666.447265625,21666.447265625,21666.447265625,-1.1861700773239137,0.0,0.0,0.0,26.045152097940445,2.703187590837479,7.240862520411611,63.562971003353596,30.5,1.5,11.0,10.0,300.0,15.0,7.333333333333333,30.0
2.375,x,gym_env,2.0603785514831543,-0.1319659799337387,0.059039440006017685,-0.6289576292037964,-2.3191537857055664,0.2928556501865387,-2.984626054763794,1.1144038438796997,-0.33140257000923157,1.0,0.0,1.0,0.0,0.0,0.0,21666.447265625,21666.447265625,21666.447265625,21666.447265625,-1.2239604473114014,0.0,0.0,0.0,26.11615140736103,2.7332791566848758,7.264011062681675,63.19738921523094,30.5,1.5,11.0,10.0,300.0,15.0,7.333333333333333,30.0
2.395833333333333,x,gym_env,2.0435400009155273,-0.1777702420949936,0.06220173090696335,-0.9021022319793701,-2.099771499633789,0.18835069239139557,-1.8169453144073486,0.6954508423805237,0.7990527153015137,1.0,0.0,1.0,0.0,0.0,0.0,21666.447265625,21666.447265625,21666.447265625,21666.447265625,-1.274850106239319,0.0,0.0,0.0,26.057310163974762,2.714250707626343,7.3144703935831785,63.99545199936256,30.5,1.5,11.0,10.0,300.0,15.0,7.333333333333333,30.0
2.4166666666666665,x,gym_env,2.0201473236083984,-0.21825392544269562,0.06255056709051132,-1.273513913154602,-1.841711401939392,-0.08848011493682861,-1.6447992324829102,-0.028946956619620323,1.0759443044662476,1.0,0.0,1.0,0.0,0.0,0.0,21666.447265625,21666.447265625,21666.447265625,21666.447265625,-1.3051727771759034,0.0,0.0,0.0,25.912039026618004,2.764028617739678,7.3109989278018475,63.93170196469873,30.5,1.5,11.0,10.0,300.0,15.0,7.333333333333333,30.0
2.4375,x,gym_env,1.990255355834961,-0.25407183170318604,0.06297199428081512,-1.574587106704712,-1.6433236598968506,0.01548577006906271,-1.8747574090957642,-0.7527203559875488,1.3866026401519775,1.0,0.0,1.0,0.0,0.0,0.0,21666.447265625,21666.447265625,21666.447265625,21666.447265625,-1.3393663883209228,0.0,0.0,0.0,26.61661906540394,2.706725776195526,7.2451975010335445,63.482447892427444,30.5,1.5,11.0,10.0,300.0,15.0,7.333333333333333,30.0
2.458333333333333,x,gym_env,1.9529359340667725,-0.2863813042640686,0.06076442077755928,-1.932152271270752,-1.4864908456802368,-0.20392365753650665,-3.1115968227386475,-1.1041499376296997,2.568389654159546,1.0,0.0,1.0,0.0,0.0,0.0,21666.447265625,21666.447265625,21666.447265625,21666.447265625,-1.3507150650024413,0.0,0.0,0.0,25.9825569242239,2.778710781037808,7.308656454086304,63.77025605365634,30.5,1.5,11.0,10.0,300.0,15.0,7.333333333333333,30.0
2.4791666666666665,x,gym_env,1.9093043804168701,-0.31434983015060425,0.056149017065763474,-2.2070534229278564,-1.2069995403289795,-0.1772107183933258,2.317192792892456,-0.45493772625923157,-2.984570264816284,1.0,0.0,1.0,0.0,0.0,0.0,21666.447265625,21666.447265625,21666.447265625,21666.447265625,-1.332149910926819,0.0,0.0,0.0,25.71175753325224,2.743144452571869,7.4270628755912185,63.31462539732456,30.5,1.5,11.0,10.0,300.0,15.0,7.333333333333333,30.0
2.5,x,gym_env,1.8607224225997925,-0.3331376314163208,0.05688050016760826,-2.357137441635132,-0.5974938869476318,0.44523078203201294,2.165256977081299,0.424733430147171,-2.8999314308166504,1.0,0.0,1.0,0.0,0.0,0.0,9440.2998046875,9440.2998046875,9440.2998046875,9440.2998046875,-7.392492032051087,0.0,0.0,0.0,25.303004685789347,2.813962434232235,7.283393090590835,63.64815282821655,30.5,1.5,11.0,10.0,300.0,15.0,7.333333333333333,30.0
2.520833333333333,x,gym_env,1.8118752241134644,-0.344430148601532,0.0645110160112381,-2.3377153873443604,-0.5099577307701111,0.2702674865722656,2.173997640609741,1.2315729856491089,-2.7348220348358154,1.0,0.0,1.0,0.0,0.0,0.0,9440.2998046875,9440.2998046875,9440.2998046875,9440.2998046875,-1.2274492263793946,0.0,0.0,0.0,25.542833987623453,2.7607280105352405,7.356143355369568,63.83526648581028,30.5,1.5,11.0,10.0,300.0,15.0,7.333333333333333,30.0
2.5416666666666665,x,gym_env,1.7634146213531494,-0.35398295521736145,0.06739913672208786,-2.3201730251312256,-0.42356786131858826,0.05482691526412964,-1.3957750797271729,1.149827003479004,0.24513250589370728,1.0,0.0,1.0,0.0,0.0,0.0,21666.447265625,21666.447265625,21666.447265625,21666.447265625,-7.304848694801331,0.0,0.0,0.0,25.45329151302576,2.753952580690384,7.329103285446763,63.769493117928505,30.5,1.5,11.0,10.0,300.0,15.0,7.333333333333333,30.0
2.5625,x,gym_env,1.71452796459198,-0.357145220041275,0.06635493040084839,-2.386234998703003,0.025603000074625015,-0.11923148483037949,-1.604762315750122,0.45806172490119934,0.4140453636646271,1.0,0.0,1.0,0.0,0.0,0.0,21666.447265625,21666.447265625,21666.447265625,21666.447265625,-1.1783396005630493,0.0,0.0,0.0,25.342914270237088,2.8051205143332485,7.350304342806339,63.782603619620204,30.5,1.5,11.0,10.0,300.0,15.0,7.333333333333333,30.0
2.583333333333333,x,gym_env,1.6625136137008667,-0.3514678478240967,0.061038706451654434,-2.579129934310913,0.42983171343803406,-0.36316803097724915,-1.9525655508041382,-0.17937594652175903,0.5862024426460266,1.0,0.0,1.0,0.0,0.0,0.0,21666.447265625,21666.447265625,21666.447265625,21666.447265625,-1.1419662237167358,0.0,0.0,0.0,25.449426654726267,2.8210757553577426,7.297806348651648,63.22232412546873,30.5,1.5,11.0,10.0,300.0,15.0,7.333333333333333,30.0
2.6041666666666665,x,gym_env,1.6074405908584595,-0.3390139937400818,0.052358515560626984,-2.672628164291382,0.7147636413574219,-0.5272482633590698,-2.7626805305480957,-0.6977576017379761,1.0477547645568848,1.0,0.0,1.0,0.0,0.0,0.0,9440.2998046875,9440.2998046875,9440.2998046875,9440.2998046875,-7.132081532478333,0.0,0.0,0.0,25.341306019574404,2.8074363783001903,7.347962534055114,63.738600596785545,30.5,1.5,11.0,10.0,300.0,15.0,7.333333333333333,30.0
2.625,x,gym_env,1.5555769205093384,-0.3188036382198334,0.051342401653528214,-2.3171544075012207,1.216493010520935,0.4096927344799042,2.3843932151794434,-0.3789369463920593,1.8278108835220337,1.0,0.0,1.0,0.0,0.0,0.0,9440.2998046875,9440.2998046875,9440.2998046875,9440.2998046875,-0.9526447772979736,0.0,0.0,0.0,24.944654006976634,2.807039611786604,7.314573775976896,63.82366446219385,30.5,1.5,11.0,10.0,300.0,15.0,7.333333333333333,30.0
2.645833333333333,x,gym_env,1.5087807178497314,-0.2918337285518646,0.06018804386258125,-2.219320297241211,1.3081969022750854,0.3446543216705322,1.8100073337554932,0.2932579517364502,2.051003932952881,1.0,0.0,1.0,0.0,0.0,0.0,9440.2998046875,9440.2998046875,9440.2998046875,9440.2998046875,-0.8909388303756713,0.0,0.0,0.0,24.42323360964656,2.844502329826355,7.296432023867965,64.13777854666114,30.5,1.5,11.0,10.0,300.0,15.0,7.333333333333333,30.0
2.6666666666666665,x,gym_env,1.4635831117630005,-0.2641827166080475,0.06459145992994308,-2.1367785930633545,1.3425581455230713,0.12809407711029053,1.304863691329956,0.9614294767379761,2.1122989654541016,1.0,0.0,1.0,0.0,0.0,0.0,9440.2998046875,9440.2998046875,9440.2998046875,9440.2998046875,-0.8350252628326416,0.0,0.0,0.0,24.867507901974022,2.8279963523149494,7.586852432228625,63.8046500813216,30.5,1.5,11.0,10.0,300.0,15.0,7.333333333333333,30.0
2.6875,x,gym_env,1.4198884963989258,-0.2354988306760788,0.06485921144485474,-2.075683832168579,1.4034587144851685,-0.06345260888338089,-1.34149169921875,1.4490904808044434,-0.0884489044547081,1.0,0.0,1.0,0.0,0.0,0.0,9440.2998046875,9440.2998046875,9440.2998046875,9440.2998046875,-0.786457896232605,0.0,0.0,0.0,25.040287828538567,2.798086079396308,7.431388116441667,64.1452130433172,30.5,1.5,11.0,10.0,300.0,15.0,7.333333333333333,30.0
2.708333333333333,x,gym_env,1.3770438432693481,-0.20528429746627808,0.06098178029060364,-2.047070264816284,1.482067584991455,-0.272640198469162,-2.193161964416504,0.7391207814216614,-0.6087997555732727,1.0,0.0,1.0,0.0,0.0,0.0,9440.2998046875,9440.2998046875,9440.2998046875,9440.2998046875,-0.7397777557373046,0.0,0.0,0.0,24.507266279309988,2.8448591321706775,7.394691767171025,63.95744855841622,30.5,1.5,11.0,10.0,300.0,15.0,7.333333333333333,30.0
2.7291666666666665,x,gym_env,1.3346457481384277,-0.17352046072483063,0.052269816398620605,-2.0256600379943848,1.549910068511963,-0.5197069048881531,-2.375706195831299,-0.018717600032687187,-0.5526483654975891,1.0,0.0,1.0,0.0,0.0,0.0,9440.2998046875,9440.2998046875,9440.2998046875,9440.2998046875,-0.61088285446167,0.0,0.0,0.0,23.890227012336254,2.8898300290107732,7.215913841500878,63.84657622501254,30.5,1.5,11.0,10.0,300.0,15.0,7.333333333333333,30.0
2.75,x,gym_env,1.2981961965560913,-0.13787563145160675,0.05034708231687546,-1.563433289527893,1.8280915021896362,0.19299620389938354,-2.840301990509033,-0.7740628123283386,-0.18878073990345,1.0,0.0,1.0,0.0,0.0,0.0,9440.2998046875,9440.2998046875,9440.2998046875,9440.2998046875,-0.5056645393371582,0.0,0.0,0.0,24.09270542860031,2.8770577490329745,7.276093112304807,63.94484642520547,30.5,1.5,11.0,10.0,300.0,15.0,7.333333333333333,30.0
2.770833333333333,x,gym_env,1.2721425294876099,-0.09886287897825241,0.062822125852108,-1.1676100492477417,1.873984932899475,0.6031574010848999,2.2157750129699707,-1.0022315979003906,1.0158623456954956,1.0,0.0,1.0,0.0,0.0,0.0,19944.640625,19085.439453125,19944.640625,17367.0390625,-5.239120996952057,0.0,0.0,0.0,24.477312244474888,2.8307248860597616,7.447214228101075,64.01404199772514,30.5,1.5,11.0,10.0,300.0,15.0,7.333333333333333,30.0
2.7916666666666665,x,gym_env,1.2520760297775269,-0.05975968390703201,0.07150483131408691,-0.8223757147789001,1.885953664779663,0.3130137324333191,1.5077998638153076,-0.49968263506889343,1.8695577383041382,1.0,0.0,1.0,0.0,0.0,0.0,21666.447265625,21666.447265625,21666.447265625,21666.447265625,-1.6104097537994386,0.0,0.0,0.0,24.546262193471193,2.8288211554288867,7.3998523987829685,63.95711954776198,30.5,1.5,11.0,10.0,300.0,15.0,7.333333333333333,30.0
2.8125,x,gym_env,1.2403823137283325,-0.018841462209820747,0.07578986883163452,-0.3976188898086548,2.0411791801452637,0.14324060082435608,1.502921462059021,0.15097318589687347,2.288891077041626,1.0,0.0,1.0,0.0,0.0,0.0,21666.447265625,21666.447265625,21666.447265625,21666.447265625,-0.25222539305686953,0.0,0.0,0.0,24.253386169672012,2.8339806348085403,7.357715018093586,64.02181636937894,30.5,1.5,11.0,10.0,300.0,15.0,7.333333333333333,30.0
2.833333333333333,x,gym_env,1.2362711429595947,0.027478013187646866,0.07645170390605927,-0.0797712504863739,2.360172748565674,-0.0595279298722744,1.9533709287643433,0.6859448552131653,2.8230817317962646,1.0,0.0,1.0,0.0,0.0,0.0,19531.001953125,16953.40234375,17812.603515625,16953.40234375,-2.1786314445137975,0.0,0.0,0.0,24.53006187453866,2.821073989570141,7.313798271119595,63.98460513399914,30.5,1.5,11.0,10.0,300.0,15.0,7.333333333333333,30.0
2.8541666666666665,x,gym_env,1.236602544784546,0.07962898164987564,0.07143893837928772,0.07553268224000931,2.5929815769195557,-0.37822234630584717,2.927273988723755,0.846123218536377,-2.556668519973755,1.0,0.0,1.0,0.0,0.0,0.0,9440.2998046875,9440.2998046875,9440.2998046875,9440.2998046875,-4.449065083026886,0.0,0.0,0.0,24.493631850928068,2.814832969009877,7.421972495503724,63.93981489446014,30.5,1.5,11.0,10.0,300.0,15.0,7.333333333333333,30.0
2.875,x,gym_env,1.2387232780456543,0.13415327668190002,0.06031634286046028,0.12095218896865845,2.6290860176086426,-0.6393835544586182,-2.5138661861419678,0.5409043431282043,-1.8714804649353027,1.0,0.0,1.0,0.0,0.0,0.0,9440.2998046875,9440.2998046875,9440.2998046875,9440.2998046875,-0.3137067139148712,0.0,0.0,0.0,24.629765424877405,2.839079061150551,7.372474839910865,64.28483921289444,30.5,1.5,11.0,10.0,300.0,15.0,7.333333333333333,30.0
2.895833333333333,x,gym_env,1.2437294721603394,0.18691909313201904,0.05359186977148056,0.3498862087726593,2.45759916305542,-0.027170758694410324,-2.313859224319458,-0.12149628251791,-1.5645815134048462,1.0,0.0,1.0,0.0,0.0,0.0,11538.8232421875,10679.623046875,11538.8232421875,9440.2998046875,-1.0537155427932738,0.0,0.0,0.0,24.291499987244606,2.8163541287183764,7.469390318728983,64.21084271371365,30.5,1.5,11.0,10.0,300.0,15.0,7.333333333333333,30.0
2.9166666666666665,x,gym_env,1.2541862726211548,0.2372388392686844,0.055636052042245865,0.5999150276184082,2.378584384918213,0.187674880027771,-2.681043863296509,-0.8594275712966919,-1.1021931171417236,1.0,0.0,1.0,0.0,0.0,0.0,20171.533203125,19312.33203125,21666.447265625,19312.33203125,-5.121426780700684,0.0,0.0,0.0,24.364427115768194,2.852581906318665,7.354788510128856,64.15686276182532,30.5,1.5,11.0,10.0,300.0,15.0,7.333333333333333,30.0
2.9375,x,gym_env,1.2713404893875122,0.28365084528923035,0.06113285943865776,0.9597600698471069,2.10835337638855,0.3205166161060333,2.3668878078460693,-0.961935818195343,0.2760026454925537,1.0,0.0,1.0,0.0,0.0,0.0,21666.447265625,21666.447265625,21666.447265625,21666.447265625,-1.3334371662139892,0.0,0.0,0.0,24.136643558740616,2.8577119410037994,7.257632646709681,64.38048319518566,30.5,1.5,11.0,10.0,300.0,15.0,7.333333333333333,30.0
2.958333333333333,x,gym_env,1.295662760734558,0.3246101438999176,0.06295426934957504,1.3119066953659058,1.8745207786560059,-0.059719864279031754,1.91767418384552,-0.37220194935798645,0.9900109171867371,1.0,0.0,1.0,0.0,0.0,0.0,21666.447265625,21666.447265625,21666.447265625,21666.447265625,-0.6559603929519653,0.0,0.0,0.0,24.375467870384455,2.8049467805773025,7.3416127897799015,64.35209891945124,30.5,1.5,11.0,10.0,300.0,15.0,7.333333333333333,30.0
2.9791666666666665,x,gym_env,1.3270115852355957,0.36127394437789917,0.0593043714761734,1.6447440385818481,1.7082041501998901,-0.21799209713935852,2.110506534576416,0.2933429777622223,1.4014400243759155,1.0,0.0,1.0,0.0,0.0,0.0,21666.447265625,21666.447265625,21666.447265625,21666.447265625,-0.7621276378631592,0.0,0.0,0.0,24.22362706810236,2.8112416684627535,7.287787800654769,64.8116754218936,30.5,1.5,11.0,10.0,300.0,15.0,7.333333333333333,30.0
3.0,x,gym_env,1.3659554719924927,0.3950772285461426,0.05115079879760742,1.9808608293533325,1.5709162950515747,-0.5392603874206543,2.8433754444122314,0.7271292805671692,2.0767385959625244,1.0,0.0,1.0,-0.6000000238418579,0.0,0.0,9440.2998046875,9440.2998046875,9440.2998046875,9440.2998046875,-7.428487782478333,0.0,0.0,0.0,24.367173433303833,2.8792641818523412,7.4724342711269855,66.06306499242783,30.5,1.5,11.0,10.0,300.0,15.0,7.333333333333333,30.0
3.020833333333333,x,gym_env,1.4097673892974854,0.42329341173171997,0.046772487461566925,2.195415735244751,1.128838062286377,0.1295238584280014,-2.5242228507995605,0.3541463315486908,2.8583807945251465,0.987500011920929,0.0,1.0,-0.6000000238418579,0.0,0.0,9440.2998046875,9440.2998046875,9440.2998046875,9440.2998046875,-1.3903415358066558,0.0,0.0,0.0,24.103389836847782,2.9463127851486206,7.4443266205489635,66.33692035079002,30.5,1.5,11.0,10.0,300.0,15.0,7.333333333333333,30.0
3.0416666666666665,x,gym_env,1.4556647539138794,0.44182971119880676,0.054716259241104126,2.1918833255767822,0.7779189944267273,0.4492982029914856,-2.2407615184783936,-0.33628323674201965,3.1336653232574463,0.9750000238418579,0.0,1.0,-0.6000000238418579,0.0,0.0,9440.2998046875,9440.2998046875,9440.2998046875,9440.2998046875,-1.4448028945922853,0.0,0.0,0.0,24.109379783272743,2.8435780912637716,7.235788451507688,66.40662509202957,30.5,1.5,11.0,10.0,300.0,15.0,7.333333333333333,30.0
3.0625,x,gym_env,1.5003525018692017,0.455586314201355,0.0643480122089386,2.1208736896514893,0.6061809062957764,0.4197264015674591,-2.012817859649658,-0.9984982013702393,-2.953218698501587,0.9624999761581421,0.0,1.0,-0.6000000238418579,0.0,0.0,17519.59765625,20097.197265625,17519.59765625,18378.796875,-5.974191305160523,0.0,0.0,0.0,24.178302727639675,2.8760591745376587,7.3856340534985065,65.91749277710915,30.5,1.5,11.0,10.0,300.0,15.0,7.333333333333333,30.0
3.083333333333333,x,gym_env,1.5438145399093628,0.4642413258552551,0.06963326036930084,2.0758352279663086,0.2844967246055603,0.1557384878396988,2.1420679092407227,-1.5092099905014038,-0.40420737862586975,0.949999988079071,0.0,1.0,-0.6000000238418579,0.0,0.0,9440.2998046875,9440.2998046875,9440.2998046875,9440.2998046875,-6.051224828481675,0.0,0.0,0.0,24.28899736702442,2.8403308361768724,7.510701363906264,66.44487842917442,30.5,1.5,11.0,10.0,300.0,15.0,7.333333333333333,30.0
3.1041666666666665,x,gym_env,1.5872009992599487,0.4690999984741211,0.07027518004179001,2.091481924057007,0.20020157098770142,-0.05289166793227196,1.8715732097625732,-0.9352312684059143,0.28883978724479675,0.9375,0.0,1.0,-0.6000000238418579,0.0,0.0,9440.2998046875,9440.2998046875,9440.2998046875,9440.2998046875,-1.6666549825668335,0.0,0.0,0.0,24.618261862546206,2.8200318157672886,7.462910495698452,66.15250357985497,30.5,1.5,11.0,10.0,300.0,15.0,7.333333333333333,30.0
3.125,x,gym_env,1.6312520503997803,0.4723581075668335,0.06640645116567612,2.131347417831421,0.12934616208076477,-0.27783170342445374,2.1541435718536377,-0.3579337000846863,0.4390440583229065,0.925000011920929,0.0,1.0,-0.6000000238418579,0.0,0.0,9440.2998046875,9440.2998046875,9440.2998046875,9440.2998046875,-1.7513408863544466,0.0,0.0,0.0,24.2144555747509,2.860362553596497,7.464241676032543,66.27810829877853,30.5,1.5,11.0,10.0,300.0,15.0,7.333333333333333,30.0
3.145833333333333,x,gym_env,1.67613685131073,0.4743224084377289,0.05749792233109474,2.167367935180664,0.0721755176782608,-0.5308669805526733,2.4503681659698486,0.21768690645694733,0.6320429444313049,0.9125000238418579,0.0,1.0,-0.6000000238418579,0.0,0.0,9440.2998046875,9440.2998046875,9440.2998046875,9440.2998046875,-1.802421245574951,0.0,0.0,0.0,24.238295704126358,2.837193256616593,7.560576934367418,66.6911250948906,30.5,1.5,11.0,10.0,300.0,15.0,7.333333333333333,30.0
3.1666666666666665,x,gym_env,1.7207399606704712,0.4726816415786743,0.04823349788784981,2.0846760272979736,-0.3025738298892975,-0.13291271030902863,2.9809982776641846,0.6600788235664368,1.0931382179260254,0.8999999761581421,0.0,1.0,-0.6000000238418579,0.0,0.0,9440.2998046875,9440.2998046875,9440.2998046875,9440.2998046875,-1.8381342124938964,0.0,0.0,0.0,24.373520750552416,2.8135752543807033,7.612774687353522,66.25021609663963,30.5,1.5,11.0,10.0,300.0,15.0,7.333333333333333,30.0
3.1875,x,gym_env,1.7628039121627808,0.4625591039657593,0.04882871359586716,1.9588896036148071,-0.6082631945610046,0.14842882752418518,-2.51112961769104,0.476212739944458,1.7894457578659058,0.887499988079071,0.0,1.0,-0.6000000238418579,0.0,0.0,21666.447265625,21666.447265625,21666.447265625,21666.447265625,-7.870962699651718,0.0,0.0,0.0,24.025995552539825,2.8644764780998235,7.598859389778227,66.571462392807,30.5,1.5,11.0,10.0,300.0,15.0,7.333333333333333,30.0
3.208333333333333,x,gym_env,1.7972348928451538,0.4434545040130615,0.05547419562935829,1.454405665397644,-1.0668220520019531,0.33937570452690125,-2.1616690158843994,0.002734689274802804,2.128634214401245,0.875,0.0,1.0,-0.6000000238418579,0.0,0.0,21666.447265625,21666.447265625,21666.447265625,21666.447265625,-1.7013542413711549,0.0,0.0,0.0,24.644279573112726,2.7827232107520103,7.601112142205238,66.02468711137772,30.5,1.5,11.0,10.0,300.0,15.0,7.333333333333333,30.0
3.2291666666666665,x,gym_env,1.8226280212402344,0.4188055992126465,0.060509972274303436,1.0765635967254639,-1.259687066078186,0.11965443193912506,-2.052170991897583,-0.49565011262893677,2.4087650775909424,0.862500011920929,0.0,1.0,-0.6000000238418579,0.0,0.0,21666.447265625,21666.447265625,21666.447265625,21666.447265625,-1.6478100168704986,0.0,0.0,0.0,24.66148828342557,2.779560452699662,7.68915026425384,66.04245808720589,30.5,1.5,11.0,10.0,300.0,15.0,7.333333333333333,30.0
3.25,x,gym_env,1.84083092212677,0.3900515139102936,0.06053045764565468,0.7427850365638733,-1.4742964506149292,-0.06500882655382156,-2.366642951965332,-0.9192668795585632,2.9550275802612305,0.8499999642372131,0.0,1.0,-0.6000000238418579,0.0,0.0,21666.447265625,21666.447265625,21666.447265625,21666.447265625,-1.5895569133758545,0.0,0.0,0.0,24.63632570579648,2.8204017072916034,7.692920675501227,66.09796753525734,30.5,1.5,11.0,10.0,300.0,15.0,7.333333333333333,30.0
3.270833333333333,x,gym_env,1.8520399332046509,0.3559359908103943,0.05691487714648247,0.424660861492157,-1.739856243133545,-0.2556479275226593,3.0612196922302246,-0.9292792081832886,-2.328218698501587,0.8374999761581421,0.0,1.0,-0.6000000238418579,0.0,0.0,21666.447265625,21666.447265625,21666.447265625,21666.447265625,-1.5391296172142028,0.0,0.0,0.0,24.86895019095391,2.8340241551399235,7.761290255584754,66.07177931070328,30.5,1.5,11.0,10.0,300.0,15.0,7.333333333333333,30.0
3.2916666666666665,x,gym_env,1.8574702739715576,0.3169785141944885,0.046765439212322235,0.16131506860256195,-1.9378429651260376,-0.6376450061798096,2.642490863800049,-0.4305223524570465,-1.8064873218536377,0.824999988079071,0.0,1.0,-0.6000000238418579,0.0,0.0,21666.447265625,21666.447265625,21666.447265625,21666.447265625,-1.3872595643997192,0.0,0.0,0.0,24.99940126761794,2.7791624397039416,7.744878309444175,65.60135205090046,30.5,1.5,11.0,10.0,300.0,15.0,7.333333333333333,30.0
3.3125,x,gym_env,1.8540692329406738,0.2756010890007019,0.034433357417583466,-0.42332279682159424,-1.9601647853851318,-0.4832606911659241,2.814314603805542,0.2983211278915405,-1.5601756572723389,0.8125,0.0,1.0,-0.6000000238418579,0.0,0.0,21666.447265625,21666.447265625,21666.447265625,21666.447265625,-1.3752592873573304,0.0,0.0,0.0,24.9632996970322,2.78334229439497,7.831036971881986,65.95438009500504,30.5,1.5,11.0,10.0,300.0,15.0,7.333333333333333,30.0
3.333333333333333,x,gym_env,1.8399899005889893,0.24155987799167633,0.029876530170440674,-0.7411515116691589,-1.373464584350586,-0.0677821934223175,-2.7683286666870117,0.1913919597864151,-1.190032720565796,0.800000011920929,0.0,1.0,-0.6000000238418579,0.0,0.0,9440.2998046875,9440.2998046875,9440.2998046875,9440.2998046875,-7.45673488855362,0.0,0.0,0.0,24.979242274654098,2.793011119961739,7.8316206492017955,65.84582495689392,30.5,1.5,11.0,10.0,300.0,15.0,7.333333333333333,30.0
3.3541666666666665,x,gym_env,1.8256171941757202,0.21625138819217682,0.031202396377921104,-0.6369960904121399,-1.144580602645874,0.10372030735015869,-2.805443286895752,-0.26978248357772827,-1.2622233629226685,0.7874999642372131,0.0,1.0,-0.6000000238418579,0.0,0.0,9440.2998046875,9440.2998046875,9440.2998046875,9440.2998046875,-1.3434859824180603,0.0,0.0,0.0,25.111821047961712,2.778157858550549,7.727467588731088,65.60236217081547,30.5,1.5,11.0,10.0,300.0,15.0,7.333333333333333,30.0
3.375,x,gym_env,1.8133147954940796,0.1930890679359436,0.03181451931595802,-0.5645472407341003,-1.0920153856277466,-0.019576122984290123,-3.092940330505371,-0.42057499289512634,-1.3754723072052002,0.7749999761581421,0.0,1.0,-0.6000000238418579,0.0,0.0,9440.2998046875,9440.2998046875,9440.2998046875,9440.2998046875,-1.3502348613739015,0.0,0.0,0.0,24.88129365257919,2.8313633501529694,7.8204334899783134,65.6599483937025,30.5,1.5,11.0,10.0,300.0,15.0,7.333333333333333,30.0
3.395833333333333,x,gym_env,1.8018547296524048,0.1705331802368164,0.029096942394971848,-0.5452725887298584,-1.0769541263580322,-0.20561018586158752,2.908881425857544,-0.28596171736717224,-1.5294079780578613,0.762499988079071,0.0,1.0,-0.6000000238418579,0.0,0.0,21666.447265625,21666.447265625,21666.447265625,21666.447265625,-7.449748859405518,0.0,0.0,0.0,25.12797021586448,2.8567090749740602,7.805017426609993,66.10788306593895,30.5,1.5,11.0,10.0,300.0,15.0,7.333333333333333,30.0
3.4166666666666665,x,gym_env,1.789876937866211,0.1481696516275406,0.020135900005698204,-0.5961244106292725,-1.0276024341583252,-0.538059651851654,2.952324867248535,0.15879139304161072,-1.7063751220703125,0.75,0.0,1.0,-0.6000000238418579,0.0,0.0,21666.447265625,21666.447265625,20583.73828125,21666.447265625,-1.5111189157962799,0.0,0.0,0.0,24.952569631394,2.8053277738392355,7.868767370004207,65.62845495343208,30.5,1.5,11.0,10.0,300.0,15.0,7.333333333333333,30.0
3.4375,x,gym_env,1.7775580883026123,0.13372966647148132,0.014226241037249565,-0.4573043882846832,-0.5245253443717957,-0.1310013383626938,-2.9424548149108887,-0.09096908569335938,-1.7333717346191406,0.737500011920929,0.0,1.0,-0.6000000238418579,0.0,0.0,9440.2998046875,9440.2998046875,9440.2998046875,9440.2998046875,-7.386562441825867,0.0,0.0,0.0,24.92844619927928,2.8203976735472684,7.897554770577699,66.15559881925583,30.5,1.5,11.0,10.0,300.0,15.0,7.333333333333333,30.0
3.458333333333333,x,gym_env,1.7696202993392944,0.12478770315647125,0.013467825017869473,-0.3604614734649658,-0.3691585659980774,-0.011400538496673107,2.9582760334014893,-0.1075294017791748,-1.9559024572372437,0.7249999642372131,0.0,1.0,-0.6000000238418579,0.0,0.0,21666.447265625,21666.447265625,21666.447265625,21666.447265625,-7.529063200950623,0.0,0.0,0.0,25.25199093297124,2.800077458098531,7.955859673209488,65.98365876078606,30.5,1.5,11.0,10.0,300.0,15.0,7.333333333333333,30.0
3.4791666666666665,x,gym_env,1.7623672485351562,0.12009261548519135,0.012162103317677975,-0.35924315452575684,-0.06705175340175629,-0.05136427283287048,-3.0708231925964355,0.20563288033008575,-2.049685001373291,0.7124999761581421,0.0,1.0,-0.6000000238418579,0.0,0.0,9440.2998046875,9440.2998046875,9440.2998046875,9440.2998046875,-7.608493087291718,0.0,0.0,0.0,24.856966548599303,2.835648956894875,7.75051186606288,66.27561554312706,30.5,1.5,11.0,10.0,300.0,15.0,7.333333333333333,30.0
3.5,x,gym_env,1.7580879926681519,0.12028975039720535,0.014777381904423237,-0.11373240500688553,-0.00568482605740428,0.19367724657058716,-2.9462666511535645,-0.1473589390516281,-2.1782450675964355,0.699999988079071,0.0,1.0,-0.6000000238418579,0.0,0.0,9440.2998046875,9440.2998046875,9440.2998046875,9440.2998046875,-1.519311819076538,0.0,0.0,0.0,24.795422865077853,2.8598105907440186,7.881207385566086,66.41553509235382,30.5,1.5,11.0,10.0,300.0,15.0,7.333333333333333,30.0
3.520833333333333,x,gym_env,1.756189227104187,0.11998150497674942,0.017960108816623688,-0.0776224136352539,0.006242436822503805,0.11843248456716537,3.0424582958221436,-0.24714788794517517,-2.308746099472046,0.6875,0.0,1.0,-0.6000000238418579,0.0,0.0,21666.447265625,21666.447265625,21666.447265625,21666.447265625,-7.601702156066895,0.0,0.0,0.0,24.876058790832758,2.892700904607773,7.9143738793209195,66.20276716351509,30.5,1.5,11.0,10.0,300.0,15.0,7.333333333333333,30.0
3.5416666666666665,x,gym_env,1.7528213262557983,0.12011449038982391,0.015839427709579468,-0.22960464656352997,0.05226561427116394,-0.21386082470417023,2.9473276138305664,0.07236195355653763,-2.4474270343780518,0.675000011920929,0.0,1.0,-0.6000000238418579,0.0,0.0,9440.2998046875,9440.2998046875,9440.2998046875,9440.2998046875,-7.65568975687027,0.0,0.0,0.0,24.9489698917605,2.8474768012762075,7.91157243354246,66.12353053689003,30.5,1.5,11.0,10.0,300.0,15.0,7.333333333333333,30.0
3.5625,x,gym_env,1.7492876052856445,0.12387474626302719,0.014203283004462719,-0.07842116057872772,0.22862960398197174,0.016231602057814598,-2.9486629962921143,0.09414640814065933,-2.4961884021759033,0.6624999642372131,0.0,1.0,-0.6000000238418579,0.0,0.0,9440.2998046875,9440.2998046875,9440.2998046875,9440.2998046875,-1.591533091068268,0.0,0.0,0.0,25.018427241710015,2.8282345026731495,7.794851437443867,66.12070170044899,30.5,1.5,11.0,10.0,300.0,15.0,7.333333333333333,30.0
3.583333333333333,x,gym_env,1.74978506565094,0.12669424712657928,0.01683920994400978,0.035937629640102386,0.05780261382460594,0.15903086960315704,-3.0533065795898438,-0.22084929049015045,-2.6025328636169434,0.6499999761581421,0.0,1.0,-0.6000000238418579,0.0,0.0,21666.447265625,21666.447265625,21666.447265625,21666.447265625,-7.657731533050537,0.0,0.0,0.0,25.180671809241176,2.846087926626206,7.84032472409308,65.55961920320988,30.5,1.5,11.0,10.0,300.0,15.0,7.333333333333333,30.0
3.6041666666666665,x,gym_env,1.7481772899627686,0.1261136680841446,0.01600027084350586,-0.18204541504383087,-0.03351666405797005,-0.14933821558952332,2.954204559326172,-0.09462131559848785,-2.6918938159942627,0.637499988079071,0.0,1.0,-0.6000000238418579,0.0,0.0,21666.447265625,21666.447265625,21666.447265625,21666.447265625,-1.5698816442489625,0.0,0.0,0.0,24.907652772963047,2.7919972836971283,7.87588609661907,65.96427142620087,30.5,1.5,11.0,10.0,300.0,15.0,7.333333333333333,30.0
3.625,x,gym_env,1.7437156438827515,0.12883266806602478,0.011362512595951557,-0.1292814165353775,0.2418975979089737,-0.21325302124023438,-3.051731586456299,0.1330312192440033,-2.7544984817504883,0.625,0.0,1.0,-0.6000000238418579,0.0,0.0,9440.2998046875,9440.2998046875,9440.2998046875,9440.2998046875,-7.731700239181519,0.0,0.0,0.0,25.093445360660553,2.7848652660846716,7.885039848741144,66.03754308819771,30.5,1.5,11.0,10.0,300.0,15.0,7.333333333333333,30.0
3.645833333333333,x,gym_env,1.7436381578445435,0.13167575001716614,0.011512909084558487,-0.012868212535977364,0.031354330480098724,0.1239873543381691,-3.1304497718811035,-0.18820218741893768,-2.850999355316162,0.612500011920929,0.0,1.0,-0.6000000238418579,0.0,0.0,21666.447265625,21666.447265625,21666.447265625,21666.447265625,-7.706824169158936,0.0,0.0,0.0,25.425388354808092,2.8016854068264365,7.885163062717766,65.99636974930763,30.5,1.5,11.0,10.0,300.0,15.0,7.333333333333333,30.0
3.6666666666666665,x,gym_env,1.741297721862793,0.13252361118793488,0.010990038514137268,-0.1488809734582901,0.11060329526662827,-0.12144047021865845,3.0024502277374268,0.08325956761837006,-2.9591147899627686,0.5999999642372131,0.0,1.0,-0.6000000238418579,0.0,0.0,9440.2998046875,9440.2998046875,9440.2998046875,9440.2998046875,-7.782941319942474,0.0,0.0,0.0,24.922123863361776,2.795152265951038,7.9608846716582775,66.05697840452194,30.5,1.5,11.0,10.0,300.0,15.0,7.333333333333333,30.0
3.6875,x,gym_env,1.740753173828125,0.1362866312265396,0.01147015392780304,0.06745834648609161,0.1505088061094284,0.11851717531681061,-2.9624314308166504,0.045909058302640915,-3.0085294246673584,0.5874999761581421,0.0,1.0,-0.6000000238418579,0.0,0.0,9440.2998046875,9440.2998046875,9440.2998046875,9440.2998046875,-1.6787051558494568,0.0,0.0,0.0,24.909814382903278,2.8128703668713575,7.879413546528667,66.29246047139168,30.5,1.5,11.0,10.0,300.0,15.0,7.333333333333333,30.0
3.708333333333333,x,gym_env,1.7422175407409668,0.1373445987701416,0.01442647259682417,0.03418685495853424,-0.0015227246331050992,0.15265148878097534,-3.10958194732666,-0.2025253027677536,-3.091928482055664,0.574999988079071,0.0,1.0,-0.6000000238418579,0.0,0.0,21666.447265625,21666.447265625,21666.447265625,21666.447265625,-7.750379090309144,0.0,0.0,0.0,25.423760291188955,2.8388738483190536,7.939212995581329,66.44492870569229,30.5,1.5,11.0,10.0,300.0,15.0,7.333333333333333,30.0
3.7291666666666665,x,gym_env,1.7402375936508179,0.13769687712192535,0.013356931507587433,-0.1625129133462906,0.08652465790510178,-0.1657724678516388,2.9830923080444336,-0.007688594050705433,3.1123650074005127,0.5625,0.0,1.0,-0.6000000238418579,0.0,0.0,9440.2998046875,9440.2998046875,9440.2998046875,9440.2998046875,-7.814355731010437,0.0,0.0,0.0,25.20828996412456,2.8192244067788126,8.054365335963666,66.38568252325058,30.5,1.5,11.0,10.0,300.0,15.0,7.333333333333333,30.0
3.75,x,gym_env,1.7386209964752197,0.1411820352077484,0.011808056384325027,0.0154453469440341,0.17646238207817078,0.0023205680772662163,-3.0141541957855225,0.09666779637336731,3.0650651454925537,0.5499999523162842,0.0,1.0,-0.6000000238418579,0.0,0.0,9440.2998046875,9440.2998046875,9440.2998046875,9440.2998046875,-1.715549108982086,0.0,0.0,0.0,24.9587840589229,2.7500141203403476,7.938461820594966,66.0556455552578,30.5,1.5,11.0,10.0,300.0,15.0,7.333333333333333,30.0
3.770833333333333,x,gym_env,1.7394133806228638,0.1423932909965515,0.013419014401733875,0.00468445522710681,0.002200959250330925,0.0964692085981369,-3.0970242023468018,-0.16828161478042603,2.9795358180999756,0.5374999642372131,0.0,1.0,-0.6000000238418579,0.0,0.0,21666.447265625,21666.447265625,21666.447265625,21666.447265625,-7.795333354473114,0.0,0.0,0.0,25.083545172587037,2.7975004779174926,7.8802529172971845,66.27338209748268,30.5,1.5,11.0,10.0,300.0,15.0,7.333333333333333,30.0
3.7916666666666665,x,gym_env,1.7370269298553467,0.14323703944683075,0.011548198759555817,-0.16116254031658173,0.1213223859667778,-0.19816792011260986,2.9901723861694336,0.029699109494686127,2.9026365280151367,0.5249999761581421,0.0,1.0,-0.6000000238418579,0.0,0.0,9440.2998046875,9440.2998046875,9440.2998046875,9440.2998046875,-7.869522635936738,0.0,0.0,0.0,25.153293458744884,2.798983651120216,7.979691016487777,66.5633150935173,30.5,1.5,11.0,10.0,300.0,15.0,7.333333333333333,30.0
3.8125,x,gym_env,1.736336350440979,0.14695744216442108,0.010599077679216862,0.0489700511097908,0.1364985555410385,0.04389341175556183,-2.9924986362457275,0.04459633678197861,2.85754656791687,0.512499988079071,0.0,1.0,-0.6000000238418579,0.0,0.0,9440.2998046875,9440.2998046875,9440.2998046875,9440.2998046875,-1.7499659585952758,0.0,0.0,0.0,25.030188066419214,2.796596400812269,7.961489710956812,66.07625558972359,30.5,1.5,11.0,10.0,300.0,15.0,7.333333333333333,30.0
3.833333333333333,x,gym_env,1.7366777658462524,0.14768151938915253,0.012763339094817638,-0.03380444273352623,0.013484632596373558,0.11100137233734131,3.1255717277526855,-0.15748585760593414,2.7702269554138184,0.4999999701976776,0.0,1.0,-0.6000000238418579,0.0,0.0,21666.447265625,21666.447265625,21666.447265625,21666.447265625,-7.872454810142518,0.0,0.0,0.0,25.104359574615955,2.8376905024051666,8.080332173034549,66.62514436244965,30.5,1.5,11.0,10.0,300.0,15.0,7.333333333333333,30.0
3.8541666666666665,x,gym_env,1.7351415157318115,0.1496836096048355,0.01087616290897131,-0.051081784069538116,0.18885056674480438,-0.18108442425727844,3.0397965908050537,0.08414405584335327,2.695172071456909,0.48749998211860657,0.0,1.0,-0.6000000238418579,0.0,0.0,9440.2998046875,9440.2998046875,9440.2998046875,9440.2998046875,-7.930243952274322,0.0,0.0,0.0,24.99828563630581,2.814302232861519,7.936333348043263,66.2182959318161,30.5,1.5,11.0,10.0,300.0,15.0,7.333333333333333,30.0
3.875,x,gym_env,1.7365491390228271,0.15253503620624542,0.009999974630773067,0.09073670953512192,0.04586208239197731,0.047731585800647736,-3.0261082649230957,-0.059288471937179565,2.6488382816314697,0.47499996423721313,0.0,1.0,-0.6000000238418579,0.0,0.0,20828.48046875,19969.279296875,21666.447265625,19969.279296875,-7.363323897838593,0.0,0.0,0.0,25.179911417886615,2.791279955208302,7.984494073316455,66.28579664230347,30.5,1.5,11.0,10.0,300.0,15.0,7.333333333333333,30.0
3.895833333333333,x,gym_env,1.7358239889144897,0.1530667245388031,0.008725573308765888,-0.09922640770673752,0.0871710404753685,-0.13644149899482727,3.023561477661133,-0.01586432382464409,2.5804283618927,0.4624999761581421,0.0,1.0,-0.6000000238418579,0.0,0.0,9440.2998046875,9440.2998046875,9440.2998046875,9440.2998046875,-7.43212598991394,0.0,0.0,0.0,25.427118208259344,2.79733587410301,7.998198362067342,66.71448010206223,30.5,1.5,11.0,10.0,300.0,15.0,7.333333333333333,30.0
3.9166666666666665,x,gym_env,1.7361129522323608,0.15586556494235992,0.008611701428890228,0.08711780607700348,0.0851893275976181,0.0824105367064476,-3.024268865585327,0.0739041119813919,2.5335497856140137,0.44999998807907104,0.0,1.0,-0.6000000238418579,0.0,0.0,9440.2998046875,9440.2998046875,9440.2998046875,9440.2998046875,-1.8402388048171998,0.0,0.0,0.0,25.471340112388134,2.838057887554169,8.023485664278269,66.48365768790245,30.5,1.5,11.0,10.0,300.0,15.0,7.333333333333333,30.0
3.9375,x,gym_env,1.7370853424072266,0.15592952072620392,0.010919571854174137,-0.003471711417660117,-0.02038237266242504,0.10501480102539062,-3.120455503463745,-0.1536446511745453,2.4616401195526123,0.4374999701976776,0.0,1.0,-0.6000000238418579,0.0,0.0,21666.447265625,21666.447265625,21666.447265625,21666.447265625,-7.955381817817688,0.0,0.0,0.0,25.333435276523232,2.797112972848118,8.036085603758693,67.10393515229225,30.5,1.5,11.0,10.0,300.0,15.0,7.333333333333333,30.0
3.958333333333333,x,gym_env,1.7355729341506958,0.1576595902442932,0.009525160305202007,-0.047095492482185364,0.17676787078380585,-0.15607687830924988,3.0334746837615967,0.05578875541687012,2.396603584289551,0.42499998211860657,0.0,1.0,-0.6000000238418579,0.0,0.0,9440.2998046875,9440.2998046875,9440.2998046875,9440.2998046875,-8.007700662612915,0.0,0.0,0.0,25.12700903136283,2.808603421598673,8.048588341102004,66.39424788951874,30.5,1.5,11.0,10.0,300.0,15.0,7.333333333333333,30.0
3.9791666666666665,x,gym_env,1.736807942390442,0.1600998193025589,0.008890730328857899,0.07598761469125748,0.028191586956381798,0.05631793662905693,-3.0283761024475098,-0.03040732815861702,2.3486387729644775,0.41249996423721313,0.0,1.0,-0.6000000238418579,0.0,0.0,21666.447265625,21047.966796875,21666.447265625,21047.966796875,-7.821104281902313,0.0,0.0,0.0,25.324847476556897,2.8179923310875896,7.932230107486248,66.16912299394608,30.5,1.5,11.0,10.0,300.0,15.0,7.333333333333333,30.0
4.0,x,gym_env,1.7358365058898926,0.16079986095428467,0.007474943064153194,-0.09173901379108429,0.11412119120359421,-0.1393444836139679,3.029968023300171,-0.007453517988324165,2.2814619541168213,0.3999999761581421,0.0,1.0,-0.6000000238418579,0.0,0.0,9440.2998046875,9440.2998046875,9440.2998046875,9440.2998046875,-7.887568715572358,0.0,0.0,0.0,25.074255825951695,2.813556960225106,8.030229223892093,66.32391166687012,30.5,1.5,11.0,10.0,300.0,15.0,7.333333333333333,30.0
4.020833333333333,x,gym_env,1.7366703748703003,0.16317933797836304,0.007654586806893349,0.08372704684734344,0.041183311492204666,0.08463103324174881,-3.016822099685669,0.03452866151928902,2.2372019290924072,0.38749998807907104,0.0,1.0,-0.6000000238418579,0.0,0.0,11284.671875,10425.4716796875,13003.072265625,10425.4716796875,-2.8279433264732363,0.0,0.0,0.0,25.103636217303574,2.770137456059456,8.095110027119517,67.03051829338074,30.5,1.5,11.0,10.0,300.0,15.0,7.333333333333333,30.0
4.041666666666666,x,gym_env,1.7366774082183838,0.16293542087078094,0.00969737395644188,-0.05776175484061241,0.0033165111672133207,0.08691577613353729,3.102299928665161,-0.1377861052751541,2.1717898845672607,0.3749999701976776,0.0,1.0,-0.6000000238418579,0.0,0.0,9440.2998046875,9440.2998046875,9440.2998046875,9440.2998046875,-2.8595727505683897,0.0,0.0,0.0,25.671250466257334,2.7491772651672366,8.1141677480191,66.02758103609085,30.5,1.5,11.0,10.0,300.0,15.0,7.333333333333333,30.0
4.0625,x,gym_env,1.735784649848938,0.16456830501556396,0.011443020775914192,0.0013095432659611106,0.11366613209247589,0.08276580274105072,3.0106847286224365,0.07791059464216232,2.1092236042022705,0.36249998211860657,0.0,1.0,-0.6000000238418579,0.0,0.0,9440.2998046875,9440.2998046875,9440.2998046875,9440.2998046875,-1.9816646099090576,0.0,0.0,0.0,25.299720181152225,2.821894730627537,8.086195632815361,66.61632531881332,30.5,1.5,11.0,10.0,300.0,15.0,7.333333333333333,30.0
4.083333333333333,x,gym_env,1.7372500896453857,0.1662074625492096,0.012793177738785744,0.09460510313510895,0.03018144518136978,0.05403325706720352,-3.032992362976074,0.112184077501297,2.077453136444092,0.34999996423721313,0.0,1.0,-0.6000000238418579,0.0,0.0,9440.2998046875,9440.2998046875,9440.2998046875,9440.2998046875,-1.9732162594795226,0.0,0.0,0.0,25.23265041410923,2.748651134967804,8.10400814935565,66.33481603860855,30.5,1.5,11.0,10.0,300.0,15.0,7.333333333333333,30.0
4.104166666666666,x,gym_env,1.7383450269699097,0.16553282737731934,0.013508687727153301,0.001313402084633708,-0.04860060289502144,0.021374724805355072,-3.0508315563201904,-0.12047518044710159,2.0127553939819336,0.3374999761581421,0.0,1.0,-0.6000000238418579,0.0,0.0,21666.447265625,21666.447265625,21666.447265625,21666.447265625,-8.088518877029419,0.0,0.0,0.0,25.301364881917834,2.7708361536264423,8.3723777346313,66.63508492708206,30.5,1.5,11.0,10.0,300.0,15.0,7.333333333333333,30.0
4.125,x,gym_env,1.7369720935821533,0.16656208038330078,0.010169949382543564,-0.04238788038492203,0.1387351006269455,-0.2536981999874115,3.0399258136749268,0.035902366042137146,1.9586238861083984,0.32499995827674866,0.0,1.0,-0.6000000238418579,0.0,0.0,9440.2998046875,9440.2998046875,9440.2998046875,9440.2998046875,-8.126968688964844,0.0,0.0,0.0,25.67296552658081,2.7758319914340976,8.183419635519385,66.69497239589691,30.5,1.5,11.0,10.0,300.0,15.0,7.333333333333333,30.0
4.145833333333333,x,gym_env,1.7381606101989746,0.16765053570270538,0.008652942255139351,0.03137877956032753,-0.0309002622961998,0.020116038620471954,-3.029111385345459,-0.04341312497854233,1.8990602493286133,0.3124999701976776,0.0,1.0,-0.6000000238418579,0.0,0.0,21666.447265625,21666.447265625,21666.447265625,21666.447265625,-8.122561922073364,0.0,0.0,0.0,24.957033598562703,2.7880924038589003,8.07430219836533,66.72953572869301,30.5,1.5,11.0,10.0,300.0,15.0,7.333333333333333,30.0
4.166666666666666,x,gym_env,1.736737608909607,0.1686423271894455,0.007014017552137375,-0.035788264125585556,0.14355960488319397,-0.11876916140317917,3.040342092514038,0.018313486129045486,1.8389408588409424,0.29999998211860657,0.0,1.0,-0.6000000238418579,0.0,0.0,9440.2998046875,9440.2998046875,9440.2998046875,9440.2998046875,-8.160553376674653,0.0,0.0,0.0,25.564190838485956,2.764573708176613,8.094014830887318,66.80564039945602,30.5,1.5,11.0,10.0,300.0,15.0,7.333333333333333,30.0
4.1875,x,gym_env,1.7378371953964233,0.16994056105613708,0.007320960517972708,0.03675437718629837,-0.015199019573628902,0.08518874645233154,-3.0281312465667725,-0.01598861627280712,1.7874022722244263,0.28749996423721313,0.0,1.0,-0.6000000238418579,0.0,0.0,21666.447265625,21666.447265625,21666.447265625,21666.447265625,-8.148320937156678,0.0,0.0,0.0,25.21228783763945,2.8381477266550066,8.068407133221626,66.30151900649071,30.5,1.5,11.0,10.0,300.0,15.0,7.333333333333333,30.0
4.208333333333333,x,gym_env,1.736511468887329,0.1708473414182663,0.006293320097029209,-0.0588136650621891,0.13502097129821777,-0.12594851851463318,3.047325849533081,-0.005660949740558863,1.7300018072128296,0.2749999761581421,0.0,1.0,-0.6000000238418579,0.0,0.0,9440.2998046875,9440.2998046875,9440.2998046875,9440.2998046875,-8.192395677566529,0.0,0.0,0.0,25.28028965368867,2.8100090362131596,8.13460890762508,66.64671257138252,30.5,1.5,11.0,10.0,300.0,15.0,7.333333333333333,30.0
4.229166666666666,x,gym_env,1.737422227859497,0.1722959578037262,0.006666830740869045,0.03633221611380577,-0.008819259703159332,0.08573796600103378,-3.0350592136383057,0.008974676951766014,1.6824772357940674,0.26249995827674866,0.0,1.0,-0.6000000238418579,0.0,0.0,21666.447265625,21666.447265625,21666.447265625,21666.447265625,-8.183243408203126,0.0,0.0,0.0,25.096065660007298,2.7299492418766027,8.223043490201235,66.6570152938366,30.5,1.5,11.0,10.0,300.0,15.0,7.333333333333333,30.0
4.25,x,gym_env,1.7361568212509155,0.1731288880109787,0.005592972505837679,-0.048515304923057556,0.1314745396375656,-0.10899794846773148,3.056344985961914,-0.012109057046473026,1.626893162727356,0.2499999701976776,0.0,1.0,-0.6000000238418579,0.0,0.0,9440.2998046875,9440.2998046875,9440.2998046875,9440.2998046875,-8.22231943845749,0.0,0.0,0.0,25.300757667049766,2.7693332821130756,8.222896298393607,66.87277311086655,30.5,1.5,11.0,10.0,300.0,15.0,7.333333333333333,30.0
4.270833333333333,x,gym_env,1.7370096445083618,0.17442606389522552,0.0060207294300198555,0.029047027230262756,-0.011773613281548023,0.08733244985342026,-3.043595790863037,0.005369031336158514,1.5800933837890625,0.23749996721744537,0.0,1.0,-0.6000000238418579,0.0,0.0,21666.447265625,21666.447265625,21666.447265625,21666.447265625,-8.224113874435425,0.0,0.0,0.0,25.250906608998775,2.7115030169487,8.282362453639507,66.8274837732315,30.5,1.5,11.0,10.0,300.0,15.0,7.333333333333333,30.0
4.291666666666666,x,gym_env,1.7359213829040527,0.17552904784679413,0.005126072093844414,-0.017527597025036812,0.12998105585575104,-0.10828256607055664,3.065744400024414,0.0161924846470356,1.5293920040130615,0.22499996423721313,0.0,1.0,-0.6000000238418579,0.0,0.0,9440.2998046875,9440.2998046875,9440.2998046875,9440.2998046875,-8.259038581848145,0.0,0.0,0.0,25.420305378735065,2.781325049698353,8.426635146141052,67.215027064085,30.5,1.5,11.0,10.0,300.0,15.0,7.333333333333333,30.0
4.3125,x,gym_env,1.7374407052993774,0.176519513130188,0.006545118987560272,0.04211416468024254,-0.01497679390013218,0.11797147989273071,-3.0354669094085693,-0.008248208090662956,1.4947004318237305,0.2124999612569809,0.0,1.0,-0.6000000238418579,0.0,0.0,21666.447265625,21666.447265625,21666.447265625,21666.447265625,-8.260380611419679,0.0,0.0,0.0,25.513687264174223,2.73348041176796,8.298558441922069,67.02363061904907,30.5,1.5,11.0,10.0,300.0,15.0,7.333333333333333,30.0
4.333333333333333,x,gym_env,1.7367327213287354,0.1775163859128952,0.005415447987616062,-0.007841748185455799,0.12866340577602386,-0.12791836261749268,3.061997890472412,-0.010028399527072906,1.443420648574829,0.19999997317790985,0.0,1.0,-0.6000000238418579,0.0,0.0,9440.2998046875,9440.2998046875,9440.2998046875,9440.2998046875,-8.285255551338196,0.0,0.0,0.0,25.56473572552204,2.713732409477234,8.33287631161511,66.90504729747772,30.5,1.5,11.0,10.0,300.0,15.0,7.333333333333333,30.0
4.354166666666666,x,gym_env,1.7378662824630737,0.17830659449100494,0.005536023061722517,0.017698390409350395,-0.025444917380809784,0.07344744354486465,-3.0563783645629883,-0.016374090686440468,1.4009954929351807,0.1874999701976776,0.0,1.0,-0.6000000238418579,0.0,0.0,21666.447265625,21666.447265625,21666.447265625,21666.447265625,-8.308489832878113,0.0,0.0,0.0,25.42252590507269,2.7704195380210876,8.457212317734957,67.48892018198967,30.5,1.5,11.0,10.0,300.0,15.0,7.333333333333333,30.0
4.375,x,gym_env,1.7373510599136353,0.17954610288143158,0.004419870208948851,0.04503471776843071,0.11439865082502365,-0.10759412497282028,3.082188367843628,0.03814186155796051,1.352976679801941,0.17499996721744537,0.0,1.0,-0.6000000238418579,0.0,0.0,9440.2998046875,9440.2998046875,9440.2998046875,9440.2998046875,-8.304577136039734,0.0,0.0,0.0,25.41963731124997,2.708587640523911,8.363314975053072,67.06479352712631,30.5,1.5,11.0,10.0,300.0,15.0,7.333333333333333,30.0
4.395833333333333,x,gym_env,1.7381250858306885,0.1797410100698471,0.004993654787540436,-0.030568813905119896,-0.004433820955455303,0.0889720618724823,-3.092604875564575,-0.06468836963176727,1.306064486503601,0.16249996423721313,0.0,1.0,-0.6000000238418579,0.0,0.0,9440.2998046875,9440.2998046875,9440.2998046875,9440.2998046875,-2.230012376308441,0.0,0.0,0.0,25.387713085860014,2.7532797247171406,8.324060957878828,66.6873562335968,30.5,1.5,11.0,10.0,300.0,15.0,7.333333333333333,30.0
4.416666666666666,x,gym_env,1.738094449043274,0.18096019327640533,0.007115482352674007,0.04907004162669182,0.06431586295366287,0.10174298286437988,3.0629336833953857,0.043853577226400375,1.265174388885498,0.1499999612569809,0.0,1.0,-0.6000000238418579,0.0,0.0,9440.2998046875,9440.2998046875,9440.2998046875,9440.2998046875,-2.2437459945678713,0.0,0.0,0.0,25.557281341403723,2.8018658237531784,8.362320384010673,67.2098938524723,30.5,1.5,11.0,10.0,300.0,15.0,7.333333333333333,30.0
4.4375,x,gym_env,1.7393466234207153,0.18086233735084534,0.00877147726714611,0.034269068390131,-0.04084209352731705,0.057244885712862015,-3.058194398880005,0.028337081894278526,1.2391843795776367,0.13749995827674866,0.0,1.0,-0.6000000238418579,0.0,0.0,21666.447265625,21666.447265625,21666.447265625,21666.447265625,-8.363138918876649,0.0,0.0,0.0,25.51549030467868,2.7391907274723053,8.646571390330791,67.84144389629364,30.5,1.5,11.0,10.0,300.0,15.0,7.333333333333333,30.0
4.458333333333333,x,gym_env,1.7386723756790161,0.18109509348869324,0.006176949944347143,0.0019321205327287316,0.07958849519491196,-0.18987153470516205,3.082279682159424,0.005363380536437035,1.2016657590866089,0.12499996274709702,0.0,1.0,-0.6000000238418579,0.0,0.0,9440.2998046875,9440.2998046875,9440.2998046875,9440.2998046875,-8.380663602352143,0.0,0.0,0.0,25.29324896633625,2.693141531944275,8.361103499308228,66.27075040340424,30.5,1.5,11.0,10.0,300.0,15.0,7.333333333333333,30.0
4.479166666666666,x,gym_env,1.7397199869155884,0.1804773509502411,0.006314536556601524,0.0016210313187912107,-0.0690746083855629,0.06520924717187881,-3.062666893005371,-0.03897826001048088,1.1647239923477173,0.11249996721744537,0.0,1.0,-0.6000000238418579,0.0,0.0,12495.490234375,11636.2900390625,14213.8896484375,11636.2900390625,-3.8166858882904053,0.0,0.0,0.0,25.29654629714787,2.7633646577596664,8.418391074985266,66.83710014820099,30.5,1.5,11.0,10.0,300.0,15.0,7.333333333333333,30.0
4.5,x,gym_env,1.739363431930542,0.1807573139667511,0.007371935993432999,0.02202952466905117,0.050490956753492355,0.028536170721054077,3.0617902278900146,-0.007796798832714558,1.1260713338851929,0.09999996423721313,0.0,1.0,-0.6000000238418579,0.0,0.0,9440.2998046875,9440.2998046875,9440.2998046875,9440.2998046875,-3.835665988445282,0.0,0.0,0.0,25.24027358740568,2.73134446144104,8.480442102998495,67.32946413755417,30.5,1.5,11.0,10.0,300.0,15.0,7.333333333333333,30.0
4.520833333333333,x,gym_env,1.7404887676239014,0.18050836026668549,0.007977881468832493,0.026554875075817108,-0.0594726987183094,0.03832763805985451,-3.0656659603118896,0.03739934414625168,1.0918304920196533,0.0874999612569809,0.0,1.0,-0.6000000238418579,0.0,0.0,21666.447265625,21666.447265625,21666.447265625,21666.447265625,-8.43150618314743,0.0,0.0,0.0,25.520153131335974,2.76958364546299,8.202810268849134,66.80054911971092,30.5,1.5,11.0,10.0,300.0,15.0,7.333333333333333,30.0
4.541666666666666,x,gym_env,1.7397006750106812,0.1805531233549118,0.005536804441362619,0.009184055030345917,0.07341087609529495,-0.16444873809814453,3.0768563747406006,0.004925488959997892,1.053658366203308,0.07499996572732925,0.0,1.0,-0.6000000238418579,0.0,0.0,9440.2998046875,9440.2998046875,9440.2998046875,9440.2998046875,-8.431950643062592,0.0,0.0,0.0,25.616092793643475,2.743073433637619,8.556891329586506,67.2204721570015,30.5,1.5,11.0,10.0,300.0,15.0,7.333333333333333,30.0
4.5625,x,gym_env,1.7400603294372559,0.18017372488975525,0.005137261934578419,-0.04893431067466736,-0.03456471487879753,0.04299388825893402,-3.083498954772949,-0.05243731662631035,1.0065102577209473,0.062499962747097015,0.0,1.0,-0.6000000238418579,0.0,0.0,9440.2998046875,9440.2998046875,9440.2998046875,9440.2998046875,-2.360273180007934,0.0,0.0,0.0,25.397776387631893,2.734822225570679,8.175711799412966,66.65069171786308,30.5,1.5,11.0,10.0,300.0,15.0,7.333333333333333,30.0
4.583333333333333,x,gym_env,1.739815592765808,0.18107187747955322,0.006934517994523048,0.04201039299368858,0.04247495159506798,0.09383150935173035,3.073011875152588,0.03273676335811615,0.9692789912223816,0.049999963492155075,0.0,1.0,-0.6000000238418579,0.0,0.0,9440.2998046875,9440.2998046875,9440.2998046875,9440.2998046875,-2.3629139637947083,0.0,0.0,0.0,25.494615849107504,2.7706393152475357,8.301134865731001,66.76156124472618,30.5,1.5,11.0,10.0,300.0,15.0,7.333333333333333,30.0
4.604166666666666,x,gym_env,1.740459680557251,0.18064334988594055,0.008384772576391697,-0.009584583342075348,-0.043468836694955826,0.056824974715709686,-3.067701578140259,0.012203303165733814,0.9377416372299194,0.037499960511922836,0.0,1.0,-0.6000000238418579,0.0,0.0,19733.5703125,18874.37109375,21451.970703125,18874.37109375,-7.545003343105317,0.0,0.0,0.0,25.666260469704866,2.751981100440026,8.363750644028187,66.82874903082848,30.5,1.5,11.0,10.0,300.0,15.0,7.333333333333333,30.0
4.625,x,gym_env,1.7399060726165771,0.1814991533756256,0.007060929201543331,0.0615716390311718,0.13460882008075714,-0.01994258537888527,3.079244375228882,0.01563548482954502,0.9101829528808594,0.024999961256980896,0.0,1.0,-0.6000000238418579,0.0,0.0,9440.2998046875,9440.2998046875,9440.2998046875,9440.2998046875,-7.555063274383546,0.0,0.0,0.0,25.190265972167253,2.7782443284988405,8.594227354973555,67.56087213754654,30.5,1.5,11.0,10.0,300.0,15.0,7.333333333333333,30.0
4.645833333333333,x,gym_env,1.7409337759017944,0.18225467205047607,0.010941273532807827,0.034693118184804916,0.015995318070054054,0.12700630724430084,3.1161975860595703,0.07693658769130707,0.9029823541641235,0.012499961070716381,0.0,1.0,-0.6000000238418579,0.0,0.0,9440.2998046875,9440.2998046875,9440.2998046875,9440.2998046875,-2.413623385429382,0.0,0.0,0.0,25.08737410325557,2.7010934948921204,8.5795917250216,67.13335672020912,30.5,1.5,11.0,10.0,300.0,15.0,7.333333333333333,30.0
4.666666666666666,x,gym_env,1.7410838603973389,0.18219423294067383,0.01192476786673069,-0.0054847439751029015,-0.013665204867720604,0.033113352954387665,3.1262125968933105,0.05314350873231888,0.898680567741394,-3.973643103449831e-08,0.0,1.0,-0.6000000238418579,0.0,0.0,9440.2998046875,9440.2998046875,9440.2998046875,9440.2998046875,-2.430249259471893,0.0,0.0,0.0,25.51290888339281,2.700633537769318,8.445109341293573,66.7811653316021,30.5,1.5,11.0,10.0,300.0,15.0,7.333333333333333,30.0
4.6875,x,gym_env,1.7409926652908325,0.18196913599967957,0.012462475337088108,-0.0037185929249972105,-0.00913755502551794,0.021609708666801453,3.131458044052124,0.035020869225263596,0.8988348245620728,-0.012500040233135223,0.0,1.0,-0.6000000238418579,0.0,0.0,9440.2998046875,9440.2998046875,9440.2998046875,9440.2998046875,-2.446762843132019,0.0,0.0,0.0,25.54759729281068,2.7536512285470964,8.53774293884635,67.27802312374115,30.5,1.5,11.0,10.0,300.0,15.0,7.333333333333333,30.0
4.708333333333333,x,gym_env,1.7409312725067139,0.18181917071342468,0.012814086861908436,-0.0024924289900809526,-0.006072693970054388,0.014149293303489685,3.1349105834960938,0.023084035143256187,0.8989198803901672,-0.025000041350722313,0.0,1.0,-0.6000000238418579,0.0,0.0,9440.2998046875,9440.2998046875,9440.2998046875,9440.2998046875,-2.4631989121437075,0.0,0.0,0.0,25.729906037449837,2.733850449323654,8.673850808292627,67.49904829263687,30.5,1.5,11.0,10.0,300.0,15.0,7.333333333333333,30.0
4.729166666666666,x,gym_env,1.7408905029296875,0.18171919882297516,0.013044659979641438,-0.0016388162039220333,-0.004084174055606127,0.00928901694715023,3.1371912956237793,0.015216016210615635,0.8989562392234802,-0.0375000424683094,0.0,1.0,-0.6000000238418579,0.0,0.0,9440.2998046875,9440.2998046875,9440.2998046875,9440.2998046875,-2.479559426307678,0.0,0.0,0.0,25.442077789455652,2.711837804317475,8.536233235150576,66.91369527578354,30.5,1.5,11.0,10.0,300.0,15.0,7.333333333333333,30.0
4.75,x,gym_env,1.740863561630249,0.18165117502212524,0.013196032494306564,-0.001118690357543528,-0.0028257451485842466,0.00609038257971406,3.138695240020752,0.010033342987298965,0.8989446759223938,-0.05000004172325134,0.0,1.0,-0.6000000238418579,0.0,0.0,9440.2998046875,9440.2998046875,9440.2998046875,9440.2998046875,-2.4958939743041992,0.0,0.0,0.0,25.284150332212448,2.763922938704491,8.619566719979048,67.95053017139435,30.5,1.5,11.0,10.0,300.0,15.0,7.333333333333333,30.0
4.770833333333333,x,gym_env,1.7408453226089478,0.18160484731197357,0.013295087032020092,-0.0007322775782085955,-0.00187026581261307,0.003992206417024136,3.139721393585205,0.0065991878509521484,0.8989448547363281,-0.06250004470348358,0.0,1.0,-0.6000000238418579,0.0,0.0,9440.2998046875,9440.2998046875,9440.2998046875,9440.2998046875,-2.5121989965438845,0.0,0.0,0.0,25.551884800195694,2.7651864081621174,8.52627832815051,67.48803502321243,30.5,1.5,11.0,10.0,300.0,15.0,7.333333333333333,30.0
4.791666666666666,x,gym_env,1.7408334016799927,0.18157413601875305,0.013360235840082169,-0.00048010656610131264,-0.0012451093643903732,0.002626755740493536,3.140399217605591,0.004332137759774923,0.8989324569702148,-0.07500004023313522,0.0,1.0,-0.6000000238418579,0.0,0.0,9440.2998046875,9440.2998046875,9440.2998046875,9440.2998046875,-2.528484959602356,0.0,0.0,0.0,25.345897790044546,2.6944024682044985,8.679895725101233,68.44422763586044,30.5,1.5,11.0,10.0,300.0,15.0,7.333333333333333,30.0
4.8125,x,gym_env,1.7408255338668823,0.18155360221862793,0.013403117656707764,-0.0003153864527121186,-0.0008354669553227723,0.0017293535638600588,3.140845775604248,0.0028370877262204885,0.8989143371582031,-0.08750004321336746,0.0,1.0,-0.6000000238418579,0.0,0.0,9440.2998046875,9440.2998046875,9440.2998046875,9440.2998046875,-2.5447586488723757,0.0,0.0,0.0,25.30106500349939,2.716070437431336,8.774563252925873,68.09635752439499,30.5,1.5,11.0,10.0,300.0,15.0,7.333333333333333,30.0
4.833333333333333,x,gym_env,1.7408204078674316,0.18153975903987885,0.013431355357170105,-0.0002071729104500264,-0.0005659408634528518,0.001138949883170426,3.1411402225494385,0.0018515129340812564,0.8988939523696899,-0.1000000461935997,0.0,1.0,-0.6000000238418579,0.0,0.0,9440.2998046875,9440.2998046875,9440.2998046875,9440.2998046875,-2.5610241603851316,0.0,0.0,0.0,25.520056381821632,2.7288430750370027,8.459575600922108,67.04054480791092,30.5,1.5,11.0,10.0,300.0,15.0,7.333333333333333,30.0
4.854166666666666,x,gym_env,1.7408170700073242,0.18153031170368195,0.01344995480030775,-0.00013593252515420318,-0.0003884316829498857,0.0007502823136746883,3.141334056854248,0.0012018937850371003,0.8988727331161499,-0.11250004172325134,0.0,1.0,-0.6000000238418579,0.0,0.0,9440.2998046875,9440.2998046875,9440.2998046875,9440.2998046875,-2.577284429073334,0.0,0.0,0.0,25.88355426490307,2.7059032499790194,8.639668826013803,67.88489574193954,30.5,1.5,11.0,10.0,300.0,15.0,7.333333333333333,30.0
4.875,x,gym_env,1.7408148050308228,0.18152375519275665,0.013462209142744541,-8.899874228518456e-05,-0.00027149016386829317,0.0004943208768963814,3.1414618492126465,0.0007737423875369132,0.8988510966300964,-0.12500004470348358,0.0,1.0,-0.6000000238418579,0.0,0.0,9440.2998046875,9440.2998046875,9440.2998046875,9440.2998046875,-2.594976806640625,0.0,0.0,0.0,25.85675510019064,2.7116082429885866,8.69624164327979,67.59377717971802,30.5,1.5,11.0,10.0,300.0,15.0,7.333333333333333,30.0
4.895833333333333,x,gym_env,1.740834355354309,0.18148452043533325,0.01331611443310976,0.0049719116650521755,-0.008497605100274086,-0.03667471185326576,-3.137363910675049,-0.0012806598097085953,0.8987286686897278,-0.13750004768371582,0.0,1.0,-0.6000000238418579,0.0,0.0,9440.2998046875,9440.2998046875,9440.2998046875,9440.2998046875,-2.609683148860931,0.0,0.0,0.0,25.486872773617506,2.7501580119132996,8.719477139413357,67.49071115255356,30.5,1.5,11.0,10.0,300.0,15.0,7.333333333333333,30.0
4.916666666666666,x,gym_env,1.740822434425354,0.18150179088115692,0.01337514165788889,-0.00048603329923935235,0.0006986932130530477,0.002380222314968705,-3.1388299465179443,-0.0008366049733012915,0.8987171053886414,-0.15000005066394806,0.0,1.0,-0.6000000238418579,0.0,0.0,9440.2998046875,9440.2998046875,9440.2998046875,9440.2998046875,-2.6259684896469118,0.0,0.0,0.0,25.184076523408294,2.6938482522964478,8.654262289404869,67.52794456481934,30.5,1.5,11.0,10.0,300.0,15.0,7.333333333333333,30.0
4.9375,x,gym_env,1.740814447402954,0.1815132200717926,0.013414016924798489,-0.0003229147114325315,0.00046178605407476425,0.0015682608354836702,-3.1397974491119385,-0.0005455989739857614,0.8987014293670654,-0.1625000536441803,0.0,1.0,-0.6000000238418579,0.0,0.0,9440.2998046875,9440.2998046875,9440.2998046875,9440.2998046875,-2.642241635322571,0.0,0.0,0.0,25.470386918634176,2.692095541954041,8.786553733050823,68.41030037403107,30.5,1.5,11.0,10.0,300.0,15.0,7.333333333333333,30.0
4.958333333333333,x,gym_env,1.7408092021942139,0.18152078986167908,0.013439632952213287,-0.00021558997104875743,0.00030631854315288365,0.0010334127582609653,-3.140434980392456,-0.00035380179178901017,0.898686408996582,-0.17500004172325134,0.0,1.0,-0.6000000238418579,0.0,0.0,9440.2998046875,9440.2998046875,9440.2998046875,9440.2998046875,-2.6585068249702455,0.0,0.0,0.0,25.749981828033924,2.7548245877027515,8.66314660385251,67.31772154569626,30.5,1.5,11.0,10.0,300.0,15.0,7.333333333333333,30.0
4.979166666666666,x,gym_env,1.7408056259155273,0.1815258264541626,0.013456513173878193,-0.00014495005598291755,0.00020415871404111385,0.0006810326594859362,-3.140854835510254,-0.00022739269479643553,0.8986716270446777,-0.18750004470348358,0.0,1.0,-0.6000000238418579,0.0,0.0,9440.2998046875,9440.2998046875,9440.2998046875,9440.2998046875,-2.674766495227814,0.0,0.0,0.0,24.76927986368537,2.716676896810532,8.715571764856577,67.81753522157669,30.5,1.5,11.0,10.0,300.0,15.0,7.333333333333333,30.0
5.0,x,gym_env,1.7408031225204468,0.1815291941165924,0.013467637822031975,-9.844189480645582e-05,0.00013696560927201062,0.0004488356353249401,-3.141131639480591,-0.00014407988055609167,0.8986570239067078,-0.20000004768371582,0.0,1.0,0.0,0.0,0.0,9440.2998046875,9440.2998046875,9440.2998046875,9440.2998046875,-2.814186085104666,0.0,0.0,0.0,25.41387340053916,2.5721953153610233,8.451175145804882,67.88213574886322,30.5,1.5,11.0,10.0,300.0,15.0,7.333333333333333,30.0
5.020833333333333,x,gym_env,1.7408015727996826,0.18153145909309387,0.013474970124661922,-6.781543925171718e-05,9.274357580579817e-05,0.00029581706621684134,-3.1413140296936035,-8.917095692595467e-05,0.8986424803733826,-0.20000004768371582,0.0,1.0,0.0,0.0,0.0,9440.2998046875,9440.2998046875,9440.2998046875,9440.2998046875,-2.814177296764865,0.0,0.0,0.0,25.798963636159897,2.639257597923279,8.195810541510582,67.20092460513115,30.5,1.5,11.0,10.0,300.0,15.0,7.333333333333333,30.0
5.041666666666666,x,gym_env,1.740800380706787,0.18153300881385803,0.013479801826179028,-4.7644567530369386e-05,6.36275508441031e-05,0.0001949708821484819,-3.1414339542388916,-5.298238102113828e-05,0.8986279368400574,-0.20000004768371582,0.0,1.0,0.0,0.0,0.0,9440.2998046875,9440.2998046875,9440.2998046875,9440.2998046875,-2.814171436689139,0.0,0.0,0.0,25.60796845704317,2.6230820894241336,8.402786944061518,67.89627534151077,30.5,1.5,11.0,10.0,300.0,15.0,7.333333333333333,30.0
5.0625,x,gym_env,1.7407995462417603,0.181534081697464,0.013482986949384212,-3.4358563425485045e-05,4.445211379788816e-05,0.00012850585335399956,-3.1415131092071533,-2.9131932024029084e-05,0.898613452911377,-0.20000004768371582,0.0,1.0,0.0,0.0,0.0,9440.2998046875,9440.2998046875,9440.2998046875,9440.2998046875,-2.8141675093172127,0.0,0.0,0.0,25.48604464530945,2.571984434127808,8.537322524935007,67.79176276922226,30.5,1.5,11.0,10.0,300.0,15.0,7.333333333333333,30.0
5.083333333333333,x,gym_env,1.7407989501953125,0.18153484165668488,0.013485086150467396,-2.560683606134262e-05,3.1821073207538575e-05,8.469932072330266e-05,-3.1415653228759766,-1.3413232409220655e-05,0.8985989689826965,-0.20000004768371582,0.0,1.0,0.0,0.0,0.0,9440.2998046875,9440.2998046875,9440.2998046875,9440.2998046875,-2.814161011646229,0.0,0.0,0.0,25.16222856938839,2.5709647655487062,8.377381395548582,68.44493526220322,30.5,1.5,11.0,10.0,300.0,15.0,7.333333333333333,30.0
5.104166666666666,x,gym_env,1.7407987117767334,0.18153512477874756,0.013486738316714764,-8.029795935726725e-06,7.015038136160001e-06,7.353181717917323e-05,-3.141587972640991,-7.298267064470565e-06,0.8985946178436279,-0.20000004768371582,0.0,1.0,0.0,0.0,0.0,9440.2998046875,9440.2998046875,9440.2998046875,9440.2998046875,-2.8141704934057996,0.0,0.0,0.0,25.428987756371498,2.547571921348572,8.690790344029665,68.57933920621872,30.5,1.5,11.0,10.0,300.0,15.0,7.333333333333333,30.0
5.125,x,gym_env,1.7407985925674438,0.1815352737903595,0.013487637974321842,-3.5614404623629525e-05,4.049640119774267e-05,3.1752224458614364e-06,3.1415867805480957,-2.566470413967181e-07,0.8985885977745056,-0.20000004768371582,0.0,1.0,0.0,0.0,0.0,9440.2998046875,9440.2998046875,9440.2998046875,9440.2998046875,-2.8141826444996694,0.0,0.0,0.0,25.414564087986946,2.6227196097373966,8.575929805636406,67.93821930885315,30.5,1.5,11.0,10.0,300.0,15.0,7.333333333333333,30.0
5.145833333333333,x,gym_env,1.7407996654510498,0.18153919279575348,0.013481116853654385,-6.588701216969639e-05,-0.0001036127723637037,8.530411287210882e-05,3.1414666175842285,0.00026089430321007967,0.8985906839370728,-0.20000004768371582,0.0,1.0,0.0,0.0,0.0,9440.2998046875,9440.2998046875,9440.2998046875,9440.2998046875,-2.8141757536755905,0.0,0.0,0.0,25.613498996943235,2.595043253898621,8.741798505187035,68.3924098610878,30.5,1.5,11.0,10.0,300.0,15.0,7.333333333333333,30.0
5.166666666666666,x,gym_env,1.7407987117767334,0.1815377026796341,0.013483121991157532,-5.014987982576713e-05,-5.1087597967125475e-05,9.318433149019256e-05,3.1414847373962402,0.00012195340968901291,0.8985857367515564,-0.20000004768371582,0.0,1.0,0.0,0.0,0.0,9440.2998046875,9440.2998046875,9440.2998046875,9440.2998046875,-2.814162448790012,0.0,0.0,0.0,25.082862455397844,2.634922683238983,8.470102455466986,68.27377313375473,30.5,1.5,11.0,10.0,300.0,15.0,7.333333333333333,30.0
5.1875,x,gym_env,1.7407983541488647,0.18153682351112366,0.01348489336669445,-1.3617522199638188e-05,-3.9874808862805367e-05,7.92332793935202e-05,3.1415066719055176,6.208700506249443e-05,0.898588240146637,-0.20000004768371582,0.0,1.0,0.0,0.0,0.0,9440.2998046875,9440.2998046875,9440.2998046875,9440.2998046875,-2.8141628758094157,0.0,0.0,0.0,25.278776574879885,2.620670258998871,8.579162940382957,67.60740983486176,30.5,1.5,11.0,10.0,300.0,15.0,7.333333333333333,30.0
5.208333333333333,x,gym_env,1.7407985925674438,0.1815365105867386,0.013485828414559364,1.3849843526259065e-05,-7.128192009986378e-06,2.8286802262300625e-05,3.1415228843688965,5.534017691388726e-05,0.8985934257507324,-0.20000004768371582,0.0,1.0,0.0,0.0,0.0,9440.2998046875,9440.2998046875,9440.2998046875,9440.2998046875,-2.8141623528165836,0.0,0.0,0.0,25.411469660699368,2.6404059767723087,8.312233941629529,67.81064838171005,30.5,1.5,11.0,10.0,300.0,15.0,7.333333333333333,30.0
5.229166666666666,x,gym_env,1.7407985925674438,0.1815362125635147,0.013486587442457676,-1.2355578292044811e-05,-2.842387038981542e-05,4.828851160709746e-05,3.1415343284606934,4.465725214686245e-05,0.898597776889801,-0.20000004768371582,0.0,1.0,0.0,0.0,0.0,9440.2998046875,9440.2998046875,9440.2998046875,9440.2998046875,-2.814163722314879,0.0,0.0,0.0,25.33654545992613,2.587904834747315,8.17249110341072,68.17382800579071,30.5,1.5,11.0,10.0,300.0,15.0,7.333333333333333,30.0
5.25,x,gym_env,1.7407987117767334,0.1815360188484192,0.013487075455486774,1.5774563507875428e-05,3.1599950034433277e-06,6.51351774649811e-06,3.1415436267852783,4.2676867451518774e-05,0.8986021280288696,-0.20000004768371582,0.0,1.0,0.0,0.0,0.0,9440.2998046875,9440.2998046875,9440.2998046875,9440.2998046875,-2.8141618055829896,0.0,0.0,0.0,25.36552134528756,2.6585741281509403,8.455580808222294,67.55173432826996,30.5,1.5,11.0,10.0,300.0,15.0,7.333333333333333,30.0
5.270833333333333,x,gym_env,1.7407987117767334,0.18153579533100128,0.013487542048096657,-1.0298186680302024e-05,-2.0444538677111268e-05,3.3344007533742115e-05,3.141550302505493,3.3323231036774814e-05,0.8986055254936218,-0.20000004768371582,0.0,1.0,0.0,0.0,0.0,9440.2998046875,9440.2998046875,9440.2998046875,9440.2998046875,-2.8141605093436057,0.0,0.0,0.0,25.131189104169607,2.549663257598877,8.287408711388707,67.42698931694031,30.5,1.5,11.0,10.0,300.0,15.0,7.333333333333333,30.0
5.291666666666666,x,gym_env,1.7407987117767334,0.18153560161590576,0.013487855903804302,-6.594645583390957e-06,-1.8243455997435376e-05,2.158566530852113e-05,3.1415553092956543,2.6777132006827742e-05,0.8986089825630188,-0.20000004768371582,0.0,1.0,0.0,0.0,0.0,9440.2998046875,9440.2998046875,9440.2998046875,9440.2998046875,-2.814160391795622,0.0,0.0,0.0,25.049438843037933,2.597947645187378,8.422676183283329,67.42941656708717,30.5,1.5,11.0,10.0,300.0,15.0,7.333333333333333,30.0
5.3125,x,gym_env,1.7407987117767334,0.1815354824066162,0.013488087803125381,-6.258794201130513e-06,-1.645973497943487e-05,1.7816591935115866e-05,3.141559362411499,2.432693690934684e-05,0.898612380027771,-0.20000004768371582,0.0,1.0,0.0,0.0,0.0,9440.2998046875,9440.2998046875,9440.2998046875,9440.2998046875,-2.8141606203449783,0.0,0.0,0.0,25.157515646889806,2.6592108726501467,8.38924701884389,67.57464623451233,30.5,1.5,11.0,10.0,300.0,15.0,7.333333333333333,30.0
5.333333333333333,x,gym_env,1.740798830986023,0.18153537809848785,0.013488247990608215,-6.417925305868266e-06,-1.55803827510681e-05,1.4829188330622856e-05,3.141561985015869,2.3350912670139223e-05,0.898615837097168,-0.20000004768371582,0.0,1.0,0.0,0.0,0.0,9440.2998046875,9440.2998046875,9440.2998046875,9440.2998046875,-2.8141615824634756,0.0,0.0,0.0,25.536527156829834,2.5628417491912847,8.518310334533453,67.6238141655922,30.5,1.5,11.0,10.0,300.0,15.0,7.333333333333333,30.0
5.354166666666666,x,gym_env,1.740798830986023,0.18153530359268188,0.013488362543284893,-9.166835297946818e-06,-1.416900795447873e-05,1.9896180674550124e-05,3.141563892364502,2.4742097593843937e-05,0.8986192345619202,-0.20000004768371582,0.0,1.0,0.0,0.0,0.0,9440.2998046875,9440.2998046875,9440.2998046875,9440.2998046875,-2.8141649439280627,0.0,0.0,0.0,25.776798121631145,2.6507899999618534,8.469955928623676,68.2158871293068,30.5,1.5,11.0,10.0,300.0,15.0,7.333333333333333,30.0
5.375,x,gym_env,1.7407989501953125,0.1815352439880371,0.01348840817809105,1.8277152776136063e-05,1.459325631003594e-05,-1.652670653129462e-05,3.141566038131714,2.8407226636772975e-05,0.8986226320266724,-0.20000004768371582,0.0,1.0,0.0,0.0,0.0,9440.2998046875,9440.2998046875,9440.2998046875,9440.2998046875,-2.8141603654310074,0.0,0.0,0.0,24.750796670094132,2.5715316295623785,8.431724157184362,67.87822043895721,30.5,1.5,11.0,10.0,300.0,15.0,7.333333333333333,30.0
5.395833333333333,x,gym_env,1.740798830986023,0.18153509497642517,0.013488566502928734,-5.689599674951751e-06,-1.2879846508440096e-05,9.88739793683635e-06,3.1415672302246094,1.9484372387523763e-05,0.8986251950263977,-0.20000004768371582,0.0,1.0,0.0,0.0,0.0,9440.2998046875,9440.2998046875,9440.2998046875,9440.2998046875,-2.8141618023956654,0.0,0.0,0.0,24.969711577985436,2.6015073299407963,8.488854449242353,68.01394826173782,30.5,1.5,11.0,10.0,300.0,15.0,7.333333333333333,30.0
5.416666666666666,x,gym_env,1.7407989501953125,0.18153506517410278,0.013488585129380226,-9.301345926360227e-06,-1.286719270865433e-05,1.582293407409452e-05,3.1415674686431885,2.322545878996607e-05,0.8986285924911499,-0.20000004768371582,0.0,1.0,0.0,0.0,0.0,9440.2998046875,9440.2998046875,9440.2998046875,9440.2998046875,-2.81416484423753,0.0,0.0,0.0,24.931587520986795,2.571520853042603,8.669894427061081,67.95796316862106,30.5,1.5,11.0,10.0,300.0,15.0,7.333333333333333,30.0
5.4375,x,gym_env,1.7407989501953125,0.1815350204706192,0.013488559983670712,1.7992322682403028e-05,1.5323039406212047e-05,-1.953618266270496e-05,3.141568422317505,2.7761814635596238e-05,0.8986319899559021,-0.20000004768371582,0.0,1.0,0.0,0.0,0.0,9440.2998046875,9440.2998046875,9440.2998046875,9440.2998046875,-2.8141606325292967,0.0,0.0,0.0,25.754564747214317,2.586788392066956,8.476730898022652,68.09245890378952,30.5,1.5,11.0,10.0,300.0,15.0,7.333333333333333,30.0
5.458333333333333,x,gym_env,1.7407989501953125,0.18153488636016846,0.013488668017089367,-5.9588705880742054e-06,-1.2476878509914968e-05,7.83504674473079e-06,3.141568899154663,1.917729423439596e-05,0.8986345529556274,-0.20000004768371582,0.0,1.0,0.0,0.0,0.0,9440.2998046875,9440.2998046875,9440.2998046875,9440.2998046875,-2.81416047269081,0.0,0.0,0.0,25.43834897875786,2.645694959163666,8.326337130740285,67.71470826864243,30.5,1.5,11.0,10.0,300.0,15.0,7.333333333333333,30.0
5.479166666666666,x,gym_env,1.7407989501953125,0.1815347969532013,0.013488711789250374,-5.502189196704421e-06,-1.1775455277529545e-05,7.5112197919224855e-06,3.1415696144104004,1.795999560272321e-05,0.898637592792511,-0.20000004768371582,0.0,1.0,0.0,0.0,0.0,9440.2998046875,9440.2998046875,9440.2998046875,9440.2998046875,-2.814162169459496,0.0,0.0,0.0,25.198516685515642,2.654762029647827,8.339362569153309,67.54646134376526,30.5,1.5,11.0,10.0,300.0,15.0,7.333333333333333,30.0
