time,axis,backend,x,y,z,vx,vy,vz,roll,pitch,yaw,target_x,target_y,target_z,target_vx,target_vy,target_vz,rpm0,rpm1,rpm2,rpm3,reward,disturbance_x,disturbance_y,disturbance_z,x_b0,x_omega_c,x_k,x_r,y_b0,y_omega_c,y_k,y_r,z_b0,z_omega_c,z_k,z_r
0.0,x,gym_env,0.0,0.0,1.0,0.0,0.0,0.0,0.0,-0.0,0.0,0.0,0.0,1.0,0.5,0.0,0.0,14038.8291015625,14898.029296875,14898.029296875,14038.8291015625,-8.209711700751898,0.0,0.0,0.0,30.5,1.5,11.0,10.0,30.5,1.5,11.0,10.0,300.0,15.0,7.333333333333333,30.0
0.020833333333333332,x,gym_env,1.393427965012961e-06,-2.2894487798747387e-22,1.0000022649765015,0.00022294015798252076,-4.3957043372967054e-20,0.00017966001178137958,2.1512492394521185e-18,0.008181506767868996,1.0172525001509352e-20,0.010416666977107525,0.0,1.0,0.5,0.0,0.0,14059.33203125,14918.53125,14918.53125,14059.33203125,-0.10138575347661971,0.0,0.0,0.0,30.5,1.5,11.0,10.0,30.5,1.5,11.0,10.0,300.0,15.0,7.333333333333333,30.0
0.041666666666666664,x,gym_env,3.071381797781214e-05,-6.7452923687808975e-21,1.000015377998352,0.002681031823158264,-5.617383539847611e-19,0.0009209475247189403,4.8419285989490555e-18,0.029994428157806396,9.293353502517952e-20,0.02083333395421505,0.0,1.0,0.5,0.0,0.0,14110.689453125,14969.8896484375,14969.8896484375,14110.689453125,-0.1352173437386751,0.0,0.0,0.0,30.5,1.5,11.0,10.0,30.5,1.5,11.0,10.0,300.0,15.0,7.333333333333333,30.0
0.0625,x,gym_env,0.00016998211503960192,-3.189348332475918e-20,1.000060796737671,0.0102155776694417,-1.75921153762598e-18,0.002986687468364835,8.619259205930113e-18,0.06544173508882523,3.519679355807275e-19,0.03125,0.0,1.0,0.5,0.0,0.0,14177.3466796875,15036.5458984375,15036.5458984375,14177.3466796875,-0.15515183899104595,0.0,0.0,0.0,30.5,1.5,11.0,10.0,30.5,1.5,11.0,10.0,300.0,15.0,7.333333333333333,30.0
0.08333333333333333,x,gym_env,0.0005614038673229516,-9.150202142697408e-20,1.000167965888977,0.025747662410140038,-3.680980609230881e-18,0.006493020337074995,1.1625939137010324e-17,0.11453168094158173,8.865847950386765e-19,0.0416666679084301,0.0,1.0,0.5,0.0,0.0,15103.35546875,14244.15625,14244.15625,15103.35546875,-0.7948537232875824,0.0,0.0,0.0,30.5,1.5,11.0,10.0,30.5,1.5,11.0,10.0,300.0,15.0,7.333333333333333,30.0
0.10416666666666666,x,gym_env,0.0014057215303182602,-1.9888203320584495e-19,1.0003600120544434,0.05177734047174454,-6.210058448741855e-18,0.010858388617634773,1.3329719440632747e-17,0.16068720817565918,1.541040996703894e-18,0.0520833320915699,0.0,1.0,0.5,0.0,0.0,15125.8662109375,14266.666015625,14266.666015625,15125.8662109375,-0.1291448638498783,0.0,0.0,0.0,30.5,1.5,11.0,10.0,30.5,1.5,11.0,10.0,300.0,15.0,7.333333333333333,30.0
0.125,x,gym_env,0.002910955809056759,-3.6264957732456617e-19,1.0006343126296997,0.08690477162599564,-8.959353687600678e-18,0.01453988067805767,1.3418568564588293e-17,0.19289612770080566,2.0458974486858335e-18,0.0625,0.0,1.0,0.5,0.0,0.0,15070.712890625,14280.294921875,14280.294921875,15070.712890625,-0.14058651008009912,0.0,0.0,0.0,30.5,1.5,11.0,10.0,30.5,1.5,11.0,10.0,300.0,15.0,7.333333333333333,30.0
0.14583333333333331,x,gym_env,0.005227316170930862,-5.834119852985107e-19,1.0009632110595703,0.12799376249313354,-1.1686385360272636e-17,0.016485629603266716,1.2947914376574196e-17,0.2118745744228363,2.3795992717874353e-18,0.0729166641831398,0.0,1.0,0.5,0.0,0.0,14208.6220703125,15067.822265625,15067.822265625,14208.6220703125,-0.7734232158899308,0.0,0.0,0.0,30.5,1.5,11.0,10.0,30.5,1.5,11.0,10.0,300.0,15.0,7.333333333333333,30.0
0.16666666666666666,x,gym_env,0.008445789106190205,-8.587511497032445e-19,1.0013096332550049,0.17263279855251312,-1.4152130529773794e-17,0.0166177898645401,1.0063362699853765e-17,0.23401331901550293,2.7121573108970295e-18,0.0833333358168602,0.0,1.0,0.5,0.0,0.0,15042.8603515625,14183.66015625,14183.66015625,15042.8603515625,-0.7997948563814163,0.0,0.0,0.0,30.5,1.5,11.0,10.0,30.5,1.5,11.0,10.0,300.0,15.0,7.333333333333333,30.0
0.1875,x,gym_env,0.012647485360503197,-1.1784464785888508e-18,1.00163733959198,0.22167432308197021,-1.6123828016357243e-17,0.014987795613706112,1.0131372662637262e-17,0.2533648610115051,2.9936313637123394e-18,0.09375,0.0,1.0,0.5,0.0,0.0,15020.82421875,14161.625,14161.625,15020.82421875,-0.12738592412471772,0.0,0.0,0.0,30.5,1.5,11.0,10.0,30.5,1.5,11.0,10.0,300.0,15.0,7.333333333333333,30.0
0.20833333333333331,x,gym_env,0.017914779484272003,-1.5394439177362072e-18,1.001911997795105,0.27385208010673523,-1.818902503630001e-17,0.011911074630916119,1.2320575636930304e-17,0.25893211364746094,3.1432505521400122e-18,0.1041666641831398,0.0,1.0,0.5,0.0,0.0,14446.5634765625,14689.701171875,14689.701171875,14446.5634765625,-0.5468321013331413,0.0,0.0,0.0,30.5,1.5,11.0,10.0,30.5,1.5,11.0,10.0,300.0,15.0,7.333333333333333,30.0
0.22916666666666666,x,gym_env,0.02427910454571247,-1.948807124287422e-18,1.002109169960022,0.326601505279541,-2.0718953631070995e-17,0.00782008282840252,1.5310406726113422e-17,0.2613259255886078,3.2675253401893666e-18,0.1145833358168602,0.0,1.0,0.5,0.0,0.0,14697.82421875,14410.2509765625,14410.2509765625,14697.82421875,-0.31317047255039215,0.0,0.0,0.0,30.5,1.5,11.0,10.0,30.5,1.5,11.0,10.0,300.0,15.0,7.333333333333333,30.0
0.25,x,gym_env,0.031745992600917816,-2.4182062725171228e-18,1.002214789390564,0.3796749711036682,-2.3838481677218752e-17,0.0032193928491324186,1.9909443250763325e-17,0.26251646876335144,3.3745641658149535e-18,0.125,0.0,1.0,0.5,0.0,0.0,14974.697265625,14115.498046875,14115.498046875,14974.697265625,-0.32344846677780154,0.0,0.0,0.0,30.5,1.5,11.0,10.0,30.5,1.5,11.0,10.0,300.0,15.0,7.333333333333333,30.0
0.2708333333333333,x,gym_env,0.04031860828399658,-2.9645452118331373e-18,1.0022231340408325,0.4325554370880127,-2.796253620488968e-17,-0.0014425344998016953,2.52575712294188e-17,0.25364527106285095,3.2571074139645675e-18,0.1354166716337204,0.0,1.0,0.5,0.0,0.0,14464.28515625,14618.107421875,14618.107421875,14464.28515625,-0.4931736083269119,0.0,0.0,0.0,30.5,1.5,11.0,10.0,30.5,1.5,11.0,10.0,300.0,15.0,7.333333333333333,30.0
0.29166666666666663,x,gym_env,0.04996819049119949,-3.610869194101193e-18,1.0021369457244873,0.4832231104373932,-3.3223361887335084e-17,-0.005836425814777613,3.164453548704492e-17,0.24077746272087097,2.9846088911809173e-18,0.1458333283662796,0.0,1.0,0.5,0.0,0.0,14408.7783203125,14678.5048828125,14678.5048828125,14408.7783203125,-0.13626152393817903,0.0,0.0,0.0,30.5,1.5,11.0,10.0,30.5,1.5,11.0,10.0,300.0,15.0,7.333333333333333,30.0
0.3125,x,gym_env,0.060641009360551834,-4.383504276291555e-18,1.001968264579773,0.531383216381073,-3.987225288592612e-17,-0.009534223936498165,3.965310627188122e-17,0.2314889281988144,2.7347978646480653e-18,0.15625,0.0,1.0,0.5,0.0,0.0,14972.7724609375,14113.572265625,14113.572265625,14972.7724609375,-0.5471558690428734,0.0,0.0,0.0,30.5,1.5,11.0,10.0,30.5,1.5,11.0,10.0,300.0,15.0,7.333333333333333,30.0
0.3333333333333333,x,gym_env,0.07229220122098923,-5.31491791783239e-18,1.0017303228378296,0.5775157809257507,-4.813066199425549e-17,-0.012610800564289093,4.623899257757532e-17,0.21570929884910583,2.1177612459432154e-18,0.1666666716337204,0.0,1.0,0.5,0.0,0.0,14930.1923828125,14164.7431640625,14164.7431640625,14930.1923828125,-0.13728698364496233,0.0,0.0,0.0,30.5,1.5,11.0,10.0,30.5,1.5,11.0,10.0,300.0,15.0,7.333333333333333,30.0
0.35416666666666663,x,gym_env,0.08486182242631912,-6.436085137531664e-18,1.0014387369155884,0.6198782920837402,-5.777590557397901e-17,-0.014776686206459999,5.108514931022544e-17,0.18715111911296844,8.019708875181905e-19,0.1770833283662796,0.0,1.0,0.5,0.0,0.0,14133.71484375,14992.9140625,14992.9140625,14133.71484375,-0.7521597059965134,0.0,0.0,0.0,30.5,1.5,11.0,10.0,30.5,1.5,11.0,10.0,300.0,15.0,7.333333333333333,30.0
0.375,x,gym_env,0.09824249148368835,-7.771095502778453e-18,1.0011224746704102,0.6563966274261475,-6.838206171024824e-17,-0.015299834311008453,5.463748637700177e-17,0.1620023250579834,-4.2060272991943213e-19,0.1875,0.0,1.0,0.5,0.0,0.0,14137.046875,14996.2470703125,14996.2470703125,14137.046875,-0.10608878999948503,0.0,0.0,0.0,30.5,1.5,11.0,10.0,30.5,1.5,11.0,10.0,300.0,15.0,7.333333333333333,30.0
0.3958333333333333,x,gym_env,0.11232154816389084,-9.336304855824768e-18,1.0008074045181274,0.6882954835891724,-7.970039388414602e-17,-0.014937784522771835,5.697494989556637e-17,0.15061762928962708,-9.507811450055747e-19,0.1979166716337204,0.0,1.0,0.5,0.0,0.0,14981.6083984375,14122.4091796875,14122.4091796875,14981.6083984375,-0.7909206633329391,0.0,0.0,0.0,30.5,1.5,11.0,10.0,30.5,1.5,11.0,10.0,300.0,15.0,7.333333333333333,30.0
0.41666666666666663,x,gym_env,0.1270340383052826,-1.1143313163990747e-17,1.0004993677139282,0.7178550958633423,-9.149838493420614e-17,-0.014642234891653061,5.956148411401558e-17,0.13650795817375183,-1.6680427924376824e-18,0.2083333283662796,0.0,1.0,0.5,0.0,0.0,14975.7060546875,14116.505859375,14116.505859375,14975.7060546875,-0.10731562497615814,0.0,0.0,0.0,30.5,1.5,11.0,10.0,30.5,1.5,11.0,10.0,300.0,15.0,7.333333333333333,30.0
0.4375,x,gym_env,0.14232291281223297,-1.320264133748745e-17,1.000200867652893,0.7438862919807434,-1.0381747330039508e-16,-0.01403106190264225,6.205803431670882e-17,0.1087159514427185,-3.2440315496364823e-18,0.21875,0.0,1.0,0.5,0.0,0.0,14155.9296875,14962.6396484375,14962.6396484375,14155.9296875,-0.766642976474762,0.0,0.0,0.0,30.5,1.5,11.0,10.0,30.5,1.5,11.0,10.0,300.0,15.0,7.333333333333333,30.0
0.4583333333333333,x,gym_env,0.15808311104774475,-1.5525448869958833e-17,0.9999281167984009,0.7640801668167114,-1.1668889994008772e-16,-0.012386365793645382,6.56797354409314e-17,0.08322906494140625,-4.7351693603705115e-18,0.2291666716337204,0.0,1.0,0.5,0.0,0.0,14400.6552734375,14723.2177734375,14723.2177734375,14400.6552734375,-0.2905343062400818,0.0,0.0,0.0,30.5,1.5,11.0,10.0,30.5,1.5,11.0,10.0,300.0,15.0,7.333333333333333,30.0
0.47916666666666663,x,gym_env,0.17419928312301636,-1.8125532306841665e-17,0.9996949434280396,0.7793862223625183,-1.3032726859140483e-16,-0.010353894904255867,7.017434372196893e-17,0.06602626293897629,-5.764347064918682e-18,0.2395833283662796,0.0,1.0,0.5,0.0,0.0,14982.4775390625,14123.27734375,14123.27734375,14982.4775390625,-0.5653513848781586,0.0,0.0,0.0,30.5,1.5,11.0,10.0,30.5,1.5,11.0,10.0,300.0,15.0,7.333333333333333,30.0
0.5,x,gym_env,0.19058844447135925,-2.1021420493857135e-17,0.9995061755180359,0.7910094857215881,-1.4492831665705605e-16,-0.00816856324672699,7.708077905863958e-17,0.042681965976953506,-7.336406300617549e-18,0.25,0.0,1.0,0.5,0.0,0.0,14599.5693359375,14503.00390625,14503.00390625,14599.5693359375,-0.39250888984203336,0.0,0.0,0.0,30.5,1.5,11.0,10.0,30.5,1.5,11.0,10.0,300.0,15.0,7.333333333333333,30.0
0.5208333333333333,x,gym_env,0.20715802907943726,-2.423956997571714e-17,0.9993632435798645,0.797420084476471,-1.6111966908117722e-16,-0.005957133136689663,8.804216625460848e-17,0.012976600788533688,-9.64687560707209e-18,0.2604166567325592,0.0,1.0,0.5,0.0,0.0,14127.6142578125,14986.8134765625,14986.8134765625,14127.6142578125,-0.4636192310333252,0.0,0.0,0.0,30.5,1.5,11.0,10.0,30.5,1.5,11.0,10.0,300.0,15.0,7.333333333333333,30.0
0.5416666666666666,x,gym_env,0.22378575801849365,-2.782310002339284e-17,0.9992727041244507,0.797883152961731,-1.7958468292885555e-16,-0.003268750384449959,9.96014263624409e-17,-0.009056813083589077,-1.1564092496970959e-17,0.2708333432674408,0.0,1.0,0.5,0.0,0.0,14244.9072265625,14848.048828125,14848.048828125,14244.9072265625,-0.17703281228542328,0.0,0.0,0.0,30.5,1.5,11.0,10.0,30.5,1.5,11.0,10.0,300.0,15.0,7.333333333333333,30.0
0.5625,x,gym_env,0.24036818742752075,-3.1820241884040985e-17,0.9992331862449646,0.7942973971366882,-2.0038396076048912e-16,-0.0009832791984081268,1.1332983196907318e-16,-0.01979791186749935,-1.2568862996774834e-17,0.28125,0.0,1.0,0.5,0.0,0.0,14957.5087890625,14098.30859375,14098.30859375,14957.5087890625,-0.6526180402517319,0.0,0.0,0.0,30.5,1.5,11.0,10.0,30.5,1.5,11.0,10.0,300.0,15.0,7.333333333333333,30.0
0.5833333333333333,x,gym_env,0.25684764981269836,-3.628385736188738e-17,0.9992354512214661,0.7885264754295349,-2.2383880599577313e-16,0.0008271001861430705,1.2601429593799414e-16,-0.0348922461271286,-1.4246190891588424e-17,0.2916666567325592,0.0,1.0,0.5,0.0,0.0,14851.3828125,14184.763671875,14184.763671875,14851.3828125,-0.13740734045505523,0.0,0.0,0.0,30.5,1.5,11.0,10.0,30.5,1.5,11.0,10.0,300.0,15.0,7.333333333333333,30.0
0.6041666666666666,x,gym_env,0.27316635847091675,-4.12679977468787e-17,0.9992697834968567,0.7791641354560852,-2.498888013627667e-16,0.0021689296700060368,1.3962660509129338e-16,-0.061802443116903305,-1.7689202805526068e-17,0.3020833432674408,0.0,1.0,0.5,0.0,0.0,14091.080078125,14950.2802734375,14950.2802734375,14091.080078125,-0.6628276217222213,0.0,0.0,0.0,30.5,1.5,11.0,10.0,30.5,1.5,11.0,10.0,300.0,15.0,7.333333333333333,30.0
0.625,x,gym_env,0.28922179341316223,-4.682767054974971e-17,0.9993304014205933,0.7642555832862854,-2.7849479805743893e-16,0.003355438821017742,1.516911997615018e-16,-0.08469405025243759,-2.0868185285381687e-17,0.3125,0.0,1.0,0.5,0.0,0.0,14085.431640625,14944.6318359375,14944.6318359375,14085.431640625,-0.048897134947776796,0.0,0.0,0.0,30.5,1.5,11.0,10.0,30.5,1.5,11.0,10.0,300.0,15.0,7.333333333333333,30.0
0.6458333333333333,x,gym_env,0.3049108386039734,-5.3011219514220465e-17,0.9994096159934998,0.7452614903450012,-3.092802899347353e-16,0.0040667373687028885,1.6202459143642043e-16,-0.09387198090553284,-2.2161290267206233e-17,0.3229166567325592,0.0,1.0,0.5,0.0,0.0,14375.8369140625,14629.7724609375,14629.7724609375,14375.8369140625,-0.27857132539749146,0.0,0.0,0.0,30.5,1.5,11.0,10.0,30.5,1.5,11.0,10.0,300.0,15.0,7.333333333333333,30.0
0.6666666666666666,x,gym_env,0.3201830983161926,-5.986061909329436e-17,0.999495267868042,0.7248793840408325,-3.420340216836546e-16,0.004136520437896252,1.7144316105852483e-16,-0.09514588117599487,-2.223689126647113e-17,0.3333333432674408,0.0,1.0,0.5,0.0,0.0,14923.509765625,14064.310546875,14064.310546875,14923.509765625,-0.47757206022739407,0.0,0.0,0.0,30.5,1.5,11.0,10.0,30.5,1.5,11.0,10.0,300.0,15.0,7.333333333333333,30.0
0.6875,x,gym_env,0.3350270092487335,-6.741461111814092e-17,0.9995809197425842,0.7041632533073425,-3.7646511689615387e-16,0.00408268254250288,1.796338505444657e-16,-0.10299912840127945,-2.3485766900942466e-17,0.34375,0.0,1.0,0.5,0.0,0.0,14057.9169921875,14917.1171875,14917.1171875,14057.9169921875,-0.7202996169090271,0.0,0.0,0.0,30.5,1.5,11.0,10.0,30.5,1.5,11.0,10.0,300.0,15.0,7.333333333333333,30.0
0.7083333333333333,x,gym_env,0.34942054748535156,-7.570667324251139e-17,0.9996612071990967,0.6817953586578369,-4.1268887793217805e-16,0.0036763260141015053,1.9208835830309692e-16,-0.10811213403940201,-2.429488023455611e-17,0.3541666567325592,0.0,1.0,0.5,0.0,0.0,14094.01171875,14871.6640625,14871.6640625,14094.01171875,-0.06563805449008941,0.0,0.0,0.0,30.5,1.5,11.0,10.0,30.5,1.5,11.0,10.0,300.0,15.0,7.333333333333333,30.0
0.7291666666666666,x,gym_env,0.36333802342414856,-8.478415328466832e-17,0.9997298717498779,0.6589836478233337,-4.514359501180728e-16,0.0030537392012774944,2.0535887642728924e-16,-0.10034757107496262,-2.261876746806236e-17,0.3645833432674408,0.0,1.0,0.5,0.0,0.0,14908.890625,14049.6904296875,14049.6904296875,14908.890625,-0.6876400526285171,0.0,0.0,0.0,30.5,1.5,11.0,10.0,30.5,1.5,11.0,10.0,300.0,15.0,7.333333333333333,30.0
0.75,x,gym_env,0.3768000900745392,-9.470351128450211e-17,0.9997867345809937,0.6378819346427917,-4.929790515930744e-16,0.0025358032435178757,2.1923863623368403e-16,-0.0958404615521431,-2.1565637508106798e-17,0.375,0.0,1.0,0.5,0.0,0.0,14905.755859375,14046.5556640625,14046.5556640625,14905.755859375,-0.03491860103607178,0.0,0.0,0.0,30.5,1.5,11.0,10.0,30.5,1.5,11.0,10.0,300.0,15.0,7.333333333333333,30.0
0.7708333333333333,x,gym_env,0.3898322880268097,-1.0552291458268751e-16,0.9998326301574707,0.6171900033950806,-5.3725653424049045e-16,0.0019664885476231575,2.32880935647272e-16,-0.10498055070638657,-2.3531951703263752e-17,0.3854166567325592,0.0,1.0,0.5,0.0,0.0,14043.81640625,14903.015625,14903.015625,14043.81640625,-0.7185406868219376,0.0,0.0,0.0,30.5,1.5,11.0,10.0,30.5,1.5,11.0,10.0,300.0,15.0,7.333333333333333,30.0
0.7916666666666666,x,gym_env,0.40241122245788574,-1.1729758575691854e-16,0.9998633861541748,0.5945757031440735,-5.841365256183454e-16,0.0011188796488568187,2.462088402536408e-16,-0.11137964576482773,-2.493929032768187e-17,0.3958333432674408,0.0,1.0,0.5,0.0,0.0,14042.23828125,14901.4384765625,14901.4384765625,14042.23828125,-0.030623807406425476,0.0,0.0,0.0,30.5,1.5,11.0,10.0,30.5,1.5,11.0,10.0,300.0,15.0,7.333333333333333,30.0
0.8125,x,gym_env,0.41450566053390503,-1.3008238342541973e-16,0.9998744130134583,0.571262538433075,-6.337942556676023e-16,0.00014770821144338697,2.6320667392266647e-16,-0.10413394868373871,-2.2970992553416016e-17,0.40625,0.0,1.0,0.5,0.0,0.0,14552.31640625,14397.962890625,14397.962890625,14552.31640625,-0.43277017261981965,0.0,0.0,0.0,30.5,1.5,11.0,10.0,30.5,1.5,11.0,10.0,300.0,15.0,7.333333333333333,30.0
0.8333333333333333,x,gym_env,0.4261341094970703,-1.439446864121672e-16,0.9998663067817688,0.5497638583183289,-6.86913121158018e-16,-0.0007157698855735362,2.7822528276153446e-16,-0.09291481226682663,-1.9831498021642453e-17,0.4166666567325592,0.0,1.0,0.5,0.0,0.0,14910.3671875,14051.1669921875,14051.1669921875,14910.3671875,-0.3071542588949203,0.0,0.0,0.0,30.5,1.5,11.0,10.0,30.5,1.5,11.0,10.0,300.0,15.0,7.333333333333333,30.0
0.8541666666666666,x,gym_env,0.43734171986579895,-1.589541234724032e-16,0.9998469948768616,0.5302701592445374,-7.431968723162902e-16,-0.001051570987328887,2.9214611043098127e-16,-0.09087754786014557,-1.9155094236784367e-17,0.4270833432674408,0.0,1.0,0.5,0.0,0.0,14048.24609375,14907.4462890625,14907.4462890625,14048.24609375,-0.7100943035602569,0.0,0.0,0.0,30.5,1.5,11.0,10.0,30.5,1.5,11.0,10.0,300.0,15.0,7.333333333333333,30.0
0.875,x,gym_env,0.44814935326576233,-1.7517041042890917e-16,0.9998201727867126,0.5111209154129028,-8.021971110759661e-16,-0.0014410006115213037,3.054541891724284e-16,-0.08611267805099487,-1.7607594820652812e-17,0.4375,0.0,1.0,0.5,0.0,0.0,14047.85546875,14907.0556640625,14907.0556640625,14047.85546875,-0.022355689406394957,0.0,0.0,0.0,30.5,1.5,11.0,10.0,30.5,1.5,11.0,10.0,300.0,15.0,7.333333333333333,30.0
0.8958333333333333,x,gym_env,0.45857295393943787,-1.9264917352351807e-16,0.999786376953125,0.4935317635536194,-8.638313046642476e-16,-0.00170986820012331,3.1656898197607894e-16,-0.06771320849657059,-1.1776070763827473e-17,0.4479166567325592,0.0,1.0,0.5,0.0,0.0,14913.4140625,14054.21484375,14054.21484375,14913.4140625,-0.7111464922189713,0.0,0.0,0.0,30.5,1.5,11.0,10.0,30.5,1.5,11.0,10.0,300.0,15.0,7.333333333333333,30.0
0.9166666666666666,x,gym_env,0.46867671608924866,-2.114419229473348e-16,0.9997527599334717,0.47982221841812134,-9.278079149286017e-16,-0.0015163490315899253,3.2406112074344123e-16,-0.05207880213856697,-6.660820597385277e-18,0.4583333432674408,0.0,1.0,0.5,0.0,0.0,14914.24609375,14055.046875,14055.046875,14914.24609375,-0.02554970886707306,0.0,0.0,0.0,30.5,1.5,11.0,10.0,30.5,1.5,11.0,10.0,300.0,15.0,7.333333333333333,30.0
0.9375,x,gym_env,0.4785327613353729,-2.315852134659893e-16,0.9997256994247437,0.4687688946723938,-9.929676184620333e-16,-0.0011447849683463573,3.2429244014738046e-16,-0.05011299252510071,-5.92262848872101e-18,0.46875,0.0,1.0,0.5,0.0,0.0,14048.4208984375,14907.62109375,14907.62109375,14048.4208984375,-0.7130692099094391,0.0,0.0,0.0,30.5,1.5,11.0,10.0,30.5,1.5,11.0,10.0,300.0,15.0,7.333333333333333,30.0
0.9583333333333333,x,gym_env,0.48816433548927307,-2.530850801892308e-16,0.9997043609619141,0.45803260803222656,-1.0579647975487104e-15,-0.0009455824038013816,3.2233280295412804e-16,-0.04542086645960808,-4.3056446603640824e-18,0.4791666567325592,0.0,1.0,0.5,0.0,0.0,14045.57421875,14904.7744140625,14904.7744140625,14045.57421875,-0.028372559726238252,0.0,0.0,0.0,30.5,1.5,11.0,10.0,30.5,1.5,11.0,10.0,300.0,15.0,7.333333333333333,30.0
0.9791666666666666,x,gym_env,0.49758681654930115,-2.759331586667051e-16,0.9996867775917053,0.4488329589366913,-1.1224654035700598e-15,-0.0007587510626763105,3.199642870753682e-16,-0.027095237746834755,1.6851190056056506e-18,0.4895833432674408,0.0,1.0,0.5,0.0,0.0,14909.3837890625,14050.1845703125,14050.1845703125,14909.3837890625,-0.7131156612992287,0.0,0.0,0.0,30.5,1.5,11.0,10.0,30.5,1.5,11.0,10.0,300.0,15.0,7.333333333333333,30.0
1.0,x,gym_env,0.506864070892334,-3.001191256843676e-16,0.9996763467788696,0.4434988796710968,-1.1865193055908508e-15,-0.00031684068380855024,3.1959725711141107e-16,-0.011533080600202084,6.7730549444383095e-18,0.5,0.0,1.0,0.5,0.0,0.0,14909.23828125,14050.0380859375,14050.0380859375,14909.23828125,-0.025065147960186003,0.0,0.0,0.0,30.5,1.5,11.0,10.0,30.5,1.5,11.0,10.0,300.0,15.0,7.333333333333333,30.0
1.0208333333333333,x,gym_env,0.5160678029060364,-3.2563813727255113e-16,0.9996757507324219,0.4407963454723358,-1.2505198445359649e-15,0.00016794531256891787,3.1878294081174447e-16,-0.009635058231651783,7.504951795050741e-18,0.5104166865348816,0.0,1.0,0.5,0.0,0.0,14043.8671875,14903.06640625,14903.06640625,14043.8671875,-0.7114073236346244,0.0,0.0,0.0,30.5,1.5,11.0,10.0,30.5,1.5,11.0,10.0,300.0,15.0,7.333333333333333,30.0
1.0416666666666665,x,gym_env,0.5252206325531006,-3.5248619649453587e-16,0.9996832013130188,0.43837592005729675,-1.3140915730515314e-15,0.00048100764979608357,3.158132697684505e-16,-0.005011354107409716,9.094372724626484e-18,0.5208333134651184,0.0,1.0,0.5,0.0,0.0,14084.888671875,14856.1318359375,14856.1318359375,14084.888671875,-0.05807033575773239,0.0,0.0,0.0,30.5,1.5,11.0,10.0,30.5,1.5,11.0,10.0,300.0,15.0,7.333333333333333,30.0
1.0625,x,gym_env,0.5343371033668518,-3.806493008369125e-16,0.9996957182884216,0.4374391734600067,-1.3768899604862548e-15,0.000682126556057483,3.1314479834724422e-16,0.01240418292582035,1.4697121785076806e-17,0.53125,0.0,1.0,0.5,0.0,0.0,14902.6728515625,14043.47265625,14043.47265625,14902.6728515625,-0.6733845228791238,0.0,0.0,0.0,30.5,1.5,11.0,10.0,30.5,1.5,11.0,10.0,300.0,15.0,7.333333333333333,30.0
1.0833333333333333,x,gym_env,0.5434779524803162,-4.101127331022225e-16,0.9997135400772095,0.44013848900794983,-1.4390713902980219e-15,0.0009640841744840145,3.102755536477591e-16,0.02650260739028454,1.9246831875438948e-17,0.5416666865348816,0.0,1.0,0.5,0.0,0.0,14901.306640625,14042.1064453125,14042.1064453125,14901.306640625,-0.020361803340911866,0.0,0.0,0.0,30.5,1.5,11.0,10.0,30.5,1.5,11.0,10.0,300.0,15.0,7.333333333333333,30.0
1.1041666666666665,x,gym_env,0.5527086853981018,-4.4086243783749736e-16,0.9997361302375793,0.44515442848205566,-1.5004731262818413e-15,0.0011598720448091626,3.062498442774758e-16,0.026946227997541428,1.9531775744128764e-17,0.5520833134651184,0.0,1.0,0.5,0.0,0.0,14132.30078125,14803.6025390625,14803.6025390625,14132.30078125,-0.6296493019104004,0.0,0.0,0.0,30.5,1.5,11.0,10.0,30.5,1.5,11.0,10.0,300.0,15.0,7.333333333333333,30.0
1.125,x,gym_env,0.5620450377464294,-4.728791715129666e-16,0.9997605085372925,0.4500880241394043,-1.5608852101459125e-15,0.001181496656499803,3.014249857912377e-16,0.02832774631679058,2.0090992851606464e-17,0.5625,0.0,1.0,0.5,0.0,0.0,14316.9609375,14616.244140625,14616.244140625,14316.9609375,-0.1644515832781792,0.0,0.0,0.0,30.5,1.5,11.0,10.0,30.5,1.5,11.0,10.0,300.0,15.0,7.333333333333333,30.0
1.1458333333333333,x,gym_env,0.5714887380599976,-5.061403024670709e-16,0.9997836947441101,0.45563051104545593,-1.620146387992902e-15,0.001059149275533855,2.9613433859334854e-16,0.036817070096731186,2.2775830868412704e-17,0.5729166865348816,0.0,1.0,0.5,0.0,0.0,14897.17578125,14037.9765625,14037.9765625,14897.17578125,-0.4771254318714142,0.0,0.0,0.0,30.5,1.5,11.0,10.0,30.5,1.5,11.0,10.0,300.0,15.0,7.333333333333333,30.0
1.1666666666666665,x,gym_env,0.5810684561729431,-5.406217961399318e-16,0.9998059272766113,0.4627953767776489,-1.6782600479545986e-15,0.0010674628429114819,2.8971112893564157e-16,0.03901444375514984,2.3572690348431988e-17,0.5833333134651184,0.0,1.0,0.5,0.0,0.0,14750.7138671875,14180.529296875,14180.529296875,14750.7138671875,-0.12758714995384218,0.0,0.0,0.0,30.5,1.5,11.0,10.0,30.5,1.5,11.0,10.0,300.0,15.0,7.333333333333333,30.0
1.1875,x,gym_env,0.5908010005950928,-5.762958592629675e-16,0.9998262524604797,0.46990931034088135,-1.7348869533356272e-15,0.0009213722078129649,2.82907363256601e-16,0.03032902628183365,2.122590119564147e-17,0.59375,0.0,1.0,0.5,0.0,0.0,14036.1123046875,14895.3115234375,14895.3115234375,14036.1123046875,-0.5823770854115486,0.0,0.0,0.0,30.5,1.5,11.0,10.0,30.5,1.5,11.0,10.0,300.0,15.0,7.333333333333333,30.0
1.2083333333333333,x,gym_env,0.6006603240966797,-6.131315751336033e-16,0.999845564365387,0.47524502873420715,-1.7900434095202223e-15,0.0009373279171995819,2.740047558133827e-16,0.026216553524136543,2.0208851199644244e-17,0.6041666865348816,0.0,1.0,0.5,0.0,0.0,14034.4482421875,14893.6484375,14893.6484375,14034.4482421875,-0.01074335367679596,0.0,0.0,0.0,30.5,1.5,11.0,10.0,30.5,1.5,11.0,10.0,300.0,15.0,7.333333333333333,30.0
1.2291666666666665,x,gym_env,0.6106224656105042,-6.510924154559889e-16,0.9998648762702942,0.480288565158844,-1.843196421026324e-15,0.000914655567612499,2.625254476748372e-16,0.035738833248615265,2.2907958082017025e-17,0.6145833134651184,0.0,1.0,0.5,0.0,0.0,14892.52734375,14033.3271484375,14033.3271484375,14892.52734375,-0.6953838176250458,0.0,0.0,0.0,30.5,1.5,11.0,10.0,30.5,1.5,11.0,10.0,300.0,15.0,7.333333333333333,30.0
1.25,x,gym_env,0.6207133531570435,-6.901295699565386e-16,0.9998825192451477,0.4873758554458618,-1.8938282389649235e-15,0.000792705686762929,2.5049951211773705e-16,0.04252084344625473,2.4810147581727642e-17,0.625,0.0,1.0,0.5,0.0,0.0,14891.5712890625,14032.3720703125,14032.3720703125,14891.5712890625,-0.00743973673582077,0.0,0.0,0.0,30.5,1.5,11.0,10.0,30.5,1.5,11.0,10.0,300.0,15.0,7.333333333333333,30.0
1.2708333333333333,x,gym_env,0.6309667825698853,-7.301889344057467e-16,0.999896764755249,0.49527665972709656,-1.941823666855194e-15,0.00061208033002913,2.3726364293504335e-16,0.035667143762111664,2.327725452085255e-17,0.6354166865348816,0.0,1.0,0.5,0.0,0.0,14033.6591796875,14892.859375,14892.859375,14033.6591796875,-0.6935592983722687,0.0,0.0,0.0,30.5,1.5,11.0,10.0,30.5,1.5,11.0,10.0,300.0,15.0,7.333333333333333,30.0
1.2916666666666665,x,gym_env,0.6413676142692566,-7.712139164148246e-16,0.9999083280563354,0.5016573667526245,-1.9870698375569137e-15,0.000524816510733217,2.2190821938563356e-16,0.03155049309134483,2.244445900630151e-17,0.6458333134651184,0.0,1.0,0.5,0.0,0.0,14282.619140625,14644.2626953125,14644.2626953125,14282.619140625,-0.2062231834411621,0.0,0.0,0.0,30.5,1.5,11.0,10.0,30.5,1.5,11.0,10.0,300.0,15.0,7.333333333333333,30.0
1.3125,x,gym_env,0.6518921852111816,-8.13140617935814e-16,0.9999166131019592,0.5076110363006592,-2.028902253722962e-15,0.0003090307000093162,2.0204885695787665e-16,0.036331404000520706,2.3602008938063318e-17,0.65625,0.0,1.0,0.5,0.0,0.0,14893.76171875,14034.5615234375,14034.5615234375,14893.76171875,-0.49680738856792456,0.0,0.0,0.0,30.5,1.5,11.0,10.0,30.5,1.5,11.0,10.0,300.0,15.0,7.333333333333333,30.0
1.3333333333333333,x,gym_env,0.6625519394874573,-8.558862944376799e-16,0.9999220967292786,0.5144529938697815,-2.0663838851554383e-15,0.00023097895609680563,1.7623289414723148e-16,0.03522225841879845,2.3552077007567167e-17,0.6666666865348816,0.0,1.0,0.5,0.0,0.0,14893.4560546875,14034.255859375,14034.255859375,14893.4560546875,-0.010001871204376222,0.0,0.0,0.0,30.5,1.5,11.0,10.0,30.5,1.5,11.0,10.0,300.0,15.0,7.333333333333333,30.0
1.3541666666666665,x,gym_env,0.6733489632606506,-8.993461255931996e-16,0.9999260306358337,0.5205004215240479,-2.0984222711106218e-15,0.00017075576761271805,1.460523293780625e-16,0.020485758781433105,2.1273015748971264e-17,0.6770833134651184,0.0,1.0,0.5,0.0,0.0,14036.861328125,14896.0615234375,14896.0615234375,14036.861328125,-0.6980248904943467,0.0,0.0,0.0,30.5,1.5,11.0,10.0,30.5,1.5,11.0,10.0,300.0,15.0,7.333333333333333,30.0
1.375,x,gym_env,0.6842347383499146,-9.43396497531633e-16,0.9999306201934814,0.5234220623970032,-2.124211247980963e-15,0.0002613987016957253,1.132240851995644e-16,0.008501441217958927,1.975377944000942e-17,0.6875,0.0,1.0,0.5,0.0,0.0,14036.75,14895.9501953125,14895.9501953125,14036.75,-0.01140956108570099,0.0,0.0,0.0,30.5,1.5,11.0,10.0,30.5,1.5,11.0,10.0,300.0,15.0,7.333333333333333,30.0
1.3958333333333333,x,gym_env,0.695152997970581,-9.879002438550845e-16,0.9999374747276306,0.5244500041007996,-2.1432709716018425e-15,0.00037524965591728687,8.149624931611294e-17,0.010163310915231705,2.0011874680376992e-17,0.6979166865348816,0.0,1.0,0.5,0.0,0.0,14893.873046875,14034.673828125,14034.673828125,14893.873046875,-0.6994284842967987,0.0,0.0,0.0,30.5,1.5,11.0,10.0,30.5,1.5,11.0,10.0,300.0,15.0,7.333333333333333,30.0
1.4166666666666665,x,gym_env,0.7060964703559875,-1.0327199334678617e-15,0.9999459385871887,0.5259262323379517,-2.1558779982305386e-15,0.0004261332505848259,5.003593687765093e-17,0.009095867164433002,2.00911864118698e-17,0.7083333134651184,0.0,1.0,0.5,0.0,0.0,14660.2294921875,14266.353515625,14266.353515625,14660.2294921875,-0.19887403056621553,0.0,0.0,0.0,30.5,1.5,11.0,10.0,30.5,1.5,11.0,10.0,300.0,15.0,7.333333333333333,30.0
1.4375,x,gym_env,0.7170663475990295,-1.0777208881313513e-15,0.9999533891677856,0.5267446637153625,-2.161896802595491e-15,0.0003125004004687071,1.561565291575774e-17,-0.0011701298644766212,1.9854194203289683e-17,0.71875,0.0,1.0,0.5,0.0,0.0,14035.9443359375,14895.14453125,14895.14453125,14035.9443359375,-0.5143392050266266,0.0,0.0,0.0,30.5,1.5,11.0,10.0,30.5,1.5,11.0,10.0,300.0,15.0,7.333333333333333,30.0
1.4583333333333333,x,gym_env,0.7280280590057373,-1.1227594298818754e-15,0.9999611377716064,0.5255378484725952,-2.160831023389608e-15,0.0004093047755304724,-2.068621547678737e-17,-0.00574211310595274,1.9934472081737955e-17,0.7291666865348816,0.0,1.0,0.5,0.0,0.0,14034.57421875,14893.7744140625,14893.7744140625,14034.57421875,-0.01447829613685608,0.0,0.0,0.0,30.5,1.5,11.0,10.0,30.5,1.5,11.0,10.0,300.0,15.0,7.333333333333333,30.0
1.4791666666666665,x,gym_env,0.7389553189277649,-1.1676839398218754e-15,0.9999703764915466,0.5239571332931519,-2.152465514244288e-15,0.0004664227890316397,-5.456762270246554e-17,0.003321223659440875,1.9720187635333643e-17,0.7395833134651184,0.0,1.0,0.5,0.0,0.0,14892.1083984375,14032.908203125,14032.908203125,14892.1083984375,-0.7013001031398773,0.0,0.0,0.0,30.5,1.5,11.0,10.0,30.5,1.5,11.0,10.0,300.0,15.0,7.333333333333333,30.0
1.5,x,gym_env,0.7498723268508911,-1.2123477753723578e-15,0.9999802112579346,0.5243395566940308,-2.137226120973762e-15,0.00047516103950329125,-8.6568328926386e-17,0.009645335376262665,1.9452975210254513e-17,0.75,0.0,1.0,0.5,0.0,0.0,14890.84375,14031.6435546875,14031.6435546875,14890.84375,-0.0156409695148468,0.0,0.0,0.0,30.5,1.5,11.0,10.0,30.5,1.5,11.0,10.0,300.0,15.0,7.333333333333333,30.0
1.5208333333333333,x,gym_env,0.7608110904693604,-1.256613823074986e-15,0.9999896883964539,0.5254544019699097,-2.115682896751533e-15,0.00044394860742613673,-1.1479758124798727e-16,0.0023348452523350716,2.031324304730966e-17,0.7604166865348816,0.0,1.0,0.5,0.0,0.0,14032.6005859375,14891.7998046875,14891.7998046875,14032.6005859375,-0.7024427746295929,0.0,0.0,0.0,30.5,1.5,11.0,10.0,30.5,1.5,11.0,10.0,300.0,15.0,7.333333333333333,30.0
1.5416666666666665,x,gym_env,0.7717549204826355,-1.3003590513941711e-15,0.9999989867210388,0.5249651670455933,-2.088401024311656e-15,0.0004469102423172444,-1.4383883376354e-16,-0.0022382561583071947,2.0973267001677973e-17,0.7708333134651184,0.0,1.0,0.5,0.0,0.0,14070.400390625,14854.115234375,14854.115234375,14070.400390625,-0.04565165731906891,0.0,0.0,0.0,30.5,1.5,11.0,10.0,30.5,1.5,11.0,10.0,300.0,15.0,7.333333333333333,30.0
1.5625,x,gym_env,0.7826790809631348,-1.343462334618456e-15,1.0000079870224,0.5240809321403503,-2.05518653310921e-15,0.0004216750094201416,-1.742270671885741e-16,0.006103192921727896,1.976973906274802e-17,0.78125,0.0,1.0,0.5,0.0,0.0,14891.0048828125,14031.8046875,14031.8046875,14891.0048828125,-0.6732687468528747,0.0,0.0,0.0,30.5,1.5,11.0,10.0,30.5,1.5,11.0,10.0,300.0,15.0,7.333333333333333,30.0
1.5833333333333333,x,gym_env,0.7936055064201355,-1.385795770772805e-15,1.000016450881958,0.5249814987182617,-2.015667787438587e-15,0.0003962275222875178,-2.0730850804385223e-16,0.011227840557694435,1.8972568562818415e-17,0.7916666865348816,0.0,1.0,0.5,0.0,0.0,14890.146484375,14030.947265625,14030.947265625,14890.146484375,-0.017536483716964722,0.0,0.0,0.0,30.5,1.5,11.0,10.0,30.5,1.5,11.0,10.0,300.0,15.0,7.333333333333333,30.0
1.6041666666666665,x,gym_env,0.8045614957809448,-1.427222140519763e-15,1.0000240802764893,0.5263689756393433,-1.9694661635723644e-15,0.00034282117849215865,-2.3929347798379947e-16,0.002720130141824484,2.0993086249154744e-17,0.8020833134651184,0.0,1.0,0.5,0.0,0.0,14032.6884765625,14891.888671875,14891.888671875,14032.6884765625,-0.7046877567529678,0.0,0.0,0.0,30.5,1.5,11.0,10.0,30.5,1.5,11.0,10.0,300.0,15.0,7.333333333333333,30.0
1.625,x,gym_env,0.8155251145362854,-1.4676048597965854e-15,1.0000312328338623,0.5259079337120056,-1.9167201513974183e-15,0.00034819432767108083,-2.745197518453133e-16,-0.00304800714366138,2.2541111752155882e-17,0.8125,0.0,1.0,0.5,0.0,0.0,14033.048828125,14892.2490234375,14892.2490234375,14033.048828125,-0.017979169297218323,0.0,0.0,0.0,30.5,1.5,11.0,10.0,30.5,1.5,11.0,10.0,300.0,15.0,7.333333333333333,30.0
1.6458333333333333,x,gym_env,0.8264667391777039,-1.5067994036066469e-15,1.000038743019104,0.5248276591300964,-1.8567440777429462e-15,0.00036408877349458635,-3.12167904661264e-16,0.004818507004529238,2.0361436244158226e-17,0.8229166865348816,0.0,1.0,0.5,0.0,0.0,14890.7744140625,14031.57421875,14031.57421875,14890.7744140625,-0.7056687242507935,0.0,0.0,0.0,30.5,1.5,11.0,10.0,30.5,1.5,11.0,10.0,300.0,15.0,7.333333333333333,30.0
1.6666666666666665,x,gym_env,0.8374055027961731,-1.5446490708547053e-15,1.000045895576477,0.5254650115966797,-1.789128190420714e-15,0.0003340579569339752,-3.487492459499275e-16,0.009947883896529675,1.885629343847306e-17,0.8333333134651184,0.0,1.0,0.5,0.0,0.0,14889.955078125,14030.7548828125,14030.7548828125,14889.955078125,-0.019678997445106504,0.0,0.0,0.0,30.5,1.5,11.0,10.0,30.5,1.5,11.0,10.0,300.0,15.0,7.333333333333333,30.0
1.6875,x,gym_env,0.848368227481842,-1.5809991721487684e-15,1.0000522136688232,0.5265907645225525,-1.7143750976057986e-15,0.0002777824702206999,-3.809988342765529e-16,0.001445083529688418,2.208408619191421e-17,0.84375,0.0,1.0,0.5,0.0,0.0,14032.7431640625,14891.943359375,14891.943359375,14032.7431640625,-0.7068237877607346,0.0,0.0,0.0,30.5,1.5,11.0,10.0,30.5,1.5,11.0,10.0,300.0,15.0,7.333333333333333,30.0
1.7083333333333333,x,gym_env,0.8593332171440125,-1.6157099470525392e-15,1.0000580549240112,0.5258694291114807,-1.63305167609815e-15,0.00028488057432696223,-4.1542156503869803e-16,-0.004318054765462875,2.4448376832105125e-17,0.8541666865348816,0.0,1.0,0.5,0.0,0.0,14033.2138671875,14892.4140625,14892.4140625,14033.2138671875,-0.020160199427604674,0.0,0.0,0.0,30.5,1.5,11.0,10.0,30.5,1.5,11.0,10.0,300.0,15.0,7.333333333333333,30.0
1.7291666666666665,x,gym_env,0.8702707886695862,-1.6486402587011814e-15,1.0000642538070679,0.5245302319526672,-1.5447739023353069e-15,0.0003048214712180197,-4.514531025352547e-16,0.00355356652289629,2.1167363278052316e-17,0.8645833134651184,0.0,1.0,0.5,0.0,0.0,14890.818359375,14031.6181640625,14031.6181640625,14890.818359375,-0.7077135182142258,0.0,0.0,0.0,30.5,1.5,11.0,10.0,30.5,1.5,11.0,10.0,300.0,15.0,7.333333333333333,30.0
1.75,x,gym_env,0.8812001347541809,-1.6796402881421495e-15,1.0000702142715454,0.5249102711677551,-1.4491393297882049e-15,0.000277589337201789,-4.896503709290426e-16,0.008688080124557018,1.894557765943081e-17,0.875,0.0,1.0,0.5,0.0,0.0,14889.9560546875,14030.755859375,14030.755859375,14889.9560546875,-0.021705010986328124,0.0,0.0,0.0,30.5,1.5,11.0,10.0,30.5,1.5,11.0,10.0,300.0,15.0,7.333333333333333,30.0
1.7708333333333333,x,gym_env,0.8921481370925903,-1.7085515343351885e-15,1.000075340270996,0.525780200958252,-1.345726559565585e-15,0.00022350979270413518,-5.299655393283214e-16,0.00019039324251934886,2.3405523764079922e-17,0.8854166865348816,0.0,1.0,0.5,0.0,0.0,14032.869140625,14892.0693359375,14892.0693359375,14032.869140625,-0.708757171702385,0.0,0.0,0.0,30.5,1.5,11.0,10.0,30.5,1.5,11.0,10.0,300.0,15.0,7.333333333333333,30.0
1.7916666666666665,x,gym_env,0.9030930399894714,-1.7352071317896893e-15,1.0000801086425781,0.524804413318634,-1.2342357420041194e-15,0.0002340045612072572,-5.689648420440408e-16,-0.0055675688199698925,2.6627987820015003e-17,0.8958333134651184,0.0,1.0,0.5,0.0,0.0,14037.587890625,14888.376953125,14888.376953125,14037.587890625,-0.025017944383621215,0.0,0.0,0.0,30.5,1.5,11.0,10.0,30.5,1.5,11.0,10.0,300.0,15.0,7.333333333333333,30.0
1.8125,x,gym_env,0.9140052795410156,-1.7594425443556477e-15,1.0000852346420288,0.5232101678848267,-1.1149729736351218e-15,0.00025425091735087335,-6.087547970764628e-16,0.002229307545349002,2.2163452517327447e-17,0.90625,0.0,1.0,0.5,0.0,0.0,14890.96484375,14031.7646484375,14031.7646484375,14890.96484375,-0.706146958732605,0.0,0.0,0.0,30.5,1.5,11.0,10.0,30.5,1.5,11.0,10.0,300.0,15.0,7.333333333333333,30.0
1.8333333333333333,x,gym_env,0.9249036908149719,-1.7810932358830597e-15,1.00009024143219,0.5233170986175537,-9.87627605125187e-16,0.00023245859483722597,-6.49372515056589e-16,0.007235835772007704,1.9208624402945123e-17,0.9166666865348816,0.0,1.0,0.5,0.0,0.0,14890.0771484375,14030.876953125,14030.876953125,14890.0771484375,-0.023441579627990723,0.0,0.0,0.0,30.5,1.5,11.0,10.0,30.5,1.5,11.0,10.0,300.0,15.0,7.333333333333333,30.0
1.8541666666666665,x,gym_env,0.9358148574829102,-1.7999899056615927e-15,1.0000945329666138,0.523888349533081,-8.52274916527502e-16,0.000183889627805911,-6.883457715091803e-16,-0.001389809069223702,2.5099872554358016e-17,0.9270833134651184,0.0,1.0,0.5,0.0,0.0,14033.0107421875,14892.2109375,14892.2109375,14033.0107421875,-0.7103813714504242,0.0,0.0,0.0,30.5,1.5,11.0,10.0,30.5,1.5,11.0,10.0,300.0,15.0,7.333333333333333,30.0
1.875,x,gym_env,0.94671630859375,-1.815969393969782e-15,1.0000985860824585,0.5225881338119507,-7.091301600897879e-16,0.0001976498169824481,-7.281613492882567e-16,-0.007275489158928394,2.9316448887904226e-17,0.9375,0.0,1.0,0.5,0.0,0.0,14033.5087890625,14892.708984375,14892.708984375,14033.5087890625,-0.023573405861854555,0.0,0.0,0.0,30.5,1.5,11.0,10.0,30.5,1.5,11.0,10.0,300.0,15.0,7.333333333333333,30.0
1.8958333333333333,x,gym_env,0.9575780630111694,-1.8288667411411495e-15,1.0001029968261719,0.5206460356712341,-5.579432493343678e-16,0.00022311693464871496,-7.698217118868938e-16,0.0004740030854009092,2.3631372195447725e-17,0.9479166865348816,0.0,1.0,0.5,0.0,0.0,14891.064453125,14031.8642578125,14031.8642578125,14891.064453125,-0.7109220541238785,0.0,0.0,0.0,30.5,1.5,11.0,10.0,30.5,1.5,11.0,10.0,300.0,15.0,7.333333333333333,30.0
1.9166666666666665,x,gym_env,0.9684186577796936,-1.8385116935532974e-15,1.0001074075698853,0.5203995108604431,-3.9857799724519105e-16,0.00020521004626061767,-8.088232380640996e-16,0.005486548878252506,1.9874283111646146e-17,0.9583333134651184,0.0,1.0,0.5,0.0,0.0,14890.19140625,14030.9912109375,14030.9912109375,14890.19140625,-0.024722614097595214,0.0,0.0,0.0,30.5,1.5,11.0,10.0,30.5,1.5,11.0,10.0,300.0,15.0,7.333333333333333,30.0
1.9375,x,gym_env,0.9792646169662476,-1.844739079781511e-15,1.0001111030578613,0.5206191539764404,-2.314244889642478e-16,0.00016174557094927877,-8.494185626106829e-16,-0.0031331880018115044,2.7150140618605426e-17,0.96875,0.0,1.0,0.5,0.0,0.0,14033.0185546875,14892.21875,14892.21875,14033.0185546875,-0.7115490949869157,0.0,0.0,0.0,30.5,1.5,11.0,10.0,30.5,1.5,11.0,10.0,300.0,15.0,7.333333333333333,30.0
1.9583333333333333,x,gym_env,0.9900935888290405,-1.8473828813681285e-15,1.0001146793365479,0.5189689993858337,-5.611955249795793e-17,0.0001743388274917379,-8.897850294428298e-16,-0.009013008326292038,3.231780425738143e-17,0.9791666865348816,0.0,1.0,0.5,0.0,0.0,14033.4638671875,14892.6630859375,14892.6630859375,14033.4638671875,-0.02456658658981323,0.0,0.0,0.0,30.5,1.5,11.0,10.0,30.5,1.5,11.0,10.0,300.0,15.0,7.333333333333333,30.0
1.9791666666666665,x,gym_env,1.0008755922317505,-1.8462751740313567e-15,1.0001184940338135,0.5166788101196289,1.270338324389127e-16,0.000196025226614438,-9.287401805661735e-16,-0.0012576946755871177,2.5391132774205287e-17,0.9895833134651184,0.0,1.0,0.5,0.0,0.0,14891.1728515625,14031.97265625,14031.97265625,14891.1728515625,-0.7118185643911362,0.0,0.0,0.0,30.5,1.5,11.0,10.0,30.5,1.5,11.0,10.0,300.0,15.0,7.333333333333333,30.0
2.0,x,gym_env,1.0116292238235474,-1.8412533274453228e-15,1.0001224279403687,0.5160859227180481,3.182280548219541e-16,0.00018161746265832335,-9.739209179727179e-16,0.003760578576475382,2.0813900730502282e-17,1.0,0.0,1.0,0.0,0.0,0.0,14880.0693359375,14020.869140625,14020.869140625,14880.0693359375,-0.10865782880783081,0.0,0.0,0.0,30.5,1.5,11.0,10.0,30.5,1.5,11.0,10.0,300.0,15.0,7.333333333333333,30.0
2.020833333333333,x,gym_env,1.0223809480667114,-1.832139888207577e-15,1.0001221895217896,0.5159604549407959,5.181242834235023e-16,-0.00014587277837563306,-1.0196386742678215e-15,-0.004847755189985037,2.951288112232842e-17,1.0,0.0,1.0,0.0,0.0,0.0,14910.0478515625,14050.84765625,14050.84765625,14910.0478515625,-0.13411652896404266,0.0,0.0,0.0,30.5,1.5,11.0,10.0,30.5,1.5,11.0,10.0,300.0,15.0,7.333333333333333,30.0
2.0416666666666665,x,gym_env,1.0331058502197266,-1.818739615223777e-15,1.000125527381897,0.5135191082954407,7.277528147098841e-16,0.0003628346312325448,-1.0619587696532513e-15,-0.02707512304186821,5.2703422299567033e-17,1.0,0.0,1.0,0.0,0.0,0.0,14970.1171875,14110.9169921875,14110.9169921875,14970.1171875,-0.1676637339115143,0.0,0.0,0.0,30.5,1.5,11.0,10.0,30.5,1.5,11.0,10.0,300.0,15.0,7.333333333333333,30.0
2.0625,x,gym_env,1.043720006942749,-1.8008475265206877e-15,1.0001596212387085,0.5059217214584351,9.47251767991061e-16,0.0024553185794502497,-1.1061982416971593e-15,-0.0629325583577156,9.157275177999711e-17,1.0,0.0,1.0,0.0,0.0,0.0,15044.755859375,14185.5556640625,14185.5556640625,15044.755859375,-0.18732637888193132,0.0,0.0,0.0,30.5,1.5,11.0,10.0,30.5,1.5,11.0,10.0,300.0,15.0,7.333333333333333,30.0
2.083333333333333,x,gym_env,1.0540797710418701,-1.778254404960337e-15,1.0002591609954834,0.4902378022670746,1.1769689032314402e-15,0.006230545695871115,-1.1536063581176273e-15,-0.11243566870689392,1.4766284341325835e-16,1.0,0.0,1.0,0.0,0.0,0.0,14259.666015625,15118.8662109375,15118.8662109375,14259.666015625,-0.8209347478270531,0.0,0.0,0.0,30.5,1.5,11.0,10.0,30.5,1.5,11.0,10.0,300.0,15.0,7.333333333333333,30.0
2.1041666666666665,x,gym_env,1.0639820098876953,-1.750753362745358e-15,1.0004518032073975,0.4639505445957184,1.4164065885745097e-15,0.011085465550422668,-1.2065397763321535e-15,-0.15899667143821716,2.0294111352358045e-16,1.0,0.0,1.0,0.0,0.0,0.0,14285.7265625,15144.92578125,15144.92578125,14285.7265625,-0.1583346566915512,0.0,0.0,0.0,30.5,1.5,11.0,10.0,30.5,1.5,11.0,10.0,300.0,15.0,7.333333333333333,30.0
2.125,x,gym_env,1.0732167959213257,-1.7181573114735259e-15,1.000738263130188,0.42846542596817017,1.664485280528994e-15,0.0153578482568264,-1.2607147330891176e-15,-0.19159282743930817,2.437227720836698e-16,1.0,0.0,1.0,0.0,0.0,0.0,14696.5419921875,14690.8369140625,14690.8369140625,14696.5419921875,-0.4856076990485192,0.0,0.0,0.0,30.5,1.5,11.0,10.0,30.5,1.5,11.0,10.0,300.0,15.0,7.333333333333333,30.0
2.145833333333333,x,gym_env,1.081631064414978,-1.6803028796651392e-15,1.0010889768600464,0.38676610589027405,1.919794245721241e-15,0.01766655221581459,-1.314489678536741e-15,-0.2186361849308014,2.7932684910943867e-16,1.0,0.0,1.0,0.0,0.0,0.0,14632.63671875,14699.623046875,14699.623046875,14632.63671875,-0.1691500645637512,0.0,0.0,0.0,30.5,1.5,11.0,10.0,30.5,1.5,11.0,10.0,300.0,15.0,7.333333333333333,30.0
2.1666666666666665,x,gym_env,1.0891101360321045,-1.6370407777632442e-15,1.001463532447815,0.3397557735443115,2.182173289045101e-15,0.01801992394030094,-1.369648993457533e-15,-0.24501830339431763,3.1574526890465373e-16,1.0,0.0,1.0,0.0,0.0,0.0,14211.8515625,15071.0517578125,15071.0517578125,14211.8515625,-0.45560446633100515,0.0,0.0,0.0,30.5,1.5,11.0,10.0,30.5,1.5,11.0,10.0,300.0,15.0,7.333333333333333,30.0
2.1875,x,gym_env,1.0955463647842407,-1.5882202339032297e-15,1.0018234252929688,0.2878170311450958,2.4519742468110403e-15,0.016630372032523155,-1.424448848771334e-15,-0.26264435052871704,3.4121713781536665e-16,1.0,0.0,1.0,0.0,0.0,0.0,14180.833984375,15040.0341796875,15040.0341796875,14180.833984375,-0.16065162041187286,0.0,0.0,0.0,30.5,1.5,11.0,10.0,30.5,1.5,11.0,10.0,300.0,15.0,7.333333333333333,30.0
2.208333333333333,x,gym_env,1.1008620262145996,-1.5336836999569063e-15,1.002132773399353,0.23317021131515503,2.7295211091213833e-15,0.013603726401925087,-1.4746539738627541e-15,-0.266467809677124,3.4708408505474395e-16,1.0,0.0,1.0,0.0,0.0,0.0,15009.9296875,14150.7294921875,14150.7294921875,15009.9296875,-0.8191169149398804,0.0,0.0,0.0,30.5,1.5,11.0,10.0,30.5,1.5,11.0,10.0,300.0,15.0,7.333333333333333,30.0
2.2291666666666665,x,gym_env,1.1050328016281128,-1.4732579576865606e-15,1.002366065979004,0.1781597137451172,3.015712577933167e-15,0.009576234966516495,-1.5271798633505326e-15,-0.27302607893943787,3.575145811161314e-16,1.0,0.0,1.0,0.0,0.0,0.0,14130.7841796875,14989.984375,14989.984375,14130.7841796875,-0.813696151894331,0.0,0.0,0.0,30.5,1.5,11.0,10.0,30.5,1.5,11.0,10.0,300.0,15.0,7.333333333333333,30.0
2.25,x,gym_env,1.1080442667007446,-1.4067584597888096e-15,1.0025042295455933,0.121944859623909,3.3107595644502573e-15,0.004612860269844532,-1.5788960952198543e-15,-0.27683737874031067,3.637791309149058e-16,1.0,0.0,1.0,0.0,0.0,0.0,14117.763671875,14976.962890625,14976.962890625,14117.763671875,-0.13014784872233867,0.0,0.0,0.0,30.5,1.5,11.0,10.0,30.5,1.5,11.0,10.0,300.0,15.0,7.333333333333333,30.0
2.270833333333333,x,gym_env,1.109879493713379,-1.333994094454929e-15,1.0025326013565063,0.06567705422639847,3.615393269864372e-15,-0.0007608128362335265,-1.6237381253266154e-15,-0.2669315040111542,3.4751734240726453e-16,1.0,0.0,1.0,0.0,0.0,0.0,14783.490234375,14303.810546875,14303.810546875,14783.490234375,-0.6478751567330212,0.0,0.0,0.0,30.5,1.5,11.0,10.0,30.5,1.5,11.0,10.0,300.0,15.0,7.333333333333333,30.0
2.2916666666666665,x,gym_env,1.110568642616272,-1.2547528916898682e-15,1.0024532079696655,0.01169967744499445,3.9304941849241815e-15,-0.0057497043162584305,-1.6693483084374177e-15,-0.25614866614341736,3.2943972701894684e-16,1.0,0.0,1.0,0.0,0.0,0.0,14350.0615234375,14738.013671875,14738.013671875,14350.0615234375,-0.4632381247654557,0.0,0.0,0.0,30.5,1.5,11.0,10.0,30.5,1.5,11.0,10.0,300.0,15.0,7.333333333333333,30.0
2.3125,x,gym_env,1.1101608276367188,-1.1688102818834868e-15,1.0022770166397095,-0.04016375169157982,4.256540459728411e-15,-0.010194155387580395,-1.7160903393239886e-15,-0.24472542107105255,3.0971971474590305e-16,1.0,0.0,1.0,0.0,0.0,0.0,14116.703125,14975.90234375,14975.90234375,14116.703125,-0.3106083247184753,0.0,0.0,0.0,30.5,1.5,11.0,10.0,30.5,1.5,11.0,10.0,300.0,15.0,7.333333333333333,30.0
2.333333333333333,x,gym_env,1.1087027788162231,-1.0759328015796975e-15,1.0020185708999634,-0.08937811851501465,4.5940369259136245e-15,-0.013764758594334126,-1.7605251583413572e-15,-0.22262024879455566,2.705150330102542e-16,1.0,0.0,1.0,0.0,0.0,0.0,14979.8095703125,14133.49609375,14133.49609375,14979.8095703125,-0.8085870311856271,0.0,0.0,0.0,30.5,1.5,11.0,10.0,30.5,1.5,11.0,10.0,300.0,15.0,7.333333333333333,30.0
2.3541666666666665,x,gym_env,1.1062743663787842,-9.7586994078435e-16,1.0017021894454956,-0.13405057787895203,4.943943271809061e-15,-0.01598750427365303,-1.806626620561567e-15,-0.20318138599395752,2.3544323678249585e-16,1.0,0.0,1.0,0.0,0.0,0.0,14321.3681640625,14798.7080078125,14798.7080078125,14321.3681640625,-0.6586681948959827,0.0,0.0,0.0,30.5,1.5,11.0,10.0,30.5,1.5,11.0,10.0,300.0,15.0,7.333333333333333,30.0
2.375,x,gym_env,1.1029648780822754,-8.68373836481254e-16,1.001349925994873,-0.174946591258049,5.305210023593071e-15,-0.017437614500522614,-1.8537928031964754e-15,-0.1846008598804474,2.0111079443857211e-16,1.0,0.0,1.0,0.0,0.0,0.0,14133.373046875,14992.572265625,14992.572265625,14133.373046875,-0.2833443126916886,0.0,0.0,0.0,30.5,1.5,11.0,10.0,30.5,1.5,11.0,10.0,300.0,15.0,7.333333333333333,30.0
2.395833333333333,x,gym_env,1.098852515220642,-7.532035077969157e-16,1.0009794235229492,-0.21165364980697632,5.678378011802479e-15,-0.017882999032735825,-1.897514949867848e-15,-0.15477272868156433,1.4471978773335388e-16,1.0,0.0,1.0,0.0,0.0,0.0,15006.16015625,14146.9599609375,14146.9599609375,15006.16015625,-0.8177369323432446,0.0,0.0,0.0,30.5,1.5,11.0,10.0,30.5,1.5,11.0,10.0,300.0,15.0,7.333333333333333,30.0
2.4166666666666665,x,gym_env,1.0940507650375366,-6.301058506987835e-16,1.000617265701294,-0.24217601120471954,6.06375640346303e-15,-0.01692245341837406,-1.944796117225346e-15,-0.12776240706443787,9.281788359501603e-17,1.0,0.0,1.0,0.0,0.0,0.0,14923.392578125,14233.8515625,14233.8515625,14923.392578125,-0.19668991307020187,0.0,0.0,0.0,30.5,1.5,11.0,10.0,30.5,1.5,11.0,10.0,300.0,15.0,7.333333333333333,30.0
2.4375,x,gym_env,1.0886808633804321,-4.988359667859826e-16,1.0002846717834473,-0.26763585209846497,6.460642584744979e-15,-0.015271934680640697,-1.9985799565189156e-15,-0.11290512979030609,6.37252069151421e-17,1.0,0.0,1.0,0.0,0.0,0.0,14133.638671875,14992.8388671875,14992.8388671875,14133.638671875,-0.7458185571193696,0.0,0.0,0.0,30.5,1.5,11.0,10.0,30.5,1.5,11.0,10.0,300.0,15.0,7.333333333333333,30.0
2.458333333333333,x,gym_env,1.0828204154968262,-3.591630660501659e-16,0.9999863505363464,-0.29001104831695557,6.868215780722435e-15,-0.013638532720506191,-2.0498123208171183e-15,-0.09424291551113129,2.606411037696618e-17,1.0,0.0,1.0,0.0,0.0,0.0,14127.755859375,14986.9560546875,14986.9560546875,14127.755859375,-0.12744127498865127,0.0,0.0,0.0,30.5,1.5,11.0,10.0,30.5,1.5,11.0,10.0,300.0,15.0,7.333333333333333,30.0
2.4791666666666665,x,gym_env,1.0765447616577148,-2.108660331874305e-16,0.9997251033782959,-0.30793508887290955,7.286390017551252e-15,-0.011740018613636494,-2.098651605281091e-15,-0.061899565160274506,-4.0783319538759377e-17,1.0,0.0,1.0,0.0,0.0,0.0,15000.2421875,14141.0419921875,14141.0419921875,15000.2421875,-0.8052001125335694,0.0,0.0,0.0,30.5,1.5,11.0,10.0,30.5,1.5,11.0,10.0,300.0,15.0,7.333333333333333,30.0
2.5,x,gym_env,1.0699784755706787,-5.371497816193568e-17,0.9995143413543701,-0.3190765380859375,7.715892473016649e-15,-0.008981321938335896,-2.1516527861313974e-15,-0.032381318509578705,-1.0303369650894393e-16,1.0,0.0,1.0,0.0,0.0,0.0,15000.6220703125,14141.421875,14141.421875,15000.6220703125,-0.11225817059278488,0.0,0.0,0.0,30.5,1.5,11.0,10.0,30.5,1.5,11.0,10.0,300.0,15.0,7.333333333333333,30.0
2.520833333333333,x,gym_env,1.0632543563842773,1.125173288493093e-16,0.9993646144866943,-0.3246660530567169,8.15610142493534e-15,-0.005975612439215183,-2.208368206455414e-15,-0.016643619164824486,-1.3688822698215903e-16,1.0,0.0,1.0,0.0,0.0,0.0,14122.0283203125,14981.228515625,14981.228515625,14122.0283203125,-0.7928797609329223,0.0,0.0,0.0,30.5,1.5,11.0,10.0,30.5,1.5,11.0,10.0,300.0,15.0,7.333333333333333,30.0
2.5416666666666665,x,gym_env,1.056455135345459,2.880439563372083e-16,0.9992715716362,-0.32709646224975586,8.60627487244553e-15,-0.0034558509942144156,-2.2682998108801552e-15,0.0018092415994033217,-1.7784260085414947e-16,1.0,0.0,1.0,0.0,0.0,0.0,14111.8173828125,14971.017578125,14971.017578125,14111.8173828125,-0.10659632433652877,0.0,0.0,0.0,30.5,1.5,11.0,10.0,30.5,1.5,11.0,10.0,300.0,15.0,7.333333333333333,30.0
2.5625,x,gym_env,1.0496553182601929,4.73081506508242e-16,0.9992275834083557,-0.3251483738422394,9.066908329821363e-15,-0.001220531528815627,-2.3290435081430765e-15,0.03393044322729111,-2.5123068683967473e-16,1.0,0.0,1.0,0.0,0.0,0.0,14977.1474609375,14117.9482421875,14117.9482421875,14977.1474609375,-0.7778075654864312,0.0,0.0,0.0,30.5,1.5,11.0,10.0,30.5,1.5,11.0,10.0,300.0,15.0,7.333333333333333,30.0
2.583333333333333,x,gym_env,1.0429785251617432,6.678506976196192e-16,0.9992306232452393,-0.31646183133125305,9.538311811121535e-15,0.0010214828653261065,-2.3953077426397277e-15,0.0632343739271164,-3.199531697679355e-16,1.0,0.0,1.0,0.0,0.0,0.0,14973.45703125,14114.2568359375,14114.2568359375,14973.45703125,-0.08485640957355499,0.0,0.0,0.0,30.5,1.5,11.0,10.0,30.5,1.5,11.0,10.0,300.0,15.0,7.333333333333333,30.0
2.6041666666666665,x,gym_env,1.0365556478500366,8.725736375919777e-16,0.9992754459381104,-0.3023201823234558,1.0020504798103833e-14,0.002868825336918235,-2.463036920618655e-15,0.07878240942955017,-3.5736547684763506e-16,1.0,0.0,1.0,0.0,0.0,0.0,14821.158203125,14234.7470703125,14234.7470703125,14821.158203125,-0.18241046277284623,0.0,0.0,0.0,30.5,1.5,11.0,10.0,30.5,1.5,11.0,10.0,300.0,15.0,7.333333333333333,30.0
2.625,x,gym_env,1.0304646492004395,1.0874757430684055e-15,0.9993492364883423,-0.2855345904827118,1.0513534724613301e-14,0.003972623962908983,-2.5300588260866253e-15,0.08322305977344513,-3.681510385325997e-16,1.0,0.0,1.0,0.0,0.0,0.0,14081.603515625,14940.8037109375,14940.8037109375,14081.603515625,-0.6431640491843225,0.0,0.0,0.0,30.5,1.5,11.0,10.0,30.5,1.5,11.0,10.0,300.0,15.0,7.333333333333333,30.0
2.645833333333333,x,gym_env,1.0247348546981812,1.312797836103719e-15,0.9994402527809143,-0.26789775490760803,1.1018411253923069e-14,0.004624194465577602,-2.5957722774093243e-15,0.09212801605463028,-3.908069464101657e-16,1.0,0.0,1.0,0.0,0.0,0.0,14328.8251953125,14673.671875,14673.671875,14328.8251953125,-0.2623490907430649,0.0,0.0,0.0,30.5,1.5,11.0,10.0,30.5,1.5,11.0,10.0,300.0,15.0,7.333333333333333,30.0
2.6666666666666665,x,gym_env,1.0193960666656494,1.5487746507034258e-15,0.9995373487472534,-0.24807745218276978,1.1534076441882014e-14,0.004639995750039816,-2.664169340867162e-15,0.10977882891893387,-4.371037820736156e-16,1.0,0.0,1.0,0.0,0.0,0.0,14929.7119140625,14070.51171875,14070.51171875,14929.7119140625,-0.5298466092884541,0.0,0.0,0.0,30.5,1.5,11.0,10.0,30.5,1.5,11.0,10.0,300.0,15.0,7.333333333333333,30.0
2.6875,x,gym_env,1.0145139694213867,1.7956386974115474e-15,0.9996317028999329,-0.2247592657804489,1.2061196903419627e-14,0.004407487343996763,-2.7296062359325824e-15,0.12139703333377838,-4.682272136270868e-16,1.0,0.0,1.0,0.0,0.0,0.0,14924.046875,14064.8466796875,14064.8466796875,14924.046875,-0.04462824789881706,0.0,0.0,0.0,30.5,1.5,11.0,10.0,30.5,1.5,11.0,10.0,300.0,15.0,7.333333333333333,30.0
2.708333333333333,x,gym_env,1.0101443529129028,2.053621427980921e-15,0.99971604347229,-0.19967909157276154,1.2599457542279528e-14,0.0038054713513702154,-2.7896538838710974e-15,0.11934099346399307,-4.622053387677008e-16,1.0,0.0,1.0,0.0,0.0,0.0,14059.125,14918.3251953125,14918.3251953125,14059.125,-0.7199284724116326,0.0,0.0,0.0,30.5,1.5,11.0,10.0,30.5,1.5,11.0,10.0,300.0,15.0,7.333333333333333,30.0
2.7291666666666665,x,gym_env,1.0062917470932007,2.3229666820212373e-15,0.9997864961624146,-0.17517712712287903,1.3149590194928146e-14,0.0031075410079210997,-2.8490186114958887e-15,0.12001796811819077,-4.639352447437901e-16,1.0,0.0,1.0,0.0,0.0,0.0,14563.7578125,14405.9736328125,14405.9736328125,14563.7578125,-0.4322911500155926,0.0,0.0,0.0,30.5,1.5,11.0,10.0,30.5,1.5,11.0,10.0,300.0,15.0,7.333333333333333,30.0
2.75,x,gym_env,1.0029513835906982,2.6039105699665437e-15,0.9998385906219482,-0.15030677616596222,1.3710674136551814e-14,0.002077559707686305,-2.912200916613955e-15,0.12465021759271622,-4.770814607829728e-16,1.0,0.0,1.0,0.0,0.0,0.0,14914.236328125,14055.0361328125,14055.0361328125,14914.236328125,-0.29942345172166823,0.0,0.0,0.0,30.5,1.5,11.0,10.0,30.5,1.5,11.0,10.0,300.0,15.0,7.333333333333333,30.0
2.770833333333333,x,gym_env,1.0001392364501953,2.8966989431297805e-15,0.9998700618743896,-0.1247853934764862,1.428428400139948e-14,0.0011338794138282537,-2.9712863351243892e-15,0.1200844794511795,-4.632727061603596e-16,1.0,0.0,1.0,0.0,0.0,0.0,14431.86328125,14535.87109375,14535.87109375,14431.86328125,-0.4025196418911219,0.0,0.0,0.0,30.5,1.5,11.0,10.0,30.5,1.5,11.0,10.0,300.0,15.0,7.333333333333333,30.0
2.7916666666666665,x,gym_env,0.9978457689285278,3.2015880289774923e-15,0.9998809099197388,-0.10054805129766464,1.4869975097173832e-14,0.00014310590631794184,-3.02808921160021e-15,0.11105738580226898,-4.3585022625123844e-16,1.0,0.0,1.0,0.0,0.0,0.0,14057.0302734375,14916.23046875,14916.23046875,14057.0302734375,-0.31772281810343267,0.0,0.0,0.0,30.5,1.5,11.0,10.0,30.5,1.5,11.0,10.0,300.0,15.0,7.333333333333333,30.0
2.8125,x,gym_env,0.9960358738899231,3.5188486662945636e-15,0.9998767971992493,-0.07787825912237167,1.5469227190433726e-14,-0.00041191914351657033,-3.0901299280636143e-15,0.1108931303024292,-4.3517191167916536e-16,1.0,0.0,1.0,0.0,0.0,0.0,14912.4443359375,14053.244140625,14053.244140625,14912.4443359375,-0.700937895026803,0.0,0.0,0.0,30.5,1.5,11.0,10.0,30.5,1.5,11.0,10.0,300.0,15.0,7.333333333333333,30.0
2.833333333333333,x,gym_env,0.9946969151496887,3.848746188151722e-15,0.9998598694801331,-0.055164359509944916,1.608061218363009e-14,-0.0010812438558787107,-3.150146235783081e-15,0.10799868404865265,-4.2580123912325024e-16,1.0,0.0,1.0,0.0,0.0,0.0,14911.3193359375,14052.119140625,14052.119140625,14911.3193359375,-0.012121672967076301,0.0,0.0,0.0,30.5,1.5,11.0,10.0,30.5,1.5,11.0,10.0,300.0,15.0,7.333333333333333,30.0
2.8541666666666665,x,gym_env,0.9938212633132935,4.191537457290222e-15,0.9998296499252319,-0.03361957520246506,1.67047246938919e-14,-0.0016586902784183621,-3.2080599959692256e-15,0.09146236628293991,-3.7278380582826827e-16,1.0,0.0,1.0,0.0,0.0,0.0,14057.4501953125,14916.650390625,14916.650390625,14057.4501953125,-0.6963413309462368,0.0,0.0,0.0,30.5,1.5,11.0,10.0,30.5,1.5,11.0,10.0,300.0,15.0,7.333333333333333,30.0
2.875,x,gym_env,0.9933527112007141,4.547512370736261e-15,0.9997934699058533,-0.015559239313006401,1.7343407864912376e-14,-0.0017496231012046337,-3.2685402659855508e-15,0.07768703252077103,-3.2794402565277335e-16,1.0,0.0,1.0,0.0,0.0,0.0,14057.9130859375,14917.11328125,14917.11328125,14057.9130859375,-0.00717791080356692,0.0,0.0,0.0,30.5,1.5,11.0,10.0,30.5,1.5,11.0,10.0,300.0,15.0,7.333333333333333,30.0
2.895833333333333,x,gym_env,0.9932274222373962,4.916965272439011e-15,0.9997583031654358,0.0002334702730877325,1.799566897407734e-14,-0.0016383659094572067,-3.3322276144984175e-15,0.07758022099733353,-3.274022157341062e-16,1.0,0.0,1.0,0.0,0.0,0.0,14910.2822265625,14051.0830078125,14051.0830078125,14910.2822265625,-0.6963428587526083,0.0,0.0,0.0,30.5,1.5,11.0,10.0,30.5,1.5,11.0,10.0,300.0,15.0,7.333333333333333,30.0
2.9166666666666665,x,gym_env,0.9934300780296326,5.300157048546226e-15,0.9997230768203735,0.016087807714939117,1.8659930846039e-14,-0.0017263770569115877,-3.3973561895710375e-15,0.07474472373723984,-3.175264203740519e-16,1.0,0.0,1.0,0.0,0.0,0.0,14907.4765625,14048.27734375,14048.27734375,14907.4765625,-0.012909441979974508,0.0,0.0,0.0,30.5,1.5,11.0,10.0,30.5,1.5,11.0,10.0,300.0,15.0,7.333333333333333,30.0
2.9375,x,gym_env,0.9939531683921814,5.6973464676232915e-15,0.9996857643127441,0.030787194147706032,1.9336965974845258e-14,-0.0018094672122970223,-3.4589259557157685e-15,0.05827026441693306,-2.6074170216703804e-16,1.0,0.0,1.0,0.0,0.0,0.0,14054.1796875,14913.3798828125,14913.3798828125,14054.1796875,-0.6989202414512634,0.0,0.0,0.0,30.5,1.5,11.0,10.0,30.5,1.5,11.0,10.0,300.0,15.0,7.333333333333333,30.0
2.958333333333333,x,gym_env,0.9947409629821777,6.108816015158117e-15,0.9996514916419983,0.042009592056274414,2.002799917013784e-14,-0.0015065877232700586,-3.519653347594455e-15,0.044556260108947754,-2.1277214848632828e-16,1.0,0.0,1.0,0.0,0.0,0.0,14054.8623046875,14914.0625,14914.0625,14054.8623046875,-0.012463128100335598,0.0,0.0,0.0,30.5,1.5,11.0,10.0,30.5,1.5,11.0,10.0,300.0,15.0,7.333333333333333,30.0
2.9791666666666665,x,gym_env,0.9957296848297119,6.534843517957403e-15,0.9996255040168762,0.050978127866983414,2.0731895407767424e-14,-0.001071058097295463,-3.585518841331186e-15,0.044507723301649094,-2.1243297796540194e-16,1.0,0.0,1.0,0.0,0.0,0.0,14906.38671875,14047.1865234375,14047.1865234375,14906.38671875,-0.6994602725997567,0.0,0.0,0.0,30.5,1.5,11.0,10.0,30.5,1.5,11.0,10.0,300.0,15.0,7.333333333333333,30.0
3.0,x,gym_env,0.9969044923782349,6.975684356454745e-15,0.9996058940887451,0.060030724853277206,2.144769923456951e-14,-0.0008568077464587986,-3.6493398092914825e-15,0.04173148423433304,-2.020933923620565e-16,1.0,0.0,1.0,-0.6000000238418579,0.0,0.0,14765.6240234375,13906.423828125,13906.423828125,14765.6240234375,-0.21452351899147035,0.0,0.0,0.0,30.5,1.5,11.0,10.0,30.5,1.5,11.0,10.0,300.0,15.0,7.333333333333333,30.0
3.020833333333333,x,gym_env,0.9982563257217407,7.43141391658245e-15,0.9995417594909668,0.06779789924621582,2.2161500675484287e-14,-0.004548246040940285,-3.708895119329406e-15,0.025397835299372673,-1.4179925783589046e-16,0.987500011920929,0.0,1.0,-0.6000000238418579,0.0,0.0,14876.537109375,14017.3369140625,14017.3369140625,14876.537109375,-0.20172852218151094,0.0,0.0,0.0,30.5,1.5,11.0,10.0,30.5,1.5,11.0,10.0,300.0,15.0,7.333333333333333,30.0
3.0416666666666665,x,gym_env,0.9997276067733765,7.902310872180164e-15,0.9994409680366516,0.07180305570363998,2.2899173198918585e-14,-0.005016178824007511,-3.772803755199743e-15,-0.004475260153412819,-3.000460029182179e-17,0.9750000238418579,0.0,1.0,-0.6000000238418579,0.0,0.0,15002.185546875,14142.9853515625,14142.9853515625,15002.185546875,-0.22709057812690736,0.0,0.0,0.0,30.5,1.5,11.0,10.0,30.5,1.5,11.0,10.0,300.0,15.0,7.333333333333333,30.0
3.0625,x,gym_env,1.0012035369873047,8.388907583455237e-15,0.9993754625320435,0.0691220611333847,2.3663335830745313e-14,-0.0019121116492897272,-3.843842290903593e-15,-0.04795820266008377,1.3556124399116676e-16,0.9624999761581421,0.0,1.0,-0.6000000238418579,0.0,0.0,15131.0546875,14271.8544921875,14271.8544921875,15131.0546875,-0.24160062828063963,0.0,0.0,0.0,30.5,1.5,11.0,10.0,30.5,1.5,11.0,10.0,300.0,15.0,7.333333333333333,30.0
3.083333333333333,x,gym_env,1.0025064945220947,8.891757162922224e-15,0.9994169473648071,0.056658629328012466,2.445391572613101e-14,0.004507889039814472,-3.925408175592393e-15,-0.10511361807584763,3.5797496999274373e-16,0.949999988079071,0.0,1.0,-0.6000000238418579,0.0,0.0,15150.796875,14491.2734375,14491.2734375,15150.796875,-0.2437501784324646,0.0,0.0,0.0,30.5,1.5,11.0,10.0,30.5,1.5,11.0,10.0,300.0,15.0,7.333333333333333,30.0
3.1041666666666665,x,gym_env,1.0033929347991943,9.411366136283586e-15,0.999621570110321,0.03128515183925629,2.5267136812196812e-14,0.013140001334249973,-4.0284408397799325e-15,-0.17403995990753174,6.343366214516411e-16,0.9375,0.0,1.0,-0.6000000238418579,0.0,0.0,14484.05859375,15343.2587890625,15343.2587890625,14484.05859375,-0.762173519897461,0.0,0.0,0.0,30.5,1.5,11.0,10.0,30.5,1.5,11.0,10.0,300.0,15.0,7.333333333333333,30.0
3.125,x,gym_env,1.0035631656646729,9.948129220892742e-15,1.0000134706497192,-0.009194030426442623,2.6096871652602285e-14,0.022217972204089165,-4.149762639364587e-15,-0.23857173323631287,9.03420671706848e-16,0.925000011920929,0.0,1.0,-0.6000000238418579,0.0,0.0,14502.3310546875,15361.5302734375,15361.5302734375,14502.3310546875,-0.17291223499774933,0.0,0.0,0.0,30.5,1.5,11.0,10.0,30.5,1.5,11.0,10.0,300.0,15.0,7.333333333333333,30.0
3.145833333333333,x,gym_env,1.0027201175689697,1.050224123432756e-14,1.0005649328231812,-0.06283635646104813,2.6931227904767978e-14,0.028919128701090813,-4.2686873357085115e-15,-0.28884583711624146,1.1222739741239803e-15,0.9125000238418579,0.0,1.0,-0.6000000238418579,0.0,0.0,14460.0703125,15319.2705078125,15319.2705078125,14460.0703125,-0.19304216810464858,0.0,0.0,0.0,30.5,1.5,11.0,10.0,30.5,1.5,11.0,10.0,300.0,15.0,7.333333333333333,30.0
3.1666666666666665,x,gym_env,1.0006352663040161,1.1073687777027937e-14,1.0012060403823853,-0.126008540391922,2.776164206559715e-14,0.03166830167174339,-4.376980498014974e-15,-0.32494956254959106,1.2857598032735328e-15,0.8999999761581421,0.0,1.0,-0.6000000238418579,0.0,0.0,14394.013671875,15253.2138671875,15253.2138671875,14394.013671875,-0.21069535150527957,0.0,0.0,0.0,30.5,1.5,11.0,10.0,30.5,1.5,11.0,10.0,300.0,15.0,7.333333333333333,30.0
3.1875,x,gym_env,0.9971520900726318,1.1662360428776625e-14,1.0018528699874878,-0.19534717500209808,2.8586474279303914e-14,0.030391814187169075,-4.469069073007514e-15,-0.3469901382923126,1.388893899656506e-15,0.887499988079071,0.0,1.0,-0.6000000238418579,0.0,0.0,14325.099609375,15184.2998046875,15184.2998046875,14325.099609375,-0.20963897196054457,0.0,0.0,0.0,30.5,1.5,11.0,10.0,30.5,1.5,11.0,10.0,300.0,15.0,7.333333333333333,30.0
3.208333333333333,x,gym_env,0.9921804070472717,1.226817109814711e-14,1.0024311542510986,-0.26781800389289856,2.9408028475504805e-14,0.025877784937620163,-4.537241672734329e-15,-0.35506927967071533,1.4276202460049726e-15,0.875,0.0,1.0,-0.6000000238418579,0.0,0.0,15098.2607421875,14290.5615234375,14290.5615234375,15098.2607421875,-0.816286299109459,0.0,0.0,0.0,30.5,1.5,11.0,10.0,30.5,1.5,11.0,10.0,300.0,15.0,7.333333333333333,30.0
3.2291666666666665,x,gym_env,0.9856871366500854,1.2891094374150973e-14,1.00288724899292,-0.3410707116127014,3.022940648885267e-14,0.01917933113873005,-4.611254564632463e-15,-0.3653900921344757,1.4781538081216905e-15,0.862500011920929,0.0,1.0,-0.6000000238418579,0.0,0.0,14223.4326171875,15082.6328125,15082.6328125,14223.4326171875,-0.8095201109647752,0.0,0.0,0.0,30.5,1.5,11.0,10.0,30.5,1.5,11.0,10.0,300.0,15.0,7.333333333333333,30.0
3.25,x,gym_env,0.9776493310928345,1.353114719744716e-14,1.003180980682373,-0.4159265160560608,3.1052078768543934e-14,0.01059722900390625,-4.682315546709415e-15,-0.3726167678833008,1.5141361912375268e-15,0.8499999642372131,0.0,1.0,-0.6000000238418579,0.0,0.0,14194.65625,15053.8564453125,15053.8564453125,14194.65625,-0.15737647339105607,0.0,0.0,0.0,30.5,1.5,11.0,10.0,30.5,1.5,11.0,10.0,300.0,15.0,7.333333333333333,30.0
3.270833333333333,x,gym_env,0.9680417776107788,1.4188389707374925e-14,1.003280520439148,-0.491242915391922,3.1879419893840466e-14,0.0009224684908986092,-4.730069146693244e-15,-0.3660438060760498,1.4810544724495629e-15,0.8374999761581421,0.0,1.0,-0.6000000238418579,0.0,0.0,14181.8369140625,15041.0361328125,15041.0361328125,14181.8369140625,-0.13496898818016054,0.0,0.0,0.0,30.5,1.5,11.0,10.0,30.5,1.5,11.0,10.0,300.0,15.0,7.333333333333333,30.0
3.2916666666666665,x,gym_env,0.9568864703178406,1.4862995545688457e-14,1.0031813383102417,-0.5644891262054443,3.2717430246140614e-14,-0.00838529784232378,-4.755331904345104e-15,-0.3457084894180298,1.378366338913319e-15,0.824999988079071,0.0,1.0,-0.6000000238418579,0.0,0.0,15045.26953125,14186.0693359375,14186.0693359375,15045.26953125,-0.8116500382184982,0.0,0.0,0.0,30.5,1.5,11.0,10.0,30.5,1.5,11.0,10.0,300.0,15.0,7.333333333333333,30.0
3.3125,x,gym_env,0.944255530834198,1.555525863282045e-14,1.0029081106185913,-0.6335648894309998,3.357151728377965e-14,-0.016068847849965096,-4.789031110151616e-15,-0.3281671106815338,1.2899699805378603e-15,0.8125,0.0,1.0,-0.6000000238418579,0.0,0.0,14187.3076171875,15046.5078125,15046.5078125,14187.3076171875,-0.8199674791812896,0.0,0.0,0.0,30.5,1.5,11.0,10.0,30.5,1.5,11.0,10.0,300.0,15.0,7.333333333333333,30.0
3.333333333333333,x,gym_env,0.9302305579185486,1.626549914722497e-14,1.002490520477295,-0.6991784572601318,3.4440136018661777e-14,-0.022548465058207512,-4.81967718569975e-15,-0.307894229888916,1.1876086958401383e-15,0.800000011920929,0.0,1.0,-0.6000000238418579,0.0,0.0,14193.880859375,15053.0810546875,15053.0810546875,14193.880859375,-0.1441733546972275,0.0,0.0,0.0,30.5,1.5,11.0,10.0,30.5,1.5,11.0,10.0,300.0,15.0,7.333333333333333,30.0
3.3541666666666665,x,gym_env,0.9148920774459839,1.6994037267356078e-14,1.0019574165344238,-0.7601513266563416,3.5325200745247795e-14,-0.027365677058696747,-4.835153324679034e-15,-0.2738872170448303,1.016555791977171e-15,0.7874999642372131,0.0,1.0,-0.6000000238418579,0.0,0.0,15078.1826171875,14218.982421875,14218.982421875,15078.1826171875,-0.830367786359787,0.0,0.0,0.0,30.5,1.5,11.0,10.0,30.5,1.5,11.0,10.0,300.0,15.0,7.333333333333333,30.0
3.375,x,gym_env,0.8983669877052307,1.7741276180896666e-14,1.0013577938079834,-0.8142707347869873,3.6231393861670125e-14,-0.029465144500136375,-4.859898121683647e-15,-0.24273040890693665,8.607841036365003e-16,0.7749999761581421,0.0,1.0,-0.6000000238418579,0.0,0.0,14741.0869140625,14574.671875,14574.671875,14741.0869140625,-0.4222619463920594,0.0,0.0,0.0,30.5,1.5,11.0,10.0,30.5,1.5,11.0,10.0,300.0,15.0,7.333333333333333,30.0
3.395833333333333,x,gym_env,0.8807932734489441,1.850760552300247e-14,1.0007359981536865,-0.8623639345169067,3.7153995700346665e-14,-0.029934685677289963,-4.8964937566532956e-15,-0.2187565714120865,7.409630346761438e-16,0.762499988079071,0.0,1.0,-0.6000000238418579,0.0,0.0,14222.9052734375,15082.1044921875,15082.1044921875,14222.9052734375,-0.5558222218990326,0.0,0.0,0.0,30.5,1.5,11.0,10.0,30.5,1.5,11.0,10.0,300.0,15.0,7.333333333333333,30.0
3.4166666666666665,x,gym_env,0.8622812032699585,1.9293337001798083e-14,1.0001193284988403,-0.9053020477294922,3.809116311758419e-14,-0.029225576668977737,-4.92929298995335e-15,-0.18761305510997772,5.850124106253655e-16,0.75,0.0,1.0,-0.6000000238418579,0.0,0.0,14276.3369140625,15040.1181640625,15040.1181640625,14276.3369140625,-0.18230882279872895,0.0,0.0,0.0,30.5,1.5,11.0,10.0,30.5,1.5,11.0,10.0,300.0,15.0,7.333333333333333,30.0
3.4375,x,gym_env,0.8429576754570007,2.0098787407605775e-14,0.9995354413986206,-0.9412264227867126,3.904397353929161e-14,-0.027021601796150208,-4.9564937589885276e-15,-0.14365842938423157,3.650878497579729e-16,0.737500011920929,0.0,1.0,-0.6000000238418579,0.0,0.0,15110.392578125,14251.193359375,14251.193359375,15110.392578125,-0.7898895624399186,0.0,0.0,0.0,30.5,1.5,11.0,10.0,30.5,1.5,11.0,10.0,300.0,15.0,7.333333333333333,30.0
3.458333333333333,x,gym_env,0.8229986429214478,2.0924315882395184e-14,0.999024510383606,-0.9679916501045227,4.0014669908713246e-14,-0.022694064304232597,-4.989939701943811e-15,-0.10321135073900223,1.6278129626078394e-16,0.7249999642372131,0.0,1.0,-0.6000000238418579,0.0,0.0,15109.3037109375,14250.103515625,14250.103515625,15109.3037109375,-0.1364817548751831,0.0,0.0,0.0,30.5,1.5,11.0,10.0,30.5,1.5,11.0,10.0,300.0,15.0,7.333333333333333,30.0
3.4791666666666665,x,gym_env,0.8025858998298645,2.177021211143427e-14,0.9986158609390259,-0.9868289232254028,4.0996706355232726e-14,-0.017477737739682198,-5.0325666350143836e-15,-0.07668232917785645,2.9615583867183e-17,0.7124999761581421,0.0,1.0,-0.6000000238418579,0.0,0.0,14219.912109375,15079.111328125,15079.111328125,14219.912109375,-0.8167301212310791,0.0,0.0,0.0,30.5,1.5,11.0,10.0,30.5,1.5,11.0,10.0,300.0,15.0,7.333333333333333,30.0
3.5,x,gym_env,0.7818520069122314,2.2636635336917114e-14,0.9983112812042236,-1.0001221895217896,4.198386226888541e-14,-0.012668143957853317,-5.073418187027511e-15,-0.04745002090930939,-1.1816653568168305e-16,0.699999988079071,0.0,1.0,-0.6000000238418579,0.0,0.0,14513.2587890625,14749.0615234375,14749.0615234375,14513.2587890625,-0.37130414180755617,0.0,0.0,0.0,30.5,1.5,11.0,10.0,30.5,1.5,11.0,10.0,300.0,15.0,7.333333333333333,30.0
3.520833333333333,x,gym_env,0.7609196305274963,2.3523682120599708e-14,0.9981027245521545,-1.006839394569397,4.2975361767491616e-14,-0.008197376504540443,-5.115569934614674e-15,-0.010494385845959187,-3.062340682888332e-16,0.6875,0.0,1.0,-0.6000000238418579,0.0,0.0,15058.2255859375,14199.0263671875,14199.0263671875,15058.2255859375,-0.5513394901275634,0.0,0.0,0.0,30.5,1.5,11.0,10.0,30.5,1.5,11.0,10.0,300.0,15.0,7.333333333333333,30.0
3.5416666666666665,x,gym_env,0.739942729473114,2.443146935302877e-14,0.9979909658432007,-1.005973219871521,4.3973529109458606e-14,-0.0034721035044640303,-5.163604326020518e-15,0.01962028443813324,-4.606684504244671e-16,0.675000011920929,0.0,1.0,-0.6000000238418579,0.0,0.0,15038.6640625,14179.4638671875,14179.4638671875,15038.6640625,-0.1196219072818756,0.0,0.0,0.0,30.5,1.5,11.0,10.0,30.5,1.5,11.0,10.0,300.0,15.0,7.333333333333333,30.0
3.5625,x,gym_env,0.7190598249435425,2.53600902078285e-14,0.9979702234268188,-0.9994165897369385,4.497478303948539e-14,0.000638590834569186,-5.210044177903156e-15,0.03590942919254303,-5.449346232095547e-16,0.6624999642372131,0.0,1.0,-0.6000000238418579,0.0,0.0,14146.1572265625,15005.357421875,15005.357421875,14146.1572265625,-0.7816620922803879,0.0,0.0,0.0,30.5,1.5,11.0,10.0,30.5,1.5,11.0,10.0,300.0,15.0,7.333333333333333,30.0
3.583333333333333,x,gym_env,0.6983557343482971,2.6309585342580363e-14,0.9980219602584839,-0.9896411299705505,4.597719232245223e-14,0.0036949035711586475,-5.258925602256255e-15,0.05491193011403084,-6.443239339931574e-16,0.6499999761581421,0.0,1.0,-0.6000000238418579,0.0,0.0,14182.4521484375,14929.8193359375,14929.8193359375,14182.4521484375,-0.128957674574852,0.0,0.0,0.0,30.5,1.5,11.0,10.0,30.5,1.5,11.0,10.0,300.0,15.0,7.333333333333333,30.0
3.6041666666666665,x,gym_env,0.6779059171676636,2.727999202673404e-14,0.998127281665802,-0.9754568934440613,4.698164803701964e-14,0.005918154958635569,-5.314852646664614e-15,0.08652793616056442,-8.116346462951551e-16,0.637499988079071,0.0,1.0,-0.6000000238418579,0.0,0.0,14984.146484375,14124.9462890625,14124.9462890625,14984.146484375,-0.7161685019731522,0.0,0.0,0.0,30.5,1.5,11.0,10.0,30.5,1.5,11.0,10.0,300.0,15.0,7.333333333333333,30.0
3.625,x,gym_env,0.6578320264816284,2.8271366164464053e-14,0.9982730150222778,-0.9547300934791565,4.798925471415083e-14,0.007628558203577995,-5.374341888132652e-15,0.11461707204580307,-9.621918409938508e-16,0.625,0.0,1.0,-0.6000000238418579,0.0,0.0,14974.625,14115.42578125,14115.42578125,14974.625,-0.07020756580829621,0.0,0.0,0.0,30.5,1.5,11.0,10.0,30.5,1.5,11.0,10.0,300.0,15.0,7.333333333333333,30.0
3.645833333333333,x,gym_env,0.638258695602417,2.928375857774723e-14,0.9984438419342041,-0.928880512714386,4.899900946683626e-14,0.008523304015398026,-5.4254620205653435e-15,0.12895026803016663,-1.0398968436299474e-15,0.612500011920929,0.0,1.0,-0.6000000238418579,0.0,0.0,14957.1806640625,14097.98046875,14097.98046875,14957.1806640625,-0.06583016319274902,0.0,0.0,0.0,30.5,1.5,11.0,10.0,30.5,1.5,11.0,10.0,300.0,15.0,7.333333333333333,30.0
3.6666666666666665,x,gym_env,0.6192567348480225,3.0317216700428626e-14,0.9986230134963989,-0.900783896446228,5.001176610428676e-14,0.008633863180875778,-5.4670174569576395e-15,0.12956959009170532,-1.0431110160274222e-15,0.5999999642372131,0.0,1.0,-0.6000000238418579,0.0,0.0,14080.080078125,14939.2802734375,14939.2802734375,14080.080078125,-0.7291213489294053,0.0,0.0,0.0,30.5,1.5,11.0,10.0,30.5,1.5,11.0,10.0,300.0,15.0,7.333333333333333,30.0
3.6875,x,gym_env,0.6008405089378357,3.13718438705278e-14,0.9987979531288147,-0.8728043437004089,5.103000473897189e-14,0.00824040174484253,-5.5137990866344945e-15,0.1329183578491211,-1.0615493351023722e-15,0.5874999761581421,0.0,1.0,-0.6000000238418579,0.0,0.0,14173.783203125,14823.6357421875,14823.6357421875,14173.783203125,-0.12478633160591127,0.0,0.0,0.0,30.5,1.5,11.0,10.0,30.5,1.5,11.0,10.0,300.0,15.0,7.333333333333333,30.0
3.708333333333333,x,gym_env,0.5830162763595581,3.244775528452558e-14,0.9989584684371948,-0.843757152557373,5.205364066759692e-14,0.007305014878511429,-5.570442297399758e-15,0.14793089032173157,-1.1453973383093122e-15,0.574999988079071,0.0,1.0,-0.6000000238418579,0.0,0.0,14924.2802734375,14065.0810546875,14065.0810546875,14924.2802734375,-0.6445429723501206,0.0,0.0,0.0,30.5,1.5,11.0,10.0,30.5,1.5,11.0,10.0,300.0,15.0,7.333333333333333,30.0
3.7291666666666665,x,gym_env,0.5658336877822876,3.3545055974507423e-14,0.999093770980835,-0.8117064833641052,5.3082480766649884e-14,0.0058910739608109,-5.6228842247466396e-15,0.15885743498802185,-1.2070335965404027e-15,0.5625,0.0,1.0,-0.6000000238418579,0.0,0.0,14919.666015625,14060.4658203125,14060.4658203125,14919.666015625,-0.0435620441198349,0.0,0.0,0.0,30.5,1.5,11.0,10.0,30.5,1.5,11.0,10.0,300.0,15.0,7.333333333333333,30.0
3.75,x,gym_env,0.5493429899215698,3.466386452508595e-14,0.9991940855979919,-0.7780882716178894,5.411733479962835e-14,0.004093752708286047,-5.660736009577066e-15,0.15611520409584045,-1.1912015978441542e-15,0.5499999523162842,0.0,1.0,-0.6000000238418579,0.0,0.0,14766.12890625,14212.8447265625,14212.8447265625,14766.12890625,-0.16066195838451386,0.0,0.0,0.0,30.5,1.5,11.0,10.0,30.5,1.5,11.0,10.0,300.0,15.0,7.333333333333333,30.0
3.770833333333333,x,gym_env,0.533542811870575,3.580433340219166e-14,0.9992569088935852,-0.7455894351005554,5.516081162800987e-14,0.0023402392398566008,-5.68712955621351e-15,0.14264033734798431,-1.1137861745969002e-15,0.5374999642372131,0.0,1.0,-0.6000000238418579,0.0,0.0,14064.0078125,14923.2080078125,14923.2080078125,14064.0078125,-0.6014848072767258,0.0,0.0,0.0,30.5,1.5,11.0,10.0,30.5,1.5,11.0,10.0,300.0,15.0,7.333333333333333,30.0
3.7916666666666665,x,gym_env,0.5183859467506409,3.6966692998786216e-14,0.9992908835411072,-0.7158469557762146,5.621638747500997e-14,0.0012114312266930938,-5.719954200501982e-15,0.13386380672454834,-1.0631890850091382e-15,0.5249999761581421,0.0,1.0,-0.6000000238418579,0.0,0.0,14289.9287109375,14694.5205078125,14694.5205078125,14289.9287109375,-0.21614614834785462,0.0,0.0,0.0,30.5,1.5,11.0,10.0,30.5,1.5,11.0,10.0,300.0,15.0,7.333333333333333,30.0
3.8125,x,gym_env,0.5038269758224487,3.815115676717232e-14,0.999302089214325,-0.6875319480895996,5.728039299390114e-14,9.343572310172021e-05,-5.759894768580338e-15,0.13441798090934753,-1.066270273233894e-15,0.512499988079071,0.0,1.0,-0.6000000238418579,0.0,0.0,14918.716796875,14059.5166015625,14059.5166015625,14918.716796875,-0.537041866350174,0.0,0.0,0.0,30.5,1.5,11.0,10.0,30.5,1.5,11.0,10.0,300.0,15.0,7.333333333333333,30.0
3.833333333333333,x,gym_env,0.4898577332496643,3.935788733767584e-14,0.9992906451225281,-0.6592187881469727,5.835263506117142e-14,-0.000977621995843947,-5.796323538059377e-15,0.12935011088848114,-1.0365678982681196e-15,0.4999999701976776,0.0,1.0,-0.6000000238418579,0.0,0.0,14918.205078125,14059.0048828125,14059.0048828125,14918.205078125,-0.02882881598472595,0.0,0.0,0.0,30.5,1.5,11.0,10.0,30.5,1.5,11.0,10.0,300.0,15.0,7.333333333333333,30.0
3.8541666666666665,x,gym_env,0.4764624536037445,4.058707105754518e-14,0.9992586374282837,-0.6325461864471436,5.943469593436626e-14,-0.0018561240285634995,-5.826763361084855e-15,0.11063758283853531,-9.2694542363006e-16,0.48749998211860657,0.0,1.0,-0.6000000238418579,0.0,0.0,14066.9765625,14926.1767578125,14926.1767578125,14066.9765625,-0.7127570039749146,0.0,0.0,0.0,30.5,1.5,11.0,10.0,30.5,1.5,11.0,10.0,300.0,15.0,7.333333333333333,30.0
3.875,x,gym_env,0.46357545256614685,4.183897220105988e-14,0.9992167949676514,-0.6098154783248901,6.053047874130663e-14,-0.0020526533480733633,-5.860994927098717e-15,0.09469390660524368,-8.33278561558989e-16,0.47499996423721313,0.0,1.0,-0.6000000238418579,0.0,0.0,14068.3994140625,14927.599609375,14927.599609375,14068.3994140625,-0.0265426659822464,0.0,0.0,0.0,30.5,1.5,11.0,10.0,30.5,1.5,11.0,10.0,300.0,15.0,7.333333333333333,30.0
3.895833333333333,x,gym_env,0.4511231780052185,4.3113844878104116e-14,0.9991753101348877,-0.5898160338401794,6.163758468468589e-14,-0.0019348753849044442,-5.906795692622651e-15,0.09243171662092209,-8.198237608292097e-16,0.4624999761581421,0.0,1.0,-0.6000000238418579,0.0,0.0,14918.6796875,14059.4794921875,14059.4794921875,14918.6796875,-0.7152456558465958,0.0,0.0,0.0,30.5,1.5,11.0,10.0,30.5,1.5,11.0,10.0,300.0,15.0,7.333333333333333,30.0
3.9166666666666665,x,gym_env,0.4390805959701538,4.441188560032165e-14,0.9991337060928345,-0.5702258944511414,6.275270017161438e-14,-0.002035354496911168,-5.94955645689889e-15,0.0874423012137413,-7.899514498783922e-16,0.44999998807907104,0.0,1.0,-0.6000000238418579,0.0,0.0,14915.1083984375,14055.908203125,14055.908203125,14915.1083984375,-0.03258834662437439,0.0,0.0,0.0,30.5,1.5,11.0,10.0,30.5,1.5,11.0,10.0,300.0,15.0,7.333333333333333,30.0
3.9375,x,gym_env,0.42743051052093506,4.5733273938697305e-14,0.9990900754928589,-0.5522544384002686,6.38772820987614e-14,-0.00209879782050848,-5.986289311205994e-15,0.068809874355793,-6.783296069078982e-16,0.4374999701976776,0.0,1.0,-0.6000000238418579,0.0,0.0,14064.001953125,14923.201171875,14923.201171875,14064.001953125,-0.7180202011823654,0.0,0.0,0.0,30.5,1.5,11.0,10.0,30.5,1.5,11.0,10.0,300.0,15.0,7.333333333333333,30.0
3.958333333333333,x,gym_env,0.4161075949668884,4.707824706245631e-14,0.9990516304969788,-0.5382129549980164,6.50147321504431e-14,-0.0016427711816504598,-6.026195997966459e-15,0.052945576608181,-5.8287952872462e-16,0.42499998211860657,0.0,1.0,-0.6000000238418579,0.0,0.0,14296.0498046875,14693.65234375,14693.65234375,14296.0498046875,-0.2155498790740967,0.0,0.0,0.0,30.5,1.5,11.0,10.0,30.5,1.5,11.0,10.0,300.0,15.0,7.333333333333333,30.0
3.9791666666666665,x,gym_env,0.4050378203392029,4.844704552895568e-14,0.9990236759185791,-0.5270063877105713,6.616187225904138e-14,-0.0011270142858847976,-6.0699253444178834e-15,0.0463564395904541,-5.429137084765243e-16,0.41249996423721313,0.0,1.0,-0.6000000238418579,0.0,0.0,14919.408203125,14060.2080078125,14060.2080078125,14919.408203125,-0.5334523098230363,0.0,0.0,0.0,30.5,1.5,11.0,10.0,30.5,1.5,11.0,10.0,300.0,15.0,7.333333333333333,30.0
4.0,x,gym_env,0.394183486700058,4.9839855685443815e-14,0.9990073442459106,-0.5172351002693176,6.731809933709781e-14,-0.0005450909375213087,-6.109405550089406e-15,0.03410916030406952,-4.681706741778576e-16,0.3999999761581421,0.0,1.0,-0.6000000238418579,0.0,0.0,14784.439453125,14192.7509765625,14192.7509765625,14784.439453125,-0.13693348200321198,0.0,0.0,0.0,30.5,1.5,11.0,10.0,30.5,1.5,11.0,10.0,300.0,15.0,7.333333333333333,30.0
4.020833333333333,x,gym_env,0.3834992051124573,5.1256860491037323e-14,0.9990028142929077,-0.5104798674583435,6.848281029715395e-14,1.5712947060819715e-05,-6.150027556173828e-15,0.010780847631394863,-3.2512038838354194e-16,0.38749998807907104,0.0,1.0,-0.6000000238418579,0.0,0.0,14065.875,14925.0751953125,14925.0751953125,14065.875,-0.6086817655563355,0.0,0.0,0.0,30.5,1.5,11.0,10.0,30.5,1.5,11.0,10.0,300.0,15.0,7.333333333333333,30.0
4.041666666666666,x,gym_env,0.37289664149284363,5.269827000990712e-14,0.9990147948265076,-0.5085136890411377,6.965891215628475e-14,0.0009506080532446504,-6.19558395269248e-15,-0.00806907843798399,-2.088102709895545e-16,0.3749999701976776,0.0,1.0,-0.6000000238418579,0.0,0.0,14063.259765625,14922.4599609375,14922.4599609375,14063.259765625,-0.02832529435157776,0.0,0.0,0.0,30.5,1.5,11.0,10.0,30.5,1.5,11.0,10.0,300.0,15.0,7.333333333333333,30.0
4.0625,x,gym_env,0.36228904128074646,5.416429091809234e-14,0.9990453124046326,-0.5098521709442139,7.084336914840728e-14,0.001808781293220818,-6.242177541055044e-15,-0.013235671445727348,-1.7663962878059115e-16,0.36249998211860657,0.0,1.0,-0.6000000238418579,0.0,0.0,14912.4365234375,14053.236328125,14053.236328125,14912.4365234375,-0.7114006406784058,0.0,0.0,0.0,30.5,1.5,11.0,10.0,30.5,1.5,11.0,10.0,300.0,15.0,7.333333333333333,30.0
4.083333333333333,x,gym_env,0.35163992643356323,5.565506212899633e-14,0.9990900754928589,-0.5121304988861084,7.203415517071168e-14,0.002372048096731305,-6.290624437506201e-15,-0.021124692633748055,-1.2707323270584982e-16,0.34999996423721313,0.0,1.0,-0.6000000238418579,0.0,0.0,14589.0791015625,14365.728515625,14365.728515625,14589.0791015625,-0.27595716094970707,0.0,0.0,0.0,30.5,1.5,11.0,10.0,30.5,1.5,11.0,10.0,300.0,15.0,7.333333333333333,30.0
4.104166666666666,x,gym_env,0.3409220278263092,5.717072594415423e-14,0.9991421103477478,-0.5164041519165039,7.323123634188008e-14,0.002573527628555894,-6.341309195004004e-15,-0.03658801689743996,-2.9339848173072126e-17,0.3374999761581421,0.0,1.0,-0.6000000238418579,0.0,0.0,14049.029296875,14908.2294921875,14908.2294921875,14049.029296875,-0.4518887081861496,0.0,0.0,0.0,30.5,1.5,11.0,10.0,30.5,1.5,11.0,10.0,300.0,15.0,7.333333333333333,30.0
4.125,x,gym_env,0.33007675409317017,5.871144499389191e-14,0.9991997480392456,-0.5236988663673401,7.443774329568553e-14,0.002882161410525441,-6.392241286122405e-15,-0.04526075720787048,2.5917340412158446e-17,0.32499995827674866,0.0,1.0,-0.6000000238418579,0.0,0.0,14044.3955078125,14903.595703125,14903.595703125,14044.3955078125,-0.01981874191761017,0.0,0.0,0.0,30.5,1.5,11.0,10.0,30.5,1.5,11.0,10.0,300.0,15.0,7.333333333333333,30.0
4.145833333333333,x,gym_env,0.31905990839004517,6.027738529666704e-14,0.9992613792419434,-0.5321889519691467,7.565148729899232e-14,0.0030102406162768602,-6.441699539912584e-15,-0.040282752364873886,-5.97711694362141e-18,0.3124999701976776,0.0,1.0,-0.6000000238418579,0.0,0.0,14897.2919921875,14038.091796875,14038.091796875,14897.2919921875,-0.7010519839048386,0.0,0.0,0.0,30.5,1.5,11.0,10.0,30.5,1.5,11.0,10.0,300.0,15.0,7.333333333333333,30.0
4.166666666666666,x,gym_env,0.307878702878952,6.186870948280548e-14,0.9993240237236023,-0.5395296216011047,7.687241414169182e-14,0.0030075653921812773,-6.492228019831618e-15,-0.03803715854883194,-2.033863087467014e-17,0.29999998211860657,0.0,1.0,-0.6000000238418579,0.0,0.0,14893.67578125,14034.4765625,14034.4765625,14893.67578125,-0.014301530003547667,0.0,0.0,0.0,30.5,1.5,11.0,10.0,30.5,1.5,11.0,10.0,300.0,15.0,7.333333333333333,30.0
4.1875,x,gym_env,0.29654818773269653,6.348555985384238e-14,0.999385416507721,-0.5469523072242737,7.810120145014185e-14,0.0028989752754569054,-6.547647267988099e-15,-0.04942479729652405,5.4058512887773853e-17,0.28749996423721313,0.0,1.0,-0.6000000238418579,0.0,0.0,14034.703125,14893.9033203125,14893.9033203125,14034.703125,-0.6963059370279312,0.0,0.0,0.0,30.5,1.5,11.0,10.0,30.5,1.5,11.0,10.0,300.0,15.0,7.333333333333333,30.0
4.208333333333333,x,gym_env,0.2850346267223358,6.512811936889434e-14,0.9994433522224426,-0.5567944645881653,7.93384319830101e-14,0.0026846781838685274,-6.602870004500817e-15,-0.05806812271475792,1.1094317767384128e-16,0.2749999761581421,0.0,1.0,-0.6000000238418579,0.0,0.0,14033.9794921875,14893.1787109375,14893.1787109375,14033.9794921875,-0.0071092658519744875,0.0,0.0,0.0,30.5,1.5,11.0,10.0,30.5,1.5,11.0,10.0,300.0,15.0,7.333333333333333,30.0
4.229166666666666,x,gym_env,0.2732965350151062,6.679655743455082e-14,0.9994955062866211,-0.5678231716156006,8.058371949327264e-14,0.0023856237530708313,-6.6515849868797796e-15,-0.053072039037942886,7.784344620085837e-17,0.26249995827674866,0.0,1.0,-0.6000000238418579,0.0,0.0,14892.576171875,14033.3759765625,14033.3759765625,14892.576171875,-0.69186316177845,0.0,0.0,0.0,30.5,1.5,11.0,10.0,30.5,1.5,11.0,10.0,300.0,15.0,7.333333333333333,30.0
4.25,x,gym_env,0.2613412141799927,6.849103668113768e-14,0.9995419383049011,-0.5777023434638977,8.183690812686717e-14,0.002131623914465308,-6.700554079142919e-15,-0.05080965533852577,6.287047126202371e-17,0.2499999701976776,0.0,1.0,-0.6000000238418579,0.0,0.0,14678.029296875,14246.818359375,14246.818359375,14678.029296875,-0.17388010857105257,0.0,0.0,0.0,30.5,1.5,11.0,10.0,30.5,1.5,11.0,10.0,300.0,15.0,7.333333333333333,30.0
4.270833333333333,x,gym_env,0.2491845190525055,7.021171296271722e-14,0.9995813965797424,-0.587540328502655,8.309693401041193e-14,0.0017289264360442758,-6.7524407763928755e-15,-0.05810452997684479,1.1207167040504533e-16,0.23749996721744537,0.0,1.0,-0.6000000238418579,0.0,0.0,14033.693359375,14892.8935546875,14892.8935546875,14033.693359375,-0.5170391244649888,0.0,0.0,0.0,30.5,1.5,11.0,10.0,30.5,1.5,11.0,10.0,300.0,15.0,7.333333333333333,30.0
4.291666666666666,x,gym_env,0.23680533468723297,7.195874213335174e-14,0.9996134638786316,-0.5987997651100159,8.436546410474713e-14,0.0014060367830097675,-6.799429929141808e-15,-0.05994769185781479,1.245925908406972e-16,0.22499996423721313,0.0,1.0,-0.6000000238418579,0.0,0.0,14033.171875,14892.37109375,14892.37109375,14033.171875,-0.0027066527843475343,0.0,0.0,0.0,30.5,1.5,11.0,10.0,30.5,1.5,11.0,10.0,300.0,15.0,7.333333333333333,30.0
4.3125,x,gym_env,0.22418947517871857,7.37322868233671e-14,0.999638557434082,-0.6098572611808777,8.564079756771467e-14,0.0010792481480166316,-6.839992219403448e-15,-0.04816052317619324,4.417867757760784e-17,0.2124999612569809,0.0,1.0,-0.6000000238418579,0.0,0.0,14894.9482421875,14035.748046875,14035.748046875,14894.9482421875,-0.6912445311307908,0.0,0.0,0.0,30.5,1.5,11.0,10.0,30.5,1.5,11.0,10.0,300.0,15.0,7.333333333333333,30.0
4.333333333333333,x,gym_env,0.21137301623821259,7.553248933429846e-14,0.9996592998504639,-0.6183854937553406,8.692354426303658e-14,0.0009552474366500974,-6.884886236157347e-15,-0.03911949321627617,-1.7745656227971587e-17,0.19999997317790985,0.0,1.0,-0.6000000238418579,0.0,0.0,14895.341796875,14036.1416015625,14036.1416015625,14895.341796875,-0.00575673291683197,0.0,0.0,0.0,30.5,1.5,11.0,10.0,30.5,1.5,11.0,10.0,300.0,15.0,7.333333333333333,30.0
4.354166666666666,x,gym_env,0.19839981198310852,7.735951907273525e-14,0.9996784925460815,-0.6256115436553955,8.821396846499241e-14,0.0008988327463157475,-6.935953429030835e-15,-0.04371998831629753,1.415906892075189e-17,0.1874999701976776,0.0,1.0,-0.6000000238418579,0.0,0.0,14033.486328125,14892.6865234375,14892.6865234375,14033.486328125,-0.6946756280183792,0.0,0.0,0.0,30.5,1.5,11.0,10.0,30.5,1.5,11.0,10.0,300.0,15.0,7.333333333333333,30.0
4.375,x,gym_env,0.18526500463485718,7.921351834021262e-14,0.9996951222419739,-0.6338700652122498,8.951181267556618e-14,0.000723221804946661,-6.9892385776767086e-15,-0.045588064938783646,2.717297411223434e-17,0.17499996721744537,0.0,1.0,-0.6000000238418579,0.0,0.0,14032.49609375,14891.6962890625,14891.6962890625,14032.49609375,-0.010126692104339599,0.0,0.0,0.0,30.5,1.5,11.0,10.0,30.5,1.5,11.0,10.0,300.0,15.0,7.333333333333333,30.0
4.395833333333333,x,gym_env,0.1719559133052826,8.109465654332002e-14,0.9997075796127319,-0.6419363617897034,9.08179713615502e-14,0.0005275181028991938,-7.04135820898716e-15,-0.033826228231191635,-5.531321352811879e-17,0.16249996423721313,0.0,1.0,-0.6000000238418579,0.0,0.0,14895.3037109375,14036.103515625,14036.103515625,14895.3037109375,-0.6984739965915681,0.0,0.0,0.0,30.5,1.5,11.0,10.0,30.5,1.5,11.0,10.0,300.0,15.0,7.333333333333333,30.0
4.416666666666666,x,gym_env,0.15850843489170074,8.30031301937012e-14,0.999718427658081,-0.6474820971488953,9.213378622313292e-14,0.0005272753769531846,-7.095963881997803e-15,-0.024810926988720894,-1.188817491265209e-16,0.1499999612569809,0.0,1.0,-0.6000000238418579,0.0,0.0,14896.1396484375,14036.939453125,14036.939453125,14896.1396484375,-0.01346283633708954,0.0,0.0,0.0,30.5,1.5,11.0,10.0,30.5,1.5,11.0,10.0,300.0,15.0,7.333333333333333,30.0
4.4375,x,gym_env,0.1449662297964096,8.493913580299994e-14,0.9997302293777466,-0.6517357230186462,9.345888456581755e-14,0.0005883488920517266,-7.150640282259542e-15,-0.029437707737088203,-8.58291073914494e-17,0.13749995827674866,0.0,1.0,-0.6000000238418579,0.0,0.0,14033.453125,14892.6533203125,14892.6533203125,14033.453125,-0.7020909673690796,0.0,0.0,0.0,30.5,1.5,11.0,10.0,30.5,1.5,11.0,10.0,300.0,15.0,7.333333333333333,30.0
4.458333333333333,x,gym_env,0.1313241869211197,8.690284955406927e-14,0.9997416734695435,-0.6570336222648621,9.47922431738038e-14,0.0005214501870796084,-7.205908335034938e-15,-0.0313323549926281,-7.223688880086786e-17,0.12499996274709702,0.0,1.0,-0.6000000238418579,0.0,0.0,14032.0712890625,14891.271484375,14891.271484375,14032.0712890625,-0.017858506023883818,0.0,0.0,0.0,30.5,1.5,11.0,10.0,30.5,1.5,11.0,10.0,300.0,15.0,7.333333333333333,30.0
4.479166666666666,x,gym_env,0.11756941676139832,8.88944476297622e-14,0.9997512102127075,-0.662149965763092,9.613429572796067e-14,0.00042060596751980484,-7.259680527625482e-15,-0.019597306847572327,-1.5705950929274234e-16,0.11249996721744537,0.0,1.0,-0.6000000238418579,0.0,0.0,14895.4150390625,14036.21484375,14036.21484375,14895.4150390625,-0.7058357066631318,0.0,0.0,0.0,30.5,1.5,11.0,10.0,30.5,1.5,11.0,10.0,300.0,15.0,7.333333333333333,30.0
4.5,x,gym_env,0.10373760759830475,9.091412654172251e-14,0.9997608065605164,-0.6647546291351318,9.748603833903413e-14,0.0004943888052366674,-7.31543223621376e-15,-0.010608970187604427,-2.223799240930256e-16,0.09999996423721313,0.0,1.0,-0.6000000238418579,0.0,0.0,14859.59375,14074.138671875,14074.138671875,14859.59375,-0.04953440302610398,0.0,0.0,0.0,30.5,1.5,11.0,10.0,30.5,1.5,11.0,10.0,300.0,15.0,7.333333333333333,30.0
4.520833333333333,x,gym_env,0.0898723229765892,9.296208280159396e-14,0.999772310256958,-0.6660581231117249,9.884733548175262e-14,0.0005878144293092191,-7.378452334522428e-15,-0.014560764655470848,-1.932595666411332e-16,0.0874999612569809,0.0,1.0,-0.6000000238418579,0.0,0.0,14034.0595703125,14893.259765625,14893.259765625,14034.0595703125,-0.6796287704825401,0.0,0.0,0.0,30.5,1.5,11.0,10.0,30.5,1.5,11.0,10.0,300.0,15.0,7.333333333333333,30.0
4.541666666666666,x,gym_env,0.07597038894891739,9.503853324981104e-14,0.9997848272323608,-0.6682472825050354,1.0021927135828862e-13,0.0006084199994802475,-7.441995052159551e-15,-0.01531321182847023,-1.8769633365290576e-16,0.07499996572732925,0.0,1.0,-0.6000000238418579,0.0,0.0,14032.6767578125,14891.8759765625,14891.8759765625,14032.6767578125,-0.024587570804357525,0.0,0.0,0.0,30.5,1.5,11.0,10.0,30.5,1.5,11.0,10.0,300.0,15.0,7.333333333333333,30.0
4.5625,x,gym_env,0.062023308128118515,9.714369472680826e-14,0.9997972846031189,-0.6700285077095032,1.0160165623326195e-13,0.0005953095387667418,-7.505141358377359e-15,-0.002436871873214841,-2.838352878503181e-16,0.062499962747097015,0.0,1.0,-0.6000000238418579,0.0,0.0,14895.84375,14036.64453125,14036.64453125,14895.84375,-0.7121481190025807,0.0,0.0,0.0,30.5,1.5,11.0,10.0,30.5,1.5,11.0,10.0,300.0,15.0,7.333333333333333,30.0
4.583333333333333,x,gym_env,0.04807153716683388,9.927780440181083e-14,0.9998111128807068,-0.6690688133239746,1.029952964820384e-13,0.0007110767182894051,-7.569877545437163e-15,0.007690576370805502,-3.5995300368281934e-16,0.049999963492155075,0.0,1.0,-0.6000000238418579,0.0,0.0,14896.6513671875,14037.451171875,14037.451171875,14896.6513671875,-0.026472577500343323,0.0,0.0,0.0,30.5,1.5,11.0,10.0,30.5,1.5,11.0,10.0,300.0,15.0,7.333333333333333,30.0
4.604166666666666,x,gym_env,0.03416326269507408,1.0144107911525327e-13,0.9998276233673096,-0.6666011810302734,1.0439986006770263e-13,0.0008453064365312457,-7.62995166315528e-15,0.004174030851572752,-3.3311987341652996e-16,0.037499960511922836,0.0,1.0,-0.6000000238418579,0.0,0.0,14034.1484375,14893.34765625,14893.34765625,14034.1484375,-0.714307086995244,0.0,0.0,0.0,30.5,1.5,11.0,10.0,30.5,1.5,11.0,10.0,300.0,15.0,7.333333333333333,30.0
4.625,x,gym_env,0.02029781974852085,1.0363373570757006e-13,0.9998458027839661,-0.6649678945541382,1.058144728522531e-13,0.0008905696449801326,-7.688280045969106e-15,0.003388409735634923,-3.271103070046587e-16,0.024999961256980896,0.0,1.0,-0.6000000238418579,0.0,0.0,14032.7138671875,14891.9140625,14891.9140625,14032.7138671875,-0.02912176240682602,0.0,0.0,0.0,30.5,1.5,11.0,10.0,30.5,1.5,11.0,10.0,300.0,15.0,7.333333333333333,30.0
4.645833333333333,x,gym_env,0.006466678809374571,1.0585599101919571e-13,0.999864399433136,-0.6629414558410645,1.072386062871307e-13,0.0008931437041610479,-7.745720738254209e-15,0.016231676563620567,-4.261263409563183e-16,0.012499961070716381,0.0,1.0,-0.6000000238418579,0.0,0.0,14894.4013671875,14035.201171875,14035.201171875,14894.4013671875,-0.7158781743764877,0.0,0.0,0.0,30.5,1.5,11.0,10.0,30.5,1.5,11.0,10.0,300.0,15.0,7.333333333333333,30.0
4.666666666666666,x,gym_env,-0.007289988454431295,1.081080347855104e-13,0.9998835921287537,-0.6581871509552002,1.08671962216738e-13,0.0009317570948041975,-7.801705380902982e-15,0.026326943188905716,-5.044183903644213e-16,-3.973643103449831e-08,0.0,1.0,-0.6000000238418579,0.0,0.0,14894.5361328125,14035.3359375,14035.3359375,14894.5361328125,-0.02882295846045017,0.0,0.0,0.0,30.5,1.5,11.0,10.0,30.5,1.5,11.0,10.0,300.0,15.0,7.333333333333333,30.0
4.6875,x,gym_env,-0.020924288779497147,1.1039004318936715e-13,0.99990314245224,-0.651939332485199,1.1011421538042326e-13,0.0009419686975888908,-7.854799947135723e-15,0.02277999185025692,-4.765345951364018e-16,-0.012500040233135223,0.0,1.0,-0.6000000238418579,0.0,0.0,14033.59375,14892.7939453125,14892.7939453125,14033.59375,-0.7162782236158848,0.0,0.0,0.0,30.5,1.5,11.0,10.0,30.5,1.5,11.0,10.0,300.0,15.0,7.333333333333333,30.0
4.708333333333333,x,gym_env,-0.03443717584013939,1.1270221951867332e-13,0.9999224543571472,-0.646539568901062,1.1156605695707145e-13,0.0009230054565705359,-7.909511499264773e-15,0.02196449413895607,-4.70092697814296e-16,-0.025000041350722313,0.0,1.0,-0.6000000238418579,0.0,0.0,14084.2041015625,14840.390625,14840.390625,14084.2041015625,-0.07016128560006618,0.0,0.0,0.0,30.5,1.5,11.0,10.0,30.5,1.5,11.0,10.0,300.0,15.0,7.333333333333333,30.0
4.729166666666666,x,gym_env,-0.04783764109015465,1.1504476028507266e-13,0.9999405741691589,-0.6407881379127502,1.1302695839812346e-13,0.0008295607985928655,-7.967791601200605e-15,0.03379737213253975,-5.639582420510574e-16,-0.0375000424683094,0.0,1.0,-0.6000000238418579,0.0,0.0,14892.5732421875,14033.3740234375,14033.3740234375,14892.5732421875,-0.6746274185478688,0.0,0.0,0.0,30.5,1.5,11.0,10.0,30.5,1.5,11.0,10.0,300.0,15.0,7.333333333333333,30.0
4.75,x,gym_env,-0.06108880788087845,1.1741784844768177e-13,0.9999566674232483,-0.6325623989105225,1.144969806899515e-13,0.0007207108428701758,-8.02816218045026e-15,0.04223211482167244,-6.3125633319939165e-16,-0.05000004172325134,0.0,1.0,-0.6000000238418579,0.0,0.0,14891.7001953125,14032.5,14032.5,14891.7001953125,-0.028326929533481596,0.0,0.0,0.0,30.5,1.5,11.0,10.0,30.5,1.5,11.0,10.0,300.0,15.0,7.333333333333333,30.0
4.770833333333333,x,gym_env,-0.07414963096380234,1.19821687294408e-13,0.999969482421875,-0.6231901049613953,1.159769573129757e-13,0.0005434158374555409,-8.086997935999492e-15,0.03702904284000397,-5.891918300057958e-16,-0.06250004470348358,0.0,1.0,-0.6000000238418579,0.0,0.0,14069.1513671875,14856.541015625,14856.541015625,14069.1513671875,-0.6854181119084358,0.0,0.0,0.0,30.5,1.5,11.0,10.0,30.5,1.5,11.0,10.0,300.0,15.0,7.333333333333333,30.0
4.791666666666666,x,gym_env,-0.08702833205461502,1.2225649366568586e-13,0.9999789595603943,-0.6150259375572205,1.1746877884473428e-13,0.0004044515953864902,-8.14686198954669e-15,0.033876899629831314,-5.635919003013699e-16,-0.07500004023313522,0.0,1.0,-0.6000000238418579,0.0,0.0,14379.1962890625,14547.5263671875,14547.5263671875,14379.1962890625,-0.27344405658245086,0.0,0.0,0.0,30.5,1.5,11.0,10.0,30.5,1.5,11.0,10.0,300.0,15.0,7.333333333333333,30.0
4.8125,x,gym_env,-0.09974410384893417,1.247225250595313e-13,0.9999842047691345,-0.6071744561195374,1.1897081898196854e-13,0.00014676415594294667,-8.206752301115252e-15,0.0373254269361496,-5.9170825901297e-16,-0.08750004321336746,0.0,1.0,-0.6000000238418579,0.0,0.0,14894.33203125,14035.1318359375,14035.1318359375,14894.33203125,-0.4359832577466965,0.0,0.0,0.0,30.5,1.5,11.0,10.0,30.5,1.5,11.0,10.0,300.0,15.0,7.333333333333333,30.0
4.833333333333333,x,gym_env,-0.11228881031274796,1.2721999831637881e-13,0.9999864101409912,-0.5987841486930847,1.2048502928858895e-13,8.141932630678639e-05,-8.264295484386973e-15,0.03365879878401756,-5.613704505180771e-16,-0.1000000461935997,0.0,1.0,-0.6000000238418579,0.0,0.0,14531.7490234375,14397.609375,14397.609375,14531.7490234375,-0.3159639619708061,0.0,0.0,0.0,30.5,1.5,11.0,10.0,30.5,1.5,11.0,10.0,300.0,15.0,7.333333333333333,30.0
4.854166666666666,x,gym_env,-0.12466947734355927,1.297491302766629e-13,0.9999854564666748,-0.5915312767028809,1.220091329400333e-13,-0.00012308252917136997,-8.31750524710054e-15,0.023268908262252808,-4.751736249484009e-16,-0.11250004172325134,0.0,1.0,-0.6000000238418579,0.0,0.0,14038.73046875,14897.9296875,14897.9296875,14038.73046875,-0.4238250103235245,0.0,0.0,0.0,30.5,1.5,11.0,10.0,30.5,1.5,11.0,10.0,300.0,15.0,7.333333333333333,30.0
4.875,x,gym_env,-0.1369243562221527,1.3231017843839954e-13,0.9999844431877136,-0.5862323641777039,1.235463554377647e-13,3.818510776909534e-06,-8.36992472807432e-15,0.020221952348947525,-4.497382313939792e-16,-0.12500004470348358,0.0,1.0,-0.6000000238418579,0.0,0.0,14547.796875,14385.1865234375,14385.1865234375,14547.796875,-0.4356083302974701,0.0,0.0,0.0,30.5,1.5,11.0,10.0,30.5,1.5,11.0,10.0,300.0,15.0,7.333333333333333,30.0
4.895833333333333,x,gym_env,-0.14907614886760712,1.3490335964202321e-13,0.9999833703041077,-0.5812773704528809,1.2509112669312206e-13,-8.726898522581905e-05,-8.422238329929693e-15,0.021082576364278793,-4.568629960902495e-16,-0.13750004768371582,0.0,1.0,-0.6000000238418579,0.0,0.0,14896.5693359375,14037.369140625,14037.369140625,14896.5693359375,-0.30579432599544526,0.0,0.0,0.0,30.5,1.5,11.0,10.0,30.5,1.5,11.0,10.0,300.0,15.0,7.333333333333333,30.0
4.916666666666666,x,gym_env,-0.161124125123024,1.3752885007038695e-13,0.9999827742576599,-0.5764379501342773,1.2664667220756848e-13,1.0739575373008847e-05,-8.474017453995349e-15,0.012729891575872898,-3.8620517522641067e-16,-0.15000005066394806,0.0,1.0,-0.6000000238418579,0.0,0.0,14037.234375,14896.43359375,14896.43359375,14037.234375,-0.7144384746313095,0.0,0.0,0.0,30.5,1.5,11.0,10.0,30.5,1.5,11.0,10.0,300.0,15.0,7.333333333333333,30.0
4.9375,x,gym_env,-0.17309224605560303,1.4018688011645242e-13,0.9999845027923584,-0.5734232664108276,1.2821221948705608e-13,0.00013235502410680056,-8.52947524215093e-15,0.007116667926311493,-3.3848431835994865e-16,-0.1625000536441803,0.0,1.0,-0.6000000238418579,0.0,0.0,14187.5634765625,14744.2529296875,14744.2529296875,14187.5634765625,-0.14785169792175293,0.0,0.0,0.0,30.5,1.5,11.0,10.0,30.5,1.5,11.0,10.0,300.0,15.0,7.333333333333333,30.0
4.958333333333333,x,gym_env,-0.1850101500749588,1.4287762596307263e-13,0.9999872446060181,-0.5710820555686951,1.2978665722435806e-13,0.000130344633362256,-8.587176820583787e-15,0.012261512689292431,-3.824166350813586e-16,-0.17500004172325134,0.0,1.0,-0.6000000238418579,0.0,0.0,14894.2333984375,14035.0341796875,14035.0341796875,14894.2333984375,-0.5930672664642334,0.0,0.0,0.0,30.5,1.5,11.0,10.0,30.5,1.5,11.0,10.0,300.0,15.0,7.333333333333333,30.0
4.979166666666666,x,gym_env,-0.196866974234581,1.4560131800320925e-13,0.9999906420707703,-0.5677009224891663,1.31371164489337e-13,0.0001858412433648482,-8.642083190290705e-15,0.012753395363688469,-3.8648567548084985e-16,-0.18750004470348358,0.0,1.0,-0.6000000238418579,0.0,0.0,14892.923828125,14033.7236328125,14033.7236328125,14892.923828125,-0.027485102939605714,0.0,0.0,0.0,30.5,1.5,11.0,10.0,30.5,1.5,11.0,10.0,300.0,15.0,7.333333333333333,30.0
5.0,x,gym_env,-0.2086545079946518,1.4835811886718814e-13,0.9999947547912598,-0.5647827386856079,1.3296486036772776e-13,0.00020920955284964293,-8.693007658112581e-15,-0.00038412990397773683,-2.725444974820959e-16,-0.20000004768371582,0.0,1.0,0.0,0.0,0.0,14034.7548828125,14893.955078125,14893.955078125,14034.7548828125,-0.792473641705513,0.0,0.0,0.0,30.5,1.5,11.0,10.0,30.5,1.5,11.0,10.0,300.0,15.0,7.333333333333333,30.0
5.020833333333333,x,gym_env,-0.22041437029838562,1.511482453954438e-13,0.9999999403953552,-0.5646610856056213,1.3456828696061657e-13,0.0002712759596761316,-8.745141688983136e-15,-0.010773710906505585,-1.819830434841163e-16,-0.20000004768371582,0.0,1.0,0.0,0.0,0.0,13999.7353515625,14858.935546875,14858.935546875,13999.7353515625,-0.14512522768974304,0.0,0.0,0.0,30.5,1.5,11.0,10.0,30.5,1.5,11.0,10.0,300.0,15.0,7.333333333333333,30.0
5.041666666666666,x,gym_env,-0.23219574987888336,1.5397177890313918e-13,0.9999939203262329,-0.5660926699638367,1.3617193039393988e-13,-0.0006620176718570292,-8.7992010257428e-15,-0.007540988735854626,-2.102735468757159e-16,-0.20000004768371582,0.0,1.0,0.0,0.0,0.0,14022.333984375,14881.5341796875,14881.5341796875,14022.333984375,-0.14702259690761565,0.0,0.0,0.0,30.5,1.5,11.0,10.0,30.5,1.5,11.0,10.0,300.0,15.0,7.333333333333333,30.0
5.0625,x,gym_env,-0.24399647116661072,1.5682890912565445e-13,0.9999765157699585,-0.5663151144981384,1.3778972266561412e-13,-0.0009498849976807833,-8.85391850710248e-15,0.009296099655330181,-3.5871760612924894e-16,-0.20000004768371582,0.0,1.0,0.0,0.0,0.0,14084.48046875,14943.6806640625,14943.6806640625,14084.48046875,-0.18985236845016482,0.0,0.0,0.0,30.5,1.5,11.0,10.0,30.5,1.5,11.0,10.0,300.0,15.0,7.333333333333333,30.0
5.083333333333333,x,gym_env,-0.25575634837150574,1.5972002908627714e-13,0.9999749064445496,-0.5625258684158325,1.3943089304663259e-13,0.0004926241235807538,-8.913796113176834e-15,0.03975290060043335,-6.290918463818017e-16,-0.20000004768371582,0.0,1.0,0.0,0.0,0.0,14169.5400390625,15028.740234375,15028.740234375,14169.5400390625,-0.2181749598503113,0.0,0.0,0.0,30.5,1.5,11.0,10.0,30.5,1.5,11.0,10.0,300.0,15.0,7.333333333333333,30.0
5.104166666666666,x,gym_env,-0.2673555612564087,1.626456808860935e-13,1.0000312328338623,-0.551811933517456,1.4109918203449034e-13,0.004122458398342133,-8.992002665196824e-15,0.08385765552520752,-1.024324884048506e-15,-0.20000004768371582,0.0,1.0,0.0,0.0,0.0,14261.7197265625,15120.9189453125,15120.9189453125,14261.7197265625,-0.2320289116382599,0.0,0.0,0.0,30.5,1.5,11.0,10.0,30.5,1.5,11.0,10.0,300.0,15.0,7.333333333333333,30.0
5.125,x,gym_env,-0.2786121368408203,1.656064201787169e-13,1.0001881122589111,-0.5311564207077026,1.4279277359054848e-13,0.009661605581641197,-9.107119524926367e-15,0.14163614809513092,-1.5500254007291651e-15,-0.20000004768371582,0.0,1.0,0.0,0.0,0.0,15204.9189453125,14345.71875,14345.71875,15204.9189453125,-0.8513428543567658,0.0,0.0,0.0,30.5,1.5,11.0,10.0,30.5,1.5,11.0,10.0,300.0,15.0,7.333333333333333,30.0
5.145833333333333,x,gym_env,-0.28928399085998535,1.6860266709248922e-13,1.0004725456237793,-0.4979943037033081,1.445034955409319e-13,0.01605522446334362,-9.248246225367247e-15,0.19640959799289703,-2.059402004329458e-15,-0.20000004768371582,0.0,1.0,0.0,0.0,0.0,15230.435546875,14371.236328125,14371.236328125,15230.435546875,-0.1876138766050339,0.0,0.0,0.0,30.5,1.5,11.0,10.0,30.5,1.5,11.0,10.0,300.0,15.0,7.333333333333333,30.0
5.166666666666666,x,gym_env,-0.2991226315498352,1.7163454360015484e-13,1.000874638557434,-0.45385080575942993,1.462143123590054e-13,0.021202538162469864,-9.38706476102686e-15,0.23710133135318756,-2.44719803977971e-15,-0.20000004768371582,0.0,1.0,0.0,0.0,0.0,15201.185546875,14341.986328125,14341.986328125,15201.185546875,-0.19165416833162308,0.0,0.0,0.0,30.5,1.5,11.0,10.0,30.5,1.5,11.0,10.0,300.0,15.0,7.333333333333333,30.0
5.1875,x,gym_env,-0.3079413175582886,1.7470194128149652e-13,1.0013506412506104,-0.4020859897136688,1.4791503254434762e-13,0.023736001923680305,-9.506859783724089e-15,0.2637770175933838,-2.7070270904158613e-15,-0.20000004768371582,0.0,1.0,0.0,0.0,0.0,14697.53125,14742.5224609375,14742.5224609375,14697.53125,-0.5291480575561524,0.0,0.0,0.0,30.5,1.5,11.0,10.0,30.5,1.5,11.0,10.0,300.0,15.0,7.333333333333333,30.0
5.208333333333333,x,gym_env,-0.315620094537735,1.778046026384983e-13,1.0018419027328491,-0.3456789255142212,1.4960384005831967e-13,0.023321280255913734,-9.617147708621335e-15,0.2852766215801239,-2.9204129010375855e-15,-0.20000004768371582,0.0,1.0,0.0,0.0,0.0,14865.283203125,14487.0849609375,14487.0849609375,14865.283203125,-0.33416334364414213,0.0,0.0,0.0,30.5,1.5,11.0,10.0,30.5,1.5,11.0,10.0,300.0,15.0,7.333333333333333,30.0
5.229166666666666,x,gym_env,-0.3220750391483307,1.8094237859336143e-13,1.002294659614563,-0.2854171395301819,1.5128585775618653e-13,0.020512038841843605,-9.718542634605358e-15,0.3033784031867981,-3.1030753443547386e-15,-0.20000004768371582,0.0,1.0,0.0,0.0,0.0,15069.234375,14210.0341796875,14210.0341796875,15069.234375,-0.3529718765974045,0.0,0.0,0.0,30.5,1.5,11.0,10.0,30.5,1.5,11.0,10.0,300.0,15.0,7.333333333333333,30.0
5.25,x,gym_env,-0.3272351920604706,1.8411514717334154e-13,1.0026649236679077,-0.2222396731376648,1.5296618138815887e-13,0.015850771218538284,-9.789673920416932e-15,0.31074240803718567,-3.178273023587844e-15,-0.20000004768371582,0.0,1.0,0.0,0.0,0.0,14778.3583984375,14433.3193359375,14433.3193359375,14778.3583984375,-0.3604964809775353,0.0,0.0,0.0,30.5,1.5,11.0,10.0,30.5,1.5,11.0,10.0,300.0,15.0,7.333333333333333,30.0
5.270833333333333,x,gym_env,-0.3310675024986267,1.8732296258854725e-13,1.0029195547103882,-0.15843048691749573,1.546498389418116e-13,0.009801356121897697,-9.831798562949783e-15,0.30926451086997986,-3.162985137681088e-15,-0.20000004768371582,0.0,1.0,0.0,0.0,0.0,14382.01171875,14785.3408203125,14785.3408203125,14382.01171875,-0.4472046913594008,0.0,0.0,0.0,30.5,1.5,11.0,10.0,30.5,1.5,11.0,10.0,300.0,15.0,7.333333333333333,30.0
5.291666666666666,x,gym_env,-0.33357709646224976,1.9056600102183158e-13,1.0030418634414673,-0.09520251303911209,1.5634526008903582e-13,0.0032707052305340767,-9.878083831319547e-15,0.30944883823394775,-3.164864068516335e-15,-0.20000004768371582,0.0,1.0,0.0,0.0,0.0,14998.5859375,14139.3857421875,14139.3857421875,14998.5859375,-0.6446059370711447,0.0,0.0,0.0,30.5,1.5,11.0,10.0,30.5,1.5,11.0,10.0,300.0,15.0,7.333333333333333,30.0
5.3125,x,gym_env,-0.3347717821598053,1.9384453352373765e-13,1.0030251741409302,-0.032149892300367355,1.5805453191901353e-13,-0.00350905186496675,-9.908505019620185e-15,0.3039744794368744,-3.1079815709434723e-15,-0.20000004768371582,0.0,1.0,0.0,0.0,0.0,14991.0478515625,14131.84765625,14131.84765625,14991.0478515625,-0.1450743179909885,0.0,0.0,0.0,30.5,1.5,11.0,10.0,30.5,1.5,11.0,10.0,300.0,15.0,7.333333333333333,30.0
5.333333333333333,x,gym_env,-0.33467018604278564,1.9715889890744437e-13,1.0028696060180664,0.02915807254612446,1.5978222163339634e-13,-0.009978379122912884,-9.900628460243668e-15,0.28478488326072693,-2.909387284921413e-15,-0.20000004768371582,0.0,1.0,0.0,0.0,0.0,14202.9130859375,14934.0556640625,14934.0556640625,14202.9130859375,-0.7824522127717733,0.0,0.0,0.0,30.5,1.5,11.0,10.0,30.5,1.5,11.0,10.0,300.0,15.0,7.333333333333333,30.0
5.354166666666666,x,gym_env,-0.3333387076854706,2.005094766437121e-13,1.0025954246520996,0.08650962263345718,1.6152702818957726e-13,-0.015119246207177639,-9.901767719557725e-15,0.2671510875225067,-2.728039224980162e-15,-0.20000004768371582,0.0,1.0,0.0,0.0,0.0,14917.732421875,14228.326171875,14228.326171875,14917.732421875,-0.7201401091337204,0.0,0.0,0.0,30.5,1.5,11.0,10.0,30.5,1.5,11.0,10.0,300.0,15.0,7.333333333333333,30.0
5.375,x,gym_env,-0.33085697889328003,2.038965648881383e-13,1.0022281408309937,0.14042431116104126,1.6328384228481846e-13,-0.019190190359950066,-9.903528701055066e-15,0.24760322272777557,-2.527908844708257e-15,-0.20000004768371582,0.0,1.0,0.0,0.0,0.0,15009.4208984375,14150.220703125,14150.220703125,15009.4208984375,-0.2237111563026905,0.0,0.0,0.0,30.5,1.5,11.0,10.0,30.5,1.5,11.0,10.0,300.0,15.0,7.333333333333333,30.0
5.395833333333333,x,gym_env,-0.32730305194854736,2.073204482437932e-13,1.0017924308776855,0.18993715941905975,1.6505664836210382e-13,-0.021873481571674347,-9.883943605248652e-15,0.21544422209262848,-2.2011726615684887e-15,-0.20000004768371582,0.0,1.0,0.0,0.0,0.0,14170.1953125,15029.3955078125,15029.3955078125,14170.1953125,-0.8450929640948772,0.0,0.0,0.0,30.5,1.5,11.0,10.0,30.5,1.5,11.0,10.0,300.0,15.0,7.333333333333333,30.0
5.416666666666666,x,gym_env,-0.3227975368499756,2.1078156039154583e-13,1.0013266801834106,0.23290212452411652,1.6685336109729249e-13,-0.022484909743070602,-9.88121107696081e-15,0.1861177235841751,-1.9056847944023524e-15,-0.20000004768371582,0.0,1.0,0.0,0.0,0.0,14213.171875,14999.17578125,14999.17578125,14213.171875,-0.1873091045498848,0.0,0.0,0.0,30.5,1.5,11.0,10.0,30.5,1.5,11.0,10.0,300.0,15.0,7.333333333333333,30.0
5.4375,x,gym_env,-0.31746968626976013,2.1428030790721087e-13,1.0008647441864014,0.2704063355922699,1.6866675699341027e-13,-0.021861383691430092,-9.908839597634351e-15,0.16989867389202118,-1.7428095701286519e-15,-0.20000004768371582,0.0,1.0,0.0,0.0,0.0,15020.0234375,14160.8232421875,14160.8232421875,15020.0234375,-0.8151688638567925,0.0,0.0,0.0,30.5,1.5,11.0,10.0,30.5,1.5,11.0,10.0,300.0,15.0,7.333333333333333,30.0
5.458333333333333,x,gym_env,-0.3114040791988373,2.178169347362771e-13,1.0004183053970337,0.30455461144447327,1.7048678007530738e-13,-0.02107873000204563,-9.935816749971453e-15,0.15048806369304657,-1.5478034215502803e-15,-0.20000004768371582,0.0,1.0,0.0,0.0,0.0,15014.6005859375,14155.400390625,14155.400390625,15014.6005859375,-0.15913156012296675,0.0,0.0,0.0,30.5,1.5,11.0,10.0,30.5,1.5,11.0,10.0,300.0,15.0,7.333333333333333,30.0
5.479166666666666,x,gym_env,-0.3046800196170807,2.2139160350907044e-13,0.9999943971633911,0.3340887129306793,1.7231794333452677e-13,-0.0197413619607687,-9.949027075816831e-15,0.11737256497144699,-1.2157900113908809e-15,-0.20000004768371582,0.0,1.0,0.0,0.0,0.0,14271.8544921875,14933.37890625,14933.37890625,14271.8544921875,-0.759212934923172,0.0,0.0,0.0,30.5,1.5,11.0,10.0,30.5,1.5,11.0,10.0,300.0,15.0,7.333333333333333,30.0
