time,axis,backend,x,y,z,vx,vy,vz,roll,pitch,yaw,target_x,target_y,target_z,target_vx,target_vy,target_vz,rpm0,rpm1,rpm2,rpm3,reward,disturbance_x,disturbance_y,disturbance_z,x_b0,x_omega_c,x_k,x_r,y_b0,y_omega_c,y_k,y_r,z_b0,z_omega_c,z_k,z_r
0.0,x,gym_env,0.0,0.0,1.0,0.0,0.0,0.0,0.0,-0.0,0.0,0.0,0.0,1.0,0.5,0.0,0.0,14468.4287109375,14468.4287109375,14468.4287109375,14468.4287109375,-0.1,0.0,0.0,0.0,24.895232600159943,2.8715715527534487,7.023398730903864,65.13551945984364,30.5,1.5,11.0,10.0,300.0,15.0,7.333333333333333,30.0
0.020833333333333332,x,gym_env,0.0,0.0,1.0,0.0,0.0,-1.3332407178268113e-08,0.0,-0.0,0.0,0.010416666977107525,0.0,1.0,0.5,0.0,0.0,14038.8291015625,14898.029296875,14898.029296875,14038.8291015625,-0.11037068348377943,0.0,0.0,0.0,24.895232600159943,2.8715715527534487,7.023398730903864,65.13551945984364,30.5,1.5,11.0,10.0,300.0,15.0,7.333333333333333,30.0
0.041666666666666664,x,gym_env,1.393427965012961e-06,-2.2894487798747387e-22,1.0000022649765015,0.00022294015798252076,-4.3957043372967054e-20,0.00017964669677894562,2.1512492394521185e-18,0.008181506767868996,1.0172525001509352e-20,0.02083333395421505,0.0,1.0,0.5,0.0,0.0,14045.4228515625,14904.6220703125,14904.6220703125,14045.4228515625,-0.12026744931936265,0.0,0.0,0.0,24.973060267278925,2.845944568514824,7.087057173252106,65.34029081463814,30.5,1.5,11.0,10.0,300.0,15.0,7.333333333333333,30.0
0.0625,x,gym_env,3.066516001126729e-05,-7.055364333350024e-21,1.000010371208191,0.00267610396258533,-6.157407885764972e-19,0.0005281848134472966,5.648764290746035e-18,0.029986565932631493,9.847913479749401e-20,0.03125,0.0,1.0,0.5,0.0,0.0,14123.2802734375,14982.48046875,14982.48046875,14123.2802734375,-0.12903570272028447,0.0,0.0,0.0,24.973060267278925,2.845944568514824,7.087057173252106,65.34029081463814,30.5,1.5,11.0,10.0,300.0,15.0,7.333333333333333,30.0
0.08333333333333333,x,gym_env,0.00016995397163555026,-3.5389045195831706e-20,1.0000520944595337,0.010221733711659908,-1.95970667642388e-18,0.0029512206092476845,1.0233529468287561e-17,0.06542791426181793,3.711165722252648e-19,0.0416666679084301,0.0,1.0,0.5,0.0,0.0,14154.5283203125,15013.728515625,15013.728515625,14154.5283203125,-0.135965346544981,0.0,0.0,0.0,25.198549550026655,2.8906465530395513,6.963221963495016,65.37368360161781,30.5,1.5,11.0,10.0,300.0,15.0,7.333333333333333,30.0
0.10416666666666666,x,gym_env,0.0005609082872979343,-1.037510734963727e-19,1.0001505613327026,0.02570207417011261,-4.3216849332124045e-18,0.005810287781059742,1.674570240087461e-17,0.11450378596782684,1.0101233923428586e-18,0.0520833320915699,0.0,1.0,0.5,0.0,0.0,14694.2763671875,14784.7138671875,14784.7138671875,14694.2763671875,-0.14023637846112252,0.0,0.0,0.0,25.198549550026655,2.8906465530395513,6.963221963495016,65.37368360161781,30.5,1.5,11.0,10.0,300.0,15.0,7.333333333333333,30.0
0.125,x,gym_env,0.0014083079295232892,-2.398045451146156e-19,1.0003492832183838,0.05219322070479393,-8.27053061302572e-18,0.011834721080958843,2.7403879925867293e-17,0.1698017716407776,2.1991369998594978e-18,0.0625,0.0,1.0,0.5,0.0,0.0,15247.716796875,14388.517578125,14388.517578125,15247.716796875,-0.141450559347868,0.0,0.0,0.0,25.044807774480432,2.901923501491547,6.999230954796076,65.58283454179764,30.5,1.5,11.0,10.0,300.0,15.0,7.333333333333333,30.0
0.14583333333333331,x,gym_env,0.0029560213442891836,-4.865595787237846e-19,1.0006825923919678,0.09046708792448044,-1.456815440141244e-17,0.018510965630412102,3.92721002642944e-17,0.21714481711387634,3.776297871986285e-18,0.0729166641831398,0.0,1.0,0.5,0.0,0.0,15275.9501953125,14416.75,14416.75,15275.9501953125,-0.1398457944393158,0.0,0.0,0.0,25.044807774480432,2.901923501491547,6.999230954796076,65.58283454179764,30.5,1.5,11.0,10.0,300.0,15.0,7.333333333333333,30.0
0.16666666666666666,x,gym_env,0.005424771923571825,-8.949605157286587e-19,1.0011407136917114,0.13823047280311584,-2.322456973327782e-17,0.024072611704468727,4.794656467712569e-17,0.250397264957428,5.234508931257029e-18,0.0833333358168602,0.0,1.0,0.5,0.0,0.0,14742.953125,14803.5107421875,14803.5107421875,14742.953125,-0.13597190678119658,0.0,0.0,0.0,25.345903117209673,2.899791270494461,6.948327075690031,65.09364454448223,30.5,1.5,11.0,10.0,300.0,15.0,7.333333333333333,30.0
0.1875,x,gym_env,0.008966873399913311,-1.5037814731920553e-18,1.0016664266586304,0.1919727772474289,-3.3407743754595604e-17,0.025799058377742767,5.4783285231770366e-17,0.27857884764671326,6.698309249926793e-18,0.09375,0.0,1.0,0.5,0.0,0.0,14756.25390625,14749.4169921875,14749.4169921875,14756.25390625,-0.12979448288679124,0.0,0.0,0.0,25.345903117209673,2.899791270494461,6.948327075690031,65.09364454448223,30.5,1.5,11.0,10.0,300.0,15.0,7.333333333333333,30.0
0.20833333333333331,x,gym_env,0.013698169030249119,-2.340564618681058e-18,1.0022010803222656,0.25128674507141113,-4.4804409932502155e-17,0.025352293625473976,6.037711066777247e-17,0.3070307970046997,8.37636175495698e-18,0.1041666641831398,0.0,1.0,0.5,0.0,0.0,15114.1123046875,14254.912109375,14254.912109375,15114.1123046875,-0.1213338926434517,0.0,0.0,0.0,25.44770745560527,2.8784245252609253,7.025417014956474,65.6362653374672,30.5,1.5,11.0,10.0,300.0,15.0,7.333333333333333,30.0
0.22916666666666666,x,gym_env,0.01972830481827259,-3.4270318184788857e-18,1.0026838779449463,0.31552234292030334,-5.721365436801447e-17,0.021509923040866852,6.670175348368762e-17,0.3270827531814575,9.687212242462626e-18,0.1145833358168602,0.0,1.0,0.5,0.0,0.0,15016.5888671875,14157.3896484375,14157.3896484375,15016.5888671875,-0.11100610047578811,0.0,0.0,0.0,25.44770745560527,2.8784245252609253,7.025417014956474,65.6362653374672,30.5,1.5,11.0,10.0,300.0,15.0,7.333333333333333,30.0
0.25,x,gym_env,0.027132228016853333,-4.78322772677923e-18,1.003037929534912,0.38222503662109375,-7.04375128882139e-17,0.013895934447646141,7.006833887210904e-17,0.3333246409893036,1.011835366697629e-17,0.125,0.0,1.0,0.5,0.0,0.0,14972.9052734375,14113.705078125,14113.705078125,14972.9052734375,-0.09924503564834594,0.0,0.0,0.0,25.83688747882843,2.8965693473815923,6.881162315607071,65.60592617094517,30.5,1.5,11.0,10.0,300.0,15.0,7.333333333333333,30.0
0.2708333333333333,x,gym_env,0.03593260049819946,-6.422821709999682e-18,1.0032143592834473,0.44911181926727295,-8.435538917723513e-17,0.004882581066340208,7.525722300231948e-17,0.32583868503570557,9.534054788964758e-18,0.1354166716337204,0.0,1.0,0.5,0.0,0.0,14912.837890625,14053.638671875,14053.638671875,14912.837890625,-0.09199033230543137,0.0,0.0,0.0,25.83688747882843,2.8965693473815923,6.881162315607071,65.60592617094517,30.5,1.5,11.0,10.0,300.0,15.0,7.333333333333333,30.0
0.29166666666666663,x,gym_env,0.04609786719083786,-8.36463977849649e-18,1.003190040588379,0.5133576393127441,-9.925631337599398e-17,-0.005056540947407484,8.009728837693876e-17,0.3046950399875641,7.79866046951117e-18,0.1458333283662796,0.0,1.0,0.5,0.0,0.0,14390.1416015625,14510.4755859375,14510.4755859375,14390.1416015625,-0.10284166932106018,0.0,0.0,0.0,25.645015120506287,2.8741570711135864,7.046738039702177,65.4499691426754,30.5,1.5,11.0,10.0,300.0,15.0,7.333333333333333,30.0
0.3125,x,gym_env,0.05754397436976433,-1.0629585199939176e-17,1.002962350845337,0.572761595249176,-1.151613951337228e-16,-0.014625849202275276,8.377094306107456e-17,0.27927830815315247,5.613934196693265e-18,0.15625,0.0,1.0,0.5,0.0,0.0,14793.322265625,14119.4716796875,14119.4716796875,14793.322265625,-0.11149618923664092,0.0,0.0,0.0,25.645015120506287,2.8741570711135864,7.046738039702177,65.4499691426754,30.5,1.5,11.0,10.0,300.0,15.0,7.333333333333333,30.0
0.3333333333333333,x,gym_env,0.07016442716121674,-1.3236248031414255e-17,1.0025577545166016,0.6270530819892883,-1.3178442995847824e-16,-0.0224169734865427,8.36062083877234e-17,0.24826252460479736,2.919427265706892e-18,0.1666666716337204,0.0,1.0,0.5,0.0,0.0,14882.5732421875,14023.373046875,14023.373046875,14882.5732421875,-0.11776190847158433,0.0,0.0,0.0,26.026873610913754,2.861188769340515,7.1444577146321535,65.07599665224552,30.5,1.5,11.0,10.0,300.0,15.0,7.333333333333333,30.0
0.35416666666666663,x,gym_env,0.08383622020483017,-1.6190346572496307e-17,1.0020114183425903,0.6746572852134705,-1.4843351104636176e-16,-0.028501490131020546,8.063230217969316e-17,0.20487827062606812,-7.401283316831002e-19,0.1770833283662796,0.0,1.0,0.5,0.0,0.0,14104.6171875,14963.8173828125,14963.8173828125,14104.6171875,-0.12146304845809937,0.0,0.0,0.0,26.026873610913754,2.861188769340515,7.1444577146321535,65.07599665224552,30.5,1.5,11.0,10.0,300.0,15.0,7.333333333333333,30.0
0.375,x,gym_env,0.09839709103107452,-1.948795667835938e-17,1.001391053199768,0.7138840556144714,-1.6479212600778605e-16,-0.030392546206712723,7.842130795934302e-17,0.1643812656402588,-3.993726845489218e-18,0.1875,0.0,1.0,0.5,0.0,0.0,14984.8017578125,14125.6015625,14125.6015625,14984.8017578125,-0.12283286601305007,0.0,0.0,0.0,25.79171311855316,2.7888054065406322,7.222225135192275,64.60559432208538,30.5,1.5,11.0,10.0,300.0,15.0,7.333333333333333,30.0
0.3958333333333333,x,gym_env,0.11367236822843552,-2.3122229293531536e-17,1.0007575750350952,0.745026171207428,-1.808347579752151e-16,-0.030245719477534294,7.767110146587172e-17,0.12122729420661926,-7.37435982866332e-18,0.1979166716337204,0.0,1.0,0.5,0.0,0.0,14679.20703125,14578.349609375,14578.349609375,14679.20703125,-0.12185392379760743,0.0,0.0,0.0,25.79171311855316,2.7888054065406322,7.222225135192275,64.60559432208538,30.5,1.5,11.0,10.0,300.0,15.0,7.333333333333333,30.0
0.41666666666666663,x,gym_env,0.12948696315288544,-2.7091366127361083e-17,1.000166654586792,0.7671210765838623,-1.969971259906724e-16,-0.026963746175169945,7.91807457884504e-17,0.07173999398946762,-1.1244571651495813e-17,0.2083333283662796,0.0,1.0,0.5,0.0,0.0,14246.3232421875,15105.5234375,15105.5234375,14246.3232421875,-0.1185341477394104,0.0,0.0,0.0,26.192222096025944,2.744768446683884,7.512226322665811,64.55996483564377,30.5,1.5,11.0,10.0,300.0,15.0,7.333333333333333,30.0
0.4375,x,gym_env,0.14563550055027008,-3.1402340312411845e-17,0.999674916267395,0.7791815996170044,-2.1360306133780515e-16,-0.021281927824020386,8.170123790679338e-17,0.030036838725209236,-1.455922581388054e-17,0.21875,0.0,1.0,0.5,0.0,0.0,15013.9853515625,14385.9453125,14385.9453125,15013.9853515625,-0.11335659325122834,0.0,0.0,0.0,26.192222096025944,2.744768446683884,7.512226322665811,64.55996483564377,30.5,1.5,11.0,10.0,300.0,15.0,7.333333333333333,30.0
0.4583333333333333,x,gym_env,0.16192571818828583,-3.6065858874532707e-17,0.9993143081665039,0.7826615571975708,-2.3077259123221723e-16,-0.014635293744504452,8.70488480703854e-17,-0.012112434953451157,-1.8039050573799246e-17,0.2291666716337204,0.0,1.0,0.5,0.0,0.0,14980.755859375,14455.98828125,14455.98828125,14980.755859375,-0.10636115670204163,0.0,0.0,0.0,26.193923510611057,2.7890840567648416,7.451793328858912,64.10449047200382,30.5,1.5,11.0,10.0,300.0,15.0,7.333333333333333,30.0
0.47916666666666663,x,gym_env,0.1781756430864334,-4.109988155918342e-17,0.9990989565849304,0.7768506407737732,-2.490714410384459e-16,-0.007506994996219873,9.529242417597047e-17,-0.06327498704195023,-2.2673406056243938e-17,0.2395833283662796,0.0,1.0,0.5,0.0,0.0,14312.9833984375,15172.18359375,15172.18359375,14312.9833984375,-0.09745938777923585,0.0,0.0,0.0,26.193923510611057,2.7890840567648416,7.451793328858912,64.10449047200382,30.5,1.5,11.0,10.0,300.0,15.0,7.333333333333333,30.0
0.5,x,gym_env,0.19416995346546173,-4.653378320427697e-17,0.9990364909172058,0.7602300643920898,-2.6881765839329537e-16,-9.70091568888165e-05,1.0187027690355545e-16,-0.10934219509363174,-2.7221261607672735e-17,0.25,0.0,1.0,0.5,0.0,0.0,14307.6201171875,15166.8203125,15166.8203125,14307.6201171875,-0.08720705509185792,0.0,0.0,0.0,26.06960329413414,2.7184184014797212,7.572870599105954,64.38021663576365,30.5,1.5,11.0,10.0,300.0,15.0,7.333333333333333,30.0
0.5208333333333333,x,gym_env,0.20969951152801514,-5.2392726644047216e-17,0.9991158246994019,0.7345328330993652,-2.8969238833168357e-16,0.006292096339166164,1.1063591647222478e-16,-0.1414141058921814,-3.065228271145081e-17,0.2604166567325592,0.0,1.0,0.5,0.0,0.0,14301.87109375,15094.384765625,15094.384765625,14301.87109375,-0.07637958526611328,0.0,0.0,0.0,26.06960329413414,2.7184184014797212,7.572870599105954,64.38021663576365,30.5,1.5,11.0,10.0,300.0,15.0,7.333333333333333,30.0
0.5416666666666666,x,gym_env,0.2246144711971283,-5.870419412716562e-17,0.9993035197257996,0.7028869986534119,-3.1200463906068073e-16,0.010729742236435413,1.1876292628588888e-16,-0.16020850837230682,-3.283998683447391e-17,0.2708333432674408,0.0,1.0,0.5,0.0,0.0,15068.8076171875,14209.607421875,14209.607421875,15068.8076171875,-0.06555928587913513,0.0,0.0,0.0,26.609620481729507,2.756511399149895,7.747852008942573,63.48068513721228,30.5,1.5,11.0,10.0,300.0,15.0,7.333333333333333,30.0
0.5625,x,gym_env,0.2388247847557068,-6.549681602899387e-17,0.9995555877685547,0.6677536368370056,-3.356120561055889e-16,0.012930425815284252,1.2729687587370456e-16,-0.18214285373687744,-3.5579602405804635e-17,0.28125,0.0,1.0,0.5,0.0,0.0,14123.5205078125,14982.720703125,14982.720703125,14123.5205078125,-0.054699450731277466,0.0,0.0,0.0,26.609620481729507,2.756511399149895,7.747852008942573,63.48068513721228,30.5,1.5,11.0,10.0,300.0,15.0,7.333333333333333,30.0
0.5833333333333333,x,gym_env,0.25225362181663513,-7.279683051856215e-17,0.9998135566711426,0.628515362739563,-3.604784817474722e-16,0.01189961563795805,1.3611918724050113e-16,-0.20132489502429962,-3.8130650575975324e-17,0.2916666567325592,0.0,1.0,0.5,0.0,0.0,14090.232421875,14949.4326171875,14949.4326171875,14090.232421875,-0.04408666491508484,0.0,0.0,0.0,26.753676369786263,2.9425130367279055,7.036888040602207,64.2821946889162,30.5,1.5,11.0,10.0,300.0,15.0,7.333333333333333,30.0
0.6041666666666666,x,gym_env,0.26482194662094116,-8.063227570991356e-17,1.0000295639038086,0.586209774017334,-3.8668848693215806e-16,0.009293117560446262,1.4380405247314338e-16,-0.20678599178791046,-3.889884990213087e-17,0.3020833432674408,0.0,1.0,0.5,0.0,0.0,14078.8291015625,14938.029296875,14938.029296875,14078.8291015625,-0.03428382873535156,0.0,0.0,0.0,26.753676369786263,2.9425130367279055,7.036888040602207,64.2821946889162,30.5,1.5,11.0,10.0,300.0,15.0,7.333333333333333,30.0
0.625,x,gym_env,0.2764992415904999,-8.903210292448744e-17,1.0001850128173828,0.5434986352920532,-4.144271218888419e-16,0.006261520553380251,1.5108418154078588e-16,-0.19856524467468262,-3.7661430719143393e-17,0.3125,0.0,1.0,0.5,0.0,0.0,14584.3466796875,14310.9013671875,14310.9013671875,14584.3466796875,-0.025815045833587645,0.0,0.0,0.0,26.826450362801552,2.972928059101105,6.899478327482939,64.30124401301146,30.5,1.5,11.0,10.0,300.0,15.0,7.333333333333333,30.0
0.6458333333333333,x,gym_env,0.28731346130371094,-9.802624948301332e-17,1.0002585649490356,0.5031425356864929,-4.434573232714109e-16,0.001780940219759941,1.5774350163254e-16,-0.18748828768730164,-3.59300093481719e-17,0.3229166567325592,0.0,1.0,0.5,0.0,0.0,14149.365234375,14726.0029296875,14726.0029296875,14149.365234375,-0.03257039785385132,0.0,0.0,0.0,26.826450362801552,2.972928059101105,6.899478327482939,64.30124401301146,30.5,1.5,11.0,10.0,300.0,15.0,7.333333333333333,30.0
0.6666666666666666,x,gym_env,0.2973165512084961,-1.0764310422411403e-16,1.000241756439209,0.46514853835105896,-4.738825349785486e-16,-0.0024723687674850225,1.6403282714502157e-16,-0.17267939448356628,-3.351091964676057e-17,0.3333333432674408,0.0,1.0,0.5,0.0,0.0,13987.3525390625,14846.552734375,14846.552734375,13987.3525390625,-0.040625143051147464,0.0,0.0,0.0,26.897431313991547,2.9665672063827517,6.743122451007366,65.02963085472584,30.5,1.5,11.0,10.0,300.0,15.0,7.333333333333333,30.0
0.6875,x,gym_env,0.3065688908100128,-1.1791131406676348e-16,1.000137448310852,0.4306965470314026,-5.05776978272258e-16,-0.0065948921255767345,1.7219053528557874e-16,-0.14609341323375702,-2.899687593005049e-17,0.34375,0.0,1.0,0.5,0.0,0.0,14899.2919921875,14040.091796875,14040.091796875,14899.2919921875,-0.048277890682220465,0.0,0.0,0.0,26.897431313991547,2.9665672063827517,6.743122451007366,65.02963085472584,30.5,1.5,11.0,10.0,300.0,15.0,7.333333333333333,30.0
0.7083333333333333,x,gym_env,0.3151675760746002,-1.2887025280811922e-16,0.9999761581420898,0.4015226662158966,-5.397095945952981e-16,-0.00839910190552473,1.7620392297345742e-16,-0.12230951339006424,-2.482569195979874e-17,0.3541666567325592,0.0,1.0,0.5,0.0,0.0,14029.958984375,14889.1591796875,14889.1591796875,14029.958984375,-0.05552034974098206,0.0,0.0,0.0,26.886484071612358,3.037745785713196,6.716024294495583,64.91241803765297,30.5,1.5,11.0,10.0,300.0,15.0,7.333333333333333,30.0
0.7291666666666666,x,gym_env,0.3232201039791107,-1.4054928866864933e-16,0.9997819066047668,0.37713101506233215,-5.746653737790622e-16,-0.009871683083474636,1.8133364714625807e-16,-0.09584303200244904,-2.0072492130026103e-17,0.3645833432674408,0.0,1.0,0.5,0.0,0.0,14058.3955078125,14917.595703125,14917.595703125,14058.3955078125,-0.06202473640441895,0.0,0.0,0.0,26.886484071612358,3.037745785713196,6.716024294495583,64.91241803765297,30.5,1.5,11.0,10.0,300.0,15.0,7.333333333333333,30.0
0.75,x,gym_env,0.33083340525627136,-1.5297322383184058e-16,0.9995743036270142,0.35862600803375244,-6.109367010090306e-16,-0.009937983006238937,1.8535013179835015e-16,-0.05579771101474762,-1.2741557629160592e-17,0.375,0.0,1.0,0.5,0.0,0.0,14968.5869140625,14109.38671875,14109.38671875,14968.5869140625,-0.06716448068618774,0.0,0.0,0.0,26.760128304362297,3.0242994785308843,6.768905933946371,64.46289214491844,30.5,1.5,11.0,10.0,300.0,15.0,7.333333333333333,30.0
0.7708333333333333,x,gym_env,0.33816230297088623,-1.6616942804980114e-16,0.9993907809257507,0.3483660817146301,-6.485464461747793e-16,-0.008001325652003288,1.877812354709782e-16,-0.018614986911416054,-5.7983123416410284e-18,0.3854166567325592,0.0,1.0,0.5,0.0,0.0,14996.326171875,14137.126953125,14137.126953125,14996.326171875,-0.07100480198860168,0.0,0.0,0.0,26.760128304362297,3.0242994785308843,6.768905933946371,64.46289214491844,30.5,1.5,11.0,10.0,300.0,15.0,7.333333333333333,30.0
0.7916666666666666,x,gym_env,0.34537091851234436,-1.801565625171502e-16,0.9992607831954956,0.3452046811580658,-6.865452441611136e-16,-0.005054909270256758,1.8506194207293668e-16,0.004778234288096428,-1.442707419844815e-18,0.3958333432674408,0.0,1.0,0.5,0.0,0.0,14140.6103515625,14999.810546875,14999.810546875,14140.6103515625,-0.07390346527099609,0.0,0.0,0.0,27.263828977942467,3.0794167041778566,6.625205188989639,64.81526617705822,30.5,1.5,11.0,10.0,300.0,15.0,7.333333333333333,30.0
0.8125,x,gym_env,0.3525747060775757,-1.949288038823754e-16,0.9991937279701233,0.3467758595943451,-7.24010199632441e-16,-0.002001291373744607,1.8380310552952898e-16,0.030881067737936974,3.3613241061352766e-18,0.40625,0.0,1.0,0.5,0.0,0.0,14146.927734375,15006.1279296875,15006.1279296875,14146.927734375,-0.07550422549247741,0.0,0.0,0.0,27.263828977942467,3.0794167041778566,6.625205188989639,64.81526617705822,30.5,1.5,11.0,10.0,300.0,15.0,7.333333333333333,30.0
0.8333333333333333,x,gym_env,0.3598812520503998,-2.1047854208384125e-16,0.9991910457611084,0.354322612285614,-7.613055367560807e-16,0.0010791410459205508,1.8444565942936017e-16,0.07065562903881073,1.0723056609157668e-17,0.4166666567325592,0.0,1.0,0.5,0.0,0.0,15036.7353515625,14177.53515625,14177.53515625,15036.7353515625,-0.07516546845436096,0.0,0.0,0.0,27.187239587306976,3.1566750764846807,6.2984224781394005,64.91177017986774,30.5,1.5,11.0,10.0,300.0,15.0,7.333333333333333,30.0
0.8541666666666666,x,gym_env,0.3674480617046356,-2.2680630651713976e-16,0.9992578029632568,0.3702656328678131,-7.986629190431067e-16,0.004532733466476202,1.8451895424907727e-16,0.10756349563598633,1.7589125531935728e-17,0.4270833432674408,0.0,1.0,0.5,0.0,0.0,15038.947265625,14179.7470703125,14179.7470703125,15038.947265625,-0.07299000024795532,0.0,0.0,0.0,27.187239587306976,3.1566750764846807,6.2984224781394005,64.91177017986774,30.5,1.5,11.0,10.0,300.0,15.0,7.333333333333333,30.0
0.875,x,gym_env,0.3754401206970215,-2.439083252386777e-16,0.9993888139724731,0.39326611161231995,-8.356004906256498e-16,0.007373991422355175,1.8072391577313298e-16,0.13063302636146545,2.1860059212255247e-17,0.4375,0.0,1.0,0.5,0.0,0.0,15010.3740234375,14151.173828125,14151.173828125,15010.3740234375,-0.0694688081741333,0.0,0.0,0.0,27.17935259640217,3.08340654373169,6.624738931655884,64.52525062114,30.5,1.5,11.0,10.0,300.0,15.0,7.333333333333333,30.0
0.8958333333333333,x,gym_env,0.3839668333530426,-2.6176478561842323e-16,0.9995620250701904,0.4203217923641205,-8.712862004517103e-16,0.00889215711504221,1.7449810449680567e-16,0.13991792500019073,2.3549211653925283e-17,0.4479166567325592,0.0,1.0,0.5,0.0,0.0,14128.28125,14987.48046875,14987.48046875,14128.28125,-0.06502919793128967,0.0,0.0,0.0,27.17935259640217,3.08340654373169,6.624738931655884,64.52525062114,30.5,1.5,11.0,10.0,300.0,15.0,7.333333333333333,30.0
0.9166666666666666,x,gym_env,0.39307984709739685,-2.803443474373279e-16,0.9997555017471313,0.4490380585193634,-9.052410513896159e-16,0.009517458267509937,1.6565682753292448e-16,0.1519290953874588,2.5622030316032114e-17,0.4583333432674408,0.0,1.0,0.5,0.0,0.0,14449.4443359375,14602.09375,14602.09375,14449.4443359375,-0.0594384491443634,0.0,0.0,0.0,27.393027156591415,3.1161301612854007,6.408374562859535,64.84559079259634,30.5,1.5,11.0,10.0,300.0,15.0,7.333333333333333,30.0
0.9375,x,gym_env,0.4028204083442688,-2.996040767128778e-16,0.9999438524246216,0.48037242889404297,-9.369976930107189e-16,0.00864379107952118,1.5567005762189007e-16,0.17086626589298248,2.873714452643129e-17,0.46875,0.0,1.0,0.5,0.0,0.0,14925.87890625,14066.6787109375,14066.6787109375,14925.87890625,-0.05853542685508728,0.0,0.0,0.0,27.393027156591415,3.1161301612854007,6.408374562859535,64.84559079259634,30.5,1.5,11.0,10.0,300.0,15.0,7.333333333333333,30.0
0.9583333333333333,x,gym_env,0.41325852274894714,-3.194947925945729e-16,1.0000981092453003,0.5152197480201721,-9.662553756791849e-16,0.0065101212821900845,1.4550134768076339e-16,0.18255017697811127,3.054887851743678e-17,0.4791666567325592,0.0,1.0,0.5,0.0,0.0,14876.9833984375,14017.783203125,14017.783203125,14876.9833984375,-0.06503342986106872,0.0,0.0,0.0,27.5752484947443,3.058360052108765,6.599422410130501,63.56754882633686,30.5,1.5,11.0,10.0,300.0,15.0,7.333333333333333,30.0
0.9791666666666666,x,gym_env,0.4244459867477417,-3.3996498489130837e-16,1.0001863241195679,0.5515637993812561,-9.931853059294777e-16,0.0026989681646227837,1.3496538278255296e-16,0.18058781325817108,3.0278122450613475e-17,0.4895833432674408,0.0,1.0,0.5,0.0,0.0,14918.197265625,14058.9970703125,14058.9970703125,14918.197265625,-0.07062027454376221,0.0,0.0,0.0,27.5752484947443,3.058360052108765,6.599422410130501,63.56754882633686,30.5,1.5,11.0,10.0,300.0,15.0,7.333333333333333,30.0
1.0,x,gym_env,0.4363851845264435,-3.609698667359981e-16,1.0002106428146362,0.5871105790138245,-1.0179378321097349e-15,0.00020706233044620603,1.2251206616400382e-16,0.16499164700508118,2.8227157900290295e-17,0.5,0.0,1.0,0.5,0.0,0.0,14237.90625,14644.91015625,14644.91015625,14237.90625,-0.07477508783340454,0.0,0.0,0.0,27.341393813490868,3.0276881933212283,6.924776151776314,63.70441287755966,30.5,1.5,11.0,10.0,300.0,15.0,7.333333333333333,30.0
1.0208333333333333,x,gym_env,0.449021577835083,-3.8245784852819844e-16,1.0001718997955322,0.6189833283424377,-1.0401104018117739e-15,-0.0031566342804580927,1.1035815583997438e-16,0.1478293091058731,2.6159616650491552e-17,0.5104166865348816,0.0,1.0,0.5,0.0,0.0,14640.7138671875,14252.6884765625,14252.6884765625,14640.7138671875,-0.07762394547462463,0.0,0.0,0.0,27.341393813490868,3.0276881933212283,6.924776151776314,63.70441287755966,30.5,1.5,11.0,10.0,300.0,15.0,7.333333333333333,30.0
1.0416666666666665,x,gym_env,0.46227821707725525,-4.0437794947239647e-16,1.00007164478302,0.6474273800849915,-1.0598395990983394e-15,-0.005848647095263004,9.691346656600289e-17,0.12958115339279175,2.4219641540399512e-17,0.5208333134651184,0.0,1.0,0.5,0.0,0.0,14892.8505859375,14033.6513671875,14033.6513671875,14892.8505859375,-0.07912256121635437,0.0,0.0,0.0,27.331511676311493,3.0074632406234745,6.690161406993866,63.93553346954286,30.5,1.5,11.0,10.0,300.0,15.0,7.333333333333333,30.0
1.0625,x,gym_env,0.4760799705982208,-4.266760123995271e-16,0.9999295473098755,0.6718460917472839,-1.0768934428210023e-15,-0.007387594785541296,8.128445137462996e-17,0.10072991251945496,2.1603265954171835e-17,0.53125,0.0,1.0,0.5,0.0,0.0,14051.787109375,14910.9873046875,14910.9873046875,14051.787109375,-0.07899347543716431,0.0,0.0,0.0,27.331511676311493,3.0074632406234745,6.690161406993866,63.93553346954286,30.5,1.5,11.0,10.0,300.0,15.0,7.333333333333333,30.0
1.0833333333333333,x,gym_env,0.49031782150268555,-4.492924273659274e-16,0.9997699856758118,0.6903064846992493,-1.090991988590695e-15,-0.007761061191558838,6.685677374792496e-17,0.07467703521251678,1.960213738139375e-17,0.5416666865348816,0.0,1.0,0.5,0.0,0.0,14917.05078125,14057.8515625,14057.8515625,14917.05078125,-0.07750256061553956,0.0,0.0,0.0,27.93449431657791,2.999436151981354,7.20662534609437,62.68870131671429,30.5,1.5,11.0,10.0,300.0,15.0,7.333333333333333,30.0
1.1041666666666665,x,gym_env,0.5048730969429016,-4.721670285625626e-16,0.9996105432510376,0.7035448551177979,-1.1022448212949683e-15,-0.007532213348895311,5.222887209086781e-17,0.04593643918633461,1.7838520486620466e-17,0.5520833134651184,0.0,1.0,0.5,0.0,0.0,14282.498046875,14775.6171875,14775.6171875,14282.498046875,-0.07459635734558107,0.0,0.0,0.0,27.93449431657791,2.999436151981354,7.20662534609437,62.68870131671429,30.5,1.5,11.0,10.0,300.0,15.0,7.333333333333333,30.0
1.125,x,gym_env,0.5196309089660645,-4.952404178040065e-16,0.9994733929634094,0.7107197642326355,-1.1106499292305727e-15,-0.0059193205088377,3.605027810051466e-17,0.01651310920715332,1.6445508630411764e-17,0.5625,0.0,1.0,0.5,0.0,0.0,14667.4462890625,14416.412109375,14416.412109375,14667.4462890625,-0.07042987346649171,0.0,0.0,0.0,28.53554540872574,2.9506242275238037,7.452699557878077,62.004370003938675,30.5,1.5,11.0,10.0,300.0,15.0,7.333333333333333,30.0
1.1458333333333333,x,gym_env,0.534462571144104,-5.184484323445047e-16,0.9993759989738464,0.7119622230529785,-1.115728632903191e-15,-0.00383565085940063,1.7762007934320536e-17,-0.012113779783248901,1.5612033173397208e-17,0.5729166865348816,0.0,1.0,0.5,0.0,0.0,14276.0830078125,14840.5419921875,14840.5419921875,14276.0830078125,-0.06513893604278564,0.0,0.0,0.0,28.53554540872574,2.9506242275238037,7.452699557878077,62.004370003938675,30.5,1.5,11.0,10.0,300.0,15.0,7.333333333333333,30.0
1.1666666666666665,x,gym_env,0.5492468476295471,-5.417157921308699e-16,0.99932861328125,0.7073454856872559,-1.117054239465644e-15,-0.0012470477959141135,-7.862962801994052e-19,-0.03687778860330582,1.5340062805434673e-17,0.5833333134651184,0.0,1.0,0.5,0.0,0.0,14929.6962890625,14199.7080078125,14199.7080078125,14929.6962890625,-0.05899217128753662,0.0,0.0,0.0,28.92377805709839,2.952639746665955,7.446013106964529,61.50727105140686,30.5,1.5,11.0,10.0,300.0,15.0,7.333333333333333,30.0
1.1875,x,gym_env,0.5638704299926758,-5.649644113132771e-16,0.9993363618850708,0.69764643907547,-1.1147160050147486e-15,0.001421293942257762,-1.9352739117986562e-17,-0.06499005854129791,1.5558883510318226e-17,0.59375,0.0,1.0,0.5,0.0,0.0,14131.568359375,14990.7685546875,14990.7685546875,14131.568359375,-0.051950693130493164,0.0,0.0,0.0,28.92377805709839,2.952639746665955,7.446013106964529,61.50727105140686,30.5,1.5,11.0,10.0,300.0,15.0,7.333333333333333,30.0
1.2083333333333333,x,gym_env,0.5782202482223511,-5.881171569539669e-16,0.9993951916694641,0.6821047067642212,-1.108533935049213e-15,0.0037036470603197813,-3.984133287462889e-17,-0.08947508037090302,1.6221829066610075e-17,0.6041666865348816,0.0,1.0,0.5,0.0,0.0,14128.7958984375,14987.99609375,14987.99609375,14128.7958984375,-0.0444049596786499,0.0,0.0,0.0,28.89164623618126,2.889171367883683,7.3133797738701105,61.49147379398346,30.5,1.5,11.0,10.0,300.0,15.0,7.333333333333333,30.0
1.2291666666666665,x,gym_env,0.5921860337257385,-6.110900139724837e-16,0.999495804309845,0.6621215343475342,-1.0982685310032014e-15,0.005544358864426613,-5.817622790323018e-17,-0.10020304471254349,1.6744923196737584e-17,0.6145833134651184,0.0,1.0,0.5,0.0,0.0,14963.48046875,14104.2802734375,14104.2802734375,14963.48046875,-0.036905443668365484,0.0,0.0,0.0,28.89164623618126,2.889171367883683,7.3133797738701105,61.49147379398346,30.5,1.5,11.0,10.0,300.0,15.0,7.333333333333333,30.0
1.25,x,gym_env,0.6057087779045105,-6.338033083322261e-16,0.9996234774589539,0.6401545405387878,-1.0844540589081942e-15,0.006487835664302111,-7.440805262036234e-17,-0.11364992707967758,1.7660182000915258e-17,0.625,0.0,1.0,0.5,0.0,0.0,14449.111328125,14576.279296875,14576.279296875,14449.111328125,-0.029312396049499513,0.0,0.0,0.0,28.327517807483673,3.018031406402588,6.964816078543663,62.44192799925804,30.5,1.5,11.0,10.0,300.0,15.0,7.333333333333333,30.0
1.2708333333333333,x,gym_env,0.6187403202056885,-6.561889068204996e-16,0.9997572898864746,0.6152635812759399,-1.0674221321630415e-15,0.006320600397884846,-9.341093900699205e-17,-0.13133764266967773,1.9128775004054154e-17,0.6354166865348816,0.0,1.0,0.5,0.0,0.0,14098.6416015625,14957.841796875,14957.841796875,14098.6416015625,-0.021608996391296386,0.0,0.0,0.0,28.327517807483673,3.018031406402588,6.964816078543663,62.44192799925804,30.5,1.5,11.0,10.0,300.0,15.0,7.333333333333333,30.0
1.2916666666666665,x,gym_env,0.6312093734741211,-6.781717411423536e-16,0.9998898506164551,0.5870084166526794,-1.0464648429820756e-15,0.006345868576318026,-1.13698344240688e-16,-0.1399756819009781,2.0014658970318845e-17,0.6458333134651184,0.0,1.0,0.5,0.0,0.0,14051.59375,14910.7939453125,14910.7939453125,14051.59375,-0.014317512512207031,0.0,0.0,0.0,28.9907885491848,3.1141049385070803,6.811428368091583,62.60541409254074,30.5,1.5,11.0,10.0,300.0,15.0,7.333333333333333,30.0
1.3125,x,gym_env,0.6430730223655701,-6.996689608876349e-16,1.0000038146972656,0.5577861070632935,-1.021616919716134e-15,0.004889672622084618,-1.3243839233331777e-16,-0.1349402517080307,1.9409212392766782e-17,0.65625,0.0,1.0,0.5,0.0,0.0,14903.8251953125,14044.6259765625,14044.6259765625,14903.8251953125,-0.007863390445709228,0.0,0.0,0.0,28.9907885491848,3.1141049385070803,6.811428368091583,62.60541409254074,30.5,1.5,11.0,10.0,300.0,15.0,7.333333333333333,30.0
1.3333333333333333,x,gym_env,0.6543411612510681,-7.206011567175384e-16,1.0000866651535034,0.5297727584838867,-9.929898530768987e-16,0.0033958801068365574,-1.512247228355811e-16,-0.13263827562332153,1.9134894486225822e-17,0.6666666865348816,0.0,1.0,0.5,0.0,0.0,14075.91015625,14820.13671875,14820.13671875,14075.91015625,-0.0020802974700927734,0.0,0.0,0.0,28.922665745019913,3.0984081745147707,6.711772434413433,63.1578479334712,30.5,1.5,11.0,10.0,300.0,15.0,7.333333333333333,30.0
1.3541666666666665,x,gym_env,0.6650336980819702,-7.408905074800351e-16,1.0001295804977417,0.502236545085907,-9.606222889425886e-16,0.001171214273199439,-1.7158101567069046e-16,-0.1287166327238083,1.8520244697178494e-17,0.6770833134651184,0.0,1.0,0.5,0.0,0.0,14097.6640625,14830.9150390625,14830.9150390625,14097.6640625,-0.006728023290634155,0.0,0.0,0.0,28.922665745019913,3.0984081745147707,6.711772434413433,63.1578479334712,30.5,1.5,11.0,10.0,300.0,15.0,7.333333333333333,30.0
1.375,x,gym_env,0.6751642823219299,-7.604532627924652e-16,1.0001333951950073,0.4759550392627716,-9.240426417198196e-16,-0.00043649316648952663,-1.9167995607362234e-16,-0.11310458183288574,1.5719277139814708e-17,0.6875,0.0,1.0,0.5,0.0,0.0,14890.64453125,14031.4443359375,14031.4443359375,14890.64453125,-0.012124031782150269,0.0,0.0,0.0,28.644893258810043,3.120501232147217,6.661898076534271,62.67741893231869,30.5,1.5,11.0,10.0,300.0,15.0,7.333333333333333,30.0
1.3958333333333333,x,gym_env,0.684786856174469,-7.792021253217023e-16,1.0001078844070435,0.4529455602169037,-8.83333497120949e-16,-0.0017028776928782463,-2.1159528885034704e-16,-0.10104182362556458,1.3358577290662884e-17,0.6979166865348816,0.0,1.0,0.5,0.0,0.0,14112.0498046875,14789.35546875,14789.35546875,14112.0498046875,-0.017495507001876832,0.0,0.0,0.0,28.644893258810043,3.120501232147217,6.661898076534271,62.67741893231869,30.5,1.5,11.0,10.0,300.0,15.0,7.333333333333333,30.0
1.4166666666666665,x,gym_env,0.6939617395401001,-7.970525505916987e-16,1.0000548362731934,0.4322971999645233,-8.385758526715582e-16,-0.0030841052066534758,-2.3337457056706403e-16,-0.0880022794008255,1.0489140685275635e-17,0.7083333134651184,0.0,1.0,0.5,0.0,0.0,14034.7509765625,14893.951171875,14893.951171875,14034.7509765625,-0.022637826204299927,0.0,0.0,0.0,29.521070957183838,3.223803043365479,6.510665867477655,62.43054662644863,30.5,1.5,11.0,10.0,300.0,15.0,7.333333333333333,30.0
1.4375,x,gym_env,0.7027415037155151,-8.139134825606244e-16,0.9999818801879883,0.4147699177265167,-7.892308365985156e-16,-0.0037296144291758537,-2.546929604813563e-16,-0.06251399964094162,4.323884820051489e-18,0.71875,0.0,1.0,0.5,0.0,0.0,14905.33203125,14046.1318359375,14046.1318359375,14905.33203125,-0.027019482851028443,0.0,0.0,0.0,29.521070957183838,3.223803043365479,6.510665867477655,62.43054662644863,30.5,1.5,11.0,10.0,300.0,15.0,7.333333333333333,30.0
1.4583333333333333,x,gym_env,0.7112206816673279,-8.296895770823541e-16,0.999904215335846,0.4025491774082184,-7.352823552758236e-16,-0.0036821539979428053,-2.793972851929588e-16,-0.03981007635593414,-1.628390959196764e-18,0.7291666865348816,0.0,1.0,0.5,0.0,0.0,14846.9453125,14128.1875,14128.1875,14846.9453125,-0.03077564835548401,0.0,0.0,0.0,28.945805966854095,3.237607860565186,6.249515682458878,63.00316925346851,30.5,1.5,11.0,10.0,300.0,15.0,7.333333333333333,30.0
1.4791666666666665,x,gym_env,0.7195011377334595,-8.442769138021717e-16,0.9998339414596558,0.39444950222969055,-6.760649055047362e-16,-0.003155573271214962,-3.0645344982217207e-16,-0.029448077082633972,-4.599880662465014e-18,0.7395833134651184,0.0,1.0,0.5,0.0,0.0,14061.6728515625,14920.873046875,14920.873046875,14061.6728515625,-0.034259182214736936,0.0,0.0,0.0,28.945805966854095,3.237607860565186,6.249515682458878,63.00316925346851,30.5,1.5,11.0,10.0,300.0,15.0,7.333333333333333,30.0
1.5,x,gym_env,0.7276400923728943,-8.575620432447041e-16,0.9997774958610535,0.3884201943874359,-6.114061690200463e-16,-0.0024036827962845564,-3.329752160710067e-16,-0.015471789985895157,-9.037961488392205e-18,0.75,0.0,1.0,0.5,0.0,0.0,14065.236328125,14924.435546875,14924.435546875,14065.236328125,-0.037144279479980474,0.0,0.0,0.0,29.260493576526642,3.158423900604248,6.675851218402386,61.82112357020378,30.5,1.5,11.0,10.0,300.0,15.0,7.333333333333333,30.0
1.5208333333333333,x,gym_env,0.7356916069984436,-8.694320982697299e-16,0.9997387528419495,0.38582056760787964,-5.41221283708351e-16,-0.001491235918365419,-3.633469323535693e-16,0.01213531568646431,-1.8556911959371744e-17,0.7604166865348816,0.0,1.0,0.5,0.0,0.0,14940.7451171875,14081.5458984375,14081.5458984375,14940.7451171875,-0.03885715007781983,0.0,0.0,0.0,29.260493576526642,3.158423900604248,6.675851218402386,61.82112357020378,30.5,1.5,11.0,10.0,300.0,15.0,7.333333333333333,30.0
1.5416666666666665,x,gym_env,0.7437593936920166,-8.797612944845816e-16,0.9997247457504272,0.38900071382522583,-4.646766103308744e-16,-0.00014171471411827952,-3.950378759817009e-16,0.036943089216947556,-2.7851677459195324e-17,0.7708333134651184,0.0,1.0,0.5,0.0,0.0,14950.5576171875,14091.357421875,14091.357421875,14950.5576171875,-0.03953497409820557,0.0,0.0,0.0,28.84945312142372,3.0794811725616458,6.643980339169502,62.67692857980728,30.5,1.5,11.0,10.0,300.0,15.0,7.333333333333333,30.0
1.5625,x,gym_env,0.7519548535346985,-8.88416753595659e-16,0.999740719795227,0.3967174291610718,-3.8184200263598536e-16,0.0013587238499894738,-4.245386041664697e-16,0.04803305119276047,-3.2335168432800145e-17,0.78125,0.0,1.0,0.5,0.0,0.0,14075.57421875,14934.7734375,14934.7734375,14075.57421875,-0.03959721922874451,0.0,0.0,0.0,28.84945312142372,3.0794811725616458,6.643980339169502,62.67692857980728,30.5,1.5,11.0,10.0,300.0,15.0,7.333333333333333,30.0
1.5833333333333333,x,gym_env,0.760339617729187,-8.952758146442874e-16,0.9997811913490295,0.4065658152103424,-2.93417639233708e-16,0.0023149929475039244,-4.536435297368543e-16,0.061839211732149124,-3.8386014465960244e-17,0.7916666865348816,0.0,1.0,0.5,0.0,0.0,14260.0380859375,14752.8916015625,14752.8916015625,14260.0380859375,-0.03876296877861023,0.0,0.0,0.0,29.319667398929596,3.2310375690460207,6.287760987877846,62.61219860613346,30.5,1.5,11.0,10.0,300.0,15.0,7.333333333333333,30.0
1.6041666666666665,x,gym_env,0.7689663767814636,-9.002219576606605e-16,0.9998383522033691,0.4196867048740387,-1.9932649306540133e-16,0.0029908877331763506,-4.832436784138071e-16,0.0857924222946167,-4.9592376163420395e-17,0.8020833134651184,0.0,1.0,0.5,0.0,0.0,14938.0947265625,14078.89453125,14078.89453125,14938.0947265625,-0.0366225004196167,0.0,0.0,0.0,29.319667398929596,3.2310375690460207,6.287760987877846,62.61219860613346,30.5,1.5,11.0,10.0,300.0,15.0,7.333333333333333,30.0
1.625,x,gym_env,0.7779268622398376,-9.03137762702465e-16,0.9999072551727295,0.4376697540283203,-9.967716963677116e-17,0.0034613932948559523,-5.120985439762945e-16,0.1046346127986908,-5.89378428717098e-17,0.8125,0.0,1.0,0.5,0.0,0.0,14927.2802734375,14068.0810546875,14068.0810546875,14927.2802734375,-0.033416366577148436,0.0,0.0,0.0,30.059431970119476,3.31950273513794,5.998409979045391,62.322231605648994,30.5,1.5,11.0,10.0,300.0,15.0,7.333333333333333,30.0
1.6458333333333333,x,gym_env,0.7873070240020752,-9.039108920250714e-16,0.9999777674674988,0.45888304710388184,5.3707757702368705e-18,0.003306751837953925,-5.403550337011059e-16,0.10978586971759796,-6.165590542499985e-17,0.8229166865348816,0.0,1.0,0.5,0.0,0.0,14561.1884765625,14423.8076171875,14423.8076171875,14561.1884765625,-0.029634952545166016,0.0,0.0,0.0,30.059431970119476,3.31950273513794,5.998409979045391,62.322231605648994,30.5,1.5,11.0,10.0,300.0,15.0,7.333333333333333,30.0
1.6666666666666665,x,gym_env,0.7971403002738953,-9.0242900788385e-16,1.0000396966934204,0.48070716857910156,1.156576505616954e-16,0.0027594713028520346,-5.6553758792077225e-16,0.10815762728452682,-6.079190534902086e-17,0.8333333134651184,0.0,1.0,0.5,0.0,0.0,14063.4140625,14896.4306640625,14896.4306640625,14063.4140625,-0.026369893550872804,0.0,0.0,0.0,29.563353568315506,3.2489410877227787,6.212904468178749,62.47760732471943,30.5,1.5,11.0,10.0,300.0,15.0,7.333333333333333,30.0
1.6875,x,gym_env,0.8074246048927307,-8.985878193471701e-16,1.0000883340835571,0.5023059248924255,2.307969434294508e-16,0.002041781088337302,-5.884801105718654e-16,0.11359628289937973,-6.400018160308943e-17,0.84375,0.0,1.0,0.5,0.0,0.0,14895.9287109375,14036.728515625,14036.728515625,14895.9287109375,-0.03058525323867798,0.0,0.0,0.0,29.563353568315506,3.2489410877227787,6.212904468178749,62.47760732471943,30.5,1.5,11.0,10.0,300.0,15.0,7.333333333333333,30.0
1.7083333333333333,x,gym_env,0.8181712031364441,-8.922955292193732e-16,1.0001158714294434,0.5250322818756104,3.501253303820809e-16,0.0008189753862097859,-6.131274987875447e-16,0.11613865941762924,-6.55487034144581e-17,0.8541666865348816,0.0,1.0,0.5,0.0,0.0,14879.9423828125,14020.7421875,14020.7421875,14879.9423828125,-0.03429855108261108,0.0,0.0,0.0,29.75504234433174,3.2006267070770265,6.392814867198467,61.80144166946411,30.5,1.5,11.0,10.0,300.0,15.0,7.333333333333333,30.0
1.7291666666666665,x,gym_env,0.8293942809104919,-8.834600756070044e-16,1.0001118183135986,0.5476307272911072,4.741073692864854e-16,-0.0008456883952021599,-6.384475899820215e-16,0.10505570471286774,-5.86320242730816e-17,0.8645833134651184,0.0,1.0,0.5,0.0,0.0,14174.6953125,14765.01953125,14765.01953125,14174.6953125,-0.037085771560668945,0.0,0.0,0.0,29.75504234433174,3.2006267070770265,6.392814867198467,61.80144166946411,30.5,1.5,11.0,10.0,300.0,15.0,7.333333333333333,30.0
1.75,x,gym_env,0.841060221195221,-8.719717148038351e-16,1.0000818967819214,0.5678133964538574,6.037381385672308e-16,-0.0017926018917933106,-6.638332732903512e-16,0.09416466951370239,-5.1615421713708685e-17,0.875,0.0,1.0,0.5,0.0,0.0,14883.7998046875,14024.599609375,14024.599609375,14883.7998046875,-0.03902726173400879,0.0,0.0,0.0,30.286539018154144,3.191915845870972,6.490413948893547,61.24169942736626,30.5,1.5,11.0,10.0,300.0,15.0,7.333333333333333,30.0
1.7708333333333333,x,gym_env,0.8531174063682556,-8.577204913453999e-16,1.000030755996704,0.585723340511322,7.382178008940926e-16,-0.002868003910407424,-6.849949091698422e-16,0.07886075228452682,-4.13319884390658e-17,0.8854166865348816,0.0,1.0,0.5,0.0,0.0,14295.650390625,14652.3857421875,14652.3857421875,14295.650390625,-0.039965069293975836,0.0,0.0,0.0,30.286539018154144,3.191915845870972,6.490413948893547,61.24169942736626,30.5,1.5,11.0,10.0,300.0,15.0,7.333333333333333,30.0
1.7916666666666665,x,gym_env,0.865508496761322,-8.406090493823237e-16,0.9999656677246094,0.6002843976020813,8.773124692945103e-16,-0.003255176590755582,-7.029806479531624e-16,0.06153298541903496,-2.938965437211517e-17,0.8958333134651184,0.0,1.0,0.5,0.0,0.0,14412.7158203125,14538.6123046875,14538.6123046875,14412.7158203125,-0.039966583251953125,0.0,0.0,0.0,30.241762965917587,3.3208551406860356,6.410167619585991,61.36311450600624,30.5,1.5,11.0,10.0,300.0,15.0,7.333333333333333,30.0
1.8125,x,gym_env,0.8781591057777405,-8.205525268012036e-16,0.9998958110809326,0.611461877822876,1.0201168243665465e-15,-0.0033961492590606213,-7.204648373525897e-16,0.047694042325019836,-1.963787489257849e-17,0.90625,0.0,1.0,0.5,0.0,0.0,14911.3095703125,14052.1103515625,14052.1103515625,14911.3095703125,-0.039171731472015386,0.0,0.0,0.0,30.241762965917587,3.3208551406860356,6.410167619585991,61.36311450600624,30.5,1.5,11.0,10.0,300.0,15.0,7.333333333333333,30.0
1.8333333333333333,x,gym_env,0.8910059332847595,-7.974731024500104e-16,0.9998292922973633,0.6196383237838745,1.1667951905019688e-15,-0.0030373025219887495,-7.397938115715776e-16,0.02648651786148548,-4.257022156777603e-18,0.9166666865348816,0.0,1.0,0.5,0.0,0.0,14207.3212890625,14778.0615234375,14778.0615234375,14207.3212890625,-0.03735449314117432,0.0,0.0,0.0,30.26484614610672,3.192473435401917,6.444974590092897,60.930035293102264,30.5,1.5,11.0,10.0,300.0,15.0,7.333333333333333,30.0
1.8541666666666665,x,gym_env,0.9039688110351562,-7.712862847922557e-16,0.9997747540473938,0.6232830882072449,1.317679181099627e-15,-0.0023226107005029917,-7.634762175020974e-16,0.005304175429046154,1.1502226831777505e-17,0.9270833134651184,0.0,1.0,0.5,0.0,0.0,14073.5146484375,14932.71484375,14932.71484375,14073.5146484375,-0.034734690189361574,0.0,0.0,0.0,30.26484614610672,3.192473435401917,6.444974590092897,60.930035293102264,30.5,1.5,11.0,10.0,300.0,15.0,7.333333333333333,30.0
1.875,x,gym_env,0.9169553518295288,-7.41893870945617e-16,0.9997408390045166,0.6230336427688599,1.4735627836684538e-15,-0.0011623757891356945,-7.863281605673936e-16,-0.0040182508528232574,1.8596641444192666e-17,0.9375,0.0,1.0,0.5,0.0,0.0,14926.22265625,14067.0224609375,14067.0224609375,14926.22265625,-0.03178483247756958,0.0,0.0,0.0,30.090314120054245,3.1844054937362674,6.455512475222349,60.79067671298981,30.5,1.5,11.0,10.0,300.0,15.0,7.333333333333333,30.0
1.8958333333333333,x,gym_env,0.9299123287200928,-7.092017343738309e-16,0.999728798866272,0.6209858059883118,1.6334551814183983e-15,-0.0001889605773612857,-8.030953895165293e-16,-0.016061529517173767,2.807794113523063e-17,0.9479166865348816,0.0,1.0,0.5,0.0,0.0,14924.75,14065.5498046875,14065.5498046875,14924.75,-0.02830610275268555,0.0,0.0,0.0,30.090314120054245,3.1844054937362674,6.455512475222349,60.79067671298981,30.5,1.5,11.0,10.0,300.0,15.0,7.333333333333333,30.0
1.9166666666666665,x,gym_env,0.9427934885025024,-6.731384066719726e-16,0.9997361302375793,0.615914523601532,1.796549893104556e-15,0.0006980363395996392,-8.230576796822674e-16,-0.04174230992794037,4.885272118584283e-17,0.9583333134651184,0.0,1.0,0.5,0.0,0.0,14078.806640625,14938.0068359375,14938.0068359375,14078.806640625,-0.023922765254974367,0.0,0.0,0.0,29.83756324648857,3.130016851425171,7.068052414804697,60.53677821159363,30.5,1.5,11.0,10.0,300.0,15.0,7.333333333333333,30.0
1.9375,x,gym_env,0.9555036425590515,-6.33629666578039e-16,0.9997645616531372,0.6054654717445374,1.9634289362408094e-15,0.001774660311639309,-8.412735996690039e-16,-0.06463128328323364,6.77700473186325e-17,0.96875,0.0,1.0,0.5,0.0,0.0,14077.9462890625,14937.146484375,14937.146484375,14077.9462890625,-0.01899148225784302,0.0,0.0,0.0,29.83756324648857,3.130016851425171,7.068052414804697,60.53677821159363,30.5,1.5,11.0,10.0,300.0,15.0,7.333333333333333,30.0
1.9583333333333333,x,gym_env,0.9679400324821472,-5.906066926650657e-16,0.9998120665550232,0.5909075736999512,2.133258406890586e-15,0.00259466003626585,-8.56056283362282e-16,-0.07381545007228851,7.544736204664337e-17,0.9791666865348816,0.0,1.0,0.5,0.0,0.0,14866.7353515625,14139.4482421875,14139.4482421875,14866.7353515625,-0.015814316272735596,0.0,0.0,0.0,30.529876708984375,3.2234371662139893,6.67963095381856,59.929104924201965,30.5,1.5,11.0,10.0,300.0,15.0,7.333333333333333,30.0
1.9791666666666665,x,gym_env,0.9800498485565186,-5.44015910099139e-16,0.9998728036880493,0.5746557712554932,2.3053399263888753e-15,0.003114401362836361,-8.651111185079897e-16,-0.08446372300386429,8.45390365081117e-17,0.9895833134651184,0.0,1.0,0.5,0.0,0.0,14052.8681640625,14912.068359375,14912.068359375,14052.8681640625,-0.013460469245910645,0.0,0.0,0.0,30.529876708984375,3.2234371662139893,6.67963095381856,59.929104924201965,30.5,1.5,11.0,10.0,300.0,15.0,7.333333333333333,30.0
2.0,x,gym_env,0.9917954206466675,-4.938303197050649e-16,0.9999356269836426,0.5562418103218079,2.477990016753009e-15,0.0029216266702860594,-8.672542177436615e-16,-0.09153471887111664,9.056782659741869e-17,1.0,0.0,1.0,0.0,0.0,0.0,14064.0263671875,14892.3994140625,14892.3994140625,14064.0263671875,-0.11053829193115235,0.0,0.0,0.0,31.144798755645752,3.066263580322266,7.38271501660347,59.721992790699005,30.5,1.5,11.0,10.0,300.0,15.0,7.333333333333333,30.0
2.020833333333333,x,gym_env,1.003142237663269,-4.4004923326857403e-16,0.9999913573265076,0.5369802713394165,2.6504721828353494e-15,0.002518581924960017,-8.667600269584978e-16,-0.08524683117866516,8.49709902239869e-17,1.0,0.0,1.0,0.0,0.0,0.0,15246.4599609375,14387.259765625,14387.259765625,15246.4599609375,-0.1177560329437256,0.0,0.0,0.0,31.144798755645752,3.066263580322266,7.38271501660347,59.721992790699005,30.5,1.5,11.0,10.0,300.0,15.0,7.333333333333333,30.0
2.0416666666666665,x,gym_env,1.014093279838562,-3.825712715337917e-16,1.0001606941223145,0.5183137655258179,2.8312874590527776e-15,0.011885479092597961,-8.702844781124637e-16,-0.08208470791578293,8.209584276365058e-17,1.0,0.0,1.0,0.0,0.0,0.0,14885.0341796875,14025.833984375,14025.833984375,14885.0341796875,-0.12479743957519532,0.0,0.0,0.0,31.74538892507553,2.9823650121688843,7.875378728844225,59.49317789077759,30.5,1.5,11.0,10.0,300.0,15.0,7.333333333333333,30.0
2.0625,x,gym_env,1.024672508239746,-3.214293364367629e-16,1.0003970861434937,0.5006246566772461,3.0039527960099618e-15,0.010970593430101871,-8.775382565145127e-16,-0.09268363565206528,9.126238037927741e-17,1.0,0.0,1.0,0.0,0.0,0.0,14943.033203125,14083.833984375,14083.833984375,14943.033203125,-0.13087276220321656,0.0,0.0,0.0,31.74538892507553,2.9823650121688843,7.875378728844225,59.49317789077759,30.5,1.5,11.0,10.0,300.0,15.0,7.333333333333333,30.0
2.083333333333333,x,gym_env,1.0348525047302246,-2.5665974451510116e-16,1.0006321668624878,0.4801012873649597,3.179077493129499e-15,0.011439159512519836,-8.878408770706444e-16,-0.11691802740097046,1.1262697991130932e-16,1.0,0.0,1.0,0.0,0.0,0.0,14983.7568359375,14124.556640625,14124.556640625,14983.7568359375,-0.13533186316490176,0.0,0.0,0.0,31.987233698368073,2.882094752788544,7.75290438781667,58.15119248628616,30.5,1.5,11.0,10.0,300.0,15.0,7.333333333333333,30.0
2.1041666666666665,x,gym_env,1.0445393323898315,-1.8821711333167935e-16,1.0008844137191772,0.45396265387535095,3.356119237566909e-15,0.01243546511977911,-9.015977509252383e-16,-0.154796302318573,1.4667984844307994e-16,1.0,0.0,1.0,0.0,0.0,0.0,14628.6884765625,14693.736328125,14693.736328125,14628.6884765625,-0.13744649887084961,0.0,0.0,0.0,31.987233698368073,2.882094752788544,7.75290438781667,58.15119248628616,30.5,1.5,11.0,10.0,300.0,15.0,7.333333333333333,30.0
2.125,x,gym_env,1.0535788536071777,-1.1604508872572545e-16,1.0011790990829468,0.4193382263183594,3.5364582695097437e-15,0.015090450644493103,-9.205898177894558e-16,-0.1974332481622696,1.859952665016925e-16,1.0,0.0,1.0,0.0,0.0,0.0,14339.017578125,15198.2177734375,15198.2177734375,14339.017578125,-0.13689760565757753,0.0,0.0,0.0,30.827769815921783,2.9835052609443666,7.69259735615924,59.62066662311554,30.5,1.5,11.0,10.0,300.0,15.0,7.333333333333333,30.0
2.145833333333333,x,gym_env,1.0617811679840088,-4.0067156490578316e-17,1.001549482345581,0.37558218836784363,3.720789155974751e-15,0.019351478666067123,-9.427481996896283e-16,-0.23119990527629852,2.1810236800472198e-16,1.0,0.0,1.0,0.0,0.0,0.0,14648.3447265625,14847.3095703125,14847.3095703125,14648.3447265625,-0.13408098816871644,0.0,0.0,0.0,30.827769815921783,2.9835052609443666,7.69259735615924,59.62066662311554,30.5,1.5,11.0,10.0,300.0,15.0,7.333333333333333,30.0
2.1666666666666665,x,gym_env,1.068988561630249,3.9764994030257596e-17,1.0019803047180176,0.32546213269233704,3.906335958235542e-15,0.02138490043580532,-9.667230437451877e-16,-0.2574046552181244,2.438423890176899e-16,1.0,0.0,1.0,0.0,0.0,0.0,14693.4287109375,14703.9482421875,14703.9482421875,14693.4287109375,-0.1291860282421112,0.0,0.0,0.0,31.855577647686005,3.1470470190048223,7.442938879132271,59.170194029808044,30.5,1.5,11.0,10.0,300.0,15.0,7.333333333333333,30.0
2.1875,x,gym_env,1.0750900506973267,1.234789145686252e-16,1.0024194717407227,0.27047988772392273,4.093342621780925e-15,0.02069602534174919,-9.96027419104871e-16,-0.282172828912735,2.6903741050354865e-16,1.0,0.0,1.0,0.0,0.0,0.0,14225.7646484375,15084.96484375,15084.96484375,14225.7646484375,-0.12220438718795776,0.0,0.0,0.0,31.855577647686005,3.1470470190048223,7.442938879132271,59.170194029808044,30.5,1.5,11.0,10.0,300.0,15.0,7.333333333333333,30.0
2.208333333333333,x,gym_env,1.0799891948699951,2.1111966661557395e-16,1.002814531326294,0.21107596158981323,4.282816268785187e-15,0.017645809799432755,-1.0224656467292827e-15,-0.29854413866996765,2.862421584397208e-16,1.0,0.0,1.0,0.0,0.0,0.0,14234.724609375,15074.357421875,15074.357421875,14234.724609375,-0.11352985799312591,-0.004070742521435022,0.0,0.0,31.284841239452362,3.2121307373046877,6.76075941696763,59.4514884352684,30.5,1.5,11.0,10.0,300.0,15.0,7.333333333333333,30.0
2.2291666666666665,x,gym_env,1.0836083889007568,3.027537951970225e-16,1.0031367540359497,0.1496073454618454,4.47610706976625e-15,0.014118620194494724,-1.0353086779129076e-15,-0.27597787976264954,2.7457941472853553e-16,1.0,0.0,1.0,0.0,0.0,0.0,15016.8154296875,14157.615234375,14157.615234375,15016.8154296875,-0.10485603958368302,-0.0028397587593644857,0.0,0.0,31.284841239452362,3.2121307373046877,6.76075941696763,59.4514884352684,30.5,1.5,11.0,10.0,300.0,15.0,7.333333333333333,30.0
2.25,x,gym_env,1.0860161781311035,3.984506511355273e-16,1.003379225730896,0.09419930726289749,4.672340886722548e-15,0.010267647914588451,-1.0436980098598695e-15,-0.23866528272628784,2.5479579557510887e-16,1.0,0.0,1.0,0.0,0.0,0.0,14951.177734375,14091.9775390625,14091.9775390625,14951.177734375,-0.09674859195947647,-0.0025373746175318956,0.0,0.0,31.592440605163574,3.23980188369751,6.493050649762154,60.38849252462387,30.5,1.5,11.0,10.0,300.0,15.0,7.333333333333333,30.0
2.270833333333333,x,gym_env,1.08737051486969,4.982711546288416e-16,1.0035432577133179,0.04689038544893265,4.87126996251701e-15,0.006526515353471041,-1.0483032221149727e-15,-0.19937177002429962,2.389898431419884e-16,1.0,0.0,1.0,0.0,0.0,0.0,14909.1865234375,14049.9873046875,14049.9873046875,14909.1865234375,-0.08934213481843471,-0.00014446173736359924,0.0,0.0,31.592440605163574,3.23980188369751,6.493050649762154,60.38849252462387,30.5,1.5,11.0,10.0,300.0,15.0,7.333333333333333,30.0
2.2916666666666665,x,gym_env,1.0878444910049438,6.022659953049028e-16,1.0036355257034302,0.007488219067454338,5.0724864507855315e-15,0.003190245246514678,-1.0559773406170966e-15,-0.17292141914367676,2.3701755339408637e-16,1.0,0.0,1.0,0.0,0.0,0.0,14899.3515625,14040.1513671875,14040.1513671875,14899.3515625,-0.09311067871749401,0.004538840148597956,0.0,0.0,31.661839306354523,3.3327128410339357,6.365042045712471,59.959219098091125,30.5,1.5,11.0,10.0,300.0,15.0,7.333333333333333,30.0
2.3125,x,gym_env,1.0875681638717651,7.104822364318425e-16,1.0036652088165283,-0.02771257422864437,5.275787487137246e-15,0.00022640280076302588,-1.0692574408015048e-15,-0.1883808821439743,2.7212743963469154e-16,1.0,0.0,1.0,0.0,0.0,0.0,14041.376953125,14900.5771484375,14900.5771484375,14041.376953125,-0.09978206008672715,-0.0014474980998784304,0.0,0.0,31.661839306354523,3.3327128410339357,6.365042045712471,59.959219098091125,30.5,1.5,11.0,10.0,300.0,15.0,7.333333333333333,30.0
2.333333333333333,x,gym_env,1.0865089893341064,8.22938883311415e-16,1.003628134727478,-0.06636535376310349,5.479301552275195e-15,-0.003173504024744034,-1.0763031667358845e-15,-0.19208446145057678,2.964750575963816e-16,1.0,0.0,1.0,0.0,0.0,0.0,14031.7939453125,14890.994140625,14890.994140625,14031.7939453125,-0.10570296943187714,0.0021959380246698856,0.0,0.0,31.170729100704193,3.197466540336609,6.917749434709549,59.65983432531357,30.5,1.5,11.0,10.0,300.0,15.0,7.333333333333333,30.0
2.3541666666666665,x,gym_env,1.0846441984176636,9.396311184437325e-16,1.003514289855957,-0.10529385507106781,5.6825229675298676e-15,-0.00701455632224679,-1.0849574082371e-15,-0.19581209123134613,3.1895240034075453e-16,1.0,0.0,1.0,0.0,0.0,0.0,14026.2529296875,14885.453125,14885.453125,14026.2529296875,-0.11072539985179901,-0.004928059410303831,0.0,0.0,31.170729100704193,3.197466540336609,6.917749434709549,59.65983432531357,30.5,1.5,11.0,10.0,300.0,15.0,7.333333333333333,30.0
2.375,x,gym_env,1.0819518566131592,1.0605621182023474e-15,1.0033196210861206,-0.14386771619319916,5.886417350461134e-15,-0.010746186599135399,-1.0837035877169269e-15,-0.15528081357479095,2.9471338788477025e-16,1.0,0.0,1.0,0.0,0.0,0.0,14902.6005859375,14043.400390625,14043.400390625,14902.6005859375,-0.11311712265014648,-0.006207645405083895,0.0,0.0,32.00905179977417,3.18700864315033,7.02413410320878,58.518764317035675,30.5,1.5,11.0,10.0,300.0,15.0,7.333333333333333,30.0
2.395833333333333,x,gym_env,1.0785605907440186,1.1857829163223316e-15,1.0030715465545654,-0.17278265953063965,6.0939378814395956e-15,-0.012411131523549557,-1.0787348924483331e-15,-0.07905738800764084,2.3172785910826287e-16,1.0,0.0,1.0,0.0,0.0,0.0,14941.1044921875,14081.904296875,14081.904296875,14941.1044921875,-0.11205755770206452,0.001672371756285429,0.0,0.0,32.00905179977417,3.18700864315033,7.02413410320878,58.518764317035675,30.5,1.5,11.0,10.0,300.0,15.0,7.333333333333333,30.0
2.4166666666666665,x,gym_env,1.0747727155685425,1.3153932509332245e-15,1.002822756767273,-0.18642421066761017,6.306754485920765e-15,-0.011512180790305138,-1.0862294399656392e-15,-0.02713630720973015,1.9600591215392766e-16,1.0,0.0,1.0,0.0,0.0,0.0,14948.6455078125,14089.4453125,14089.4453125,14948.6455078125,-0.10887796878814698,0.0007038519252091646,0.0,0.0,30.745648205280304,3.2166355133056643,7.071755405515432,60.021254897117615,30.5,1.5,11.0,10.0,300.0,15.0,7.333333333333333,30.0
2.4375,x,gym_env,1.0708286762237549,1.4494871426921712e-15,1.0026023387908936,-0.19024646282196045,6.523380197565737e-15,-0.009943987242877483,-1.0927686401975608e-15,0.006605005823075771,1.8031728701889171e-16,1.0,0.0,1.0,0.0,0.0,0.0,14945.3154296875,14086.115234375,14086.115234375,14945.3154296875,-0.10426906645298004,-0.005445587914437056,0.0,0.0,30.745648205280304,3.2166355133056643,7.071755405515432,60.021254897117615,30.5,1.5,11.0,10.0,300.0,15.0,7.333333333333333,30.0
2.458333333333333,x,gym_env,1.0668821334838867,1.5881236721472427e-15,1.0024138689041138,-0.1869346648454666,6.7422801926740866e-15,-0.008478006348013878,-1.0956267411198336e-15,0.06040295585989952,1.3472677095433347e-16,1.0,0.0,1.0,0.0,0.0,0.0,14938.369140625,14079.1689453125,14079.1689453125,14938.369140625,-0.09776593744754791,0.003008779138326645,0.0,0.0,31.21323037147522,3.2071793079376225,6.799228228628635,59.869970977306366,30.5,1.5,11.0,10.0,300.0,15.0,7.333333333333333,30.0
2.4791666666666665,x,gym_env,1.0631550550460815,1.7313402146272366e-15,1.002249002456665,-0.17305441200733185,6.9626349668693455e-15,-0.00758398650214076,-1.0994131901522972e-15,0.08171180635690689,1.303408872930099e-16,1.0,0.0,1.0,0.0,0.0,0.0,14925.724609375,14066.525390625,14066.525390625,14925.724609375,-0.09099859297275543,0.0029093981720507145,0.0,0.0,31.21323037147522,3.2071793079376225,6.799228228628635,59.869970977306366,30.5,1.5,11.0,10.0,300.0,15.0,7.333333333333333,30.0
2.5,x,gym_env,1.0597655773162842,1.879158687109663e-15,1.0020949840545654,-0.15616507828235626,7.183985428294102e-15,-0.0072615849785506725,-1.1080610789064083e-15,0.07125452160835266,1.6811512890409328e-16,1.0,0.0,1.0,0.0,0.0,0.0,14063.083984375,14922.283203125,14922.283203125,14063.083984375,-0.08514676392078399,0.002603838685899973,0.0,0.0,31.050413191318512,3.3360255241394046,6.2799211367964745,60.23101645708084,30.5,1.5,11.0,10.0,300.0,15.0,7.333333333333333,30.0
2.520833333333333,x,gym_env,1.056697964668274,2.0316106415718075e-15,1.0019484758377075,-0.14224399626255035,7.407059178250047e-15,-0.006831489037722349,-1.1192979238638023e-15,0.047380104660987854,2.2867353770980267e-16,1.0,0.0,1.0,0.0,0.0,0.0,14062.056640625,14921.2568359375,14921.2568359375,14062.056640625,-0.08044748604297638,0.0001645086013013497,0.0,0.0,31.050413191318512,3.3360255241394046,6.2799211367964745,60.23101645708084,30.5,1.5,11.0,10.0,300.0,15.0,7.333333333333333,30.0
2.5416666666666665,x,gym_env,1.0538560152053833,2.1887339827380593e-15,1.0018138885498047,-0.1329573541879654,7.632124302664987e-15,-0.006194476969540119,-1.1335030899057305e-15,0.03617657348513603,2.757611050992941e-16,1.0,0.0,1.0,0.0,0.0,0.0,14057.57421875,14916.7734375,14916.7734375,14057.57421875,-0.07643783390522003,0.0054344963282346725,0.0,0.0,31.470720291137695,3.2321919918060305,6.63143527880311,59.42538219690323,30.5,1.5,11.0,10.0,300.0,15.0,7.333333333333333,30.0
2.5625,x,gym_env,1.0511865615844727,2.350578050277596e-15,1.0016924142837524,-0.12625636160373688,7.859916873170086e-15,-0.005566910374909639,-1.1609690861325169e-15,0.004912015050649643,3.686725726000919e-16,1.0,0.0,1.0,0.0,0.0,0.0,14055.1962890625,14914.396484375,14914.396484375,14055.1962890625,-0.0735189899802208,-0.007706713862717152,0.0,0.0,31.470720291137695,3.2321919918060305,6.63143527880311,59.42538219690323,30.5,1.5,11.0,10.0,300.0,15.0,7.333333333333333,30.0
2.583333333333333,x,gym_env,1.0485589504241943,2.5172139949579874e-15,1.0015844106674194,-0.1248001977801323,8.091518550838988e-15,-0.004938577301800251,-1.1733911419413564e-15,0.03518332540988922,3.537847774120155e-16,1.0,0.0,1.0,0.0,0.0,0.0,14907.41015625,14048.2099609375,14048.2099609375,14907.41015625,-0.06932310909032821,0.0005615201080217957,0.0,0.0,31.349475979804993,3.2994166374206544,6.669217064976692,59.66433626413345,30.5,1.5,11.0,10.0,300.0,15.0,7.333333333333333,30.0
2.6041666666666665,x,gym_env,1.046055555343628,2.6887288494145635e-15,1.0014853477478027,-0.11633776873350143,8.327446025769517e-15,-0.004662949126213789,-1.1865034237230898e-15,0.0591789148747921,3.489081705066561e-16,1.0,0.0,1.0,0.0,0.0,0.0,14901.4775390625,14042.27734375,14042.27734375,14901.4775390625,-0.06460111737251281,0.0029931559693068266,0.0,0.0,31.349475979804993,3.2994166374206544,6.669217064976692,59.66433626413345,30.5,1.5,11.0,10.0,300.0,15.0,7.333333333333333,30.0
2.625,x,gym_env,1.0437893867492676,2.86520795221676e-15,1.0013874769210815,-0.1040586531162262,8.567116539293963e-15,-0.004717374686151743,-1.200324672081675e-15,0.0509222038090229,3.9990053331321023e-16,1.0,0.0,1.0,0.0,0.0,0.0,14254.357421875,14697.9951171875,14697.9951171875,14254.357421875,-0.060453572869300844,-0.0031776127871125937,0.0,0.0,31.989123284816742,3.1878513336181644,6.702434457838535,58.559239625930786,30.5,1.5,11.0,10.0,300.0,15.0,7.333333333333333,30.0
2.645833333333333,x,gym_env,1.0417476892471313,3.0467103839126484e-15,1.0012890100479126,-0.09352941811084747,8.808952069031591e-15,-0.004738956224173307,-1.2025850853805416e-15,0.06116949021816254,4.077542228001521e-16,1.0,0.0,1.0,0.0,0.0,0.0,14900.8359375,14041.6357421875,14041.6357421875,14900.8359375,-0.056158792972564694,0.002355799078941345,0.0,0.0,31.989123284816742,3.1878513336181644,6.702434457838535,58.559239625930786,30.5,1.5,11.0,10.0,300.0,15.0,7.333333333333333,30.0
2.6666666666666665,x,gym_env,1.0399597883224487,3.2332676964795136e-15,1.001189112663269,-0.08099502325057983,9.052146239616615e-15,-0.00483348686248064,-1.2100035058117131e-15,0.051418762654066086,4.567932746907786e-16,1.0,0.0,1.0,0.0,0.0,0.0,14541.859375,14407.9775390625,14407.9775390625,14541.859375,-0.052838514745235446,0.007115619722753763,0.0,0.0,30.855488121509552,3.373496532440186,6.149709232151508,60.91295629739761,30.5,1.5,11.0,10.0,300.0,15.0,7.333333333333333,30.0
2.6875,x,gym_env,1.0384095907211304,3.424904242114589e-15,1.00108802318573,-0.07214462012052536,9.296251817652885e-15,-0.004808160942047834,-1.241402487770838e-15,-0.009149541147053242,6.248211062617455e-16,1.0,0.0,1.0,0.0,0.0,0.0,14066.8212890625,14926.021484375,14926.021484375,14066.8212890625,-0.0519412562251091,-0.005829941481351852,0.0,0.0,30.855488121509552,3.373496532440186,6.149709232151508,60.91295629739761,30.5,1.5,11.0,10.0,300.0,15.0,7.333333333333333,30.0
2.708333333333333,x,gym_env,1.0368684530258179,3.621640561366846e-15,1.000999927520752,-0.07536401599645615,9.541378070390596e-15,-0.003854469396173954,-1.2562835861046752e-15,-0.026049477979540825,6.884753675501102e-16,1.0,0.0,1.0,0.0,0.0,0.0,14058.4404296875,14917.640625,14917.640625,14058.4404296875,-0.051590888202190405,0.005885591730475426,0.0,0.0,31.229827523231506,3.2952662467956544,6.467860471457243,59.97853946685791,30.5,1.5,11.0,10.0,300.0,15.0,7.333333333333333,30.0
2.7291666666666665,x,gym_env,1.03523850440979,3.823483006983389e-15,1.000927448272705,-0.0817619189620018,9.786528887083777e-15,-0.0032614057417958975,-1.2968597465308268e-15,-0.06576122343540192,8.37754865987432e-16,1.0,0.0,1.0,0.0,0.0,0.0,14044.201171875,14903.400390625,14903.400390625,14044.201171875,-0.05272747576236725,0.0034039211459457874,0.0,0.0,31.229827523231506,3.2952662467956544,6.467860471457243,59.97853946685791,30.5,1.5,11.0,10.0,300.0,15.0,7.333333333333333,30.0
2.75,x,gym_env,1.033367395401001,4.030431790722454e-15,1.0008572340011597,-0.09680040180683136,1.0031550954768976e-14,-0.0035440935753285885,-1.358644553165042e-15,-0.11283830553293228,1.0342810151896514e-15,1.0,0.0,1.0,0.0,0.0,0.0,14011.4296875,14870.6298828125,14870.6298828125,14011.4296875,-0.055046012997627264,-0.007559310644865036,0.0,0.0,30.23365944623947,3.2013229846954347,6.6488463915884495,60.79787001013756,30.5,1.5,11.0,10.0,300.0,15.0,7.333333333333333,30.0
2.770833333333333,x,gym_env,1.0310512781143188,4.24247505412278e-15,1.0007610321044922,-0.11997367441654205,1.0276213880484539e-14,-0.0053373463451862335,-1.3741089395621821e-15,-0.09931199997663498,1.0655410837454265e-15,1.0,0.0,1.0,0.0,0.0,0.0,14025.416015625,14884.6162109375,14884.6162109375,14025.416015625,-0.055989903211593625,-0.0042959111742675304,0.0,0.0,30.23365944623947,3.2013229846954347,6.6488463915884495,60.79787001013756,30.5,1.5,11.0,10.0,300.0,15.0,7.333333333333333,30.0
2.7916666666666665,x,gym_env,1.0283002853393555,4.459685642017831e-15,1.0006359815597534,-0.1384480893611908,1.0527166025833465e-14,-0.006336546037346125,-1.3619626988567923e-15,-0.04557983949780464,9.906753355485264e-16,1.0,0.0,1.0,0.0,0.0,0.0,14930.74609375,14071.546875,14071.546875,14930.74609375,-0.05440285503864288,0.0,0.0,0.0,30.780961573123932,3.2994709014892583,6.318656638264656,60.74590829014778,30.5,1.5,11.0,10.0,300.0,15.0,7.333333333333333,30.0
2.8125,x,gym_env,1.025309443473816,4.682261336600791e-15,1.000515341758728,-0.14546705782413483,1.078918126850648e-14,-0.005376000888645649,-1.3516720955805998e-15,0.005235029850155115,9.20477162407471e-16,1.0,0.0,1.0,0.0,0.0,0.0,14954.9619140625,14095.76171875,14095.76171875,14954.9619140625,-0.05082303285598755,0.0,0.0,0.0,30.780961573123932,3.2994709014892583,6.318656638264656,60.74590829014778,30.5,1.5,11.0,10.0,300.0,15.0,7.333333333333333,30.0
2.833333333333333,x,gym_env,1.0223004817962646,4.910402461163685e-15,1.0004255771636963,-0.1426127552986145,1.1059164550114315e-14,-0.003613496432080865,-1.3418615482272637e-15,0.042245052754879,8.693464420629388e-16,1.0,0.0,1.0,0.0,0.0,0.0,14957.4755859375,14098.275390625,14098.275390625,14957.4755859375,-0.04598571956157685,0.0,0.0,0.0,31.40717852115631,3.25472640991211,6.576371930539608,60.12589931488037,30.5,1.5,11.0,10.0,300.0,15.0,7.333333333333333,30.0
2.8541666666666665,x,gym_env,1.0194437503814697,5.1442212475720245e-15,1.000370979309082,-0.13270984590053558,1.1333006913829841e-14,-0.0019875660073012114,-1.3315078409965007e-15,0.06549322605133057,8.369234502101427e-16,1.0,0.0,1.0,0.0,0.0,0.0,14946.9599609375,14087.759765625,14087.759765625,14946.9599609375,-0.04057494401931763,0.0,0.0,0.0,31.40717852115631,3.25472640991211,6.576371930539608,60.12589931488037,30.5,1.5,11.0,10.0,300.0,15.0,7.333333333333333,30.0
2.875,x,gym_env,1.016850471496582,5.383755388791963e-15,1.0003435611724854,-0.11862236261367798,1.1607377826104454e-14,-0.000899120990652591,-1.3209253289908607e-15,0.07502291351556778,8.229793291346463e-16,1.0,0.0,1.0,0.0,0.0,0.0,14934.8134765625,14075.61328125,14075.61328125,14934.8134765625,-0.03520855903625489,0.0,0.0,0.0,30.058019697666168,3.276984024047852,6.285941019654274,60.550730258226395,30.5,1.5,11.0,10.0,300.0,15.0,7.333333333333333,30.0
2.895833333333333,x,gym_env,1.0145721435546875,5.628987944164554e-15,1.0003329515457153,-0.10318207740783691,1.1880072460176451e-14,-0.00025245771394111216,-1.3128203883559396e-15,0.07086852937936783,8.272084587611687e-16,1.0,0.0,1.0,0.0,0.0,0.0,14060.248046875,14919.4482421875,14919.4482421875,14060.248046875,-0.030354931950569153,0.0,0.0,0.0,30.058019697666168,3.276984024047852,6.285941019654274,60.550730258226395,30.5,1.5,11.0,10.0,300.0,15.0,7.333333333333333,30.0
2.9166666666666665,x,gym_env,1.012604832649231,5.8798647035811745e-15,1.0003310441970825,-0.08875049650669098,1.214982958398737e-14,2.9879851354053244e-05,-1.3065905669080026e-15,0.06944625079631805,8.278338867135976e-16,1.0,0.0,1.0,0.0,0.0,0.0,14050.3076171875,14909.5078125,14909.5078125,14050.3076171875,-0.025753594934940338,0.0,0.0,0.0,29.842937618494034,3.316577959060669,6.343593895435333,60.87937659025192,30.5,1.5,11.0,10.0,300.0,15.0,7.333333333333333,30.0
2.9375,x,gym_env,1.0109364986419678,6.136338233196778e-15,1.0003316402435303,-0.07408548146486282,1.2417934993551143e-14,1.267142579308711e-05,-1.2995539465778059e-15,0.08167347311973572,8.106026954676033e-16,1.0,0.0,1.0,0.0,0.0,0.0,14903.6298828125,14044.4296875,14044.4296875,14903.6298828125,-0.020972730964422225,0.0,0.0,0.0,29.842937618494034,3.316577959060669,6.343593895435333,60.87937659025192,30.5,1.5,11.0,10.0,300.0,15.0,7.333333333333333,30.0
2.958333333333333,x,gym_env,1.0096039772033691,6.3983975215830494e-15,1.000327467918396,-0.05684376880526543,1.2686164916958162e-14,-0.00037371384678408504,-1.2918556876366852e-15,0.0911552906036377,7.969991875160216e-16,1.0,0.0,1.0,0.0,0.0,0.0,14897.1494140625,14037.94921875,14037.94921875,14897.1494140625,-0.016304053366184235,0.0,0.0,0.0,31.0419362783432,3.318717193603516,6.40342378616333,60.164305567741394,30.5,1.5,11.0,10.0,300.0,15.0,7.333333333333333,30.0
2.9791666666666665,x,gym_env,1.0086520910263062,6.666035368959938e-15,1.0003111362457275,-0.03825981169939041,1.2953324190719852e-14,-0.0010609579039737582,-1.2810027603626342e-15,0.08699072152376175,8.011266731888734e-16,1.0,0.0,1.0,0.0,0.0,0.0,14827.3955078125,14106.8828125,14106.8828125,14827.3955078125,-0.012287312000989915,0.0,0.0,0.0,31.0419362783432,3.318717193603516,6.40342378616333,60.164305567741394,30.5,1.5,11.0,10.0,300.0,15.0,7.333333333333333,30.0
3.0,x,gym_env,1.008074402809143,6.939199682801187e-15,1.000280737876892,-0.021064545959234238,1.321693609049844e-14,-0.0016938619082793593,-1.26546288215407e-15,0.07052040845155716,8.209294035231725e-16,1.0,0.0,1.0,-0.6000000238418579,0.0,0.0,14039.244140625,14898.4443359375,14898.4443359375,14039.244140625,-0.1263560652732849,0.0,0.0,0.0,31.97700160741806,3.154997324943543,7.289303567260504,59.81683933734894,30.5,1.5,11.0,10.0,300.0,15.0,7.333333333333333,30.0
3.020833333333333,x,gym_env,1.0078134536743164,7.21778797212018e-15,1.0002416372299194,-0.007286983076483011,1.3475030417658615e-14,-0.001967065269127488,-1.2518631329111918e-15,0.05768550559878349,8.359147398490812e-16,0.987500011920929,0.0,1.0,-0.6000000238418579,0.0,0.0,14607.1435546875,13747.943359375,13747.943359375,14607.1435546875,-0.1410065531730652,0.0,0.0,0.0,31.97700160741806,3.154997324943543,7.289303567260504,59.81683933734894,30.5,1.5,11.0,10.0,300.0,15.0,7.333333333333333,30.0
3.0416666666666665,x,gym_env,1.007800579071045,7.501560950109315e-15,1.000097393989563,0.003529900684952736,1.3717885775064737e-14,-0.01020888052880764,-1.2410169819007189e-15,0.04230295494198799,8.538822674240354e-16,0.9750000238418579,0.0,1.0,-0.6000000238418579,0.0,0.0,14943.1728515625,14083.9736328125,14083.9736328125,14943.1728515625,-0.1552066206932068,0.0,0.0,0.0,32.85979121923447,2.9063815474510193,8.314875297248363,59.61239039897919,30.5,1.5,11.0,10.0,300.0,15.0,7.333333333333333,30.0
3.0625,x,gym_env,1.007977843284607,7.79048304138481e-15,0.9999008774757385,0.011143989861011505,1.396774355384581e-14,-0.008890972472727299,-1.2370965957834708e-15,0.01340054627507925,8.884848338687945e-16,0.9624999761581421,0.0,1.0,-0.6000000238418579,0.0,0.0,14983.2802734375,14124.080078125,14124.080078125,14983.2802734375,-0.1681889057159424,0.0,0.0,0.0,32.85979121923447,2.9063815474510193,8.314875297248363,59.61239039897919,30.5,1.5,11.0,10.0,300.0,15.0,7.333333333333333,30.0
3.083333333333333,x,gym_env,1.0082372426986694,8.084550857814874e-15,0.9997478723526001,0.012258151546120644,1.4212619931864082e-14,-0.006306556519120932,-1.2383093352057021e-15,-0.029129616916179657,9.399208037116935e-16,0.949999988079071,0.0,1.0,-0.6000000238418579,0.0,0.0,15084.701171875,14225.5009765625,14225.5009765625,15084.701171875,-0.1791873097419739,0.0,0.0,0.0,32.41849344968796,2.9818625450134277,7.836655910592526,59.50696951150894,30.5,1.5,11.0,10.0,300.0,15.0,7.333333333333333,30.0
3.1041666666666665,x,gym_env,1.0084062814712524,8.383660214346996e-15,0.9996834397315979,0.0039050725754350424,1.4452281128026108e-14,-0.0010096742771565914,-1.2408880211344994e-15,-0.08530346304178238,1.0084807092536406e-15,0.9375,0.0,1.0,-0.6000000238418579,0.0,0.0,15245.55859375,14386.3583984375,14386.3583984375,15245.55859375,-0.18730530738830567,0.0,0.0,0.0,32.41849344968796,2.9818625450134277,7.836655910592526,59.50696951150894,30.5,1.5,11.0,10.0,300.0,15.0,7.333333333333333,30.0
3.125,x,gym_env,1.0082471370697021,8.687678126808457e-15,0.9997775554656982,-0.017209142446517944,1.468459516040365e-14,0.008013565093278885,-1.2515371311056173e-15,-0.1551784873008728,1.09495377344324e-15,0.925000011920929,0.0,1.0,-0.6000000238418579,0.0,0.0,14550.0859375,15409.2861328125,15409.2861328125,14550.0859375,-0.1916464686393738,0.0,0.0,0.0,32.491350054740906,3.0798633098602295,7.615668612066656,59.511549055576324,30.5,1.5,11.0,10.0,300.0,15.0,7.333333333333333,30.0
3.145833333333333,x,gym_env,1.0074537992477417,8.996400460258968e-15,1.0000948905944824,-0.05403662845492363,1.4905775791722482e-14,0.019698573276400566,-1.2714073593779007e-15,-0.2219073623418808,1.1794014759768361e-15,0.9125000238418579,0.0,1.0,-0.6000000238418579,0.0,0.0,14616.962890625,15476.162109375,15476.162109375,14616.962890625,-0.19221541285514832,0.0,0.0,0.0,32.491350054740906,3.0798633098602295,7.615668612066656,59.511549055576324,30.5,1.5,11.0,10.0,300.0,15.0,7.333333333333333,30.0
3.1666666666666665,x,gym_env,1.0057114362716675,9.309554470089514e-15,1.0006451606750488,-0.10498002916574478,1.511314300973749e-14,0.03050214983522892,-1.2897012593353439e-15,-0.2742767333984375,1.2473129777976601e-15,0.8999999761581421,0.0,1.0,-0.6000000238418579,0.0,0.0,14603.4189453125,15462.6181640625,15462.6181640625,14603.4189453125,-0.18950486183166504,0.0,0.0,0.0,32.48267775774002,3.090430521965027,7.711994394659996,59.36051172018051,30.5,1.5,11.0,10.0,300.0,15.0,7.333333333333333,30.0
3.1875,x,gym_env,1.0027722120285034,9.626850471032133e-15,1.001380443572998,-0.16633687913417816,1.5306793376204664e-14,0.03813847899436951,-1.310198186109477e-15,-0.3123422861099243,1.297737484422419e-15,0.887499988079071,0.0,1.0,-0.6000000238418579,0.0,0.0,15418.037109375,14558.837890625,14558.837890625,15418.037109375,-0.1839383363723755,0.0,0.0,0.0,32.48267775774002,3.090430521965027,7.711994394659996,59.36051172018051,30.5,1.5,11.0,10.0,300.0,15.0,7.333333333333333,30.0
3.208333333333333,x,gym_env,0.9984598159790039,9.948042823532122e-15,1.0022284984588623,-0.23510746657848358,1.5489554287101935e-14,0.04207930341362953,-1.336777021203133e-15,-0.35313135385513306,1.353570614052752e-15,0.875,0.0,1.0,-0.6000000238418579,0.0,0.0,14545.2548828125,15404.455078125,15404.455078125,14545.2548828125,-0.17517425417900084,0.0,0.0,0.0,32.00689339637756,3.0105343580245973,7.547462038695812,60.53856521844864,30.5,1.5,11.0,10.0,300.0,15.0,7.333333333333333,30.0
3.2291666666666665,x,gym_env,0.9926124215126038,1.0272907063858458e-14,1.0031172037124634,-0.31219086050987244,1.5661349509464052e-14,0.04261261597275734,-1.3667576464920805e-15,-0.39099669456481934,1.4071827174162656e-15,0.862500011920929,0.0,1.0,-0.6000000238418579,0.0,0.0,14377.44921875,15236.6494140625,15236.6494140625,14377.44921875,-0.16370670199394227,0.0,0.0,0.0,32.00689339637756,3.0105343580245973,7.547462038695812,60.53856521844864,30.5,1.5,11.0,10.0,300.0,15.0,7.333333333333333,30.0
3.25,x,gym_env,0.9850896596908569,1.0601184846962229e-14,1.0039238929748535,-0.3944147527217865,1.5820495141791874e-14,0.03582187369465828,-1.3931282173598302e-15,-0.41477033495903015,1.4415212213397181e-15,0.8499999642372131,0.0,1.0,-0.6000000238418579,0.0,0.0,14349.1171875,15208.3173828125,15208.3173828125,14349.1171875,-0.1497416913509369,0.0,0.0,0.0,32.151223838329315,3.2009846687316896,7.252615764737129,59.65210551023483,30.5,1.5,11.0,10.0,300.0,15.0,7.333333333333333,30.0
3.270833333333333,x,gym_env,0.9758033156394958,1.0932708460319879e-14,1.0045559406280518,-0.48030832409858704,1.597453994171133e-14,0.026518771424889565,-1.4108245355729855e-15,-0.42457136511802673,1.4552574487662227e-15,0.8374999761581421,0.0,1.0,-0.6000000238418579,0.0,0.0,14283.740234375,15142.9404296875,15142.9404296875,14283.740234375,-0.133886456489563,0.0,0.0,0.0,32.151223838329315,3.2009846687316896,7.252615764737129,59.65210551023483,30.5,1.5,11.0,10.0,300.0,15.0,7.333333333333333,30.0
3.2916666666666665,x,gym_env,0.9647173285484314,1.1267407600196785e-14,1.0049631595611572,-0.5666545033454895,1.6126353656847718e-14,0.014903041534125805,-1.4200579358518862e-15,-0.42047178745269775,1.4476131881754895e-15,0.824999988079071,0.0,1.0,-0.6000000238418579,0.0,0.0,14470.38671875,14780.1455078125,14780.1455078125,14470.38671875,-0.13697419166564942,0.0,0.0,0.0,31.602392733097076,3.213657093048096,6.729760579764843,59.99154210090637,30.5,1.5,11.0,10.0,300.0,15.0,7.333333333333333,30.0
3.3125,x,gym_env,0.9518592357635498,1.1605272949230527e-14,1.0051031112670898,-0.6505747437477112,1.6278880573725694e-14,0.0013875551521778107,-1.4237709047761754e-15,-0.4078516364097595,1.426771836629179e-15,0.8125,0.0,1.0,-0.6000000238418579,0.0,0.0,14083.330078125,14942.5302734375,14942.5302734375,14083.330078125,-0.15088315010070802,0.0,0.0,0.0,31.602392733097076,3.213657093048096,6.729760579764843,59.99154210090637,30.5,1.5,11.0,10.0,300.0,15.0,7.333333333333333,30.0
3.333333333333333,x,gym_env,0.937301516532898,1.194634347093668e-14,1.0049407482147217,-0.7304081916809082,1.643394011911596e-14,-0.013709436170756817,-1.421556337135579e-15,-0.38505831360816956,1.390401194786145e-15,0.800000011920929,0.0,1.0,-0.6000000238418579,0.0,0.0,14020.390625,14879.5908203125,14879.5908203125,14020.390625,-0.16206207275390624,0.0,0.0,0.0,31.612595319747925,3.1192358493804937,7.155135594308376,59.97529298067093,30.5,1.5,11.0,10.0,300.0,15.0,7.333333333333333,30.0
3.3541666666666665,x,gym_env,0.9211471676826477,1.2290718268170072e-14,1.0044668912887573,-0.8045746088027954,1.6595250767656965e-14,-0.028441838920116425,-1.412347077295675e-15,-0.34867557883262634,1.333999600169086e-15,0.7874999642372131,0.0,1.0,-0.6000000238418579,0.0,0.0,14268.611328125,14671.9111328125,14671.9111328125,14268.611328125,-0.17031182050704957,0.0,0.0,0.0,31.612595319747925,3.1192358493804937,7.155135594308376,59.97529298067093,30.5,1.5,11.0,10.0,300.0,15.0,7.333333333333333,30.0
3.375,x,gym_env,0.9035358428955078,1.263858961740973e-14,1.0037249326705933,-0.8713797330856323,1.6767854059450762e-14,-0.03999430313706398,-1.4007949243236657e-15,-0.3031028211116791,1.2651738321608195e-15,0.7749999761581421,0.0,1.0,-0.6000000238418579,0.0,0.0,14535.630859375,14475.767578125,14475.767578125,14535.630859375,-0.17551059722900392,0.0,0.0,0.0,30.554643273353577,2.869756829738617,7.701013638405129,59.50361496210098,30.5,1.5,11.0,10.0,300.0,15.0,7.333333333333333,30.0
3.395833333333333,x,gym_env,0.8846416473388672,1.2990226028099933e-14,1.0027910470962524,-0.929344654083252,1.6954052230047992e-14,-0.047669827938079834,-1.3930243499446732e-15,-0.25566768646240234,1.1950773029734347e-15,0.762499988079071,0.0,1.0,-0.6000000238418579,0.0,0.0,14475.8544921875,14731.708984375,14731.708984375,14475.8544921875,-0.1778389811515808,0.0,0.0,0.0,30.554643273353577,2.869756829738617,7.701013638405129,59.50361496210098,30.5,1.5,11.0,10.0,300.0,15.0,7.333333333333333,30.0
3.4166666666666665,x,gym_env,0.8646501898765564,1.334593920836527e-14,1.0017645359039307,-0.9784439206123352,1.7156084834561193e-14,-0.05001547187566757,-1.3881772039040104e-15,-0.20628522336483002,1.1234096335480115e-15,0.75,0.0,1.0,-0.6000000238418579,0.0,0.0,14439.9921875,14906.228515625,14906.228515625,14439.9921875,-0.1772753953933716,0.0,0.0,0.0,30.65493494272232,2.804863654077053,7.44250909704715,59.580856800079346,30.5,1.5,11.0,10.0,300.0,15.0,7.333333333333333,30.0
3.4375,x,gym_env,0.843758225440979,1.3706054418857489e-14,1.00074303150177,-1.0175858736038208,1.737360797761378e-14,-0.048087332397699356,-1.3859453779671137e-15,-0.15090873837471008,1.0442625573192144e-15,0.737500011920929,0.0,1.0,-0.6000000238418579,0.0,0.0,15058.3046875,14421.67578125,14421.67578125,15058.3046875,-0.17377904653549195,0.0,0.0,0.0,30.65493494272232,2.804863654077053,7.44250909704715,59.580856800079346,30.5,1.5,11.0,10.0,300.0,15.0,7.333333333333333,30.0
3.458333333333333,x,gym_env,0.8221908807754517,1.4070904543524859e-14,0.9998111724853516,-1.045440912246704,1.7607424646439752e-14,-0.04227713122963905,-1.3888495363058935e-15,-0.09887674450874329,9.704337892079903e-16,0.7249999642372131,0.0,1.0,-0.6000000238418579,0.0,0.0,14336.5244140625,15195.724609375,15195.724609375,14336.5244140625,-0.1676576375961304,0.0,0.0,0.0,29.75393757224083,2.819620846211911,7.804353220155463,59.511408030986786,30.5,1.5,11.0,10.0,300.0,15.0,7.333333333333333,30.0
3.4791666666666665,x,gym_env,0.8001806139945984,1.444079874939313e-14,0.9990273714065552,-1.0623849630355835,1.7854922591429775e-14,-0.03439226746559143,-1.3934517839456814e-15,-0.042761657387018204,8.91074531225906e-16,0.7124999761581421,0.0,1.0,-0.6000000238418579,0.0,0.0,14699.822265625,14964.3291015625,14964.3291015625,14699.822265625,-0.15886938571929932,0.0,0.0,0.0,29.75393757224083,2.819620846211911,7.804353220155463,59.511408030986786,30.5,1.5,11.0,10.0,300.0,15.0,7.333333333333333,30.0
3.5,x,gym_env,0.7779673337936401,1.4816037733158573e-14,0.9984393119812012,-1.0670101642608643,1.811758242617565e-14,-0.024062277749180794,-1.4016241695790277e-15,0.021308887749910355,8.003965837278994e-16,0.699999988079071,0.0,1.0,-0.6000000238418579,0.0,0.0,15334.0546875,14474.8544921875,14474.8544921875,15334.0546875,-0.14742064476013184,0.0,0.0,0.0,29.64538076519966,2.8865297675132755,7.424764661118388,60.84825897216797,30.5,1.5,11.0,10.0,300.0,15.0,7.333333333333333,30.0
3.520833333333333,x,gym_env,0.7558289170265198,1.5196950143604726e-14,0.998095691204071,-1.0579586029052734,1.8396207137911375e-14,-0.011511484161019325,-1.4143073232938583e-15,0.07846096158027649,7.187112673935365e-16,0.6875,0.0,1.0,-0.6000000238418579,0.0,0.0,15368.517578125,14509.3173828125,14509.3173828125,15368.517578125,-0.13395258188247683,0.0,0.0,0.0,29.64538076519966,2.8865297675132755,7.424764661118388,60.84825897216797,30.5,1.5,11.0,10.0,300.0,15.0,7.333333333333333,30.0
3.5416666666666665,x,gym_env,0.7340318560600281,1.5583820583801866e-14,0.9980177879333496,-1.0371036529541016,1.8686537844978153e-14,0.0013185545103624463,-1.4259123099459527e-15,0.12139325588941574,6.563267614326652e-16,0.675000011920929,0.0,1.0,-0.6000000238418579,0.0,0.0,14472.19921875,15331.3994140625,15331.3994140625,14472.19921875,-0.1192400336265564,0.0,0.0,0.0,28.469154506921768,2.8625967502593994,7.565479403361678,61.17810609936714,30.5,1.5,11.0,10.0,300.0,15.0,7.333333333333333,30.0
3.5625,x,gym_env,0.7127835750579834,1.5976811684075866e-14,0.9981814622879028,-1.0072823762893677,1.8982486074551122e-14,0.012060104869306087,-1.4404054671899474e-15,0.1670161634683609,5.891690659953384e-16,0.6624999642372131,0.0,1.0,-0.6000000238418579,0.0,0.0,14765.314453125,15019.5048828125,15019.5048828125,14765.314453125,-0.10326370000839234,0.0,0.0,0.0,28.469154506921768,2.8625967502593994,7.565479403361678,61.17810609936714,30.5,1.5,11.0,10.0,300.0,15.0,7.333333333333333,30.0
3.583333333333333,x,gym_env,0.692278265953064,1.637604880530292e-14,0.9985449314117432,-0.9674270153045654,1.9284997115399417e-14,0.020765777677297592,-1.4601761690909284e-15,0.2206098437309265,5.088889243809111e-16,0.6499999761581421,0.0,1.0,-0.6000000238418579,0.0,0.0,15316.6796875,14457.4794921875,14457.4794921875,15316.6796875,-0.0860360860824585,0.0,0.0,0.0,28.819106310606003,3.0055029630661014,6.992947354912758,60.31155025959015,30.5,1.5,11.0,10.0,300.0,15.0,7.333333333333333,30.0
3.6041666666666665,x,gym_env,0.6727428436279297,1.6781679331215847e-14,0.9990615248680115,-0.9164661169052124,1.9594579187291392e-14,0.027149848639965057,-1.480483466363995e-15,0.2672913074493408,4.370867620053317e-16,0.637499988079071,0.0,1.0,-0.6000000238418579,0.0,0.0,15206.361328125,14347.1611328125,14347.1611328125,15206.361328125,-0.06833890676498414,0.0,0.0,0.0,28.819106310606003,3.0055029630661014,6.992947354912758,60.31155025959015,30.5,1.5,11.0,10.0,300.0,15.0,7.333333333333333,30.0
3.625,x,gym_env,0.6543769240379333,1.7193764248186853e-14,0.999642550945282,-0.857309877872467,1.9904467885110272e-14,0.028097104281187057,-1.5011445057716588e-15,0.29989826679229736,3.853635156444155e-16,0.625,0.0,1.0,-0.6000000238418579,0.0,0.0,15073.107421875,14213.908203125,14213.908203125,15073.107421875,-0.050977480411529545,0.0,0.0,0.0,28.467716336250305,3.0108981370925907,7.2331589087843895,62.28468005359173,30.5,1.5,11.0,10.0,300.0,15.0,7.333333333333333,30.0
3.645833333333333,x,gym_env,0.6373084783554077,1.7612284921491098e-14,1.0001739263534546,-0.793345034122467,2.021253376802666e-14,0.02359369955956936,-1.5172394023189113e-15,0.31859728693962097,3.545741327095177e-16,0.612500011920929,0.0,1.0,-0.6000000238418579,0.0,0.0,15139.5185546875,14280.318359375,14280.318359375,15139.5185546875,-0.034272634983062746,0.0,0.0,0.0,28.467716336250305,3.0108981370925907,7.2331589087843895,62.28468005359173,30.5,1.5,11.0,10.0,300.0,15.0,7.333333333333333,30.0
3.6666666666666665,x,gym_env,0.621622622013092,1.803730572563257e-14,1.0006201267242432,-0.7257501482963562,2.052691174046599e-14,0.01988227106630802,-1.527861407235717e-15,0.3234347701072693,3.4562843246510784e-16,0.5999999642372131,0.0,1.0,-0.6000000238418579,0.0,0.0,14941.3310546875,14082.130859375,14082.130859375,14941.3310546875,-0.01926376819610596,0.0,0.0,0.0,28.684275269508362,3.217822027206421,6.467603638768196,62.43343085050583,30.5,1.5,11.0,10.0,300.0,15.0,7.333333333333333,30.0
3.6875,x,gym_env,0.6073306798934937,1.846879108522749e-14,1.0009187459945679,-0.6596652865409851,2.0834637116137582e-14,0.010684707202017307,-1.5331425517827292e-15,0.314517617225647,3.5880350056405645e-16,0.5874999761581421,0.0,1.0,-0.6000000238418579,0.0,0.0,14715.1484375,14238.69921875,14238.69921875,14715.1484375,-0.007640719413757324,0.0,0.0,0.0,28.684275269508362,3.217822027206421,6.467603638768196,62.43343085050583,30.5,1.5,11.0,10.0,300.0,15.0,7.333333333333333,30.0
3.708333333333333,x,gym_env,0.5943862199783325,1.8906691872364913e-14,1.0010205507278442,-0.5962276458740234,2.1142433642576744e-14,0.0011576706310734153,-1.5348572641053272e-15,0.29560646414756775,3.8801242589849613e-16,0.574999988079071,0.0,1.0,-0.6000000238418579,0.0,0.0,14803.974609375,13944.7744140625,13944.7744140625,14803.974609375,-0.02014904022216797,0.0,0.0,0.0,27.792570114135742,3.1594430685043338,6.675093863159418,63.31324941664934,30.5,1.5,11.0,10.0,300.0,15.0,7.333333333333333,30.0
3.7291666666666665,x,gym_env,0.5827040076255798,1.9350964041331582e-14,1.000905990600586,-0.537774920463562,2.1447028384475285e-14,-0.009739421308040619,-1.5353546842036023e-15,0.26557818055152893,4.3476965043855837e-16,0.5625,0.0,1.0,-0.6000000238418579,0.0,0.0,14098.140625,14822.021484375,14822.021484375,14098.140625,-0.03271749019622803,0.0,0.0,0.0,27.792570114135742,3.1594430685043338,6.675093863159418,63.31324941664934,30.5,1.5,11.0,10.0,300.0,15.0,7.333333333333333,30.0
3.75,x,gym_env,0.5721734762191772,1.9801643167511283e-14,1.0006136894226074,-0.484779953956604,2.1756463072634437e-14,-0.01666724681854248,-1.54054307864289e-15,0.2370864599943161,4.787776971994088e-16,0.5499999523162842,0.0,1.0,-0.6000000238418579,0.0,0.0,14819.9326171875,13960.732421875,13960.732421875,14819.9326171875,-0.04509236216545105,0.0,0.0,0.0,28.625143080949783,3.235838842391968,6.5346282087266445,63.99299917824101,30.5,1.5,11.0,10.0,300.0,15.0,7.333333333333333,30.0
3.770833333333333,x,gym_env,0.5626693367958069,2.025874619156296e-14,1.0001720190048218,-0.4378851354122162,2.2064024123914262e-14,-0.02404758706688881,-1.5461095674140085e-15,0.20510374009609222,5.281972521718097e-16,0.5374999642372131,0.0,1.0,-0.6000000238418579,0.0,0.0,14923.994140625,14064.7939453125,14064.7939453125,14923.994140625,-0.057099354267120365,0.0,0.0,0.0,28.625143080949783,3.235838842391968,6.5346282087266445,63.99299917824101,30.5,1.5,11.0,10.0,300.0,15.0,7.333333333333333,30.0
3.7916666666666665,x,gym_env,0.5540675520896912,2.0722322241397556e-14,0.9996305108070374,-0.39734119176864624,2.237668092540477e-14,-0.02706616185605526,-1.551616975637056e-15,0.15958458185195923,5.986674287680521e-16,0.5249999761581421,0.0,1.0,-0.6000000238418579,0.0,0.0,14921.6376953125,14139.7783203125,14139.7783203125,14921.6376953125,-0.06790886521339418,0.0,0.0,0.0,28.635343372821808,3.3027123451232914,6.514060236513615,63.78092385455966,30.5,1.5,11.0,10.0,300.0,15.0,7.333333333333333,30.0
3.8125,x,gym_env,0.5461946725845337,2.1192415362728326e-14,0.9990594983100891,-0.3664291799068451,2.2689200507557822e-14,-0.027413852512836456,-1.5549651909984338e-15,0.10126736015081406,6.887075604567762e-16,0.512499988079071,0.0,1.0,-0.6000000238418579,0.0,0.0,14206.9736328125,15066.173828125,15066.173828125,14206.9736328125,-0.07686355710029602,0.0,0.0,0.0,28.635343372821808,3.3027123451232914,6.514060236513615,63.78092385455966,30.5,1.5,11.0,10.0,300.0,15.0,7.333333333333333,30.0
3.833333333333333,x,gym_env,0.5388205647468567,2.1669027249621164e-14,0.9985378980636597,-0.34728512167930603,2.3002067373219248e-14,-0.023302124813199043,-1.5648708178000992e-15,0.04643167555332184,7.731269403261985e-16,0.4999999701976776,0.0,1.0,-0.6000000238418579,0.0,0.0,14282.6865234375,15141.8857421875,15141.8857421875,14282.6865234375,-0.0839182198047638,0.0,0.0,0.0,28.650710850954056,3.304767942428589,6.608759056776762,63.76821469143033,30.5,1.5,11.0,10.0,300.0,15.0,7.333333333333333,30.0
3.8541666666666665,x,gym_env,0.5317056775093079,2.2152137573285338e-14,0.9981390833854675,-0.3389374613761902,2.3313570515835595e-14,-0.016326209530234337,-1.5777566241475605e-15,0.0055758049711585045,8.360134721269955e-16,0.48749998211860657,0.0,1.0,-0.6000000238418579,0.0,0.0,15163.484375,14304.28515625,14304.28515625,15163.484375,-0.08933482170104981,0.0,0.0,0.0,28.650710850954056,3.304767942428589,6.608759056776762,63.76821469143033,30.5,1.5,11.0,10.0,300.0,15.0,7.333333333333333,30.0
3.875,x,gym_env,0.5246562361717224,2.26416988998758e-14,0.9978957772254944,-0.3391071856021881,2.3621846462922903e-14,-0.00858483649790287,-1.5912257185583248e-15,-0.03796955198049545,9.037110981286378e-16,0.47499996423721313,0.0,1.0,-0.6000000238418579,0.0,0.0,15187.298828125,14328.0986328125,14328.0986328125,15187.298828125,-0.09266309142112733,0.0,0.0,0.0,28.76822155714035,3.2099202156066897,6.813874967396259,63.72291721776128,30.5,1.5,11.0,10.0,300.0,15.0,7.333333333333333,30.0
3.895833333333333,x,gym_env,0.5174852609634399,2.3137618055768354e-14,0.9978197813034058,-0.34911105036735535,2.3924582814535168e-14,-0.0004314437974244356,-1.6074762574096353e-15,-0.09527947008609772,9.942185802460095e-16,0.4624999761581421,0.0,1.0,-0.6000000238418579,0.0,0.0,14378.1591796875,15237.3583984375,15237.3583984375,14378.1591796875,-0.09315300583839417,0.0,0.0,0.0,28.76822155714035,3.2099202156066897,6.813874967396259,63.72291721776128,30.5,1.5,11.0,10.0,300.0,15.0,7.333333333333333,30.0
3.9166666666666665,x,gym_env,0.509952962398529,2.3639747657230176e-14,0.9979207515716553,-0.3714999258518219,2.4219030101725603e-14,0.008187390863895416,-1.6251069305693784e-15,-0.14959357678890228,1.081298120025843e-15,0.44999998807907104,0.0,1.0,-0.6000000238418579,0.0,0.0,14393.884765625,15253.0849609375,15253.0849609375,14393.884765625,-0.09084329009056091,0.0,0.0,0.0,28.759845942258835,3.132869410514832,6.667643994092941,64.33300010114908,30.5,1.5,11.0,10.0,300.0,15.0,7.333333333333333,30.0
3.9375,x,gym_env,0.501812219619751,2.4147881028222136e-14,0.9981890320777893,-0.404844731092453,2.4503323157944353e-14,0.015802588313817978,-1.6447449659349957e-15,-0.1898031234741211,1.1466178069071873e-15,0.4374999701976776,0.0,1.0,-0.6000000238418579,0.0,0.0,14324.7060546875,15183.90625,15183.90625,14324.7060546875,-0.08624953627586365,0.0,0.0,0.0,28.759845942258835,3.132869410514832,6.667643994092941,64.33300010114908,30.5,1.5,11.0,10.0,300.0,15.0,7.333333333333333,30.0
3.958333333333333,x,gym_env,0.49287840723991394,2.466179455204616e-14,0.9985734224319458,-0.4456445276737213,2.477668101881405e-14,0.0200498029589653,-1.6622490076691242e-15,-0.215999573469162,1.1894468632147985e-15,0.42499998211860657,0.0,1.0,-0.6000000238418579,0.0,0.0,14848.6533203125,14584.4013671875,14584.4013671875,14848.6533203125,-0.0797766089439392,0.0,0.0,0.0,28.56473335623741,3.2582237243652346,6.482609145343304,63.872580006718636,30.5,1.5,11.0,10.0,300.0,15.0,7.333333333333333,30.0
3.9791666666666665,x,gym_env,0.48303118348121643,2.5181310351783323e-14,0.999017059803009,-0.4912729859352112,2.5042839099632085e-14,0.021986499428749084,-1.679498833639958e-15,-0.23915043473243713,1.2277583751773473e-15,0.41249996423721313,0.0,1.0,-0.6000000238418579,0.0,0.0,14353.78125,14969.3916015625,14969.3916015625,14353.78125,-0.07144750952720642,0.0,0.0,0.0,28.56473335623741,3.2582237243652346,6.482609145343304,63.872580006718636,30.5,1.5,11.0,10.0,300.0,15.0,7.333333333333333,30.0
4.0,x,gym_env,0.47217997908592224,2.5706281043700804e-14,0.9994690418243408,-0.5411625504493713,2.530175674281699e-14,0.021356692537665367,-1.6963811531908019e-15,-0.25802674889564514,1.2592180258713193e-15,0.3999999761581421,0.0,1.0,-0.6000000238418579,0.0,0.0,14123.46484375,14982.6640625,14982.6640625,14123.46484375,-0.06154190301895142,0.0,0.0,0.0,28.848412930965424,3.14373733997345,6.677724462002516,63.97046459605917,30.5,1.5,11.0,10.0,300.0,15.0,7.333333333333333,30.0
4.020833333333333,x,gym_env,0.4602541923522949,2.623654399747273e-14,0.9998599886894226,-0.593561589717865,2.5552913870139152e-14,0.01696203649044037,-1.7089994030060492e-15,-0.26468899846076965,1.269552674860769e-15,0.38749998807907104,0.0,1.0,-0.6000000238418579,0.0,0.0,14065.064453125,14924.2646484375,14924.2646484375,14065.064453125,-0.0689724326133728,0.0,0.0,0.0,28.848412930965424,3.14373733997345,6.677724462002516,63.97046459605917,30.5,1.5,11.0,10.0,300.0,15.0,7.333333333333333,30.0
4.041666666666666,x,gym_env,0.4472290277481079,2.6771999263211325e-14,1.0001356601715088,-0.6462169885635376,2.5801407925875146e-14,0.010767194442451,-1.7153729024176642e-15,-0.25766322016716003,1.255710144799384e-15,0.3749999701976776,0.0,1.0,-0.6000000238418579,0.0,0.0,14446.4951171875,14477.0302734375,14477.0302734375,14446.4951171875,-0.0774836778640747,0.0,0.0,0.0,27.94431760907173,2.992483425140381,6.888054944574833,63.85637302696705,30.5,1.5,11.0,10.0,300.0,15.0,7.333333333333333,30.0
4.0625,x,gym_env,0.4331299364566803,2.73126434527848e-14,1.0002738237380981,-0.696768581867218,2.6051038699826355e-14,0.003964387346059084,-1.7180075984000987e-15,-0.24489428102970123,1.2316998312391584e-15,0.36249998211860657,0.0,1.0,-0.6000000238418579,0.0,0.0,14251.7783203125,14638.26171875,14638.26171875,14251.7783203125,-0.08440950512886047,0.0,0.0,0.0,27.94431760907173,2.992483425140381,6.888054944574833,63.85637302696705,30.5,1.5,11.0,10.0,300.0,15.0,7.333333333333333,30.0
4.083333333333333,x,gym_env,0.41801244020462036,2.78585240000382e-14,1.00027334690094,-0.7444852590560913,2.630359512557738e-14,-0.002584943315014243,-1.7186006273422951e-15,-0.22827553749084473,1.2009626996491943e-15,0.34999996423721313,0.0,1.0,-0.6000000238418579,0.0,0.0,13977.36328125,14836.5625,14836.5625,13977.36328125,-0.08959742188453675,0.0,0.0,0.0,27.361158907413483,2.9147271037101747,7.16989510320127,63.36394598335028,30.5,1.5,11.0,10.0,300.0,15.0,7.333333333333333,30.0
4.104166666666666,x,gym_env,0.4019475281238556,2.8409703585409625e-14,1.0001355409622192,-0.7882493138313293,2.6559407545977652e-14,-0.009166555479168892,-1.7164706571173058e-15,-0.201091468334198,1.1518447413455752e-15,0.3374999761581421,0.0,1.0,-0.6000000238418579,0.0,0.0,14344.91015625,14554.015625,14554.015625,14344.91015625,-0.09281005859375,0.0,0.0,0.0,27.361158907413483,2.9147271037101747,7.16989510320127,63.36394598335028,30.5,1.5,11.0,10.0,300.0,15.0,7.333333333333333,30.0
4.125,x,gym_env,0.38503795862197876,2.896631773417063e-14,0.9998879432678223,-0.8263604044914246,2.6823900360021385e-14,-0.013515684753656387,-1.7130107392860088e-15,-0.16655024886131287,1.090260893278096e-15,0.32499995827674866,0.0,1.0,-0.6000000238418579,0.0,0.0,14630.5068359375,14314.4619140625,14314.4619140625,14630.5068359375,-0.09393615722656251,0.0,0.0,0.0,26.839249655604362,2.8474001556634905,7.262860205024481,63.65089297667146,30.5,1.5,11.0,10.0,300.0,15.0,7.333333333333333,30.0
4.145833333333333,x,gym_env,0.3674202263355255,2.9528554487635514e-14,0.9995738863945007,-0.8575794696807861,2.7097410686821588e-14,-0.015966732054948807,-1.7115784065722017e-15,-0.13377051055431366,1.0321527390305565e-15,0.3124999701976776,0.0,1.0,-0.6000000238418579,0.0,0.0,14068.0947265625,14927.294921875,14927.294921875,14068.0947265625,-0.09315916299819946,0.0,0.0,0.0,26.839249655604362,2.8474001556634905,7.262860205024481,63.65089297667146,30.5,1.5,11.0,10.0,300.0,15.0,7.333333333333333,30.0
4.166666666666666,x,gym_env,0.34923532605171204,3.009660188711856e-14,0.9992319941520691,-0.8821190595626831,2.7379847046819956e-14,-0.016584794968366623,-1.7126514914372545e-15,-0.09487184882164001,9.63786380517057e-16,0.29999998211860657,0.0,1.0,-0.6000000238418579,0.0,0.0,14345.7744140625,14755.56640625,14755.56640625,14345.7744140625,-0.09030954837799073,0.0,0.0,0.0,26.300201274454594,2.7993356153834617,7.198868380859494,63.55034925043583,30.5,1.5,11.0,10.0,300.0,15.0,7.333333333333333,30.0
4.1875,x,gym_env,0.33063897490501404,3.067066999679069e-14,0.9989054203033447,-0.8983528017997742,2.7673642118641005e-14,-0.014962948858737946,-1.716919161062877e-15,-0.04669231176376343,8.796559977013261e-16,0.28749996423721313,0.0,1.0,-0.6000000238418579,0.0,0.0,15045.109375,14185.9091796875,14185.9091796875,15045.109375,-0.08528156876564026,0.0,0.0,0.0,26.300201274454594,2.7993356153834617,7.198868380859494,63.55034925043583,30.5,1.5,11.0,10.0,300.0,15.0,7.333333333333333,30.0
4.208333333333333,x,gym_env,0.3118268549442291,3.125103325532681e-14,0.9986456632614136,-0.9047734141349792,2.7981231969041037e-14,-0.010755736380815506,-1.7284715257931231e-15,-0.004292784724384546,8.052682937240326e-16,0.2749999761581421,0.0,1.0,-0.6000000238418579,0.0,0.0,14830.9169921875,14465.80078125,14465.80078125,14830.9169921875,-0.07854865193367006,0.0,0.0,0.0,27.09200118482113,2.844593542814255,7.309231765568256,63.18124111741781,30.5,1.5,11.0,10.0,300.0,15.0,7.333333333333333,30.0
4.229166666666666,x,gym_env,0.29298993945121765,3.183793899634753e-14,0.9984859228134155,-0.9027934670448303,2.8299457165126794e-14,-0.0056108152493834496,-1.7453378575970875e-15,0.028984081000089645,7.461124126602987e-16,0.26249995827674866,0.0,1.0,-0.6000000238418579,0.0,0.0,14226.138671875,15085.3388671875,15085.3388671875,14226.138671875,-0.07053593397140503,0.0,0.0,0.0,27.09200118482113,2.844593542814255,7.309231765568256,63.18124111741781,30.5,1.5,11.0,10.0,300.0,15.0,7.333333333333333,30.0
4.25,x,gym_env,0.2742823660373688,3.243158711962839e-14,0.9984365105628967,-0.8937676548957825,2.8626776106934274e-14,-0.00025297244428656995,-1.7664941995206582e-15,0.06812826544046402,6.759095808380334e-16,0.2499999701976776,0.0,1.0,-0.6000000238418579,0.0,0.0,14866.2119140625,14480.9072265625,14480.9072265625,14866.2119140625,-0.06112769842147828,0.0,0.0,0.0,25.61200612038374,2.701260077953339,7.557097489014268,63.67456291615963,30.5,1.5,11.0,10.0,300.0,15.0,7.333333333333333,30.0
4.270833333333333,x,gym_env,0.25586554408073425,3.3032180913076734e-14,0.9984977841377258,-0.8763106465339661,2.8964108672244193e-14,0.0049801720306277275,-1.7905505704973908e-15,0.108973428606987,6.015806397714556e-16,0.23749996721744537,0.0,1.0,-0.6000000238418579,0.0,0.0,15125.34375,14266.14453125,14266.14453125,15125.34375,-0.050550696253776554,0.0,0.0,0.0,25.61200612038374,2.701260077953339,7.557097489014268,63.67456291615963,30.5,1.5,11.0,10.0,300.0,15.0,7.333333333333333,30.0
4.291666666666666,x,gym_env,0.23791784048080444,3.3639927052731694e-14,0.9986681938171387,-0.8506641387939453,2.9311500600835705e-14,0.010199915617704391,-1.8122449901007047e-15,0.13893833756446838,5.457614861847525e-16,0.22499996423721313,0.0,1.0,-0.6000000238418579,0.0,0.0,14651.6279296875,14664.896484375,14664.896484375,14651.6279296875,-0.04828962087631226,0.0,0.0,0.0,25.601560082286596,2.676937067508698,7.601079363375902,63.735000636428595,30.5,1.5,11.0,10.0,300.0,15.0,7.333333333333333,30.0
4.3125,x,gym_env,0.2205788493156433,3.42549712282602e-14,0.9989219903945923,-0.8193425536155701,2.9663137858558855e-14,0.013406106270849705,-1.833257548181479e-15,0.16343867778778076,4.990954765051977e-16,0.2124999612569809,0.0,1.0,-0.6000000238418579,0.0,0.0,14498.09765625,14763.6884765625,14763.6884765625,14498.09765625,-0.04516158998012543,0.0,0.0,0.0,25.601560082286596,2.676937067508698,7.601079363375902,63.735000636428595,30.5,1.5,11.0,10.0,300.0,15.0,7.333333333333333,30.0
4.333333333333333,x,gym_env,0.2039538025856018,3.487739136669339e-14,0.9992232322692871,-0.7830771803855896,3.001910176057658e-14,0.015043692663311958,-1.8556399702962002e-15,0.1905360221862793,4.468126854732812e-16,0.19999997317790985,0.0,1.0,-0.6000000238418579,0.0,0.0,15001.41796875,14142.21875,14142.21875,15001.41796875,-0.040201309323310855,0.0,0.0,0.0,26.142093881964684,2.8541217625141146,7.19749073125422,64.63329313695431,30.5,1.5,11.0,10.0,300.0,15.0,7.333333333333333,30.0
4.354166666666666,x,gym_env,0.1881481111049652,3.5507265395062423e-14,0.999527633190155,-0.741747260093689,3.0377820213738777e-14,0.014189327135682106,-1.8777168252751995e-15,0.21104775369167328,4.062427719151156e-16,0.1874999701976776,0.0,1.0,-0.6000000238418579,0.0,0.0,15014.1328125,14154.9326171875,14154.9326171875,15014.1328125,-0.03361192643642426,0.0,0.0,0.0,26.142093881964684,2.8541217625141146,7.19749073125422,64.63329313695431,30.5,1.5,11.0,10.0,300.0,15.0,7.333333333333333,30.0
4.375,x,gym_env,0.17325304448604584,3.6144684792925597e-14,0.9998085498809814,-0.6968250274658203,3.074234253665556e-14,0.012948457151651382,-1.896947861309661e-15,0.2177923023700714,3.9169569573007225e-16,0.17499996721744537,0.0,1.0,-0.6000000238418579,0.0,0.0,14910.412109375,14051.212890625,14051.212890625,14910.412109375,-0.026063221693038943,0.0,0.0,0.0,26.09617855399847,2.8754788756370546,7.072387591004372,65.05515004694462,30.5,1.5,11.0,10.0,300.0,15.0,7.333333333333333,30.0
4.395833333333333,x,gym_env,0.1592995971441269,3.678968005346901e-14,1.0000245571136475,-0.6518142819404602,3.110534697653086e-14,0.008663968183100224,-1.909995768587403e-15,0.2108447104692459,4.0368481182374643e-16,0.16249996423721313,0.0,1.0,-0.6000000238418579,0.0,0.0,14058.787109375,14917.9873046875,14917.9873046875,14058.787109375,-0.017902252078056336,0.0,0.0,0.0,26.09617855399847,2.8754788756370546,7.072387591004372,65.05515004694462,30.5,1.5,11.0,10.0,300.0,15.0,7.333333333333333,30.0
4.416666666666666,x,gym_env,0.1462664157152176,3.744228844614235e-14,1.0001575946807861,-0.6083435416221619,3.147194622423431e-14,0.004918763414025307,-1.9234036648677283e-15,0.20664140582084656,4.103432584127737e-16,0.1499999612569809,0.0,1.0,-0.6000000238418579,0.0,0.0,14858.4169921875,13999.216796875,13999.216796875,14858.4169921875,-0.022671768069267274,0.0,0.0,0.0,26.41506552696228,2.9646945834159855,6.812639072537422,65.12635786831379,30.5,1.5,11.0,10.0,300.0,15.0,7.333333333333333,30.0
4.4375,x,gym_env,0.13412261009216309,3.810253029973634e-14,1.0001945495605469,-0.5660279393196106,3.183847770930198e-14,-0.00031032910919748247,-1.933882732974685e-15,0.19974343478679657,4.2238399057667117e-16,0.13749995827674866,0.0,1.0,-0.6000000238418579,0.0,0.0,14861.8740234375,14002.673828125,14002.673828125,14861.8740234375,-0.02952307760715485,0.0,0.0,0.0,26.41506552696228,2.9646945834159855,6.812639072537422,65.12635786831379,30.5,1.5,11.0,10.0,300.0,15.0,7.333333333333333,30.0
4.458333333333333,x,gym_env,0.12284024059772491,3.877043949556888e-14,1.0001276731491089,-0.5256832242012024,3.220742493233522e-14,-0.005049237981438637,-1.9351861049222725e-15,0.1792585849761963,4.611540650010398e-16,0.12499996274709702,0.0,1.0,-0.6000000238418579,0.0,0.0,14836.20703125,13977.0068359375,13977.0068359375,14836.20703125,-0.034624221920967105,0.0,0.0,0.0,26.741403564810753,3.069503283500672,6.6664657555520535,65.95658704638481,30.5,1.5,11.0,10.0,300.0,15.0,7.333333333333333,30.0
4.479166666666666,x,gym_env,0.11234254390001297,3.9446026198035333e-14,0.9999634623527527,-0.4901660084724426,3.257529472945955e-14,-0.009632826782763004,-1.936225837865027e-15,0.14523226022720337,5.263043452929331e-16,0.11249996721744537,0.0,1.0,-0.6000000238418579,0.0,0.0,14060.8662109375,14920.06640625,14920.06640625,14060.8662109375,-0.03773790001869202,0.0,0.0,0.0,26.741403564810753,3.069503283500672,6.6664657555520535,65.95658704638481,30.5,1.5,11.0,10.0,300.0,15.0,7.333333333333333,30.0
4.5,x,gym_env,0.102503702044487,4.0129331064717166e-14,0.9997466802597046,-0.4612918496131897,3.2947260777916806e-14,-0.010789253748953342,-1.9411905097271214e-15,0.11404843628406525,5.856494852808192e-16,0.09999996423721313,0.0,1.0,-0.6000000238418579,0.0,0.0,14326.35546875,14665.701171875,14665.701171875,14326.35546875,-0.03913635909557343,0.0,0.0,0.0,26.93625782430172,3.1153563976287844,6.52682825550437,65.35930232703686,30.5,1.5,11.0,10.0,300.0,15.0,7.333333333333333,30.0
4.520833333333333,x,gym_env,0.09318812191486359,4.0820374424405115e-14,0.9995158910751343,-0.4383774399757385,3.3318796533636855e-14,-0.011197092942893505,-1.951370998720171e-15,0.09161952883005142,6.279248996782813e-16,0.0874999612569809,0.0,1.0,-0.6000000238418579,0.0,0.0,14930.0185546875,14070.818359375,14070.818359375,14930.0185546875,-0.039181002974510194,0.0,0.0,0.0,26.93625782430172,3.1153563976287844,6.52682825550437,65.35930232703686,30.5,1.5,11.0,10.0,300.0,15.0,7.333333333333333,30.0
4.541666666666666,x,gym_env,0.08429160714149475,4.1519173217758124e-14,0.9992859363555908,-0.42013677954673767,3.36911352765909e-14,-0.01087191328406334,-1.9614322678258942e-15,0.06318909674882889,6.821456491539564e-16,0.07499996572732925,0.0,1.0,-0.6000000238418579,0.0,0.0,14959.1728515625,14099.97265625,14099.97265625,14959.1728515625,-0.03904976397752762,0.0,0.0,0.0,26.9313535541296,3.164312934875489,6.393012322485447,66.00920340418816,30.5,1.5,11.0,10.0,300.0,15.0,7.333333333333333,30.0
4.5625,x,gym_env,0.07570035755634308,4.222573422103977e-14,0.9990786910057068,-0.40825316309928894,3.406387720722784e-14,-0.009277722798287868,-1.9749521842134937e-15,0.021147795021533966,7.633716618726707e-16,0.062499962747097015,0.0,1.0,-0.6000000238418579,0.0,0.0,14158.3408203125,15017.541015625,15017.541015625,14158.3408203125,-0.043723982572555546,0.0,0.0,0.0,26.9313535541296,3.164312934875489,6.393012322485447,66.00920340418816,30.5,1.5,11.0,10.0,300.0,15.0,7.333333333333333,30.0
4.583333333333333,x,gym_env,0.06724917143583298,4.2940064210513634e-14,0.998929500579834,-0.40512615442276,3.4436758051268127e-14,-0.00573419313877821,-1.992580845669987e-15,-0.01801052689552307,8.394110800971101e-16,0.049999963492155075,0.0,1.0,-0.6000000238418579,0.0,0.0,14183.2177734375,15042.41796875,15042.41796875,14183.2177734375,-0.04684890657663346,0.0,0.0,0.0,26.62074802815914,3.0110927581787115,6.709540344774723,65.8468327820301,30.5,1.5,11.0,10.0,300.0,15.0,7.333333333333333,30.0
4.604166666666666,x,gym_env,0.05876367166638374,4.366214285738898e-14,0.9988629817962646,-0.409574031829834,3.48080701902901e-14,-0.0015195767628028989,-2.010488392724364e-15,-0.04332810267806053,8.885082331539624e-16,0.037499960511922836,0.0,1.0,-0.6000000238418579,0.0,0.0,15036.0810546875,14176.880859375,14176.880859375,15036.0810546875,-0.048787330836057664,0.0,0.0,0.0,26.62074802815914,3.0110927581787115,6.709540344774723,65.8468327820301,30.5,1.5,11.0,10.0,300.0,15.0,7.333333333333333,30.0
4.625,x,gym_env,0.050119318068027496,4.439192950408434e-14,0.9988797903060913,-0.4191601574420929,3.517745787045591e-14,0.0023266032803803682,-2.030862711479382e-15,-0.0713532492518425,9.43675489008635e-16,0.024999961256980896,0.0,1.0,-0.6000000238418579,0.0,0.0,15046.4580078125,14187.2578125,14187.2578125,15046.4580078125,-0.0491710402071476,0.0,0.0,0.0,26.146972991526127,3.094550609588623,6.781105916947126,66.34311187267303,30.5,1.5,11.0,10.0,300.0,15.0,7.333333333333333,30.0
4.645833333333333,x,gym_env,0.041200000792741776,4.5129383493018246e-14,0.9989758133888245,-0.4351450204849243,3.5543935145414957e-14,0.0060477531515061855,-2.049350264344391e-15,-0.11307992041110992,1.0275803493021594e-15,0.012499961070716381,0.0,1.0,-0.6000000238418579,0.0,0.0,14185.2890625,15044.4892578125,15044.4892578125,14185.2890625,-0.0473684273660183,0.0,0.0,0.0,26.146972991526127,3.094550609588623,6.781105916947126,66.34311187267303,30.5,1.5,11.0,10.0,300.0,15.0,7.333333333333333,30.0
4.666666666666666,x,gym_env,0.03184032440185547,4.5874382851446294e-14,0.9991382956504822,-0.459859699010849,3.5902782347585135e-14,0.00882330909371376,-2.0708350432932596e-15,-0.15194256603717804,1.106736954651613e-15,-3.973643103449831e-08,0.0,1.0,-0.6000000238418579,0.0,0.0,14175.6044921875,15034.8046875,15034.8046875,14175.6044921875,-0.04348110035061836,0.0,0.0,0.0,26.942718610167503,3.0885764837265017,6.58424299582839,66.20339530706406,30.5,1.5,11.0,10.0,300.0,15.0,7.333333333333333,30.0
4.6875,x,gym_env,0.021868834272027016,4.662675817277903e-14,0.9993420243263245,-0.49193888902664185,3.62539520431214e-14,0.010285762138664722,-2.088343426071243e-15,-0.17695963382720947,1.1578421581286092e-15,-0.012500040233135223,0.0,1.0,-0.6000000238418579,0.0,0.0,14140.869140625,15000.0693359375,15000.0693359375,14140.869140625,-0.03799910992383957,0.0,0.0,0.0,26.942718610167503,3.0885764837265017,6.58424299582839,66.20339530706406,30.5,1.5,11.0,10.0,300.0,15.0,7.333333333333333,30.0
4.708333333333333,x,gym_env,0.01117002870887518,4.738636037921774e-14,0.9995536804199219,-0.528354823589325,3.659842340211078e-14,0.01000179722905159,-2.0983079216627424e-15,-0.18819499015808105,1.1801498295857353e-15,-0.025000041350722313,0.0,1.0,-0.6000000238418579,0.0,0.0,14104.1708984375,14963.37109375,14963.37109375,14104.1708984375,-0.03144112229347229,0.0,0.0,0.0,26.20371623337269,2.9577740311622622,6.857904601842165,66.2522519826889,30.5,1.5,11.0,10.0,300.0,15.0,7.333333333333333,30.0
4.729166666666666,x,gym_env,-0.0003105156065430492,4.815308105054518e-14,0.9997418522834778,-0.5662420392036438,3.693857150493737e-14,0.008375363424420357,-2.104818005137102e-15,-0.18570785224437714,1.1732293586484309e-15,-0.0375000424683094,0.0,1.0,-0.6000000238418579,0.0,0.0,14886.5859375,14094.1494140625,14094.1494140625,14886.5859375,-0.02556912526488304,0.0,0.0,0.0,26.20371623337269,2.9577740311622622,6.857904601842165,66.2522519826889,30.5,1.5,11.0,10.0,300.0,15.0,7.333333333333333,30.0
4.75,x,gym_env,-0.012570702470839024,4.892686258852093e-14,0.9998818039894104,-0.6031989455223083,3.727716445527281e-14,0.005636699963361025,-2.1137787666861054e-15,-0.18530362844467163,1.170776774749656e-15,-0.05000004172325134,0.0,1.0,-0.6000000238418579,0.0,0.0,14020.0185546875,14879.21875,14879.21875,14020.0185546875,-0.03238122947514057,0.0,0.0,0.0,26.002053938806057,2.923498821258545,7.043948944658041,65.94481545686722,30.5,1.5,11.0,10.0,300.0,15.0,7.333333333333333,30.0
4.770833333333333,x,gym_env,-0.025595856830477715,4.9707681276222465e-14,0.9999513030052185,-0.6398852467536926,3.76140125177369e-14,0.0017974767833948135,-2.1225809213157353e-15,-0.1817653477191925,1.16155502117378e-15,-0.06250004470348358,0.0,1.0,-0.6000000238418579,0.0,0.0,14017.5986328125,14876.798828125,14876.798828125,14017.5986328125,-0.038173950463533404,0.0,0.0,0.0,26.002053938806057,2.923498821258545,7.043948944658041,65.94481545686722,30.5,1.5,11.0,10.0,300.0,15.0,7.333333333333333,30.0
4.791666666666666,x,gym_env,-0.03937315568327904,5.049553711364979e-14,0.9999420642852783,-0.6752353310585022,3.795282569663862e-14,-0.0018741138046607375,-2.1277647629529316e-15,-0.16461819410324097,1.1229874935029236e-15,-0.07500004023313522,0.0,1.0,-0.6000000238418579,0.0,0.0,14041.232421875,14811.494140625,14811.494140625,14041.232421875,-0.04245104268193245,0.0,0.0,0.0,25.83953057229519,2.8256254345178604,7.2693179082125425,65.60131783783436,30.5,1.5,11.0,10.0,300.0,15.0,7.333333333333333,30.0
4.8125,x,gym_env,-0.053839657455682755,5.12904944753069e-14,0.9998564720153809,-0.7064533233642578,3.8295748679400415e-14,-0.005482058506458998,-2.129509015549565e-15,-0.1347474753856659,1.0571603280070557e-15,-0.08750004321336746,0.0,1.0,-0.6000000238418579,0.0,0.0,14898.2275390625,14039.02734375,14039.02734375,14898.2275390625,-0.044955532252788546,0.0,0.0,0.0,25.83953057229519,2.8256254345178604,7.2693179082125425,65.60131783783436,30.5,1.5,11.0,10.0,300.0,15.0,7.333333333333333,30.0
4.833333333333333,x,gym_env,-0.06888337433338165,5.2092722767783234e-14,0.9997220635414124,-0.7316943407058716,3.864862260522656e-14,-0.006990599911659956,-2.1345281092785204e-15,-0.1082470491528511,9.987163251959298e-16,-0.1000000461935997,0.0,1.0,-0.6000000238418579,0.0,0.0,14623.78125,14326.7744140625,14326.7744140625,14623.78125,-0.04599824994802475,0.0,0.0,0.0,25.15095842909068,2.7148815453052526,7.246180318295956,65.51734009385109,30.5,1.5,11.0,10.0,300.0,15.0,7.333333333333333,30.0
4.854166666666666,x,gym_env,-0.08438658714294434,5.2902381233272885e-14,0.9995645880699158,-0.7519239783287048,3.9007747634203435e-14,-0.007881459780037403,-2.140726908144764e-15,-0.09007236361503601,9.581077657595458e-16,-0.11250004172325134,0.0,1.0,-0.6000000238418579,0.0,0.0,14061.9453125,14921.1455078125,14921.1455078125,14061.9453125,-0.04590862989425659,0.0,0.0,0.0,25.15095842909068,2.7148815453052526,7.246180318295956,65.51734009385109,30.5,1.5,11.0,10.0,300.0,15.0,7.333333333333333,30.0
4.875,x,gym_env,-0.10026416182518005,5.3719598620783834e-14,0.9994009137153625,-0.7683637738227844,3.937274090743889e-14,-0.007793222554028034,-2.146195141094001e-15,-0.06561873853206635,9.039633021886827e-16,-0.12500004470348358,0.0,1.0,-0.6000000238418579,0.0,0.0,14074.2978515625,14933.498046875,14933.498046875,14074.2978515625,-0.04442809820175171,0.0,0.0,0.0,24.816329898312688,2.6628915905952457,7.474810521118343,65.28712026774883,30.5,1.5,11.0,10.0,300.0,15.0,7.333333333333333,30.0
4.895833333333333,x,gym_env,-0.11641930043697357,5.4544500291192274e-14,0.9992482662200928,-0.7792367935180664,3.974456126622922e-14,-0.006961280945688486,-2.1511833181203817e-15,-0.027558567002415657,8.205676675151357e-16,-0.13750004768371582,0.0,1.0,-0.6000000238418579,0.0,0.0,14977.3173828125,14118.1171875,14118.1171875,14977.3173828125,-0.04123635292053223,0.0,0.0,0.0,24.816329898312688,2.6628915905952457,7.474810521118343,65.28712026774883,30.5,1.5,11.0,10.0,300.0,15.0,7.333333333333333,30.0
4.916666666666666,x,gym_env,-0.1327040195465088,5.53772725917466e-14,0.9991326928138733,-0.7822016477584839,4.012653585599123e-14,-0.004582501016557217,-2.1568694502953e-15,0.007648051716387272,7.432350417384758e-16,-0.15000005066394806,0.0,1.0,-0.6000000238418579,0.0,0.0,14998.9853515625,14139.78515625,14139.78515625,14998.9853515625,-0.036729341745376586,0.0,0.0,0.0,24.87815219257027,2.6898388862609863,7.311420084908605,65.51961901783943,30.5,1.5,11.0,10.0,300.0,15.0,7.333333333333333,30.0
4.9375,x,gym_env,-0.1489618867635727,5.621810186969521e-14,0.999075174331665,-0.778455913066864,4.0515967723820864e-14,-0.0015599183971062303,-2.167967911244936e-15,0.029066825285553932,6.953956267291778e-16,-0.1625000536441803,0.0,1.0,-0.6000000238418579,0.0,0.0,14135.4091796875,14994.609375,14994.609375,14135.4091796875,-0.036666813492774966,0.0,0.0,0.0,24.87815219257027,2.6898388862609863,7.311420084908605,65.51961901783943,30.5,1.5,11.0,10.0,300.0,15.0,7.333333333333333,30.0
4.958333333333333,x,gym_env,-0.16508595645427704,5.706710332151893e-14,0.9990778565406799,-0.770404577255249,4.0909899030666316e-14,0.0012370775220915675,-2.17986999470328e-15,0.053196270018815994,6.413381957936452e-16,-0.17500004172325134,0.0,1.0,-0.6000000238418579,0.0,0.0,14490.2392578125,14624.7939453125,14624.7939453125,14490.2392578125,-0.037385621666908266,0.0,0.0,0.0,25.051657976116985,2.64252370595932,7.300734460353851,65.93882274627686,30.5,1.5,11.0,10.0,300.0,15.0,7.333333333333333,30.0
4.979166666666666,x,gym_env,-0.18097923696041107,5.792436165051248e-14,0.9991311430931091,-0.7570321559906006,4.130827895455075e-14,0.0033897010143846273,-2.1940281504166355e-15,0.08405312895774841,5.721330099645679e-16,-0.18750004470348358,0.0,1.0,-0.6000000238418579,0.0,0.0,15003.232421875,14144.0322265625,14144.0322265625,15003.232421875,-0.03650588691234589,0.0,0.0,0.0,25.051657976116985,2.64252370595932,7.300734460353851,65.93882274627686,30.5,1.5,11.0,10.0,300.0,15.0,7.333333333333333,30.0
5.0,x,gym_env,-0.19651541113853455,5.879000899381565e-14,0.9992316365242004,-0.7374526262283325,4.171358421981193e-14,0.005711054895073175,-2.2071954893399404e-15,0.10746771842241287,5.188153034897842e-16,-0.20000004768371582,0.0,1.0,0.0,0.0,0.0,14407.4853515625,14777.9296875,14777.9296875,14407.4853515625,-0.15424100458621978,0.0,0.0,0.0,23.453567400574684,2.638107657432556,7.23628705739975,64.2013873513788,30.5,1.5,11.0,10.0,300.0,15.0,7.333333333333333,30.0
5.020833333333333,x,gym_env,-0.21158362925052643,5.966416732417282e-14,0.9993795156478882,-0.7132871150970459,4.21241681944004e-14,0.007963873445987701,-2.2229708427078413e-15,0.12890993058681488,4.694057540940728e-16,-0.20000004768371582,0.0,1.0,0.0,0.0,0.0,14908.4443359375,15767.64453125,15767.64453125,14908.4443359375,-0.16234183609485628,0.0,0.0,0.0,23.453567400574684,2.638107657432556,7.23628705739975,64.2013873513788,30.5,1.5,11.0,10.0,300.0,15.0,7.333333333333333,30.0
5.041666666666666,x,gym_env,-0.22605611383914948,6.054756170178685e-14,0.9998387694358826,-0.681428849697113,4.2589592470125906e-14,0.03130839020013809,-2.2450832730706253e-15,0.16135334968566895,3.9460332160997985e-16,-0.20000004768371582,0.0,1.0,0.0,0.0,0.0,14020.9306640625,14880.130859375,14880.130859375,14020.9306640625,-0.16902385354042054,0.0,0.0,0.0,23.61911077797413,2.582554864883423,7.528240912593901,64.99375991523266,30.5,1.5,11.0,10.0,300.0,15.0,7.333333333333333,30.0
5.0625,x,gym_env,-0.23982372879981995,6.14399888387504e-14,1.000451922416687,-0.646000862121582,4.300193149698109e-14,0.0279863141477108,-2.2797104034708547e-15,0.20766311883926392,2.865075179802278e-16,-0.20000004768371582,0.0,1.0,0.0,0.0,0.0,14477.4638671875,15336.6640625,15336.6640625,14477.4638671875,-0.17230261564254762,0.0,0.0,0.0,23.61911077797413,2.582554864883423,7.528240912593901,64.99375991523266,30.5,1.5,11.0,10.0,300.0,15.0,7.333333333333333,30.0
5.083333333333333,x,gym_env,-0.25270169973373413,6.234147584011779e-14,1.0011330842971802,-0.5980048179626465,4.345188556295794e-14,0.03547807037830353,-2.3286551435367604e-15,0.26770180463790894,1.4266284763028562e-16,-0.20000004768371582,0.0,1.0,0.0,0.0,0.0,15173.5234375,14314.32421875,14314.32421875,15173.5234375,-0.17217513918876648,0.0,0.0,0.0,23.512869238853455,2.5907786846160894,7.120083330199122,65.13368707895279,30.5,1.5,11.0,10.0,300.0,15.0,7.333333333333333,30.0
5.104166666666666,x,gym_env,-0.26443925499916077,6.325228020390497e-14,1.0018744468688965,-0.5386796593666077,4.389757397101242e-14,0.03518401458859444,-2.3849927871663016e-15,0.3248215913772583,4.259358218225029e-19,-0.20000004768371582,0.0,1.0,0.0,0.0,0.0,15408.896484375,14549.6962890625,14549.6962890625,15408.896484375,-0.1680217981338501,0.0,0.0,0.0,23.512869238853455,2.5907786846160894,7.120083330199122,65.13368707895279,30.5,1.5,11.0,10.0,300.0,15.0,7.333333333333333,30.0
5.125,x,gym_env,-0.27477240562438965,6.417265265186434e-14,1.0026466846466064,-0.46624720096588135,4.436507855965638e-14,0.03787020966410637,-2.4371416411134335e-15,0.3677593469619751,-1.1119234432667695e-16,-0.20000004768371582,0.0,1.0,0.0,0.0,0.0,15329.833984375,14470.634765625,14470.634765625,15329.833984375,-0.16080814599990845,0.0,0.0,0.0,24.409886356443167,2.706434053182602,7.056168328970671,65.03574195504189,30.5,1.5,11.0,10.0,300.0,15.0,7.333333333333333,30.0
5.145833333333333,x,gym_env,-0.28350043296813965,6.510274903805818e-14,1.0034089088439941,-0.3865388035774231,4.483171578656235e-14,0.03537844866514206,-2.478262549603788e-15,0.3965328633785248,-1.8899836887662343e-16,-0.20000004768371582,0.0,1.0,0.0,0.0,0.0,15265.443359375,14406.2431640625,14406.2431640625,15265.443359375,-0.15100198984146118,0.0,0.0,0.0,24.409886356443167,2.706434053182602,7.056168328970671,65.03574195504189,30.5,1.5,11.0,10.0,300.0,15.0,7.333333333333333,30.0
5.166666666666666,x,gym_env,-0.2905084788799286,6.604256258622293e-14,1.004069447517395,-0.30246779322624207,4.529792272073112e-14,0.029056299477815628,-2.5039782581241917e-15,0.41125401854515076,-2.304792531346712e-16,-0.20000004768371582,0.0,1.0,0.0,0.0,0.0,15120.57421875,14261.3740234375,14261.3740234375,15120.57421875,-0.13931835889816285,0.0,0.0,0.0,25.30321269109845,2.8404031008481985,6.910328276455402,65.84106287360191,30.5,1.5,11.0,10.0,300.0,15.0,7.333333333333333,30.0
5.1875,x,gym_env,-0.2957533001899719,6.699201198119564e-14,1.0045362710952759,-0.2178255319595337,4.575814282602869e-14,0.01791265606880188,-2.512231323645764e-15,0.4120587110519409,-2.343002716992946e-16,-0.20000004768371582,0.0,1.0,0.0,0.0,0.0,15001.1630859375,14141.962890625,14141.962890625,15001.1630859375,-0.12625761330127716,0.0,0.0,0.0,25.30321269109845,2.8404031008481985,6.910328276455402,65.84106287360191,30.5,1.5,11.0,10.0,300.0,15.0,7.333333333333333,30.0
5.208333333333333,x,gym_env,-0.29925331473350525,6.795100235528623e-14,1.0047320127487183,-0.13502173125743866,4.6214402205264904e-14,0.003821682184934616,-2.5056210785253915e-15,0.399087131023407,-2.005037497480766e-16,-0.20000004768371582,0.0,1.0,0.0,0.0,0.0,14915.34765625,14101.7724609375,14101.7724609375,14915.34765625,-0.11226819083094597,0.0,0.0,0.0,26.05811595916748,2.9105996847152715,6.485067009925842,66.77358546853065,30.5,1.5,11.0,10.0,300.0,15.0,7.333333333333333,30.0
5.229166666666666,x,gym_env,-0.3010711073875427,6.891950660344037e-14,1.0046277046203613,-0.05598565563559532,4.667099700954823e-14,-0.010655580088496208,-2.486372678315511e-15,0.3728798031806946,-1.3151961304845307e-16,-0.20000004768371582,0.0,1.0,0.0,0.0,0.0,14323.86328125,14663.28125,14663.28125,14323.86328125,-0.10482168011367321,0.0,0.0,0.0,26.05811595916748,2.9105996847152715,6.485067009925842,66.77358546853065,30.5,1.5,11.0,10.0,300.0,15.0,7.333333333333333,30.0
5.25,x,gym_env,-0.3013085126876831,6.989755860697597e-14,1.0042407512664795,0.017566075548529625,4.7130688566286716e-14,-0.023558493703603745,-2.4694394309087136e-15,0.3447868227958679,-5.880662555677929e-17,-0.20000004768371582,0.0,1.0,0.0,0.0,0.0,14922.681640625,14063.4814453125,14063.4814453125,14922.681640625,-0.11720525324344636,0.0,0.0,0.0,26.706622749567032,2.9553708791732793,6.462671089917421,66.4879597723484,30.5,1.5,11.0,10.0,300.0,15.0,7.333333333333333,30.0
5.270833333333333,x,gym_env,-0.30008214712142944,7.088521257600164e-14,1.0036122798919678,0.08561576902866364,4.759176248079512e-14,-0.034300949424505234,-2.447651625922965e-15,0.31071317195892334,2.808111750878283e-17,-0.20000004768371582,0.0,1.0,0.0,0.0,0.0,14950.5458984375,14091.345703125,14091.345703125,14950.5458984375,-0.12685565948486327,0.0,0.0,0.0,26.706622749567032,2.9553708791732793,6.462671089917421,66.4879597723484,30.5,1.5,11.0,10.0,300.0,15.0,7.333333333333333,30.0
5.291666666666666,x,gym_env,-0.29752087593078613,7.188247528678096e-14,1.002798080444336,0.14667415618896484,4.805300580189298e-14,-0.04191441833972931,-2.4216676197165183e-15,0.2630575895309448,1.4744470595956077e-16,-0.20000004768371582,0.0,1.0,0.0,0.0,0.0,14212.1103515625,14943.6123046875,14943.6123046875,14212.1103515625,-0.13349989354610442,0.0,0.0,0.0,26.36205818504095,2.953229117393494,6.582069423049688,66.67064586281776,30.5,1.5,11.0,10.0,300.0,15.0,7.333333333333333,30.0
5.3125,x,gym_env,-0.2938007116317749,7.288937384436825e-14,1.0018783807754517,0.19849614799022675,4.8516041444707225e-14,-0.04528358578681946,-2.403476740141285e-15,0.21708378195762634,2.6011172141251766e-16,-0.20000004768371582,0.0,1.0,0.0,0.0,0.0,14968.6767578125,14290.0341796875,14290.0341796875,14968.6767578125,-0.13739268183708192,0.0,0.0,0.0,26.36205818504095,2.953229117393494,6.582069423049688,66.67064586281776,30.5,1.5,11.0,10.0,300.0,15.0,7.333333333333333,30.0
5.333333333333333,x,gym_env,-0.2891139090061188,7.390592857755424e-14,1.000934362411499,0.24139410257339478,4.897990717980978e-14,-0.04507463052868843,-2.3873075164529108e-15,0.16937240958213806,3.7510123503239684e-16,-0.20000004768371582,0.0,1.0,0.0,0.0,0.0,15109.05078125,14249.8505859375,14249.8505859375,15109.05078125,-0.13849382400512694,0.0,0.0,0.0,26.121575854718685,2.940518176555634,6.697289355099201,66.47169208526611,30.5,1.5,11.0,10.0,300.0,15.0,7.333333333333333,30.0
5.354166666666666,x,gym_env,-0.28365540504455566,7.493213948633892e-14,1.0000370740890503,0.27419233322143555,4.944289877691077e-14,-0.041491858661174774,-2.371191444081977e-15,0.10915599763393402,5.182730435848639e-16,-0.20000004768371582,0.0,1.0,0.0,0.0,0.0,14333.9580078125,15193.1572265625,15193.1572265625,14333.9580078125,-0.1365717828273773,0.0,0.0,0.0,26.121575854718685,2.940518176555634,6.697289355099201,66.47169208526611,30.5,1.5,11.0,10.0,300.0,15.0,7.333333333333333,30.0
5.375,x,gym_env,-0.27766719460487366,7.596798624193157e-14,0.9992655515670776,0.2945231795310974,4.990501962414198e-14,-0.03389165550470352,-2.3660145904665954e-15,0.05195610970258713,6.52725971434328e-16,-0.20000004768371582,0.0,1.0,0.0,0.0,0.0,14383.6572265625,15242.8564453125,15242.8564453125,14383.6572265625,-0.13207537531852723,0.0,0.0,0.0,26.04803106188774,2.8690187215805056,7.003519427031279,66.28698575496674,30.5,1.5,11.0,10.0,300.0,15.0,7.333333333333333,30.0
5.395833333333333,x,gym_env,-0.271403968334198,7.701342141048714e-14,0.9986818432807922,0.3033572733402252,5.0363728622661655e-14,-0.02404644340276718,-2.3680622926165826e-15,0.008852241560816765,7.5338429639159525e-16,-0.20000004768371582,0.0,1.0,0.0,0.0,0.0,15239.978515625,14380.7783203125,14380.7783203125,15239.978515625,-0.12568857669830322,0.0,0.0,0.0,26.04803106188774,2.8690187215805056,7.003519427031279,66.28698575496674,30.5,1.5,11.0,10.0,300.0,15.0,7.333333333333333,30.0
5.416666666666666,x,gym_env,-0.26507264375686646,7.80683297955248e-14,0.9983052611351013,0.30307990312576294,5.081583754045632e-14,-0.01409484539180994,-2.3701051243271232e-15,-0.03693714365363121,8.604286144964495e-16,-0.20000004768371582,0.0,1.0,0.0,0.0,0.0,15107.6591796875,14521.2529296875,14521.2529296875,15107.6591796875,-0.11736992597579957,0.0,0.0,0.0,25.953689508140087,2.904250824451447,6.864176467061043,66.18802571296692,30.5,1.5,11.0,10.0,300.0,15.0,7.333333333333333,30.0
5.4375,x,gym_env,-0.25887155532836914,7.913254876671869e-14,0.9981338977813721,0.2924920916557312,5.1259194913839956e-14,-0.004388734698295593,-2.3788719153312052e-15,-0.09388447552919388,9.94477454690514e-16,-0.20000004768371582,0.0,1.0,0.0,0.0,0.0,14406.2890625,15265.4892578125,15265.4892578125,14406.2890625,-0.10698215365409852,0.0,0.0,0.0,25.953689508140087,2.904250824451447,6.864176467061043,66.18802571296692,30.5,1.5,11.0,10.0,300.0,15.0,7.333333333333333,30.0
5.458333333333333,x,gym_env,-0.2530428469181061,8.02058885886886e-14,0.9981630444526672,0.26969677209854126,5.1692780915144065e-14,0.005086095537990332,-2.3934472347710836e-15,-0.14607568085193634,1.1184702667952164e-15,-0.20000004768371582,0.0,1.0,0.0,0.0,0.0,14379.404296875,15238.6044921875,15238.6044921875,14379.404296875,-0.09513144195079803,0.0,0.0,0.0,26.58223655819893,2.9529980659484867,7.001532826572657,66.48809912800789,30.5,1.5,11.0,10.0,300.0,15.0,7.333333333333333,30.0
5.479166666666666,x,gym_env,-0.2478237897157669,8.128810531594574e-14,0.9983630776405334,0.23653849959373474,5.2113986682891106e-14,0.012425504624843597,-2.408718603535368e-15,-0.1841696947813034,1.2097337258180126e-15,-0.20000004768371582,0.0,1.0,0.0,0.0,0.0,14317.0859375,15176.2861328125,15176.2861328125,14317.0859375,-0.08265269100666046,0.0,0.0,0.0,26.58223655819893,2.9529980659484867,7.001532826572657,66.48809912800789,30.5,1.5,11.0,10.0,300.0,15.0,7.333333333333333,30.0
