time,axis,backend,x,y,z,vx,vy,vz,roll,pitch,yaw,target_x,target_y,target_z,target_vx,target_vy,target_vz,rpm0,rpm1,rpm2,rpm3,reward,disturbance_x,disturbance_y,disturbance_z,x_b0,x_omega_c,x_k,x_r,y_b0,y_omega_c,y_k,y_r,z_b0,z_omega_c,z_k,z_r
0.0,x,gym_env,0.0,0.0,1.0,0.0,0.0,0.0,0.0,-0.0,0.0,0.0,0.0,1.0,0.5,0.0,0.0,14468.4287109375,14468.4287109375,14468.4287109375,14468.4287109375,-0.1,0.0,0.0,0.0,25.16077701933682,2.880084615945816,7.134798755869269,64.87702701985836,30.5,1.5,11.0,10.0,300.0,15.0,7.333333333333333,30.0
0.020833333333333332,x,gym_env,0.0,0.0,1.0,0.0,0.0,-1.3332407178268113e-08,0.0,-0.0,0.0,0.010416666977107525,0.0,1.0,0.5,0.0,0.0,14038.8291015625,14898.029296875,14898.029296875,14038.8291015625,-0.11037068348377943,0.0,0.0,0.0,25.16077701933682,2.880084615945816,7.134798755869269,64.87702701985836,30.5,1.5,11.0,10.0,300.0,15.0,7.333333333333333,30.0
0.041666666666666664,x,gym_env,1.393427965012961e-06,-2.2894487798747387e-22,1.0000022649765015,0.00022294015798252076,-4.3957043372967054e-20,0.00017964669677894562,2.1512492394521185e-18,0.008181506767868996,1.0172525001509352e-20,0.02083333395421505,0.0,1.0,0.5,0.0,0.0,14046.0869140625,14905.287109375,14905.287109375,14046.0869140625,-0.12026739977300167,0.0,0.0,0.0,24.630527332425117,2.864588880538941,7.097209144383669,64.98137530684471,30.5,1.5,11.0,10.0,300.0,15.0,7.333333333333333,30.0
0.0625,x,gym_env,3.066748467972502e-05,-7.055900708278477e-21,1.00001060962677,0.0026763395871967077,-6.157921254732638e-19,0.0005469413590617478,5.648898294005269e-18,0.029986949637532234,1.0526007711586817e-19,0.03125,0.0,1.0,0.5,0.0,0.0,14124.5341796875,14983.734375,14983.734375,14124.5341796875,-0.12903534471988679,0.0,0.0,0.0,24.630527332425117,2.864588880538941,7.097209144383669,64.98137530684471,30.5,1.5,11.0,10.0,300.0,15.0,7.333333333333333,30.0
0.08333333333333333,x,gym_env,0.0001699768181424588,-3.4929772547757244e-20,1.0000531673431396,0.010223394259810448,-1.8932489180598384e-18,0.0030055155511945486,7.543586092740643e-18,0.06542965024709702,3.6044940614214583e-19,0.0416666679084301,0.0,1.0,0.5,0.0,0.0,14156.7900390625,15015.990234375,15015.990234375,14156.7900390625,-0.13596384227275848,0.0,0.0,0.0,25.217724291607738,2.893011903762818,6.987734895199537,65.31018102169037,30.5,1.5,11.0,10.0,300.0,15.0,7.333333333333333,30.0
0.10416666666666666,x,gym_env,0.0005610259249806404,-9.381998183615227e-20,1.0001535415649414,0.02570900321006775,-3.440883991811852e-18,0.00592863978818059,6.768903738534212e-18,0.11450860649347305,7.198857228290673e-19,0.0520833320915699,0.0,1.0,0.5,0.0,0.0,14800.396484375,14662.26953125,14662.26953125,14800.396484375,-0.140253397077322,0.0,0.0,0.0,25.217724291607738,2.893011903762818,6.987734895199537,65.31018102169037,30.5,1.5,11.0,10.0,300.0,15.0,7.333333333333333,30.0
0.125,x,gym_env,0.0014078543754294515,-1.8319399712680272e-19,1.000351905822754,0.052110396325588226,-4.8280708421469546e-18,0.011731632053852081,5.7422538979380034e-18,0.16759657859802246,1.0693156097965407e-18,0.0625,0.0,1.0,0.5,0.0,0.0,15250.9609375,14391.7607421875,14391.7607421875,15250.9609375,-0.14159615114331248,0.0,0.0,0.0,24.903712432831526,2.894064337015152,7.107265712693334,65.56475669145584,30.5,1.5,11.0,10.0,300.0,15.0,7.333333333333333,30.0
0.14583333333333331,x,gym_env,0.0029475814662873745,-2.9838529514986204e-19,1.000685453414917,0.08978134393692017,-5.9564800281091305e-18,0.018615107983350754,4.976330972828203e-18,0.211264967918396,1.2880496675109286e-18,0.0729166641831398,0.0,1.0,0.5,0.0,0.0,15033.2412109375,14639.626953125,14639.626953125,15033.2412109375,-0.14029250293970108,0.0,0.0,0.0,24.903712432831526,2.894064337015152,7.107265712693334,65.56475669145584,30.5,1.5,11.0,10.0,300.0,15.0,7.333333333333333,30.0
0.16666666666666666,x,gym_env,0.005385636817663908,-4.352711754206233e-19,1.0011438131332397,0.13619261980056763,-7.016888763864853e-18,0.024042213335633278,4.741038206816575e-18,0.24540504813194275,1.4365906260101386e-18,0.0833333358168602,0.0,1.0,0.5,0.0,0.0,14605.5068359375,14963.40625,14963.40625,14605.5068359375,-0.13661113679409026,0.0,0.0,0.0,25.24303887784481,2.8611882448196413,6.975405126810074,65.71610955893993,30.5,1.5,11.0,10.0,300.0,15.0,7.333333333333333,30.0
0.1875,x,gym_env,0.00887469295412302,-5.923489997328984e-19,1.001676082611084,0.1892375349998474,-7.77215098524007e-18,0.0263130534440279,7.158332616105935e-19,0.2803926467895508,1.470196596153907e-18,0.09375,0.0,1.0,0.5,0.0,0.0,15161.37109375,14302.1708984375,14302.1708984375,15161.37109375,-0.130411034822464,0.0,0.0,0.0,25.24303887784481,2.8611882448196413,6.975405126810074,65.71610955893993,30.5,1.5,11.0,10.0,300.0,15.0,7.333333333333333,30.0
0.20833333333333331,x,gym_env,0.01355225220322609,-7.552192596821528e-19,1.002215027809143,0.2489335834980011,-7.793655199624612e-18,0.02530859224498272,-6.541568139822615e-19,0.3092944324016571,1.3832851427832667e-18,0.1041666641831398,0.0,1.0,0.5,0.0,0.0,15116.3291015625,14257.12890625,14257.12890625,15116.3291015625,-0.1219396099448204,0.0,0.0,0.0,25.37817106768489,2.8827001512050634,7.109520019963384,65.60365027189255,30.5,1.5,11.0,10.0,300.0,15.0,7.333333333333333,30.0
0.22916666666666666,x,gym_env,0.019538475200533867,-9.144159071334825e-19,1.0026960372924805,0.3134428858757019,-7.50150410625762e-18,0.0214475579559803,-2.0331520430124633e-18,0.32429128885269165,1.2729011987605153e-18,0.1145833358168602,0.0,1.0,0.5,0.0,0.0,15047.9091796875,14188.708984375,14188.708984375,15047.9091796875,-0.11175123006105422,0.0,0.0,0.0,25.37817106768489,2.8827001512050634,7.109520019963384,65.60365027189255,30.5,1.5,11.0,10.0,300.0,15.0,7.333333333333333,30.0
0.25,x,gym_env,0.02689497359097004,-1.0640022151318064e-18,1.0030620098114014,0.3796856701374054,-6.928353968542078e-18,0.014932961203157902,-4.4816968188561935e-18,0.325468510389328,1.1840502136485913e-18,0.125,0.0,1.0,0.5,0.0,0.0,14821.919921875,14225.546875,14225.546875,14821.919921875,-0.10043908804655075,0.0,0.0,0.0,25.4568260461092,2.8423163235187534,7.0272420682013035,65.39918819069862,30.5,1.5,11.0,10.0,300.0,15.0,7.333333333333333,30.0
0.2708333333333333,x,gym_env,0.0356203094124794,-1.195097934512273e-18,1.0032590627670288,0.44470301270484924,-5.76578801354575e-18,0.005871525965631008,-7.984835664339705e-18,0.3154352605342865,1.160683602114887e-18,0.1354166716337204,0.0,1.0,0.5,0.0,0.0,14367.8671875,14621.0927734375,14621.0927734375,14367.8671875,-0.09119047224521637,0.0,0.0,0.0,25.4568260461092,2.8423163235187534,7.0272420682013035,65.39918819069862,30.5,1.5,11.0,10.0,300.0,15.0,7.333333333333333,30.0
0.29166666666666663,x,gym_env,0.04567071795463562,-1.2929378913408108e-18,1.0032650232315063,0.507222592830658,-3.862760579874616e-18,-0.003336456837132573,-1.254656717054408e-17,0.30403220653533936,1.1921223590537666e-18,0.1458333283662796,0.0,1.0,0.5,0.0,0.0,14883.4716796875,14024.2724609375,14024.2724609375,14883.4716796875,-0.10224415361881256,0.0,0.0,0.0,25.44610656052828,2.7539112299680713,7.062877036631107,65.67256654798985,30.5,1.5,11.0,10.0,300.0,15.0,7.333333333333333,30.0
0.3125,x,gym_env,0.05698978528380394,-1.3395579974594525e-18,1.0030766725540161,0.567003071308136,-1.0090816617589247e-18,-0.012727448716759682,-1.7864874460936405e-17,0.28608158230781555,1.3981687069425099e-18,0.15625,0.0,1.0,0.5,0.0,0.0,14866.322265625,14007.1220703125,14007.1220703125,14866.322265625,-0.11124622821807861,0.0,0.0,0.0,25.44610656052828,2.7539112299680713,7.062877036631107,65.67256654798985,30.5,1.5,11.0,10.0,300.0,15.0,7.333333333333333,30.0
0.3333333333333333,x,gym_env,0.06950527429580688,-1.3128751154524467e-18,1.002700924873352,0.6225075125694275,2.9879519416265503e-18,-0.021366888657212257,-2.469031558074831e-17,0.25455719232559204,2.022132756482338e-18,0.1666666716337204,0.0,1.0,0.5,0.0,0.0,14864.5126953125,14044.8974609375,14044.8974609375,14864.5126953125,-0.11783207952976227,0.0,0.0,0.0,25.51834173128009,2.7707339197397234,7.254269843921065,65.34335705637932,30.5,1.5,11.0,10.0,300.0,15.0,7.333333333333333,30.0
0.35416666666666663,x,gym_env,0.083097904920578,-1.186477368360975e-18,1.0021729469299316,0.6713165640830994,8.204215543317344e-18,-0.02771707996726036,-2.7117797856654603e-17,0.20987583696842194,3.160968554065745e-18,0.1770833283662796,0.0,1.0,0.5,0.0,0.0,14093.3291015625,14952.529296875,14952.529296875,14093.3291015625,-0.12177306264638901,0.0,0.0,0.0,25.51834173128009,2.7707339197397234,7.254269843921065,65.34335705637932,30.5,1.5,11.0,10.0,300.0,15.0,7.333333333333333,30.0
0.375,x,gym_env,0.09760086983442307,-9.439457380137428e-19,1.0015623569488525,0.7114530205726624,1.3990504401164608e-17,-0.030118022114038467,-3.013121186510161e-17,0.1683308482170105,4.29640008983819e-18,0.1875,0.0,1.0,0.5,0.0,0.0,14811.013671875,14279.4951171875,14279.4951171875,14811.013671875,-0.12334201335906983,0.0,0.0,0.0,26.027319453656673,2.7644477784633636,7.4320985134691,64.83046314120293,30.5,1.5,11.0,10.0,300.0,15.0,7.333333333333333,30.0
0.3958333333333333,x,gym_env,0.11283516883850098,-5.725446415071538e-19,1.0009281635284424,0.743385910987854,2.051595358258313e-17,-0.030494987964630127,-3.5325360172730336e-17,0.12726865708827972,5.549363237306457e-18,0.1979166716337204,0.0,1.0,0.5,0.0,0.0,14974.1787109375,14258.5283203125,14258.5283203125,14974.1787109375,-0.12262973785400391,0.0,0.0,0.0,26.027319453656673,2.7644477784633636,7.4320985134691,64.83046314120293,30.5,1.5,11.0,10.0,300.0,15.0,7.333333333333333,30.0
0.41666666666666663,x,gym_env,0.1286306232213974,-5.053021795474835e-20,1.000327229499817,0.7667184472084045,2.826138994276019e-17,-0.02758694812655449,-4.078180414387718e-17,0.07604615390300751,7.440099180665359e-18,0.2083333283662796,0.0,1.0,0.5,0.0,0.0,14234.796875,15093.9970703125,15093.9970703125,14234.796875,-0.11943708658218384,0.0,0.0,0.0,25.940437898039818,2.720114231109619,7.671447398373857,64.34608182683587,30.5,1.5,11.0,10.0,300.0,15.0,7.333333333333333,30.0
0.4375,x,gym_env,0.14478076994419098,6.470935187316712e-19,0.9998176097869873,0.7794226408004761,3.7080108036975827e-17,-0.022280635312199593,-4.4981780616890676e-17,0.028677750378847122,9.408901535104872e-18,0.21875,0.0,1.0,0.5,0.0,0.0,14283.0419921875,15142.2421875,15142.2421875,14283.0419921875,-0.11423422098159791,0.0,0.0,0.0,25.940437898039818,2.720114231109619,7.671447398373857,64.34608182683587,30.5,1.5,11.0,10.0,300.0,15.0,7.333333333333333,30.0
0.4583333333333333,x,gym_env,0.16107410192489624,1.5384138710784255e-18,0.999441921710968,0.7827916145324707,4.664534670785322e-17,-0.015181838534772396,-4.7653471425041e-17,-0.004733331501483917,1.0863923813114223e-17,0.2291666716337204,0.0,1.0,0.5,0.0,0.0,15133.3525390625,14274.15234375,14274.15234375,15133.3525390625,-0.10766254663467408,0.0,0.0,0.0,26.181965991854668,2.81879536062479,7.577084165066481,64.39357970654964,30.5,1.5,11.0,10.0,300.0,15.0,7.333333333333333,30.0
0.47916666666666663,x,gym_env,0.17734889686107635,2.6364340956966283e-18,0.9992116689682007,0.7792238593101501,5.690669756886339e-17,-0.00831037200987339,-5.387843897714351e-17,-0.04084436595439911,1.2604966948970936e-17,0.2395833283662796,0.0,1.0,0.5,0.0,0.0,15134.623046875,14275.4228515625,14275.4228515625,15134.623046875,-0.09962576031684875,0.0,0.0,0.0,26.181965991854668,2.81879536062479,7.577084165066481,64.39357970654964,30.5,1.5,11.0,10.0,300.0,15.0,7.333333333333333,30.0
0.5,x,gym_env,0.1934518665075302,3.962838680645569e-18,0.9991223216056824,0.7674714922904968,6.829175343969215e-17,-0.001674537779763341,-5.862880157741509e-17,-0.09071216732263565,1.5312987529624587e-17,0.25,0.0,1.0,0.5,0.0,0.0,14302.97265625,15162.1728515625,15162.1728515625,14302.97265625,-0.08983522057533264,0.0,0.0,0.0,26.670829609036446,2.759818956255913,7.642971362452954,63.39060562849045,30.5,1.5,11.0,10.0,300.0,15.0,7.333333333333333,30.0
0.5208333333333333,x,gym_env,0.20917871594429016,5.536488584662375e-18,0.9991718530654907,0.745069682598114,8.046070521598026e-17,0.004932193551212549,-6.29780047416556e-17,-0.137645423412323,1.8077246465764494e-17,0.2604166567325592,0.0,1.0,0.5,0.0,0.0,14269.3896484375,15128.5888671875,15128.5888671875,14269.3896484375,-0.07881266772747039,0.0,0.0,0.0,26.670829609036446,2.759818956255913,7.642971362452954,63.39060562849045,30.5,1.5,11.0,10.0,300.0,15.0,7.333333333333333,30.0
0.5416666666666666,x,gym_env,0.2243202179670334,7.370663985686433e-18,0.999332845211029,0.7135811448097229,9.312524405830604e-17,0.009442596696317196,-6.59761969724704e-17,-0.17060521245002747,2.0090218610553114e-17,0.2708333432674408,0.0,1.0,0.5,0.0,0.0,14247.3251953125,15106.525390625,15106.525390625,14247.3251953125,-0.06730644404888153,0.0,0.0,0.0,26.66010856628418,2.861889284849167,7.416928682476282,63.6585615798831,30.5,1.5,11.0,10.0,300.0,15.0,7.333333333333333,30.0
0.5625,x,gym_env,0.2387244552373886,9.473955981559717e-18,0.9995669722557068,0.6759877800941467,1.062590126836311e-16,0.012319089844822884,-6.887838993011475e-17,-0.18966640532016754,2.128027508602703e-17,0.28125,0.0,1.0,0.5,0.0,0.0,14393.4404296875,14831.611328125,14831.611328125,14393.4404296875,-0.05601972937583924,0.0,0.0,0.0,26.66010856628418,2.861889284849167,7.416928682476282,63.6585615798831,30.5,1.5,11.0,10.0,300.0,15.0,7.333333333333333,30.0
0.5833333333333333,x,gym_env,0.25230351090431213,1.185440973091992e-17,0.999828040599823,0.6353662014007568,1.1959577143127667e-16,0.012614678591489792,-6.925060135342892e-17,-0.1989564597606659,2.1815682626753003e-17,0.2916666567325592,0.0,1.0,0.5,0.0,0.0,14546.7470703125,14529.052734375,14529.052734375,14546.7470703125,-0.04535208940505982,0.0,0.0,0.0,26.917781248688698,2.8482809484004976,7.364457130432129,63.751569617539644,30.5,1.5,11.0,10.0,300.0,15.0,7.333333333333333,30.0
0.6041666666666666,x,gym_env,0.26501938700675964,1.4511436281170903e-17,1.0000641345977783,0.5935240983963013,1.3286290142367998e-16,0.010443733073771,-7.066647648176858e-17,-0.20559696853160858,2.2170956699844528e-17,0.3020833432674408,0.0,1.0,0.5,0.0,0.0,14065.0546875,14924.2548828125,14924.2548828125,14065.0546875,-0.03540083169937134,0.0,0.0,0.0,26.917781248688698,2.8482809484004976,7.364457130432129,63.751569617539644,30.5,1.5,11.0,10.0,300.0,15.0,7.333333333333333,30.0
0.625,x,gym_env,0.27685174345970154,1.744649808763566e-17,1.0002391338348389,0.5508461594581604,1.4623372677767294e-16,0.007022497709840536,-7.062082934684546e-17,-0.20414668321609497,2.1947179528730557e-17,0.3125,0.0,1.0,0.5,0.0,0.0,14005.416015625,14864.6162109375,14864.6162109375,14005.416015625,-0.026577746868133544,0.0,0.0,0.0,26.53282882273197,2.947001445293427,7.020424697548151,64.749834574759,30.5,1.5,11.0,10.0,300.0,15.0,7.333333333333333,30.0
0.6458333333333333,x,gym_env,0.28780609369277954,2.0659431368552904e-17,1.0003235340118408,0.5094192028045654,1.5958685708400216e-16,0.0021306138951331377,-7.307155374360326e-17,-0.18907436728477478,2.0727887181686568e-17,0.3229166567325592,0.0,1.0,0.5,0.0,0.0,14899.3037109375,14040.103515625,14040.103515625,14899.3037109375,-0.0307845413684845,0.0,0.0,0.0,26.53282882273197,2.947001445293427,7.020424697548151,64.749834574759,30.5,1.5,11.0,10.0,300.0,15.0,7.333333333333333,30.0
0.6666666666666666,x,gym_env,0.29793310165405273,2.415906544978103e-17,1.0003254413604736,0.47099506855010986,1.736967583891439e-16,-0.0011843013344332576,-7.691287462918112e-17,-0.17676761746406555,1.9670447610739604e-17,0.3333333432674408,0.0,1.0,0.5,0.0,0.0,14001.2822265625,14860.482421875,14860.482421875,14001.2822265625,-0.03900225162506103,0.0,0.0,0.0,26.891386210918427,2.9919269680976868,6.740890517830849,64.26539716869593,30.5,1.5,11.0,10.0,300.0,15.0,7.333333333333333,30.0
0.6875,x,gym_env,0.3072941303253174,2.7963068909204165e-17,1.0002506971359253,0.4351848065853119,1.8868304762711821e-16,-0.005140766501426697,-8.287104996395568e-17,-0.16176940500736237,1.832605743093677e-17,0.34375,0.0,1.0,0.5,0.0,0.0,13994.943359375,14854.1435546875,14854.1435546875,13994.943359375,-0.04719825387001038,0.0,0.0,0.0,26.891386210918427,2.9919269680976868,6.740890517830849,64.26539716869593,30.5,1.5,11.0,10.0,300.0,15.0,7.333333333333333,30.0
0.7083333333333333,x,gym_env,0.3159500062465668,3.209567979313134e-17,1.0000981092453003,0.40300869941711426,2.0504129201162808e-16,-0.008679800666868687,-9.109016137574387e-17,-0.1332053244113922,1.5698673725117237e-17,0.3541666567325592,0.0,1.0,0.5,0.0,0.0,14197.67578125,14686.994140625,14686.994140625,14197.67578125,-0.054752773046493536,0.0,0.0,0.0,26.940308764576912,3.0769787311553958,6.679702613502741,64.96964178979397,30.5,1.5,11.0,10.0,300.0,15.0,7.333333333333333,30.0
0.7291666666666666,x,gym_env,0.3240089416503906,3.659195236156133e-17,0.9998871088027954,0.37702471017837524,2.2324606822115233e-16,-0.010964548215270042,-9.899485151053332e-17,-0.09462161362171173,1.1897876417748357e-17,0.3645833432674408,0.0,1.0,0.5,0.0,0.0,14941.14453125,14081.9443359375,14081.9443359375,14941.14453125,-0.061229664087295535,0.0,0.0,0.0,26.940308764576912,3.0769787311553958,6.679702613502741,64.96964178979397,30.5,1.5,11.0,10.0,300.0,15.0,7.333333333333333,30.0
0.75,x,gym_env,0.3316212296485901,4.149279896759101e-17,0.9996652603149414,0.3586622476577759,2.435039464157026e-16,-0.010349706746637821,-1.0813034669213226e-16,-0.06123508885502815,8.341070094122405e-18,0.375,0.0,1.0,0.5,0.0,0.0,14639.755859375,14424.0390625,14424.0390625,14639.755859375,-0.06671512126922607,0.0,0.0,0.0,26.91693316400051,3.0668542146682745,6.530037060379982,64.93662430346012,30.5,1.5,11.0,10.0,300.0,15.0,7.333333333333333,30.0
0.7708333333333333,x,gym_env,0.3389352262020111,4.6841514244481397e-17,0.9994677305221558,0.3467482626438141,2.6585955464368733e-16,-0.008860262110829353,-1.195479140697568e-16,-0.035444363951683044,5.3250124164376805e-18,0.3854166567325592,0.0,1.0,0.5,0.0,0.0,14120.431640625,14979.6318359375,14979.6318359375,14120.431640625,-0.07129348516464235,0.0,0.0,0.0,26.91693316400051,3.0668542146682745,6.530037060379982,64.93662430346012,30.5,1.5,11.0,10.0,300.0,15.0,7.333333333333333,30.0
0.7916666666666666,x,gym_env,0.3460683822631836,5.268682905647922e-17,0.9993128776550293,0.3402739465236664,2.907115277859081e-16,-0.006458363030105829,-1.3022481730945646e-16,-0.002851899480447173,1.1518486927873613e-18,0.3958333432674408,0.0,1.0,0.5,0.0,0.0,14661.7119140625,14487.1826171875,14487.1826171875,14661.7119140625,-0.07451528906822205,0.0,0.0,0.0,27.111428454518318,3.028885388374329,6.767724487930536,64.20585761964321,30.5,1.5,11.0,10.0,300.0,15.0,7.333333333333333,30.0
0.8125,x,gym_env,0.3531515598297119,5.907741140210465e-17,0.9992159605026245,0.3408324718475342,3.176542694095281e-16,-0.00345560978166759,-1.37293280784514e-16,0.033472634851932526,-3.817732176049679e-18,0.40625,0.0,1.0,0.5,0.0,0.0,14989.271484375,14217.1015625,14217.1015625,14989.271484375,-0.07617684006690979,0.0,0.0,0.0,27.111428454518318,3.028885388374329,6.767724487930536,64.20585761964321,30.5,1.5,11.0,10.0,300.0,15.0,7.333333333333333,30.0
0.8333333333333333,x,gym_env,0.36033931374549866,6.604841976611363e-17,0.9991918802261353,0.34866923093795776,3.460520283480738e-16,0.0003421084547881037,-1.439369837063031e-16,0.06118376553058624,-7.825450368009925e-18,0.4166666567325592,0.0,1.0,0.5,0.0,0.0,14206.1845703125,14996.1259765625,14996.1259765625,14206.1845703125,-0.07647462487220764,0.0,0.0,0.0,27.20480825006962,3.0955271244049074,6.570702366530895,64.36131243035197,30.5,1.5,11.0,10.0,300.0,15.0,7.333333333333333,30.0
0.8541666666666666,x,gym_env,0.36776259541511536,7.362794851083093e-17,0.9992426633834839,0.36214718222618103,3.7591430725242216e-16,0.003786184825003147,-1.537034324068228e-16,0.09148788452148438,-1.247303246844934e-17,0.4270833432674408,0.0,1.0,0.5,0.0,0.0,14971.76171875,14230.2744140625,14230.2744140625,14971.76171875,-0.07513900995254516,0.0,0.0,0.0,27.20480825006962,3.0955271244049074,6.570702366530895,64.36131243035197,30.5,1.5,11.0,10.0,300.0,15.0,7.333333333333333,30.0
0.875,x,gym_env,0.37554454803466797,8.185212888541286e-17,0.9993587136268616,0.3819989264011383,4.075312943163466e-16,0.006675113458186388,-1.638662528219881e-16,0.11966080218553543,-1.7043982075400005e-17,0.4375,0.0,1.0,0.5,0.0,0.0,15025.451171875,14166.2509765625,14166.2509765625,15025.451171875,-0.0722683310508728,0.0,0.0,0.0,26.662571847438812,3.001754665374756,6.733009673655033,64.60760533064604,30.5,1.5,11.0,10.0,300.0,15.0,7.333333333333333,30.0
0.8958333333333333,x,gym_env,0.3838101625442505,9.075930236561246e-17,0.9995261430740356,0.40710753202438354,4.412433379659658e-16,0.008878028951585293,-1.7711419222418018e-16,0.13478457927703857,-1.972701683847088e-17,0.4479166567325592,0.0,1.0,0.5,0.0,0.0,14129.7548828125,14988.955078125,14988.955078125,14129.7548828125,-0.06827309727668762,0.0,0.0,0.0,26.662571847438812,3.001754665374756,6.733009673655033,64.60760533064604,30.5,1.5,11.0,10.0,300.0,15.0,7.333333333333333,30.0
0.9166666666666666,x,gym_env,0.3926360607147217,1.0039813364122748e-16,0.9997215270996094,0.4350374937057495,4.77215291988639e-16,0.009658175520598888,-1.875471499750706e-16,0.15261976420879364,-2.310341258895718e-17,0.4583333432674408,0.0,1.0,0.5,0.0,0.0,14875.4365234375,14219.2294921875,14219.2294921875,14875.4365234375,-0.06291100978851319,0.0,0.0,0.0,27.5048099309206,3.1841297626495364,6.314662471413612,64.80646288394928,30.5,1.5,11.0,10.0,300.0,15.0,7.333333333333333,30.0
0.9375,x,gym_env,0.4020880162715912,1.108093927902894e-16,0.9999213218688965,0.46667158603668213,5.14995343716345e-16,0.009459304623305798,-1.969628211563086e-16,0.1696290224790573,-2.6479952268870063e-17,0.46875,0.0,1.0,0.5,0.0,0.0,14938.5185546875,14079.318359375,14079.318359375,14938.5185546875,-0.05672579407691956,0.0,0.0,0.0,27.5048099309206,3.1841297626495364,6.314662471413612,64.80646288394928,30.5,1.5,11.0,10.0,300.0,15.0,7.333333333333333,30.0
0.9583333333333333,x,gym_env,0.4122374355792999,1.2202594866161866e-16,1.0000977516174316,0.5010661482810974,5.541644235984296e-16,0.007771703414618969,-2.0385506207366784e-16,0.1742246001958847,-2.7471740168959918e-17,0.4791666567325592,0.0,1.0,0.5,0.0,0.0,14898.8740234375,14039.673828125,14039.673828125,14898.8740234375,-0.06317455172538758,0.0,0.0,0.0,27.429566100239754,3.0621998071670538,6.642518904060125,64.19803697429597,30.5,1.5,11.0,10.0,300.0,15.0,7.333333333333333,30.0
0.9791666666666666,x,gym_env,0.42310959100723267,1.3407103510426063e-16,1.0002237558364868,0.5355874300003052,5.942830803539454e-16,0.004917772952467203,-2.0758084237128429e-16,0.16516560316085815,-2.5649191618625906e-17,0.4895833432674408,0.0,1.0,0.5,0.0,0.0,14046.578125,14905.77734375,14905.77734375,14046.578125,-0.06853460669517517,0.0,0.0,0.0,27.429566100239754,3.0621998071670538,6.642518904060125,64.19803697429597,30.5,1.5,11.0,10.0,300.0,15.0,7.333333333333333,30.0
1.0,x,gym_env,0.43467825651168823,1.4696339272217331e-16,1.0002964735031128,0.568147599697113,6.353362262085196e-16,0.0025871237739920616,-2.130235849227648e-16,0.15885162353515625,-2.438395104291582e-17,0.5,0.0,1.0,0.5,0.0,0.0,14799.330078125,14084.3935546875,14084.3935546875,14799.330078125,-0.07296628952026367,0.0,0.0,0.0,27.278526708483696,3.076372289657593,6.637741409242153,63.9897520148661,30.5,1.5,11.0,10.0,300.0,15.0,7.333333333333333,30.0
1.0208333333333333,x,gym_env,0.4469063878059387,1.6072274150115998e-16,1.0003106594085693,0.599363386631012,6.773960177813463e-16,-0.0005673699779435992,-2.2111042022843842e-16,0.15120455622673035,-2.2770412835400482e-17,0.5104166865348816,0.0,1.0,0.5,0.0,0.0,14879.2158203125,14020.015625,14020.015625,14879.2158203125,-0.07635993957519531,0.0,0.0,0.0,27.278526708483696,3.076372289657593,6.637741409242153,63.9897520148661,30.5,1.5,11.0,10.0,300.0,15.0,7.333333333333333,30.0
1.0416666666666665,x,gym_env,0.4597632884979248,1.7538116281409788e-16,1.0002659559249878,0.6285327076911926,7.214261138686049e-16,-0.0031364914029836655,-2.3364038009382427e-16,0.13087044656276703,-1.8170795629960567e-17,0.5208333134651184,0.0,1.0,0.5,0.0,0.0,14175.751953125,14713.3671875,14713.3671875,14175.751953125,-0.07832226753234864,0.0,0.0,0.0,27.889545172452927,3.057637548446656,6.733065843582153,63.84160617738962,30.5,1.5,11.0,10.0,300.0,15.0,7.333333333333333,30.0
1.0625,x,gym_env,0.4731754660606384,1.9098894924223024e-16,1.0001717805862427,0.6533221006393433,7.680012792645667e-16,-0.005361957475543022,-2.446175829831052e-16,0.1102384552359581,-1.3299629918670518e-17,0.53125,0.0,1.0,0.5,0.0,0.0,14472.1015625,14458.1552734375,14458.1552734375,14472.1015625,-0.07902828454971314,0.0,0.0,0.0,27.889545172452927,3.057637548446656,6.733065843582153,63.84160617738962,30.5,1.5,11.0,10.0,300.0,15.0,7.333333333333333,30.0
1.0833333333333333,x,gym_env,0.48705267906188965,2.0759720069507814e-16,1.0000438690185547,0.6741548180580139,8.169246317485542e-16,-0.006611646618694067,-2.5359769394099727e-16,0.09291137009859085,-9.043113169247185e-18,0.5416666865348816,0.0,1.0,0.5,0.0,0.0,14888.9609375,14029.76171875,14029.76171875,14888.9609375,-0.07858989238739014,0.0,0.0,0.0,27.747871920466423,3.0226248979568484,6.943170864135027,62.74437943100929,30.5,1.5,11.0,10.0,300.0,15.0,7.333333333333333,30.0
1.1041666666666665,x,gym_env,0.5013180375099182,2.2524808353154707e-16,0.9998946189880371,0.6912062168121338,8.676516350146013e-16,-0.007477345876395702,-2.595307097502604e-16,0.06734903156757355,-2.534631530143655e-18,0.5520833134651184,0.0,1.0,0.5,0.0,0.0,14385.544921875,14626.880859375,14626.880859375,14385.544921875,-0.07677533626556396,0.0,0.0,0.0,27.747871920466423,3.0226248979568484,6.943170864135027,62.74437943100929,30.5,1.5,11.0,10.0,300.0,15.0,7.333333333333333,30.0
1.125,x,gym_env,0.5158736705780029,2.4397473791569837e-16,0.9997469186782837,0.7028284668922424,9.198169002250863e-16,-0.0067800311371684074,-2.634396609227206e-16,0.03869456425309181,4.893816398003588e-18,0.5625,0.0,1.0,0.5,0.0,0.0,14492.5927734375,14544.310546875,14544.310546875,14492.5927734375,-0.07363756895065307,0.0,0.0,0.0,28.28335675597191,2.9329061150550846,7.307871522381902,62.31105311214924,30.5,1.5,11.0,10.0,300.0,15.0,7.333333333333333,30.0
1.1458333333333333,x,gym_env,0.5305982828140259,2.6379957051596487e-16,0.9996216893196106,0.7086792588233948,9.729010903042237e-16,-0.005476472433656454,-2.6837100733229633e-16,0.012124324217438698,1.1900847650508647e-17,0.5729166865348816,0.0,1.0,0.5,0.0,0.0,14523.2646484375,14556.0263671875,14556.0263671875,14523.2646484375,-0.06935946941375733,0.0,0.0,0.0,28.28335675597191,2.9329061150550846,7.307871522381902,62.31105311214924,30.5,1.5,11.0,10.0,300.0,15.0,7.333333333333333,30.0
1.1666666666666665,x,gym_env,0.5453765988349915,2.8474394244448514e-16,0.9995326399803162,0.7090969085693359,1.0270764705776615e-15,-0.0034652536269277334,-2.7429285289456756e-16,-0.01375329028815031,1.8864499070149587e-17,0.5833333134651184,0.0,1.0,0.5,0.0,0.0,14638.7216796875,14461.8349609375,14461.8349609375,14638.7216796875,-0.06406571865081787,0.0,0.0,0.0,27.561407700181007,2.995665884017945,7.151394739747047,63.02511849999428,30.5,1.5,11.0,10.0,300.0,15.0,7.333333333333333,30.0
1.1875,x,gym_env,0.5600966811180115,3.0683082946995346e-16,0.9994891881942749,0.7041454315185547,1.0823456880233598e-15,-0.0011809712741523981,-2.796078787594699e-16,-0.04106694832444191,2.6367220786268886e-17,0.59375,0.0,1.0,0.5,0.0,0.0,14564.41796875,14564.9658203125,14564.9658203125,14564.41796875,-0.05780425071716309,0.0,0.0,0.0,27.561407700181007,2.995665884017945,7.151394739747047,63.02511849999428,30.5,1.5,11.0,10.0,300.0,15.0,7.333333333333333,30.0
1.2083333333333333,x,gym_env,0.5746428370475769,3.300815662347288e-16,0.9994962215423584,0.6934854388237,1.1386160984127127e-15,0.0013123793760314584,-2.854267039395313e-16,-0.06945031136274338,3.434232549788252e-17,0.6041666865348816,0.0,1.0,0.5,0.0,0.0,14130.09375,14989.29296875,14989.29296875,14130.09375,-0.0507145643234253,0.0,0.0,0.0,27.637840062379837,2.980895912647248,6.799191068857908,63.44556511193514,30.5,1.5,11.0,10.0,300.0,15.0,7.333333333333333,30.0
1.2291666666666665,x,gym_env,0.5888953804969788,3.545158727246144e-16,0.99955153465271,0.6772162914276123,1.1958195155934662e-15,0.0035015931352972984,-2.926086168899617e-16,-0.08954514563083649,4.0123748879366744e-17,0.6145833134651184,0.0,1.0,0.5,0.0,0.0,14615.185546875,14499.9814453125,14499.9814453125,14615.185546875,-0.04325888156890869,0.0,0.0,0.0,27.637840062379837,2.980895912647248,6.799191068857908,63.44556511193514,30.5,1.5,11.0,10.0,300.0,15.0,7.333333333333333,30.0
1.25,x,gym_env,0.6027585864067078,3.801546071259364e-16,0.9996454119682312,0.6571707725524902,1.2539695979718948e-15,0.005135317798703909,-2.9628421048545335e-16,-0.10522746294736862,4.4738556429575583e-17,0.625,0.0,1.0,0.5,0.0,0.0,14794.6982421875,14292.39453125,14292.39453125,14794.6982421875,-0.03559657335281372,0.0,0.0,0.0,29.258873462677002,3.1883488416671755,6.547758672386408,62.34764774143696,30.5,1.5,11.0,10.0,300.0,15.0,7.333333333333333,30.0
1.2708333333333333,x,gym_env,0.6161639094352722,4.0700957496039717e-16,0.9997649788856506,0.6338024139404297,1.312458705287462e-15,0.006083832122385502,-2.9997473303664034e-16,-0.12642833590507507,5.107620914216497e-17,0.6354166865348816,0.0,1.0,0.5,0.0,0.0,14075.24609375,14934.4462890625,14934.4462890625,14075.24609375,-0.027644324302673343,0.0,0.0,0.0,29.258873462677002,3.1883488416671755,6.547758672386408,62.34764774143696,30.5,1.5,11.0,10.0,300.0,15.0,7.333333333333333,30.0
1.2916666666666665,x,gym_env,0.6290310621261597,4.350833173268385e-16,0.9998858571052551,0.6062934994697571,1.3709290719990711e-15,0.005542962346225977,-3.017054331061177e-16,-0.14259566366672516,5.596100513558867e-17,0.6458333134651184,0.0,1.0,0.5,0.0,0.0,14078.62109375,14937.8203125,14937.8203125,14078.62109375,-0.01976487636566162,0.0,0.0,0.0,28.581713408231735,3.0464718818664553,7.038671240210533,62.491851434111595,30.5,1.5,11.0,10.0,300.0,15.0,7.333333333333333,30.0
1.3125,x,gym_env,0.6412867903709412,4.643758606950399e-16,0.9999914169311523,0.5760917663574219,1.4294665660717501e-15,0.0047242003493011,-3.0154232632421203e-16,-0.14507223665714264,5.66993068456841e-17,0.65625,0.0,1.0,0.5,0.0,0.0,14328.443359375,14648.8974609375,14648.8974609375,14328.443359375,-0.012531375885009766,0.0,0.0,0.0,28.581713408231735,3.0464718818664553,7.038671240210533,62.491851434111595,30.5,1.5,11.0,10.0,300.0,15.0,7.333333333333333,30.0
1.3333333333333333,x,gym_env,0.6529104709625244,4.948828110815876e-16,1.0000704526901245,0.5459592342376709,1.4874750880688689e-15,0.0031941195484250784,-2.9724699577890587e-16,-0.13902290165424347,5.484983356641148e-17,0.6666666865348816,0.0,1.0,0.5,0.0,0.0,14906.4541015625,14047.25390625,14047.25390625,14906.4541015625,-0.006151461601257324,0.0,0.0,0.0,28.60822957754135,3.018965768814087,6.825716495513916,62.36518631875515,30.5,1.5,11.0,10.0,300.0,15.0,7.333333333333333,30.0
1.3541666666666665,x,gym_env,0.663921594619751,5.265878366324673e-16,1.000117540359497,0.5170318484306335,1.5446418710746536e-15,0.0016495046438649297,-2.9267630011640326e-16,-0.13913005590438843,5.485387682524564e-17,0.6770833134651184,0.0,1.0,0.5,0.0,0.0,14027.765625,14886.9658203125,14886.9658203125,14027.765625,-0.005132079124450684,0.0,0.0,0.0,28.60822957754135,3.018965768814087,6.825716495513916,62.36518631875515,30.5,1.5,11.0,10.0,300.0,15.0,7.333333333333333,30.0
1.375,x,gym_env,0.674331784248352,5.594696027053201e-16,1.0001256465911865,0.48809725046157837,1.6006529835030283e-15,-0.00045589415822178125,-2.888036919513362e-16,-0.1365174651145935,5.4067869954863053e-17,0.6875,0.0,1.0,0.5,0.0,0.0,14017.943359375,14877.1435546875,14877.1435546875,14017.943359375,-0.01128562092781067,0.0,0.0,0.0,29.012883335351944,3.2087093830108646,6.509891927242279,62.54251639544964,30.5,1.5,11.0,10.0,300.0,15.0,7.333333333333333,30.0
1.3958333333333333,x,gym_env,0.6841492056846619,5.935081510863261e-16,1.0000877380371094,0.46032586693763733,1.6559219891904898e-15,-0.0026860376819968224,-2.8524125666364183e-16,-0.12029149383306503,4.934770275567211e-17,0.6979166865348816,0.0,1.0,0.5,0.0,0.0,14495.08984375,14421.8447265625,14421.8447265625,14495.08984375,-0.01725195050239563,0.0,0.0,0.0,29.012883335351944,3.2087093830108646,6.509891927242279,62.54251639544964,30.5,1.5,11.0,10.0,300.0,15.0,7.333333333333333,30.0
1.4166666666666665,x,gym_env,0.6934301257133484,6.286931585614409e-16,1.0000102519989014,0.43617305159568787,1.7108078183484371e-15,-0.004336868412792683,-2.8216366832891173e-16,-0.09934600442647934,4.3349349604184626e-17,0.7083333134651184,0.0,1.0,0.5,0.0,0.0,14780.7109375,14160.3232421875,14160.3232421875,14780.7109375,-0.022859305143356323,0.0,0.0,0.0,29.227058321237564,3.181865477561951,6.464662384241819,62.52237783372402,30.5,1.5,11.0,10.0,300.0,15.0,7.333333333333333,30.0
1.4375,x,gym_env,0.7022598385810852,6.650183253231192e-16,0.999909520149231,0.4160708487033844,1.7654043857548971e-15,-0.005122657865285873,-2.788280790524039e-16,-0.08480602502822876,3.924236146691189e-17,0.71875,0.0,1.0,0.5,0.0,0.0,14046.232421875,14905.4326171875,14905.4326171875,14046.232421875,-0.02825787663459778,0.0,0.0,0.0,29.227058321237564,3.181865477561951,6.464662384241819,62.52237783372402,30.5,1.5,11.0,10.0,300.0,15.0,7.333333333333333,30.0
1.4583333333333333,x,gym_env,0.710708498954773,7.024757104374805e-16,0.9997988343238831,0.39891812205314636,1.819609941577081e-15,-0.005409871228039265,-2.768203727393948e-16,-0.06603854894638062,3.401030512617108e-17,0.7291666865348816,0.0,1.0,0.5,0.0,0.0,14053.302734375,14912.501953125,14912.501953125,14053.302734375,-0.03308411240577698,0.0,0.0,0.0,29.139608561992645,3.1654572248458868,6.432313747704029,63.03620854020119,30.5,1.5,11.0,10.0,300.0,15.0,7.333333333333333,30.0
1.4791666666666665,x,gym_env,0.7188501954078674,7.410602846464004e-16,0.9996882677078247,0.3861618936061859,1.8736762663585597e-15,-0.005191322416067123,-2.747612885841788e-16,-0.03366520628333092,2.507067142437367e-17,0.7395833134651184,0.0,1.0,0.5,0.0,0.0,14945.9091796875,14086.7099609375,14086.7099609375,14945.9091796875,-0.036750119924545285,0.0,0.0,0.0,29.139608561992645,3.1654572248458868,6.432313747704029,63.03620854020119,30.5,1.5,11.0,10.0,300.0,15.0,7.333333333333333,30.0
1.5,x,gym_env,0.7268081903457642,7.807721538289974e-16,0.99959796667099,0.3801250159740448,1.9278107772922925e-15,-0.003737925086170435,-2.732637078636536e-16,-0.004114377778023481,1.697001723938674e-17,0.75,0.0,1.0,0.5,0.0,0.0,14958.017578125,14098.8173828125,14098.8173828125,14958.017578125,-0.03936471939086914,0.0,0.0,0.0,29.040569186210632,3.153582811355591,6.519854344427586,62.17557844519615,30.5,1.5,11.0,10.0,300.0,15.0,7.333333333333333,30.0
1.5208333333333333,x,gym_env,0.734714150428772,8.216100474358506e-16,0.9995435476303101,0.37960565090179443,1.981748988340499e-15,-0.0018612825078889728,-2.703221477262966e-16,0.011700363829731941,1.265018560433676e-17,0.7604166865348816,0.0,1.0,0.5,0.0,0.0,14093.9482421875,14953.1484375,14953.1484375,14093.9482421875,-0.04132071733474732,0.0,0.0,0.0,29.040569186210632,3.153582811355591,6.519854344427586,62.17557844519615,30.5,1.5,11.0,10.0,300.0,15.0,7.333333333333333,30.0
1.5416666666666665,x,gym_env,0.7426504492759705,8.635635363737969e-16,0.9995262622833252,0.3822275996208191,2.0350548892935803e-15,-0.00014584908785764128,-2.674691554714869e-16,0.030230285599827766,7.6404158552461e-18,0.7708333134651184,0.0,1.0,0.5,0.0,0.0,14188.072265625,14855.11328125,14855.11328125,14188.072265625,-0.042309463024139404,0.0,0.0,0.0,29.55626893043518,3.167635679244995,6.602681126445532,62.24222195148468,30.5,1.5,11.0,10.0,300.0,15.0,7.333333333333333,30.0
1.5625,x,gym_env,0.7506909370422363,9.06618750478325e-16,0.9995419979095459,0.3891645669937134,2.0875874491658184e-15,0.0013267718022689223,-2.632645633306554e-16,0.060571130365133286,-4.460776697381691e-19,0.78125,0.0,1.0,0.5,0.0,0.0,14962.7861328125,14103.5869140625,14103.5869140625,14962.7861328125,-0.041820055246353155,0.0,0.0,0.0,29.55626893043518,3.167635679244995,6.602681126445532,62.24222195148468,30.5,1.5,11.0,10.0,300.0,15.0,7.333333333333333,30.0
1.5833333333333333,x,gym_env,0.758953332901001,9.507571079641545e-16,0.9995896816253662,0.40238305926322937,2.1391649793900272e-15,0.0028744079172611237,-2.5678155844082817e-16,0.08687925338745117,-7.352236883180589e-18,0.7916666865348816,0.0,1.0,0.5,0.0,0.0,14960.37890625,14101.1787109375,14101.1787109375,14960.37890625,-0.04002758264541626,0.0,0.0,0.0,29.337493240833282,3.138219809532166,6.533003114163876,62.187427431344986,30.5,1.5,11.0,10.0,300.0,15.0,7.333333333333333,30.0
1.6041666666666665,x,gym_env,0.7675560712814331,9.959502332275525e-16,0.9996638894081116,0.42041516304016113,2.1891289118497166e-15,0.003978502470999956,-2.484753416018157e-16,0.09945207834243774,-1.0563102212566451e-17,0.8020833134651184,0.0,1.0,0.5,0.0,0.0,14674.8310546875,14360.052734375,14360.052734375,14674.8310546875,-0.03741421699523926,0.0,0.0,0.0,29.337493240833282,3.138219809532166,6.533003114163876,62.187427431344986,30.5,1.5,11.0,10.0,300.0,15.0,7.333333333333333,30.0
1.625,x,gym_env,0.7765642404556274,1.0421578922035243e-15,0.9997515678405762,0.44052428007125854,2.2368543479880498e-15,0.004346433095633984,-2.362052223278899e-16,0.10352648049592972,-1.1543011799060045e-17,0.8125,0.0,1.0,0.5,0.0,0.0,14317.466796875,14649.3828125,14649.3828125,14317.466796875,-0.03424012064933777,0.0,0.0,0.0,30.09180048108101,3.1229711771011353,6.503926180303097,61.10132905840874,30.5,1.5,11.0,10.0,300.0,15.0,7.333333333333333,30.0
1.6458333333333333,x,gym_env,0.7860003113746643,1.0893239689593144e-15,0.999833881855011,0.4612978398799896,2.2816890724356408e-15,0.0036784159019589424,-2.2288594686967124e-16,0.10875634104013443,-1.272959494314185e-17,0.8229166865348816,0.0,1.0,0.5,0.0,0.0,14383.8056640625,14615.056640625,14615.056640625,14383.8056640625,-0.03036569952964783,0.0,0.0,0.0,30.09180048108101,3.1229711771011353,6.503926180303097,61.10132905840874,30.5,1.5,11.0,10.0,300.0,15.0,7.333333333333333,30.0
1.6666666666666665,x,gym_env,0.7958833575248718,1.1373891711886149e-15,0.9999062418937683,0.4833381474018097,2.3236604020050386e-15,0.003311403561383486,-2.0805960127494018e-16,0.11829542368650436,-1.4778551098937752e-17,0.8333333134651184,0.0,1.0,0.5,0.0,0.0,14924.60546875,14065.40625,14065.40625,14924.60546875,-0.028516161441802978,0.0,0.0,0.0,29.070198386907578,3.201749897003174,6.599261488765478,62.16340088844299,30.5,1.5,11.0,10.0,300.0,15.0,7.333333333333333,30.0
1.6875,x,gym_env,0.8062483668327332,1.1862903949368554e-15,0.9999688267707825,0.5071560740470886,2.362675374830282e-15,0.0027775729540735483,-2.0086571074924e-16,0.12109725177288055,-1.5334825097795987e-17,0.84375,0.0,1.0,0.5,0.0,0.0,14882.1494140625,14022.94921875,14022.94921875,14882.1494140625,-0.032799041271209715,0.0,0.0,0.0,29.070198386907578,3.201749897003174,6.599261488765478,62.16340088844299,30.5,1.5,11.0,10.0,300.0,15.0,7.333333333333333,30.0
1.7083333333333333,x,gym_env,0.8171120882034302,1.2359819004248841e-15,1.0000048875808716,0.5308056473731995,2.4000890318687414e-15,0.001053129555657506,-1.9657850642627156e-16,0.11026139557361603,-1.3137323847597813e-17,0.8541666865348816,0.0,1.0,0.5,0.0,0.0,14055.1181640625,14855.04296875,14855.04296875,14055.1181640625,-0.03614596128463745,0.0,0.0,0.0,29.882101953029633,3.2031687736511234,6.534286182373762,61.57462719082832,30.5,1.5,11.0,10.0,300.0,15.0,7.333333333333333,30.0
1.7291666666666665,x,gym_env,0.8284409642219543,1.2864416647960725e-15,1.0000087022781372,0.552101194858551,2.4365847169506138e-15,-0.00035802467027679086,-1.9155574663284137e-16,0.10160413384437561,-1.1410582664532143e-17,0.8645833134651184,0.0,1.0,0.5,0.0,0.0,14507.5009765625,14421.6552734375,14421.6552734375,14507.5009765625,-0.03877195119857788,0.0,0.0,0.0,29.882101953029633,3.2031687736511234,6.534286182373762,61.57462719082832,30.5,1.5,11.0,10.0,300.0,15.0,7.333333333333333,30.0
1.75,x,gym_env,0.8401920199394226,1.3376489357432128e-15,0.9999868273735046,0.5719032883644104,2.47203346930968e-15,-0.0014993558870628476,-1.858233452831795e-16,0.09721079468727112,-1.0549008709289773e-17,0.875,0.0,1.0,0.5,0.0,0.0,14877.26171875,14018.0615234375,14018.0615234375,14877.26171875,-0.04075698852539063,0.0,0.0,0.0,30.475277364253998,3.150051474571228,6.653127744793892,60.663982182741165,30.5,1.5,11.0,10.0,300.0,15.0,7.333333333333333,30.0
1.7708333333333333,x,gym_env,0.8523421883583069,1.3895785140361243e-15,0.9999387860298157,0.5904958844184875,2.5061686853257914e-15,-0.002824415685608983,-1.810315475516639e-16,0.08410841226577759,-8.11449208945433e-18,0.8854166865348816,0.0,1.0,0.5,0.0,0.0,14623.8173828125,14325.224609375,14325.224609375,14623.8173828125,-0.04177882671356201,0.0,0.0,0.0,30.475277364253998,3.150051474571228,6.653127744793892,60.663982182741165,30.5,1.5,11.0,10.0,300.0,15.0,7.333333333333333,30.0
1.7916666666666665,x,gym_env,0.8648452758789062,1.442208588576415e-15,0.9998736381530762,0.6060370802879333,2.539501761140853e-15,-0.0032839011400938034,-1.7590805701195945e-16,0.06273921579122543,-4.255259021301946e-18,0.8958333134651184,0.0,1.0,0.5,0.0,0.0,14057.03125,14916.23046875,14916.23046875,14057.03125,-0.041681337356567386,0.0,0.0,0.0,29.776904702186584,3.1720120429992678,6.439609814435244,61.7737991809845,30.5,1.5,11.0,10.0,300.0,15.0,7.333333333333333,30.0
1.8125,x,gym_env,0.8776188492774963,1.4955207363974822e-15,0.9998090267181396,0.6173343658447266,2.5718061154414744e-15,-0.0029473397880792618,-1.7038427723022834e-16,0.04770106077194214,-1.6153225394941918e-18,0.90625,0.0,1.0,0.5,0.0,0.0,14904.853515625,14045.6533203125,14045.6533203125,14904.853515625,-0.040788578987121585,0.0,0.0,0.0,29.776904702186584,3.1720120429992678,6.439609814435244,61.7737991809845,30.5,1.5,11.0,10.0,300.0,15.0,7.333333333333333,30.0
1.8333333333333333,x,gym_env,0.8905884027481079,1.5494912405768029e-15,0.9997495412826538,0.6256349086761475,2.602985398229905e-15,-0.0027766262646764517,-1.6623364373511486e-16,0.029957739636301994,1.3983605094470456e-18,0.9166666865348816,0.0,1.0,0.5,0.0,0.0,14915.1220703125,14055.9228515625,14055.9228515625,14915.1220703125,-0.03893269300460815,0.0,0.0,0.0,30.859580039978027,3.1978703498840337,6.811332456767559,60.60149785876274,30.5,1.5,11.0,10.0,300.0,15.0,7.333333333333333,30.0
1.8541666666666665,x,gym_env,0.9036831855773926,1.604100831114827e-15,0.9996989965438843,0.6297459602355957,2.6333278124664487e-15,-0.002176716225221753,-1.6212585157828673e-16,-0.0013955120230093598,6.576766639440701e-18,0.9270833134651184,0.0,1.0,0.5,0.0,0.0,14079.513671875,14938.7138671875,14938.7138671875,14079.513671875,-0.035763359069824224,0.0,0.0,0.0,30.859580039978027,3.1978703498840337,6.811332456767559,60.60149785876274,30.5,1.5,11.0,10.0,300.0,15.0,7.333333333333333,30.0
1.875,x,gym_env,0.9167837500572205,1.659332249715254e-15,0.9996702075004578,0.6273189783096313,2.6628079471626874e-15,-0.0008594603859819472,-1.5681937545219575e-16,-0.029934817925095558,1.1163809045208586e-17,0.9375,0.0,1.0,0.5,0.0,0.0,14087.2080078125,14946.408203125,14946.408203125,14087.2080078125,-0.03165612220764161,0.0,0.0,0.0,30.942429423332214,3.313149690628052,6.4745954647660255,60.82282677292824,30.5,1.5,11.0,10.0,300.0,15.0,7.333333333333333,30.0
1.8958333333333333,x,gym_env,0.9297627806663513,1.7151636852796924e-15,0.9996703863143921,0.6195945143699646,2.691148822544869e-15,0.0005705470102839172,-1.5152785475157972e-16,-0.04475003853440285,1.3482194470125259e-17,0.9479166865348816,0.0,1.0,0.5,0.0,0.0,14435.8525390625,14585.447265625,14585.447265625,14435.8525390625,-0.027219295501708984,0.0,0.0,0.0,30.942429423332214,3.313149690628052,6.4745954647660255,60.82282677292824,30.5,1.5,11.0,10.0,300.0,15.0,7.333333333333333,30.0
1.9166666666666665,x,gym_env,0.9425444006919861,1.771570150336198e-15,0.9996945858001709,0.6092350482940674,2.718257900263506e-15,0.0015461278380826116,-1.4674566555005955e-16,-0.05264729633927345,1.4674045100347802e-17,0.9583333134651184,0.0,1.0,0.5,0.0,0.0,14935.376953125,14076.1767578125,14076.1767578125,14935.376953125,-0.022666120529174806,0.0,0.0,0.0,30.588500440120697,3.2651865005493166,6.5374722220003605,60.127763509750366,30.5,1.5,11.0,10.0,300.0,15.0,7.333333333333333,30.0
1.9375,x,gym_env,0.9550889730453491,1.828530045544616e-15,0.9997385144233704,0.5971089005470276,2.7446067659119824e-15,0.002465886529535055,-1.468807143655874e-16,-0.06778498739004135,1.6918470652334884e-17,0.96875,0.0,1.0,0.5,0.0,0.0,14061.1650390625,14920.365234375,14920.365234375,14061.1650390625,-0.01777135133743286,0.0,0.0,0.0,30.588500440120697,3.2651865005493166,6.5374722220003605,60.127763509750366,30.5,1.5,11.0,10.0,300.0,15.0,7.333333333333333,30.0
1.9583333333333333,x,gym_env,0.9673432111740112,1.8860363828831312e-15,0.9997939467430115,0.5818228125572205,2.7707046980498347e-15,0.002757389098405838,-1.4378916322211742e-16,-0.08017170429229736,1.8748395999371645e-17,0.9791666865348816,0.0,1.0,0.5,0.0,0.0,14058.0908203125,14917.291015625,14917.291015625,14058.0908203125,-0.013003516197204591,0.0,0.0,0.0,30.790697991847992,3.138917708396912,6.915700327605009,60.19394785165787,30.5,1.5,11.0,10.0,300.0,15.0,7.333333333333333,30.0
1.9791666666666665,x,gym_env,0.9792501926422119,1.9440778332860745e-15,0.999852180480957,0.5646000504493713,2.796085828556073e-15,0.002814739942550659,-1.4081770546870033e-16,-0.07889042794704437,1.8577558387461068e-17,0.9895833134651184,0.0,1.0,0.5,0.0,0.0,14908.06640625,14048.8662109375,14048.8662109375,14908.06640625,-0.010778748989105226,0.0,0.0,0.0,30.790697991847992,3.138917708396912,6.915700327605009,60.19394785165787,30.5,1.5,11.0,10.0,300.0,15.0,7.333333333333333,30.0
2.0,x,gym_env,0.9908017516136169,2.002640208951579e-15,0.9999085664749146,0.5478015542030334,2.8208609069885508e-15,0.00264215050265193,-1.3787652914314759e-16,-0.08033803850412369,1.8787865749480225e-17,1.0,0.0,1.0,0.0,0.0,0.0,14665.7314453125,14274.7021484375,14274.7021484375,14665.7314453125,-0.10805822610855104,0.00025274750078096986,0.0,0.0,31.075595438480377,3.0261580467224123,7.717235931893811,60.00139504671097,30.5,1.5,11.0,10.0,300.0,15.0,7.333333333333333,30.0
2.020833333333333,x,gym_env,1.0019991397857666,2.0617108043854363e-15,0.9999562501907349,0.5302954316139221,2.845005157633561e-15,0.002029716270044446,-1.3630243752468368e-16,-0.09252969175577164,2.236911608738773e-17,1.0,0.0,1.0,0.0,0.0,0.0,15272.681640625,14413.482421875,14413.482421875,15272.681640625,-0.11461199522018434,-0.001471848227083683,0.0,0.0,31.075595438480377,3.0261580467224123,7.717235931893811,60.00139504671097,30.5,1.5,11.0,10.0,300.0,15.0,7.333333333333333,30.0
2.0416666666666665,x,gym_env,1.0127846002578735,2.121297666400645e-15,1.0001230239868164,0.509136974811554,2.870267491768947e-15,0.011954092420637608,-1.3610215393732744e-16,-0.10645841062068939,1.4832703304919148e-17,1.0,0.0,1.0,0.0,0.0,0.0,14893.578125,14034.3779296875,14034.3779296875,14893.578125,-0.12019250392913819,0.0026501519605517387,0.0,0.0,32.509026408195496,2.854631698131562,7.900868385564536,57.96730476617813,30.5,1.5,11.0,10.0,300.0,15.0,7.333333333333333,30.0
2.0625,x,gym_env,1.0231108665466309,2.181392959942443e-15,1.000356912612915,0.4854081869125366,2.894148526925598e-15,0.010624848306179047,-1.405208204206877e-16,-0.15054406225681305,3.2616287418337517e-17,1.0,0.0,1.0,0.0,0.0,0.0,14140.4423828125,14999.6416015625,14999.6416015625,14140.4423828125,-0.12319327592849733,0.000617974263150245,0.0,0.0,32.509026408195496,2.854631698131562,7.900868385564536,57.96730476617813,30.5,1.5,11.0,10.0,300.0,15.0,7.333333333333333,30.0
2.083333333333333,x,gym_env,1.0328212976455688,2.2419943556702257e-15,1.0005855560302734,0.45185989141464233,2.9186896125063966e-15,0.010994945652782917,-1.4616374068040605e-16,-0.19554948806762695,5.590721192599312e-17,1.0,0.0,1.0,0.0,0.0,0.0,14242.7138671875,15101.9140625,15101.9140625,14242.7138671875,-0.12356160283088685,-0.0008966012974269688,0.0,0.0,31.539170920848846,2.998858392238617,7.634490456432104,58.87658375501633,30.5,1.5,11.0,10.0,300.0,15.0,7.333333333333333,30.0
2.1041666666666665,x,gym_env,1.0417118072509766,2.3031135002870174e-15,1.000838279724121,0.4092489778995514,2.943833362029167e-15,0.01271716970950365,-1.5481639399484554e-16,-0.2211102694272995,6.908838792658482e-17,1.0,0.0,1.0,0.0,0.0,0.0,14510.54296875,14927.296875,14927.296875,14510.54296875,-0.12194235324859619,0.001855800044722855,0.0,0.0,31.539170920848846,2.998858392238617,7.634490456432104,58.87658375501633,30.5,1.5,11.0,10.0,300.0,15.0,7.333333333333333,30.0
2.125,x,gym_env,1.0496519804000854,2.3647675462100002e-15,1.001126766204834,0.3614518642425537,2.969736264830914e-15,0.014430777169764042,-1.5989140513320948e-16,-0.24856781959533691,9.892874985342298e-17,1.0,0.0,1.0,0.0,0.0,0.0,14270.5703125,15129.7705078125,15129.7705078125,14270.5703125,-0.11823170185089112,-0.0009436065447516739,0.0,0.0,31.64084666967392,3.080594849586487,7.369327250868082,59.26810264587402,30.5,1.5,11.0,10.0,300.0,15.0,7.333333333333333,30.0
2.145833333333333,x,gym_env,1.0565247535705566,2.426953317065622e-15,1.001430630683899,0.30853474140167236,2.9950045281969305e-15,0.014575205743312836,-1.654496882726514e-16,-0.2591232359409332,1.1777641083502344e-16,1.0,0.0,1.0,0.0,0.0,0.0,14947.8271484375,14323.05078125,14323.05078125,14947.8271484375,-0.11316275596618652,-0.0008373786113224924,0.0,0.0,31.64084666967392,3.080594849586487,7.369327250868082,59.26810264587402,30.5,1.5,11.0,10.0,300.0,15.0,7.333333333333333,30.0
2.1666666666666665,x,gym_env,1.0622763633728027,2.4896629777991204e-15,1.0017073154449463,0.25443196296691895,3.0201518776097266e-15,0.012388812378048897,-1.6922325975733872e-16,-0.2649475038051605,1.282195859208401e-16,1.0,0.0,1.0,0.0,0.0,0.0,14713.75,14458.8720703125,14458.8720703125,14713.75,-0.1067747414112091,-0.00013034624862484634,0.0,0.0,32.03742116689682,3.102788591384888,7.324961066246033,59.593963742256165,30.5,1.5,11.0,10.0,300.0,15.0,7.333333333333333,30.0
2.1875,x,gym_env,1.0668925046920776,2.5528956813775485e-15,1.0019161701202393,0.19941118359565735,3.045167301640988e-15,0.008377394638955593,-1.7142353371695017e-16,-0.2764125168323517,1.3846920074331938e-16,1.0,0.0,1.0,0.0,0.0,0.0,14137.75,14996.9501953125,14996.9501953125,14137.75,-0.09881590604782105,7.236131932586432e-05,0.0,0.0,32.03742116689682,3.102788591384888,7.324961066246033,59.593963742256165,30.5,1.5,11.0,10.0,300.0,15.0,7.333333333333333,30.0
2.208333333333333,x,gym_env,1.0703372955322266,2.6166440162626176e-15,1.002029299736023,0.1423930525779724,3.069651424256084e-15,0.003396296640858054,-1.7038815505294e-16,-0.2817055284976959,1.4834309027924236e-16,1.0,0.0,1.0,0.0,0.0,0.0,14173.982421875,15033.1826171875,15033.1826171875,14173.982421875,-0.08955010175704955,-0.0015265283873304725,0.0,0.0,31.139987587928772,3.291252136230469,6.382236145436764,60.864893198013306,30.5,1.5,11.0,10.0,300.0,15.0,7.333333333333333,30.0
2.2291666666666665,x,gym_env,1.0725785493850708,2.680897394542487e-15,1.0020489692687988,0.0848577618598938,3.0939451762162845e-15,-0.000603641732595861,-1.7161521462593586e-16,-0.26376721262931824,1.3894727143270563e-16,1.0,0.0,1.0,0.0,0.0,0.0,14992.5244140625,14133.32421875,14133.32421875,14992.5244140625,-0.080011984705925,-0.0010649095056578517,0.0,0.0,31.139987587928772,3.291252136230469,6.382236145436764,60.864893198013306,30.5,1.5,11.0,10.0,300.0,15.0,7.333333333333333,30.0
2.25,x,gym_env,1.0736722946166992,2.745672756876102e-15,1.0019837617874146,0.031698450446128845,3.119662155286109e-15,-0.0046342769637703896,-1.7314095919195727e-16,-0.2419804185628891,1.181034979015616e-16,1.0,0.0,1.0,0.0,0.0,0.0,14939.7373046875,14080.537109375,14080.537109375,14939.7373046875,-0.07711569219827652,-0.0009515155106782913,0.0,0.0,31.14959418773651,3.1821605205535892,6.799817074090242,60.41122251749039,30.5,1.5,11.0,10.0,300.0,15.0,7.333333333333333,30.0
2.270833333333333,x,gym_env,1.0737171173095703,2.8110073727131415e-15,1.0018302202224731,-0.016992874443531036,3.147330486508171e-15,-0.009085248224437237,-1.7791846324248793e-16,-0.2280111014842987,8.883987276757502e-17,1.0,0.0,1.0,0.0,0.0,0.0,14068.7080078125,14927.908203125,14927.908203125,14068.7080078125,-0.08534182012081146,-5.417314969236031e-05,0.0,0.0,31.14959418773651,3.1821605205535892,6.799817074090242,60.41122251749039,30.5,1.5,11.0,10.0,300.0,15.0,7.333333333333333,30.0
2.2916666666666665,x,gym_env,1.0727863311767578,2.876949946448073e-15,1.0015881061553955,-0.06277744472026825,3.1775401283302323e-15,-0.013231554068624973,-1.849891237092524e-16,-0.2109941691160202,5.84636764748148e-17,1.0,0.0,1.0,0.0,0.0,0.0,14074.4541015625,14933.654296875,14933.654296875,14074.4541015625,-0.09191630482673645,0.0017020649975165725,0.0,0.0,32.11286300420761,3.1706011295318604,6.686483841389418,59.103217363357544,30.5,1.5,11.0,10.0,300.0,15.0,7.333333333333333,30.0
2.3125,x,gym_env,1.070948839187622,2.943557229288362e-15,1.0012708902359009,-0.1048373281955719,3.2105365085487603e-15,-0.01645827107131481,-1.9187840001129626e-16,-0.19090521335601807,4.5873243089206424e-17,1.0,0.0,1.0,0.0,0.0,0.0,14086.9130859375,14946.1123046875,14946.1123046875,14086.9130859375,-0.09676774740219116,-0.0005428118165582418,0.0,0.0,32.11286300420761,3.1706011295318604,6.686483841389418,59.103217363357544,30.5,1.5,11.0,10.0,300.0,15.0,7.333333333333333,30.0
2.333333333333333,x,gym_env,1.068283200263977,3.01087898441966e-15,1.0009019374847412,-0.14242273569107056,3.245646235970688e-15,-0.01837978884577751,-1.9670339084643237e-16,-0.153819277882576,2.3925365420038872e-17,1.0,0.0,1.0,0.0,0.0,0.0,14980.0322265625,14120.83203125,14120.83203125,14980.0322265625,-0.09943830072879792,0.000823476817458868,0.0,0.0,31.1538165807724,3.2999328613281254,6.352579832077026,59.98647689819336,30.5,1.5,11.0,10.0,300.0,15.0,7.333333333333333,30.0
2.3541666666666665,x,gym_env,1.0649287700653076,3.0789571399728564e-15,1.0005205869674683,-0.17254765331745148,3.2826916454353284e-15,-0.01811940409243107,-2.0162164794999506e-16,-0.12468306720256805,1.2820789951314596e-17,1.0,0.0,1.0,0.0,0.0,0.0,14301.7177734375,14808.697265625,14808.697265625,14301.7177734375,-0.10035560429096221,-0.0018480223370715976,0.0,0.0,31.1538165807724,3.2999328613281254,6.352579832077026,59.98647689819336,30.5,1.5,11.0,10.0,300.0,15.0,7.333333333333333,30.0
2.375,x,gym_env,1.0610178709030151,3.1478257890240778e-15,1.0001556873321533,-0.1966886669397354,3.3212983483799953e-15,-0.016995597630739212,-2.0927534501715632e-16,-0.08477944880723953,-2.1843269100181646e-17,1.0,0.0,1.0,0.0,0.0,0.0,15009.4384765625,14150.2392578125,14150.2392578125,15009.4384765625,-0.09913502931594849,-0.0023278670851141214,0.0,0.0,31.182966828346252,3.211486053466797,6.825874052941799,60.42475378513336,30.5,1.5,11.0,10.0,300.0,15.0,7.333333333333333,30.0
2.395833333333333,x,gym_env,1.0567065477371216,3.217528342011871e-15,0.9998349547386169,-0.21214240789413452,3.3623707642341195e-15,-0.014229249209165573,-2.240337029829804e-16,-0.035569433122873306,-8.597758962012512e-17,1.0,0.0,1.0,0.0,0.0,0.0,15045.5419921875,14186.341796875,14186.341796875,15045.5419921875,-0.09577365219593048,0.0006271394086070359,0.0,0.0,31.182966828346252,3.211486053466797,6.825874052941799,60.42475378513336,30.5,1.5,11.0,10.0,300.0,15.0,7.333333333333333,30.0
2.4166666666666665,x,gym_env,1.0522037744522095,3.2881302322314114e-15,0.999591588973999,-0.21784938871860504,3.407112738573986e-15,-0.009950223378837109,-2.453495782682105e-16,-0.004120165016502142,-1.3913993172353658e-16,1.0,0.0,1.0,0.0,0.0,0.0,14901.171875,14320.091796875,14320.091796875,14901.171875,-0.09118181467056274,0.00026394447195343673,0.0,0.0,31.43549019098282,3.3311682224273684,6.638897508382797,59.93033158779144,30.5,1.5,11.0,10.0,300.0,15.0,7.333333333333333,30.0
2.4375,x,gym_env,1.0476610660552979,3.3597106572632674e-15,0.9994358420372009,-0.21760374307632446,3.4554319448083445e-15,-0.005830422509461641,-2.6256867282492677e-16,0.014542822726070881,-1.863849281272091e-16,1.0,0.0,1.0,0.0,0.0,0.0,14158.76953125,15017.96875,15017.96875,14158.76953125,-0.08580992817878724,-0.002042095409706235,0.0,0.0,31.43549019098282,3.3311682224273684,6.638897508382797,59.93033158779144,30.5,1.5,11.0,10.0,300.0,15.0,7.333333333333333,30.0
2.458333333333333,x,gym_env,1.0431699752807617,3.4323312387543516e-15,0.9993586540222168,-0.21319976449012756,3.506313425708147e-15,-0.002302871784195304,-2.8275865603479867e-16,0.050341226160526276,-2.639186845241725e-16,1.0,0.0,1.0,0.0,0.0,0.0,15023.048828125,14163.8486328125,14163.8486328125,15023.048828125,-0.07911257445812225,0.0011282921768724918,0.0,0.0,31.31548833847046,3.05771644115448,6.858076084405184,59.69660836458206,30.5,1.5,11.0,10.0,300.0,15.0,7.333333333333333,30.0
2.4791666666666665,x,gym_env,1.0388686656951904,3.506037504725579e-15,0.9993537068367004,-0.20121954381465912,3.559208303923573e-15,0.0010896555613726377,-3.052389898642666e-16,0.07631885260343552,-3.2500633010323823e-16,1.0,0.0,1.0,0.0,0.0,0.0,15010.087890625,14150.8876953125,14150.8876953125,15010.087890625,-0.07183046340942384,0.001091024256311357,0.0,0.0,31.31548833847046,3.05771644115448,6.858076084405184,59.69660836458206,30.5,1.5,11.0,10.0,300.0,15.0,7.333333333333333,30.0
2.5,x,gym_env,1.0348800420761108,3.5808741361649174e-15,0.9994108080863953,-0.18475210666656494,3.614606799772846e-15,0.003815337549895048,-3.303095504464382e-16,0.08175551146268845,-3.661237710524649e-16,1.0,0.0,1.0,0.0,0.0,0.0,14119.8134765625,14979.013671875,14979.013671875,14119.8134765625,-0.06477216482162476,0.0009764394490048289,0.0,0.0,31.015032947063446,3.216769552230835,6.741191003471613,59.86775714159012,30.5,1.5,11.0,10.0,300.0,15.0,7.333333333333333,30.0
2.520833333333333,x,gym_env,1.0312466621398926,3.6569139779058304e-15,0.9995125532150269,-0.1676275134086609,3.674073594867782e-15,0.005598841700702906,-3.543213198445419e-16,0.0838707983493805,-3.9344553345020163e-16,1.0,0.0,1.0,0.0,0.0,0.0,14089.080078125,14948.2802734375,14948.2802734375,14089.080078125,-0.05791629552841186,6.169072730699554e-05,0.0,0.0,31.015032947063446,3.216769552230835,6.741191003471613,59.86775714159012,30.5,1.5,11.0,10.0,300.0,15.0,7.333333333333333,30.0
2.5416666666666665,x,gym_env,1.0279747247695923,3.734241733243044e-15,0.9996398687362671,-0.1497078537940979,3.737309686577999e-15,0.006425243802368641,-3.7975337820673387e-16,0.0992930606007576,-4.2484996818392446e-16,1.0,0.0,1.0,0.0,0.0,0.0,14403.4375,14613.8466796875,14613.8466796875,14403.4375,-0.050841549038887025,0.002037936123088002,0.0,0.0,31.248770594596863,3.1984475135803225,6.377391763031483,60.15919655561447,30.5,1.5,11.0,10.0,300.0,15.0,7.333333333333333,30.0
2.5625,x,gym_env,1.0251179933547974,3.812928129427653e-15,0.9997753500938416,-0.1286177784204483,3.803888593814555e-15,0.006524960044771433,-4.0389868764292814e-16,0.10954774171113968,-4.2688896177642277e-16,1.0,0.0,1.0,0.0,0.0,0.0,14154.3349609375,14846.400390625,14846.400390625,14154.3349609375,-0.04371860474348069,-0.0028900178149342537,0.0,0.0,31.248770594596863,3.1984475135803225,6.377391763031483,60.15919655561447,30.5,1.5,11.0,10.0,300.0,15.0,7.333333333333333,30.0
2.583333333333333,x,gym_env,1.022720217704773,3.8930472818425425e-15,0.9999074935913086,-0.10499193519353867,3.87388739657565e-15,0.006127156317234039,-4.3268711405861527e-16,0.1456260085105896,-4.800826043942132e-16,1.0,0.0,1.0,0.0,0.0,0.0,14926.1826171875,14066.982421875,14066.982421875,14926.1826171875,-0.03566246777772904,0.0002105700405081734,0.0,0.0,32.03509032726288,3.345603942871094,6.444859590381384,59.84919863939285,30.5,1.5,11.0,10.0,300.0,15.0,7.333333333333333,30.0
2.6041666666666665,x,gym_env,1.0209118127822876,3.974641118618602e-15,1.0000193119049072,-0.07375327497720718,3.9450267292002236e-15,0.00471258070319891,-4.623794569779207e-16,0.1765211671590805,-5.291591639625354e-16,1.0,0.0,1.0,0.0,0.0,0.0,14910.529296875,14051.3291015625,14051.3291015625,14910.529296875,-0.02725241184234619,0.0011224334593862295,0.0,0.0,32.03509032726288,3.345603942871094,6.444859590381384,59.84919863939285,30.5,1.5,11.0,10.0,300.0,15.0,7.333333333333333,30.0
2.625,x,gym_env,1.0198293924331665,4.057734203711302e-15,1.0000841617584229,-0.03711509704589844,4.0178304815661516e-15,0.0019755284301936626,-4.895874257931497e-16,0.18675702810287476,-5.531336374411803e-16,1.0,0.0,1.0,0.0,0.0,0.0,14897.7880859375,14038.587890625,14038.587890625,14897.7880859375,-0.019726594188250603,-0.0011916047660633922,0.0,0.0,30.90606701374054,3.2088919639587403,6.740151781588793,60.54047927260399,30.5,1.5,11.0,10.0,300.0,15.0,7.333333333333333,30.0
2.645833333333333,x,gym_env,1.019528865814209,4.142386252943423e-15,1.0000827312469482,0.0009886418702080846,4.094122739125346e-15,-0.0014676508726552129,-5.175683121727483e-16,0.19072824716567993,-5.917022239032208e-16,1.0,0.0,1.0,0.0,0.0,0.0,14874.921875,14015.72265625,14015.72265625,14874.921875,-0.027868472039699554,0.0008834246546030045,0.0,0.0,30.90606701374054,3.2088919639587403,6.740151781588793,60.54047927260399,30.5,1.5,11.0,10.0,300.0,15.0,7.333333333333333,30.0
2.6666666666666665,x,gym_env,1.0200313329696655,4.228674346313166e-15,1.0000007152557373,0.039185695350170135,4.174281702088757e-15,-0.005527602043002844,-5.39455537650681e-16,0.17560003697872162,-6.069100122569021e-16,1.0,0.0,1.0,0.0,0.0,0.0,14880.68359375,14021.484375,14021.484375,14880.68359375,-0.035954681038856504,0.002668357454240322,0.0,0.0,31.18768161535263,3.2345324516296388,6.434116974473,60.194076359272,30.5,1.5,11.0,10.0,300.0,15.0,7.333333333333333,30.0
2.6875,x,gym_env,1.02129065990448,4.316708598103673e-15,0.9998443722724915,0.07332010567188263,4.2611063908305855e-15,-0.008659332059323788,-5.569566677090534e-16,0.13036473095417023,-5.648172393386917e-16,1.0,0.0,1.0,0.0,0.0,0.0,14064.544921875,14923.7451171875,14923.7451171875,14064.544921875,-0.04281882345676422,-0.0021862280555069447,0.0,0.0,31.18768161535263,3.2345324516296388,6.434116974473,60.194076359272,30.5,1.5,11.0,10.0,300.0,15.0,7.333333333333333,30.0
2.708333333333333,x,gym_env,1.023140788078308,4.406678320178657e-15,0.9996538162231445,0.09839017689228058,4.357979854942165e-15,-0.009344927966594696,-5.790072117271285e-16,0.10153532028198242,-5.649664230165268e-16,1.0,0.0,1.0,0.0,0.0,0.0,14371.384765625,14631.4716796875,14631.4716796875,14371.384765625,-0.04902167618274689,0.0022070968989282846,0.0,0.0,31.219721972942352,3.286413955688477,6.586279038339853,59.94202244281769,30.5,1.5,11.0,10.0,300.0,15.0,7.333333333333333,30.0
2.7291666666666665,x,gym_env,1.025448203086853,4.498763930555882e-15,0.9994586706161499,0.1178673654794693,4.462529131621764e-15,-0.009300347417593002,-5.930264540371345e-16,0.06703731417655945,-5.269867891506241e-16,1.0,0.0,1.0,0.0,0.0,0.0,14101.517578125,14960.716796875,14960.716796875,14101.517578125,-0.05412046015262604,0.0012764703715220094,0.0,0.0,31.219721972942352,3.286413955688477,6.586279038339853,59.94202244281769,30.5,1.5,11.0,10.0,300.0,15.0,7.333333333333333,30.0
2.75,x,gym_env,1.0280721187591553,4.593123400880011e-15,0.9992839694023132,0.13024170696735382,4.574571685269247e-15,-0.007716197520494461,-6.044185177821128e-16,0.034579772502183914,-4.698521404572758e-16,1.0,0.0,1.0,0.0,0.0,0.0,14121.2470703125,14980.4462890625,14980.4462890625,14121.2470703125,-0.05822875499725342,-0.0028347414918243885,0.0,0.0,30.011438310146332,3.2086618900299073,6.5059468895196915,60.65164628624916,30.5,1.5,11.0,10.0,300.0,15.0,7.333333333333333,30.0
2.770833333333333,x,gym_env,1.0308669805526733,4.689895644554394e-15,0.9991530776023865,0.1368088722229004,4.692745063388957e-15,-0.00532103655859828,-6.277760865773605e-16,0.033435869961977005,-4.769319065282232e-16,1.0,0.0,1.0,0.0,0.0,0.0,14947.56640625,14088.3662109375,14088.3662109375,14947.56640625,-0.06254942417144775,-0.0016109667485579848,0.0,0.0,30.011438310146332,3.2086618900299073,6.5059468895196915,60.65164628624916,30.5,1.5,11.0,10.0,300.0,15.0,7.333333333333333,30.0
2.7916666666666665,x,gym_env,1.0337990522384644,4.789182305532701e-15,0.9990605115890503,0.143751859664917,4.815037562731165e-15,-0.0038670541252940893,-6.550114251446977e-16,0.03954252228140831,-5.148603478403763e-16,1.0,0.0,1.0,0.0,0.0,0.0,14913.8935546875,14054.6943359375,14054.6943359375,14913.8935546875,-0.06725814342498779,-0.0022231116890907288,0.0,0.0,31.43548822402954,3.373590707778931,6.250020585954189,60.2692249417305,30.5,1.5,11.0,10.0,300.0,15.0,7.333333333333333,30.0
2.8125,x,gym_env,1.0368895530700684,4.891066393043764e-15,0.9989857077598572,0.15184295177459717,4.941364480001145e-15,-0.0034156162291765213,-6.884087695846323e-16,0.04574566334486008,-5.899924349596288e-16,1.0,0.0,1.0,0.0,0.0,0.0,14889.5693359375,14030.369140625,14030.369140625,14889.5693359375,-0.07239665985107421,-0.002203919691964984,0.0,0.0,31.43548822402954,3.373590707778931,6.250020585954189,60.2692249417305,30.5,1.5,11.0,10.0,300.0,15.0,7.333333333333333,30.0
2.833333333333333,x,gym_env,1.0401641130447388,4.995644468843569e-15,0.9989110231399536,0.16116273403167725,5.072848133854009e-15,-0.0037072577979415655,-7.31673147887573e-16,0.05195176228880882,-7.026379172468797e-16,1.0,0.0,1.0,0.0,0.0,0.0,14867.5712890625,14008.37109375,14008.37109375,14867.5712890625,-0.07785251140594482,0.002587076975032687,0.0,0.0,30.25368270277977,3.2361709594726564,6.739478759467602,61.6570118367672,30.5,1.5,11.0,10.0,300.0,15.0,7.333333333333333,30.0
2.8541666666666665,x,gym_env,1.0436533689498901,5.103043587874204e-15,0.9988222122192383,0.17099571228027344,5.211184707766634e-15,-0.004610604140907526,-7.658675503308739e-16,0.028525974601507187,-7.487662198236056e-16,1.0,0.0,1.0,0.0,0.0,0.0,14929.97265625,14070.7724609375,14070.7724609375,14929.97265625,-0.08236469328403473,-0.0010170575696974993,0.0,0.0,30.25368270277977,3.2361709594726564,6.739478759467602,61.6570118367672,30.5,1.5,11.0,10.0,300.0,15.0,7.333333333333333,30.0
2.875,x,gym_env,1.0472794771194458,5.213466614526537e-15,0.9987387657165527,0.17542608082294464,5.3612967337119885e-15,-0.0035854980815201998,-8.059707487351024e-16,-0.002197168068960309,-8.058872101106794e-16,1.0,0.0,1.0,0.0,0.0,0.0,14994.71484375,14135.5146484375,14135.5146484375,14994.71484375,-0.0855690747499466,-0.0011907642474398017,0.0,0.0,31.062466025352478,3.1280511617660522,7.003753338009119,59.95534634590149,30.5,1.5,11.0,10.0,300.0,15.0,7.333333333333333,30.0
2.895833333333333,x,gym_env,1.050917387008667,5.327198575387319e-15,0.9987004399299622,0.173258438706398,5.5263847256812725e-15,-0.0006830361671745777,-8.50859259774844e-16,-0.0391804501414299,-8.77383461243402e-16,1.0,0.0,1.0,0.0,0.0,0.0,15050.9033203125,14191.703125,14191.703125,15050.9033203125,-0.08694289922714234,0.0018471265211701393,0.0,0.0,31.062466025352478,3.1280511617660522,7.003753338009119,59.95534634590149,30.5,1.5,11.0,10.0,300.0,15.0,7.333333333333333,30.0
2.9166666666666665,x,gym_env,1.0544158220291138,5.444588448030819e-15,0.9987398982048035,0.16263538599014282,5.7092972554761024e-15,0.0035304976627230644,-8.842869915217614e-16,-0.1012318879365921,-8.927497506373383e-16,1.0,0.0,1.0,0.0,0.0,0.0,14277.759765625,15136.9599609375,15136.9599609375,14277.759765625,-0.08530012667179107,-0.0021041298750787973,0.0,0.0,31.281900644302368,3.0949390411376956,7.064505651593208,59.916137754917145,30.5,1.5,11.0,10.0,300.0,15.0,7.333333333333333,30.0
2.9375,x,gym_env,1.0575228929519653,5.566052125634139e-15,0.9988862872123718,0.13888616859912872,5.9135414630145846e-15,0.009192927740514278,-9.25576088991705e-16,-0.147263303399086,-9.579296770823855e-16,1.0,0.0,1.0,0.0,0.0,0.0,14285.1943359375,15144.39453125,15144.39453125,14285.1943359375,-0.0813384160399437,-0.0018908141646534204,0.0,0.0,31.281900644302368,3.0949390411376956,7.064505651593208,59.916137754917145,30.5,1.5,11.0,10.0,300.0,15.0,7.333333333333333,30.0
2.958333333333333,x,gym_env,1.060019612312317,5.692015242253273e-15,0.9991387128829956,0.106594018638134,6.13726912240581e-15,0.013949976302683353,-9.757187454032651e-16,-0.1676294356584549,-1.0796167596255433e-15,1.0,0.0,1.0,0.0,0.0,0.0,15087.9501953125,14228.75,14228.75,15087.9501953125,-0.07597902864217758,-0.00156678247731179,0.0,0.0,31.71384423971176,3.1929281711578374,6.887496218085289,59.98141795396805,30.5,1.5,11.0,10.0,300.0,15.0,7.333333333333333,30.0
2.9791666666666665,x,gym_env,1.0617960691452026,5.822853880516803e-15,0.9994619488716125,0.07091479748487473,6.378275406888076e-15,0.01650947891175747,-1.0378503061502626e-15,-0.18100854754447937,-1.2356353580703387e-15,1.0,0.0,1.0,0.0,0.0,0.0,15024.318359375,14165.1181640625,14165.1181640625,15024.318359375,-0.06933009251952171,-0.0014666543575003743,0.0,0.0,31.71384423971176,3.1929281711578374,6.887496218085289,59.98141795396805,30.5,1.5,11.0,10.0,300.0,15.0,7.333333333333333,30.0
3.0,x,gym_env,1.0627987384796143,5.95896402832757e-15,0.999809980392456,0.03265677019953728,6.640143689344742e-15,0.01675381511449814,-1.1173081375915835e-15,-0.1990591436624527,-1.412589116960353e-15,1.0,0.0,1.0,-0.6000000238418579,0.0,0.0,14097.99609375,14957.1962890625,14957.1962890625,14097.99609375,-0.18120189905166628,0.0,0.0,0.0,32.29575687646866,3.073758172988892,7.727967905928381,59.23791128396988,30.5,1.5,11.0,10.0,300.0,15.0,7.333333333333333,30.0
3.020833333333333,x,gym_env,1.0629669427871704,6.10084839973977e-15,1.0001306533813477,-0.008825254626572132,6.9278142894406685e-15,0.01437380351126194,-1.1924379483097903e-15,-0.2143649011850357,-1.5918451114010045e-15,0.987500011920929,0.0,1.0,-0.6000000238418579,0.0,0.0,15904.3349609375,15045.134765625,15045.134765625,15904.3349609375,-0.18281114101409912,0.0,0.0,0.0,32.29575687646866,3.073758172988892,7.727967905928381,59.23791128396988,30.5,1.5,11.0,10.0,300.0,15.0,7.333333333333333,30.0
3.0416666666666665,x,gym_env,1.0621583461761475,6.249602208354202e-15,1.0007318258285522,-0.05923597514629364,7.285779306796282e-15,0.038412515074014664,-1.26185695701849e-15,-0.23292486369609833,-1.7660482366739288e-15,0.9750000238418579,0.0,1.0,-0.6000000238418579,0.0,0.0,14922.3115234375,14063.111328125,14063.111328125,14922.3115234375,-0.18379224538803102,0.0,0.0,0.0,33.307341277599335,2.941100239753723,7.883105457760394,58.82781970500946,30.5,1.5,11.0,10.0,300.0,15.0,7.333333333333333,30.0
3.0625,x,gym_env,1.0603281259536743,6.405613395260709e-15,1.0014718770980835,-0.10767931491136551,7.627983158585861e-15,0.03341614827513695,-1.3321966905408553e-15,-0.26547279953956604,-1.92110481744888e-15,0.9624999761581421,0.0,1.0,-0.6000000238418579,0.0,0.0,14373.7353515625,14895.8193359375,14895.8193359375,14373.7353515625,-0.18214142322540283,0.0,0.0,0.0,33.307341277599335,2.941100239753723,7.883105457760394,58.82781970500946,30.5,1.5,11.0,10.0,300.0,15.0,7.333333333333333,30.0
3.083333333333333,x,gym_env,1.0573954582214355,6.569265242867923e-15,1.0021344423294067,-0.16377033293247223,8.011586592705441e-15,0.030459467321634293,-1.3985729451447809e-15,-0.29837924242019653,-2.074488931669478e-15,0.949999988079071,0.0,1.0,-0.6000000238418579,0.0,0.0,14304.427734375,15163.626953125,15163.626953125,14304.427734375,-0.17783417701721194,0.0,0.0,0.0,32.45905268192291,2.8860374152660375,8.140168322250247,59.329555571079254,30.5,1.5,11.0,10.0,300.0,15.0,7.333333333333333,30.0
3.1041666666666665,x,gym_env,1.0532034635543823,6.7414204542326234e-15,1.0027471780776978,-0.22684650123119354,8.43583490279902e-15,0.02850513532757759,-1.4586722620930784e-15,-0.3195408880710602,-2.2440280817765832e-15,0.9375,0.0,1.0,-0.6000000238418579,0.0,0.0,15214.3134765625,14355.11328125,14355.11328125,15214.3134765625,-0.17124636769294738,0.0,0.0,0.0,32.45905268192291,2.8860374152660375,8.140168322250247,59.329555571079254,30.5,1.5,11.0,10.0,300.0,15.0,7.333333333333333,30.0
3.125,x,gym_env,1.0476388931274414,6.922857029116863e-15,1.0033193826675415,-0.294462651014328,8.895409568990785e-15,0.02659040503203869,-1.522586509556691e-15,-0.34347599744796753,-2.408530350462841e-15,0.925000011920929,0.0,1.0,-0.6000000238418579,0.0,0.0,14534.794921875,15095.3896484375,15095.3896484375,14534.794921875,-0.1621510863304138,0.0,0.0,0.0,32.58550351858139,3.197317671775818,7.364415746182203,58.78348124027252,30.5,1.5,11.0,10.0,300.0,15.0,7.333333333333333,30.0
3.145833333333333,x,gym_env,1.0406030416488647,7.114332214975486e-15,1.0038398504257202,-0.3672597408294678,9.392739034740517e-15,0.02365054190158844,-1.583657585053726e-15,-0.36747023463249207,-2.572615243664339e-15,0.9125000238418579,0.0,1.0,-0.6000000238418579,0.0,0.0,14297.5126953125,15156.7119140625,15156.7119140625,14297.5126953125,-0.1508171796798706,0.0,0.0,0.0,32.58550351858139,3.197317671775818,7.364415746182203,58.78348124027252,30.5,1.5,11.0,10.0,300.0,15.0,7.333333333333333,30.0
3.1666666666666665,x,gym_env,1.032004714012146,7.316539308275822e-15,1.004249095916748,-0.4434375762939453,9.918960794321093e-15,0.016810333356261253,-1.6327293800617198e-15,-0.3794567584991455,-2.756668303322647e-15,0.8999999761581421,0.0,1.0,-0.6000000238418579,0.0,0.0,14275.7109375,15134.91015625,15134.91015625,14275.7109375,-0.1375808000564575,0.0,0.0,0.0,31.784296572208405,3.232998371124268,6.91839100793004,59.84537220001221,30.5,1.5,11.0,10.0,300.0,15.0,7.333333333333333,30.0
3.1875,x,gym_env,1.021796464920044,7.530052597356108e-15,1.00449800491333,-0.5210784673690796,1.047166927416231e-14,0.00868451688438654,-1.6715202067932962e-15,-0.3775637447834015,-2.9647499936286646e-15,0.887499988079071,0.0,1.0,-0.6000000238418579,0.0,0.0,14101.876953125,14961.0771484375,14961.0771484375,14101.876953125,-0.12332966327667236,0.0,0.0,0.0,31.784296572208405,3.232998371124268,6.91839100793004,59.84537220001221,30.5,1.5,11.0,10.0,300.0,15.0,7.333333333333333,30.0
3.208333333333333,x,gym_env,1.0100018978118896,7.755177014077356e-15,1.0045229196548462,-0.5958612561225891,1.1030918542422226e-14,-0.003681000554934144,-1.7023441592603538e-15,-0.3619154095649719,-3.1966091693135315e-15,0.875,0.0,1.0,-0.6000000238418579,0.0,0.0,14864.275390625,14327.26953125,14327.26953125,14864.275390625,-0.13526477813720703,0.0,0.0,0.0,31.377293944358826,3.2084829330444338,6.7944017611444,60.627465575933456,30.5,1.5,11.0,10.0,300.0,15.0,7.333333333333333,30.0
3.2291666666666665,x,gym_env,0.9966812133789062,7.99217344458732e-15,1.004325032234192,-0.6679178476333618,1.1607238065668157e-14,-0.013198734261095524,-1.7383002843548252e-15,-0.3459746837615967,-3.427623641391749e-15,0.862500011920929,0.0,1.0,-0.6000000238418579,0.0,0.0,14055.810546875,14915.0107421875,14915.0107421875,14055.810546875,-0.14655376672744752,0.0,0.0,0.0,31.377293944358826,3.2084829330444338,6.7944017611444,60.627465575933456,30.5,1.5,11.0,10.0,300.0,15.0,7.333333333333333,30.0
3.25,x,gym_env,0.9819134473800659,8.241220612837871e-15,1.0039080381393433,-0.7357016801834106,1.2187195595422546e-14,-0.024405013769865036,-1.781511034884293e-15,-0.32530444860458374,-3.666449027793072e-15,0.8499999642372131,0.0,1.0,-0.6000000238418579,0.0,0.0,13936.8466796875,14796.046875,14796.046875,13936.8466796875,-0.1553545594215393,0.0,0.0,0.0,32.311122715473175,3.142115640640259,7.499889982864261,58.12240010499954,30.5,1.5,11.0,10.0,300.0,15.0,7.333333333333333,30.0
3.270833333333333,x,gym_env,0.9658006429672241,8.50233376542206e-15,1.003236174583435,-0.7977694272994995,1.2764543416666444e-14,-0.03722119703888893,-1.8253409664982035e-15,-0.2910960018634796,-3.929052958364428e-15,0.8374999761581421,0.0,1.0,-0.6000000238418579,0.0,0.0,14156.2890625,15015.4892578125,15015.4892578125,14156.2890625,-0.1618239998817444,0.0,0.0,0.0,32.311122715473175,3.142115640640259,7.499889982864261,58.12240010499954,30.5,1.5,11.0,10.0,300.0,15.0,7.333333333333333,30.0
3.2916666666666665,x,gym_env,0.948458731174469,8.775671297501023e-15,1.0023982524871826,-0.8543262481689453,1.3355755473191e-14,-0.04187623783946037,-1.8657363912692347e-15,-0.2433171272277832,-4.215230662890819e-15,0.824999988079071,0.0,1.0,-0.6000000238418579,0.0,0.0,15044.83984375,14185.640625,14185.640625,15044.83984375,-0.16530885696411132,0.0,0.0,0.0,31.496422469615936,2.970201790332794,7.456227232702076,58.8093701004982,30.5,1.5,11.0,10.0,300.0,15.0,7.333333333333333,30.0
3.3125,x,gym_env,0.9300568103790283,9.061148505780034e-15,1.001505970954895,-0.9012601971626282,1.3931551530075529e-14,-0.043157145380973816,-1.915691429882978e-15,-0.1984412670135498,-4.493847327813544e-15,0.8125,0.0,1.0,-0.6000000238418579,0.0,0.0,14199.1943359375,15058.39453125,15058.39453125,14199.1943359375,-0.16611953973770144,0.0,0.0,0.0,31.496422469615936,2.970201790332794,7.456227232702076,58.8093701004982,30.5,1.5,11.0,10.0,300.0,15.0,7.333333333333333,30.0
3.333333333333333,x,gym_env,0.9107921123504639,9.358405401256511e-15,1.0006170272827148,-0.9391371607780457,1.4490362035268767e-14,-0.04211203008890152,-1.9753917943131187e-15,-0.15091553330421448,-4.777363231303188e-15,0.800000011920929,0.0,1.0,-0.6000000238418579,0.0,0.0,14392.5,14999.3779296875,14999.3779296875,14392.5,-0.16423965692520143,0.0,0.0,0.0,31.967059314250946,2.9726722836494446,7.208451572805643,58.57944369316101,30.5,1.5,11.0,10.0,300.0,15.0,7.333333333333333,30.0
3.3541666666666665,x,gym_env,0.8908601999282837,9.667053195807664e-15,0.9997938871383667,-0.9668973684310913,1.5026833740544067e-14,-0.037559688091278076,-2.039507953255533e-15,-0.09215665608644485,-5.083586817559299e-15,0.7874999642372131,0.0,1.0,-0.6000000238418579,0.0,0.0,15201.4638671875,14342.263671875,14342.263671875,15201.4638671875,-0.15949641466140746,0.0,0.0,0.0,31.967059314250946,2.9726722836494446,7.208451572805643,58.57944369316101,30.5,1.5,11.0,10.0,300.0,15.0,7.333333333333333,30.0
3.375,x,gym_env,0.8705010414123535,9.986443062195895e-15,0.9991118311882019,-0.9824767112731934,1.5527467481821038e-14,-0.029392996802926064,-2.116856460899954e-15,-0.03802639991044998,-5.38199779542641e-15,0.7749999761581421,0.0,1.0,-0.6000000238418579,0.0,0.0,15225.2626953125,14366.0625,14366.0625,15225.2626953125,-0.1523865818977356,0.0,0.0,0.0,30.57512778043747,2.90952205657959,7.4631581753492355,58.36646443605423,30.5,1.5,11.0,10.0,300.0,15.0,7.333333333333333,30.0
3.395833333333333,x,gym_env,0.8499587178230286,1.031578725978026e-14,0.9986171722412109,-0.9871392250061035,1.5991600879334926e-14,-0.019940299913287163,-2.207645687351406e-15,0.0020293628331273794,-5.653653967105073e-15,0.762499988079071,0.0,1.0,-0.6000000238418579,0.0,0.0,14359.021484375,15218.2216796875,15218.2216796875,14359.021484375,-0.14360005855560304,0.0,0.0,0.0,30.57512778043747,2.90952205657959,7.4631581753492355,58.36646443605423,30.5,1.5,11.0,10.0,300.0,15.0,7.333333333333333,30.0
3.4166666666666665,x,gym_env,0.8294267654418945,1.0654444584619685e-14,0.9983184337615967,-0.9833664298057556,1.6427809294643735e-14,-0.010620365850627422,-2.3030417142447376e-15,0.04477735236287117,-5.934923115702125e-15,0.75,0.0,1.0,-0.6000000238418579,0.0,0.0,14415.0556640625,15154.8974609375,15154.8974609375,14415.0556640625,-0.13307827711105347,0.0,0.0,0.0,29.758833318948746,2.955051684379578,7.42365518771112,59.940003871917725,30.5,1.5,11.0,10.0,300.0,15.0,7.333333333333333,30.0
3.4375,x,gym_env,0.8090893626213074,1.1001737410356368e-14,0.9982085227966309,-0.9699445962905884,1.6825047418115267e-14,-0.0017938386881724,-2.4074753709270357e-15,0.1001695990562439,-6.250294234272109e-15,0.737500011920929,0.0,1.0,-0.6000000238418579,0.0,0.0,15269.689453125,14410.4892578125,14410.4892578125,15269.689453125,-0.12059019804000855,0.0,0.0,0.0,29.758833318948746,2.955051684379578,7.42365518771112,59.940003871917725,30.5,1.5,11.0,10.0,300.0,15.0,7.333333333333333,30.0
3.458333333333333,x,gym_env,0.789179801940918,1.1356657767783076e-14,0.998291552066803,-0.9445520639419556,1.7169064767444918e-14,0.007655495777726173,-2.5244984783043744e-15,0.15179641544818878,-6.563416903883606e-15,0.7249999642372131,0.0,1.0,-0.6000000238418579,0.0,0.0,15245.7529296875,14386.552734375,14386.552734375,15245.7529296875,-0.10672148466110229,0.0,0.0,0.0,29.748026877641678,2.9398328304290775,7.261504538357258,59.483450531959534,30.5,1.5,11.0,10.0,300.0,15.0,7.333333333333333,30.0
3.4791666666666665,x,gym_env,0.7699321508407593,1.171807317384933e-14,0.998545229434967,-0.9089465141296387,1.746168076940339e-14,0.015002748928964138,-2.655257071954389e-15,0.18932297825813293,-6.847698525157568e-15,0.7124999761581421,0.0,1.0,-0.6000000238418579,0.0,0.0,15180.275390625,14321.0751953125,14321.0751953125,15180.275390625,-0.09231165647506714,0.0,0.0,0.0,29.748026877641678,2.9398328304290775,7.261504538357258,59.483450531959534,30.5,1.5,11.0,10.0,300.0,15.0,7.333333333333333,30.0
3.5,x,gym_env,0.7515171766281128,1.2085125584179561e-14,0.99891197681427,-0.8664723038673401,1.7720237576552764e-14,0.019184958189725876,-2.790211866825101e-15,0.21285057067871094,-7.099579865649632e-15,0.699999988079071,0.0,1.0,-0.6000000238418579,0.0,0.0,14839.6181640625,14455.5947265625,14455.5947265625,14839.6181640625,-0.07810152769088746,0.0,0.0,0.0,30.296894043684006,2.9457590818405155,7.374860418960452,60.37027281522751,30.5,1.5,11.0,10.0,300.0,15.0,7.333333333333333,30.0
3.520833333333333,x,gym_env,0.7340372800827026,1.2457327107796151e-14,0.9993157386779785,-0.8203212022781372,1.796179273838485e-14,0.019416242837905884,-2.922771676037452e-15,0.2270813286304474,-7.328341018329916e-15,0.6875,0.0,1.0,-0.6000000238418579,0.0,0.0,14201.6484375,15060.8486328125,15060.8486328125,14201.6484375,-0.06432803869247436,0.0,0.0,0.0,30.296894043684006,2.9457590818405155,7.374860418960452,60.37027281522751,30.5,1.5,11.0,10.0,300.0,15.0,7.333333333333333,30.0
3.5416666666666665,x,gym_env,0.7175539135932922,1.283450494997786e-14,0.9997120499610901,-0.7713706493377686,1.819890775350743e-14,0.018658040091395378,-3.062065608938711e-15,0.24709759652614594,-7.57762789690454e-15,0.675000011920929,0.0,1.0,-0.6000000238418579,0.0,0.0,14992.0791015625,14132.87890625,14132.87890625,14992.0791015625,-0.05090144872665406,0.0,0.0,0.0,29.130115389823914,3.049409818649292,6.909516237676144,60.97530397772789,30.5,1.5,11.0,10.0,300.0,15.0,7.333333333333333,30.0
3.5625,x,gym_env,0.7021333575248718,1.3216433799960719e-14,1.0000566244125366,-0.7188405394554138,1.8419547977805914e-14,0.014980186708271503,-3.202769851697149e-15,0.264358252286911,-7.821598796702196e-15,0.6624999642372131,0.0,1.0,-0.6000000238418579,0.0,0.0,14978.4921875,14119.29296875,14119.29296875,14978.4921875,-0.038068759441375735,0.0,0.0,0.0,29.130115389823914,3.049409818649292,6.909516237676144,60.97530397772789,30.5,1.5,11.0,10.0,300.0,15.0,7.333333333333333,30.0
3.583333333333333,x,gym_env,0.6878454685211182,1.3602848536432236e-14,1.0003092288970947,-0.6636162996292114,1.863417765631068e-14,0.010172491893172264,-3.3355481954098912e-15,0.2678815722465515,-8.02204490850519e-15,0.6499999761581421,0.0,1.0,-0.6000000238418579,0.0,0.0,14846.099609375,13986.8994140625,13986.8994140625,14846.099609375,-0.026566243171691893,0.0,0.0,0.0,28.64912024140358,3.0415252923965457,6.966373737901449,62.15069282054901,30.5,1.5,11.0,10.0,300.0,15.0,7.333333333333333,30.0
3.6041666666666665,x,gym_env,0.674700915813446,1.3993841485983663e-14,1.0004150867462158,-0.6093265414237976,1.886008811960698e-14,0.0017231130041182041,-3.4550204985542158e-15,0.25776636600494385,-8.174770031092824e-15,0.637499988079071,0.0,1.0,-0.6000000238418579,0.0,0.0,14905.505859375,14046.3056640625,14046.3056640625,14905.505859375,-0.0337177038192749,0.0,0.0,0.0,28.64912024140358,3.0415252923965457,6.966373737901449,62.15069282054901,30.5,1.5,11.0,10.0,300.0,15.0,7.333333333333333,30.0
3.625,x,gym_env,0.6626644134521484,1.4389997101348605e-14,1.000372290611267,-0.5572336316108704,1.912566852395499e-14,-0.004428843967616558,-3.5608811939944005e-15,0.23405057191848755,-8.27630895267788e-15,0.625,0.0,1.0,-0.6000000238418579,0.0,0.0,14815.96875,13956.7685546875,13956.7685546875,14815.96875,-0.04443398714065552,0.0,0.0,0.0,28.98966607451439,3.274059867858887,6.689045988023281,62.216894686222076,30.5,1.5,11.0,10.0,300.0,15.0,7.333333333333333,30.0
3.645833333333333,x,gym_env,0.651643693447113,1.479234960975566e-14,1.0001860857009888,-0.5110485553741455,1.94471158333721e-14,-0.011746764183044434,-3.651269350345328e-15,0.1967981457710266,-8.324574584078325e-15,0.612500011920929,0.0,1.0,-0.6000000238418579,0.0,0.0,14010.5166015625,14869.7158203125,14869.7158203125,14010.5166015625,-0.054572647809982305,0.0,0.0,0.0,28.98966607451439,3.274059867858887,6.689045988023281,62.216894686222076,30.5,1.5,11.0,10.0,300.0,15.0,7.333333333333333,30.0
3.6666666666666665,x,gym_env,0.6414964199066162,1.520240334171915e-14,0.9998857378959656,-0.4721188247203827,1.9850376361098612e-14,-0.015998752787709236,-3.745847778686322e-15,0.16237950325012207,-8.379401332688202e-15,0.5999999642372131,0.0,1.0,-0.6000000238418579,0.0,0.0,14886.6953125,14027.4951171875,14027.4951171875,14886.6953125,-0.06408123970031739,0.0,0.0,0.0,29.42903983592987,3.3047354698181155,6.448932614177465,63.050383388996124,30.5,1.5,11.0,10.0,300.0,15.0,7.333333333333333,30.0
3.6875,x,gym_env,0.6320737600326538,1.5621815093683905e-14,0.9995183348655701,-0.43996280431747437,2.032928370727851e-14,-0.018588420003652573,-3.844077342546456e-15,0.12530121207237244,-8.419785322514445e-15,0.5874999761581421,0.0,1.0,-0.6000000238418579,0.0,0.0,14659.9189453125,14436.8857421875,14436.8857421875,14659.9189453125,-0.07263895273208618,0.0,0.0,0.0,29.42903983592987,3.3047354698181155,6.448932614177465,63.050383388996124,30.5,1.5,11.0,10.0,300.0,15.0,7.333333333333333,30.0
3.708333333333333,x,gym_env,0.6232292056083679,1.6052321283191798e-14,0.9991403222084045,-0.41545140743255615,2.0900155114607702e-14,-0.017706718295812607,-3.939248270434055e-15,0.08073677122592926,-8.426788590922343e-15,0.574999988079071,0.0,1.0,-0.6000000238418579,0.0,0.0,14364.7666015625,14794.5478515625,14794.5478515625,14364.7666015625,-0.07977515459060669,0.0,0.0,0.0,29.11158898472786,3.2307243347167973,6.653292499482632,63.462651044130325,30.5,1.5,11.0,10.0,300.0,15.0,7.333333333333333,30.0
3.7291666666666665,x,gym_env,0.6147817969322205,1.6495958177448027e-14,0.9988036155700684,-0.40003329515457153,2.157037840445214e-14,-0.01504566427320242,-4.0408049797110036e-15,0.038988661020994186,-8.440217451268113e-15,0.5625,0.0,1.0,-0.6000000238418579,0.0,0.0,14583.255859375,14682.8056640625,14682.8056640625,14583.255859375,-0.08544281721115113,0.0,0.0,0.0,29.11158898472786,3.2307243347167973,6.653292499482632,63.462651044130325,30.5,1.5,11.0,10.0,300.0,15.0,7.333333333333333,30.0
3.75,x,gym_env,0.6065487265586853,1.6954789148712103e-14,0.9985469579696655,-0.3930295705795288,2.2338183277952062e-14,-0.010470816865563393,-4.1520631808493295e-15,0.0010462100617587566,-8.464245234882876e-15,0.5499999523162842,0.0,1.0,-0.6000000238418579,0.0,0.0,15085.8857421875,14226.685546875,14226.685546875,15085.8857421875,-0.08953173756599427,0.0,0.0,0.0,28.954759538173676,3.224085092544556,6.822073977440596,63.367179587483406,30.5,1.5,11.0,10.0,300.0,15.0,7.333333333333333,30.0
3.770833333333333,x,gym_env,0.5983611345291138,1.743078778375113e-14,0.9983977675437927,-0.39414724707603455,2.3200596649462606e-14,-0.004965345375239849,-4.26575871929338e-15,-0.044450197368860245,-8.45170660616467e-15,0.5374999642372131,0.0,1.0,-0.6000000238418579,0.0,0.0,14263.998046875,15123.1982421875,15123.1982421875,14263.998046875,-0.09153935313224792,0.0,0.0,0.0,28.954759538173676,3.224085092544556,6.822073977440596,63.367179587483406,30.5,1.5,11.0,10.0,300.0,15.0,7.333333333333333,30.0
3.7916666666666665,x,gym_env,0.5900309681892395,1.7926102158119343e-14,0.9983735084533691,-0.4049582779407501,2.4172199344137807e-14,0.0013014415744692087,-4.381831879220373e-15,-0.0870363637804985,-8.44626780761035e-15,0.5249999761581421,0.0,1.0,-0.6000000238418579,0.0,0.0,14273.2333984375,15132.43359375,15132.43359375,14273.2333984375,-0.09153884649276733,0.0,0.0,0.0,28.822739273309708,3.1752963542938235,6.865944568067789,63.12824481725693,30.5,1.5,11.0,10.0,300.0,15.0,7.333333333333333,30.0
3.8125,x,gym_env,0.5813660621643066,1.844288712363456e-14,0.9984756708145142,-0.424136221408844,2.523896619043703e-14,0.007218822371214628,-4.495049267565698e-15,-0.11567868292331696,-8.497441303118719e-15,0.512499988079071,0.0,1.0,-0.6000000238418579,0.0,0.0,15114.275390625,14255.0751953125,14255.0751953125,15114.275390625,-0.0899055004119873,0.0,0.0,0.0,28.822739273309708,3.1752963542938235,6.865944568067789,63.12824481725693,30.5,1.5,11.0,10.0,300.0,15.0,7.333333333333333,30.0
3.833333333333333,x,gym_env,0.5722271203994751,1.8982794394543923e-14,0.9986867904663086,-0.44910818338394165,2.6376118086521294e-14,0.011981046758592129,-4.61032367542343e-15,-0.14702923595905304,-8.532494067574944e-15,0.4999999701976776,0.0,1.0,-0.6000000238418579,0.0,0.0,14336.2900390625,14958.1005859375,14958.1005859375,14336.2900390625,-0.08637458682060242,0.0,0.0,0.0,29.249870389699936,3.16215410232544,6.733378611505032,63.01153028011322,30.5,1.5,11.0,10.0,300.0,15.0,7.333333333333333,30.0
3.8541666666666665,x,gym_env,0.5624889731407166,1.9547292725977973e-14,0.998971700668335,-0.4805721044540405,2.7586790748361338e-14,0.01466174703091383,-4.72436480330996e-15,-0.17784979939460754,-8.566418584145426e-15,0.48749998211860657,0.0,1.0,-0.6000000238418579,0.0,0.0,14202.912109375,15062.1123046875,15062.1123046875,14202.912109375,-0.08095851540565491,0.0,0.0,0.0,29.249870389699936,3.16215410232544,6.733378611505032,63.01153028011322,30.5,1.5,11.0,10.0,300.0,15.0,7.333333333333333,30.0
3.875,x,gym_env,0.5520193576812744,2.013793388229608e-14,0.9992955327033997,-0.5178043246269226,2.886849559315813e-14,0.016019705682992935,-4.8278917112222226e-15,-0.19634628295898438,-8.65645733940561e-15,0.47499996423721313,0.0,1.0,-0.6000000238418579,0.0,0.0,14677.26953125,14528.8544921875,14528.8544921875,14677.26953125,-0.07407758235931397,0.0,0.0,0.0,29.02792003750801,3.1664107799530035,6.839876011013985,63.480640441179276,30.5,1.5,11.0,10.0,300.0,15.0,7.333333333333333,30.0
3.895833333333333,x,gym_env,0.5407305359840393,2.0755879992701877e-14,0.9996263384819031,-0.558264970779419,3.0196182468529564e-14,0.015710502862930298,-4.9243242946847565e-15,-0.21072879433631897,-8.76489026214837e-15,0.4624999761581421,0.0,1.0,-0.6000000238418579,0.0,0.0,14100.6640625,14959.86328125,14959.86328125,14100.6640625,-0.06627241373062134,0.0,0.0,0.0,29.02792003750801,3.1664107799530035,6.839876011013985,63.480640441179276,30.5,1.5,11.0,10.0,300.0,15.0,7.333333333333333,30.0
3.9166666666666665,x,gym_env,0.5285692811012268,2.1401908633440943e-14,0.9999202489852905,-0.601015567779541,3.155696800334791e-14,0.012974769808351994,-5.0128693073424584e-15,-0.21782615780830383,-8.909048493507474e-15,0.44999998807907104,0.0,1.0,-0.6000000238418579,0.0,0.0,14067.580078125,14926.7802734375,14926.7802734375,14067.580078125,-0.07437794208526612,0.0,0.0,0.0,28.112256079912186,3.0060018539428714,7.1084240805357695,63.149982787668705,30.5,1.5,11.0,10.0,300.0,15.0,7.333333333333333,30.0
3.9375,x,gym_env,0.5155052542686462,2.2076612727576356e-14,1.0001424551010132,-0.6443634033203125,3.294065392092822e-14,0.009137619286775589,-5.088683838319402e-15,-0.21124213933944702,-9.122938712249288e-15,0.4374999701976776,0.0,1.0,-0.6000000238418579,0.0,0.0,14906.5166015625,14047.31640625,14047.31640625,14906.5166015625,-0.08127303719520569,0.0,0.0,0.0,28.112256079912186,3.0060018539428714,7.1084240805357695,63.149982787668705,30.5,1.5,11.0,10.0,300.0,15.0,7.333333333333333,30.0
3.958333333333333,x,gym_env,0.5015568137168884,2.2780220974003874e-14,1.0002812147140503,-0.6860809922218323,3.432928312278871e-14,0.005054958630353212,-5.170323838391087e-15,-0.207389235496521,-9.322365843416735e-15,0.42499998211860657,0.0,1.0,-0.6000000238418579,0.0,0.0,14010.4619140625,14869.662109375,14869.662109375,14010.4619140625,-0.08712155818939209,0.0,0.0,0.0,28.3244746029377,3.066438698768616,6.860244493931532,63.1548625305295,30.5,1.5,11.0,10.0,300.0,15.0,7.333333333333333,30.0
3.9791666666666665,x,gym_env,0.4867529571056366,2.3512851957336114e-14,1.0003243684768677,-0.7268429398536682,3.5726548672579406e-14,0.00010121930972672999,-5.250990597606376e-15,-0.2008305788040161,-9.536350929848642e-15,0.41249996423721313,0.0,1.0,-0.6000000238418579,0.0,0.0,13995.7802734375,14854.98046875,14854.98046875,13995.7802734375,-0.09173889756202698,0.0,0.0,0.0,28.3244746029377,3.066438698768616,6.860244493931532,63.1548625305295,30.5,1.5,11.0,10.0,300.0,15.0,7.333333333333333,30.0
4.0,x,gym_env,0.47112056612968445,2.4274653061305898e-14,1.0002632141113281,-0.7655915021896362,3.7125308388489056e-14,-0.004873821511864662,-5.320154649397953e-15,-0.18068408966064453,-9.82295215084866e-15,0.3999999761581421,0.0,1.0,-0.6000000238418579,0.0,0.0,13989.1669921875,14848.3671875,14848.3671875,13989.1669921875,-0.09466800689697266,0.0,0.0,0.0,27.945029973983765,2.8866523146629337,7.273110708221793,62.69120106101036,30.5,1.5,11.0,10.0,300.0,15.0,7.333333333333333,30.0
4.020833333333333,x,gym_env,0.45473480224609375,2.5065343070974737e-14,1.0001062154769897,-0.7996659278869629,3.849995138232448e-14,-0.009171710349619389,-5.380194885798179e-15,-0.14699086546897888,-1.0182388887950127e-14,0.38749998807907104,0.0,1.0,-0.6000000238418579,0.0,0.0,14903.43359375,14044.2333984375,14044.2333984375,14903.43359375,-0.09562735557556153,0.0,0.0,0.0,27.945029973983765,2.8866523146629337,7.273110708221793,62.69120106101036,30.5,1.5,11.0,10.0,300.0,15.0,7.333333333333333,30.0
4.041666666666666,x,gym_env,0.4377211332321167,2.58842223371282e-14,0.9998925924301147,-0.8270310759544373,3.9836826871107733e-14,-0.01084263063967228,-5.448228148605171e-15,-0.11612498015165329,-1.0526180079482861e-14,0.3749999701976776,0.0,1.0,-0.6000000238418579,0.0,0.0,14560.560546875,14418.3134765625,14418.3134765625,14560.560546875,-0.0949109673500061,0.0,0.0,0.0,26.959019735455513,2.8767098367214206,7.191006468608975,62.906608402729034,30.5,1.5,11.0,10.0,300.0,15.0,7.333333333333333,30.0
4.0625,x,gym_env,0.4202147424221039,2.6730431968357768e-14,0.9996575713157654,-0.8484809994697571,4.1134464405642376e-14,-0.011497730389237404,-5.529565757914686e-15,-0.09212659299373627,-1.0833127878908874e-14,0.36249998211860657,0.0,1.0,-0.6000000238418579,0.0,0.0,14074.154296875,14933.3544921875,14933.3544921875,14074.154296875,-0.09280006289482118,0.0,0.0,0.0,26.959019735455513,2.8767098367214206,7.191006468608975,62.906608402729034,30.5,1.5,11.0,10.0,300.0,15.0,7.333333333333333,30.0
4.083333333333333,x,gym_env,0.40232372283935547,2.760331297303048e-14,0.999422550201416,-0.8648816347122192,4.24022152296661e-14,-0.011074377223849297,-5.6189133342899114e-15,-0.06087697297334671,-1.1181604856705819e-14,0.34999996423721313,0.0,1.0,-0.6000000238418579,0.0,0.0,14108.388671875,14967.5888671875,14967.5888671875,14108.388671875,-0.0890416145324707,0.0,0.0,0.0,27.752775371074677,2.816082072257996,7.404903272166848,62.47644752264023,30.5,1.5,11.0,10.0,300.0,15.0,7.333333333333333,30.0
4.104166666666666,x,gym_env,0.38417303562164307,2.850203525885803e-14,0.9992144107818604,-0.8743427395820618,4.3619960616615716e-14,-0.00920781772583723,-5.712837006162678e-15,-0.01602080836892128,-1.1608731384754167e-14,0.3374999761581421,0.0,1.0,-0.6000000238418579,0.0,0.0,15022.2978515625,14163.09765625,14163.09765625,15022.2978515625,-0.08332942128181459,0.0,0.0,0.0,27.752775371074677,2.816082072257996,7.404903272166848,62.47644752264023,30.5,1.5,11.0,10.0,300.0,15.0,7.333333333333333,30.0
4.125,x,gym_env,0.36594030261039734,2.942518597488439e-14,0.9990686178207397,-0.8744454979896545,4.475984673505372e-14,-0.005516426172107458,-5.82211907943506e-15,0.02594052441418171,-1.2022775488932172e-14,0.32499995827674866,0.0,1.0,-0.6000000238418579,0.0,0.0,15051.7548828125,14192.5556640625,14192.5556640625,15051.7548828125,-0.07608920335769653,0.0,0.0,0.0,25.96917664259672,2.844351825118065,7.298764327540994,63.08630387485027,30.5,1.5,11.0,10.0,300.0,15.0,7.333333333333333,30.0
4.145833333333333,x,gym_env,0.3478122651576996,3.0371138817850835e-14,0.9990094304084778,-0.8663845062255859,4.58282602134024e-14,-0.0010853722924366593,-5.9433688812191975e-15,0.054043930023908615,-1.2360219862591129e-14,0.3124999701976776,0.0,1.0,-0.6000000238418579,0.0,0.0,14196.6171875,15055.8173828125,15055.8173828125,14196.6171875,-0.06794539690017701,0.0,0.0,0.0,25.96917664259672,2.844351825118065,7.298764327540994,63.08630387485027,30.5,1.5,11.0,10.0,300.0,15.0,7.333333333333333,30.0
4.166666666666666,x,gym_env,0.32992568612098694,3.1338724882290156e-14,0.9990409016609192,-0.8525984287261963,4.684812515134626e-14,0.0031936028972268105,-6.076112920097576e-15,0.08485452830791473,-1.2717965921929877e-14,0.29999998211860657,0.0,1.0,-0.6000000238418579,0.0,0.0,15008.796875,14197.498046875,14197.498046875,15008.796875,-0.058879077434539795,0.0,0.0,0.0,26.7027026116848,2.890012013912201,7.167939051985741,63.91488282661885,30.5,1.5,11.0,10.0,300.0,15.0,7.333333333333333,30.0
4.1875,x,gym_env,0.31240496039390564,3.232677865086693e-14,0.9991472363471985,-0.8323705196380615,4.780374772243856e-14,0.006295727100223303,-6.215847521889644e-15,0.11331294476985931,-1.3065771202599649e-14,0.28749996423721313,0.0,1.0,-0.6000000238418579,0.0,0.0,14678.984375,14562.201171875,14562.201171875,14678.984375,-0.0492016077041626,0.0,0.0,0.0,26.7027026116848,2.890012013912201,7.167939051985741,63.91488282661885,30.5,1.5,11.0,10.0,300.0,15.0,7.333333333333333,30.0
4.208333333333333,x,gym_env,0.29537808895111084,3.333409056053248e-14,0.999315083026886,-0.8066174387931824,4.8710513433133235e-14,0.009155363775789738,-6.356799733543391e-15,0.13540133833885193,-1.3378083261680624e-14,0.2749999761581421,0.0,1.0,-0.6000000238418579,0.0,0.0,14852.9072265625,14284.7490234375,14284.7490234375,14852.9072265625,-0.03929046392440796,0.0,0.0,0.0,26.55658732354641,2.890452790260315,7.0628875978291035,64.46934282034636,30.5,1.5,11.0,10.0,300.0,15.0,7.333333333333333,30.0
4.229166666666666,x,gym_env,0.27894067764282227,3.435973903944019e-14,0.999518096446991,-0.7767488360404968,4.95739686551689e-14,0.010064704343676567,-6.496311989186805e-15,0.15125779807567596,-1.365359766843403e-14,0.26249995827674866,0.0,1.0,-0.6000000238418579,0.0,0.0,14150.0224609375,15003.0234375,15003.0234375,14150.0224609375,-0.02939673662185669,0.0,0.0,0.0,26.55658732354641,2.890452790260315,7.0628875978291035,64.46934282034636,30.5,1.5,11.0,10.0,300.0,15.0,7.333333333333333,30.0
4.25,x,gym_env,0.2631666958332062,3.540309050694551e-14,0.9997379183769226,-0.7436500191688538,5.0415468783211737e-14,0.010806904174387455,-6.646310512717227e-15,0.17164336144924164,-1.3962217510897924e-14,0.2499999701976776,0.0,1.0,-0.6000000238418579,0.0,0.0,14966.345703125,14107.1455078125,14107.1455078125,14966.345703125,-0.023177534341812134,0.0,0.0,0.0,26.16813962161541,2.937249338626862,6.999199505895376,64.32465816289186,30.5,1.5,11.0,10.0,300.0,15.0,7.333333333333333,30.0
4.270833333333333,x,gym_env,0.24813061952590942,3.646346056042707e-14,0.9999508261680603,-0.7065409421920776,5.121390914434795e-14,0.009724492207169533,-6.7994108709004946e-15,0.18922674655914307,-1.425537476690969e-14,0.23749996721744537,0.0,1.0,-0.6000000238418579,0.0,0.0,14937.2646484375,14078.064453125,14078.064453125,14937.2646484375,-0.016923871636390687,0.0,0.0,0.0,26.16813962161541,2.937249338626862,6.999199505895376,64.32465816289186,30.5,1.5,11.0,10.0,300.0,15.0,7.333333333333333,30.0
4.291666666666666,x,gym_env,0.2339070439338684,3.754009025836412e-14,1.000123381614685,-0.6666547656059265,5.1987677129796545e-14,0.007281720172613859,-6.935292319815503e-15,0.19310519099235535,-1.4455814949482053e-14,0.22499996423721313,0.0,1.0,-0.6000000238418579,0.0,0.0,14899.9794921875,14040.779296875,14040.779296875,14899.9794921875,-0.009844827651977538,0.0,0.0,0.0,26.405059963464737,2.9044016122817995,6.9709151312708855,64.40830384194851,30.5,1.5,11.0,10.0,300.0,15.0,7.333333333333333,30.0
4.3125,x,gym_env,0.22051841020584106,3.8632938943175196e-14,1.0002307891845703,-0.6268163919448853,5.2774174326376475e-14,0.0037643190007656813,-7.047640652356945e-15,0.18332979083061218,-1.455945112464451e-14,0.2124999612569809,0.0,1.0,-0.6000000238418579,0.0,0.0,14236.6630859375,14675.7646484375,14675.7646484375,14236.6630859375,-0.006701615452766419,0.0,0.0,0.0,26.405059963464737,2.9044016122817995,6.9709151312708855,64.40830384194851,30.5,1.5,11.0,10.0,300.0,15.0,7.333333333333333,30.0
4.333333333333333,x,gym_env,0.20793285965919495,3.974274861572209e-14,1.000262975692749,-0.5893274545669556,5.3609524995222244e-14,0.0001376611035084352,-7.154918645676123e-15,0.172292560338974,-1.4652646771699113e-14,0.19999997317790985,0.0,1.0,-0.6000000238418579,0.0,0.0,14864.841796875,14005.6416015625,14005.6416015625,14864.841796875,-0.013052412867546081,0.0,0.0,0.0,26.580744296312332,3.0027776956558228,6.7428653836250305,64.72770612686872,30.5,1.5,11.0,10.0,300.0,15.0,7.333333333333333,30.0
4.354166666666666,x,gym_env,0.19609791040420532,4.087058653751835e-14,1.0002192258834839,-0.5542482733726501,5.44947625165295e-14,-0.003534299088642001,-7.251587127814468e-15,0.15589141845703125,-1.4704995101905323e-14,0.1874999701976776,0.0,1.0,-0.6000000238418579,0.0,0.0,14694.8681640625,14213.8271484375,14213.8271484375,14694.8681640625,-0.017967087030410767,0.0,0.0,0.0,26.580744296312332,3.0027776956558228,6.7428653836250305,64.72770612686872,30.5,1.5,11.0,10.0,300.0,15.0,7.333333333333333,30.0
4.375,x,gym_env,0.18495100736618042,4.201775036303916e-14,1.0001112222671509,-0.52290940284729,5.5455270773661566e-14,-0.006190586369484663,-7.336619071323432e-15,0.1295050084590912,-1.4681962582003584e-14,0.17499996721744537,0.0,1.0,-0.6000000238418579,0.0,0.0,14239.9111328125,14656.39453125,14656.39453125,14239.9111328125,-0.021200871467590334,0.0,0.0,0.0,26.651134997606277,3.101507592201233,6.534392811357975,65.29023949801922,30.5,1.5,11.0,10.0,300.0,15.0,7.333333333333333,30.0
4.395833333333333,x,gym_env,0.17438964545726776,4.318611711729564e-14,0.999954879283905,-0.4970472753047943,5.6512259471617685e-14,-0.008284739218652248,-7.42286566007876e-15,0.10408059507608414,-1.4663627706827317e-14,0.16249996423721313,0.0,1.0,-0.6000000238418579,0.0,0.0,14337.2236328125,14652.0224609375,14652.0224609375,14337.2236328125,-0.02660551965236664,0.0,0.0,0.0,26.651134997606277,3.101507592201233,6.534392811357975,65.29023949801922,30.5,1.5,11.0,10.0,300.0,15.0,7.333333333333333,30.0
4.416666666666666,x,gym_env,0.16430489718914032,4.4377750172547303e-14,0.9997784495353699,-0.47599709033966064,5.766661291279479e-14,-0.008536292240023613,-7.512772278199173e-15,0.08434160053730011,-1.4685330385001867e-14,0.1499999612569809,0.0,1.0,-0.6000000238418579,0.0,0.0,14914.58203125,14055.3828125,14055.3828125,14914.58203125,-0.03278370499610901,0.0,0.0,0.0,27.008734315633774,3.0839288473129276,6.742727853357792,65.64735308289528,30.5,1.5,11.0,10.0,300.0,15.0,7.333333333333333,30.0
4.4375,x,gym_env,0.15460677444934845,4.559439441666549e-14,0.9996000528335571,-0.45911556482315063,5.889825302821117e-14,-0.008532545529305935,-7.59842340279258e-15,0.058446720242500305,-1.4658267682337092e-14,0.13749995827674866,0.0,1.0,-0.6000000238418579,0.0,0.0,14950.796875,14091.5966796875,14091.5966796875,14950.796875,-0.03808152973651886,0.0,0.0,0.0,27.008734315633774,3.0839288473129276,6.742727853357792,65.64735308289528,30.5,1.5,11.0,10.0,300.0,15.0,7.333333333333333,30.0
4.458333333333333,x,gym_env,0.14519231021404266,4.6838004801692465e-14,0.9994391798973083,-0.44805413484573364,6.023977025754537e-14,-0.007129823323339224,-7.68084733185695e-15,0.01894274726510048,-1.4524819335563072e-14,0.12499996274709702,0.0,1.0,-0.6000000238418579,0.0,0.0,14124.9970703125,14984.197265625,14984.197265625,14124.9970703125,-0.04186142832040787,0.0,0.0,0.0,27.496390879154205,3.1362149715423584,6.63579423725605,65.98376640677452,30.5,1.5,11.0,10.0,300.0,15.0,7.333333333333333,30.0
4.479166666666666,x,gym_env,0.13590723276138306,4.81113358787727e-14,0.9993230104446411,-0.4452292323112488,6.172519499648629e-14,-0.004529802594333887,-7.77256575345154e-15,-0.01770450547337532,-1.4409880352752452e-14,0.11249996721744537,0.0,1.0,-0.6000000238418579,0.0,0.0,14148.5654296875,15007.7646484375,15007.7646484375,14148.5654296875,-0.04420336484909058,0.0,0.0,0.0,27.496390879154205,3.1362149715423584,6.63579423725605,65.98376640677452,30.5,1.5,11.0,10.0,300.0,15.0,7.333333333333333,30.0
4.5,x,gym_env,0.12658847868442535,4.9417230290477177e-14,0.9992692470550537,-0.44942575693130493,6.333464568769598e-14,-0.0012972671538591385,-7.869241011853462e-15,-0.040551695972681046,-1.4398897723558353e-14,0.09999996423721313,0.0,1.0,-0.6000000238418579,0.0,0.0,15001.41015625,14142.2099609375,14142.2099609375,15001.41015625,-0.04547771066427231,0.0,0.0,0.0,26.91250178217888,3.133124375343323,6.42214073240757,65.43299236893654,30.5,1.5,11.0,10.0,300.0,15.0,7.333333333333333,30.0
4.520833333333333,x,gym_env,0.1171228215098381,5.075772091587931e-14,0.999278724193573,-0.4582257568836212,6.502706495015512e-14,0.001596221118234098,-7.972145350549492e-15,-0.06610650569200516,-1.4363666235150258e-14,0.0874999612569809,0.0,1.0,-0.6000000238418579,0.0,0.0,14718.275390625,14434.21875,14434.21875,14718.275390625,-0.04536520391702652,0.0,0.0,0.0,26.91250178217888,3.133124375343323,6.42214073240757,65.43299236893654,30.5,1.5,11.0,10.0,300.0,15.0,7.333333333333333,30.0
4.541666666666666,x,gym_env,0.10740654915571213,5.213466445119948e-14,0.9993442893028259,-0.47270694375038147,6.681924436501008e-14,0.004111235495656729,-8.080320775276286e-15,-0.0998217910528183,-1.425975562131289e-14,0.07499996572732925,0.0,1.0,-0.6000000238418579,0.0,0.0,14153.25,15012.4501953125,15012.4501953125,14153.25,-0.043494978547096254,0.0,0.0,0.0,26.70301978290081,3.105928039550782,6.526363953948021,65.99171656370163,30.5,1.5,11.0,10.0,300.0,15.0,7.333333333333333,30.0
4.5625,x,gym_env,0.09730257838964462,5.3550432588689995e-14,0.9994591474533081,-0.4940381944179535,6.872990674852697e-14,0.006357721984386444,-8.184242400541969e-15,-0.12703584134578705,-1.4204813676222186e-14,0.062499962747097015,0.0,1.0,-0.6000000238418579,0.0,0.0,14122.1005859375,14981.30078125,14981.30078125,14122.1005859375,-0.04013677835464478,0.0,0.0,0.0,26.70301978290081,3.105928039550782,6.526363953948021,65.99171656370163,30.5,1.5,11.0,10.0,300.0,15.0,7.333333333333333,30.0
4.583333333333333,x,gym_env,0.08668830245733261,5.5007068371819637e-14,0.9996020793914795,-0.520257830619812,7.07199327310698e-14,0.007132094819098711,-8.27418967624385e-15,-0.14048175513744354,-1.4260919444582416e-14,0.049999963492155075,0.0,1.0,-0.6000000238418579,0.0,0.0,14092.5791015625,14951.779296875,14951.779296875,14092.5791015625,-0.035796644538640975,0.0,0.0,0.0,26.5630254894495,2.973182797431946,6.717891748994589,65.38248637318611,30.5,1.5,11.0,10.0,300.0,15.0,7.333333333333333,30.0
4.604166666666666,x,gym_env,0.07549772411584854,5.6505713601001303e-14,0.9997464418411255,-0.5485056042671204,7.274848177205376e-14,0.006780451629310846,-8.34652544290642e-15,-0.1402156949043274,-1.4430683481937018e-14,0.037499960511922836,0.0,1.0,-0.6000000238418579,0.0,0.0,14943.345703125,14084.1455078125,14084.1455078125,14943.345703125,-0.030918946117162706,0.0,0.0,0.0,26.5630254894495,2.973182797431946,6.717891748994589,65.38248637318611,30.5,1.5,11.0,10.0,300.0,15.0,7.333333333333333,30.0
4.625,x,gym_env,0.06371989101171494,5.804678162831325e-14,0.9998805522918701,-0.5765049457550049,7.478753402158367e-14,0.006216314621269703,-8.420193592395021e-15,-0.14268435537815094,-1.457700164731162e-14,0.024999961256980896,0.0,1.0,-0.6000000238418579,0.0,0.0,14494.232421875,14463.1171875,14463.1171875,14494.232421875,-0.027380240708589555,0.0,0.0,0.0,26.37721724808216,2.9560668826103216,6.789781980216503,65.59821383655071,30.5,1.5,11.0,10.0,300.0,15.0,7.333333333333333,30.0
4.645833333333333,x,gym_env,0.05135420337319374,5.963046218913567e-14,0.9999874234199524,-0.6051300168037415,7.684154826109388e-14,0.004372724331915379,-8.501211446766948e-15,-0.15091602504253387,-1.4673944568124875e-14,0.012499961070716381,0.0,1.0,-0.6000000238418579,0.0,0.0,14029.53125,14888.73046875,14888.73046875,14029.53125,-0.032894300669431685,0.0,0.0,0.0,26.37721724808216,2.9560668826103216,6.789781980216503,65.59821383655071,30.5,1.5,11.0,10.0,300.0,15.0,7.333333333333333,30.0
4.666666666666666,x,gym_env,0.038374051451683044,6.12573617590588e-14,1.0000483989715576,-0.6351010799407959,7.892763455611893e-14,0.0019476903835311532,-8.568947824525927e-15,-0.15115973353385925,-1.483912276910304e-14,-3.973643103449831e-08,0.0,1.0,-0.6000000238418579,0.0,0.0,14024.310546875,14883.509765625,14883.509765625,14024.310546875,-0.037670790776610376,0.0,0.0,0.0,26.04087807238102,2.8350340813398365,7.046133626252413,65.7357384711504,30.5,1.5,11.0,10.0,300.0,15.0,7.333333333333333,30.0
4.6875,x,gym_env,0.02477216348052025,6.292784625631584e-14,1.000057339668274,-0.6644929647445679,8.101864041850163e-14,-0.0005443336558528244,-8.617308323616464e-15,-0.1377817690372467,-1.5122060572606184e-14,-0.012500040233135223,0.0,1.0,-0.6000000238418579,0.0,0.0,14351.5908203125,14538.84765625,14538.84765625,14351.5908203125,-0.04123356975615025,0.0,0.0,0.0,26.04087807238102,2.8350340813398365,7.046133626252413,65.7357384711504,30.5,1.5,11.0,10.0,300.0,15.0,7.333333333333333,30.0
4.708333333333333,x,gym_env,0.010594310238957405,6.46414820000378e-14,1.000014305114746,-0.690696120262146,8.307215321450706e-14,-0.0030097991693764925,-8.660230024152681e-15,-0.11719908565282822,-1.5467294261248092e-14,-0.025000041350722313,0.0,1.0,-0.6000000238418579,0.0,0.0,14866.15625,14046.541015625,14046.541015625,14866.15625,-0.04349869787693024,0.0,0.0,0.0,25.72194118797779,2.812917932868004,7.168067859485745,65.57357886433601,30.5,1.5,11.0,10.0,300.0,15.0,7.333333333333333,30.0
4.729166666666666,x,gym_env,-0.004078676924109459,6.639734741837808e-14,0.9999322295188904,-0.7128866910934448,8.508191167658913e-14,-0.004505795892328024,-8.713245816321328e-15,-0.1032605916261673,-1.5754458759158034e-14,-0.0375000424683094,0.0,1.0,-0.6000000238418579,0.0,0.0,14032.609375,14891.8095703125,14891.8095703125,14032.609375,-0.04478663727641106,0.0,0.0,0.0,25.72194118797779,2.812917932868004,7.168067859485745,65.57357886433601,30.5,1.5,11.0,10.0,300.0,15.0,7.333333333333333,30.0
4.75,x,gym_env,-0.019177831709384918,6.819470389860666e-14,0.9998251795768738,-0.7323221564292908,8.706366384130318e-14,-0.005524254869669676,-8.76836987349569e-15,-0.08635993301868439,-1.6067869419971598e-14,-0.05000004172325134,0.0,1.0,-0.6000000238418579,0.0,0.0,14038.216796875,14897.4169921875,14897.4169921875,14038.216796875,-0.044912388920784,0.0,0.0,0.0,25.704000279307365,2.7773339554667476,7.079172886908054,65.25403164327145,30.5,1.5,11.0,10.0,300.0,15.0,7.333333333333333,30.0
4.770833333333333,x,gym_env,-0.03463633358478546,7.003281282799353e-14,0.9997031092643738,-0.7477434277534485,8.89964371728752e-14,-0.00602558720856905,-8.82534300359391e-15,-0.05586199834942818,-1.6501089503042493e-14,-0.06250004470348358,0.0,1.0,-0.6000000238418579,0.0,0.0,14934.22265625,14075.0224609375,14075.0224609375,14934.22265625,-0.0435335174202919,0.0,0.0,0.0,25.704000279307365,2.7773339554667476,7.079172886908054,65.25403164327145,30.5,1.5,11.0,10.0,300.0,15.0,7.333333333333333,30.0
4.791666666666666,x,gym_env,-0.0503392294049263,7.191023086239659e-14,0.9995888471603394,-0.756863534450531,9.084994854937495e-14,-0.005077254492789507,-8.898155649805783e-15,-0.02817923203110695,-1.6910130183601067e-14,-0.07500004023313522,0.0,1.0,-0.6000000238418579,0.0,0.0,14726.314453125,14307.068359375,14307.068359375,14726.314453125,-0.04098577797412872,0.0,0.0,0.0,25.034825668437406,2.6913527846336365,7.2302313055843115,65.01459692418575,30.5,1.5,11.0,10.0,300.0,15.0,7.333333333333333,30.0
4.8125,x,gym_env,-0.06616262346506119,7.382531814602994e-14,0.9994997978210449,-0.7607418298721313,9.26330003371903e-14,-0.003727324539795518,-8.982375288718331e-15,-0.010014471597969532,-1.7235855009401814e-14,-0.08750004321336746,0.0,1.0,-0.6000000238418579,0.0,0.0,14093.537109375,14952.7373046875,14952.7373046875,14093.537109375,-0.03764570206403733,0.0,0.0,0.0,25.034825668437406,2.6913527846336365,7.2302313055843115,65.01459692418575,30.5,1.5,11.0,10.0,300.0,15.0,7.333333333333333,30.0
4.833333333333333,x,gym_env,-0.08201916515827179,7.577697014793036e-14,0.9994436502456665,-0.7608241438865662,9.436979734982198e-14,-0.002002628520131111,-9.073507563513421e-15,0.013664022088050842,-1.7612716908294197e-14,-0.1000000461935997,0.0,1.0,-0.6000000238418579,0.0,0.0,14422.2255859375,14641.09375,14641.09375,14422.2255859375,-0.033312898874282834,0.0,0.0,0.0,24.916766574140638,2.6409982681274418,7.274376291781664,65.31176024675369,30.5,1.5,11.0,10.0,300.0,15.0,7.333333333333333,30.0
4.854166666666666,x,gym_env,-0.09781520813703537,7.776393325933592e-14,0.9994240999221802,-0.7556403279304504,9.603113389124868e-14,-0.000248373398790136,-9.175836766838266e-15,0.044859133660793304,-1.806016545081307e-14,-0.11250004172325134,0.0,1.0,-0.6000000238418579,0.0,0.0,14979.7626953125,14120.5625,14120.5625,14979.7626953125,-0.029755777120590212,0.0,0.0,0.0,24.916766574140638,2.6409982681274418,7.274376291781664,65.31176024675369,30.5,1.5,11.0,10.0,300.0,15.0,7.333333333333333,30.0
4.875,x,gym_env,-0.11342394351959229,7.978436433655339e-14,0.999447226524353,-0.7441594004631042,9.760230546950605e-14,0.0019761240109801292,-9.286818411719314e-15,0.0691593587398529,-1.8447345905068906e-14,-0.12500004470348358,0.0,1.0,-0.6000000238418579,0.0,0.0,14977.392578125,14118.1923828125,14118.1923828125,14977.392578125,-0.029386726021766663,0.0,0.0,0.0,24.756566563621163,2.715886414051056,7.427472454495728,65.36754684150219,30.5,1.5,11.0,10.0,300.0,15.0,7.333333333333333,30.0
4.895833333333333,x,gym_env,-0.1287335753440857,8.183664385258763e-14,0.9995123744010925,-0.7282660007476807,9.910879761191108e-14,0.00386373745277524,-9.394101910752649e-15,0.07971309125423431,-1.870878431830484e-14,-0.13750004768371582,0.0,1.0,-0.6000000238418579,0.0,0.0,14100.8515625,14960.0517578125,14960.0517578125,14100.8515625,-0.028262707591056827,0.0,0.0,0.0,24.756566563621163,2.715886414051056,7.427472454495728,65.36754684150219,30.5,1.5,11.0,10.0,300.0,15.0,7.333333333333333,30.0
4.916666666666666,x,gym_env,-0.14368538558483124,8.391995865580926e-14,0.99960857629776,-0.7103868722915649,1.0059035988061252e-13,0.005101426504552364,-9.506478618897824e-15,0.09298806637525558,-1.8997409101015848e-14,-0.15000005066394806,0.0,1.0,-0.6000000238418579,0.0,0.0,14229.6923828125,14800.3154296875,14800.3154296875,14229.6923828125,-0.02610742449760437,0.0,0.0,0.0,24.752260534092784,2.5813387870788578,7.440070614218712,64.91343180835247,30.5,1.5,11.0,10.0,300.0,15.0,7.333333333333333,30.0
4.9375,x,gym_env,-0.15822987258434296,8.603363111986048e-14,0.9997206926345825,-0.6893880367279053,1.0202458994822139e-13,0.005510557442903519,-9.636025531916791e-15,0.11716621369123459,-1.939268888431333e-14,-0.1625000536441803,0.0,1.0,-0.6000000238418579,0.0,0.0,14927.005859375,14067.806640625,14067.806640625,14927.005859375,-0.02248605191707611,0.0,0.0,0.0,24.752260534092784,2.5813387870788578,7.440070614218712,64.91343180835247,30.5,1.5,11.0,10.0,300.0,15.0,7.333333333333333,30.0
4.958333333333333,x,gym_env,-0.1722770482301712,8.817619757180845e-14,0.9998298287391663,-0.6635453104972839,1.0337877879044652e-13,0.004981431178748608,-9.767344437861415e-15,0.1367354393005371,-1.9746691058025213e-14,-0.17500004172325134,0.0,1.0,-0.6000000238418579,0.0,0.0,14917.7197265625,14058.51953125,14058.51953125,14917.7197265625,-0.017612943053245546,0.0,0.0,0.0,25.19989009015262,2.8444927632808685,7.236219231039286,65.43763481080532,30.5,1.5,11.0,10.0,300.0,15.0,7.333333333333333,30.0
4.979166666666666,x,gym_env,-0.18573947250843048,9.034624854882892e-14,0.9999186992645264,-0.6343675851821899,1.0468225407605364e-13,0.0037495179567486048,-9.887325807807039e-15,0.14262191951274872,-1.996791065285962e-14,-0.18750004470348358,0.0,1.0,-0.6000000238418579,0.0,0.0,14914.1982421875,14054.998046875,14054.998046875,14914.1982421875,-0.012006211280822753,0.0,0.0,0.0,25.19989009015262,2.8444927632808685,7.236219231039286,65.43763481080532,30.5,1.5,11.0,10.0,300.0,15.0,7.333333333333333,30.0
5.0,x,gym_env,-0.19858227670192719,9.254343846147942e-14,0.9999788999557495,-0.6046199202537537,1.0599161115844649e-13,0.0023314973805099726,-9.991999598329884e-15,0.13485145568847656,-2.0052705427143352e-14,-0.20000004768371582,0.0,1.0,0.0,0.0,0.0,14117.4462890625,14819.8447265625,14819.8447265625,14117.4462890625,-0.12617056965827944,0.0,0.0,0.0,24.01675357669592,2.60433623790741,7.3674722742289305,64.94204916059971,30.5,1.5,11.0,10.0,300.0,15.0,7.333333333333333,30.0
5.020833333333333,x,gym_env,-0.21082636713981628,9.476849914622637e-14,1.0000059604644775,-0.5767212510108948,1.0735158015350368e-13,0.0006480253068730235,-1.0095936470188617e-14,0.12832093238830566,-2.0149150292583622e-14,-0.20000004768371582,0.0,1.0,0.0,0.0,0.0,14826.681640625,15685.880859375,15685.880859375,14826.681640625,-0.13181656301021577,0.0,0.0,0.0,24.01675357669592,2.60433623790741,7.3674722742289305,64.94204916059971,30.5,1.5,11.0,10.0,300.0,15.0,7.333333333333333,30.0
5.041666666666666,x,gym_env,-0.22246746718883514,9.702456801310641e-14,1.0002835988998413,-0.5467457175254822,1.0891932294239057e-13,0.02176716923713684,-1.0212723678890145e-14,0.13488200306892395,-2.037866742216933e-14,-0.20000004768371582,0.0,1.0,0.0,0.0,0.0,13878.7265625,14737.9267578125,14737.9267578125,13878.7265625,-0.13720689415931703,0.0,0.0,0.0,24.07383382320404,2.7397440791130068,7.0068149119615555,65.21644139289856,30.5,1.5,11.0,10.0,300.0,15.0,7.333333333333333,30.0
5.0625,x,gym_env,-0.23351004719734192,9.931058118873778e-14,1.000659704208374,-0.5184844732284546,1.1026155845566404e-13,0.015515241771936417,-1.0350803601819752e-14,0.15527214109897614,-2.0752761217390087e-14,-0.20000004768371582,0.0,1.0,0.0,0.0,0.0,14282.50390625,15141.7041015625,15141.7041015625,14282.50390625,-0.14066366255283358,0.0,0.0,0.0,24.07383382320404,2.7397440791130068,7.0068149119615555,65.21644139289856,30.5,1.5,11.0,10.0,300.0,15.0,7.333333333333333,30.0
5.083333333333333,x,gym_env,-0.2438894361257553,1.0162470908195442e-13,1.0010387897491455,-0.48387137055397034,1.1160769032049489e-13,0.019850561395287514,-1.0523452633392702e-14,0.18933001160621643,-2.1276041231544848e-14,-0.20000004768371582,0.0,1.0,0.0,0.0,0.0,14941.14453125,14081.9443359375,14081.9443359375,14941.14453125,-0.14212156534194947,0.0,0.0,0.0,23.92346565425396,2.6803178906440737,7.316624799743295,64.04205421125516,30.5,1.5,11.0,10.0,300.0,15.0,7.333333333333333,30.0
5.104166666666666,x,gym_env,-0.25347399711608887,1.0396479684093851e-13,1.0014225244522095,-0.4432380795478821,1.1278434105697552e-13,0.01727423630654812,-1.0701747139559101e-14,0.22064827382564545,-2.177846051827463e-14,-0.20000004768371582,0.0,1.0,0.0,0.0,0.0,14850.595703125,14566.98046875,14566.98046875,14850.595703125,-0.1412329077720642,0.0,0.0,0.0,23.92346565425396,2.6803178906440737,7.316624799743295,64.04205421125516,30.5,1.5,11.0,10.0,300.0,15.0,7.333333333333333,30.0
5.125,x,gym_env,-0.26212042570114136,1.0632837112948407e-13,1.0018030405044556,-0.39556264877319336,1.138840676493183e-13,0.018767505884170532,-1.0875724318793346e-14,0.24369506537914276,-2.2197713028045303e-14,-0.20000004768371582,0.0,1.0,0.0,0.0,0.0,14557.033203125,14774.041015625,14774.041015625,14557.033203125,-0.13843849301338196,0.0,0.0,0.0,24.708267575129867,2.75900097489357,7.064362723380327,65.76149162650108,30.5,1.5,11.0,10.0,300.0,15.0,7.333333333333333,30.0
5.145833333333333,x,gym_env,-0.2697191536426544,1.0871371077664227e-13,1.002185344696045,-0.3435969352722168,1.1489381223760836e-13,0.017925458028912544,-1.106480833064187e-14,0.26696711778640747,-2.262603048441749e-14,-0.20000004768371582,0.0,1.0,0.0,0.0,0.0,15103.19921875,14244.0,14244.0,15103.19921875,-0.13358163237571716,0.0,0.0,0.0,24.708267575129867,2.75900097489357,7.064362723380327,65.76149162650108,30.5,1.5,11.0,10.0,300.0,15.0,7.333333333333333,30.0
5.166666666666666,x,gym_env,-0.2761770486831665,1.1111908105893714e-13,1.002539873123169,-0.2870231568813324,1.1582381375611212e-13,0.016255583614110947,-1.1244614790619119e-14,0.2832983136177063,-2.298037655350596e-14,-0.20000004768371582,0.0,1.0,0.0,0.0,0.0,15050.6904296875,14191.490234375,14191.490234375,15050.6904296875,-0.12706424295902252,0.0,0.0,0.0,25.162140691652894,2.8203702911734583,6.615847576409578,65.38831938803196,30.5,1.5,11.0,10.0,300.0,15.0,7.333333333333333,30.0
5.1875,x,gym_env,-0.28142353892326355,1.135431199473895e-13,1.0028306245803833,-0.22820375859737396,1.1670602906386357e-13,0.012371101416647434,-1.138076517249488e-14,0.28581109642982483,-2.317546518191757e-14,-0.20000004768371582,0.0,1.0,0.0,0.0,0.0,14195.8994140625,14957.5322265625,14957.5322265625,14195.8994140625,-0.119334876537323,0.0,0.0,0.0,25.162140691652894,2.8203702911734583,6.615847576409578,65.38831938803196,30.5,1.5,11.0,10.0,300.0,15.0,7.333333333333333,30.0
5.208333333333333,x,gym_env,-0.2854435443878174,1.1598557672024695e-13,1.0030229091644287,-0.16945689916610718,1.1759521037057324e-13,0.007135276682674885,-1.1522660978851868e-14,0.2901179790496826,-2.3392541091574008e-14,-0.20000004768371582,0.0,1.0,0.0,0.0,0.0,14953.3056640625,14094.10546875,14094.10546875,14953.3056640625,-0.11028915047645568,0.0,0.0,0.0,25.397895757108927,2.796830996498466,6.72837033495307,66.09494635462761,30.5,1.5,11.0,10.0,300.0,15.0,7.333333333333333,30.0
5.229166666666666,x,gym_env,-0.288235604763031,1.1844649881135455e-13,1.003085732460022,-0.11026796698570251,1.1847716818030873e-13,0.0002252920821774751,-1.165611525485652e-14,0.29107666015625,-2.3569587918209102e-14,-0.20000004768371582,0.0,1.0,0.0,0.0,0.0,14932.6923828125,14073.4921875,14073.4921875,14932.6923828125,-0.10012863948941231,0.0,0.0,0.0,25.397895757108927,2.796830996498466,6.72837033495307,66.09494635462761,30.5,1.5,11.0,10.0,300.0,15.0,7.333333333333333,30.0
5.25,x,gym_env,-0.28979727625846863,1.2092604207477459e-13,1.002997636795044,-0.0516570545732975,1.1938673248786114e-13,-0.007133067585527897,-1.1742759949097056e-14,0.2783605754375458,-2.3579706573797002e-14,-0.20000004768371582,0.0,1.0,0.0,0.0,0.0,14939.298828125,14080.0986328125,14080.0986328125,14939.298828125,-0.09095209892839193,0.0,0.0,0.0,25.978988379240036,2.9021047115325933,6.339642599225044,66.73036602139473,30.5,1.5,11.0,10.0,300.0,15.0,7.333333333333333,30.0
5.270833333333333,x,gym_env,-0.2901715338230133,1.234256159733313e-13,1.0027681589126587,0.0039030639454722404,1.203908934349629e-13,-0.013428288511931896,-1.1782670447505784e-14,0.2519978880882263,-2.3422493870654815e-14,-0.20000004768371582,0.0,1.0,0.0,0.0,0.0,14080.96875,14940.1689453125,14940.1689453125,14080.96875,-0.10026982575654983,0.0,0.0,0.0,25.978988379240036,2.9021047115325933,6.339642599225044,66.73036602139473,30.5,1.5,11.0,10.0,300.0,15.0,7.333333333333333,30.0
5.291666666666666,x,gym_env,-0.28945374488830566,1.259478361447658e-13,1.0024255514144897,0.05408064275979996,1.2153647500293824e-13,-0.018274782225489616,-1.183481972496939e-14,0.22842475771903992,-2.3298815201894425e-14,-0.20000004768371582,0.0,1.0,0.0,0.0,0.0,14939.11328125,14079.9130859375,14079.9130859375,14939.11328125,-0.10767193585634231,0.0,0.0,0.0,26.332593388855457,2.978093016147614,6.357124745845795,66.73796632885933,30.5,1.5,11.0,10.0,300.0,15.0,7.333333333333333,30.0
5.3125,x,gym_env,-0.2877505123615265,1.2849545375209076e-13,1.0019960403442383,0.09960735589265823,1.2280039723804037e-13,-0.022041108459234238,-1.1885543445982766e-14,0.2021556794643402,-2.314145680908531e-14,-0.20000004768371582,0.0,1.0,0.0,0.0,0.0,14947.67578125,14088.4755859375,14088.4755859375,14947.67578125,-0.1130286306142807,0.0,0.0,0.0,26.332593388855457,2.978093016147614,6.357124745845795,66.73796632885933,30.5,1.5,11.0,10.0,300.0,15.0,7.333333333333333,30.0
5.333333333333333,x,gym_env,-0.28516697883605957,1.3107116574821026e-13,1.0015058517456055,0.13930849730968475,1.2421293648593595e-13,-0.02433481253683567,-1.1910956975499237e-14,0.16227129101753235,-2.2819248864081564e-14,-0.20000004768371582,0.0,1.0,0.0,0.0,0.0,14127.8349609375,14987.0341796875,14987.0341796875,14127.8349609375,-0.11604605615139008,0.0,0.0,0.0,26.514803007245064,2.906275522708893,6.446757711470127,66.28748998045921,30.5,1.5,11.0,10.0,300.0,15.0,7.333333333333333,30.0
5.354166666666666,x,gym_env,-0.281855046749115,1.3367886170841808e-13,1.0009998083114624,0.17095528542995453,1.2583463188543115e-13,-0.024083765223622322,-1.1954862081287217e-14,0.12524794042110443,-2.2531911571450382e-14,-0.20000004768371582,0.0,1.0,0.0,0.0,0.0,14420.927734375,14752.861328125,14752.861328125,14420.927734375,-0.1170751541852951,0.0,0.0,0.0,26.514803007245064,2.906275522708893,6.446757711470127,66.28748998045921,30.5,1.5,11.0,10.0,300.0,15.0,7.333333333333333,30.0
5.375,x,gym_env,-0.2779764235019684,1.3632270225855114e-13,1.0005208253860474,0.1954938918352127,1.2763775496596463e-13,-0.0221613310277462,-1.2021614206761486e-14,0.09697262197732925,-2.2348754249133795e-14,-0.20000004768371582,0.0,1.0,0.0,0.0,0.0,15021.072265625,14161.8720703125,14161.8720703125,15021.072265625,-0.11648119390010833,0.0,0.0,0.0,26.31157247722149,2.971552121639252,6.6474619358778,66.48335227370262,30.5,1.5,11.0,10.0,300.0,15.0,7.333333333333333,30.0
5.395833333333333,x,gym_env,-0.2736605405807495,1.390059671101812e-13,1.0000935792922974,0.21410350501537323,1.295904437361925e-13,-0.01933380402624607,-1.2088595878164462e-14,0.0626276358962059,-2.2090485433186487e-14,-0.20000004768371582,0.0,1.0,0.0,0.0,0.0,15042.9033203125,14183.703125,14183.703125,15042.9033203125,-0.11405631899833679,0.0,0.0,0.0,26.31157247722149,2.971552121639252,6.6474619358778,66.48335227370262,30.5,1.5,11.0,10.0,300.0,15.0,7.333333333333333,30.0
5.416666666666666,x,gym_env,-0.2690480649471283,1.4173222057795032e-13,0.9997398853302002,0.22504150867462158,1.3173480589798864e-13,-0.015341700054705143,-1.2162408870287043e-14,0.014612670056521893,-2.166436687434537e-14,-0.20000004768371582,0.0,1.0,0.0,0.0,0.0,14226.9560546875,15086.15625,15086.15625,14226.9560546875,-0.10950535237789155,0.0,0.0,0.0,26.204380981624126,2.930508077144623,6.866787821054459,66.80222222208977,30.5,1.5,11.0,10.0,300.0,15.0,7.333333333333333,30.0
5.4375,x,gym_env,-0.2643321752548218,1.4450623315141742e-13,0.9994890689849854,0.22586612403392792,1.3413025573040527e-13,-0.009827415458858013,-1.2258691952434387e-14,-0.03048512525856495,-2.1269873137622942e-14,-0.20000004768371582,0.0,1.0,0.0,0.0,0.0,14245.3896484375,15104.58984375,15104.58984375,14245.3896484375,-0.10327593982219696,0.0,0.0,0.0,26.204380981624126,2.930508077144623,6.866787821054459,66.80222222208977,30.5,1.5,11.0,10.0,300.0,15.0,7.333333333333333,30.0
5.458333333333333,x,gym_env,-0.2597150504589081,1.4733293795046731e-13,0.999358594417572,0.2178046852350235,1.367398897019964e-13,-0.003925133962184191,-1.2363163302082838e-14,-0.061659038066864014,-2.1041469009329926e-14,-0.20000004768371582,0.0,1.0,0.0,0.0,0.0,14694.1279296875,14618.779296875,14618.779296875,14694.1279296875,-0.09606403112411499,0.0,0.0,0.0,26.06597065925598,2.9241127610206608,6.971138324588537,66.49765875935555,30.5,1.5,11.0,10.0,300.0,15.0,7.333333333333333,30.0
5.479166666666666,x,gym_env,-0.2553461194038391,1.5021583152710627e-13,0.9993383288383484,0.2035897970199585,1.3948933154372956e-13,0.0009452459635213017,-1.2471506439333188e-14,-0.08797107636928558,-2.0869390877963426e-14,-0.20000004768371582,0.0,1.0,0.0,0.0,0.0,14823.3115234375,14437.8046875,14437.8046875,14823.3115234375,-0.08810851573944092,0.0,0.0,0.0,26.06597065925598,2.9241127610206608,6.971138324588537,66.49765875935555,30.5,1.5,11.0,10.0,300.0,15.0,7.333333333333333,30.0
