time,axis,backend,x,y,z,vx,vy,vz,roll,pitch,yaw,target_x,target_y,target_z,target_vx,target_vy,target_vz,rpm0,rpm1,rpm2,rpm3,reward,disturbance_x,disturbance_y,disturbance_z,x_b0,x_omega_c,x_k,x_r,y_b0,y_omega_c,y_k,y_r,z_b0,z_omega_c,z_k,z_r
0.0,x,gym_env,0.0,0.0,1.0,0.0,0.0,0.0,0.0,-0.0,0.0,0.0,0.0,1.0,0.5,0.0,0.0,14468.4287109375,14468.4287109375,14468.4287109375,14468.4287109375,-5.184214355468749,0.0,0.0,0.0,29.992595315445215,2.119503393769264,7.456964462995529,65.171759724617,30.5,1.5,11.0,10.0,300.0,15.0,7.333333333333333,30.0
0.020833333333333332,x,gym_env,0.0,0.0,1.0,0.0,0.0,-1.3332407178268113e-08,0.0,-0.0,0.0,0.010416666977107525,0.0,1.0,0.5,0.0,0.0,14038.8291015625,14898.029296875,14898.029296875,14038.8291015625,-0.3251707323119044,0.0,0.0,0.0,29.968100391328335,2.125635415315628,7.44155740737915,65.22652494907379,30.5,1.5,11.0,10.0,300.0,15.0,7.333333333333333,30.0
0.041666666666666664,x,gym_env,1.393427965012961e-06,-2.2894487798747387e-22,1.0000022649765015,0.00022294015798252076,-4.3957043372967054e-20,0.00017964669677894562,2.1512492394521185e-18,0.008181506767868996,1.0172525001509352e-20,0.02083333395421505,0.0,1.0,0.5,0.0,0.0,14094.1162109375,14953.31640625,14953.31640625,14094.1162109375,-0.14790737557411193,0.0,0.0,0.0,29.99814225791488,2.117570534348488,7.456207662820816,65.14595215022564,30.5,1.5,11.0,10.0,300.0,15.0,7.333333333333333,30.0
0.0625,x,gym_env,3.083572300965898e-05,-7.371970136185397e-21,1.0000276565551758,0.0026933790650218725,-6.528049940661967e-19,0.0019047900568693876,6.455714133467547e-18,0.030014099553227425,1.1096413367427485e-19,0.03125,0.0,1.0,0.5,0.0,0.0,14325.1669921875,15184.3671875,15184.3671875,14325.1669921875,-0.2445103310495615,0.0,0.0,0.0,30.014382181689143,2.1141426861286163,7.475744754076004,65.1634207367897,30.5,1.5,11.0,10.0,300.0,15.0,7.333333333333333,30.0
0.08333333333333333,x,gym_env,0.00017291810945607722,-3.833814764356212e-20,1.000170111656189,0.010460690595209599,-2.125598368656849e-18,0.010090921074151993,9.15901937103934e-18,0.06561531126499176,4.022048372289691e-19,0.0416666679084301,0.0,1.0,0.5,0.0,0.0,14795.7529296875,15654.953125,15654.953125,14795.7529296875,-0.3708951114118099,0.0,0.0,0.0,30.088324032723904,2.132700465619564,7.3753789365291595,65.18359133601189,30.5,1.5,11.0,10.0,300.0,15.0,7.333333333333333,30.0
0.10416666666666666,x,gym_env,0.0005854802438989282,-1.0933018054584413e-19,1.0006494522094727,0.0273952167481184,-4.3587000248532336e-18,0.03152146190404892,1.1626775416609615e-17,0.11528854072093964,9.290374618336996e-19,0.0520833320915699,0.0,1.0,0.5,0.0,0.0,15506.4248046875,16365.625,16365.625,15506.4248046875,-0.49411680704355243,0.0,0.0,0.0,30.020790815353394,2.126594103872776,7.404003739356995,65.10777844488621,30.5,1.5,11.0,10.0,300.0,15.0,7.333333333333333,30.0
0.125,x,gym_env,0.0015253834426403046,-2.3520094896363417e-19,1.0018295049667358,0.058885395526885986,-7.099195716355717e-18,0.0731295645236969,6.338681725271401e-18,0.17954568564891815,1.5517492633236991e-18,0.0625,0.0,1.0,0.5,0.0,0.0,16445.20703125,17304.408203125,17304.408203125,16445.20703125,-0.6059811222255229,0.0,0.0,0.0,30.04149331152439,2.1173607409000397,7.467424929141998,65.16853502392769,30.5,1.5,11.0,10.0,300.0,15.0,7.333333333333333,30.0
0.14583333333333331,x,gym_env,0.0033897035755217075,-4.021697854505122e-19,1.0042139291763306,0.11260263621807098,-8.231445501901977e-18,0.14145664870738983,-6.567072909842192e-18,0.2590979039669037,1.5906912722014706e-18,0.0729166641831398,0.0,1.0,0.5,0.0,0.0,17685.029296875,18544.228515625,18544.228515625,17685.029296875,-0.7460083370804786,0.0,0.0,0.0,30.058900482952595,2.1491657346487045,7.332378774881363,65.23972481489182,30.5,1.5,11.0,10.0,300.0,15.0,7.333333333333333,30.0
0.16666666666666666,x,gym_env,0.0067838397808372974,-5.413083370231967e-19,1.0084682703018188,0.20017564296722412,-4.9496796270820505e-18,0.24495787918567657,-2.3172121519358284e-17,0.3548884689807892,7.504262650202908e-20,0.0833333358168602,0.0,1.0,0.5,0.0,0.0,18914.095703125,19773.294921875,19773.294921875,18914.095703125,-0.7184655346274377,0.0,0.0,0.0,30.082592003047466,2.1153209060430527,7.465247243642807,65.28281158208847,30.5,1.5,11.0,10.0,300.0,15.0,7.333333333333333,30.0
0.1875,x,gym_env,0.012568383477628231,-5.311903671680246e-19,1.0152814388275146,0.334163099527359,5.086814592114767e-18,0.3797900974750519,-4.9146740880213577e-17,0.4679391384124756,-4.286666655570278e-18,0.09375,0.0,1.0,0.5,0.0,0.0,20510.064453125,21369.263671875,21369.263671875,20510.064453125,-0.8769854336380958,0.0,0.0,0.0,29.909758485853672,2.1271240189671516,7.415116310119629,65.25115901231766,30.5,1.5,11.0,10.0,300.0,15.0,7.333333333333333,30.0
0.20833333333333331,x,gym_env,0.02197643183171749,-1.636348591785889e-19,1.0253839492797852,0.5361374616622925,2.764353234729738e-17,0.5515562891960144,-8.393578361354413e-17,0.5994413495063782,-1.442489829984683e-17,0.1041666641831398,0.0,1.0,0.5,0.0,0.0,21666.447265625,21666.447265625,21666.447265625,21666.447265625,-0.4918760205507279,0.0,0.0,0.0,29.941007670015097,2.1274950429797173,7.31472185254097,65.2820271551609,30.5,1.5,11.0,10.0,300.0,15.0,7.333333333333333,30.0
0.22916666666666666,x,gym_env,0.036404628306627274,8.557189123727783e-19,1.0390033721923828,0.8036119341850281,6.479601537914915e-17,0.7168307304382324,-1.2494281249460725e-16,0.7379841804504395,-3.273754547869289e-17,0.1145833358168602,0.0,1.0,0.5,0.0,0.0,21666.447265625,21666.447265625,21666.447265625,21666.447265625,-0.18135363087058068,0.0,0.0,0.0,29.674269944429398,2.1005258560180664,7.408583551645279,65.44437399506569,30.5,1.5,11.0,10.0,300.0,15.0,7.333333333333333,30.0
0.25,x,gym_env,0.057013388723134995,2.8025193481929348e-18,1.0555644035339355,1.1189184188842773,1.141086390594041e-16,0.8411007523536682,-1.7614085872355638e-16,0.875648021697998,-6.254172321681553e-17,0.125,0.0,1.0,0.5,0.0,0.0,21666.447265625,21666.447265625,21666.447265625,21666.447265625,-0.23537927865982056,0.0,0.0,0.0,29.3495831489563,2.092364639043808,7.351678848266602,65.43404537439346,30.5,1.5,11.0,10.0,300.0,15.0,7.333333333333333,30.0
0.2708333333333333,x,gym_env,0.08471840620040894,5.918327976716347e-18,1.0741361379623413,1.4754884243011475,1.7461053488566387e-16,0.9183778166770935,-2.4553274914305425e-16,1.0124431848526,-1.115254532680745e-16,0.1354166716337204,0.0,1.0,0.5,0.0,0.0,21666.447265625,21666.447265625,21666.447265625,21666.447265625,-0.2883367285132408,0.0,0.0,0.0,29.405351221561432,2.102519139647484,7.263225674629211,65.43006440997124,30.5,1.5,11.0,10.0,300.0,15.0,7.333333333333333,30.0
0.29166666666666663,x,gym_env,0.12028946727514267,1.0421891728655686e-17,1.0936757326126099,1.8660476207733154,2.4512733799867466e-16,0.9437034130096436,-3.5105884009929396e-16,1.148379921913147,-1.9736813965645959e-16,0.1458333283662796,0.0,1.0,0.5,0.0,0.0,21666.447265625,21666.447265625,21666.447265625,21666.447265625,-0.3750590354204178,0.0,0.0,0.0,29.41671061515808,2.105775907635689,7.2591787576675415,65.45937728881836,30.5,1.5,11.0,10.0,300.0,15.0,7.333333333333333,30.0
0.3125,x,gym_env,0.1643376648426056,1.650524595988912e-17,1.1130506992340088,2.282773494720459,3.243089308200723e-16,0.9132193922996521,-5.438015578239244e-16,1.2834681272506714,-3.709293860089326e-16,0.15625,0.0,1.0,0.5,0.0,0.0,21666.447265625,21666.447265625,21666.447265625,21666.447265625,-0.5045478075742722,0.0,0.0,0.0,29.31548511981964,2.1061441898345947,7.276796519756317,65.34866523742676,30.5,1.5,11.0,10.0,300.0,15.0,7.333333333333333,30.0
0.3333333333333333,x,gym_env,0.21730606257915497,2.4330430802922414e-17,1.1310627460479736,2.717458724975586,4.1065983697680998e-16,0.8242146372795105,-1.0524394957546522e-15,1.4177178144454956,-8.606914064683351e-16,0.1666666716337204,0.0,1.0,0.5,0.0,0.0,21666.447265625,21666.447265625,21666.447265625,21666.447265625,-0.6451323181390762,0.0,0.0,0.0,29.208175122737885,2.0728171169757843,7.290878057479858,65.46027475595474,30.5,1.5,11.0,10.0,300.0,15.0,7.333333333333333,30.0
0.35416666666666663,x,gym_env,0.2794637084007263,3.4026855355867043e-17,1.146471381187439,3.1616764068603516,5.025710644460189e-16,0.6751481890678406,-8.289233828420034e-15,1.5511384010314941,-8.07873682366492e-15,0.1770833283662796,0.0,1.0,0.5,0.0,0.0,21666.447265625,21666.447265625,21666.447265625,21666.447265625,-0.7952087730169297,0.0,0.0,0.0,29.235808432102203,2.0958066433668137,7.255226731300354,65.34924367070198,30.5,1.5,11.0,10.0,300.0,15.0,7.333333333333333,30.0
0.375,x,gym_env,0.35090309381484985,4.5689350912868536e-17,1.1580185890197754,3.606945037841797,5.983534442424168e-16,0.4656496047973633,-3.1415927410125732,1.4578529596328735,-3.1415927410125732,0.1875,0.0,1.0,0.5,0.0,0.0,21666.447265625,21666.447265625,21666.447265625,21666.447265625,-0.9530186533927918,0.0,0.0,0.0,29.281807482242584,2.108669266104698,7.230215221643448,65.2908847630024,30.5,1.5,11.0,10.0,300.0,15.0,7.333333333333333,30.0
0.3958333333333333,x,gym_env,0.4315411448478699,5.937691695829785e-17,1.164453387260437,4.044887542724609,6.962710882197243e-16,0.1964963972568512,-3.1415927410125732,1.3260618448257446,-3.1415927410125732,0.1979166716337204,0.0,1.0,0.5,0.0,0.0,19310.662109375,20169.861328125,20169.861328125,19310.662109375,-2.0639065556526184,0.0,0.0,0.0,29.34749960899353,2.103969022631645,7.217623084783554,65.33909350633621,30.5,1.5,11.0,10.0,300.0,15.0,7.333333333333333,30.0
0.41666666666666663,x,gym_env,0.5201854705810547,7.489845822704298e-17,1.1647942066192627,4.392724990844727,7.775331527782561e-16,-0.11024127900600433,-3.1415927410125732,1.1839447021484375,-3.1415927410125732,0.2083333283662796,0.0,1.0,0.5,0.0,0.0,10515.9619140625,11375.162109375,11375.162109375,10515.9619140625,-5.597726263046265,0.0,0.0,0.0,29.23452091217041,2.094756841659546,7.243010759353638,65.28045457601547,30.5,1.5,11.0,10.0,300.0,15.0,7.333333333333333,30.0
0.4375,x,gym_env,0.6127992272377014,9.137833124882265e-17,1.1593899726867676,4.479553699493408,8.000067368139257e-16,-0.36085933446884155,-3.1415927410125732,1.029197096824646,-3.1415927410125732,0.21875,0.0,1.0,0.5,0.0,0.0,9440.2998046875,9440.2998046875,9440.2998046875,9440.2998046875,-2.0470272536277774,0.0,0.0,0.0,29.27150332927704,2.0907305628061295,7.212104573845863,65.11274663358927,30.5,1.5,11.0,10.0,300.0,15.0,7.333333333333333,30.0
0.4583333333333333,x,gym_env,0.7067894339561462,1.0823748312507013e-16,1.1487751007080078,4.531783580780029,8.153012401655821e-16,-0.6099989414215088,-3.1415927410125732,0.8714378476142883,-3.1415927410125732,0.2291666716337204,0.0,1.0,0.5,0.0,0.0,9440.2998046875,9440.2998046875,9440.2998046875,9440.2998046875,-1.3876317739486694,0.0,0.0,0.0,29.49497479200363,2.1174459159374237,7.307149112224579,65.12349174171686,30.5,1.5,11.0,10.0,300.0,15.0,7.333333333333333,30.0
0.47916666666666663,x,gym_env,0.8017602562904358,1.2540452486019965e-16,1.132846713066101,4.575191020965576,8.296779833188886e-16,-0.8687878251075745,-3.1415927410125732,0.7147995829582214,-3.1415927410125732,0.2395833283662796,0.0,1.0,0.5,0.0,0.0,9440.2998046875,9440.2998046875,9440.2998046875,9440.2998046875,-1.4795788407325745,0.0,0.0,0.0,29.211868226528168,2.0986700505018234,7.226467162370682,65.15024036169052,30.5,1.5,11.0,10.0,300.0,15.0,7.333333333333333,30.0
0.5,x,gym_env,0.8975085020065308,1.4285508440464294e-16,1.1114232540130615,4.6082682609558105,8.4272260834396e-16,-1.135648488998413,-3.1415927410125732,0.5592674016952515,-3.1415927410125732,0.25,0.0,1.0,0.5,0.0,0.0,9440.2998046875,9440.2998046875,9440.2998046875,9440.2998046875,-1.5697605967521668,0.0,0.0,0.0,29.314350426197052,2.106063574552536,7.23207251727581,65.0526467859745,30.5,1.5,11.0,10.0,300.0,15.0,7.333333333333333,30.0
0.5208333333333333,x,gym_env,0.9938032031059265,1.6055667010393893e-16,1.0843583345413208,4.629786968231201,8.540614678319389e-16,-1.4088112115859985,-3.1415927410125732,0.40482664108276367,-3.1415927410125732,0.2604166567325592,0.0,1.0,0.5,0.0,0.0,9440.2998046875,9440.2998046875,9440.2998046875,9440.2998046875,-1.6577389001846314,0.0,0.0,0.0,29.298089504241943,2.0927249044179916,7.28754585981369,65.06531477719545,30.5,1.5,11.0,10.0,300.0,15.0,7.333333333333333,30.0
0.5416666666666666,x,gym_env,1.0903913974761963,1.7846959052357487e-16,1.0515443086624146,4.638820648193359,8.633692481915204e-16,-1.6863635778427124,3.1415927410125732,0.2514629364013672,-3.1415927410125732,0.2708333432674408,0.0,1.0,0.5,0.0,0.0,9440.2998046875,9440.2998046875,9440.2998046875,9440.2998046875,-1.7431230545043945,0.0,0.0,0.0,29.483589589595795,2.1259646639227867,7.242894381284714,65.03008701466024,30.5,1.5,11.0,10.0,300.0,15.0,7.333333333333333,30.0
0.5625,x,gym_env,1.1870049238204956,1.9654805294483981e-16,1.0129148960113525,4.6347575187683105,8.703752694564975e-16,-1.9663009643554688,3.1415927410125732,0.09916231781244278,-3.1415927410125732,0.28125,0.0,1.0,0.5,0.0,0.0,9440.2998046875,9440.2998046875,9440.2998046875,9440.2998046875,-1.8255768537521364,0.0,0.0,0.0,29.432829439640045,2.110110029578209,7.235711485147476,64.99299557879567,30.5,1.5,11.0,10.0,300.0,15.0,7.333333333333333,30.0
0.5833333333333333,x,gym_env,1.2833665609359741,2.1474136773979652e-16,0.9684456586837769,4.6173014640808105,8.748678792691751e-16,-2.246577262878418,3.1415927410125732,-0.052089035511016846,-3.1415927410125732,0.2916666567325592,0.0,1.0,0.5,0.0,0.0,9440.2998046875,9440.2998046875,9440.2998046875,9440.2998046875,-1.904824709892273,0.0,0.0,0.0,29.465088427066803,2.11944617331028,7.279113054275513,65.05317356064916,30.5,1.5,11.0,10.0,300.0,15.0,7.333333333333333,30.0
0.6041666666666666,x,gym_env,1.379197120666504,2.329951792160329e-16,0.9181552529335022,4.586471080780029,8.766975763143628e-16,-2.525153636932373,3.1415927410125732,-0.2023046314716339,-3.1415927410125732,0.3020833432674408,0.0,1.0,0.5,0.0,0.0,9440.2998046875,9440.2998046875,9440.2998046875,9440.2998046875,-1.9806556224823,0.0,0.0,0.0,29.26980096101761,2.0796969532966614,7.298503994941711,65.0707536265254,30.5,1.5,11.0,10.0,300.0,15.0,7.333333333333333,30.0
0.625,x,gym_env,1.4742213487625122,2.5125284204520135e-16,0.8621039390563965,4.542588233947754,8.757782808687959e-16,-2.800045967102051,3.1415927410125732,-0.35149770975112915,-3.1415927410125732,0.3125,0.0,1.0,0.5,0.0,0.0,9440.2998046875,9440.2998046875,9440.2998046875,9440.2998046875,-2.0529266834259032,0.0,0.0,0.0,29.32701140642166,2.0853434652090073,7.269926458597183,64.99967727530748,30.5,1.5,11.0,10.0,300.0,15.0,7.333333333333333,30.0
0.6458333333333333,x,gym_env,1.5681746006011963,2.6945669181243953e-16,0.8003923892974854,4.486260414123535,8.720873877406945e-16,-3.069366931915283,3.1415927410125732,-0.499681293964386,-3.1415927410125732,0.3229166567325592,0.0,1.0,0.5,0.0,0.0,9440.2998046875,9440.2998046875,9440.2998046875,9440.2998046875,-2.121562623977661,0.0,0.0,0.0,29.24795514345169,2.075265511870384,7.275019615888596,65.14819797873497,30.5,1.5,11.0,10.0,300.0,15.0,7.333333333333333,30.0
0.6666666666666666,x,gym_env,1.6608079671859741,2.875493685053506e-16,0.7331586480140686,4.418356418609619,8.656639663247507e-16,-3.331367015838623,3.1415927410125732,-0.646868109703064,-3.1415927410125732,0.3333333432674408,0.0,1.0,0.5,0.0,0.0,18967.7265625,19826.927734375,19826.927734375,18967.7265625,-7.127881433486939,0.0,0.0,0.0,29.455728888511658,2.111455336213112,7.270944714546204,65.05999153479934,30.5,1.5,11.0,10.0,300.0,15.0,7.333333333333333,30.0
0.6875,x,gym_env,1.7497574090957642,3.0531318465649017e-16,0.6578091382980347,4.1647186279296875,8.424810980748741e-16,-3.801995038986206,3.1415927410125732,-0.8039998412132263,-3.1415927410125732,0.34375,0.0,1.0,0.5,0.0,0.0,21666.447265625,21666.447265625,21666.447265625,21666.447265625,-3.283443425178528,0.0,0.0,0.0,29.28384655714035,2.0777488499879837,7.302987158298492,65.03173614293337,30.5,1.5,11.0,10.0,300.0,15.0,7.333333333333333,30.0
0.7083333333333333,x,gym_env,1.8320788145065308,3.223513317998492e-16,0.5723996758460999,3.8027727603912354,7.992537774633758e-16,-4.290276527404785,3.1415927410125732,-0.9672702550888062,-3.1415927410125732,0.3541666567325592,0.0,1.0,0.5,0.0,0.0,21666.447265625,21666.447265625,21666.447265625,21666.447265625,-2.1316215991973877,0.0,0.0,0.0,29.437296211719513,2.1071879863739014,7.221597880125046,64.96541925147176,30.5,1.5,11.0,10.0,300.0,15.0,7.333333333333333,30.0
0.7291666666666666,x,gym_env,1.9063001871109009,3.382948476775597e-16,0.4775826036930084,3.397440195083618,7.40714271687447e-16,-4.716475486755371,3.1415927410125732,-1.1293449401855469,-3.1415927410125732,0.3645833432674408,0.0,1.0,0.5,0.0,0.0,21666.447265625,21666.447265625,21666.447265625,21666.447265625,-2.098959755897522,0.0,0.0,0.0,29.42445206642151,2.0949817448854446,7.270698964595795,64.99675217014737,30.5,1.5,11.0,10.0,300.0,15.0,7.333333333333333,30.0
0.75,x,gym_env,1.9716506004333496,3.5284637078557615e-16,0.37472569942474365,2.9594626426696777,6.686382265023289e-16,-5.074897289276123,3.1415927410125732,-1.2902402877807617,-3.1415927410125732,0.375,0.0,1.0,0.5,0.0,0.0,21666.447265625,21666.447265625,21666.447265625,21666.447265625,-2.052629804611206,0.0,0.0,0.0,29.510112196207047,2.0957734882831573,7.304553389549255,64.9104426279664,30.5,1.5,11.0,10.0,300.0,15.0,7.333333333333333,30.0
0.7708333333333333,x,gym_env,2.0275909900665283,3.6574948836889693e-16,0.265291690826416,2.5001940727233887,5.851162780405226e-16,-5.361739158630371,3.1415927410125732,-1.4499725103378296,-3.1415927410125732,0.3854166567325592,0.0,1.0,0.5,0.0,0.0,21666.447265625,21666.447265625,21666.447265625,21666.447265625,-1.9946622610092164,0.0,0.0,0.0,29.672925859689713,2.136580392718315,7.240249007940292,64.98192992806435,30.5,1.5,11.0,10.0,300.0,15.0,7.333333333333333,30.0
0.7916666666666666,x,gym_env,2.0738232135772705,3.76794665652195e-16,0.15079857409000397,2.031278371810913,4.924866607529236e-16,-5.575118064880371,9.075747965658909e-15,-1.533035397529602,-8.873528166864365e-15,0.3958333432674408,0.0,1.0,0.5,0.0,0.0,21666.447265625,21666.447265625,21666.447265625,21666.447265625,-1.8576291799545288,0.0,0.0,0.0,29.70791992545128,2.136576198041439,7.238878861069679,64.92838934063911,30.5,1.5,11.0,10.0,300.0,15.0,7.333333333333333,30.0
0.8125,x,gym_env,2.1088695526123047,2.5849307139225175e-09,0.05725165084004402,1.2229650020599365,6.203832754181349e-07,0.15821601450443268,-1.7057652712537674e-07,-1.3251055479049683,1.5476743442377483e-07,0.40625,0.0,1.0,0.5,0.0,0.0,21666.447265625,21666.447265625,21666.447265625,21666.447265625,-1.7806813597679139,0.0,0.0,0.0,29.807751387357712,2.1455828100442886,7.2209718227386475,64.98454390000552,30.5,1.5,11.0,10.0,300.0,15.0,7.333333333333333,30.0
0.8333333333333333,x,gym_env,2.128840446472168,1.5678141451758165e-08,0.059525731950998306,0.7904545664787292,6.422101250791457e-07,0.09993111342191696,-4.363568848475552e-07,-0.9199060797691345,3.123124088233453e-07,0.4166666567325592,0.0,1.0,0.5,0.0,0.0,21666.447265625,21666.447265625,21666.447265625,21666.447265625,-1.734027910232544,0.0,0.0,0.0,29.92294468730688,2.1457448974251747,7.214446157217026,64.94461899623275,30.5,1.5,11.0,10.0,300.0,15.0,7.333333333333333,30.0
0.8541666666666666,x,gym_env,2.1408584117889404,3.021839845018803e-08,0.06262239813804626,0.45081937313079834,7.491494216083083e-07,0.19923922419548035,-5.840481662744423e-07,-0.5215211510658264,2.9273226687109855e-07,0.4270833432674408,0.0,1.0,0.5,0.0,0.0,21666.447265625,21666.447265625,21666.447265625,21666.447265625,-1.7693771243095398,0.0,0.0,0.0,29.768146321177483,2.132014274597168,7.284885346889496,64.92242982238531,30.5,1.5,11.0,10.0,300.0,15.0,7.333333333333333,30.0
0.875,x,gym_env,2.147536516189575,4.84342841389207e-08,0.06922780722379684,0.2553800940513611,9.751636298460653e-07,0.40584397315979004,-7.564582915620122e-07,-0.12973034381866455,2.116521358175305e-07,0.4375,0.0,1.0,0.5,0.0,0.0,21666.447265625,21666.447265625,21666.447265625,21666.447265625,-1.7685122907161712,0.0,0.0,0.0,29.70021891593933,2.1162922233343124,7.323874294757843,64.915606059134,30.5,1.5,11.0,10.0,300.0,15.0,7.333333333333333,30.0
0.8958333333333333,x,gym_env,2.152261257171631,7.301687077188035e-08,0.0807887390255928,0.23124483227729797,1.334308649347804e-06,0.6554955244064331,-1.0013541213993449e-06,0.25567612051963806,5.580069029065271e-08,0.4479166567325592,0.0,1.0,0.5,0.0,0.0,9440.2998046875,9440.2998046875,9440.2998046875,9440.2998046875,-7.870719307661057,0.0,0.0,0.0,29.74674543738365,2.1383898183703423,7.233732774853706,64.90604229271412,30.5,1.5,11.0,10.0,300.0,15.0,7.333333333333333,30.0
0.9166666666666666,x,gym_env,2.157374382019043,1.0191243404733541e-07,0.0929211750626564,0.25906088948249817,1.425108166586142e-06,0.5321943759918213,-1.4042306020201067e-06,0.6348982453346252,-2.4913921947700146e-07,0.4583333432674408,0.0,1.0,0.5,0.0,0.0,9440.2998046875,9440.2998046875,9440.2998046875,9440.2998046875,-1.7420922219753265,0.0,0.0,0.0,29.764989912509918,2.121258184313774,7.278864026069641,64.99406818533316,30.5,1.5,11.0,10.0,300.0,15.0,7.333333333333333,30.0
0.9375,x,gym_env,2.1634302139282227,1.3295566247961688e-07,0.10230312496423721,0.3150230944156647,1.5355874438682804e-06,0.3929654061794281,-2.257180767628597e-06,1.0081267356872559,-9.890117098620976e-07,0.46875,0.0,1.0,0.5,0.0,0.0,9440.2998046875,9440.2998046875,9440.2998046875,9440.2998046875,-1.7239836931228638,0.0,0.0,0.0,29.88202193379402,2.1437794640660286,7.3011680245399475,64.89362389594316,30.5,1.5,11.0,10.0,300.0,15.0,7.333333333333333,30.0
0.9583333333333333,x,gym_env,2.170916795730591,1.6647133804781333e-07,0.10848698765039444,0.39091551303863525,1.6586618585279211e-06,0.2289959341287613,-6.002948339300929e-06,1.375543475151062,-4.601045475283172e-06,0.4791666567325592,0.0,1.0,0.5,0.0,0.0,9440.2998046875,9440.2998046875,9440.2998046875,9440.2998046875,-1.7057119488716126,0.0,0.0,0.0,29.889575131237507,2.1317410469055176,7.2948857843875885,64.89209835231304,30.5,1.5,11.0,10.0,300.0,15.0,7.333333333333333,30.0
0.9791666666666666,x,gym_env,2.1801207065582275,2.0261697386558808e-07,0.11088728159666061,0.47621065378189087,1.7858304772744305e-06,0.035222601145505905,-3.1415865421295166,1.4042701721191406,-3.141585111618042,0.4895833432674408,0.0,1.0,0.5,0.0,0.0,9440.2998046875,9440.2998046875,9440.2998046875,9440.2998046875,-1.7134337663650512,0.0,0.0,0.0,29.79827217757702,2.130064472556114,7.280482202768326,64.89878392219543,30.5,1.5,11.0,10.0,300.0,15.0,7.333333333333333,30.0
1.0,x,gym_env,2.191096782684326,2.4136809884112154e-07,0.10886477679014206,0.5596017837524414,1.908363401526003e-06,-0.18926392495632172,-3.1415913105010986,1.0479629039764404,-3.141589403152466,0.5,0.0,1.0,0.5,0.0,0.0,9440.2998046875,9440.2998046875,9440.2998046875,9440.2998046875,-1.7297692060470582,0.0,0.0,0.0,29.991365438327193,2.1599102467298508,7.265502333641052,64.9094667211175,30.5,1.5,11.0,10.0,300.0,15.0,7.333333333333333,30.0
1.0208333333333333,x,gym_env,2.203670024871826,2.8252816264284775e-07,0.10181190818548203,0.6304959058761597,2.018450459218002e-06,-0.4413803815841675,-3.141592264175415,0.6969683766365051,-3.141590118408203,0.5104166865348816,0.0,1.0,0.5,0.0,0.0,9440.2998046875,9440.2998046875,9440.2998046875,9440.2998046875,-1.7431077480316162,0.0,0.0,0.0,29.908599749207497,2.153107635676861,7.283005505800247,64.92322444915771,30.5,1.5,11.0,10.0,300.0,15.0,7.333333333333333,30.0
1.0416666666666665,x,gym_env,2.217468500137329,3.2575957220615237e-07,0.08922846615314484,0.6802799701690674,2.110124341925257e-06,-0.7147107720375061,3.141592502593994,0.3511345386505127,-3.1415903568267822,0.5208333134651184,0.0,1.0,0.5,0.0,0.0,9440.2998046875,9440.2998046875,9440.2998046875,9440.2998046875,-1.7517860889434815,0.0,0.0,0.0,29.93578401207924,2.1468146294355392,7.229239270091057,64.89458545297384,30.5,1.5,11.0,10.0,300.0,15.0,7.333333333333333,30.0
1.0625,x,gym_env,2.231975555419922,3.706301470174367e-07,0.07077883929014206,0.703218936920166,2.179845296268468e-06,-1.000512957572937,3.141592025756836,0.010315768420696259,-3.1415905952453613,0.53125,0.0,1.0,0.5,0.0,0.0,9440.2998046875,9440.2998046875,9440.2998046875,9440.2998046875,-1.7547313570976257,0.0,0.0,0.0,29.72950091958046,2.1337012946605682,7.237653359770775,64.8585399389267,30.5,1.5,11.0,10.0,300.0,15.0,7.333333333333333,30.0
1.0833333333333333,x,gym_env,2.246596336364746,4.166670919403259e-07,0.04632589966058731,0.6969251036643982,2.2267329313763184e-06,-1.2889001369476318,3.1415915489196777,-0.32562747597694397,-3.1415903568267822,0.5416666865348816,0.0,1.0,0.5,0.0,0.0,9440.2998046875,9440.2998046875,9440.2998046875,9440.2998046875,-1.7446400225162506,0.0,0.0,0.0,29.746152341365814,2.1336361914873123,7.240804344415665,64.94938887655735,30.5,1.5,11.0,10.0,300.0,15.0,7.333333333333333,30.0
1.1041666666666665,x,gym_env,2.2568390369415283,4.5372593149295426e-07,0.023732716217637062,0.3526613414287567,1.4819166835877695e-06,-0.9471706748008728,3.1415908336639404,-0.22358442842960358,-3.141590118408203,0.5520833134651184,0.0,1.0,0.5,0.0,0.0,9440.2998046875,9440.2998046875,9440.2998046875,9440.2998046875,-1.8119646191596985,0.0,0.0,0.0,29.920578509569168,2.146353170275688,7.220735639333725,64.8368806540966,30.5,1.5,11.0,10.0,300.0,15.0,7.333333333333333,30.0
1.125,x,gym_env,2.2620255947113037,4.735849756798416e-07,0.0073844376020133495,-0.010111368261277676,-1.069830659616855e-06,0.12788598239421844,3.141589641571045,-0.04650949686765671,-3.141590118408203,0.5625,0.0,1.0,0.5,0.0,0.0,9440.2998046875,9440.2998046875,9440.2998046875,9440.2998046875,-1.801271092891693,0.0,0.0,0.0,29.97851714119315,2.165115848183632,7.2208163142204285,64.88519001752138,30.5,1.5,11.0,10.0,300.0,15.0,7.333333333333333,30.0
1.1458333333333333,x,gym_env,2.2617874145507812,4.487869489366858e-07,0.009468424133956432,-0.009918415918946266,-1.2630079027076135e-06,0.08404155820608139,3.141587734222412,-0.030627846717834473,-3.141590118408203,0.5729166865348816,0.0,1.0,0.5,0.0,0.0,9440.2998046875,9440.2998046875,9440.2998046875,9440.2998046875,-1.7899615168571472,0.0,0.0,0.0,29.983800653368235,2.1479098200798035,7.299137473106384,64.88308575749397,30.5,1.5,11.0,10.0,300.0,15.0,7.333333333333333,30.0
1.1666666666666665,x,gym_env,2.261629581451416,4.195271969820169e-07,0.010839994996786118,-0.006243380252271891,-1.5136690763029037e-06,0.05530387908220291,3.1415855884552,-0.020168084651231766,-3.141590118408203,0.5833333134651184,0.0,1.0,0.5,0.0,0.0,9440.2998046875,9440.2998046875,9440.2998046875,9440.2998046875,-1.778993546962738,0.0,0.0,0.0,30.04577624797821,2.1704386472702026,7.226056233048439,64.87248358130455,30.5,1.5,11.0,10.0,300.0,15.0,7.333333333333333,30.0
1.1875,x,gym_env,2.2615296840667725,3.835376105598698e-07,0.011743610724806786,-0.003985593095421791,-1.8870804296966526e-06,0.03645692020654678,3.14158296585083,-0.0132964001968503,-3.141590118408203,0.59375,0.0,1.0,0.5,0.0,0.0,9440.2998046875,9440.2998046875,9440.2998046875,9440.2998046875,-1.768233072757721,0.0,0.0,0.0,30.02751674503088,2.1408667266368866,7.310240387916565,64.78136433660984,30.5,1.5,11.0,10.0,300.0,15.0,7.333333333333333,30.0
1.2083333333333333,x,gym_env,2.261465072631836,3.3792807130339497e-07,0.012338374741375446,-0.0025900087784975767,-2.4119208319461904e-06,0.02397014945745468,3.1415796279907227,-0.00874989852309227,-3.141590118408203,0.6041666865348816,0.0,1.0,0.5,0.0,0.0,9440.2998046875,9440.2998046875,9440.2998046875,9440.2998046875,-1.7575935006141663,0.0,0.0,0.0,30.04037745669484,2.153516821563244,7.270866692066193,64.88623272627592,30.5,1.5,11.0,10.0,300.0,15.0,7.333333333333333,30.0
1.2291666666666665,x,gym_env,2.261423110961914,2.7911036681871337e-07,0.012729897163808346,-0.001685658236965537,-3.127013997072936e-06,0.015794973820447922,3.141575336456299,-0.005740223918110132,-3.141590118408203,0.6145833134651184,0.0,1.0,0.5,0.0,0.0,9440.2998046875,9440.2998046875,9440.2998046875,9440.2998046875,-1.747030544281006,0.0,0.0,0.0,30.037481114268303,2.1541447788476944,7.3022297620773315,64.78525801002979,30.5,1.5,11.0,10.0,300.0,15.0,7.333333333333333,30.0
1.25,x,gym_env,2.2613956928253174,2.023377589921438e-07,0.012988022528588772,-0.0010905166855081916,-4.0957684177556075e-06,0.010440033860504627,3.1415696144104004,-0.003757992759346962,-3.141590118408203,0.625,0.0,1.0,0.5,0.0,0.0,9440.2998046875,9440.2998046875,9440.2998046875,9440.2998046875,-1.7365209579467773,0.0,0.0,0.0,30.01355774793774,2.1418717801570892,7.2933171689510345,64.73037406802177,30.5,1.5,11.0,10.0,300.0,15.0,7.333333333333333,30.0
1.2708333333333333,x,gym_env,2.261378049850464,1.0140569628447338e-07,0.013158554211258888,-0.0007145446725189686,-5.394217168941395e-06,0.006879918742924929,3.1415622234344482,-0.0024617055896669626,-3.141590118408203,0.6354166865348816,0.0,1.0,0.5,0.0,0.0,9440.2998046875,9440.2998046875,9440.2998046875,9440.2998046875,-1.726043438911438,0.0,0.0,0.0,29.998369172564708,2.1519187912344933,7.244265168905258,64.80220383405685,30.5,1.5,11.0,10.0,300.0,15.0,7.333333333333333,30.0
1.2916666666666665,x,gym_env,2.261366367340088,-3.1796577815157434e-08,0.013270935975015163,-0.0004691069188993424,-7.126042419258738e-06,0.0045339614152908325,3.141552209854126,-0.0016071511199697852,-3.141590118408203,0.6458333134651184,0.0,1.0,0.5,0.0,0.0,9440.2998046875,9440.2998046875,9440.2998046875,9440.2998046875,-1.7155871629714965,0.0,0.0,0.0,30.072729021310806,2.163143113255501,7.281974971294403,64.76816622912884,30.5,1.5,11.0,10.0,300.0,15.0,7.333333333333333,30.0
1.3125,x,gym_env,2.2613587379455566,-2.0795496880054998e-07,0.01334499754011631,-0.00030838215025141835,-9.429093552171253e-06,0.0029880162328481674,3.1415393352508545,-0.0010438502067700028,-3.141590118408203,0.65625,0.0,1.0,0.5,0.0,0.0,9440.2998046875,9440.2998046875,9440.2998046875,9440.2998046875,-1.7051443099975585,0.0,0.0,0.0,30.12908747792244,2.1539225429296494,7.264416724443436,64.80596163868904,30.5,1.5,11.0,10.0,300.0,15.0,7.333333333333333,30.0
1.3333333333333333,x,gym_env,2.2613537311553955,-4.411764393807971e-07,0.013393807224929333,-0.000202905444893986,-1.2486841114878189e-05,0.0019692271016538143,3.14152193069458,-0.0006725505227223039,-3.141590118408203,0.6666666865348816,0.0,1.0,0.5,0.0,0.0,9440.2998046875,9440.2998046875,9440.2998046875,9440.2998046875,-1.6947139382362366,0.0,0.0,0.0,30.068202450871468,2.14740801602602,7.267794281244278,64.84392707049847,30.5,1.5,11.0,10.0,300.0,15.0,7.333333333333333,30.0
1.3541666666666665,x,gym_env,2.261350393295288,1.7005316976792528e-06,0.013425055891275406,-0.00015144278586376458,7.998818182386458e-05,0.0013362610479816794,-3.1415088176727295,-0.0004225349402986467,-3.1415910720825195,0.6770833134651184,0.0,1.0,0.5,0.0,0.0,9440.2998046875,9440.2998046875,9440.2998046875,9440.2998046875,-1.6842820048332214,0.0,0.0,0.0,30.11056212335825,2.159482903778553,7.248549550771713,64.78940169513226,30.5,1.5,11.0,10.0,300.0,15.0,7.333333333333333,30.0
1.375,x,gym_env,2.261348009109497,4.639838095954474e-07,0.013447538018226624,-8.622083987575024e-05,-0.00011707280646078289,0.0009377130772918463,-3.141582489013672,-0.000261982117081061,-3.1415865421295166,0.6875,0.0,1.0,0.5,0.0,0.0,9440.2998046875,9440.2998046875,9440.2998046875,9440.2998046875,-1.6738577127456664,0.0,0.0,0.0,30.204653158783913,2.1601057276129723,7.265477657318115,64.82284533977509,30.5,1.5,11.0,10.0,300.0,15.0,7.333333333333333,30.0
1.3958333333333333,x,gym_env,2.2613465785980225,-1.1865575970659847e-06,0.013462955132126808,-5.565469109569676e-05,-4.3022602767450735e-05,0.0006293038022704422,3.141512870788574,-0.00016858252638485283,-3.1415786743164062,0.6979166865348816,0.0,1.0,0.5,0.0,0.0,9440.2998046875,9440.2998046875,9440.2998046875,9440.2998046875,-1.6634371399879455,0.0,0.0,0.0,30.15029326081276,2.1655456870794296,7.325252026319504,64.72518634796143,30.5,1.5,11.0,10.0,300.0,15.0,7.333333333333333,30.0
1.4166666666666665,x,gym_env,2.261345624923706,-1.9338740457897075e-06,0.013473669067025185,-4.132675167056732e-05,-3.3994248951785266e-05,0.00043762181303463876,3.141500473022461,-0.00012437617988325655,-3.1415703296661377,0.7083333134651184,0.0,1.0,0.5,0.0,0.0,9440.2998046875,9440.2998046875,9440.2998046875,9440.2998046875,-1.6530161023139953,0.0,0.0,0.0,30.166656836867332,2.1591455712914467,7.241279438138008,64.75722146034241,30.5,1.5,11.0,10.0,300.0,15.0,7.333333333333333,30.0
1.4375,x,gym_env,2.261345148086548,-2.2149465621623676e-06,0.01348048821091652,-2.1023888621130027e-05,-9.645526688473183e-07,0.00026419153437018394,3.141508102416992,-9.927037172019482e-05,-3.141563653945923,0.71875,0.0,1.0,0.5,0.0,0.0,9440.2998046875,9440.2998046875,9440.2998046875,9440.2998046875,-1.6425979733467102,0.0,0.0,0.0,30.081250987946987,2.1706151366233826,7.222499042749405,64.73927649855614,30.5,1.5,11.0,10.0,300.0,15.0,7.333333333333333,30.0
1.4583333333333333,x,gym_env,2.2613446712493896,-2.2783792701375205e-06,0.013484804891049862,-1.6537276678718626e-05,-4.249311587045668e-06,0.00017413703608326614,3.141519784927368,-8.335951861226931e-05,-3.1415581703186035,0.7291666865348816,0.0,1.0,0.5,0.0,0.0,9440.2998046875,9440.2998046875,9440.2998046875,9440.2998046875,-1.6321823239326476,0.0,0.0,0.0,30.09161216020584,2.1617904528975487,7.233070567250252,64.84278763830662,30.5,1.5,11.0,10.0,300.0,15.0,7.333333333333333,30.0
1.4791666666666665,x,gym_env,2.2613441944122314,-2.3519401111116167e-06,0.013486890122294426,-2.438422234263271e-05,-4.044128218083642e-06,7.34056084183976e-05,3.141530752182007,-5.819754005642608e-05,-3.141552686691284,0.7395833134651184,0.0,1.0,0.5,0.0,0.0,9440.2998046875,9440.2998046875,9440.2998046875,9440.2998046875,-1.6217628598213196,0.0,0.0,0.0,30.20269425213337,2.1579894050955772,7.313723981380463,64.83376957476139,30.5,1.5,11.0,10.0,300.0,15.0,7.333333333333333,30.0
1.5,x,gym_env,2.2613437175750732,-2.2489750790555263e-06,0.013487824238836765,-1.1962431926804129e-05,1.7047323126462288e-05,4.4286814954830334e-05,3.1415469646453857,-3.177723920089193e-05,-3.141549825668335,0.75,0.0,1.0,0.5,0.0,0.0,9440.2998046875,9440.2998046875,9440.2998046875,9440.2998046875,-1.6113451838493347,0.0,0.0,0.0,30.192051097750664,2.1705330908298492,7.220539003610611,64.83507013320923,30.5,1.5,11.0,10.0,300.0,15.0,7.333333333333333,30.0
1.5208333333333333,x,gym_env,2.2613437175750732,-1.962800752153271e-06,0.01348854973912239,-7.33767774363514e-06,1.185352994070854e-05,2.926223532995209e-05,3.1415650844573975,-1.5378420357592404e-05,-3.1415505409240723,0.7604166865348816,0.0,1.0,0.5,0.0,0.0,9440.2998046875,9440.2998046875,9440.2998046875,9440.2998046875,-1.60092853307724,0.0,0.0,0.0,30.211652100086212,2.152038909494877,7.309088855981827,64.73806217312813,30.5,1.5,11.0,10.0,300.0,15.0,7.333333333333333,30.0
1.5416666666666665,x,gym_env,2.261343479156494,-1.6151201407410554e-06,0.01348852925002575,-8.97805603017332e-06,1.369919118587859e-05,-2.0643119569285773e-06,3.1415867805480957,4.896462542092195e-06,-3.1415529251098633,0.7708333134651184,0.0,1.0,0.5,0.0,0.0,9440.2998046875,9440.2998046875,9440.2998046875,9440.2998046875,-1.5905028998851776,0.0,0.0,0.0,30.20199440419674,2.1637187749147415,7.287828981876373,64.69178926944733,30.5,1.5,11.0,10.0,300.0,15.0,7.333333333333333,30.0
1.5625,x,gym_env,2.261343479156494,-1.2901567743028863e-06,0.013488839380443096,3.662434755824506e-05,6.612847300857538e-06,-1.8948278466268675e-06,-3.141575336456299,1.625037293706555e-05,-3.141554355621338,0.78125,0.0,1.0,0.5,0.0,0.0,9440.2998046875,9440.2998046875,9440.2998046875,9440.2998046875,-1.5803220629692079,0.0,0.0,0.0,30.42278617620468,2.1770754531025887,7.312038689851761,64.66865542531013,30.5,1.5,11.0,10.0,300.0,15.0,7.333333333333333,30.0
1.5833333333333333,x,gym_env,2.261385679244995,1.1644794540188741e-05,0.013431573286652565,-0.0009319120435975492,-0.0002572602534200996,0.001150793395936489,-3.140618324279785,-0.003116689622402191,-3.1415538787841797,0.7916666865348816,0.0,1.0,0.5,0.0,0.0,9440.2998046875,9440.2998046875,9440.2998046875,9440.2998046875,-1.569825565814972,0.0,0.0,0.0,30.22849978506565,2.1622911170125008,7.281133979558945,64.79031677544117,30.5,1.5,11.0,10.0,300.0,15.0,7.333333333333333,30.0
1.6041666666666665,x,gym_env,2.2613706588745117,7.342287972278427e-06,0.013450764119625092,-0.000608242058660835,-0.00017331003618892282,0.000775582913774997,-3.1409382820129395,-0.0020277134608477354,-3.1415469646453857,0.8020833134651184,0.0,1.0,0.5,0.0,0.0,9440.2998046875,9440.2998046875,9440.2998046875,9440.2998046875,-1.559354293346405,0.0,0.0,0.0,30.29356414079666,2.1537932381033897,7.2985489666461945,64.69408455491066,30.5,1.5,11.0,10.0,300.0,15.0,7.333333333333333,30.0
1.625,x,gym_env,2.2613611221313477,4.56700763606932e-06,0.013463083654642105,-0.000382150785299018,-0.00011100431584054604,0.0004949020221829414,-3.141144275665283,-0.0013197180815041065,-3.1415436267852783,0.8125,0.0,1.0,0.5,0.0,0.0,9440.2998046875,9440.2998046875,9440.2998046875,9440.2998046875,-1.548904550075531,0.0,0.0,0.0,30.30608543753624,2.1626937463879585,7.2964135110378265,64.70149913430214,30.5,1.5,11.0,10.0,300.0,15.0,7.333333333333333,30.0
1.6458333333333333,x,gym_env,2.261354923248291,2.669621608220041e-06,0.01347153726965189,-0.00024814627249725163,-7.892194844316691e-05,0.0003514741256367415,-3.141284942626953,-0.0008626490598544478,-3.14154314994812,0.8229166865348816,0.0,1.0,0.5,0.0,0.0,9440.2998046875,9440.2998046875,9440.2998046875,9440.2998046875,-1.538466465473175,0.0,0.0,0.0,30.426109194755554,2.167809620499611,7.2775938808918,64.65169081091881,30.5,1.5,11.0,10.0,300.0,15.0,7.333333333333333,30.0
1.6666666666666665,x,gym_env,2.2613508701324463,1.3378258927332354e-06,0.013477466069161892,-0.0001616960798855871,-5.493212665896863e-05,0.00024445855524390936,-3.1413838863372803,-0.0005649351514875889,-3.141542673110962,0.8333333134651184,0.0,1.0,0.5,0.0,0.0,9440.2998046875,9440.2998046875,9440.2998046875,9440.2998046875,-1.528036117553711,0.0,0.0,0.0,30.297707200050354,2.1670963391661644,7.2799089550971985,64.76319526135921,30.5,1.5,11.0,10.0,300.0,15.0,7.333333333333333,30.0
1.6875,x,gym_env,2.261348247528076,4.189470530491235e-07,0.01348155364394188,-0.00010564594413153827,-3.767977614188567e-05,0.00016760168364271522,-3.141451835632324,-0.0003705061099026352,-3.141542673110962,0.84375,0.0,1.0,0.5,0.0,0.0,9440.2998046875,9440.2998046875,9440.2998046875,9440.2998046875,-1.5176092386245728,0.0,0.0,0.0,30.368058502674103,2.1533252000808716,7.3474204540252686,64.68462082743645,30.5,1.5,11.0,10.0,300.0,15.0,7.333333333333333,30.0
1.7083333333333333,x,gym_env,2.2613465785980225,-1.496496508934797e-07,0.013484200462698936,-6.332125485641882e-05,-2.5677294615888968e-05,0.0001141841130447574,-3.141494035720825,-0.00024241216306108981,-3.1415445804595947,0.8541666865348816,0.0,1.0,0.5,0.0,0.0,9440.2998046875,9440.2998046875,9440.2998046875,9440.2998046875,-1.5071866154670714,0.0,0.0,0.0,30.32447189092636,2.163192071020603,7.350629478693008,64.67269945144653,30.5,1.5,11.0,10.0,300.0,15.0,7.333333333333333,30.0
1.7291666666666665,x,gym_env,2.261345624923706,-5.732271119995858e-07,0.013486083596944809,-3.867360283038579e-05,-1.7202417438966222e-05,7.648171595064923e-05,-3.1415255069732666,-0.00016111946024466306,-3.1415462493896484,0.8645833134651184,0.0,1.0,0.5,0.0,0.0,9440.2998046875,9440.2998046875,9440.2998046875,9440.2998046875,-1.496766197681427,0.0,0.0,0.0,30.432306557893753,2.179401785135269,7.30801260471344,64.6598259806633,30.5,1.5,11.0,10.0,300.0,15.0,7.333333333333333,30.0
1.75,x,gym_env,2.2613449096679688,-8.560133437640616e-07,0.01348734088242054,-2.2706870367983356e-05,-1.1436538443376776e-05,5.0839807954616845e-05,-3.1415464878082275,-0.00010777560237329453,-3.1415483951568604,0.875,0.0,1.0,0.5,0.0,0.0,9440.2998046875,9440.2998046875,9440.2998046875,9440.2998046875,-1.486347234249115,0.0,0.0,0.0,30.451864391565323,2.1703280359506607,7.293170779943466,64.67708802223206,30.5,1.5,11.0,10.0,300.0,15.0,7.333333333333333,30.0
1.7708333333333333,x,gym_env,2.2613446712493896,-1.0428610721646692e-06,0.013488170690834522,-1.2791690096491948e-05,-7.539298621850321e-06,3.351271880092099e-05,-3.1415603160858154,-7.265349267981946e-05,-3.1415505409240723,0.8854166865348816,0.0,1.0,0.5,0.0,0.0,9440.2998046875,9440.2998046875,9440.2998046875,9440.2998046875,-1.4759289383888246,0.0,0.0,0.0,30.331632405519485,2.173379383981228,7.260560542345047,64.73098984360695,30.5,1.5,11.0,10.0,300.0,15.0,7.333333333333333,30.0
1.7916666666666665,x,gym_env,2.2613444328308105,-1.1660345080599654e-06,0.013488718308508396,-6.2601980062027e-06,-4.969980636815308e-06,2.2091167920734733e-05,-3.1415693759918213,-4.951348091708496e-05,-3.141552686691284,0.8958333134651184,0.0,1.0,0.5,0.0,0.0,9440.2998046875,9440.2998046875,9440.2998046875,9440.2998046875,-1.4655115723609924,0.0,0.0,0.0,30.535093426704407,2.172328360378742,7.328268796205521,64.67113807797432,30.5,1.5,11.0,10.0,300.0,15.0,7.333333333333333,30.0
1.8125,x,gym_env,2.2613444328308105,-1.2472305570554454e-06,0.013489079661667347,-1.9574281395762227e-06,-3.276180223110714e-06,1.4562288015440572e-05,-3.141575336456299,-3.4267795854248106e-05,-3.141554832458496,0.90625,0.0,1.0,0.5,0.0,0.0,9440.2998046875,9440.2998046875,9440.2998046875,9440.2998046875,-1.4550889015197754,0.0,0.0,0.0,30.424191027879715,2.1862361431121826,7.258242279291153,64.71960705518723,30.5,1.5,11.0,10.0,300.0,15.0,7.333333333333333,30.0
1.8333333333333333,x,gym_env,2.2613444328308105,-1.3253201132101822e-06,0.013489387929439545,2.7643944122246467e-05,-8.055538273765706e-06,2.6529492970439605e-05,-3.1415810585021973,-2.8601223675650544e-05,-3.1415579319000244,0.9166666865348816,0.0,1.0,0.5,0.0,0.0,9440.2998046875,9440.2998046875,9440.2998046875,9440.2998046875,-1.4446772992610932,0.0,0.0,0.0,30.481283217668533,2.16865424066782,7.320007562637329,64.7182488143444,30.5,1.5,11.0,10.0,300.0,15.0,7.333333333333333,30.0
1.8541666666666665,x,gym_env,2.2613444328308105,-1.3477282436724636e-06,0.013489526696503162,1.925501237565186e-06,-1.179510036308784e-06,5.243331543169916e-06,-3.141582727432251,-2.051145929726772e-05,-3.1415600776672363,0.9270833134651184,0.0,1.0,0.5,0.0,0.0,9440.2998046875,9440.2998046875,9440.2998046875,9440.2998046875,-1.4342553734779357,0.0,0.0,0.0,30.52409327030182,2.1671889051795006,7.361497193574905,64.64559307694435,30.5,1.5,11.0,10.0,300.0,15.0,7.333333333333333,30.0
1.875,x,gym_env,2.2613446712493896,-1.391567366226809e-06,0.013489682227373123,3.020575786649715e-05,-6.674089945590822e-06,2.038716229435522e-05,-3.1415860652923584,-1.953868559212424e-05,-3.1415631771087646,0.9375,0.0,1.0,0.5,0.0,0.0,9440.2998046875,9440.2998046875,9440.2998046875,9440.2998046875,-1.4238440573215485,0.0,0.0,0.0,30.439186215400696,2.1621710658073425,7.325848460197449,64.69328105449677,30.5,1.5,11.0,10.0,300.0,15.0,7.333333333333333,30.0
1.8958333333333333,x,gym_env,2.2613446712493896,-1.3893302366341231e-06,0.013489711098372936,3.0609430723416153e-06,-2.26978485784457e-07,1.0096571259055054e-06,-3.1415858268737793,-1.4414544239116367e-05,-3.1415648460388184,0.9479166865348816,0.0,1.0,0.5,0.0,0.0,9440.2998046875,9440.2998046875,9440.2998046875,9440.2998046875,-1.413421893119812,0.0,0.0,0.0,30.531203627586365,2.1697768718004227,7.315589904785156,64.63292959332466,30.5,1.5,11.0,10.0,300.0,15.0,7.333333333333333,30.0
1.9166666666666665,x,gym_env,2.2613449096679688,-1.4188226487021893e-06,0.013489803299307823,3.13434939016588e-05,-6.105668489908567e-06,1.7859902072814293e-05,-3.141587972640991,-1.5512812751694582e-05,-3.1415679454803467,0.9583333134651184,0.0,1.0,0.5,0.0,0.0,9440.2998046875,9440.2998046875,9440.2998046875,9440.2998046875,-1.4030104219913482,0.0,0.0,0.0,30.541001677513123,2.168767988681793,7.307957202196121,64.62432411313057,30.5,1.5,11.0,10.0,300.0,15.0,7.333333333333333,30.0
1.9375,x,gym_env,2.261345148086548,-1.378842284793791e-06,0.013489692471921444,7.3463888838887215e-06,7.207586804724997e-06,-2.0703685095213586e-06,-3.141585111618042,-1.2048555618093815e-05,-3.1415724754333496,0.96875,0.0,1.0,0.5,0.0,0.0,9440.2998046875,9440.2998046875,9440.2998046875,9440.2998046875,-1.3925859212875367,0.0,0.0,0.0,30.62083089351654,2.1927676387131214,7.274329483509064,64.7271299958229,30.5,1.5,11.0,10.0,300.0,15.0,7.333333333333333,30.0
1.9583333333333333,x,gym_env,2.261345863342285,-1.3576670880866004e-06,0.013489587232470512,4.971420275978744e-05,-3.8797868029405436e-08,-1.8864543562813196e-06,-3.1415834426879883,-1.8712118617258966e-05,-3.141582489013672,0.9791666865348816,0.0,1.0,0.5,0.0,0.0,9440.2998046875,9440.2998046875,9440.2998046875,9440.2998046875,-1.3821780264377594,0.0,0.0,0.0,30.558825075626373,2.176975838840008,7.2970030307769775,64.66130900382996,30.5,1.5,11.0,10.0,300.0,15.0,7.333333333333333,30.0
1.9791666666666665,x,gym_env,2.2613463401794434,-1.3362101753955358e-06,0.013489500619471073,7.844554602343123e-06,1.7617938965486246e-06,-5.772992608399363e-06,-3.1415820121765137,-1.9349365175003186e-05,-3.1415910720825195,0.9895833134651184,0.0,1.0,0.5,0.0,0.0,9440.2998046875,9440.2998046875,9440.2998046875,9440.2998046875,-1.3717541337013244,0.0,0.0,0.0,30.526076018810272,2.175632670521736,7.320696383714676,64.62645909190178,30.5,1.5,11.0,10.0,300.0,15.0,7.333333333333333,30.0
2.0,x,gym_env,2.2613470554351807,-1.329510951109114e-06,0.013489462435245514,4.834505671169609e-05,-6.254701361285697e-07,7.243881441354461e-07,-3.1415815353393555,-2.3547705495730042e-05,3.1415841579437256,1.0,0.0,1.0,0.0,0.0,0.0,9440.2998046875,9440.2998046875,9440.2998046875,9440.2998046875,-1.2613489210484659,0.0,0.0,0.0,30.710020899772644,2.1884165555238724,7.315622955560684,64.72251662611961,30.5,1.5,11.0,10.0,300.0,15.0,7.333333333333333,30.0
2.020833333333333,x,gym_env,2.261347532272339,-1.3176484117138898e-06,0.013489417731761932,6.94388063493534e-06,1.3743444924330106e-06,-4.05318633056595e-06,-3.141580581665039,-2.2534684831043705e-05,3.141575813293457,1.0,0.0,1.0,0.0,0.0,0.0,9440.2998046875,9440.2998046875,9440.2998046875,9440.2998046875,-1.2613494513646402,0.0,0.0,0.0,30.72519749403,2.1982494071125984,7.32173365354538,64.68223091959953,30.5,1.5,11.0,10.0,300.0,15.0,7.333333333333333,30.0
2.0416666666666665,x,gym_env,2.261348009109497,-1.3102069260639837e-06,0.01348938513547182,7.211275715235388e-06,1.2189483413749258e-06,-3.3642177186266053e-06,-3.141580104827881,-2.158373717975337e-05,3.1415672302246094,1.0,0.0,1.0,0.0,0.0,0.0,9440.2998046875,9440.2998046875,9440.2998046875,9440.2998046875,-1.2613583094716887,0.0,0.0,0.0,30.700020790100098,2.190722607076168,7.361634701490402,64.64886689186096,30.5,1.5,11.0,10.0,300.0,15.0,7.333333333333333,30.0
2.0625,x,gym_env,2.2613487243652344,-1.3123619737598347e-06,0.013489386066794395,4.7925532271619886e-05,-9.823064601732767e-07,2.313710183443618e-06,-3.141580104827881,-2.501886228856165e-05,3.141557216644287,1.0,0.0,1.0,0.0,0.0,0.0,9440.2998046875,9440.2998046875,9440.2998046875,9440.2998046875,-1.2613505348651415,0.0,0.0,0.0,30.723054707050323,2.186270050704479,7.35253643989563,64.65183719992638,30.5,1.5,11.0,10.0,300.0,15.0,7.333333333333333,30.0
2.083333333333333,x,gym_env,2.2613492012023926,-1.3063383903499926e-06,0.013489367440342903,6.668313744739862e-06,1.13841622351174e-06,-3.0068504202063195e-06,-3.1415796279907227,-2.3503260308643803e-05,3.1415486335754395,1.0,0.0,1.0,0.0,0.0,0.0,9440.2998046875,9440.2998046875,9440.2998046875,9440.2998046875,-1.2613591913483106,0.0,0.0,0.0,30.80136251449585,2.198985554277897,7.300368368625641,64.73931214213371,30.5,1.5,11.0,10.0,300.0,15.0,7.333333333333333,30.0
2.1041666666666665,x,gym_env,2.261349678039551,-1.3098044746584492e-06,0.0134893748909235,4.756654379889369e-05,-1.034954038914293e-06,2.5497686237940798e-06,-3.141580104827881,-2.6283258193871006e-05,3.141538619995117,1.0,0.0,1.0,0.0,0.0,0.0,9440.2998046875,9440.2998046875,9440.2998046875,9440.2998046875,-1.2613514412830227,0.0,0.0,0.0,30.774067282676697,2.201399751007557,7.341603070497513,64.64051499962807,30.5,1.5,11.0,10.0,300.0,15.0,7.333333333333333,30.0
2.125,x,gym_env,2.261350154876709,-1.3046463891441817e-06,0.013489359989762306,6.432031568692764e-06,1.1032785778297693e-06,-2.8519905299617676e-06,-3.1415796279907227,-2.433605732221622e-05,3.1415300369262695,1.0,0.0,1.0,0.0,0.0,0.0,9440.2998046875,9440.2998046875,9440.2998046875,9440.2998046875,-1.2613520050176703,0.0,0.0,0.0,30.62649291753769,2.1996329203248024,7.3016320168972015,64.71141570806503,30.5,1.5,11.0,10.0,300.0,15.0,7.333333333333333,30.0
2.145833333333333,x,gym_env,2.261350631713867,-1.3016554021305637e-06,0.013489346951246262,6.866519015602535e-06,1.0408148227725178e-06,-2.5759397885849467e-06,-3.1415793895721436,-2.2793517928221263e-05,3.141521692276001,1.0,0.0,1.0,0.0,0.0,0.0,9440.2998046875,9440.2998046875,9440.2998046875,9440.2998046875,-1.2613608860941894,0.0,0.0,0.0,30.730627417564392,2.2001382634043694,7.339528560638428,64.64314997196198,30.5,1.5,11.0,10.0,300.0,15.0,7.333333333333333,30.0
2.1666666666666665,x,gym_env,2.2613513469696045,-1.306706167270022e-06,0.01348936092108488,4.769562292494811e-05,-1.0985918379446957e-06,2.8351075798127567e-06,-3.1415798664093018,-2.5815075787249953e-05,3.1415114402770996,1.0,0.0,1.0,0.0,0.0,0.0,9440.2998046875,9440.2998046875,9440.2998046875,9440.2998046875,-1.2613531272623733,0.0,0.0,0.0,30.747459709644318,2.186284549534321,7.369540452957153,64.62804043292999,30.5,1.5,11.0,10.0,300.0,15.0,7.333333333333333,30.0
2.1875,x,gym_env,2.2613518238067627,-1.302594569096982e-06,0.013489351607859135,6.51727805234259e-06,1.0607822105157538e-06,-2.6649593110050773e-06,-3.1415793895721436,-2.402709833404515e-05,3.141503095626831,1.0,0.0,1.0,0.0,0.0,0.0,9440.2998046875,9440.2998046875,9440.2998046875,9440.2998046875,-1.2613620319520122,0.0,0.0,0.0,30.780659019947052,2.194812271744013,7.334568470716476,64.68662253022194,30.5,1.5,11.0,10.0,300.0,15.0,7.333333333333333,30.0
2.208333333333333,x,gym_env,2.2613525390625,-1.3073155287202098e-06,0.013489363715052605,4.746444756165147e-05,-1.085060830519069e-06,2.7768742256739642e-06,-3.1415798664093018,-2.66276256297715e-05,3.1414928436279297,1.0,0.0,1.0,0.0,0.0,0.0,9440.2998046875,9440.2998046875,9440.2998046875,9440.2998046875,-1.2613542889120253,0.0,0.0,0.0,30.812878370285034,2.188932403922081,7.281604737043381,64.69287237524986,30.5,1.5,11.0,10.0,300.0,15.0,7.333333333333333,30.0
2.2291666666666665,x,gym_env,2.261353015899658,-1.302987811868661e-06,0.013489353470504284,6.3650618358224165e-06,1.0693053127397434e-06,-2.7040327950089704e-06,-3.1415793895721436,-2.4562241378589533e-05,3.141484498977661,1.0,0.0,1.0,0.0,0.0,0.0,9440.2998046875,9440.2998046875,9440.2998046875,9440.2998046875,-1.2613548570445345,0.0,0.0,0.0,30.695305705070496,2.1795037761330605,7.356345117092133,64.6490849852562,30.5,1.5,11.0,10.0,300.0,15.0,7.333333333333333,30.0
2.25,x,gym_env,2.2613534927368164,-1.3005425216761068e-06,0.013489342294633389,6.821538590884302e-06,1.0182596952290623e-06,-2.4787993879726855e-06,-3.1415793895721436,-2.294183650519699e-05,3.1414761543273926,1.0,0.0,1.0,0.0,0.0,0.0,9440.2998046875,9440.2998046875,9440.2998046875,9440.2998046875,-1.2613637406917406,0.0,0.0,0.0,30.704338788986206,2.1938693076372147,7.309718579053879,64.68300476670265,30.5,1.5,11.0,10.0,300.0,15.0,7.333333333333333,30.0
2.270833333333333,x,gym_env,2.2613542079925537,-1.305949012930796e-06,0.013489358127117157,4.7663495934102684e-05,-1.1124291177111445e-06,2.9008517685724655e-06,-3.1415796279907227,-2.591208067315165e-05,3.141465902328491,1.0,0.0,1.0,0.0,0.0,0.0,9440.2998046875,9440.2998046875,9440.2998046875,9440.2998046875,-1.261355984095826,0.0,0.0,0.0,30.810064494609833,2.180013671517372,7.366028815507889,64.66383391618729,30.5,1.5,11.0,10.0,300.0,15.0,7.333333333333333,30.0
2.2916666666666665,x,gym_env,2.261354684829712,-1.3020747928749188e-06,0.01348934881389141,6.496330570371356e-06,1.0507376373425359e-06,-2.6233358312310884e-06,-3.1415793895721436,-2.409033004369121e-05,3.1414575576782227,1.0,0.0,1.0,0.0,0.0,0.0,9440.2998046875,9440.2998046875,9440.2998046875,9440.2998046875,-1.2613646513018466,0.0,0.0,0.0,30.67686653137207,2.1944527477025986,7.326849102973938,64.67949616909027,30.5,1.5,11.0,10.0,300.0,15.0,7.333333333333333,30.0
2.3125,x,gym_env,2.26135516166687,-1.3069472970528295e-06,0.01348936278373003,4.744817488244735e-05,-1.0906597935900209e-06,2.806017164402874e-06,-3.1415798664093018,-2.666858199518174e-05,3.1414473056793213,1.0,0.0,1.0,0.0,0.0,0.0,9440.2998046875,9440.2998046875,9440.2998046875,9440.2998046875,-1.2613569094126433,0.0,0.0,0.0,30.71164107322693,2.2036266401410103,7.312118411064148,64.6787231862545,30.5,1.5,11.0,10.0,300.0,15.0,7.333333333333333,30.0
2.333333333333333,x,gym_env,2.2613556385040283,-1.3027222394157434e-06,0.01348935253918171,6.354543074849062e-06,1.0646959935911582e-06,-2.686528887352324e-06,-3.1415793895721436,-2.458855124132242e-05,3.1414389610290527,1.0,0.0,1.0,0.0,0.0,0.0,9440.2998046875,9440.2998046875,9440.2998046875,9440.2998046875,-1.2613574780903036,0.0,0.0,0.0,30.677818715572357,2.183254912495613,7.324464201927185,64.65177544951439,30.5,1.5,11.0,10.0,300.0,15.0,7.333333333333333,30.0
2.3541666666666665,x,gym_env,2.2613561153411865,-1.3003432286495809e-06,0.013489341363310814,6.8137455855321605e-06,1.0150588423130102e-06,-2.467644208081765e-06,-3.1415793895721436,-2.2958487534197047e-05,3.141430616378784,1.0,0.0,1.0,0.0,0.0,0.0,9440.2998046875,9440.2998046875,9440.2998046875,9440.2998046875,-1.2613663617768907,0.0,0.0,0.0,30.741650462150574,2.191074352711439,7.332252889871597,64.6562263071537,30.5,1.5,11.0,10.0,300.0,15.0,7.333333333333333,30.0
2.375,x,gym_env,2.261356830596924,-1.3057893966106349e-06,0.013489357195794582,4.765589983435348e-05,-1.113521761908487e-06,2.9099069251969922e-06,-3.1415796279907227,-2.5922352506313473e-05,3.141420364379883,1.0,0.0,1.0,0.0,0.0,0.0,9440.2998046875,9440.2998046875,9440.2998046875,9440.2998046875,-1.2613586057382236,0.0,0.0,0.0,30.731642067432404,2.1997598707675934,7.355776518583298,64.6606847345829,30.5,1.5,11.0,10.0,300.0,15.0,7.333333333333333,30.0
2.395833333333333,x,gym_env,2.261357307434082,-1.301944394072052e-06,0.01348934881389141,6.49152070764103e-06,1.0491014563740464e-06,-2.619069164211396e-06,-3.1415793895721436,-2.4096427296171896e-05,3.1414120197296143,1.0,0.0,1.0,0.0,0.0,0.0,9440.2998046875,9440.2998046875,9440.2998046875,9440.2998046875,-1.2613675111999327,0.0,0.0,0.0,30.825084686279297,2.1974556632339954,7.341491550207138,64.66582405567169,30.5,1.5,11.0,10.0,300.0,15.0,7.333333333333333,30.0
2.4166666666666665,x,gym_env,2.2613580226898193,-1.3068308817310026e-06,0.013489361852407455,4.744255056721158e-05,-1.0907219802902546e-06,2.8105307592340978e-06,-3.1415798664093018,-2.667190165084321e-05,3.141401767730713,1.0,0.0,1.0,0.0,0.0,0.0,9440.2998046875,9440.2998046875,9440.2998046875,9440.2998046875,-1.2613597697325531,0.0,0.0,0.0,30.77766191959381,2.1925485469400883,7.360251039266586,64.6189766228199,30.5,1.5,11.0,10.0,300.0,15.0,7.333333333333333,30.0
2.4375,x,gym_env,2.2613584995269775,-1.3026182159592281e-06,0.013489351607859135,6.351027877826709e-06,1.0637398872859194e-06,-2.6852546852751402e-06,-3.1415793895721436,-2.4590066459495574e-05,3.1413934230804443,1.0,0.0,1.0,0.0,0.0,0.0,9440.2998046875,9440.2998046875,9440.2998046875,9440.2998046875,-1.2613686884498747,0.0,0.0,0.0,30.776015877723694,2.1911251693964005,7.3578881323337555,64.63355988264084,30.5,1.5,11.0,10.0,300.0,15.0,7.333333333333333,30.0
2.458333333333333,x,gym_env,2.261359214782715,-1.307160687247233e-06,0.013489363715052605,4.736833579954691e-05,-1.082671815311187e-06,2.7769958705903264e-06,-3.1415798664093018,-2.6928240913548507e-05,3.141383171081543,1.0,0.0,1.0,0.0,0.0,0.0,9440.2998046875,9440.2998046875,9440.2998046875,9440.2998046875,-1.261369251601718,0.0,0.0,0.0,30.851312398910522,2.1963547356426716,7.347157001495361,64.6476568877697,30.5,1.5,11.0,10.0,300.0,15.0,7.333333333333333,30.0
2.4791666666666665,x,gym_env,2.261359691619873,-1.3049315157331876e-06,0.013489353470504284,4.77999092254322e-05,-1.1289229178146343e-06,2.98237591778161e-06,-3.1415796279907227,-2.539525303291157e-05,3.1413748264312744,1.0,0.0,1.0,0.0,0.0,0.0,9440.2998046875,9440.2998046875,9440.2998046875,9440.2998046875,-1.2613614857754327,0.0,0.0,0.0,30.741954386234283,2.1777439042925835,7.335573047399521,64.73315852880478,30.5,1.5,11.0,10.0,300.0,15.0,7.333333333333333,30.0
2.5,x,gym_env,2.2613601684570312,-1.3013491297897417e-06,0.013489346019923687,6.5865920078067575e-06,1.0380459798398078e-06,-2.573013944129343e-06,-3.1415793895721436,-2.3748425519443117e-05,3.141366481781006,1.0,0.0,1.0,0.0,0.0,0.0,9440.2998046875,9440.2998046875,9440.2998046875,9440.2998046875,-1.2613701458445576,0.0,0.0,0.0,30.757844924926758,2.1953316517174244,7.327317088842392,64.59348502755165,30.5,1.5,11.0,10.0,300.0,15.0,7.333333333333333,30.0
2.520833333333333,x,gym_env,2.2613606452941895,-1.3064038739685202e-06,0.01348936092108488,4.750275184051134e-05,-1.0970042012559134e-06,2.8425929485820234e-06,-3.1415798664093018,-2.6441894078743644e-05,3.1413562297821045,1.0,0.0,1.0,0.0,0.0,0.0,9440.2998046875,9440.2998046875,9440.2998046875,9440.2998046875,-1.2613624003080077,0.0,0.0,0.0,30.807977616786957,2.190933294594288,7.411826401948929,64.66440564393997,30.5,1.5,11.0,10.0,300.0,15.0,7.333333333333333,30.0
2.5416666666666665,x,gym_env,2.2613611221313477,-1.3023048950344673e-06,0.01348935067653656,6.390883299900452e-06,1.0586907137621893e-06,-2.665823103598086e-06,-3.1415793895721436,-2.443783523631282e-05,3.141347885131836,1.0,0.0,1.0,0.0,0.0,0.0,9440.2998046875,9440.2998046875,9440.2998046875,9440.2998046875,-1.2613713119419117,0.0,0.0,0.0,30.706549048423767,2.198382418602705,7.327710419893265,64.69272285699844,30.5,1.5,11.0,10.0,300.0,15.0,7.333333333333333,30.0
2.5625,x,gym_env,2.261361837387085,-1.3070169870843529e-06,0.013489363715052605,4.7372774133691564e-05,-1.0829639904841315e-06,2.7820990453619743e-06,-3.1415798664093018,-2.6895890187006444e-05,3.1413376331329346,1.0,0.0,1.0,0.0,0.0,0.0,9440.2998046875,9440.2998046875,9440.2998046875,9440.2998046875,-1.2613718914159109,0.0,0.0,0.0,30.80527013540268,2.1905879750847816,7.389982730150223,64.60475650429726,30.5,1.5,11.0,10.0,300.0,15.0,7.333333333333333,30.0
2.583333333333333,x,gym_env,2.261362314224243,-1.3043700164416805e-06,0.013489351607859135,4.788595833815634e-05,-1.1335832823533565e-06,3.0371302273124456e-06,-3.1415796279907227,-2.5075232770177536e-05,3.141329288482666,1.0,0.0,1.0,0.0,0.0,0.0,9440.2998046875,9440.2998046875,9440.2998046875,9440.2998046875,-1.2613641196961907,0.0,0.0,0.0,30.71286630630493,2.18397169560194,7.355557411909103,64.64180281758308,30.5,1.5,11.0,10.0,300.0,15.0,7.333333333333333,30.0
2.6041666666666665,x,gym_env,2.2613627910614014,-1.3009449730816414e-06,0.013489345088601112,6.643173946940806e-06,1.0312605809303932e-06,-2.5459369226155104e-06,-3.1415793895721436,-2.3536878870800138e-05,3.1413209438323975,1.0,0.0,1.0,0.0,0.0,0.0,9440.2998046875,9440.2998046875,9440.2998046875,9440.2998046875,-1.2613730138342363,0.0,0.0,0.0,30.661659002304077,2.190593235194683,7.30803307890892,64.73872405290604,30.5,1.5,11.0,10.0,300.0,15.0,7.333333333333333,30.0
2.625,x,gym_env,2.2613635063171387,-1.306098056375049e-06,0.013489359989762306,4.753758548758924e-05,-1.1004677844539401e-06,2.862143901438685e-06,-3.1415796279907227,-2.6301802790840156e-05,3.141310691833496,1.0,0.0,1.0,0.0,0.0,0.0,9440.2998046875,9440.2998046875,9440.2998046875,9440.2998046875,-1.2613652659593755,0.0,0.0,0.0,30.91782110929489,2.1864884197711945,7.416880339384079,64.62187492847443,30.5,1.5,11.0,10.0,300.0,15.0,7.333333333333333,30.0
2.645833333333333,x,gym_env,2.261363983154297,-1.302066948483116e-06,0.013489349745213985,6.414025392587064e-06,1.0554971368037513e-06,-2.6546374556346564e-06,-3.1415793895721436,-2.4344852135982364e-05,3.1413023471832275,1.0,0.0,1.0,0.0,0.0,0.0,9440.2998046875,9440.2998046875,9440.2998046875,9440.2998046875,-1.2613739371059638,0.0,0.0,0.0,30.76835811138153,2.1953378580510616,7.329560875892639,64.70796898007393,30.5,1.5,11.0,10.0,300.0,15.0,7.333333333333333,30.0
2.6666666666666665,x,gym_env,2.261364459991455,-1.3068187172393664e-06,0.01348936278373003,4.738557254313491e-05,-1.0840568620551494e-06,2.7911728466278873e-06,-3.1415798664093018,-2.683392449398525e-05,3.141292095184326,1.0,0.0,1.0,0.0,0.0,0.0,9440.2998046875,9440.2998046875,9440.2998046875,9440.2998046875,-1.2613661996177143,0.0,0.0,0.0,30.798400461673737,2.187773175537586,7.349201440811157,64.70158636569977,30.5,1.5,11.0,10.0,300.0,15.0,7.333333333333333,30.0
2.6875,x,gym_env,2.2613649368286133,-1.3025241969444323e-06,0.01348935253918171,6.313945505098673e-06,1.0659297231541132e-06,-2.7021028472518083e-06,-3.1415793895721436,-2.4695218598935753e-05,3.1412837505340576,1.0,0.0,1.0,0.0,0.0,0.0,9440.2998046875,9440.2998046875,9440.2998046875,9440.2998046875,-1.2613667563537092,0.0,0.0,0.0,30.612313866615295,2.1876847594976425,7.305347830057144,64.71112215518951,30.5,1.5,11.0,10.0,300.0,15.0,7.333333333333333,30.0
2.708333333333333,x,gym_env,2.2613654136657715,-1.3004578249820042e-06,0.013489343225955963,6.713439688610379e-06,1.0230230600427603e-06,-2.5124454623437487e-06,-3.1415793895721436,-2.3276816136785783e-05,3.141275405883789,1.0,0.0,1.0,0.0,0.0,0.0,9440.2998046875,9440.2998046875,9440.2998046875,9440.2998046875,-1.2613756452097733,0.0,0.0,0.0,30.718077182769775,2.1843693256378174,7.353095442056656,64.66337901353836,30.5,1.5,11.0,10.0,300.0,15.0,7.333333333333333,30.0
2.7291666666666665,x,gym_env,2.261366128921509,-1.305733007939125e-06,0.013489358127117157,4.758144132210873e-05,-1.1048900887544733e-06,2.8859237772849156e-06,-3.1415796279907227,-2.6129740945179947e-05,3.1412651538848877,1.0,0.0,1.0,0.0,0.0,0.0,9440.2998046875,9440.2998046875,9440.2998046875,9440.2998046875,-1.2613678943806916,0.0,0.0,0.0,30.65876030921936,2.201901663094759,7.2682114243507385,64.70320662856102,30.5,1.5,11.0,10.0,300.0,15.0,7.333333333333333,30.0
2.75,x,gym_env,2.261366605758667,-1.3017853461860796e-06,0.013489349745213985,6.44311012365506e-06,1.0516727115827962e-06,-2.6406646611576434e-06,-3.1415793895721436,-2.4230803319369443e-05,3.141256809234619,1.0,0.0,1.0,0.0,0.0,0.0,9440.2998046875,9440.2998046875,9440.2998046875,9440.2998046875,-1.261376801471488,0.0,0.0,0.0,30.854271292686462,2.1917224787175655,7.377485126256943,64.6322589814663,30.5,1.5,11.0,10.0,300.0,15.0,7.333333333333333,30.0
2.770833333333333,x,gym_env,2.2613673210144043,-1.306586909777252e-06,0.01348936278373003,4.740228541777469e-05,-1.0855666232600925e-06,2.802084054565057e-06,-3.1415798664093018,-2.67580780928256e-05,3.1412465572357178,1.0,0.0,1.0,0.0,0.0,0.0,9440.2998046875,9440.2998046875,9440.2998046875,9440.2998046875,-1.2613690628813856,0.0,0.0,0.0,30.578372836112976,2.1718754172325134,7.340070337057114,64.6621056497097,30.5,1.5,11.0,10.0,300.0,15.0,7.333333333333333,30.0
2.7916666666666665,x,gym_env,2.2613677978515625,-1.3023284282098757e-06,0.013489351607859135,6.325149115582462e-06,1.064023081198684e-06,-2.6966108634951524e-06,-3.1415793895721436,-2.4644570657983422e-05,3.141238212585449,1.0,0.0,1.0,0.0,0.0,0.0,9440.2998046875,9440.2998046875,9440.2998046875,9440.2998046875,-1.261369634147286,0.0,0.0,0.0,30.766700088977814,2.18951453641057,7.313614666461945,64.70039054751396,30.5,1.5,11.0,10.0,300.0,15.0,7.333333333333333,30.0
2.8125,x,gym_env,2.2613682746887207,-1.2998873444303172e-06,0.013489341363310814,6.797292826377088e-06,1.013205292110797e-06,-2.4728974494792055e-06,-3.1415793895721436,-2.2968593839323148e-05,3.1412296295166016,1.0,0.0,1.0,0.0,0.0,0.0,9440.2998046875,9440.2998046875,9440.2998046875,9440.2998046875,-1.2613785167930474,0.0,0.0,0.0,30.670429229736328,2.193929798901081,7.260700821876526,64.73587363958359,30.5,1.5,11.0,10.0,300.0,15.0,7.333333333333333,30.0
2.833333333333333,x,gym_env,2.261368989944458,-1.3053085012870724e-06,0.013489357195794582,4.763424294651486e-05,-1.1102731605205918e-06,2.9139359867258463e-06,-3.1415796279907227,-2.592594682937488e-05,3.1412196159362793,1.0,0.0,1.0,0.0,0.0,0.0,9440.2998046875,9440.2998046875,9440.2998046875,9440.2998046875,-1.2613707624002017,0.0,0.0,0.0,30.84653389453888,2.2016068287193775,7.367299377918243,64.65563642978668,30.5,1.5,11.0,10.0,300.0,15.0,7.333333333333333,30.0
2.8541666666666665,x,gym_env,2.261369466781616,-1.3014598607696826e-06,0.01348934881389141,6.478092927864054e-06,1.0472161875441088e-06,-2.6239022190566175e-06,-3.1415793895721436,-2.4095843400573358e-05,3.1412110328674316,1.0,0.0,1.0,0.0,0.0,0.0,9440.2998046875,9440.2998046875,9440.2998046875,9440.2998046875,-1.261379428195505,0.0,0.0,0.0,30.785442650318146,2.1957369074225426,7.379278391599655,64.63137301802635,30.5,1.5,11.0,10.0,300.0,15.0,7.333333333333333,30.0
2.875,x,gym_env,2.2613699436187744,-1.3063217920716852e-06,0.013489361852407455,4.7422883653780445e-05,-1.0874938425331493e-06,2.8148340334155364e-06,-3.1415798664093018,-2.6668452846934088e-05,3.1412010192871094,1.0,0.0,1.0,0.0,0.0,0.0,9440.2998046875,9440.2998046875,9440.2998046875,9440.2998046875,-1.2613716882387052,0.0,0.0,0.0,30.62423074245453,2.1989944092929363,7.238505989313126,64.71718308329582,30.5,1.5,11.0,10.0,300.0,15.0,7.333333333333333,30.0
2.895833333333333,x,gym_env,2.2613704204559326,-1.3021059430684545e-06,0.013489351607859135,6.338913863146445e-06,1.0618419992169947e-06,-2.6899065233010333e-06,-3.1415793895721436,-2.458484232192859e-05,3.1411924362182617,1.0,0.0,1.0,0.0,0.0,0.0,9440.2998046875,9440.2998046875,9440.2998046875,9440.2998046875,-1.261372270195352,0.0,0.0,0.0,30.773660480976105,2.1773459017276764,7.419602334499359,64.60086870193481,30.5,1.5,11.0,10.0,300.0,15.0,7.333333333333333,30.0
2.9166666666666665,x,gym_env,2.261370897293091,-1.2992395568289794e-06,0.01348933856934309,6.864511306048371e-06,7.187362029981159e-07,-3.2231152999884216e-06,-3.1415791511535645,-2.260453038616106e-05,3.141184091567993,1.0,0.0,1.0,0.0,0.0,0.0,9440.2998046875,9440.2998046875,9440.2998046875,9440.2998046875,-1.2613811520313902,0.0,0.0,0.0,30.733679175376892,2.1891089230775833,7.335936605930328,64.66045755147934,30.5,1.5,11.0,10.0,300.0,15.0,7.333333333333333,30.0
2.9375,x,gym_env,2.261371612548828,-1.3048171467744396e-06,0.013489355333149433,4.76974128105212e-05,-1.1167702496095444e-06,2.946852873719763e-06,-3.1415796279907227,-2.5685407308628783e-05,3.141173839569092,1.0,0.0,1.0,0.0,0.0,0.0,9440.2998046875,9440.2998046875,9440.2998046875,9440.2998046875,-1.2613733933671027,0.0,0.0,0.0,30.762608408927917,2.1762703508138657,7.348300278186798,64.66858345270157,30.5,1.5,11.0,10.0,300.0,15.0,7.333333333333333,30.0
2.958333333333333,x,gym_env,2.2613720893859863,-1.3010858310735784e-06,0.013489346951246262,6.519905582536012e-06,1.0420264970889548e-06,-2.603907205411815e-06,-3.1415793895721436,-2.3936670913826674e-05,3.1411654949188232,1.0,0.0,1.0,0.0,0.0,0.0,9440.2998046875,9440.2998046875,9440.2998046875,9440.2998046875,-1.261382294238865,0.0,0.0,0.0,30.78290283679962,2.2055058889091015,7.313034683465958,64.69061809778214,30.5,1.5,11.0,10.0,300.0,15.0,7.333333333333333,30.0
2.9791666666666665,x,gym_env,2.2613728046417236,-1.306020067204372e-06,0.01348936092108488,4.744798570754938e-05,-1.0899052540480625e-06,2.8297149583522696e-06,-3.1415798664093018,-2.6562871425994672e-05,3.141155242919922,1.0,0.0,1.0,0.0,0.0,0.0,9440.2998046875,9440.2998046875,9440.2998046875,9440.2998046875,-1.2613745526078675,0.0,0.0,0.0,30.869653940200806,2.19168084487319,7.277303606271744,64.71278408169746,30.5,1.5,11.0,10.0,300.0,15.0,7.333333333333333,30.0
3.0,x,gym_env,2.261373281478882,-1.3018548088439275e-06,0.01348935067653656,6.3556449276802596e-06,1.059342594089685e-06,-2.6817976959137013e-06,-3.1415793895721436,-2.4514602046110667e-05,3.1411468982696533,1.0,0.0,1.0,-0.6000000238418579,0.0,0.0,9440.2998046875,9440.2998046875,9440.2998046875,9440.2998046875,-1.8077994537353517,0.0,0.0,0.0,30.800717890262604,2.2169308848679066,7.276833325624466,64.7303955256939,30.5,1.5,11.0,10.0,300.0,15.0,7.333333333333333,30.0
3.020833333333333,x,gym_env,2.261373996734619,-1.306500735154259e-06,0.013489363715052605,4.733873356599361e-05,-1.0780626098494395e-06,2.779055876089842e-06,-3.1415798664093018,-2.6943409466184676e-05,3.141136884689331,0.987500011920929,0.0,1.0,-0.6000000238418579,0.0,0.0,9440.2998046875,9440.2998046875,9440.2998046875,9440.2998046875,-1.8240502524375914,0.0,0.0,0.0,30.79195636510849,2.219541138038039,7.306764662265778,64.71987274289131,30.5,1.5,11.0,10.0,300.0,15.0,7.333333333333333,30.0
3.0416666666666665,x,gym_env,2.2613744735717773,-1.3042493947068579e-06,0.013489353470504284,4.777280264534056e-05,-1.1245779205637518e-06,2.985560058732517e-06,-3.1415796279907227,-2.540154309826903e-05,3.1411283016204834,0.9750000238418579,0.0,1.0,-0.6000000238418579,0.0,0.0,9440.2998046875,9440.2998046875,9440.2998046875,9440.2998046875,-1.8402892470359802,0.0,0.0,0.0,30.73629891872406,2.2065536826848984,7.319128066301346,64.71257776021957,30.5,1.5,11.0,10.0,300.0,15.0,7.333333333333333,30.0
3.0625,x,gym_env,2.2613749504089355,-1.3006568906348548e-06,0.013489346019923687,6.569769993802765e-06,1.0359723319197656e-06,-2.580101408966584e-06,-3.1415793895721436,-2.3748949388391338e-05,3.141119956970215,0.9624999761581421,0.0,1.0,-0.6000000238418579,0.0,0.0,9440.2998046875,9440.2998046875,9440.2998046875,9440.2998046875,-1.8565513944625853,0.0,0.0,0.0,30.703800201416016,2.2139953784644604,7.278038769960403,64.76264500617981,30.5,1.5,11.0,10.0,300.0,15.0,7.333333333333333,30.0
3.083333333333333,x,gym_env,2.2613754272460938,-1.3056775287623168e-06,0.013489359989762306,4.747839193441905e-05,-1.0928876008620136e-06,2.8471079076552996e-06,-3.1415798664093018,-2.643847983563319e-05,3.1411097049713135,0.949999988079071,0.0,1.0,-0.6000000238418579,0.0,0.0,9440.2998046875,9440.2998046875,9440.2998046875,9440.2998046875,-1.8727904057502744,0.0,0.0,0.0,30.69683611392975,2.2018818333745003,7.35011899471283,64.75486353039742,30.5,1.5,11.0,10.0,300.0,15.0,7.333333333333333,30.0
3.1041666666666665,x,gym_env,2.261375904083252,-1.3015721833653515e-06,0.01348935067653656,6.37587254459504e-06,1.056467567650543e-06,-2.672032678674441e-06,-3.1415793895721436,-2.4431963538518175e-05,3.141101360321045,0.9375,0.0,1.0,-0.6000000238418579,0.0,0.0,9440.2998046875,9440.2998046875,9440.2998046875,9440.2998046875,-1.8890528631210328,0.0,0.0,0.0,30.6344855427742,2.215448271483183,7.312417775392532,64.73250716924667,30.5,1.5,11.0,10.0,300.0,15.0,7.333333333333333,30.0
3.125,x,gym_env,2.2613766193389893,-1.3062525567875127e-06,0.01348936278373003,4.7349607484648004e-05,-1.0789466386995628e-06,2.787191760944552e-06,-3.1415798664093018,-2.6888261345447972e-05,3.1410911083221436,0.925000011920929,0.0,1.0,-0.6000000238418579,0.0,0.0,9440.2998046875,9440.2998046875,9440.2998046875,9440.2998046875,-1.9053036952018738,0.0,0.0,0.0,30.844648361206055,2.2151208855211735,7.3567043244838715,64.6616879105568,30.5,1.5,11.0,10.0,300.0,15.0,7.333333333333333,30.0
3.145833333333333,x,gym_env,2.2613770961761475,-1.3035934216532041e-06,0.013489351607859135,4.7863075451459736e-05,-1.1297681794530945e-06,3.0419416816585e-06,-3.1415796279907227,-2.506650344002992e-05,3.141082763671875,0.9125000238418579,0.0,1.0,-0.6000000238418579,0.0,0.0,9440.2998046875,9440.2998046875,9440.2998046875,9440.2998046875,-1.921542673110962,0.0,0.0,0.0,30.57547825574875,2.2077407501637936,7.306936472654343,64.72456720471382,30.5,1.5,11.0,10.0,300.0,15.0,7.333333333333333,30.0
3.1666666666666665,x,gym_env,2.2613775730133057,-1.3001654224353842e-06,0.013489344157278538,6.629146810155362e-06,1.0288966905136476e-06,-2.55179497798963e-06,-3.1415793895721436,-2.3527503799414262e-05,3.1410744190216064,0.8999999761581421,0.0,1.0,-0.6000000238418579,0.0,0.0,9440.2998046875,9440.2998046875,9440.2998046875,9440.2998046875,-1.9378051137924193,0.0,0.0,0.0,30.7958305478096,2.1965813525021076,7.322278469800949,64.71024891734123,30.5,1.5,11.0,10.0,300.0,15.0,7.333333333333333,30.0
3.1875,x,gym_env,2.261378288269043,-1.3052891745246598e-06,0.013489359058439732,4.751506639877334e-05,-1.0965444516841671e-06,2.8674674013018375e-06,-3.1415796279907227,-2.6291865651728585e-05,3.141064167022705,0.887499988079071,0.0,1.0,-0.6000000238418579,0.0,0.0,9440.2998046875,9440.2998046875,9440.2998046875,9440.2998046875,-1.9540441250801086,0.0,0.0,0.0,30.58361154794693,2.2180951572954655,7.292247325181961,64.71193304657936,30.5,1.5,11.0,10.0,300.0,15.0,7.333333333333333,30.0
3.208333333333333,x,gym_env,2.261378765106201,-1.3012547697144328e-06,0.013489349745213985,6.400231086445274e-06,1.0531489351706114e-06,-2.660312475200044e-06,-3.1415793895721436,-2.433468216622714e-05,3.1410558223724365,0.875,0.0,1.0,-0.6000000238418579,0.0,0.0,9440.2998046875,9440.2998046875,9440.2998046875,9440.2998046875,-1.9703062891960144,0.0,0.0,0.0,30.581906139850616,2.211488224565983,7.272768199443817,64.78868527710438,30.5,1.5,11.0,10.0,300.0,15.0,7.333333333333333,30.0
3.2291666666666665,x,gym_env,2.2613792419433594,-1.3059768662060378e-06,0.01348936278373003,4.736320624942891e-05,-1.0801239795910078e-06,2.7966161724179983e-06,-3.1415798664093018,-2.682346348592546e-05,3.141045570373535,0.862500011920929,0.0,1.0,-0.6000000238418579,0.0,0.0,9440.2998046875,9440.2998046875,9440.2998046875,9440.2998046875,-1.9865454721450804,0.0,0.0,0.0,30.714937388896942,2.1955841965973377,7.405476331710815,64.71610075235367,30.5,1.5,11.0,10.0,300.0,15.0,7.333333333333333,30.0
3.25,x,gym_env,2.2613797187805176,-1.3016789353059721e-06,0.013489351607859135,6.300253062363481e-06,1.063588570104912e-06,-2.7076980586571153e-06,-3.1415793895721436,-2.4684704840183258e-05,3.1410372257232666,0.8499999642372131,0.0,1.0,-0.6000000238418579,0.0,0.0,9440.2998046875,9440.2998046875,9440.2998046875,9440.2998046875,-2.00279625415802,0.0,0.0,0.0,30.63893610239029,2.2115633711218834,7.321936935186386,64.7538628578186,30.5,1.5,11.0,10.0,300.0,15.0,7.333333333333333,30.0
3.270833333333333,x,gym_env,2.261380195617676,-1.2996026725886622e-06,0.013489343225955963,6.6997622525377665e-06,1.0206136948909261e-06,-2.5181730052281637e-06,-3.1415793895721436,-2.326621142856311e-05,3.141028881072998,0.8374999761581421,0.0,1.0,-0.6000000238418579,0.0,0.0,9440.2998046875,9440.2998046875,9440.2998046875,9440.2998046875,-2.0190585398674012,0.0,0.0,0.0,30.710326671600342,2.2070518769323826,7.376876771450043,64.71193587779999,30.5,1.5,11.0,10.0,300.0,15.0,7.333333333333333,30.0
3.2916666666666665,x,gym_env,2.261380910873413,-1.304849206462677e-06,0.013489358127117157,4.755914778797887e-05,-1.100998360925587e-06,2.8913311780343065e-06,-3.1415796279907227,-2.61189961747732e-05,3.1410186290740967,0.824999988079071,0.0,1.0,-0.6000000238418579,0.0,0.0,9440.2998046875,9440.2998046875,9440.2998046875,9440.2998046875,-2.0352975511550904,0.0,0.0,0.0,30.644185662269592,2.1949401013553143,7.353914648294449,64.69100880622864,30.5,1.5,11.0,10.0,300.0,15.0,7.333333333333333,30.0
3.3125,x,gym_env,2.2613813877105713,-1.3008987025386887e-06,0.01348934881389141,6.429469976865221e-06,1.0493057516214321e-06,-2.6462823825568194e-06,-3.1415793895721436,-2.422010038571898e-05,3.141010284423828,0.8125,0.0,1.0,-0.6000000238418579,0.0,0.0,9440.2998046875,9440.2998046875,9440.2998046875,9440.2998046875,-2.0515600085258483,0.0,0.0,0.0,30.737035989761353,2.211339358240366,7.304296612739563,64.70744287967682,30.5,1.5,11.0,10.0,300.0,15.0,7.333333333333333,30.0
3.333333333333333,x,gym_env,2.2613821029663086,-1.3056710486125667e-06,0.013489361852407455,4.7380017349496484e-05,-1.0816477242769906e-06,2.807563305395888e-06,-3.1415798664093018,-2.6747266019810922e-05,3.1410000324249268,0.800000011920929,0.0,1.0,-0.6000000238418579,0.0,0.0,9440.2998046875,9440.2998046875,9440.2998046875,9440.2998046875,-2.0677991914749145,0.0,0.0,0.0,30.61246371269226,2.2016711719334126,7.281577557325363,64.77395015954971,30.5,1.5,11.0,10.0,300.0,15.0,7.333333333333333,30.0
3.3541666666666665,x,gym_env,2.261382579803467,-1.3014092701268964e-06,0.013489351607859135,6.311526249191957e-06,1.061674879565544e-06,-2.7021803816751344e-06,-3.1415793895721436,-2.4633825887576677e-05,3.140991687774658,0.7874999642372131,0.0,1.0,-0.6000000238418579,0.0,0.0,9440.2998046875,9440.2998046875,9440.2998046875,9440.2998046875,-2.0840500068664554,0.0,0.0,0.0,30.564165711402893,2.197285857051611,7.336618661880493,64.69994634389877,30.5,1.5,11.0,10.0,300.0,15.0,7.333333333333333,30.0
3.375,x,gym_env,2.261383056640625,-1.298957954531943e-06,0.01348934043198824,6.783660410292214e-06,1.010780351862195e-06,-2.478631813573884e-06,-3.1415793895721436,-2.295783815497998e-05,3.1409833431243896,0.7749999761581421,0.0,1.0,-0.6000000238418579,0.0,0.0,9440.2998046875,9440.2998046875,9440.2998046875,9440.2998046875,-2.1003122758865356,0.0,0.0,0.0,30.528421938419342,2.21908269636333,7.233964070677757,64.80468165874481,30.5,1.5,11.0,10.0,300.0,15.0,7.333333333333333,30.0
3.395833333333333,x,gym_env,2.2613837718963623,-1.3043506896792678e-06,0.013489356264472008,4.7611982154194266e-05,-1.106394279304368e-06,2.919334519901895e-06,-3.1415796279907227,-2.5915100195561536e-05,3.1409730911254883,0.762499988079071,0.0,1.0,-0.6000000238418579,0.0,0.0,9440.2998046875,9440.2998046875,9440.2998046875,9440.2998046875,-2.1165512704849245,0.0,0.0,0.0,30.68475568294525,2.2116108424961567,7.336405634880066,64.73619928956032,30.5,1.5,11.0,10.0,300.0,15.0,7.333333333333333,30.0
3.4166666666666665,x,gym_env,2.2613842487335205,-1.3004994343646104e-06,0.013489347882568836,6.464475063694408e-06,1.0448428611198324e-06,-2.629523805808276e-06,-3.1415793895721436,-2.4085074983304366e-05,3.1409647464752197,0.75,0.0,1.0,-0.6000000238418579,0.0,0.0,9440.2998046875,9440.2998046875,9440.2998046875,9440.2998046875,-2.1328134179115295,0.0,0.0,0.0,30.625110507011414,2.2072282321751118,7.330493211746216,64.75757908821106,30.5,1.5,11.0,10.0,300.0,15.0,7.333333333333333,30.0
3.4375,x,gym_env,2.2613847255706787,-1.3053322618361562e-06,0.01348936092108488,4.7400630137417465e-05,-1.083580855265609e-06,2.8203087367728585e-06,-3.1415798664093018,-2.6657597118173726e-05,3.1409544944763184,0.737500011920929,0.0,1.0,-0.6000000238418579,0.0,0.0,9440.2998046875,9440.2998046875,9440.2998046875,9440.2998046875,-2.1490526008605957,0.0,0.0,0.0,30.67967265844345,2.2056082487106323,7.344675958156586,64.71359890699387,30.5,1.5,11.0,10.0,300.0,15.0,7.333333333333333,30.0
3.458333333333333,x,gym_env,2.261385202407837,-1.3011131159146316e-06,0.01348935067653656,6.325303274934413e-06,1.059492092281289e-06,-2.695476950975717e-06,-3.1415793895721436,-2.457406844769139e-05,3.14094614982605,0.7249999642372131,0.0,1.0,-0.6000000238418579,0.0,0.0,9440.2998046875,9440.2998046875,9440.2998046875,9440.2998046875,-2.1653034329414367,0.0,0.0,0.0,30.429226398468018,2.205542951822281,7.276751607656479,64.80365493893623,30.5,1.5,11.0,10.0,300.0,15.0,7.333333333333333,30.0
3.4791666666666665,x,gym_env,2.261385679244995,-1.298235474678222e-06,0.01348933856934309,6.849702458566753e-06,7.183000434451969e-07,-3.2204461604123935e-06,-3.1415791511535645,-2.2593760149902664e-05,3.1409378051757812,0.7124999761581421,0.0,1.0,-0.6000000238418579,0.0,0.0,9440.2998046875,9440.2998046875,9440.2998046875,9440.2998046875,-2.1815657019615173,0.0,0.0,0.0,30.47723826766014,2.215274930000305,7.271050602197647,64.80356369912624,30.5,1.5,11.0,10.0,300.0,15.0,7.333333333333333,30.0
3.5,x,gym_env,2.2613863945007324,-1.3037853250352782e-06,0.013489355333149433,4.7675152018200606e-05,-1.112903419198119e-06,2.9522277600335656e-06,-3.1415796279907227,-2.5674549760879017e-05,3.14092755317688,0.699999988079071,0.0,1.0,-0.6000000238418579,0.0,0.0,9440.2998046875,9440.2998046875,9440.2998046875,9440.2998046875,-2.197804696559906,0.0,0.0,0.0,30.645592510700226,2.2092909775674343,7.338852226734161,64.72764033079147,30.5,1.5,11.0,10.0,300.0,15.0,7.333333333333333,30.0
3.520833333333333,x,gym_env,2.2613868713378906,-1.3000515082239872e-06,0.013489346951246262,6.5062931753345765e-06,1.0396473726359545e-06,-2.6095422072103247e-06,-3.1415793895721436,-2.392589522060007e-05,3.1409192085266113,0.6875,0.0,1.0,-0.6000000238418579,0.0,0.0,9440.2998046875,9440.2998046875,9440.2998046875,9440.2998046875,-2.214067153930664,0.0,0.0,0.0,30.425030529499054,2.2028612941503525,7.211536705493927,64.89686242491007,30.5,1.5,11.0,10.0,300.0,15.0,7.333333333333333,30.0
3.5416666666666665,x,gym_env,2.261387586593628,-1.3049567542111618e-06,0.01348936092108488,4.74257321911864e-05,-1.0859977237487328e-06,2.835178520399495e-06,-3.1415798664093018,-2.6552012059255503e-05,3.14090895652771,0.675000011920929,0.0,1.0,-0.6000000238418579,0.0,0.0,9440.2998046875,9440.2998046875,9440.2998046875,9440.2998046875,-2.2303063201904294,0.0,0.0,0.0,30.53295087814331,2.199637293815613,7.310916393995285,64.75288201868534,30.5,1.5,11.0,10.0,300.0,15.0,7.333333333333333,30.0
3.5625,x,gym_env,2.261388063430786,-1.300788312619261e-06,0.01348935067653656,6.3420393416890875e-06,1.056991095538251e-06,-2.6873733531829203e-06,-3.1415793895721436,-2.4503824533894658e-05,3.1409006118774414,0.6624999642372131,0.0,1.0,-0.6000000238418579,0.0,0.0,9440.2998046875,9440.2998046875,9440.2998046875,9440.2998046875,-2.2465684843063354,0.0,0.0,0.0,30.551386177539825,2.1939302533864975,7.341523051261902,64.78601697087288,30.5,1.5,11.0,10.0,300.0,15.0,7.333333333333333,30.0
3.583333333333333,x,gym_env,2.2613885402679443,-1.3054047940386226e-06,0.01348936278373003,4.7316483687609434e-05,-1.0741375717771007e-06,2.7845578642882174e-06,-3.1415798664093018,-2.6932548280456103e-05,3.14089035987854,0.6499999761581421,0.0,1.0,-0.6000000238418579,0.0,0.0,9440.2998046875,9440.2998046875,9440.2998046875,9440.2998046875,-2.262819128036499,0.0,0.0,0.0,30.3585062623024,2.2008054964244366,7.255865573883057,64.92884490638971,30.5,1.5,11.0,10.0,300.0,15.0,7.333333333333333,30.0
3.6041666666666665,x,gym_env,2.2613890171051025,-1.303143449149502e-06,0.013489353470504284,4.775054185301997e-05,-1.120724732572853e-06,2.9909051590948366e-06,-3.1415796279907227,-2.5390685550519265e-05,3.1408820152282715,0.637499988079071,0.0,1.0,-0.6000000238418579,0.0,0.0,9440.2998046875,9440.2998046875,9440.2998046875,9440.2998046875,-2.2790581226348876,0.0,0.0,0.0,30.4897483587265,2.192058067768812,7.313260138034821,64.84174399077892,30.5,1.5,11.0,10.0,300.0,15.0,7.333333333333333,30.0
3.625,x,gym_env,2.2613894939422607,-1.2995485576539068e-06,0.013489346019923687,6.556161679327488e-06,1.033586386256502e-06,-2.585753918538103e-06,-3.1415793895721436,-2.3738173695164733e-05,3.140873670578003,0.625,0.0,1.0,-0.6000000238418579,0.0,0.0,9440.2998046875,9440.2998046875,9440.2998046875,9440.2998046875,-2.295320563316345,0.0,0.0,0.0,30.568093955516815,2.2084887251257896,7.266367167234421,64.8303694576025,30.5,1.5,11.0,10.0,300.0,15.0,7.333333333333333,30.0
3.645833333333333,x,gym_env,2.261390209197998,-1.3045403193245875e-06,0.013489359989762306,4.745614205603488e-05,-1.0889863233387587e-06,2.8525578272819985e-06,-3.1415796279907227,-2.642762046889402e-05,3.1408634185791016,0.612500011920929,0.0,1.0,-0.6000000238418579,0.0,0.0,9440.2998046875,9440.2998046875,9440.2998046875,9440.2998046875,-2.311559746265411,0.0,0.0,0.0,30.419655978679657,2.2123966477811337,7.310027241706848,64.80625867843628,30.5,1.5,11.0,10.0,300.0,15.0,7.333333333333333,30.0
3.6666666666666665,x,gym_env,2.2613906860351562,-1.300431790696166e-06,0.013489349745213985,6.362271506077377e-06,1.0541141364228679e-06,-2.6776153845275985e-06,-3.1415793895721436,-2.4421186026302166e-05,3.140855073928833,0.5999999642372131,0.0,1.0,-0.6000000238418579,0.0,0.0,9440.2998046875,9440.2998046875,9440.2998046875,9440.2998046875,-2.3278222036361695,0.0,0.0,0.0,30.507306575775146,2.1930655539035797,7.349293678998947,64.79129837453365,30.5,1.5,11.0,10.0,300.0,15.0,7.333333333333333,30.0
3.6875,x,gym_env,2.2613914012908936,-1.305082832914195e-06,0.01348936278373003,4.732736124424264e-05,-1.0750246701718424e-06,2.7926871553063393e-06,-3.1415798664093018,-2.68774001597194e-05,3.1408448219299316,0.5874999761581421,0.0,1.0,-0.6000000238418579,0.0,0.0,9440.2998046875,9440.2998046875,9440.2998046875,9440.2998046875,-2.344072880744934,0.0,0.0,0.0,30.546150028705597,2.2010189667344093,7.258942514657974,64.87388290464878,30.5,1.5,11.0,10.0,300.0,15.0,7.333333333333333,30.0
3.708333333333333,x,gym_env,2.2613918781280518,-1.3024130112171406e-06,0.01348935067653656,4.7840796469245106e-05,-1.1260166274951189e-06,3.047017344215419e-06,-3.1415796279907227,-2.5055645892280154e-05,3.140836477279663,0.574999988079071,0.0,1.0,-0.6000000238418579,0.0,0.0,9440.2998046875,9440.2998046875,9440.2998046875,9440.2998046875,-2.360311858654022,0.0,0.0,0.0,30.450672179460526,2.194741226732731,7.335505694150925,64.82911188900471,30.5,1.5,11.0,10.0,300.0,15.0,7.333333333333333,30.0
3.7291666666666665,x,gym_env,2.26139235496521,-1.2989829656362417e-06,0.013489344157278538,6.61554122416419e-06,1.026502218337555e-06,-2.557468633312965e-06,-3.1415793895721436,-2.3516728106187657e-05,3.1408278942108154,0.5625,0.0,1.0,-0.6000000238418579,0.0,0.0,9440.2998046875,9440.2998046875,9440.2998046875,9440.2998046875,-2.3765742993354797,0.0,0.0,0.0,30.42149466276169,2.1913964226841927,7.285787969827652,64.85754232108593,30.5,1.5,11.0,10.0,300.0,15.0,7.333333333333333,30.0
3.75,x,gym_env,2.2613930702209473,-1.3040779549555737e-06,0.013489359058439732,4.749281652038917e-05,-1.0926504501185264e-06,2.8729016321449308e-06,-3.1415796279907227,-2.6281006284989417e-05,3.140817880630493,0.5499999523162842,0.0,1.0,-0.6000000238418579,0.0,0.0,9440.2998046875,9440.2998046875,9440.2998046875,9440.2998046875,-2.3928134655952453,0.0,0.0,0.0,30.438932448625565,2.189386446028948,7.278077244758606,64.85344441235065,30.5,1.5,11.0,10.0,300.0,15.0,7.333333333333333,30.0
3.770833333333333,x,gym_env,2.2613935470581055,-1.300040594287566e-06,0.01348934881389141,6.386633685906418e-06,1.0507927754588309e-06,-2.665903593879193e-06,-3.1415793895721436,-2.4323906473000534e-05,3.1408092975616455,0.5374999642372131,0.0,1.0,-0.6000000238418579,0.0,0.0,9440.2998046875,9440.2998046875,9440.2998046875,9440.2998046875,-2.4090756130218507,0.0,0.0,0.0,30.539742469787598,2.2085092402994633,7.317956358194351,64.82813332974911,30.5,1.5,11.0,10.0,300.0,15.0,7.333333333333333,30.0
3.7916666666666665,x,gym_env,2.2613940238952637,-1.304733245888201e-06,0.013489361852407455,4.734095637104474e-05,-1.0762054216684191e-06,2.802104063448496e-06,-3.1415798664093018,-2.681260411918629e-05,3.1407992839813232,0.5249999761581421,0.0,1.0,-0.6000000238418579,0.0,0.0,9440.2998046875,9440.2998046875,9440.2998046875,9440.2998046875,-2.4253146409988404,0.0,0.0,0.0,30.402578622102737,2.208348158746958,7.233396589756012,64.87193201482296,30.5,1.5,11.0,10.0,300.0,15.0,7.333333333333333,30.0
3.8125,x,gym_env,2.261394500732422,-1.3004319043830037e-06,0.013489351607859135,6.286660664045485e-06,1.0612494634187897e-06,-2.713253024921869e-06,-3.1415793895721436,-2.4673929146956652e-05,3.1407907009124756,0.512499988079071,0.0,1.0,-0.6000000238418579,0.0,0.0,9440.2998046875,9440.2998046875,9440.2998046875,9440.2998046875,-2.4415652847290037,0.0,0.0,0.0,30.40178409218788,2.20302539691329,7.21833211183548,64.93286747485399,30.5,1.5,11.0,10.0,300.0,15.0,7.333333333333333,30.0
3.833333333333333,x,gym_env,2.26139497756958,-1.2983458645976498e-06,0.013489342294633389,6.686158940283349e-06,1.0182088772126008e-06,-2.5238716716557974e-06,-3.1415793895721436,-2.325543755432591e-05,3.140782356262207,0.4999999701976776,0.0,1.0,-0.6000000238418579,0.0,0.0,9440.2998046875,9440.2998046875,9440.2998046875,9440.2998046875,-2.4578277254104615,0.0,0.0,0.0,30.45406463742256,2.198571052402258,7.288073778152466,64.79396763443947,30.5,1.5,11.0,10.0,300.0,15.0,7.333333333333333,30.0
3.8541666666666665,x,gym_env,2.2613956928253174,-1.3035639767622342e-06,0.013489357195794582,4.75368979095947e-05,-1.0971128858727752e-06,2.896746991609689e-06,-3.1415796279907227,-2.6108136808034033e-05,3.1407721042633057,0.48749998211860657,0.0,1.0,-0.6000000238418579,0.0,0.0,9440.2998046875,9440.2998046875,9440.2998046875,9440.2998046875,-2.474066891670227,0.0,0.0,0.0,30.373863071203232,2.1991925574839115,7.216182753443718,64.96980494819582,30.5,1.5,11.0,10.0,300.0,15.0,7.333333333333333,30.0
3.875,x,gym_env,2.2613961696624756,-1.299610516980465e-06,0.01348934881389141,6.415876214305172e-06,1.04694618130452e-06,-2.651883505677688e-06,-3.1415793895721436,-2.4209324692492373e-05,3.140763759613037,0.47499996423721313,0.0,1.0,-0.6000000238418579,0.0,0.0,9440.2998046875,9440.2998046875,9440.2998046875,9440.2998046875,-2.490329349040985,0.0,0.0,0.0,30.304663240909576,2.203600123524666,7.252466559410095,64.84850586950779,30.5,1.5,11.0,10.0,300.0,15.0,7.333333333333333,30.0
3.895833333333333,x,gym_env,2.261396884918213,-1.3043536455370486e-06,0.013489361852407455,4.735777110909112e-05,-1.0777331453937222e-06,2.8130423288530437e-06,-3.1415798664093018,-2.6736406653071754e-05,3.1407535076141357,0.4624999761581421,0.0,1.0,-0.6000000238418579,0.0,0.0,9440.2998046875,9440.2998046875,9440.2998046875,9440.2998046875,-2.5065683770179747,0.0,0.0,0.0,30.32231280207634,2.185867503285408,7.301337331533432,64.84291635453701,30.5,1.5,11.0,10.0,300.0,15.0,7.333333333333333,30.0
3.9166666666666665,x,gym_env,2.261397361755371,-1.300088342759409e-06,0.01348935067653656,6.297937943600118e-06,1.0593353181320708e-06,-2.707738985918695e-06,-3.1415793895721436,-2.4623048375360668e-05,3.140745162963867,0.44999998807907104,0.0,1.0,-0.6000000238418579,0.0,0.0,9440.2998046875,9440.2998046875,9440.2998046875,9440.2998046875,-2.522818920612335,0.0,0.0,0.0,30.419959783554077,2.1918343603610992,7.2897568345069885,64.88363640755415,30.5,1.5,11.0,10.0,300.0,15.0,7.333333333333333,30.0
3.9375,x,gym_env,2.2613978385925293,-1.2996480336369132e-06,0.013489349745213985,6.381154435075587e-06,1.0509795629332075e-06,-2.672888513188809e-06,-3.1415793895721436,-2.432602377666626e-05,3.1407363414764404,0.4374999701976776,0.0,1.0,-0.6000000238418579,0.0,0.0,9440.2998046875,9440.2998046875,9440.2998046875,9440.2998046875,-2.539081377983093,0.0,0.0,0.0,30.292156368494034,2.2032273076474667,7.273894846439362,64.80460846424103,30.5,1.5,11.0,10.0,300.0,15.0,7.333333333333333,30.0
3.958333333333333,x,gym_env,2.2613985538482666,-1.3043134003964951e-06,0.013489361852407455,4.733336754725315e-05,-1.0742976428446127e-06,2.8004253636026988e-06,-3.1415798664093018,-2.681288606254384e-05,3.140726089477539,0.42499998211860657,0.0,1.0,-0.6000000238418579,0.0,0.0,9440.2998046875,9440.2998046875,9440.2998046875,9440.2998046875,-2.5553205609321594,0.0,0.0,0.0,30.22889058291912,2.1959203518927097,7.225844353437424,64.87995643913746,30.5,1.5,11.0,10.0,300.0,15.0,7.333333333333333,30.0
3.9791666666666665,x,gym_env,2.261399030685425,-1.2999987575312844e-06,0.013489351607859135,6.281979040068109e-06,1.0610477829686715e-06,-2.717080406000605e-06,-3.1415793895721436,-2.467303966113832e-05,3.1407177448272705,0.41249996423721313,0.0,1.0,-0.6000000238418579,0.0,0.0,9440.2998046875,9440.2998046875,9440.2998046875,9440.2998046875,-2.571571359634399,0.0,0.0,0.0,30.390689432621002,2.1910809725522995,7.282456487417221,64.83521893620491,30.5,1.5,11.0,10.0,300.0,15.0,7.333333333333333,30.0
4.0,x,gym_env,2.261399507522583,-1.297929657084751e-06,0.013489342294633389,6.676009434158914e-06,1.0184111260969075e-06,-2.529604216761072e-06,-3.1415793895721436,-2.3273920305655338e-05,3.140709161758423,0.3999999761581421,0.0,1.0,-0.6000000238418579,0.0,0.0,9440.2998046875,9440.2998046875,9440.2998046875,9440.2998046875,-2.5878333187103273,0.0,0.0,0.0,30.29176640510559,2.175643779337406,7.320464015007019,64.89628651738167,30.5,1.5,11.0,10.0,300.0,15.0,7.333333333333333,30.0
4.020833333333333,x,gym_env,2.261399984359741,-1.303124236073927e-06,0.013489357195794582,4.7526260459562764e-05,-1.0953563105431385e-06,2.8956894766452024e-06,-3.1415796279907227,-2.61191999015864e-05,3.1406991481781006,0.38749998807907104,0.0,1.0,-0.6000000238418579,0.0,0.0,9440.2998046875,9440.2998046875,9440.2998046875,9440.2998046875,-2.604072346687317,0.0,0.0,0.0,30.342570304870605,2.1895086243748665,7.271227866411209,64.93559592217207,30.5,1.5,11.0,10.0,300.0,15.0,7.333333333333333,30.0
4.041666666666666,x,gym_env,2.2614004611968994,-1.299160089729412e-06,0.01348934881389141,6.409189154510386e-06,1.0466446838108823e-06,-2.6553018415143015e-06,-3.1415793895721436,-2.421554017928429e-05,3.140690565109253,0.3749999701976776,0.0,1.0,-0.6000000238418579,0.0,0.0,9440.2998046875,9440.2998046875,9440.2998046875,9440.2998046875,-2.6203347873687743,0.0,0.0,0.0,30.226147651672363,2.17700332403183,7.279586315155029,64.94495909661055,30.5,1.5,11.0,10.0,300.0,15.0,7.333333333333333,30.0
4.0625,x,gym_env,2.2614011764526367,-1.3038879842497408e-06,0.01348936092108488,4.734941467177123e-05,-1.0763089903775835e-06,2.8135104912507813e-06,-3.1415798664093018,-2.6739386157714762e-05,3.1406805515289307,0.36249998211860657,0.0,1.0,-0.6000000238418579,0.0,0.0,9440.2998046875,9440.2998046875,9440.2998046875,9440.2998046875,-2.636573987007141,0.0,0.0,0.0,30.13163237273693,2.1703717559576035,7.298992097377777,64.92844827473164,30.5,1.5,11.0,10.0,300.0,15.0,7.333333333333333,30.0
4.083333333333333,x,gym_env,2.261401653289795,-1.299617451877566e-06,0.01348935067653656,6.292754278547363e-06,1.0588150871626567e-06,-2.710151420615148e-06,-3.1415793895721436,-2.4623937861179e-05,3.140671968460083,0.34999996423721313,0.0,1.0,-0.6000000238418579,0.0,0.0,9440.2998046875,9440.2998046875,9440.2998046875,9440.2998046875,-2.6528246855735778,0.0,0.0,0.0,30.204658791422844,2.1908310391008854,7.230985790491104,64.92258371412754,30.5,1.5,11.0,10.0,300.0,15.0,7.333333333333333,30.0
4.104166666666666,x,gym_env,2.261402130126953,-1.2991695257369429e-06,0.01348934881389141,6.376350938808173e-06,1.050399419000314e-06,-2.6750037704914575e-06,-3.1415793895721436,-2.4325563572347164e-05,3.1406631469726562,0.3374999761581421,0.0,1.0,-0.6000000238418579,0.0,0.0,9440.2998046875,9440.2998046875,9440.2998046875,9440.2998046875,-2.669086987972259,0.0,0.0,0.0,30.248478516936302,2.1895871758461,7.250497758388519,64.9232301786542,30.5,1.5,11.0,10.0,300.0,15.0,7.333333333333333,30.0
4.125,x,gym_env,2.2614028453826904,-1.3038243196206167e-06,0.013489361852407455,4.732625529868528e-05,-1.073063003786956e-06,2.80173662758898e-06,-3.1415798664093018,-2.6811467250809073e-05,3.140652894973755,0.32499995827674866,0.0,1.0,-0.6000000238418579,0.0,0.0,9440.2998046875,9440.2998046875,9440.2998046875,9440.2998046875,-2.685326170921326,0.0,0.0,0.0,30.33090764284134,2.1975990794599056,7.304258167743683,64.87179435789585,30.5,1.5,11.0,10.0,300.0,15.0,7.333333333333333,30.0
4.145833333333333,x,gym_env,2.2614033222198486,-1.2995075167054893e-06,0.013489351607859135,6.277613920246949e-06,1.06040317859879e-06,-2.718936912060599e-06,-3.1415793895721436,-2.46710296778474e-05,3.1406445503234863,0.3124999701976776,0.0,1.0,-0.6000000238418579,0.0,0.0,9440.2998046875,9440.2998046875,9440.2998046875,9440.2998046875,-2.7015768313407897,0.0,0.0,0.0,30.203779563307762,2.188752356916666,7.235426589846611,64.92166002839804,30.5,1.5,11.0,10.0,300.0,15.0,7.333333333333333,30.0
4.166666666666666,x,gym_env,2.261403799057007,-1.2970085663255304e-06,0.01348934043198824,6.754768492100993e-06,1.0087118198498501e-06,-2.4925802790676244e-06,-3.1415793895721436,-2.2977179469307885e-05,3.1406359672546387,0.29999998211860657,0.0,1.0,-0.6000000238418579,0.0,0.0,9440.2998046875,9440.2998046875,9440.2998046875,9440.2998046875,-2.717839255332947,0.0,0.0,0.0,30.26852798461914,2.1947353035211563,7.223869860172272,64.91405659914017,30.5,1.5,11.0,10.0,300.0,15.0,7.333333333333333,30.0
4.1875,x,gym_env,2.261404514312744,-1.3023395695199724e-06,0.013489356264472008,4.757421265821904e-05,-1.1000552149198484e-06,2.9230538984847954e-06,-3.1415796279907227,-2.592255077615846e-05,3.1406259536743164,0.28749996423721313,0.0,1.0,-0.6000000238418579,0.0,0.0,9440.2998046875,9440.2998046875,9440.2998046875,9440.2998046875,-2.7340784215927125,0.0,0.0,0.0,30.373307645320892,2.1848193258047104,7.261541843414307,64.9849506104365,30.5,1.5,11.0,10.0,300.0,15.0,7.333333333333333,30.0
4.208333333333333,x,gym_env,2.2614049911499023,-1.2984701243112795e-06,0.013489346951246262,6.4411069615744054e-06,1.042093799696886e-06,-2.639987769725849e-06,-3.1415793895721436,-2.4084883989416994e-05,3.1406173706054688,0.2749999761581421,0.0,1.0,-0.6000000238418579,0.0,0.0,9440.2998046875,9440.2998046875,9440.2998046875,9440.2998046875,-2.7503404140472414,0.0,0.0,0.0,30.213239014148712,2.191877517849207,7.239663437008858,64.95449581369758,30.5,1.5,11.0,10.0,300.0,15.0,7.333333333333333,30.0
4.229166666666666,x,gym_env,2.2614054679870605,-1.3032522474532016e-06,0.01348936092108488,4.736650225822814e-05,-1.077690399142739e-06,2.826327317961841e-06,-3.1415798664093018,-2.6652174710761756e-05,3.1406073570251465,0.26249995827674866,0.0,1.0,-0.6000000238418579,0.0,0.0,9440.2998046875,9440.2998046875,9440.2998046875,9440.2998046875,-2.7665795969963076,0.0,0.0,0.0,30.164684116840363,2.1545230969786644,7.2660932540893555,65.03217161819339,30.5,1.5,11.0,10.0,300.0,15.0,7.333333333333333,30.0
4.25,x,gym_env,2.2614059448242188,-1.2990221875952557e-06,0.01348935067653656,6.304335329332389e-06,1.0564486956354813e-06,-2.704424559851759e-06,-3.1415793895721436,-2.4565395506215282e-05,3.140598773956299,0.2499999701976776,0.0,1.0,-0.6000000238418579,0.0,0.0,9440.2998046875,9440.2998046875,9440.2998046875,9440.2998046875,-2.782834572792053,0.0,0.0,0.0,30.17645727097988,2.1793485656380653,7.252098172903061,64.97225785441697,30.5,1.5,11.0,10.0,300.0,15.0,7.333333333333333,30.0
4.270833333333333,x,gym_env,2.261406660079956,-1.2990683444513706e-06,0.013489346951246262,2.109737579303328e-05,1.1288259216257757e-08,-1.042383360072563e-06,-3.1415793895721436,-2.420320743112825e-05,3.140589952468872,0.23749996721744537,0.0,1.0,-0.6000000238418579,0.0,0.0,9440.2998046875,9440.2998046875,9440.2998046875,9440.2998046875,-2.7990925979614256,0.0,0.0,0.0,30.175198957324028,2.1855230629444122,7.231590569019318,64.98628530651331,30.5,1.5,11.0,10.0,300.0,15.0,7.333333333333333,30.0
4.291666666666666,x,gym_env,2.2614071369171143,-1.3031959724685294e-06,0.01348936092108488,4.734009053208865e-05,-1.0739901199485757e-06,2.81255302070349e-06,-3.1415798664093018,-2.673578455869574e-05,3.1405797004699707,0.22499996423721313,0.0,1.0,-0.6000000238418579,0.0,0.0,9440.2998046875,9440.2998046875,9440.2998046875,9440.2998046875,-2.815331780910492,0.0,0.0,0.0,30.297490417957306,2.169426068663597,7.3960195779800415,64.92844117432833,30.5,1.5,11.0,10.0,300.0,15.0,7.333333333333333,30.0
4.3125,x,gym_env,2.2614076137542725,-1.2989122524231789e-06,0.01348935067653656,6.287053565756651e-06,1.058336351889011e-06,-2.7145281364937546e-06,-3.1415793895721436,-2.4620083422632888e-05,3.140571355819702,0.2124999612569809,0.0,1.0,-0.6000000238418579,0.0,0.0,9440.2998046875,9440.2998046875,9440.2998046875,9440.2998046875,-2.831582806110382,0.0,0.0,0.0,30.332453340291977,2.1997495032846928,7.260685533285141,64.93023078143597,30.5,1.5,11.0,10.0,300.0,15.0,7.333333333333333,30.0
4.333333333333333,x,gym_env,2.2614083290100098,-1.2984500017410028e-06,0.01348934881389141,6.370683877321426e-06,1.049757884175051e-06,-2.67861128122604e-06,-3.1415793895721436,-2.4321587261511013e-05,3.1405622959136963,0.19999997317790985,0.0,1.0,-0.6000000238418579,0.0,0.0,9440.2998046875,9440.2998046875,9440.2998046875,9440.2998046875,-2.8478446435928344,0.0,0.0,0.0,30.152890220284462,2.1850149109959602,7.239095956087112,65.01643756963313,30.5,1.5,11.0,10.0,300.0,15.0,7.333333333333333,30.0
4.354166666666666,x,gym_env,2.261408805847168,-1.3030877425990184e-06,0.013489361852407455,4.73170803161338e-05,-1.0712606126617175e-06,2.8030829071212793e-06,-3.1415798664093018,-2.6807309041032568e-05,3.140552043914795,0.1874999701976776,0.0,1.0,-0.6000000238418579,0.0,0.0,9440.2998046875,9440.2998046875,9440.2998046875,9440.2998046875,-2.8640838265419006,0.0,0.0,0.0,30.292941570281982,2.1921777427196503,7.262274533510208,64.95350881665945,30.5,1.5,11.0,10.0,300.0,15.0,7.333333333333333,30.0
4.375,x,gym_env,2.261409282684326,-1.2987662785235443e-06,0.01348935067653656,6.272016435104888e-06,1.0595844059935189e-06,-2.721794771787245e-06,-3.1415793895721436,-2.4666811441420577e-05,3.1405436992645264,0.17499996721744537,0.0,1.0,-0.6000000238418579,0.0,0.0,9440.2998046875,9440.2998046875,9440.2998046875,9440.2998046875,-2.8803348350524907,0.0,0.0,0.0,30.24157501757145,2.1735545992851257,7.240908548235893,65.01682507991791,30.5,1.5,11.0,10.0,300.0,15.0,7.333333333333333,30.0
4.395833333333333,x,gym_env,2.2614099979400635,-1.2983607575733913e-06,0.013489349745213985,6.342649157886626e-06,1.0524568097025622e-06,-2.6910183805739507e-06,-3.1415793895721436,-2.4414219296886586e-05,3.1405346393585205,0.16249996423721313,0.0,1.0,-0.6000000238418579,0.0,0.0,9440.2998046875,9440.2998046875,9440.2998046875,9440.2998046875,-2.8965969991683957,0.0,0.0,0.0,30.1596557199955,2.1597273275256157,7.314149051904678,64.986596330069,30.5,1.5,11.0,10.0,300.0,15.0,7.333333333333333,30.0
4.416666666666666,x,gym_env,2.2614104747772217,-1.3029507499595638e-06,0.013489361852407455,4.729714783024974e-05,-1.069016775545606e-06,2.795761474772007e-06,-3.1415798664093018,-2.6867926862905733e-05,3.140524387359619,0.1499999612569809,0.0,1.0,-0.6000000238418579,0.0,0.0,9440.2998046875,9440.2998046875,9440.2998046875,9440.2998046875,-2.9128480243682864,0.0,0.0,0.0,30.191267997026443,2.1738210543990135,7.242867633700371,65.05459898710251,30.5,1.5,11.0,10.0,300.0,15.0,7.333333333333333,30.0
4.4375,x,gym_env,2.261411190032959,-1.3024460940869176e-06,0.013489359989762306,4.7445751988561824e-05,-9.4108554549166e-07,3.2307948458765168e-06,-3.1415798664093018,-2.654363925103098e-05,3.1405155658721924,0.13749995827674866,0.0,1.0,-0.6000000238418579,0.0,0.0,9440.2998046875,9440.2998046875,9440.2998046875,9440.2998046875,-2.929086880683899,0.0,0.0,0.0,30.222575277090073,2.177573874592781,7.263721346855164,64.9868974480778,30.5,1.5,11.0,10.0,300.0,15.0,7.333333333333333,30.0
4.458333333333333,x,gym_env,2.261411666870117,-1.2982434327568626e-06,0.013489349745213985,6.3186998886521906e-06,1.0544524684519274e-06,-2.7015698833565693e-06,-3.1415793895721436,-2.4492546799592674e-05,3.1405069828033447,0.12499996274709702,0.0,1.0,-0.6000000238418579,0.0,0.0,9440.2998046875,9440.2998046875,9440.2998046875,9440.2998046875,-2.9453490281105044,0.0,0.0,0.0,30.178500309586525,2.147953398525715,7.3451621532440186,65.04108165204525,30.5,1.5,11.0,10.0,300.0,15.0,7.333333333333333,30.0
4.479166666666666,x,gym_env,2.2614121437072754,-1.3027931800024817e-06,0.01348936278373003,4.727987470687367e-05,-1.0670880783436587e-06,2.789830659821746e-06,-3.1415798664093018,-2.6919118681689724e-05,3.1404969692230225,0.11249996721744537,0.0,1.0,-0.6000000238418579,0.0,0.0,9440.2998046875,9440.2998046875,9440.2998046875,9440.2998046875,-2.9615998601913454,0.0,0.0,0.0,30.136378467082977,2.156266115605831,7.319898188114166,65.00396929914132,30.5,1.5,11.0,10.0,300.0,15.0,7.333333333333333,30.0
4.5,x,gym_env,2.2614126205444336,-1.3000690159969963e-06,0.01348935067653656,4.7798755986150354e-05,-1.1191397106813383e-06,3.0471846912405454e-06,-3.1415796279907227,-2.507791214156896e-05,3.140488386154175,0.09999996423721313,0.0,1.0,-0.6000000238418579,0.0,0.0,9440.2998046875,9440.2998046875,9440.2998046875,9440.2998046875,-2.9778390097618104,0.0,0.0,0.0,30.1264456063509,2.146455816924572,7.338904321193695,64.98716521449387,30.5,1.5,11.0,10.0,300.0,15.0,7.333333333333333,30.0
4.520833333333333,x,gym_env,2.261413097381592,-1.2966099802724784e-06,0.013489343225955963,6.589390068256762e-06,1.024181756292819e-06,-2.5700737751321867e-06,-3.1415793895721436,-2.3526290533482097e-05,3.1404800415039062,0.0874999612569809,0.0,1.0,-0.6000000238418579,0.0,0.0,9440.2998046875,9440.2998046875,9440.2998046875,9440.2998046875,-2.9941014337539675,0.0,0.0,0.0,29.972950596362352,2.1618132516741753,7.2446462363004684,65.0288785174489,30.5,1.5,11.0,10.0,300.0,15.0,7.333333333333333,30.0
4.541666666666666,x,gym_env,2.261413812637329,-1.3016472166782478e-06,0.013489358127117157,4.7456807806156576e-05,-1.0864691830647644e-06,2.8775259579560952e-06,-3.1415796279907227,-2.6282001272193156e-05,3.140469789505005,0.07499996572732925,0.0,1.0,-0.6000000238418579,0.0,0.0,9440.2998046875,9440.2998046875,9440.2998046875,9440.2998046875,-3.0103403067588808,0.0,0.0,0.0,30.066824965178967,2.1666544154286385,7.2270864844322205,65.01552616711706,30.5,1.5,11.0,10.0,300.0,15.0,7.333333333333333,30.0
4.5625,x,gym_env,2.2614142894744873,-1.2975941672266345e-06,0.01348934881389141,6.364446562656667e-06,1.0479361662873998e-06,-2.675787300177035e-06,-3.1415793895721436,-2.431945176795125e-05,3.1404614448547363,0.062499962747097015,0.0,1.0,-0.6000000238418579,0.0,0.0,9440.2998046875,9440.2998046875,9440.2998046875,9440.2998046875,-3.0266027641296382,0.0,0.0,0.0,30.127444088459015,2.165473334491253,7.269814699888229,64.9789408929646,30.5,1.5,11.0,10.0,300.0,15.0,7.333333333333333,30.0
4.583333333333333,x,gym_env,2.2614150047302246,-1.3022379334870493e-06,0.013489361852407455,4.730755972559564e-05,-1.0703788575483486e-06,2.808521458064206e-06,-3.1415798664093018,-2.6804364097188227e-05,3.140451192855835,0.049999963492155075,0.0,1.0,-0.6000000238418579,0.0,0.0,9440.2998046875,9440.2998046875,9440.2998046875,9440.2998046875,-3.042841947078705,0.0,0.0,0.0,30.14350274205208,2.1565814688801765,7.310987889766693,65.03847478330135,30.5,1.5,11.0,10.0,300.0,15.0,7.333333333333333,30.0
4.604166666666666,x,gym_env,2.261415481567383,-1.2979267012269702e-06,0.01348935067653656,6.266196123760892e-06,1.0581604783510556e-06,-2.721953933360055e-06,-3.1415793895721436,-2.4663388103363104e-05,3.1404428482055664,0.037499960511922836,0.0,1.0,-0.6000000238418579,0.0,0.0,9440.2998046875,9440.2998046875,9440.2998046875,9440.2998046875,-3.0590927624702453,0.0,0.0,0.0,30.009734732098877,2.1531283780932426,7.213826566934586,65.08748951554298,30.5,1.5,11.0,10.0,300.0,15.0,7.333333333333333,30.0
4.625,x,gym_env,2.261415958404541,-1.2954246813023929e-06,0.013489339500665665,6.743453013768885e-06,1.0065222113553318e-06,-2.496252136552357e-06,-3.1415793895721436,-2.2969141355133615e-05,3.140434503555298,0.024999961256980896,0.0,1.0,-0.6000000238418579,0.0,0.0,9440.2998046875,9440.2998046875,9440.2998046875,9440.2998046875,-3.0753548765182495,0.0,0.0,0.0,30.15212370455265,2.1724080815911293,7.281452298164368,64.96995760314167,30.5,1.5,11.0,10.0,300.0,15.0,7.333333333333333,30.0
4.645833333333333,x,gym_env,2.261416435241699,-1.3007361303607468e-06,0.013489355333149433,4.75558772450313e-05,-1.0970358061968e-06,2.928120466094697e-06,-3.1415796279907227,-2.591417978692334e-05,3.1404242515563965,0.012499961070716381,0.0,1.0,-0.6000000238418579,0.0,0.0,9440.2998046875,9440.2998046875,9440.2998046875,9440.2998046875,-3.0915937328338625,0.0,0.0,0.0,29.96902523562312,2.148683026432991,7.246413841843605,65.09344121813774,30.5,1.5,11.0,10.0,300.0,15.0,7.333333333333333,30.0
4.666666666666666,x,gym_env,2.2614169120788574,-1.2968666851520538e-06,0.013489346951246262,6.429924269468756e-06,1.0400732435300597e-06,-2.6441359750606352e-06,-3.1415793895721436,-2.407640749879647e-05,3.140415906906128,-3.973643103449831e-08,0.0,1.0,-0.6000000238418579,0.0,0.0,9440.2998046875,9440.2998046875,9440.2998046875,9440.2998046875,-3.1078561735153194,0.0,0.0,0.0,29.948504962027073,2.1494312807917595,7.308182954788208,65.0615648292005,30.5,1.5,11.0,10.0,300.0,15.0,7.333333333333333,30.0
4.6875,x,gym_env,2.2614176273345947,-1.3016265256737825e-06,0.013489359989762306,4.734825051855296e-05,-1.0745595773187233e-06,2.831080792020657e-06,-3.1415798664093018,-2.6643516321200877e-05,3.1404056549072266,-0.012500040233135223,0.0,1.0,-0.6000000238418579,0.0,0.0,9440.2998046875,9440.2998046875,9440.2998046875,9440.2998046875,-3.1240953731536867,0.0,0.0,0.0,30.105868227779865,2.132549837231636,7.40375354886055,64.98277822881937,30.5,1.5,11.0,10.0,300.0,15.0,7.333333333333333,30.0
4.708333333333333,x,gym_env,2.261418104171753,-1.2973947605132707e-06,0.013489349745213985,6.293210844887653e-06,1.0545023769736872e-06,-2.7087785383628216e-06,-3.1415793895721436,-2.455672984069679e-05,3.140397310256958,-0.025000041350722313,0.0,1.0,-0.6000000238418579,0.0,0.0,9440.2998046875,9440.2998046875,9440.2998046875,9440.2998046875,-3.1403578305244446,0.0,0.0,0.0,30.14601168036461,2.156536281108856,7.348186731338501,65.06178135797381,30.5,1.5,11.0,10.0,300.0,15.0,7.333333333333333,30.0
4.729166666666666,x,gym_env,2.2614188194274902,-1.3019135849390295e-06,0.013489361852407455,4.7257151891244575e-05,-1.064624598257069e-06,2.789153541016276e-06,-3.1415798664093018,-2.6959736715070903e-05,3.1403870582580566,-0.0375000424683094,0.0,1.0,-0.6000000238418579,0.0,0.0,9440.2998046875,9440.2998046875,9440.2998046875,9440.2998046875,-3.1566086292266844,0.0,0.0,0.0,29.881489284336567,2.118796646595001,7.343268305063248,65.08425676077604,30.5,1.5,11.0,10.0,300.0,15.0,7.333333333333333,30.0
4.75,x,gym_env,2.2614192962646484,-1.299606879001658e-06,0.01348935253918171,4.7695932153146714e-05,-1.1118725069536595e-06,2.9974371500429697e-06,-3.1415796279907227,-2.5401042876183055e-05,3.140378713607788,-0.05000004172325134,0.0,1.0,-0.6000000238418579,0.0,0.0,9440.2998046875,9440.2998046875,9440.2998046875,9440.2998046875,-3.1728474688529964,0.0,0.0,0.0,30.115091994404793,2.1640035584568977,7.323180109262466,65.02127356268466,30.5,1.5,11.0,10.0,300.0,15.0,7.333333333333333,30.0
4.770833333333333,x,gym_env,2.2614197731018066,-1.2959908417542465e-06,0.013489345088601112,6.5224066929658875e-06,1.0293977084074868e-06,-2.6001512196671683e-06,-3.1415793895721436,-2.373760798946023e-05,3.1403703689575195,-0.06250004470348358,0.0,1.0,-0.6000000238418579,0.0,0.0,9440.2998046875,9440.2998046875,9440.2998046875,9440.2998046875,-3.1891095995903016,0.0,0.0,0.0,30.09972209483385,2.149219535291195,7.270867675542831,65.15304440259933,30.5,1.5,11.0,10.0,300.0,15.0,7.333333333333333,30.0
4.791666666666666,x,gym_env,2.261420249938965,-1.3009126860197284e-06,0.013489359058439732,4.740673830383457e-05,-1.0805973715832806e-06,2.861771463358309e-06,-3.1415796279907227,-2.6419573259772733e-05,3.140360116958618,-0.07500004023313522,0.0,1.0,-0.6000000238418579,0.0,0.0,9440.2998046875,9440.2998046875,9440.2998046875,9440.2998046875,-3.205348782539368,0.0,0.0,0.0,30.137672886252403,2.1495923921465874,7.317270666360855,65.0689821317792,30.5,1.5,11.0,10.0,300.0,15.0,7.333333333333333,30.0
4.8125,x,gym_env,2.261420726776123,-1.2967905149707804e-06,0.01348934881389141,6.331951681204373e-06,1.0496221420908114e-06,-2.6902441732090665e-06,-3.1415793895721436,-2.4408493118244223e-05,3.1403517723083496,-0.08750004321336746,0.0,1.0,-0.6000000238418579,0.0,0.0,9440.2998046875,9440.2998046875,9440.2998046875,9440.2998046875,-3.2216112399101258,0.0,0.0,0.0,30.12094984203577,2.1480125412344933,7.263703852891922,65.08570316433907,30.5,1.5,11.0,10.0,300.0,15.0,7.333333333333333,30.0
4.833333333333333,x,gym_env,2.2614214420318604,-1.3013766420044703e-06,0.013489361852407455,4.7280220314860344e-05,-1.0668373988664825e-06,2.8030649446009193e-06,-3.1415798664093018,-2.686136394913774e-05,3.1403415203094482,-0.1000000461935997,0.0,1.0,-0.6000000238418579,0.0,0.0,9440.2998046875,9440.2998046875,9440.2998046875,9440.2998046875,-3.2378504395484926,0.0,0.0,0.0,29.99442622764036,2.151849150657654,7.295457869768143,65.08084616810083,30.5,1.5,11.0,10.0,300.0,15.0,7.333333333333333,30.0
4.854166666666666,x,gym_env,2.2614219188690186,-1.297034486924531e-06,0.01348935067653656,6.248676982067991e-06,1.0583125913399272e-06,-2.729623702180106e-06,-3.1415793895721436,-2.469933679094538e-05,3.1403331756591797,-0.11250004172325134,0.0,1.0,-0.6000000238418579,0.0,0.0,9440.2998046875,9440.2998046875,9440.2998046875,9440.2998046875,-3.2541009283065794,0.0,0.0,0.0,30.056992292404175,2.1226250678300858,7.378443717956543,65.08323565870523,30.5,1.5,11.0,10.0,300.0,15.0,7.333333333333333,30.0
4.875,x,gym_env,2.2614223957061768,-1.2949074061907595e-06,0.013489341363310814,6.652523097727681e-06,1.0146790145881823e-06,-2.53843927566777e-06,-3.1415793895721436,-2.326536014152225e-05,3.140324831008911,-0.12500004470348358,0.0,1.0,-0.6000000238418579,0.0,0.0,9440.2998046875,9440.2998046875,9440.2998046875,9440.2998046875,-3.2703633522987365,0.0,0.0,0.0,30.04770002141595,2.12692441791296,7.311446845531464,65.12097144126892,30.5,1.5,11.0,10.0,300.0,15.0,7.333333333333333,30.0
4.895833333333333,x,gym_env,2.261423110961914,-1.3000574199395487e-06,0.013489356264472008,4.749002982862294e-05,-1.0893038506765151e-06,2.904148914240068e-06,-3.1415796279907227,-2.6107696612598374e-05,3.1403145790100098,-0.13750004768371582,0.0,1.0,-0.6000000238418579,0.0,0.0,9440.2998046875,9440.2998046875,9440.2998046875,9440.2998046875,-3.286602518558502,0.0,0.0,0.0,29.943464197218418,2.1117136776447296,7.350012183189392,65.13634820282459,30.5,1.5,11.0,10.0,300.0,15.0,7.333333333333333,30.0
4.916666666666666,x,gym_env,2.2614235877990723,-1.296088612434687e-06,0.013489347882568836,6.387033863575198e-06,1.0429851045046235e-06,-2.6640072974259965e-06,-3.1415793895721436,-2.4202314307331108e-05,3.140306234359741,-0.15000005066394806,0.0,1.0,-0.6000000238418579,0.0,0.0,9440.2998046875,9440.2998046875,9440.2998046875,9440.2998046875,-3.30286497592926,0.0,0.0,0.0,30.123614579439163,2.1456221118569374,7.3420950174331665,65.0566426590085,30.5,1.5,11.0,10.0,300.0,15.0,7.333333333333333,30.0
4.9375,x,gym_env,2.2614243030548096,-1.3007706911594141e-06,0.01348936092108488,4.731406079372391e-05,-1.0702099189074943e-06,2.8220538297318853e-06,-3.1415798664093018,-2.6724808776634745e-05,3.14029598236084,-0.1625000536441803,0.0,1.0,-0.6000000238418579,0.0,0.0,9440.2998046875,9440.2998046875,9440.2998046875,9440.2998046875,-3.3191041588783263,0.0,0.0,0.0,29.97531615383923,2.122528627514839,7.336528807878494,65.17187957465649,30.5,1.5,11.0,10.0,300.0,15.0,7.333333333333333,30.0
4.958333333333333,x,gym_env,2.2614247798919678,-1.2964947018190287e-06,0.013489349745213985,6.271178790484555e-06,1.0551876812314731e-06,-2.7188002604816575e-06,-3.1415793895721436,-2.460868563503027e-05,3.1402876377105713,-0.17500004172325134,0.0,1.0,-0.6000000238418579,0.0,0.0,9440.2998046875,9440.2998046875,9440.2998046875,9440.2998046875,-3.3353546810150143,0.0,0.0,0.0,30.06797431409359,2.1435961052775383,7.40452316403389,65.05070742219687,30.5,1.5,11.0,10.0,300.0,15.0,7.333333333333333,30.0
4.979166666666666,x,gym_env,2.261425256729126,-1.2935547601955477e-06,0.013489337638020515,6.798485628678463e-06,7.184496553236386e-07,-3.218916617697687e-06,-3.1415791511535645,-2.260676774312742e-05,3.1402792930603027,-0.18750004470348358,0.0,1.0,-0.6000000238418579,0.0,0.0,9440.2998046875,9440.2998046875,9440.2998046875,9440.2998046875,-3.3516167950630185,0.0,0.0,0.0,30.03097021766007,2.1413163244724274,7.279843986034393,65.14966814219952,30.5,1.5,11.0,10.0,300.0,15.0,7.333333333333333,30.0
5.0,x,gym_env,2.261425733566284,-1.2990096820431063e-06,0.013489353470504284,4.760793672176078e-05,-1.1017459655704442e-06,2.962878170365002e-06,-3.1415796279907227,-2.5673072741483338e-05,3.1402690410614014,-0.20000004768371582,0.0,1.0,0.0,0.0,0.0,9440.2998046875,9440.2998046875,9440.2998046875,9440.2998046875,-3.5690703369508583,0.0,0.0,0.0,29.798973932862282,2.104156494140625,7.28295561671257,65.19288238883018,30.5,1.5,11.0,10.0,300.0,15.0,7.333333333333333,30.0
5.020833333333333,x,gym_env,2.2614262104034424,-1.2952550605405122e-06,0.013489346019923687,6.464927082561189e-06,1.033889020618517e-06,-2.6269935915479437e-06,-3.1415793895721436,-2.3915250494610518e-05,3.140260696411133,-0.20000004768371582,0.0,1.0,0.0,0.0,0.0,9440.2998046875,9440.2998046875,9440.2998046875,9440.2998046875,-3.569085688373889,0.0,0.0,0.0,29.68886637687683,2.0980470180511475,7.304140359163284,65.21116273105145,30.5,1.5,11.0,10.0,300.0,15.0,7.333333333333333,30.0
5.041666666666666,x,gym_env,2.2614269256591797,-1.3000734497836675e-06,0.013489359058439732,4.736293340101838e-05,-1.0752058869911707e-06,2.848147460099426e-06,-3.1415796279907227,-2.6534957214607857e-05,3.1402504444122314,-0.20000004768371582,0.0,1.0,0.0,0.0,0.0,9440.2998046875,9440.2998046875,9440.2998046875,9440.2998046875,-3.569072009016145,0.0,0.0,0.0,29.543784767389297,2.0872506499290466,7.287614732980728,65.18555533885956,30.5,1.5,11.0,10.0,300.0,15.0,7.333333333333333,30.0
5.0625,x,gym_env,2.261427402496338,-1.2958900015291874e-06,0.013489349745213985,6.303585905698128e-06,1.0509942285352736e-06,-2.7032945126848063e-06,-3.1415793895721436,-2.4482913431711495e-05,3.140242099761963,-0.20000004768371582,0.0,1.0,0.0,0.0,0.0,9440.2998046875,9440.2998046875,9440.2998046875,9440.2998046875,-3.5690873793413633,0.0,0.0,0.0,29.832127258181572,2.101273149251938,7.328440397977829,65.24806155264378,30.5,1.5,11.0,10.0,300.0,15.0,7.333333333333333,30.0
5.083333333333333,x,gym_env,2.261428117752075,-1.30042360524385e-06,0.013489361852407455,4.725559847429395e-05,-1.0635050102791865e-06,2.7985333872493356e-06,-3.1415798664093018,-2.690872861421667e-05,3.1402318477630615,-0.20000004768371582,0.0,1.0,0.0,0.0,0.0,9440.2998046875,9440.2998046875,9440.2998046875,9440.2998046875,-3.5690882502156454,0.0,0.0,0.0,29.632512599229813,2.1009246110916138,7.2936951816082,65.19543361663818,30.5,1.5,11.0,10.0,300.0,15.0,7.333333333333333,30.0
5.104166666666666,x,gym_env,2.2614285945892334,-1.2977337746633566e-06,0.013489349745213985,4.776834248332307e-05,-1.111675032916537e-06,3.0599371712014545e-06,-3.1415796279907227,-2.509298428776674e-05,3.140223503112793,-0.20000004768371582,0.0,1.0,0.0,0.0,0.0,9440.2998046875,9440.2998046875,9440.2998046875,9440.2998046875,-3.569074522158121,0.0,0.0,0.0,29.61373794078827,2.087103098630905,7.324772626161575,65.19574505090714,30.5,1.5,11.0,10.0,300.0,15.0,7.333333333333333,30.0
5.125,x,gym_env,2.2614290714263916,-1.2942665534865228e-06,0.013489343225955963,6.569852757820627e-06,1.02186095318757e-06,-2.5771405489649624e-06,-3.1415793895721436,-2.353232957830187e-05,3.1402151584625244,-0.20000004768371582,0.0,1.0,0.0,0.0,0.0,9440.2998046875,9440.2998046875,9440.2998046875,9440.2998046875,-3.5690895144896784,0.0,0.0,0.0,29.777699187397957,2.119829922914505,7.200538128614426,65.18326066434383,30.5,1.5,11.0,10.0,300.0,15.0,7.333333333333333,30.0
5.145833333333333,x,gym_env,2.26142954826355,-1.299269115406787e-06,0.013489358127117157,4.742961755255237e-05,-1.0821371461133822e-06,2.882705985030043e-06,-3.1415796279907227,-2.628194124554284e-05,3.140204906463623,-0.20000004768371582,0.0,1.0,0.0,0.0,0.0,9440.2998046875,9440.2998046875,9440.2998046875,9440.2998046875,-3.5690758272432506,0.0,0.0,0.0,29.6440532207489,2.0943121016025543,7.28743639588356,65.20917776226997,30.5,1.5,11.0,10.0,300.0,15.0,7.333333333333333,30.0
5.166666666666666,x,gym_env,2.261430025100708,-1.2952100405527744e-06,0.013489347882568836,6.3477309595327824e-06,1.0455268011355656e-06,-2.6822101517609553e-06,-3.1415793895721436,-2.4315520931850187e-05,3.1401965618133545,-0.20000004768371582,0.0,1.0,0.0,0.0,0.0,9440.2998046875,9440.2998046875,9440.2998046875,9440.2998046875,-3.5690911914382015,0.0,0.0,0.0,29.73235574364662,2.1206119805574417,7.193014740943909,65.20773163437843,30.5,1.5,11.0,10.0,300.0,15.0,7.333333333333333,30.0
5.1875,x,gym_env,2.2614307403564453,-1.2998204965697369e-06,0.01348936092108488,4.728222847916186e-05,-1.0661061651262571e-06,2.8141250822955044e-06,-3.1415798664093018,-2.67977320618229e-05,3.140186309814453,-0.20000004768371582,0.0,1.0,0.0,0.0,0.0,9440.2998046875,9440.2998046875,9440.2998046875,9440.2998046875,-3.569077521819554,0.0,0.0,0.0,29.71314361691475,2.0955683290958405,7.296821057796478,65.20316597819328,30.5,1.5,11.0,10.0,300.0,15.0,7.333333333333333,30.0
5.208333333333333,x,gym_env,2.2614312171936035,-1.295504262088798e-06,0.01348935067653656,6.250706974242348e-06,1.0557131417954224e-06,-2.7280966605758294e-06,-3.1415793895721436,-2.46551262534922e-05,3.1401779651641846,-0.20000004768371582,0.0,1.0,0.0,0.0,0.0,9440.2998046875,9440.2998046875,9440.2998046875,9440.2998046875,-3.569078378028371,0.0,0.0,0.0,29.76018214225769,2.0992126911878586,7.251996338367462,65.26764571666718,30.5,1.5,11.0,10.0,300.0,15.0,7.333333333333333,30.0
5.229166666666666,x,gym_env,2.2614316940307617,-1.293022933168686e-06,0.013489339500665665,6.721549652866088e-06,1.0046763918580837e-06,-2.505580823708442e-06,-3.1415793895721436,-2.2983575036050752e-05,3.140169620513916,-0.20000004768371582,0.0,1.0,0.0,0.0,0.0,9440.2998046875,9440.2998046875,9440.2998046875,9440.2998046875,-3.569093697099743,0.0,0.0,0.0,29.74417555332184,2.0981103777885437,7.355526775121689,65.23774608969688,30.5,1.5,11.0,10.0,300.0,15.0,7.333333333333333,30.0
5.25,x,gym_env,2.261432409286499,-1.298291863349732e-06,0.013489355333149433,4.7527122660540044e-05,-1.0923921536232228e-06,2.931801191152772e-06,-3.1415796279907227,-2.5919649488059804e-05,3.1401593685150146,-0.20000004768371582,0.0,1.0,0.0,0.0,0.0,9440.2998046875,9440.2998046875,9440.2998046875,9440.2998046875,-3.569079998284815,0.0,0.0,0.0,29.707601249217987,2.095182925462723,7.371884286403656,65.24342259764671,30.5,1.5,11.0,10.0,300.0,15.0,7.333333333333333,30.0
5.270833333333333,x,gym_env,2.2614328861236572,-1.29441139051778e-06,0.013489346951246262,6.412183211068623e-06,1.0378714705439052e-06,-2.651544946274953e-06,-3.1415793895721436,-2.407612009847071e-05,3.140151023864746,-0.20000004768371582,0.0,1.0,0.0,0.0,0.0,9440.2998046875,9440.2998046875,9440.2998046875,9440.2998046875,-3.569095353926423,0.0,0.0,0.0,29.521345406770706,2.0876688063144684,7.306533992290497,65.20847433805466,30.5,1.5,11.0,10.0,300.0,15.0,7.333333333333333,30.0
5.291666666666666,x,gym_env,2.2614336013793945,-1.2991345101909246e-06,0.013489359989762306,4.732224260806106e-05,-1.0701518249334185e-06,2.83603253592446e-06,-3.1415796279907227,-2.6639287170837633e-05,3.1401407718658447,-0.20000004768371582,0.0,1.0,0.0,0.0,0.0,9440.2998046875,9440.2998046875,9440.2998046875,9440.2998046875,-3.5690816796029594,0.0,0.0,0.0,29.481150567531586,2.084036111831665,7.23711533844471,65.32456076145172,30.5,1.5,11.0,10.0,300.0,15.0,7.333333333333333,30.0
5.3125,x,gym_env,2.2614340782165527,-1.2948954690727987e-06,0.013489349745213985,6.277278771449346e-06,1.0521462172619067e-06,-2.7153489554621046e-06,-3.1415793895721436,-2.455005051160697e-05,3.140132427215576,-0.20000004768371582,0.0,1.0,0.0,0.0,0.0,9440.2998046875,9440.2998046875,9440.2998046875,9440.2998046875,-3.5690967052860287,0.0,0.0,0.0,29.656191676855087,2.0822848975658417,7.363404452800751,65.25667375326157,30.5,1.5,11.0,10.0,300.0,15.0,7.333333333333333,30.0
5.333333333333333,x,gym_env,2.261434555053711,-1.2993800737604033e-06,0.013489361852407455,4.7232333599822596e-05,-1.0603193913993891e-06,2.7946571208303794e-06,-3.1415798664093018,-2.6951294785249047e-05,3.140122175216675,-0.20000004768371582,0.0,1.0,0.0,0.0,0.0,9440.2998046875,9440.2998046875,9440.2998046875,9440.2998046875,-3.569097579931804,0.0,0.0,0.0,29.743310540914536,2.1174110174179077,7.289579063653946,65.18124075233936,30.5,1.5,11.0,10.0,300.0,15.0,7.333333333333333,30.0
5.354166666666666,x,gym_env,2.261435031890869,-1.2966260101165972e-06,0.013489349745213985,4.775585330207832e-05,-1.112907170863764e-06,3.0525723104801727e-06,-3.1415796279907227,-2.5093488147831522e-05,3.1401138305664062,-0.20000004768371582,0.0,1.0,0.0,0.0,0.0,9440.2998046875,9440.2998046875,9440.2998046875,9440.2998046875,-3.5690838537904255,0.0,0.0,0.0,29.755914002656937,2.0912246704101562,7.345224112272263,65.28250795602798,30.5,1.5,11.0,10.0,300.0,15.0,7.333333333333333,30.0
5.375,x,gym_env,2.2614355087280273,-1.2931546962136053e-06,0.013489343225955963,6.562838279933203e-06,1.0209323590970598e-06,-2.5801975880312966e-06,-3.1415793895721436,-2.3531050828751177e-05,3.1401054859161377,-0.20000004768371582,0.0,1.0,0.0,0.0,0.0,9440.2998046875,9440.2998046875,9440.2998046875,9440.2998046875,-3.569099190590168,0.0,0.0,0.0,29.633180171251297,2.101107105612755,7.3127570152282715,65.2792854309082,30.5,1.5,11.0,10.0,300.0,15.0,7.333333333333333,30.0
5.395833333333333,x,gym_env,2.2614362239837646,-1.2981422514712904e-06,0.013489357195794582,4.7419063776033e-05,-1.0803254326674505e-06,2.8847607609350234e-06,-3.1415796279907227,-2.6279425583197735e-05,3.1400952339172363,-0.20000004768371582,0.0,1.0,0.0,0.0,0.0,9440.2998046875,9440.2998046875,9440.2998046875,9440.2998046875,-3.5690855047801735,0.0,0.0,0.0,29.697853952646255,2.0949249118566513,7.32175800204277,65.21460056304932,30.5,1.5,11.0,10.0,300.0,15.0,7.333333333333333,30.0
5.416666666666666,x,gym_env,2.261436700820923,-1.2940804481331725e-06,0.013489347882568836,6.34128127785516e-06,1.0445451152918395e-06,-2.6849249934457475e-06,-3.1415793895721436,-2.4312252207892016e-05,3.1400868892669678,-0.20000004768371582,0.0,1.0,0.0,0.0,0.0,9440.2998046875,9440.2998046875,9440.2998046875,9440.2998046875,-3.5691008676698406,0.0,0.0,0.0,29.78590613603592,2.1135922223329544,7.275124937295914,65.24191385507584,30.5,1.5,11.0,10.0,300.0,15.0,7.333333333333333,30.0
5.4375,x,gym_env,2.26143741607666,-1.2986769206690951e-06,0.01348936092108488,4.7272049414459616e-05,-1.0643298082868569e-06,2.8164049581391737e-06,-3.1415798664093018,-2.6793904908117838e-05,3.1400766372680664,-0.20000004768371582,0.0,1.0,0.0,0.0,0.0,9440.2998046875,9440.2998046875,9440.2998046875,9440.2998046875,-3.569087199442424,0.0,0.0,0.0,29.761040046811104,2.0934852361679077,7.407304257154465,65.17667980492115,30.5,1.5,11.0,10.0,300.0,15.0,7.333333333333333,30.0
5.458333333333333,x,gym_env,2.2614378929138184,-1.2943584124514018e-06,0.013489349745213985,6.244502856134204e-06,1.0547084912104765e-06,-2.730663027250557e-06,-3.1415793895721436,-2.4650993509567343e-05,3.140068292617798,-0.20000004768371582,0.0,1.0,0.0,0.0,0.0,9440.2998046875,9440.2998046875,9440.2998046875,9440.2998046875,-3.569088076789967,0.0,0.0,0.0,29.828711852431297,2.098976209759712,7.362263768911362,65.29434138536453,30.5,1.5,11.0,10.0,300.0,15.0,7.333333333333333,30.0
5.479166666666666,x,gym_env,2.2614383697509766,-1.2913822047266876e-06,0.01348933670669794,6.775741894671228e-06,7.191335953393718e-07,-3.221114866391872e-06,-3.1415791511535645,-2.2631382307736203e-05,3.14005970954895,-0.20000004768371582,0.0,1.0,0.0,0.0,0.0,9440.2998046875,9440.2998046875,9440.2998046875,9440.2998046875,-3.569103050315789,0.0,0.0,0.0,29.80452200770378,2.0968490839004517,7.3104360699653625,65.26380851864815,30.5,1.5,11.0,10.0,300.0,15.0,7.333333333333333,30.0
